{"type": "FeatureCollection", "name": "targets", "crs": {"type": "name", "properties": {"name": "urn:ogc:def:crs:EPSG::32635"}}, "features": [{"type": "Feature", "properties": {"target_id": "T-END-0001", "kind": "row_end_short", "vineyard_id": "V01", "row_id": "V01-R078", "x": 629217.91, "y": 5220731.43, "priority": 2, "reachable": false, "visited": false}, "geometry": {"type": "Point", "coordinates": [629217.91, 5220731.43]}}, {"type": "Feature", "properties": {"target_id": "T-END-0002", "kind": "row_end_short", "vineyard_id": "V01", "row_id": "V01-R078", "x": 629212.77, "y": 5220743.5, "priority": 2, "reachable": false, "visited": false}, "geometry": {"type": "Point", "coordinates": [629212.77, 5220743.5]}}, {"type": "Feature", "properties": {"target_id": "T-END-0003", "kind": "row_end_short", "vineyard_id": "V01", "row_id": "V01-R078", "x": 629207.62, "y": 5220755.57, "priority": 2, "reachable": false, "visited": false}, "geometry": {"type": "Point", "coordinates": [629207.62, 5220755.57]}}, {"type": "Feature", "properties": {"target_id": "T-END-0004", "kind": "row_end_short", "vineyard_id": "V01", "row_id": "V01-R086", "x": 629145.65, "y": 5220870.93, "priority": 2, "reachable": true, "visited": false}, "geometry": {"type": "Point", "coordinates": [629145.65, 5220870.93]}}, {"type": "Feature", "properties": {"target_id": "T-END-0005", "kind": "row_end_short", "vineyard_id": "V01", "row_id": "V01-R109", "x": 629169.18, "y": 5220713.68, "priority": 2, "reachable": false, "visited": false}, "geometry": {"type": "Point", "coordinates": [629169.18, 5220713.68]}}, {"type": "Feature", "properties": {"target_id": "T-END-0006", "kind": "row_end_short", "vineyard_id": "V02", "row_id": "V02-R004", "x": 629106.07, "y": 5220806.35, "priority": 2, "reachable": false, "visited": false}, "geometry": {"type": "Point", "coordinates": [629106.07, 5220806.35]}}, {"type": "Feature", "properties": {"target_id": "T-END-0007", "kind": "row_end_short", "vineyard_id": "V03", "row_id": "V03-R028", "x": 629108.91, "y": 5220678.73, "priority": 2, "reachable": true, "visited": true}, "geometry": {"type": "Point", "coordinates": [629108.91, 5220678.73]}}, {"type": "Feature", "properties": {"target_id": "T-END-0008", "kind": "row_end_short", "vineyard_id": "V03", "row_id": "V03-R028", "x": 629101.39, "y": 5220689.78, "priority": 2, "reachable": true, "visited": true}, "geometry": {"type": "Point", "coordinates": [629101.39, 5220689.78]}}, {"type": "Feature", "properties": {"target_id": "T-END-0009", "kind": "row_end_short", "vineyard_id": "V03", "row_id": "V03-R028", "x": 629086.36, "y": 5220711.88, "priority": 2, "reachable": true, "visited": true}, "geometry": {"type": "Point", "coordinates": [629086.36, 5220711.88]}}, {"type": "Feature", "properties": {"target_id": "T-END-0010", "kind": "row_end_short", "vineyard_id": "V03", "row_id": "V03-R028", "x": 629078.85, "y": 5220722.93, "priority": 2, "reachable": true, "visited": true}, "geometry": {"type": "Point", "coordinates": [629078.85, 5220722.93]}}, {"type": "Feature", "properties": {"target_id": "T-END-0011", "kind": "row_end_short", "vineyard_id": "V03", "row_id": "V03-R028", "x": 629071.33, "y": 5220733.98, "priority": 2, "reachable": true, "visited": true}, "geometry": {"type": "Point", "coordinates": [629071.33, 5220733.98]}}, {"type": "Feature", "properties": {"target_id": "T-END-0012", "kind": "row_end_short", "vineyard_id": "V03", "row_id": "V03-R028", "x": 629063.81, "y": 5220745.03, "priority": 2, "reachable": true, "visited": true}, "geometry": {"type": "Point", "coordinates": [629063.81, 5220745.03]}}, {"type": "Feature", "properties": {"target_id": "T-END-0013", "kind": "row_end_short", "vineyard_id": "V03", "row_id": "V03-R028", "x": 629056.3, "y": 5220756.08, "priority": 2, "reachable": true, "visited": true}, "geometry": {"type": "Point", "coordinates": [629056.3, 5220756.08]}}, {"type": "Feature", "properties": {"target_id": "T-END-0014", "kind": "row_end_short", "vineyard_id": "V03", "row_id": "V03-R052", "x": 629032.53, "y": 5220686.27, "priority": 2, "reachable": false, "visited": false}, "geometry": {"type": "Point", "coordinates": [629032.53, 5220686.27]}}, {"type": "Feature", "properties": {"target_id": "T-END-0015", "kind": "row_end_short", "vineyard_id": "V10", "row_id": "V10-R012", "x": 629212.84, "y": 5220494.25, "priority": 2, "reachable": false, "visited": false}, "geometry": {"type": "Point", "coordinates": [629212.84, 5220494.25]}}, {"type": "Feature", "properties": {"target_id": "T-END-0016", "kind": "row_end_short", "vineyard_id": "V11", "row_id": "V11-R008", "x": 629217.86, "y": 5220468.03, "priority": 2, "reachable": false, "visited": false}, "geometry": {"type": "Point", "coordinates": [629217.86, 5220468.03]}}, {"type": "Feature", "properties": {"target_id": "T-END-0017", "kind": "row_end_short", "vineyard_id": "V13", "row_id": "V13-R056", "x": 629693.12, "y": 5220059.77, "priority": 2, "reachable": false, "visited": false}, "geometry": {"type": "Point", "coordinates": [629693.12, 5220059.77]}}, {"type": "Feature", "properties": {"target_id": "T-END-0018", "kind": "row_end_short", "vineyard_id": "V13", "row_id": "V13-R056", "x": 629684.31, "y": 5220071.43, "priority": 2, "reachable": false, "visited": false}, "geometry": {"type": "Point", "coordinates": [629684.31, 5220071.43]}}, {"type": "Feature", "properties": {"target_id": "T-END-0019", "kind": "row_end_short", "vineyard_id": "V13", "row_id": "V13-R056", "x": 629675.51, "y": 5220083.09, "priority": 2, "reachable": false, "visited": false}, "geometry": {"type": "Point", "coordinates": [629675.51, 5220083.09]}}, {"type": "Feature", "properties": {"target_id": "T-END-0020", "kind": "row_end_short", "vineyard_id": "V13", "row_id": "V13-R056", "x": 629666.7, "y": 5220094.74, "priority": 2, "reachable": false, "visited": false}, "geometry": {"type": "Point", "coordinates": [629666.7, 5220094.74]}}, {"type": "Feature", "properties": {"target_id": "T-END-0021", "kind": "row_end_short", "vineyard_id": "V13", "row_id": "V13-R056", "x": 629657.9, "y": 5220106.4, "priority": 2, "reachable": true, "visited": false}, "geometry": {"type": "Point", "coordinates": [629657.9, 5220106.4]}}, {"type": "Feature", "properties": {"target_id": "T-END-0022", "kind": "row_end_short", "vineyard_id": "V13", "row_id": "V13-R056", "x": 629649.09, "y": 5220118.06, "priority": 2, "reachable": true, "visited": false}, "geometry": {"type": "Point", "coordinates": [629649.09, 5220118.06]}}, {"type": "Feature", "properties": {"target_id": "T-END-0023", "kind": "row_end_short", "vineyard_id": "V13", "row_id": "V13-R056", "x": 629640.29, "y": 5220129.71, "priority": 2, "reachable": true, "visited": true}, "geometry": {"type": "Point", "coordinates": [629640.29, 5220129.71]}}, {"type": "Feature", "properties": {"target_id": "T-END-0024", "kind": "row_end_short", "vineyard_id": "V13", "row_id": "V13-R056", "x": 629631.48, "y": 5220141.37, "priority": 2, "reachable": true, "visited": true}, "geometry": {"type": "Point", "coordinates": [629631.48, 5220141.37]}}, {"type": "Feature", "properties": {"target_id": "T-END-0025", "kind": "row_end_short", "vineyard_id": "V13", "row_id": "V13-R059", "x": 629692.35, "y": 5220047.55, "priority": 2, "reachable": true, "visited": true}, "geometry": {"type": "Point", "coordinates": [629692.35, 5220047.55]}}, {"type": "Feature", "properties": {"target_id": "T-END-0026", "kind": "row_end_short", "vineyard_id": "V13", "row_id": "V13-R063", "x": 629527.04, "y": 5220246.57, "priority": 2, "reachable": true, "visited": true}, "geometry": {"type": "Point", "coordinates": [629527.04, 5220246.57]}}, {"type": "Feature", "properties": {"target_id": "T-END-0027", "kind": "row_end_short", "vineyard_id": "V16", "row_id": "V16-R004", "x": 629813.94, "y": 5220039.78, "priority": 2, "reachable": true, "visited": true}, "geometry": {"type": "Point", "coordinates": [629813.94, 5220039.78]}}, {"type": "Feature", "properties": {"target_id": "T-END-0028", "kind": "row_end_short", "vineyard_id": "V16", "row_id": "V16-R012", "x": 629907.11, "y": 5219897.06, "priority": 2, "reachable": true, "visited": false}, "geometry": {"type": "Point", "coordinates": [629907.11, 5219897.06]}}, {"type": "Feature", "properties": {"target_id": "T-END-0029", "kind": "row_end_short", "vineyard_id": "V16", "row_id": "V16-R012", "x": 629899.43, "y": 5219907.13, "priority": 2, "reachable": false, "visited": false}, "geometry": {"type": "Point", "coordinates": [629899.43, 5219907.13]}}, {"type": "Feature", "properties": {"target_id": "T-END-0030", "kind": "row_end_short", "vineyard_id": "V16", "row_id": "V16-R012", "x": 629891.76, "y": 5219917.21, "priority": 2, "reachable": false, "visited": false}, "geometry": {"type": "Point", "coordinates": [629891.76, 5219917.21]}}, {"type": "Feature", "properties": {"target_id": "T-END-0031", "kind": "row_end_short", "vineyard_id": "V16", "row_id": "V16-R012", "x": 629884.08, "y": 5219927.29, "priority": 2, "reachable": false, "visited": false}, "geometry": {"type": "Point", "coordinates": [629884.08, 5219927.29]}}, {"type": "Feature", "properties": {"target_id": "T-END-0032", "kind": "row_end_short", "vineyard_id": "V16", "row_id": "V16-R012", "x": 629876.4, "y": 5219937.36, "priority": 2, "reachable": false, "visited": false}, "geometry": {"type": "Point", "coordinates": [629876.4, 5219937.36]}}, {"type": "Feature", "properties": {"target_id": "T-END-0033", "kind": "row_end_short", "vineyard_id": "V16", "row_id": "V16-R017", "x": 629980.94, "y": 5219795.04, "priority": 2, "reachable": true, "visited": true}, "geometry": {"type": "Point", "coordinates": [629980.94, 5219795.04]}}, {"type": "Feature", "properties": {"target_id": "T-END-0034", "kind": "row_end_short", "vineyard_id": "V16", "row_id": "V16-R017", "x": 629971.96, "y": 5219807.0, "priority": 2, "reachable": true, "visited": true}, "geometry": {"type": "Point", "coordinates": [629971.96, 5219807.0]}}, {"type": "Feature", "properties": {"target_id": "T-END-0035", "kind": "row_end_short", "vineyard_id": "V16", "row_id": "V16-R017", "x": 629954.01, "y": 5219830.92, "priority": 2, "reachable": true, "visited": true}, "geometry": {"type": "Point", "coordinates": [629954.01, 5219830.92]}}, {"type": "Feature", "properties": {"target_id": "T-END-0036", "kind": "row_end_short", "vineyard_id": "V16", "row_id": "V16-R017", "x": 629945.03, "y": 5219842.89, "priority": 2, "reachable": true, "visited": true}, "geometry": {"type": "Point", "coordinates": [629945.03, 5219842.89]}}, {"type": "Feature", "properties": {"target_id": "T-END-0037", "kind": "row_end_short", "vineyard_id": "V16", "row_id": "V16-R017", "x": 629936.05, "y": 5219854.85, "priority": 2, "reachable": true, "visited": true}, "geometry": {"type": "Point", "coordinates": [629936.05, 5219854.85]}}, {"type": "Feature", "properties": {"target_id": "T-END-0038", "kind": "row_end_short", "vineyard_id": "V16", "row_id": "V16-R017", "x": 629927.07, "y": 5219866.81, "priority": 2, "reachable": true, "visited": true}, "geometry": {"type": "Point", "coordinates": [629927.07, 5219866.81]}}, {"type": "Feature", "properties": {"target_id": "T-END-0039", "kind": "row_end_short", "vineyard_id": "V16", "row_id": "V16-R017", "x": 629918.09, "y": 5219878.77, "priority": 2, "reachable": true, "visited": true}, "geometry": {"type": "Point", "coordinates": [629918.09, 5219878.77]}}, {"type": "Feature", "properties": {"target_id": "T-END-0040", "kind": "row_end_short", "vineyard_id": "V31", "row_id": "V31-R009", "x": 630332.34, "y": 5219443.05, "priority": 2, "reachable": false, "visited": false}, "geometry": {"type": "Point", "coordinates": [630332.34, 5219443.05]}}, {"type": "Feature", "properties": {"target_id": "T-END-0041", "kind": "row_end_short", "vineyard_id": "V41", "row_id": "V41-R006", "x": 630231.62, "y": 5219361.26, "priority": 2, "reachable": false, "visited": false}, "geometry": {"type": "Point", "coordinates": [630231.62, 5219361.26]}}, {"type": "Feature", "properties": {"target_id": "T-END-0042", "kind": "row_end_short", "vineyard_id": "V41", "row_id": "V41-R010", "x": 630250.51, "y": 5219374.0, "priority": 2, "reachable": true, "visited": true}, "geometry": {"type": "Point", "coordinates": [630250.51, 5219374.0]}}, {"type": "Feature", "properties": {"target_id": "T-END-0043", "kind": "row_end_short", "vineyard_id": "V41", "row_id": "V41-R010", "x": 630258.3, "y": 5219386.31, "priority": 2, "reachable": false, "visited": false}, "geometry": {"type": "Point", "coordinates": [630258.3, 5219386.31]}}, {"type": "Feature", "properties": {"target_id": "T-END-0044", "kind": "row_end_short", "vineyard_id": "V41", "row_id": "V41-R010", "x": 630266.09, "y": 5219398.61, "priority": 2, "reachable": false, "visited": false}, "geometry": {"type": "Point", "coordinates": [630266.09, 5219398.61]}}, {"type": "Feature", "properties": {"target_id": "T-END-0045", "kind": "row_end_short", "vineyard_id": "V41", "row_id": "V41-R010", "x": 630273.88, "y": 5219410.92, "priority": 2, "reachable": true, "visited": true}, "geometry": {"type": "Point", "coordinates": [630273.88, 5219410.92]}}, {"type": "Feature", "properties": {"target_id": "T-END-0046", "kind": "row_end_short", "vineyard_id": "V41", "row_id": "V41-R010", "x": 630281.67, "y": 5219423.22, "priority": 2, "reachable": true, "visited": true}, "geometry": {"type": "Point", "coordinates": [630281.67, 5219423.22]}}, {"type": "Feature", "properties": {"target_id": "T-END-0047", "kind": "row_end_short", "vineyard_id": "V41", "row_id": "V41-R039", "x": 630273.48, "y": 5219349.15, "priority": 2, "reachable": true, "visited": false}, "geometry": {"type": "Point", "coordinates": [630273.48, 5219349.15]}}, {"type": "Feature", "properties": {"target_id": "T-END-0048", "kind": "row_end_short", "vineyard_id": "V41", "row_id": "V41-R053", "x": 630286.34, "y": 5219334.19, "priority": 2, "reachable": true, "visited": false}, "geometry": {"type": "Point", "coordinates": [630286.34, 5219334.19]}}, {"type": "Feature", "properties": {"target_id": "T-END-0049", "kind": "row_end_short", "vineyard_id": "V41", "row_id": "V41-R053", "x": 630294.28, "y": 5219346.58, "priority": 2, "reachable": true, "visited": false}, "geometry": {"type": "Point", "coordinates": [630294.28, 5219346.58]}}, {"type": "Feature", "properties": {"target_id": "T-END-0050", "kind": "row_end_short", "vineyard_id": "V41", "row_id": "V41-R053", "x": 630302.21, "y": 5219358.97, "priority": 2, "reachable": true, "visited": false}, "geometry": {"type": "Point", "coordinates": [630302.21, 5219358.97]}}, {"type": "Feature", "properties": {"target_id": "T-END-0051", "kind": "row_end_short", "vineyard_id": "V41", "row_id": "V41-R053", "x": 630310.14, "y": 5219371.36, "priority": 2, "reachable": true, "visited": false}, "geometry": {"type": "Point", "coordinates": [630310.14, 5219371.36]}}, {"type": "Feature", "properties": {"target_id": "T-GAP-0001", "kind": "row_gap", "vineyard_id": "V01", "row_id": "V01-R007", "x": 629238.19, "y": 5220940.47, "priority": 2, "reachable": true, "visited": true}, "geometry": {"type": "Point", "coordinates": [629238.19, 5220940.47]}}, {"type": "Feature", "properties": {"target_id": "T-GAP-0002", "kind": "row_gap", "vineyard_id": "V01", "row_id": "V01-R014", "x": 629236.85, "y": 5220903.95, "priority": 2, "reachable": true, "visited": true}, "geometry": {"type": "Point", "coordinates": [629236.85, 5220903.95]}}, {"type": "Feature", "properties": {"target_id": "T-GAP-0003", "kind": "row_gap", "vineyard_id": "V01", "row_id": "V01-R014", "x": 629226.78, "y": 5220927.87, "priority": 2, "reachable": true, "visited": true}, "geometry": {"type": "Point", "coordinates": [629226.78, 5220927.87]}}, {"type": "Feature", "properties": {"target_id": "T-GAP-0004", "kind": "row_gap", "vineyard_id": "V01", "row_id": "V01-R016", "x": 629230.82, "y": 5220911.62, "priority": 1, "reachable": true, "visited": true}, "geometry": {"type": "Point", "coordinates": [629230.82, 5220911.62]}}, {"type": "Feature", "properties": {"target_id": "T-GAP-0005", "kind": "row_gap", "vineyard_id": "V01", "row_id": "V01-R016", "x": 629223.98, "y": 5220927.72, "priority": 2, "reachable": true, "visited": true}, "geometry": {"type": "Point", "coordinates": [629223.98, 5220927.72]}}, {"type": "Feature", "properties": {"target_id": "T-GAP-0006", "kind": "row_gap", "vineyard_id": "V01", "row_id": "V01-R018", "x": 629244.79, "y": 5220871.9, "priority": 2, "reachable": true, "visited": true}, "geometry": {"type": "Point", "coordinates": [629244.79, 5220871.9]}}, {"type": "Feature", "properties": {"target_id": "T-GAP-0007", "kind": "row_gap", "vineyard_id": "V01", "row_id": "V01-R018", "x": 629235.02, "y": 5220895.0, "priority": 2, "reachable": true, "visited": true}, "geometry": {"type": "Point", "coordinates": [629235.02, 5220895.0]}}, {"type": "Feature", "properties": {"target_id": "T-GAP-0008", "kind": "row_gap", "vineyard_id": "V01", "row_id": "V01-R018", "x": 629229.08, "y": 5220909.04, "priority": 2, "reachable": true, "visited": true}, "geometry": {"type": "Point", "coordinates": [629229.08, 5220909.04]}}, {"type": "Feature", "properties": {"target_id": "T-GAP-0009", "kind": "row_gap", "vineyard_id": "V01", "row_id": "V01-R018", "x": 629225.75, "y": 5220916.91, "priority": 2, "reachable": true, "visited": true}, "geometry": {"type": "Point", "coordinates": [629225.75, 5220916.91]}}, {"type": "Feature", "properties": {"target_id": "T-GAP-0010", "kind": "row_gap", "vineyard_id": "V01", "row_id": "V01-R018", "x": 629220.87, "y": 5220928.45, "priority": 2, "reachable": true, "visited": true}, "geometry": {"type": "Point", "coordinates": [629220.87, 5220928.45]}}, {"type": "Feature", "properties": {"target_id": "T-GAP-0011", "kind": "row_gap", "vineyard_id": "V01", "row_id": "V01-R020", "x": 629241.5, "y": 5220873.42, "priority": 1, "reachable": true, "visited": true}, "geometry": {"type": "Point", "coordinates": [629241.5, 5220873.42]}}, {"type": "Feature", "properties": {"target_id": "T-GAP-0012", "kind": "row_gap", "vineyard_id": "V01", "row_id": "V01-R020", "x": 629233.68, "y": 5220891.82, "priority": 2, "reachable": true, "visited": true}, "geometry": {"type": "Point", "coordinates": [629233.68, 5220891.82]}}, {"type": "Feature", "properties": {"target_id": "T-GAP-0013", "kind": "row_gap", "vineyard_id": "V01", "row_id": "V01-R020", "x": 629229.0, "y": 5220902.85, "priority": 1, "reachable": true, "visited": true}, "geometry": {"type": "Point", "coordinates": [629229.0, 5220902.85]}}, {"type": "Feature", "properties": {"target_id": "T-GAP-0014", "kind": "row_gap", "vineyard_id": "V01", "row_id": "V01-R020", "x": 629223.98, "y": 5220914.67, "priority": 2, "reachable": true, "visited": true}, "geometry": {"type": "Point", "coordinates": [629223.98, 5220914.67]}}, {"type": "Feature", "properties": {"target_id": "T-GAP-0015", "kind": "row_gap", "vineyard_id": "V01", "row_id": "V01-R027", "x": 629212.92, "y": 5220921.38, "priority": 2, "reachable": true, "visited": true}, "geometry": {"type": "Point", "coordinates": [629212.92, 5220921.38]}}, {"type": "Feature", "properties": {"target_id": "T-GAP-0016", "kind": "row_gap", "vineyard_id": "V01", "row_id": "V01-R032", "x": 629262.66, "y": 5220788.04, "priority": 2, "reachable": true, "visited": true}, "geometry": {"type": "Point", "coordinates": [629262.66, 5220788.04]}}, {"type": "Feature", "properties": {"target_id": "T-GAP-0017", "kind": "row_gap", "vineyard_id": "V01", "row_id": "V01-R032", "x": 629207.2, "y": 5220921.65, "priority": 2, "reachable": true, "visited": true}, "geometry": {"type": "Point", "coordinates": [629207.2, 5220921.65]}}, {"type": "Feature", "properties": {"target_id": "T-GAP-0018", "kind": "row_gap", "vineyard_id": "V01", "row_id": "V01-R033", "x": 629218.48, "y": 5220888.42, "priority": 2, "reachable": true, "visited": true}, "geometry": {"type": "Point", "coordinates": [629218.48, 5220888.42]}}, {"type": "Feature", "properties": {"target_id": "T-GAP-0019", "kind": "row_gap", "vineyard_id": "V01", "row_id": "V01-R047", "x": 629224.52, "y": 5220844.39, "priority": 2, "reachable": true, "visited": true}, "geometry": {"type": "Point", "coordinates": [629224.52, 5220844.39]}}, {"type": "Feature", "properties": {"target_id": "T-GAP-0020", "kind": "row_gap", "vineyard_id": "V01", "row_id": "V01-R054", "x": 629211.68, "y": 5220858.91, "priority": 2, "reachable": true, "visited": true}, "geometry": {"type": "Point", "coordinates": [629211.68, 5220858.91]}}, {"type": "Feature", "properties": {"target_id": "T-GAP-0021", "kind": "row_gap", "vineyard_id": "V01", "row_id": "V01-R054", "x": 629192.99, "y": 5220903.94, "priority": 2, "reachable": true, "visited": true}, "geometry": {"type": "Point", "coordinates": [629192.99, 5220903.94]}}, {"type": "Feature", "properties": {"target_id": "T-GAP-0022", "kind": "row_gap", "vineyard_id": "V01", "row_id": "V01-R055", "x": 629205.57, "y": 5220866.77, "priority": 2, "reachable": true, "visited": true}, "geometry": {"type": "Point", "coordinates": [629205.57, 5220866.77]}}, {"type": "Feature", "properties": {"target_id": "T-GAP-0023", "kind": "row_gap", "vineyard_id": "V01", "row_id": "V01-R056", "x": 629232.06, "y": 5220796.09, "priority": 2, "reachable": true, "visited": true}, "geometry": {"type": "Point", "coordinates": [629232.06, 5220796.09]}}, {"type": "Feature", "properties": {"target_id": "T-GAP-0024", "kind": "row_gap", "vineyard_id": "V01", "row_id": "V01-R057", "x": 629249.24, "y": 5220746.43, "priority": 2, "reachable": true, "visited": true}, "geometry": {"type": "Point", "coordinates": [629249.24, 5220746.43]}}, {"type": "Feature", "properties": {"target_id": "T-GAP-0025", "kind": "row_gap", "vineyard_id": "V01", "row_id": "V01-R065", "x": 629234.77, "y": 5220741.39, "priority": 1, "reachable": true, "visited": true}, "geometry": {"type": "Point", "coordinates": [629234.77, 5220741.39]}}, {"type": "Feature", "properties": {"target_id": "T-GAP-0026", "kind": "row_gap", "vineyard_id": "V01", "row_id": "V01-R067", "x": 629231.73, "y": 5220742.35, "priority": 1, "reachable": true, "visited": true}, "geometry": {"type": "Point", "coordinates": [629231.73, 5220742.35]}}, {"type": "Feature", "properties": {"target_id": "T-GAP-0027", "kind": "row_gap", "vineyard_id": "V01", "row_id": "V01-R067", "x": 629219.85, "y": 5220771.69, "priority": 2, "reachable": true, "visited": true}, "geometry": {"type": "Point", "coordinates": [629219.85, 5220771.69]}}, {"type": "Feature", "properties": {"target_id": "T-GAP-0028", "kind": "row_gap", "vineyard_id": "V01", "row_id": "V01-R068", "x": 629231.6, "y": 5220735.95, "priority": 2, "reachable": true, "visited": true}, "geometry": {"type": "Point", "coordinates": [629231.6, 5220735.95]}}, {"type": "Feature", "properties": {"target_id": "T-GAP-0029", "kind": "row_gap", "vineyard_id": "V01", "row_id": "V01-R068", "x": 629192.45, "y": 5220832.27, "priority": 2, "reachable": true, "visited": true}, "geometry": {"type": "Point", "coordinates": [629192.45, 5220832.27]}}, {"type": "Feature", "properties": {"target_id": "T-GAP-0030", "kind": "row_gap", "vineyard_id": "V01", "row_id": "V01-R071", "x": 629216.7, "y": 5220759.18, "priority": 2, "reachable": true, "visited": true}, "geometry": {"type": "Point", "coordinates": [629216.7, 5220759.18]}}, {"type": "Feature", "properties": {"target_id": "T-GAP-0031", "kind": "row_gap", "vineyard_id": "V01", "row_id": "V01-R075", "x": 629214.16, "y": 5220752.36, "priority": 2, "reachable": true, "visited": true}, "geometry": {"type": "Point", "coordinates": [629214.16, 5220752.36]}}, {"type": "Feature", "properties": {"target_id": "T-GAP-0032", "kind": "row_gap", "vineyard_id": "V01", "row_id": "V01-R075", "x": 629203.99, "y": 5220777.13, "priority": 2, "reachable": true, "visited": true}, "geometry": {"type": "Point", "coordinates": [629203.99, 5220777.13]}}, {"type": "Feature", "properties": {"target_id": "T-GAP-0033", "kind": "row_gap", "vineyard_id": "V01", "row_id": "V01-R078", "x": 629187.66, "y": 5220803.35, "priority": 2, "reachable": true, "visited": true}, "geometry": {"type": "Point", "coordinates": [629187.66, 5220803.35]}}, {"type": "Feature", "properties": {"target_id": "T-GAP-0034", "kind": "row_gap", "vineyard_id": "V01", "row_id": "V01-R080", "x": 629156.59, "y": 5220871.46, "priority": 2, "reachable": true, "visited": true}, "geometry": {"type": "Point", "coordinates": [629156.59, 5220871.46]}}, {"type": "Feature", "properties": {"target_id": "T-GAP-0035", "kind": "row_gap", "vineyard_id": "V01", "row_id": "V01-R081", "x": 629183.8, "y": 5220799.22, "priority": 2, "reachable": true, "visited": true}, "geometry": {"type": "Point", "coordinates": [629183.8, 5220799.22]}}, {"type": "Feature", "properties": {"target_id": "T-GAP-0036", "kind": "row_gap", "vineyard_id": "V01", "row_id": "V01-R081", "x": 629177.34, "y": 5220814.93, "priority": 2, "reachable": false, "visited": false}, "geometry": {"type": "Point", "coordinates": [629177.34, 5220814.93]}}, {"type": "Feature", "properties": {"target_id": "T-GAP-0037", "kind": "row_gap", "vineyard_id": "V01", "row_id": "V01-R084", "x": 629152.79, "y": 5220861.12, "priority": 2, "reachable": true, "visited": false}, "geometry": {"type": "Point", "coordinates": [629152.79, 5220861.12]}}, {"type": "Feature", "properties": {"target_id": "T-GAP-0038", "kind": "row_gap", "vineyard_id": "V01", "row_id": "V01-R084", "x": 629149.26, "y": 5220869.47, "priority": 2, "reachable": true, "visited": false}, "geometry": {"type": "Point", "coordinates": [629149.26, 5220869.47]}}, {"type": "Feature", "properties": {"target_id": "T-GAP-0039", "kind": "row_gap", "vineyard_id": "V01", "row_id": "V01-R084", "x": 629146.17, "y": 5220876.47, "priority": 2, "reachable": true, "visited": false}, "geometry": {"type": "Point", "coordinates": [629146.17, 5220876.47]}}, {"type": "Feature", "properties": {"target_id": "T-GAP-0040", "kind": "row_gap", "vineyard_id": "V01", "row_id": "V01-R093", "x": 629143.06, "y": 5220851.84, "priority": 2, "reachable": true, "visited": true}, "geometry": {"type": "Point", "coordinates": [629143.06, 5220851.84]}}, {"type": "Feature", "properties": {"target_id": "T-GAP-0041", "kind": "row_gap", "vineyard_id": "V01", "row_id": "V01-R100", "x": 629139.39, "y": 5220839.95, "priority": 1, "reachable": true, "visited": true}, "geometry": {"type": "Point", "coordinates": [629139.39, 5220839.95]}}, {"type": "Feature", "properties": {"target_id": "T-GAP-0042", "kind": "row_gap", "vineyard_id": "V01", "row_id": "V01-R100", "x": 629128.44, "y": 5220866.47, "priority": 2, "reachable": true, "visited": true}, "geometry": {"type": "Point", "coordinates": [629128.44, 5220866.47]}}, {"type": "Feature", "properties": {"target_id": "T-GAP-0043", "kind": "row_gap", "vineyard_id": "V01", "row_id": "V01-R102", "x": 629178.42, "y": 5220732.41, "priority": 2, "reachable": true, "visited": true}, "geometry": {"type": "Point", "coordinates": [629178.42, 5220732.41]}}, {"type": "Feature", "properties": {"target_id": "T-GAP-0044", "kind": "row_gap", "vineyard_id": "V01", "row_id": "V01-R103", "x": 629133.89, "y": 5220833.5, "priority": 2, "reachable": true, "visited": true}, "geometry": {"type": "Point", "coordinates": [629133.89, 5220833.5]}}, {"type": "Feature", "properties": {"target_id": "T-GAP-0045", "kind": "row_gap", "vineyard_id": "V01", "row_id": "V01-R105", "x": 629133.22, "y": 5220828.53, "priority": 2, "reachable": true, "visited": true}, "geometry": {"type": "Point", "coordinates": [629133.22, 5220828.53]}}, {"type": "Feature", "properties": {"target_id": "T-GAP-0046", "kind": "row_gap", "vineyard_id": "V01", "row_id": "V01-R105", "x": 629125.01, "y": 5220848.42, "priority": 2, "reachable": true, "visited": true}, "geometry": {"type": "Point", "coordinates": [629125.01, 5220848.42]}}, {"type": "Feature", "properties": {"target_id": "T-GAP-0047", "kind": "row_gap", "vineyard_id": "V01", "row_id": "V01-R109", "x": 629139.66, "y": 5220786.28, "priority": 2, "reachable": true, "visited": true}, "geometry": {"type": "Point", "coordinates": [629139.66, 5220786.28]}}, {"type": "Feature", "properties": {"target_id": "T-GAP-0048", "kind": "row_gap", "vineyard_id": "V01", "row_id": "V01-R110", "x": 629130.01, "y": 5220803.32, "priority": 2, "reachable": true, "visited": true}, "geometry": {"type": "Point", "coordinates": [629130.01, 5220803.32]}}, {"type": "Feature", "properties": {"target_id": "T-GAP-0049", "kind": "row_gap", "vineyard_id": "V02", "row_id": "V02-R001", "x": 629125.79, "y": 5220780.54, "priority": 1, "reachable": true, "visited": true}, "geometry": {"type": "Point", "coordinates": [629125.79, 5220780.54]}}, {"type": "Feature", "properties": {"target_id": "T-GAP-0050", "kind": "row_gap", "vineyard_id": "V02", "row_id": "V02-R001", "x": 629121.24, "y": 5220791.55, "priority": 1, "reachable": true, "visited": true}, "geometry": {"type": "Point", "coordinates": [629121.24, 5220791.55]}}, {"type": "Feature", "properties": {"target_id": "T-GAP-0051", "kind": "row_gap", "vineyard_id": "V02", "row_id": "V02-R001", "x": 629116.7, "y": 5220802.57, "priority": 1, "reachable": true, "visited": true}, "geometry": {"type": "Point", "coordinates": [629116.7, 5220802.57]}}, {"type": "Feature", "properties": {"target_id": "T-GAP-0052", "kind": "row_gap", "vineyard_id": "V02", "row_id": "V02-R002", "x": 629124.48, "y": 5220773.66, "priority": 1, "reachable": true, "visited": true}, "geometry": {"type": "Point", "coordinates": [629124.48, 5220773.66]}}, {"type": "Feature", "properties": {"target_id": "T-GAP-0053", "kind": "row_gap", "vineyard_id": "V02", "row_id": "V02-R002", "x": 629118.62, "y": 5220787.84, "priority": 1, "reachable": true, "visited": true}, "geometry": {"type": "Point", "coordinates": [629118.62, 5220787.84]}}, {"type": "Feature", "properties": {"target_id": "T-GAP-0054", "kind": "row_gap", "vineyard_id": "V02", "row_id": "V02-R002", "x": 629113.3, "y": 5220800.69, "priority": 1, "reachable": true, "visited": true}, "geometry": {"type": "Point", "coordinates": [629113.3, 5220800.69]}}, {"type": "Feature", "properties": {"target_id": "T-GAP-0055", "kind": "row_gap", "vineyard_id": "V02", "row_id": "V02-R003", "x": 629119.05, "y": 5220782.47, "priority": 1, "reachable": true, "visited": true}, "geometry": {"type": "Point", "coordinates": [629119.05, 5220782.47]}}, {"type": "Feature", "properties": {"target_id": "T-GAP-0056", "kind": "row_gap", "vineyard_id": "V02", "row_id": "V02-R003", "x": 629111.66, "y": 5220800.49, "priority": 1, "reachable": true, "visited": true}, "geometry": {"type": "Point", "coordinates": [629111.66, 5220800.49]}}, {"type": "Feature", "properties": {"target_id": "T-GAP-0057", "kind": "row_gap", "vineyard_id": "V02", "row_id": "V02-R004", "x": 629117.42, "y": 5220779.2, "priority": 1, "reachable": true, "visited": true}, "geometry": {"type": "Point", "coordinates": [629117.42, 5220779.2]}}, {"type": "Feature", "properties": {"target_id": "T-GAP-0058", "kind": "row_gap", "vineyard_id": "V02", "row_id": "V02-R004", "x": 629111.93, "y": 5220792.34, "priority": 2, "reachable": true, "visited": true}, "geometry": {"type": "Point", "coordinates": [629111.93, 5220792.34]}}, {"type": "Feature", "properties": {"target_id": "T-GAP-0059", "kind": "row_gap", "vineyard_id": "V02", "row_id": "V02-R005", "x": 629115.33, "y": 5220777.65, "priority": 1, "reachable": true, "visited": true}, "geometry": {"type": "Point", "coordinates": [629115.33, 5220777.65]}}, {"type": "Feature", "properties": {"target_id": "T-GAP-0060", "kind": "row_gap", "vineyard_id": "V02", "row_id": "V02-R005", "x": 629109.95, "y": 5220790.53, "priority": 1, "reachable": true, "visited": true}, "geometry": {"type": "Point", "coordinates": [629109.95, 5220790.53]}}, {"type": "Feature", "properties": {"target_id": "T-GAP-0061", "kind": "row_gap", "vineyard_id": "V02", "row_id": "V02-R006", "x": 629115.87, "y": 5220770.72, "priority": 1, "reachable": true, "visited": true}, "geometry": {"type": "Point", "coordinates": [629115.87, 5220770.72]}}, {"type": "Feature", "properties": {"target_id": "T-GAP-0062", "kind": "row_gap", "vineyard_id": "V02", "row_id": "V02-R006", "x": 629109.72, "y": 5220785.55, "priority": 1, "reachable": true, "visited": true}, "geometry": {"type": "Point", "coordinates": [629109.72, 5220785.55]}}, {"type": "Feature", "properties": {"target_id": "T-GAP-0063", "kind": "row_gap", "vineyard_id": "V02", "row_id": "V02-R007", "x": 629109.69, "y": 5220779.9, "priority": 1, "reachable": true, "visited": true}, "geometry": {"type": "Point", "coordinates": [629109.69, 5220779.9]}}, {"type": "Feature", "properties": {"target_id": "T-GAP-0064", "kind": "row_gap", "vineyard_id": "V02", "row_id": "V02-R008", "x": 629108.68, "y": 5220776.45, "priority": 1, "reachable": true, "visited": true}, "geometry": {"type": "Point", "coordinates": [629108.68, 5220776.45]}}, {"type": "Feature", "properties": {"target_id": "T-GAP-0065", "kind": "row_gap", "vineyard_id": "V02", "row_id": "V02-R009", "x": 629108.13, "y": 5220771.99, "priority": 2, "reachable": true, "visited": true}, "geometry": {"type": "Point", "coordinates": [629108.13, 5220771.99]}}, {"type": "Feature", "properties": {"target_id": "T-GAP-0066", "kind": "row_gap", "vineyard_id": "V02", "row_id": "V02-R009", "x": 629102.89, "y": 5220784.65, "priority": 2, "reachable": true, "visited": true}, "geometry": {"type": "Point", "coordinates": [629102.89, 5220784.65]}}, {"type": "Feature", "properties": {"target_id": "T-GAP-0067", "kind": "row_gap", "vineyard_id": "V02", "row_id": "V02-R010", "x": 629104.81, "y": 5220771.37, "priority": 1, "reachable": true, "visited": true}, "geometry": {"type": "Point", "coordinates": [629104.81, 5220771.37]}}, {"type": "Feature", "properties": {"target_id": "T-GAP-0068", "kind": "row_gap", "vineyard_id": "V02", "row_id": "V02-R010", "x": 629099.51, "y": 5220784.22, "priority": 2, "reachable": true, "visited": true}, "geometry": {"type": "Point", "coordinates": [629099.51, 5220784.22]}}, {"type": "Feature", "properties": {"target_id": "T-GAP-0069", "kind": "row_gap", "vineyard_id": "V02", "row_id": "V02-R011", "x": 629099.64, "y": 5220779.15, "priority": 1, "reachable": true, "visited": true}, "geometry": {"type": "Point", "coordinates": [629099.64, 5220779.15]}}, {"type": "Feature", "properties": {"target_id": "T-GAP-0070", "kind": "row_gap", "vineyard_id": "V02", "row_id": "V02-R012", "x": 629101.72, "y": 5220770.08, "priority": 2, "reachable": true, "visited": true}, "geometry": {"type": "Point", "coordinates": [629101.72, 5220770.08]}}, {"type": "Feature", "properties": {"target_id": "T-GAP-0071", "kind": "row_gap", "vineyard_id": "V02", "row_id": "V02-R013", "x": 629098.21, "y": 5220770.53, "priority": 1, "reachable": true, "visited": true}, "geometry": {"type": "Point", "coordinates": [629098.21, 5220770.53]}}, {"type": "Feature", "properties": {"target_id": "T-GAP-0072", "kind": "row_gap", "vineyard_id": "V03", "row_id": "V03-R001", "x": 629138.5, "y": 5220743.75, "priority": 2, "reachable": true, "visited": true}, "geometry": {"type": "Point", "coordinates": [629138.5, 5220743.75]}}, {"type": "Feature", "properties": {"target_id": "T-GAP-0073", "kind": "row_gap", "vineyard_id": "V03", "row_id": "V03-R005", "x": 629154.84, "y": 5220702.66, "priority": 2, "reachable": true, "visited": true}, "geometry": {"type": "Point", "coordinates": [629154.84, 5220702.66]}}, {"type": "Feature", "properties": {"target_id": "T-GAP-0074", "kind": "row_gap", "vineyard_id": "V03", "row_id": "V03-R020", "x": 629110.21, "y": 5220716.59, "priority": 2, "reachable": true, "visited": true}, "geometry": {"type": "Point", "coordinates": [629110.21, 5220716.59]}}, {"type": "Feature", "properties": {"target_id": "T-GAP-0075", "kind": "row_gap", "vineyard_id": "V03", "row_id": "V03-R027", "x": 629103.35, "y": 5220688.63, "priority": 2, "reachable": true, "visited": true}, "geometry": {"type": "Point", "coordinates": [629103.35, 5220688.63]}}, {"type": "Feature", "properties": {"target_id": "T-GAP-0076", "kind": "row_gap", "vineyard_id": "V03", "row_id": "V03-R048", "x": 629042.53, "y": 5220692.21, "priority": 2, "reachable": true, "visited": false}, "geometry": {"type": "Point", "coordinates": [629042.53, 5220692.21]}}, {"type": "Feature", "properties": {"target_id": "T-GAP-0077", "kind": "row_gap", "vineyard_id": "V03", "row_id": "V03-R048", "x": 629037.93, "y": 5220699.33, "priority": 2, "reachable": true, "visited": false}, "geometry": {"type": "Point", "coordinates": [629037.93, 5220699.33]}}, {"type": "Feature", "properties": {"target_id": "T-GAP-0078", "kind": "row_gap", "vineyard_id": "V03", "row_id": "V03-R048", "x": 629021.14, "y": 5220724.97, "priority": 2, "reachable": true, "visited": false}, "geometry": {"type": "Point", "coordinates": [629021.14, 5220724.97]}}, {"type": "Feature", "properties": {"target_id": "T-GAP-0079", "kind": "row_gap", "vineyard_id": "V03", "row_id": "V03-R052", "x": 629010.16, "y": 5220720.02, "priority": 2, "reachable": true, "visited": false}, "geometry": {"type": "Point", "coordinates": [629010.16, 5220720.02]}}, {"type": "Feature", "properties": {"target_id": "T-GAP-0080", "kind": "row_gap", "vineyard_id": "V08", "row_id": "V08-R003", "x": 629488.72, "y": 5220549.58, "priority": 2, "reachable": true, "visited": false}, "geometry": {"type": "Point", "coordinates": [629488.72, 5220549.58]}}, {"type": "Feature", "properties": {"target_id": "T-GAP-0081", "kind": "row_gap", "vineyard_id": "V08", "row_id": "V08-R004", "x": 629487.36, "y": 5220547.2, "priority": 2, "reachable": true, "visited": false}, "geometry": {"type": "Point", "coordinates": [629487.36, 5220547.2]}}, {"type": "Feature", "properties": {"target_id": "T-GAP-0082", "kind": "row_gap", "vineyard_id": "V08", "row_id": "V08-R005", "x": 629475.58, "y": 5220541.85, "priority": 2, "reachable": true, "visited": false}, "geometry": {"type": "Point", "coordinates": [629475.58, 5220541.85]}}, {"type": "Feature", "properties": {"target_id": "T-GAP-0083", "kind": "row_gap", "vineyard_id": "V08", "row_id": "V08-R005", "x": 629482.31, "y": 5220543.53, "priority": 2, "reachable": true, "visited": false}, "geometry": {"type": "Point", "coordinates": [629482.31, 5220543.53]}}, {"type": "Feature", "properties": {"target_id": "T-GAP-0084", "kind": "row_gap", "vineyard_id": "V08", "row_id": "V08-R007", "x": 629479.76, "y": 5220538.86, "priority": 2, "reachable": true, "visited": false}, "geometry": {"type": "Point", "coordinates": [629479.76, 5220538.86]}}, {"type": "Feature", "properties": {"target_id": "T-GAP-0085", "kind": "row_gap", "vineyard_id": "V10", "row_id": "V10-R003", "x": 629191.83, "y": 5220526.71, "priority": 2, "reachable": true, "visited": true}, "geometry": {"type": "Point", "coordinates": [629191.83, 5220526.71]}}, {"type": "Feature", "properties": {"target_id": "T-GAP-0086", "kind": "row_gap", "vineyard_id": "V10", "row_id": "V10-R003", "x": 629164.29, "y": 5220541.6, "priority": 2, "reachable": true, "visited": true}, "geometry": {"type": "Point", "coordinates": [629164.29, 5220541.6]}}, {"type": "Feature", "properties": {"target_id": "T-GAP-0087", "kind": "row_gap", "vineyard_id": "V10", "row_id": "V10-R004", "x": 629216.83, "y": 5220510.62, "priority": 2, "reachable": true, "visited": true}, "geometry": {"type": "Point", "coordinates": [629216.83, 5220510.62]}}, {"type": "Feature", "properties": {"target_id": "T-GAP-0088", "kind": "row_gap", "vineyard_id": "V10", "row_id": "V10-R004", "x": 629182.38, "y": 5220529.25, "priority": 2, "reachable": true, "visited": true}, "geometry": {"type": "Point", "coordinates": [629182.38, 5220529.25]}}, {"type": "Feature", "properties": {"target_id": "T-GAP-0089", "kind": "row_gap", "vineyard_id": "V10", "row_id": "V10-R004", "x": 629172.92, "y": 5220534.37, "priority": 2, "reachable": true, "visited": true}, "geometry": {"type": "Point", "coordinates": [629172.92, 5220534.37]}}, {"type": "Feature", "properties": {"target_id": "T-GAP-0090", "kind": "row_gap", "vineyard_id": "V10", "row_id": "V10-R004", "x": 629167.31, "y": 5220537.4, "priority": 2, "reachable": true, "visited": true}, "geometry": {"type": "Point", "coordinates": [629167.31, 5220537.4]}}, {"type": "Feature", "properties": {"target_id": "T-GAP-0091", "kind": "row_gap", "vineyard_id": "V10", "row_id": "V10-R006", "x": 629168.84, "y": 5220531.23, "priority": 2, "reachable": true, "visited": true}, "geometry": {"type": "Point", "coordinates": [629168.84, 5220531.23]}}, {"type": "Feature", "properties": {"target_id": "T-GAP-0092", "kind": "row_gap", "vineyard_id": "V10", "row_id": "V10-R009", "x": 629222.87, "y": 5220496.58, "priority": 2, "reachable": true, "visited": true}, "geometry": {"type": "Point", "coordinates": [629222.87, 5220496.58]}}, {"type": "Feature", "properties": {"target_id": "T-GAP-0093", "kind": "row_gap", "vineyard_id": "V10", "row_id": "V10-R013", "x": 629214.45, "y": 5220490.81, "priority": 2, "reachable": false, "visited": false}, "geometry": {"type": "Point", "coordinates": [629214.45, 5220490.81]}}, {"type": "Feature", "properties": {"target_id": "T-GAP-0094", "kind": "row_gap", "vineyard_id": "V11", "row_id": "V11-R005", "x": 629220.45, "y": 5220474.31, "priority": 2, "reachable": true, "visited": false}, "geometry": {"type": "Point", "coordinates": [629220.45, 5220474.31]}}, {"type": "Feature", "properties": {"target_id": "T-GAP-0095", "kind": "row_gap", "vineyard_id": "V11", "row_id": "V11-R005", "x": 629211.24, "y": 5220479.31, "priority": 1, "reachable": true, "visited": false}, "geometry": {"type": "Point", "coordinates": [629211.24, 5220479.31]}}, {"type": "Feature", "properties": {"target_id": "T-GAP-0096", "kind": "row_gap", "vineyard_id": "V11", "row_id": "V11-R006", "x": 629214.89, "y": 5220474.81, "priority": 2, "reachable": true, "visited": false}, "geometry": {"type": "Point", "coordinates": [629214.89, 5220474.81]}}, {"type": "Feature", "properties": {"target_id": "T-GAP-0097", "kind": "row_gap", "vineyard_id": "V13", "row_id": "V13-R002", "x": 629703.14, "y": 5220210.67, "priority": 2, "reachable": true, "visited": true}, "geometry": {"type": "Point", "coordinates": [629703.14, 5220210.67]}}, {"type": "Feature", "properties": {"target_id": "T-GAP-0098", "kind": "row_gap", "vineyard_id": "V13", "row_id": "V13-R002", "x": 629696.91, "y": 5220218.82, "priority": 1, "reachable": true, "visited": true}, "geometry": {"type": "Point", "coordinates": [629696.91, 5220218.82]}}, {"type": "Feature", "properties": {"target_id": "T-GAP-0099", "kind": "row_gap", "vineyard_id": "V13", "row_id": "V13-R002", "x": 629688.69, "y": 5220229.57, "priority": 1, "reachable": true, "visited": true}, "geometry": {"type": "Point", "coordinates": [629688.69, 5220229.57]}}, {"type": "Feature", "properties": {"target_id": "T-GAP-0100", "kind": "row_gap", "vineyard_id": "V13", "row_id": "V13-R002", "x": 629680.46, "y": 5220240.33, "priority": 1, "reachable": true, "visited": true}, "geometry": {"type": "Point", "coordinates": [629680.46, 5220240.33]}}, {"type": "Feature", "properties": {"target_id": "T-GAP-0101", "kind": "row_gap", "vineyard_id": "V13", "row_id": "V13-R004", "x": 629667.78, "y": 5220251.68, "priority": 2, "reachable": true, "visited": true}, "geometry": {"type": "Point", "coordinates": [629667.78, 5220251.68]}}, {"type": "Feature", "properties": {"target_id": "T-GAP-0102", "kind": "row_gap", "vineyard_id": "V13", "row_id": "V13-R004", "x": 629663.32, "y": 5220257.44, "priority": 2, "reachable": true, "visited": true}, "geometry": {"type": "Point", "coordinates": [629663.32, 5220257.44]}}, {"type": "Feature", "properties": {"target_id": "T-GAP-0103", "kind": "row_gap", "vineyard_id": "V13", "row_id": "V13-R010", "x": 629720.99, "y": 5220155.3, "priority": 2, "reachable": true, "visited": true}, "geometry": {"type": "Point", "coordinates": [629720.99, 5220155.3]}}, {"type": "Feature", "properties": {"target_id": "T-GAP-0104", "kind": "row_gap", "vineyard_id": "V13", "row_id": "V13-R018", "x": 629729.75, "y": 5220115.77, "priority": 2, "reachable": true, "visited": true}, "geometry": {"type": "Point", "coordinates": [629729.75, 5220115.77]}}, {"type": "Feature", "properties": {"target_id": "T-GAP-0105", "kind": "row_gap", "vineyard_id": "V13", "row_id": "V13-R018", "x": 629725.43, "y": 5220121.4, "priority": 2, "reachable": true, "visited": true}, "geometry": {"type": "Point", "coordinates": [629725.43, 5220121.4]}}, {"type": "Feature", "properties": {"target_id": "T-GAP-0106", "kind": "row_gap", "vineyard_id": "V13", "row_id": "V13-R018", "x": 629680.45, "y": 5220179.93, "priority": 1, "reachable": true, "visited": true}, "geometry": {"type": "Point", "coordinates": [629680.45, 5220179.93]}}, {"type": "Feature", "properties": {"target_id": "T-GAP-0107", "kind": "row_gap", "vineyard_id": "V13", "row_id": "V13-R018", "x": 629673.02, "y": 5220189.6, "priority": 1, "reachable": true, "visited": true}, "geometry": {"type": "Point", "coordinates": [629673.02, 5220189.6]}}, {"type": "Feature", "properties": {"target_id": "T-GAP-0108", "kind": "row_gap", "vineyard_id": "V13", "row_id": "V13-R019", "x": 629721.51, "y": 5220122.37, "priority": 2, "reachable": true, "visited": true}, "geometry": {"type": "Point", "coordinates": [629721.51, 5220122.37]}}, {"type": "Feature", "properties": {"target_id": "T-GAP-0109", "kind": "row_gap", "vineyard_id": "V13", "row_id": "V13-R019", "x": 629703.72, "y": 5220145.56, "priority": 2, "reachable": true, "visited": true}, "geometry": {"type": "Point", "coordinates": [629703.72, 5220145.56]}}, {"type": "Feature", "properties": {"target_id": "T-GAP-0110", "kind": "row_gap", "vineyard_id": "V13", "row_id": "V13-R019", "x": 629693.14, "y": 5220159.24, "priority": 2, "reachable": true, "visited": true}, "geometry": {"type": "Point", "coordinates": [629693.14, 5220159.24]}}, {"type": "Feature", "properties": {"target_id": "T-GAP-0111", "kind": "row_gap", "vineyard_id": "V13", "row_id": "V13-R019", "x": 629680.5, "y": 5220175.73, "priority": 1, "reachable": true, "visited": true}, "geometry": {"type": "Point", "coordinates": [629680.5, 5220175.73]}}, {"type": "Feature", "properties": {"target_id": "T-GAP-0112", "kind": "row_gap", "vineyard_id": "V13", "row_id": "V13-R020", "x": 629678.11, "y": 5220175.27, "priority": 2, "reachable": true, "visited": true}, "geometry": {"type": "Point", "coordinates": [629678.11, 5220175.27]}}, {"type": "Feature", "properties": {"target_id": "T-GAP-0113", "kind": "row_gap", "vineyard_id": "V13", "row_id": "V13-R020", "x": 629659.25, "y": 5220199.89, "priority": 2, "reachable": true, "visited": true}, "geometry": {"type": "Point", "coordinates": [629659.25, 5220199.89]}}, {"type": "Feature", "properties": {"target_id": "T-GAP-0114", "kind": "row_gap", "vineyard_id": "V13", "row_id": "V13-R021", "x": 629725.88, "y": 5220108.74, "priority": 2, "reachable": true, "visited": true}, "geometry": {"type": "Point", "coordinates": [629725.88, 5220108.74]}}, {"type": "Feature", "properties": {"target_id": "T-GAP-0115", "kind": "row_gap", "vineyard_id": "V13", "row_id": "V13-R021", "x": 629673.71, "y": 5220177.28, "priority": 1, "reachable": true, "visited": true}, "geometry": {"type": "Point", "coordinates": [629673.71, 5220177.28]}}, {"type": "Feature", "properties": {"target_id": "T-GAP-0116", "kind": "row_gap", "vineyard_id": "V13", "row_id": "V13-R024", "x": 629721.04, "y": 5220109.54, "priority": 2, "reachable": true, "visited": true}, "geometry": {"type": "Point", "coordinates": [629721.04, 5220109.54]}}, {"type": "Feature", "properties": {"target_id": "T-GAP-0117", "kind": "row_gap", "vineyard_id": "V13", "row_id": "V13-R026", "x": 629657.78, "y": 5220187.4, "priority": 2, "reachable": true, "visited": true}, "geometry": {"type": "Point", "coordinates": [629657.78, 5220187.4]}}, {"type": "Feature", "properties": {"target_id": "T-GAP-0118", "kind": "row_gap", "vineyard_id": "V13", "row_id": "V13-R028", "x": 629684.46, "y": 5220148.46, "priority": 2, "reachable": true, "visited": true}, "geometry": {"type": "Point", "coordinates": [629684.46, 5220148.46]}}, {"type": "Feature", "properties": {"target_id": "T-GAP-0119", "kind": "row_gap", "vineyard_id": "V13", "row_id": "V13-R028", "x": 629614.36, "y": 5220239.69, "priority": 2, "reachable": true, "visited": true}, "geometry": {"type": "Point", "coordinates": [629614.36, 5220239.69]}}, {"type": "Feature", "properties": {"target_id": "T-GAP-0120", "kind": "row_gap", "vineyard_id": "V13", "row_id": "V13-R036", "x": 629679.52, "y": 5220140.87, "priority": 2, "reachable": true, "visited": true}, "geometry": {"type": "Point", "coordinates": [629679.52, 5220140.87]}}, {"type": "Feature", "properties": {"target_id": "T-GAP-0121", "kind": "row_gap", "vineyard_id": "V13", "row_id": "V13-R058", "x": 629694.66, "y": 5220048.52, "priority": 2, "reachable": true, "visited": true}, "geometry": {"type": "Point", "coordinates": [629694.66, 5220048.52]}}, {"type": "Feature", "properties": {"target_id": "T-GAP-0122", "kind": "row_gap", "vineyard_id": "V13", "row_id": "V13-R060", "x": 629573.38, "y": 5220198.65, "priority": 2, "reachable": true, "visited": true}, "geometry": {"type": "Point", "coordinates": [629573.38, 5220198.65]}}, {"type": "Feature", "properties": {"target_id": "T-GAP-0123", "kind": "row_gap", "vineyard_id": "V13", "row_id": "V13-R060", "x": 629559.86, "y": 5220216.49, "priority": 2, "reachable": true, "visited": true}, "geometry": {"type": "Point", "coordinates": [629559.86, 5220216.49]}}, {"type": "Feature", "properties": {"target_id": "T-GAP-0124", "kind": "row_gap", "vineyard_id": "V13", "row_id": "V13-R063", "x": 629619.77, "y": 5220124.53, "priority": 2, "reachable": true, "visited": true}, "geometry": {"type": "Point", "coordinates": [629619.77, 5220124.53]}}, {"type": "Feature", "properties": {"target_id": "T-GAP-0125", "kind": "row_gap", "vineyard_id": "V13", "row_id": "V13-R063", "x": 629538.63, "y": 5220231.15, "priority": 2, "reachable": true, "visited": true}, "geometry": {"type": "Point", "coordinates": [629538.63, 5220231.15]}}, {"type": "Feature", "properties": {"target_id": "T-GAP-0126", "kind": "row_gap", "vineyard_id": "V13", "row_id": "V13-R068", "x": 629530.29, "y": 5220219.2, "priority": 2, "reachable": true, "visited": true}, "geometry": {"type": "Point", "coordinates": [629530.29, 5220219.2]}}, {"type": "Feature", "properties": {"target_id": "T-GAP-0127", "kind": "row_gap", "vineyard_id": "V13", "row_id": "V13-R069", "x": 629553.87, "y": 5220182.93, "priority": 2, "reachable": true, "visited": true}, "geometry": {"type": "Point", "coordinates": [629553.87, 5220182.93]}}, {"type": "Feature", "properties": {"target_id": "T-GAP-0128", "kind": "row_gap", "vineyard_id": "V13", "row_id": "V13-R071", "x": 629516.98, "y": 5220222.41, "priority": 2, "reachable": true, "visited": true}, "geometry": {"type": "Point", "coordinates": [629516.98, 5220222.41]}}, {"type": "Feature", "properties": {"target_id": "T-GAP-0129", "kind": "row_gap", "vineyard_id": "V13", "row_id": "V13-R071", "x": 629509.6, "y": 5220232.2, "priority": 1, "reachable": true, "visited": true}, "geometry": {"type": "Point", "coordinates": [629509.6, 5220232.2]}}, {"type": "Feature", "properties": {"target_id": "T-GAP-0130", "kind": "row_gap", "vineyard_id": "V13", "row_id": "V13-R072", "x": 629627.18, "y": 5220077.71, "priority": 2, "reachable": true, "visited": true}, "geometry": {"type": "Point", "coordinates": [629627.18, 5220077.71]}}, {"type": "Feature", "properties": {"target_id": "T-GAP-0131", "kind": "row_gap", "vineyard_id": "V13", "row_id": "V13-R073", "x": 629540.81, "y": 5220186.83, "priority": 2, "reachable": true, "visited": false}, "geometry": {"type": "Point", "coordinates": [629540.81, 5220186.83]}}, {"type": "Feature", "properties": {"target_id": "T-GAP-0132", "kind": "row_gap", "vineyard_id": "V13", "row_id": "V13-R073", "x": 629517.53, "y": 5220217.5, "priority": 2, "reachable": true, "visited": true}, "geometry": {"type": "Point", "coordinates": [629517.53, 5220217.5]}}, {"type": "Feature", "properties": {"target_id": "T-GAP-0133", "kind": "row_gap", "vineyard_id": "V13", "row_id": "V13-R074", "x": 629507.29, "y": 5220223.25, "priority": 2, "reachable": true, "visited": true}, "geometry": {"type": "Point", "coordinates": [629507.29, 5220223.25]}}, {"type": "Feature", "properties": {"target_id": "T-GAP-0134", "kind": "row_gap", "vineyard_id": "V16", "row_id": "V16-R001", "x": 629848.79, "y": 5220008.74, "priority": 2, "reachable": true, "visited": true}, "geometry": {"type": "Point", "coordinates": [629848.79, 5220008.74]}}, {"type": "Feature", "properties": {"target_id": "T-GAP-0135", "kind": "row_gap", "vineyard_id": "V16", "row_id": "V16-R003", "x": 629880.82, "y": 5219956.71, "priority": 2, "reachable": true, "visited": false}, "geometry": {"type": "Point", "coordinates": [629880.82, 5219956.71]}}, {"type": "Feature", "properties": {"target_id": "T-GAP-0136", "kind": "row_gap", "vineyard_id": "V16", "row_id": "V16-R003", "x": 629872.48, "y": 5219967.61, "priority": 2, "reachable": true, "visited": false}, "geometry": {"type": "Point", "coordinates": [629872.48, 5219967.61]}}, {"type": "Feature", "properties": {"target_id": "T-GAP-0137", "kind": "row_gap", "vineyard_id": "V16", "row_id": "V16-R003", "x": 629858.75, "y": 5219985.46, "priority": 2, "reachable": true, "visited": true}, "geometry": {"type": "Point", "coordinates": [629858.75, 5219985.46]}}, {"type": "Feature", "properties": {"target_id": "T-GAP-0138", "kind": "row_gap", "vineyard_id": "V16", "row_id": "V16-R003", "x": 629850.42, "y": 5219996.15, "priority": 1, "reachable": true, "visited": true}, "geometry": {"type": "Point", "coordinates": [629850.42, 5219996.15]}}, {"type": "Feature", "properties": {"target_id": "T-GAP-0139", "kind": "row_gap", "vineyard_id": "V16", "row_id": "V16-R003", "x": 629817.25, "y": 5220040.02, "priority": 2, "reachable": true, "visited": true}, "geometry": {"type": "Point", "coordinates": [629817.25, 5220040.02]}}, {"type": "Feature", "properties": {"target_id": "T-GAP-0140", "kind": "row_gap", "vineyard_id": "V16", "row_id": "V16-R015", "x": 629994.02, "y": 5219781.38, "priority": 1, "reachable": true, "visited": true}, "geometry": {"type": "Point", "coordinates": [629994.02, 5219781.38]}}, {"type": "Feature", "properties": {"target_id": "T-GAP-0141", "kind": "row_gap", "vineyard_id": "V16", "row_id": "V16-R020", "x": 629893.93, "y": 5219905.33, "priority": 2, "reachable": true, "visited": true}, "geometry": {"type": "Point", "coordinates": [629893.93, 5219905.33]}}, {"type": "Feature", "properties": {"target_id": "T-GAP-0142", "kind": "row_gap", "vineyard_id": "V16", "row_id": "V16-R024", "x": 629857.93, "y": 5219937.36, "priority": 2, "reachable": true, "visited": true}, "geometry": {"type": "Point", "coordinates": [629857.93, 5219937.36]}}, {"type": "Feature", "properties": {"target_id": "T-GAP-0143", "kind": "row_gap", "vineyard_id": "V16", "row_id": "V16-R031", "x": 629837.95, "y": 5219949.48, "priority": 2, "reachable": true, "visited": true}, "geometry": {"type": "Point", "coordinates": [629837.95, 5219949.48]}}, {"type": "Feature", "properties": {"target_id": "T-GAP-0144", "kind": "row_gap", "vineyard_id": "V16", "row_id": "V16-R033", "x": 629983.73, "y": 5219757.97, "priority": 1, "reachable": true, "visited": true}, "geometry": {"type": "Point", "coordinates": [629983.73, 5219757.97]}}, {"type": "Feature", "properties": {"target_id": "T-GAP-0145", "kind": "row_gap", "vineyard_id": "V16", "row_id": "V16-R035", "x": 629983.44, "y": 5219754.46, "priority": 2, "reachable": true, "visited": true}, "geometry": {"type": "Point", "coordinates": [629983.44, 5219754.46]}}, {"type": "Feature", "properties": {"target_id": "T-GAP-0146", "kind": "row_gap", "vineyard_id": "V16", "row_id": "V16-R035", "x": 629977.11, "y": 5219762.53, "priority": 1, "reachable": true, "visited": true}, "geometry": {"type": "Point", "coordinates": [629977.11, 5219762.53]}}, {"type": "Feature", "properties": {"target_id": "T-GAP-0147", "kind": "row_gap", "vineyard_id": "V16", "row_id": "V16-R035", "x": 629968.6, "y": 5219773.36, "priority": 1, "reachable": true, "visited": true}, "geometry": {"type": "Point", "coordinates": [629968.6, 5219773.36]}}, {"type": "Feature", "properties": {"target_id": "T-GAP-0148", "kind": "row_gap", "vineyard_id": "V16", "row_id": "V16-R035", "x": 629955.79, "y": 5219789.66, "priority": 1, "reachable": false, "visited": false}, "geometry": {"type": "Point", "coordinates": [629955.79, 5219789.66]}}, {"type": "Feature", "properties": {"target_id": "T-GAP-0149", "kind": "row_gap", "vineyard_id": "V16", "row_id": "V16-R036", "x": 629988.86, "y": 5219743.01, "priority": 2, "reachable": true, "visited": true}, "geometry": {"type": "Point", "coordinates": [629988.86, 5219743.01]}}, {"type": "Feature", "properties": {"target_id": "T-GAP-0150", "kind": "row_gap", "vineyard_id": "V16", "row_id": "V16-R036", "x": 629977.49, "y": 5219757.74, "priority": 2, "reachable": true, "visited": true}, "geometry": {"type": "Point", "coordinates": [629977.49, 5219757.74]}}, {"type": "Feature", "properties": {"target_id": "T-GAP-0151", "kind": "row_gap", "vineyard_id": "V16", "row_id": "V16-R039", "x": 629977.59, "y": 5219753.33, "priority": 1, "reachable": true, "visited": true}, "geometry": {"type": "Point", "coordinates": [629977.59, 5219753.33]}}, {"type": "Feature", "properties": {"target_id": "T-GAP-0152", "kind": "row_gap", "vineyard_id": "V16", "row_id": "V16-R040", "x": 629900.5, "y": 5219852.43, "priority": 1, "reachable": true, "visited": true}, "geometry": {"type": "Point", "coordinates": [629900.5, 5219852.43]}}, {"type": "Feature", "properties": {"target_id": "T-GAP-0153", "kind": "row_gap", "vineyard_id": "V16", "row_id": "V16-R040", "x": 629894.07, "y": 5219860.49, "priority": 1, "reachable": true, "visited": true}, "geometry": {"type": "Point", "coordinates": [629894.07, 5219860.49]}}, {"type": "Feature", "properties": {"target_id": "T-GAP-0154", "kind": "row_gap", "vineyard_id": "V16", "row_id": "V16-R041", "x": 629888.92, "y": 5219863.26, "priority": 2, "reachable": true, "visited": true}, "geometry": {"type": "Point", "coordinates": [629888.92, 5219863.26]}}, {"type": "Feature", "properties": {"target_id": "T-GAP-0155", "kind": "row_gap", "vineyard_id": "V16", "row_id": "V16-R041", "x": 629880.97, "y": 5219873.19, "priority": 2, "reachable": false, "visited": false}, "geometry": {"type": "Point", "coordinates": [629880.97, 5219873.19]}}, {"type": "Feature", "properties": {"target_id": "T-GAP-0156", "kind": "row_gap", "vineyard_id": "V16", "row_id": "V16-R044", "x": 629934.84, "y": 5219800.6, "priority": 1, "reachable": true, "visited": true}, "geometry": {"type": "Point", "coordinates": [629934.84, 5219800.6]}}, {"type": "Feature", "properties": {"target_id": "T-GAP-0157", "kind": "row_gap", "vineyard_id": "V16", "row_id": "V16-R044", "x": 629915.33, "y": 5219826.35, "priority": 2, "reachable": true, "visited": true}, "geometry": {"type": "Point", "coordinates": [629915.33, 5219826.35]}}, {"type": "Feature", "properties": {"target_id": "T-GAP-0158", "kind": "row_gap", "vineyard_id": "V17", "row_id": "V17-R005", "x": 630287.2, "y": 5219712.89, "priority": 2, "reachable": false, "visited": false}, "geometry": {"type": "Point", "coordinates": [630287.2, 5219712.89]}}, {"type": "Feature", "properties": {"target_id": "T-GAP-0159", "kind": "row_gap", "vineyard_id": "V20", "row_id": "V20-R004", "x": 629974.12, "y": 5219692.41, "priority": 2, "reachable": true, "visited": true}, "geometry": {"type": "Point", "coordinates": [629974.12, 5219692.41]}}, {"type": "Feature", "properties": {"target_id": "T-GAP-0160", "kind": "row_gap", "vineyard_id": "V20", "row_id": "V20-R005", "x": 629950.45, "y": 5219666.09, "priority": 2, "reachable": true, "visited": true}, "geometry": {"type": "Point", "coordinates": [629950.45, 5219666.09]}}, {"type": "Feature", "properties": {"target_id": "T-GAP-0161", "kind": "row_gap", "vineyard_id": "V24", "row_id": "V24-R006", "x": 630010.29, "y": 5219633.83, "priority": 2, "reachable": true, "visited": true}, "geometry": {"type": "Point", "coordinates": [630010.29, 5219633.83]}}, {"type": "Feature", "properties": {"target_id": "T-GAP-0162", "kind": "row_gap", "vineyard_id": "V25", "row_id": "V25-R002", "x": 629895.92, "y": 5219612.58, "priority": 2, "reachable": true, "visited": false}, "geometry": {"type": "Point", "coordinates": [629895.92, 5219612.58]}}, {"type": "Feature", "properties": {"target_id": "T-GAP-0163", "kind": "row_gap", "vineyard_id": "V25", "row_id": "V25-R004", "x": 629909.32, "y": 5219620.49, "priority": 2, "reachable": true, "visited": false}, "geometry": {"type": "Point", "coordinates": [629909.32, 5219620.49]}}, {"type": "Feature", "properties": {"target_id": "T-GAP-0164", "kind": "row_gap", "vineyard_id": "V27", "row_id": "V27-R007", "x": 630094.87, "y": 5219565.91, "priority": 2, "reachable": true, "visited": true}, "geometry": {"type": "Point", "coordinates": [630094.87, 5219565.91]}}, {"type": "Feature", "properties": {"target_id": "T-GAP-0165", "kind": "row_gap", "vineyard_id": "V28", "row_id": "V28-R021", "x": 630135.41, "y": 5219520.0, "priority": 2, "reachable": true, "visited": true}, "geometry": {"type": "Point", "coordinates": [630135.41, 5219520.0]}}, {"type": "Feature", "properties": {"target_id": "T-GAP-0166", "kind": "row_gap", "vineyard_id": "V30", "row_id": "V30-R002", "x": 630152.86, "y": 5219497.18, "priority": 2, "reachable": true, "visited": false}, "geometry": {"type": "Point", "coordinates": [630152.86, 5219497.18]}}, {"type": "Feature", "properties": {"target_id": "T-GAP-0167", "kind": "row_gap", "vineyard_id": "V31", "row_id": "V31-R002", "x": 630344.31, "y": 5219452.46, "priority": 2, "reachable": false, "visited": false}, "geometry": {"type": "Point", "coordinates": [630344.31, 5219452.46]}}, {"type": "Feature", "properties": {"target_id": "T-GAP-0168", "kind": "row_gap", "vineyard_id": "V31", "row_id": "V31-R006", "x": 630336.63, "y": 5219448.37, "priority": 2, "reachable": true, "visited": false}, "geometry": {"type": "Point", "coordinates": [630336.63, 5219448.37]}}, {"type": "Feature", "properties": {"target_id": "T-GAP-0169", "kind": "row_gap", "vineyard_id": "V31", "row_id": "V31-R008", "x": 630332.34, "y": 5219448.05, "priority": 2, "reachable": true, "visited": false}, "geometry": {"type": "Point", "coordinates": [630332.34, 5219448.05]}}, {"type": "Feature", "properties": {"target_id": "T-GAP-0170", "kind": "row_gap", "vineyard_id": "V31", "row_id": "V31-R010", "x": 630327.91, "y": 5219444.31, "priority": 2, "reachable": true, "visited": false}, "geometry": {"type": "Point", "coordinates": [630327.91, 5219444.31]}}, {"type": "Feature", "properties": {"target_id": "T-GAP-0171", "kind": "row_gap", "vineyard_id": "V35", "row_id": "V35-R002", "x": 630109.28, "y": 5219396.12, "priority": 2, "reachable": true, "visited": false}, "geometry": {"type": "Point", "coordinates": [630109.28, 5219396.12]}}, {"type": "Feature", "properties": {"target_id": "T-GAP-0172", "kind": "row_gap", "vineyard_id": "V35", "row_id": "V35-R003", "x": 630127.55, "y": 5219416.23, "priority": 2, "reachable": true, "visited": false}, "geometry": {"type": "Point", "coordinates": [630127.55, 5219416.23]}}, {"type": "Feature", "properties": {"target_id": "T-GAP-0173", "kind": "row_gap", "vineyard_id": "V35", "row_id": "V35-R005", "x": 630135.78, "y": 5219422.51, "priority": 2, "reachable": true, "visited": false}, "geometry": {"type": "Point", "coordinates": [630135.78, 5219422.51]}}, {"type": "Feature", "properties": {"target_id": "T-GAP-0174", "kind": "row_gap", "vineyard_id": "V36", "row_id": "V36-R003", "x": 630142.76, "y": 5219398.85, "priority": 2, "reachable": true, "visited": false}, "geometry": {"type": "Point", "coordinates": [630142.76, 5219398.85]}}, {"type": "Feature", "properties": {"target_id": "T-GAP-0175", "kind": "row_gap", "vineyard_id": "V37", "row_id": "V37-R006", "x": 630364.82, "y": 5219396.23, "priority": 2, "reachable": true, "visited": false}, "geometry": {"type": "Point", "coordinates": [630364.82, 5219396.23]}}, {"type": "Feature", "properties": {"target_id": "T-GAP-0176", "kind": "row_gap", "vineyard_id": "V37", "row_id": "V37-R006", "x": 630350.84, "y": 5219412.48, "priority": 1, "reachable": true, "visited": false}, "geometry": {"type": "Point", "coordinates": [630350.84, 5219412.48]}}, {"type": "Feature", "properties": {"target_id": "T-GAP-0177", "kind": "row_gap", "vineyard_id": "V37", "row_id": "V37-R008", "x": 630341.06, "y": 5219415.53, "priority": 2, "reachable": true, "visited": false}, "geometry": {"type": "Point", "coordinates": [630341.06, 5219415.53]}}, {"type": "Feature", "properties": {"target_id": "T-GAP-0178", "kind": "row_gap", "vineyard_id": "V37", "row_id": "V37-R015", "x": 630327.93, "y": 5219395.12, "priority": 2, "reachable": true, "visited": false}, "geometry": {"type": "Point", "coordinates": [630327.93, 5219395.12]}}, {"type": "Feature", "properties": {"target_id": "T-GAP-0179", "kind": "row_gap", "vineyard_id": "V37", "row_id": "V37-R016", "x": 630332.64, "y": 5219385.76, "priority": 2, "reachable": true, "visited": false}, "geometry": {"type": "Point", "coordinates": [630332.64, 5219385.76]}}, {"type": "Feature", "properties": {"target_id": "T-GAP-0180", "kind": "row_gap", "vineyard_id": "V37", "row_id": "V37-R016", "x": 630328.24, "y": 5219391.13, "priority": 2, "reachable": true, "visited": false}, "geometry": {"type": "Point", "coordinates": [630328.24, 5219391.13]}}, {"type": "Feature", "properties": {"target_id": "T-GAP-0181", "kind": "row_gap", "vineyard_id": "V38", "row_id": "V38-R007", "x": 630158.43, "y": 5219390.52, "priority": 2, "reachable": true, "visited": false}, "geometry": {"type": "Point", "coordinates": [630158.43, 5219390.52]}}, {"type": "Feature", "properties": {"target_id": "T-GAP-0182", "kind": "row_gap", "vineyard_id": "V39", "row_id": "V39-R001", "x": 630160.29, "y": 5219384.35, "priority": 2, "reachable": true, "visited": false}, "geometry": {"type": "Point", "coordinates": [630160.29, 5219384.35]}}, {"type": "Feature", "properties": {"target_id": "T-GAP-0183", "kind": "row_gap", "vineyard_id": "V40", "row_id": "V40-R002", "x": 630361.37, "y": 5219347.14, "priority": 2, "reachable": true, "visited": false}, "geometry": {"type": "Point", "coordinates": [630361.37, 5219347.14]}}, {"type": "Feature", "properties": {"target_id": "T-GAP-0184", "kind": "row_gap", "vineyard_id": "V40", "row_id": "V40-R004", "x": 630371.06, "y": 5219352.04, "priority": 2, "reachable": true, "visited": false}, "geometry": {"type": "Point", "coordinates": [630371.06, 5219352.04]}}, {"type": "Feature", "properties": {"target_id": "T-GAP-0185", "kind": "row_gap", "vineyard_id": "V41", "row_id": "V41-R003", "x": 630215.65, "y": 5219351.03, "priority": 2, "reachable": true, "visited": false}, "geometry": {"type": "Point", "coordinates": [630215.65, 5219351.03]}}, {"type": "Feature", "properties": {"target_id": "T-GAP-0186", "kind": "row_gap", "vineyard_id": "V41", "row_id": "V41-R005", "x": 630228.56, "y": 5219361.83, "priority": 2, "reachable": false, "visited": false}, "geometry": {"type": "Point", "coordinates": [630228.56, 5219361.83]}}, {"type": "Feature", "properties": {"target_id": "T-GAP-0187", "kind": "row_gap", "vineyard_id": "V41", "row_id": "V41-R007", "x": 630228.86, "y": 5219351.21, "priority": 1, "reachable": true, "visited": false}, "geometry": {"type": "Point", "coordinates": [630228.86, 5219351.21]}}, {"type": "Feature", "properties": {"target_id": "T-GAP-0188", "kind": "row_gap", "vineyard_id": "V41", "row_id": "V41-R007", "x": 630236.08, "y": 5219362.7, "priority": 1, "reachable": true, "visited": false}, "geometry": {"type": "Point", "coordinates": [630236.08, 5219362.7]}}, {"type": "Feature", "properties": {"target_id": "T-GAP-0189", "kind": "row_gap", "vineyard_id": "V41", "row_id": "V41-R009", "x": 630233.78, "y": 5219353.21, "priority": 1, "reachable": true, "visited": false}, "geometry": {"type": "Point", "coordinates": [630233.78, 5219353.21]}}, {"type": "Feature", "properties": {"target_id": "T-GAP-0190", "kind": "row_gap", "vineyard_id": "V41", "row_id": "V41-R009", "x": 630239.4, "y": 5219362.33, "priority": 1, "reachable": true, "visited": false}, "geometry": {"type": "Point", "coordinates": [630239.4, 5219362.33]}}, {"type": "Feature", "properties": {"target_id": "T-GAP-0191", "kind": "row_gap", "vineyard_id": "V41", "row_id": "V41-R011", "x": 630285.94, "y": 5219424.93, "priority": 1, "reachable": true, "visited": true}, "geometry": {"type": "Point", "coordinates": [630285.94, 5219424.93]}}, {"type": "Feature", "properties": {"target_id": "T-GAP-0192", "kind": "row_gap", "vineyard_id": "V41", "row_id": "V41-R018", "x": 630229.35, "y": 5219324.33, "priority": 2, "reachable": true, "visited": false}, "geometry": {"type": "Point", "coordinates": [630229.35, 5219324.33]}}, {"type": "Feature", "properties": {"target_id": "T-GAP-0193", "kind": "row_gap", "vineyard_id": "V41", "row_id": "V41-R018", "x": 630249.53, "y": 5219355.68, "priority": 2, "reachable": true, "visited": false}, "geometry": {"type": "Point", "coordinates": [630249.53, 5219355.68]}}, {"type": "Feature", "properties": {"target_id": "T-GAP-0194", "kind": "row_gap", "vineyard_id": "V41", "row_id": "V41-R020", "x": 630227.74, "y": 5219316.96, "priority": 1, "reachable": true, "visited": false}, "geometry": {"type": "Point", "coordinates": [630227.74, 5219316.96]}}, {"type": "Feature", "properties": {"target_id": "T-GAP-0195", "kind": "row_gap", "vineyard_id": "V41", "row_id": "V41-R020", "x": 630233.17, "y": 5219325.4, "priority": 1, "reachable": true, "visited": false}, "geometry": {"type": "Point", "coordinates": [630233.17, 5219325.4]}}, {"type": "Feature", "properties": {"target_id": "T-GAP-0196", "kind": "row_gap", "vineyard_id": "V41", "row_id": "V41-R022", "x": 630226.94, "y": 5219310.77, "priority": 2, "reachable": true, "visited": false}, "geometry": {"type": "Point", "coordinates": [630226.94, 5219310.77]}}, {"type": "Feature", "properties": {"target_id": "T-GAP-0197", "kind": "row_gap", "vineyard_id": "V41", "row_id": "V41-R022", "x": 630233.31, "y": 5219320.71, "priority": 2, "reachable": true, "visited": false}, "geometry": {"type": "Point", "coordinates": [630233.31, 5219320.71]}}, {"type": "Feature", "properties": {"target_id": "T-GAP-0198", "kind": "row_gap", "vineyard_id": "V41", "row_id": "V41-R024", "x": 630230.02, "y": 5219311.07, "priority": 1, "reachable": true, "visited": false}, "geometry": {"type": "Point", "coordinates": [630230.02, 5219311.07]}}, {"type": "Feature", "properties": {"target_id": "T-GAP-0199", "kind": "row_gap", "vineyard_id": "V41", "row_id": "V41-R024", "x": 630237.86, "y": 5219323.23, "priority": 2, "reachable": true, "visited": false}, "geometry": {"type": "Point", "coordinates": [630237.86, 5219323.23]}}, {"type": "Feature", "properties": {"target_id": "T-GAP-0200", "kind": "row_gap", "vineyard_id": "V41", "row_id": "V41-R026", "x": 630231.08, "y": 5219308.01, "priority": 2, "reachable": true, "visited": false}, "geometry": {"type": "Point", "coordinates": [630231.08, 5219308.01]}}, {"type": "Feature", "properties": {"target_id": "T-GAP-0201", "kind": "row_gap", "vineyard_id": "V41", "row_id": "V41-R026", "x": 630234.81, "y": 5219313.82, "priority": 2, "reachable": true, "visited": false}, "geometry": {"type": "Point", "coordinates": [630234.81, 5219313.82]}}, {"type": "Feature", "properties": {"target_id": "T-GAP-0202", "kind": "row_gap", "vineyard_id": "V41", "row_id": "V41-R028", "x": 630226.13, "y": 5219295.75, "priority": 1, "reachable": true, "visited": false}, "geometry": {"type": "Point", "coordinates": [630226.13, 5219295.75]}}, {"type": "Feature", "properties": {"target_id": "T-GAP-0203", "kind": "row_gap", "vineyard_id": "V41", "row_id": "V41-R028", "x": 630232.69, "y": 5219305.94, "priority": 1, "reachable": true, "visited": false}, "geometry": {"type": "Point", "coordinates": [630232.69, 5219305.94]}}, {"type": "Feature", "properties": {"target_id": "T-GAP-0204", "kind": "row_gap", "vineyard_id": "V41", "row_id": "V41-R028", "x": 630239.24, "y": 5219316.12, "priority": 1, "reachable": true, "visited": false}, "geometry": {"type": "Point", "coordinates": [630239.24, 5219316.12]}}, {"type": "Feature", "properties": {"target_id": "T-GAP-0205", "kind": "row_gap", "vineyard_id": "V41", "row_id": "V41-R031", "x": 630230.14, "y": 5219297.09, "priority": 2, "reachable": true, "visited": false}, "geometry": {"type": "Point", "coordinates": [630230.14, 5219297.09]}}, {"type": "Feature", "properties": {"target_id": "T-GAP-0206", "kind": "row_gap", "vineyard_id": "V41", "row_id": "V41-R031", "x": 630237.06, "y": 5219307.88, "priority": 1, "reachable": true, "visited": false}, "geometry": {"type": "Point", "coordinates": [630237.06, 5219307.88]}}, {"type": "Feature", "properties": {"target_id": "T-GAP-0207", "kind": "row_gap", "vineyard_id": "V41", "row_id": "V41-R031", "x": 630254.87, "y": 5219335.62, "priority": 2, "reachable": true, "visited": false}, "geometry": {"type": "Point", "coordinates": [630254.87, 5219335.62]}}, {"type": "Feature", "properties": {"target_id": "T-GAP-0208", "kind": "row_gap", "vineyard_id": "V41", "row_id": "V41-R037", "x": 630255.39, "y": 5219326.29, "priority": 1, "reachable": true, "visited": false}, "geometry": {"type": "Point", "coordinates": [630255.39, 5219326.29]}}, {"type": "Feature", "properties": {"target_id": "T-GAP-0209", "kind": "row_gap", "vineyard_id": "V41", "row_id": "V41-R040", "x": 630231.34, "y": 5219283.76, "priority": 2, "reachable": true, "visited": false}, "geometry": {"type": "Point", "coordinates": [630231.34, 5219283.76]}}, {"type": "Feature", "properties": {"target_id": "T-GAP-0210", "kind": "row_gap", "vineyard_id": "V41", "row_id": "V41-R040", "x": 630236.9, "y": 5219292.46, "priority": 1, "reachable": true, "visited": false}, "geometry": {"type": "Point", "coordinates": [630236.9, 5219292.46]}}, {"type": "Feature", "properties": {"target_id": "T-GAP-0211", "kind": "row_gap", "vineyard_id": "V41", "row_id": "V41-R040", "x": 630251.43, "y": 5219315.22, "priority": 2, "reachable": true, "visited": false}, "geometry": {"type": "Point", "coordinates": [630251.43, 5219315.22]}}, {"type": "Feature", "properties": {"target_id": "T-GAP-0212", "kind": "row_gap", "vineyard_id": "V41", "row_id": "V41-R041", "x": 630296.73, "y": 5219382.36, "priority": 2, "reachable": true, "visited": false}, "geometry": {"type": "Point", "coordinates": [630296.73, 5219382.36]}}, {"type": "Feature", "properties": {"target_id": "T-GAP-0213", "kind": "row_gap", "vineyard_id": "V41", "row_id": "V41-R058", "x": 630324.53, "y": 5219379.5, "priority": 2, "reachable": true, "visited": false}, "geometry": {"type": "Point", "coordinates": [630324.53, 5219379.5]}}, {"type": "Feature", "properties": {"target_id": "T-GAP-0214", "kind": "row_gap", "vineyard_id": "V41", "row_id": "V41-R060", "x": 630313.28, "y": 5219356.68, "priority": 2, "reachable": true, "visited": false}, "geometry": {"type": "Point", "coordinates": [630313.28, 5219356.68]}}, {"type": "Feature", "properties": {"target_id": "T-GAP-0215", "kind": "row_gap", "vineyard_id": "V41", "row_id": "V41-R060", "x": 630325.5, "y": 5219376.3, "priority": 2, "reachable": true, "visited": false}, "geometry": {"type": "Point", "coordinates": [630325.5, 5219376.3]}}, {"type": "Feature", "properties": {"target_id": "T-GAP-0216", "kind": "row_gap", "vineyard_id": "V41", "row_id": "V41-R061", "x": 630321.62, "y": 5219365.84, "priority": 2, "reachable": true, "visited": false}, "geometry": {"type": "Point", "coordinates": [630321.62, 5219365.84]}}, {"type": "Feature", "properties": {"target_id": "T-GAP-0217", "kind": "row_gap", "vineyard_id": "V41", "row_id": "V41-R062", "x": 630306.41, "y": 5219336.69, "priority": 2, "reachable": true, "visited": false}, "geometry": {"type": "Point", "coordinates": [630306.41, 5219336.69]}}, {"type": "Feature", "properties": {"target_id": "T-GAP-0218", "kind": "row_gap", "vineyard_id": "V44", "row_id": "V44-R007", "x": 630200.67, "y": 5219268.64, "priority": 2, "reachable": true, "visited": false}, "geometry": {"type": "Point", "coordinates": [630200.67, 5219268.64]}}, {"type": "Feature", "properties": {"target_id": "T-GAP-0219", "kind": "row_gap", "vineyard_id": "V44", "row_id": "V44-R007", "x": 630176.45, "y": 5219287.52, "priority": 2, "reachable": true, "visited": false}, "geometry": {"type": "Point", "coordinates": [630176.45, 5219287.52]}}, {"type": "Feature", "properties": {"target_id": "T-GAP-0220", "kind": "row_gap", "vineyard_id": "V44", "row_id": "V44-R008", "x": 630211.19, "y": 5219257.01, "priority": 2, "reachable": true, "visited": false}, "geometry": {"type": "Point", "coordinates": [630211.19, 5219257.01]}}, {"type": "Feature", "properties": {"target_id": "T-GAP-0221", "kind": "row_gap", "vineyard_id": "V44", "row_id": "V44-R008", "x": 630200.57, "y": 5219265.31, "priority": 2, "reachable": true, "visited": false}, "geometry": {"type": "Point", "coordinates": [630200.57, 5219265.31]}}, {"type": "Feature", "properties": {"target_id": "T-GAP-0222", "kind": "row_gap", "vineyard_id": "V44", "row_id": "V44-R008", "x": 630175.61, "y": 5219284.81, "priority": 2, "reachable": true, "visited": false}, "geometry": {"type": "Point", "coordinates": [630175.61, 5219284.81]}}, {"type": "Feature", "properties": {"target_id": "T-GAP-0223", "kind": "row_gap", "vineyard_id": "V44", "row_id": "V44-R009", "x": 630207.32, "y": 5219256.41, "priority": 2, "reachable": true, "visited": false}, "geometry": {"type": "Point", "coordinates": [630207.32, 5219256.41]}}, {"type": "Feature", "properties": {"target_id": "T-GAP-0224", "kind": "row_gap", "vineyard_id": "V44", "row_id": "V44-R015", "x": 630185.42, "y": 5219256.14, "priority": 2, "reachable": true, "visited": false}, "geometry": {"type": "Point", "coordinates": [630185.42, 5219256.14]}}, {"type": "Feature", "properties": {"target_id": "T-GAP-0225", "kind": "row_gap", "vineyard_id": "V44", "row_id": "V44-R020", "x": 630203.42, "y": 5219228.13, "priority": 2, "reachable": true, "visited": false}, "geometry": {"type": "Point", "coordinates": [630203.42, 5219228.13]}}, {"type": "Feature", "properties": {"target_id": "T-GAP-0226", "kind": "row_gap", "vineyard_id": "V44", "row_id": "V44-R022", "x": 630172.3, "y": 5219248.9, "priority": 2, "reachable": true, "visited": false}, "geometry": {"type": "Point", "coordinates": [630172.3, 5219248.9]}}, {"type": "Feature", "properties": {"target_id": "T-GAP-0227", "kind": "row_gap", "vineyard_id": "V44", "row_id": "V44-R025", "x": 630197.65, "y": 5219222.02, "priority": 2, "reachable": true, "visited": false}, "geometry": {"type": "Point", "coordinates": [630197.65, 5219222.02]}}, {"type": "Feature", "properties": {"target_id": "T-GAP-0228", "kind": "row_gap", "vineyard_id": "V44", "row_id": "V44-R026", "x": 630184.6, "y": 5219231.89, "priority": 1, "reachable": true, "visited": false}, "geometry": {"type": "Point", "coordinates": [630184.6, 5219231.89]}}, {"type": "Feature", "properties": {"target_id": "T-MRW-0001", "kind": "missing_row", "vineyard_id": "V01", "row_id": null, "x": 629111.16, "y": 5220819.53, "priority": 2, "reachable": true, "visited": true}, "geometry": {"type": "Point", "coordinates": [629111.16, 5220819.53]}}, {"type": "Feature", "properties": {"target_id": "T-MRW-0002", "kind": "missing_row", "vineyard_id": "V01", "row_id": null, "x": 629106.55, "y": 5220830.56, "priority": 2, "reachable": true, "visited": true}, "geometry": {"type": "Point", "coordinates": [629106.55, 5220830.56]}}, {"type": "Feature", "properties": {"target_id": "T-MRW-0003", "kind": "missing_row", "vineyard_id": "V01", "row_id": null, "x": 629101.94, "y": 5220841.59, "priority": 2, "reachable": true, "visited": true}, "geometry": {"type": "Point", "coordinates": [629101.94, 5220841.59]}}, {"type": "Feature", "properties": {"target_id": "T-MRW-0004", "kind": "missing_row", "vineyard_id": "V16", "row_id": null, "x": 629858.92, "y": 5219990.36, "priority": 2, "reachable": true, "visited": true}, "geometry": {"type": "Point", "coordinates": [629858.92, 5219990.36]}}, {"type": "Feature", "properties": {"target_id": "T-MRW-0005", "kind": "missing_row", "vineyard_id": "V37", "row_id": null, "x": 630346.44, "y": 5219386.18, "priority": 2, "reachable": true, "visited": false}, "geometry": {"type": "Point", "coordinates": [630346.44, 5219386.18]}}, {"type": "Feature", "properties": {"target_id": "T-MRW-0006", "kind": "missing_row", "vineyard_id": "V37", "row_id": null, "x": 630338.16, "y": 5219395.68, "priority": 2, "reachable": true, "visited": false}, "geometry": {"type": "Point", "coordinates": [630338.16, 5219395.68]}}, {"type": "Feature", "properties": {"target_id": "T-MRW-0007", "kind": "missing_row", "vineyard_id": "V37", "row_id": null, "x": 630329.87, "y": 5219405.17, "priority": 2, "reachable": true, "visited": false}, "geometry": {"type": "Point", "coordinates": [630329.87, 5219405.17]}}, {"type": "Feature", "properties": {"target_id": "T-MSP-0001", "kind": "missing_plant", "vineyard_id": "V01", "row_id": "V01-R005", "x": 629242.04, "y": 5220943.56, "priority": 3, "reachable": true, "visited": true}, "geometry": {"type": "Point", "coordinates": [629242.04, 5220943.56]}}, {"type": "Feature", "properties": {"target_id": "T-MSP-0002", "kind": "missing_plant", "vineyard_id": "V01", "row_id": "V01-R007", "x": 629241.3, "y": 5220932.95, "priority": 3, "reachable": true, "visited": true}, "geometry": {"type": "Point", "coordinates": [629241.3, 5220932.95]}}, {"type": "Feature", "properties": {"target_id": "T-MSP-0003", "kind": "missing_plant", "vineyard_id": "V01", "row_id": "V01-R010", "x": 629241.36, "y": 5220913.35, "priority": 3, "reachable": true, "visited": true}, "geometry": {"type": "Point", "coordinates": [629241.36, 5220913.35]}}, {"type": "Feature", "properties": {"target_id": "T-MSP-0004", "kind": "missing_plant", "vineyard_id": "V01", "row_id": "V01-R011", "x": 629227.92, "y": 5220937.9, "priority": 3, "reachable": true, "visited": true}, "geometry": {"type": "Point", "coordinates": [629227.92, 5220937.9]}}, {"type": "Feature", "properties": {"target_id": "T-MSP-0005", "kind": "missing_plant", "vineyard_id": "V01", "row_id": "V01-R012", "x": 629231.51, "y": 5220923.01, "priority": 3, "reachable": true, "visited": true}, "geometry": {"type": "Point", "coordinates": [629231.51, 5220923.01]}}, {"type": "Feature", "properties": {"target_id": "T-MSP-0006", "kind": "missing_plant", "vineyard_id": "V01", "row_id": "V01-R014", "x": 629242.63, "y": 5220890.22, "priority": 3, "reachable": true, "visited": true}, "geometry": {"type": "Point", "coordinates": [629242.63, 5220890.22]}}, {"type": "Feature", "properties": {"target_id": "T-MSP-0007", "kind": "missing_plant", "vineyard_id": "V01", "row_id": "V01-R014", "x": 629239.09, "y": 5220898.63, "priority": 3, "reachable": true, "visited": true}, "geometry": {"type": "Point", "coordinates": [629239.09, 5220898.63]}}, {"type": "Feature", "properties": {"target_id": "T-MSP-0008", "kind": "missing_plant", "vineyard_id": "V01", "row_id": "V01-R014", "x": 629231.6, "y": 5220916.42, "priority": 3, "reachable": true, "visited": true}, "geometry": {"type": "Point", "coordinates": [629231.6, 5220916.42]}}, {"type": "Feature", "properties": {"target_id": "T-MSP-0009", "kind": "missing_plant", "vineyard_id": "V01", "row_id": "V01-R016", "x": 629241.77, "y": 5220885.82, "priority": 3, "reachable": true, "visited": true}, "geometry": {"type": "Point", "coordinates": [629241.77, 5220885.82]}}, {"type": "Feature", "properties": {"target_id": "T-MSP-0010", "kind": "missing_plant", "vineyard_id": "V01", "row_id": "V01-R016", "x": 629237.39, "y": 5220896.13, "priority": 3, "reachable": true, "visited": true}, "geometry": {"type": "Point", "coordinates": [629237.39, 5220896.13]}}, {"type": "Feature", "properties": {"target_id": "T-MSP-0011", "kind": "missing_plant", "vineyard_id": "V01", "row_id": "V01-R016", "x": 629226.75, "y": 5220921.19, "priority": 3, "reachable": true, "visited": false}, "geometry": {"type": "Point", "coordinates": [629226.75, 5220921.19]}}, {"type": "Feature", "properties": {"target_id": "T-MSP-0012", "kind": "missing_plant", "vineyard_id": "V01", "row_id": "V01-R018", "x": 629242.59, "y": 5220877.09, "priority": 3, "reachable": true, "visited": true}, "geometry": {"type": "Point", "coordinates": [629242.59, 5220877.09]}}, {"type": "Feature", "properties": {"target_id": "T-MSP-0013", "kind": "missing_plant", "vineyard_id": "V01", "row_id": "V01-R018", "x": 629241.21, "y": 5220880.35, "priority": 3, "reachable": true, "visited": true}, "geometry": {"type": "Point", "coordinates": [629241.21, 5220880.35]}}, {"type": "Feature", "properties": {"target_id": "T-MSP-0014", "kind": "missing_plant", "vineyard_id": "V01", "row_id": "V01-R018", "x": 629239.52, "y": 5220884.34, "priority": 3, "reachable": true, "visited": true}, "geometry": {"type": "Point", "coordinates": [629239.52, 5220884.34]}}, {"type": "Feature", "properties": {"target_id": "T-MSP-0015", "kind": "missing_plant", "vineyard_id": "V01", "row_id": "V01-R018", "x": 629237.68, "y": 5220888.71, "priority": 3, "reachable": true, "visited": true}, "geometry": {"type": "Point", "coordinates": [629237.68, 5220888.71]}}, {"type": "Feature", "properties": {"target_id": "T-MSP-0016", "kind": "missing_plant", "vineyard_id": "V01", "row_id": "V01-R018", "x": 629232.16, "y": 5220901.75, "priority": 3, "reachable": true, "visited": true}, "geometry": {"type": "Point", "coordinates": [629232.16, 5220901.75]}}, {"type": "Feature", "properties": {"target_id": "T-MSP-0017", "kind": "missing_plant", "vineyard_id": "V01", "row_id": "V01-R018", "x": 629222.98, "y": 5220923.48, "priority": 3, "reachable": true, "visited": true}, "geometry": {"type": "Point", "coordinates": [629222.98, 5220923.48]}}, {"type": "Feature", "properties": {"target_id": "T-MSP-0018", "kind": "missing_plant", "vineyard_id": "V01", "row_id": "V01-R020", "x": 629237.48, "y": 5220882.88, "priority": 3, "reachable": true, "visited": true}, "geometry": {"type": "Point", "coordinates": [629237.48, 5220882.88]}}, {"type": "Feature", "properties": {"target_id": "T-MSP-0019", "kind": "missing_plant", "vineyard_id": "V01", "row_id": "V01-R020", "x": 629236.01, "y": 5220886.35, "priority": 3, "reachable": true, "visited": true}, "geometry": {"type": "Point", "coordinates": [629236.01, 5220886.35]}}, {"type": "Feature", "properties": {"target_id": "T-MSP-0020", "kind": "missing_plant", "vineyard_id": "V01", "row_id": "V01-R021", "x": 629268.99, "y": 5220805.43, "priority": 3, "reachable": true, "visited": true}, "geometry": {"type": "Point", "coordinates": [629268.99, 5220805.43]}}, {"type": "Feature", "properties": {"target_id": "T-MSP-0021", "kind": "missing_plant", "vineyard_id": "V01", "row_id": "V01-R026", "x": 629277.69, "y": 5220771.15, "priority": 3, "reachable": true, "visited": true}, "geometry": {"type": "Point", "coordinates": [629277.69, 5220771.15]}}, {"type": "Feature", "properties": {"target_id": "T-MSP-0022", "kind": "missing_plant", "vineyard_id": "V01", "row_id": "V01-R026", "x": 629275.88, "y": 5220775.61, "priority": 3, "reachable": true, "visited": true}, "geometry": {"type": "Point", "coordinates": [629275.88, 5220775.61]}}, {"type": "Feature", "properties": {"target_id": "T-MSP-0023", "kind": "missing_plant", "vineyard_id": "V01", "row_id": "V01-R027", "x": 629228.12, "y": 5220885.06, "priority": 3, "reachable": true, "visited": true}, "geometry": {"type": "Point", "coordinates": [629228.12, 5220885.06]}}, {"type": "Feature", "properties": {"target_id": "T-MSP-0024", "kind": "missing_plant", "vineyard_id": "V01", "row_id": "V01-R030", "x": 629239.62, "y": 5220851.19, "priority": 3, "reachable": true, "visited": true}, "geometry": {"type": "Point", "coordinates": [629239.62, 5220851.19]}}, {"type": "Feature", "properties": {"target_id": "T-MSP-0025", "kind": "missing_plant", "vineyard_id": "V01", "row_id": "V01-R030", "x": 629232.42, "y": 5220868.5, "priority": 3, "reachable": true, "visited": true}, "geometry": {"type": "Point", "coordinates": [629232.42, 5220868.5]}}, {"type": "Feature", "properties": {"target_id": "T-MSP-0026", "kind": "missing_plant", "vineyard_id": "V01", "row_id": "V01-R030", "x": 629230.38, "y": 5220873.33, "priority": 3, "reachable": true, "visited": true}, "geometry": {"type": "Point", "coordinates": [629230.38, 5220873.33]}}, {"type": "Feature", "properties": {"target_id": "T-MSP-0027", "kind": "missing_plant", "vineyard_id": "V01", "row_id": "V01-R030", "x": 629208.86, "y": 5220924.31, "priority": 3, "reachable": true, "visited": true}, "geometry": {"type": "Point", "coordinates": [629208.86, 5220924.31]}}, {"type": "Feature", "properties": {"target_id": "T-MSP-0028", "kind": "missing_plant", "vineyard_id": "V01", "row_id": "V01-R031", "x": 629272.38, "y": 5220771.16, "priority": 3, "reachable": true, "visited": true}, "geometry": {"type": "Point", "coordinates": [629272.38, 5220771.16]}}, {"type": "Feature", "properties": {"target_id": "T-MSP-0029", "kind": "missing_plant", "vineyard_id": "V01", "row_id": "V01-R031", "x": 629265.44, "y": 5220788.16, "priority": 3, "reachable": true, "visited": true}, "geometry": {"type": "Point", "coordinates": [629265.44, 5220788.16]}}, {"type": "Feature", "properties": {"target_id": "T-MSP-0030", "kind": "missing_plant", "vineyard_id": "V01", "row_id": "V01-R032", "x": 629268.86, "y": 5220772.86, "priority": 3, "reachable": true, "visited": true}, "geometry": {"type": "Point", "coordinates": [629268.86, 5220772.86]}}, {"type": "Feature", "properties": {"target_id": "T-MSP-0031", "kind": "missing_plant", "vineyard_id": "V01", "row_id": "V01-R032", "x": 629265.93, "y": 5220780.02, "priority": 3, "reachable": true, "visited": true}, "geometry": {"type": "Point", "coordinates": [629265.93, 5220780.02]}}, {"type": "Feature", "properties": {"target_id": "T-MSP-0032", "kind": "missing_plant", "vineyard_id": "V01", "row_id": "V01-R032", "x": 629255.52, "y": 5220805.54, "priority": 3, "reachable": true, "visited": true}, "geometry": {"type": "Point", "coordinates": [629255.52, 5220805.54]}}, {"type": "Feature", "properties": {"target_id": "T-MSP-0033", "kind": "missing_plant", "vineyard_id": "V01", "row_id": "V01-R032", "x": 629225.82, "y": 5220877.6, "priority": 3, "reachable": true, "visited": true}, "geometry": {"type": "Point", "coordinates": [629225.82, 5220877.6]}}, {"type": "Feature", "properties": {"target_id": "T-MSP-0034", "kind": "missing_plant", "vineyard_id": "V01", "row_id": "V01-R032", "x": 629220.64, "y": 5220889.89, "priority": 3, "reachable": true, "visited": true}, "geometry": {"type": "Point", "coordinates": [629220.64, 5220889.89]}}, {"type": "Feature", "properties": {"target_id": "T-MSP-0035", "kind": "missing_plant", "vineyard_id": "V01", "row_id": "V01-R032", "x": 629212.47, "y": 5220909.3, "priority": 3, "reachable": true, "visited": true}, "geometry": {"type": "Point", "coordinates": [629212.47, 5220909.3]}}, {"type": "Feature", "properties": {"target_id": "T-MSP-0036", "kind": "missing_plant", "vineyard_id": "V01", "row_id": "V01-R033", "x": 629264.17, "y": 5220777.1, "priority": 3, "reachable": true, "visited": true}, "geometry": {"type": "Point", "coordinates": [629264.17, 5220777.1]}}, {"type": "Feature", "properties": {"target_id": "T-MSP-0037", "kind": "missing_plant", "vineyard_id": "V01", "row_id": "V01-R033", "x": 629257.88, "y": 5220792.59, "priority": 3, "reachable": true, "visited": true}, "geometry": {"type": "Point", "coordinates": [629257.88, 5220792.59]}}, {"type": "Feature", "properties": {"target_id": "T-MSP-0038", "kind": "missing_plant", "vineyard_id": "V01", "row_id": "V01-R033", "x": 629255.99, "y": 5220797.25, "priority": 3, "reachable": true, "visited": true}, "geometry": {"type": "Point", "coordinates": [629255.99, 5220797.25]}}, {"type": "Feature", "properties": {"target_id": "T-MSP-0039", "kind": "missing_plant", "vineyard_id": "V01", "row_id": "V01-R033", "x": 629236.76, "y": 5220844.69, "priority": 3, "reachable": true, "visited": true}, "geometry": {"type": "Point", "coordinates": [629236.76, 5220844.69]}}, {"type": "Feature", "properties": {"target_id": "T-MSP-0040", "kind": "missing_plant", "vineyard_id": "V01", "row_id": "V01-R033", "x": 629225.97, "y": 5220870.91, "priority": 3, "reachable": true, "visited": true}, "geometry": {"type": "Point", "coordinates": [629225.97, 5220870.91]}}, {"type": "Feature", "properties": {"target_id": "T-MSP-0041", "kind": "missing_plant", "vineyard_id": "V01", "row_id": "V01-R033", "x": 629222.56, "y": 5220878.88, "priority": 3, "reachable": true, "visited": true}, "geometry": {"type": "Point", "coordinates": [629222.56, 5220878.88]}}, {"type": "Feature", "properties": {"target_id": "T-MSP-0042", "kind": "missing_plant", "vineyard_id": "V01", "row_id": "V01-R035", "x": 629252.47, "y": 5220799.45, "priority": 3, "reachable": true, "visited": false}, "geometry": {"type": "Point", "coordinates": [629252.47, 5220799.45]}}, {"type": "Feature", "properties": {"target_id": "T-MSP-0043", "kind": "missing_plant", "vineyard_id": "V01", "row_id": "V01-R042", "x": 629254.68, "y": 5220782.94, "priority": 3, "reachable": true, "visited": true}, "geometry": {"type": "Point", "coordinates": [629254.68, 5220782.94]}}, {"type": "Feature", "properties": {"target_id": "T-MSP-0044", "kind": "missing_plant", "vineyard_id": "V01", "row_id": "V01-R049", "x": 629254.87, "y": 5220768.67, "priority": 3, "reachable": true, "visited": false}, "geometry": {"type": "Point", "coordinates": [629254.87, 5220768.67]}}, {"type": "Feature", "properties": {"target_id": "T-MSP-0045", "kind": "missing_plant", "vineyard_id": "V01", "row_id": "V01-R050", "x": 629212.84, "y": 5220869.07, "priority": 3, "reachable": true, "visited": true}, "geometry": {"type": "Point", "coordinates": [629212.84, 5220869.07]}}, {"type": "Feature", "properties": {"target_id": "T-MSP-0046", "kind": "missing_plant", "vineyard_id": "V01", "row_id": "V01-R050", "x": 629204.93, "y": 5220887.69, "priority": 3, "reachable": true, "visited": true}, "geometry": {"type": "Point", "coordinates": [629204.93, 5220887.69]}}, {"type": "Feature", "properties": {"target_id": "T-MSP-0047", "kind": "missing_plant", "vineyard_id": "V01", "row_id": "V01-R051", "x": 629240.02, "y": 5220797.98, "priority": 3, "reachable": true, "visited": false}, "geometry": {"type": "Point", "coordinates": [629240.02, 5220797.98]}}, {"type": "Feature", "properties": {"target_id": "T-MSP-0048", "kind": "missing_plant", "vineyard_id": "V01", "row_id": "V01-R052", "x": 629250.43, "y": 5220773.13, "priority": 3, "reachable": true, "visited": false}, "geometry": {"type": "Point", "coordinates": [629250.43, 5220773.13]}}, {"type": "Feature", "properties": {"target_id": "T-MSP-0049", "kind": "missing_plant", "vineyard_id": "V01", "row_id": "V01-R053", "x": 629221.87, "y": 5220840.91, "priority": 3, "reachable": true, "visited": true}, "geometry": {"type": "Point", "coordinates": [629221.87, 5220840.91]}}, {"type": "Feature", "properties": {"target_id": "T-MSP-0050", "kind": "missing_plant", "vineyard_id": "V01", "row_id": "V01-R053", "x": 629214.55, "y": 5220858.67, "priority": 3, "reachable": true, "visited": true}, "geometry": {"type": "Point", "coordinates": [629214.55, 5220858.67]}}, {"type": "Feature", "properties": {"target_id": "T-MSP-0051", "kind": "missing_plant", "vineyard_id": "V01", "row_id": "V01-R053", "x": 629212.96, "y": 5220862.54, "priority": 3, "reachable": true, "visited": true}, "geometry": {"type": "Point", "coordinates": [629212.96, 5220862.54]}}, {"type": "Feature", "properties": {"target_id": "T-MSP-0052", "kind": "missing_plant", "vineyard_id": "V01", "row_id": "V01-R053", "x": 629193.53, "y": 5220908.28, "priority": 3, "reachable": true, "visited": true}, "geometry": {"type": "Point", "coordinates": [629193.53, 5220908.28]}}, {"type": "Feature", "properties": {"target_id": "T-MSP-0053", "kind": "missing_plant", "vineyard_id": "V01", "row_id": "V01-R054", "x": 629237.44, "y": 5220796.12, "priority": 3, "reachable": true, "visited": true}, "geometry": {"type": "Point", "coordinates": [629237.44, 5220796.12]}}, {"type": "Feature", "properties": {"target_id": "T-MSP-0054", "kind": "missing_plant", "vineyard_id": "V01", "row_id": "V01-R055", "x": 629251.12, "y": 5220755.78, "priority": 3, "reachable": true, "visited": true}, "geometry": {"type": "Point", "coordinates": [629251.12, 5220755.78]}}, {"type": "Feature", "properties": {"target_id": "T-MSP-0055", "kind": "missing_plant", "vineyard_id": "V01", "row_id": "V01-R055", "x": 629244.7, "y": 5220771.66, "priority": 3, "reachable": true, "visited": true}, "geometry": {"type": "Point", "coordinates": [629244.7, 5220771.66]}}, {"type": "Feature", "properties": {"target_id": "T-MSP-0056", "kind": "missing_plant", "vineyard_id": "V01", "row_id": "V01-R055", "x": 629208.12, "y": 5220860.75, "priority": 3, "reachable": true, "visited": true}, "geometry": {"type": "Point", "coordinates": [629208.12, 5220860.75]}}, {"type": "Feature", "properties": {"target_id": "T-MSP-0057", "kind": "missing_plant", "vineyard_id": "V01", "row_id": "V01-R055", "x": 629201.97, "y": 5220875.32, "priority": 3, "reachable": true, "visited": true}, "geometry": {"type": "Point", "coordinates": [629201.97, 5220875.32]}}, {"type": "Feature", "properties": {"target_id": "T-MSP-0058", "kind": "missing_plant", "vineyard_id": "V01", "row_id": "V01-R055", "x": 629189.99, "y": 5220903.99, "priority": 3, "reachable": true, "visited": true}, "geometry": {"type": "Point", "coordinates": [629189.99, 5220903.99]}}, {"type": "Feature", "properties": {"target_id": "T-MSP-0059", "kind": "missing_plant", "vineyard_id": "V01", "row_id": "V01-R055", "x": 629186.83, "y": 5220911.64, "priority": 3, "reachable": true, "visited": true}, "geometry": {"type": "Point", "coordinates": [629186.83, 5220911.64]}}, {"type": "Feature", "properties": {"target_id": "T-MSP-0060", "kind": "missing_plant", "vineyard_id": "V01", "row_id": "V01-R056", "x": 629251.7, "y": 5220746.97, "priority": 3, "reachable": true, "visited": true}, "geometry": {"type": "Point", "coordinates": [629251.7, 5220746.97]}}, {"type": "Feature", "properties": {"target_id": "T-MSP-0061", "kind": "missing_plant", "vineyard_id": "V01", "row_id": "V01-R056", "x": 629214.28, "y": 5220839.18, "priority": 3, "reachable": true, "visited": true}, "geometry": {"type": "Point", "coordinates": [629214.28, 5220839.18]}}, {"type": "Feature", "properties": {"target_id": "T-MSP-0062", "kind": "missing_plant", "vineyard_id": "V01", "row_id": "V01-R057", "x": 629246.28, "y": 5220753.93, "priority": 3, "reachable": true, "visited": true}, "geometry": {"type": "Point", "coordinates": [629246.28, 5220753.93]}}, {"type": "Feature", "properties": {"target_id": "T-MSP-0063", "kind": "missing_plant", "vineyard_id": "V01", "row_id": "V01-R057", "x": 629244.05, "y": 5220759.58, "priority": 3, "reachable": true, "visited": true}, "geometry": {"type": "Point", "coordinates": [629244.05, 5220759.58]}}, {"type": "Feature", "properties": {"target_id": "T-MSP-0064", "kind": "missing_plant", "vineyard_id": "V01", "row_id": "V01-R057", "x": 629237.44, "y": 5220775.96, "priority": 3, "reachable": true, "visited": false}, "geometry": {"type": "Point", "coordinates": [629237.44, 5220775.96]}}, {"type": "Feature", "properties": {"target_id": "T-MSP-0065", "kind": "missing_plant", "vineyard_id": "V01", "row_id": "V01-R057", "x": 629217.62, "y": 5220824.51, "priority": 3, "reachable": true, "visited": false}, "geometry": {"type": "Point", "coordinates": [629217.62, 5220824.51]}}, {"type": "Feature", "properties": {"target_id": "T-MSP-0066", "kind": "missing_plant", "vineyard_id": "V01", "row_id": "V01-R057", "x": 629211.08, "y": 5220840.53, "priority": 3, "reachable": true, "visited": false}, "geometry": {"type": "Point", "coordinates": [629211.08, 5220840.53]}}, {"type": "Feature", "properties": {"target_id": "T-MSP-0067", "kind": "missing_plant", "vineyard_id": "V01", "row_id": "V01-R058", "x": 629243.75, "y": 5220753.51, "priority": 3, "reachable": true, "visited": true}, "geometry": {"type": "Point", "coordinates": [629243.75, 5220753.51]}}, {"type": "Feature", "properties": {"target_id": "T-MSP-0068", "kind": "missing_plant", "vineyard_id": "V01", "row_id": "V01-R058", "x": 629240.73, "y": 5220761.16, "priority": 3, "reachable": true, "visited": true}, "geometry": {"type": "Point", "coordinates": [629240.73, 5220761.16]}}, {"type": "Feature", "properties": {"target_id": "T-MSP-0069", "kind": "missing_plant", "vineyard_id": "V01", "row_id": "V01-R060", "x": 629241.71, "y": 5220751.5, "priority": 3, "reachable": true, "visited": true}, "geometry": {"type": "Point", "coordinates": [629241.71, 5220751.5]}}, {"type": "Feature", "properties": {"target_id": "T-MSP-0070", "kind": "missing_plant", "vineyard_id": "V01", "row_id": "V01-R060", "x": 629216.58, "y": 5220813.66, "priority": 3, "reachable": true, "visited": true}, "geometry": {"type": "Point", "coordinates": [629216.58, 5220813.66]}}, {"type": "Feature", "properties": {"target_id": "T-MSP-0071", "kind": "missing_plant", "vineyard_id": "V01", "row_id": "V01-R061", "x": 629238.96, "y": 5220751.28, "priority": 3, "reachable": true, "visited": true}, "geometry": {"type": "Point", "coordinates": [629238.96, 5220751.28]}}, {"type": "Feature", "properties": {"target_id": "T-MSP-0072", "kind": "missing_plant", "vineyard_id": "V01", "row_id": "V01-R061", "x": 629236.37, "y": 5220757.7, "priority": 3, "reachable": true, "visited": true}, "geometry": {"type": "Point", "coordinates": [629236.37, 5220757.7]}}, {"type": "Feature", "properties": {"target_id": "T-MSP-0073", "kind": "missing_plant", "vineyard_id": "V01", "row_id": "V01-R061", "x": 629230.24, "y": 5220772.9, "priority": 3, "reachable": true, "visited": true}, "geometry": {"type": "Point", "coordinates": [629230.24, 5220772.9]}}, {"type": "Feature", "properties": {"target_id": "T-MSP-0074", "kind": "missing_plant", "vineyard_id": "V01", "row_id": "V01-R061", "x": 629226.03, "y": 5220783.36, "priority": 3, "reachable": true, "visited": true}, "geometry": {"type": "Point", "coordinates": [629226.03, 5220783.36]}}, {"type": "Feature", "properties": {"target_id": "T-MSP-0075", "kind": "missing_plant", "vineyard_id": "V01", "row_id": "V01-R062", "x": 629227.92, "y": 5220772.17, "priority": 3, "reachable": true, "visited": true}, "geometry": {"type": "Point", "coordinates": [629227.92, 5220772.17]}}, {"type": "Feature", "properties": {"target_id": "T-MSP-0076", "kind": "missing_plant", "vineyard_id": "V01", "row_id": "V01-R062", "x": 629218.27, "y": 5220795.87, "priority": 3, "reachable": true, "visited": true}, "geometry": {"type": "Point", "coordinates": [629218.27, 5220795.87]}}, {"type": "Feature", "properties": {"target_id": "T-MSP-0077", "kind": "missing_plant", "vineyard_id": "V01", "row_id": "V01-R062", "x": 629215.44, "y": 5220802.84, "priority": 3, "reachable": true, "visited": true}, "geometry": {"type": "Point", "coordinates": [629215.44, 5220802.84]}}, {"type": "Feature", "properties": {"target_id": "T-MSP-0078", "kind": "missing_plant", "vineyard_id": "V01", "row_id": "V01-R063", "x": 629232.66, "y": 5220753.96, "priority": 3, "reachable": true, "visited": true}, "geometry": {"type": "Point", "coordinates": [629232.66, 5220753.96]}}, {"type": "Feature", "properties": {"target_id": "T-MSP-0079", "kind": "missing_plant", "vineyard_id": "V01", "row_id": "V01-R063", "x": 629228.45, "y": 5220764.31, "priority": 3, "reachable": true, "visited": true}, "geometry": {"type": "Point", "coordinates": [629228.45, 5220764.31]}}, {"type": "Feature", "properties": {"target_id": "T-MSP-0080", "kind": "missing_plant", "vineyard_id": "V01", "row_id": "V01-R063", "x": 629221.19, "y": 5220782.12, "priority": 3, "reachable": true, "visited": true}, "geometry": {"type": "Point", "coordinates": [629221.19, 5220782.12]}}, {"type": "Feature", "properties": {"target_id": "T-MSP-0081", "kind": "missing_plant", "vineyard_id": "V01", "row_id": "V01-R063", "x": 629215.76, "y": 5220795.46, "priority": 3, "reachable": true, "visited": true}, "geometry": {"type": "Point", "coordinates": [629215.76, 5220795.46]}}, {"type": "Feature", "properties": {"target_id": "T-MSP-0082", "kind": "missing_plant", "vineyard_id": "V01", "row_id": "V01-R063", "x": 629206.75, "y": 5220817.49, "priority": 3, "reachable": true, "visited": true}, "geometry": {"type": "Point", "coordinates": [629206.75, 5220817.49]}}, {"type": "Feature", "properties": {"target_id": "T-MSP-0083", "kind": "missing_plant", "vineyard_id": "V01", "row_id": "V01-R063", "x": 629187.75, "y": 5220863.62, "priority": 3, "reachable": true, "visited": true}, "geometry": {"type": "Point", "coordinates": [629187.75, 5220863.62]}}, {"type": "Feature", "properties": {"target_id": "T-MSP-0084", "kind": "missing_plant", "vineyard_id": "V01", "row_id": "V01-R065", "x": 629228.98, "y": 5220755.97, "priority": 3, "reachable": true, "visited": true}, "geometry": {"type": "Point", "coordinates": [629228.98, 5220755.97]}}, {"type": "Feature", "properties": {"target_id": "T-MSP-0085", "kind": "missing_plant", "vineyard_id": "V01", "row_id": "V01-R065", "x": 629218.77, "y": 5220781.16, "priority": 3, "reachable": true, "visited": true}, "geometry": {"type": "Point", "coordinates": [629218.77, 5220781.16]}}, {"type": "Feature", "properties": {"target_id": "T-MSP-0086", "kind": "missing_plant", "vineyard_id": "V01", "row_id": "V01-R066", "x": 629178.37, "y": 5220872.47, "priority": 3, "reachable": true, "visited": true}, "geometry": {"type": "Point", "coordinates": [629178.37, 5220872.47]}}, {"type": "Feature", "properties": {"target_id": "T-MSP-0087", "kind": "missing_plant", "vineyard_id": "V01", "row_id": "V01-R067", "x": 629224.41, "y": 5220760.44, "priority": 3, "reachable": true, "visited": true}, "geometry": {"type": "Point", "coordinates": [629224.41, 5220760.44]}}, {"type": "Feature", "properties": {"target_id": "T-MSP-0088", "kind": "missing_plant", "vineyard_id": "V01", "row_id": "V01-R068", "x": 629224.45, "y": 5220753.54, "priority": 3, "reachable": true, "visited": true}, "geometry": {"type": "Point", "coordinates": [629224.45, 5220753.54]}}, {"type": "Feature", "properties": {"target_id": "T-MSP-0089", "kind": "missing_plant", "vineyard_id": "V01", "row_id": "V01-R068", "x": 629220.9, "y": 5220762.28, "priority": 3, "reachable": true, "visited": true}, "geometry": {"type": "Point", "coordinates": [629220.9, 5220762.28]}}, {"type": "Feature", "properties": {"target_id": "T-MSP-0090", "kind": "missing_plant", "vineyard_id": "V01", "row_id": "V01-R068", "x": 629219.51, "y": 5220765.7, "priority": 3, "reachable": true, "visited": true}, "geometry": {"type": "Point", "coordinates": [629219.51, 5220765.7]}}, {"type": "Feature", "properties": {"target_id": "T-MSP-0091", "kind": "missing_plant", "vineyard_id": "V01", "row_id": "V01-R068", "x": 629213.12, "y": 5220781.43, "priority": 3, "reachable": true, "visited": true}, "geometry": {"type": "Point", "coordinates": [629213.12, 5220781.43]}}, {"type": "Feature", "properties": {"target_id": "T-MSP-0092", "kind": "missing_plant", "vineyard_id": "V01", "row_id": "V01-R068", "x": 629209.14, "y": 5220791.21, "priority": 3, "reachable": true, "visited": true}, "geometry": {"type": "Point", "coordinates": [629209.14, 5220791.21]}}, {"type": "Feature", "properties": {"target_id": "T-MSP-0093", "kind": "missing_plant", "vineyard_id": "V01", "row_id": "V01-R068", "x": 629206.88, "y": 5220796.77, "priority": 3, "reachable": true, "visited": true}, "geometry": {"type": "Point", "coordinates": [629206.88, 5220796.77]}}, {"type": "Feature", "properties": {"target_id": "T-MSP-0094", "kind": "missing_plant", "vineyard_id": "V01", "row_id": "V01-R068", "x": 629203.29, "y": 5220805.61, "priority": 3, "reachable": true, "visited": true}, "geometry": {"type": "Point", "coordinates": [629203.29, 5220805.61]}}, {"type": "Feature", "properties": {"target_id": "T-MSP-0095", "kind": "missing_plant", "vineyard_id": "V01", "row_id": "V01-R068", "x": 629200.87, "y": 5220811.64, "priority": 3, "reachable": true, "visited": true}, "geometry": {"type": "Point", "coordinates": [629200.87, 5220811.64]}}, {"type": "Feature", "properties": {"target_id": "T-MSP-0096", "kind": "missing_plant", "vineyard_id": "V01", "row_id": "V01-R068", "x": 629189.39, "y": 5220839.57, "priority": 3, "reachable": true, "visited": true}, "geometry": {"type": "Point", "coordinates": [629189.39, 5220839.57]}}, {"type": "Feature", "properties": {"target_id": "T-MSP-0097", "kind": "missing_plant", "vineyard_id": "V01", "row_id": "V01-R069", "x": 629224.66, "y": 5220746.48, "priority": 3, "reachable": true, "visited": true}, "geometry": {"type": "Point", "coordinates": [629224.66, 5220746.48]}}, {"type": "Feature", "properties": {"target_id": "T-MSP-0098", "kind": "missing_plant", "vineyard_id": "V01", "row_id": "V01-R069", "x": 629222.99, "y": 5220750.56, "priority": 3, "reachable": true, "visited": true}, "geometry": {"type": "Point", "coordinates": [629222.99, 5220750.56]}}, {"type": "Feature", "properties": {"target_id": "T-MSP-0099", "kind": "missing_plant", "vineyard_id": "V01", "row_id": "V01-R069", "x": 629208.71, "y": 5220785.82, "priority": 3, "reachable": true, "visited": true}, "geometry": {"type": "Point", "coordinates": [629208.71, 5220785.82]}}, {"type": "Feature", "properties": {"target_id": "T-MSP-0100", "kind": "missing_plant", "vineyard_id": "V01", "row_id": "V01-R069", "x": 629204.73, "y": 5220795.69, "priority": 3, "reachable": true, "visited": true}, "geometry": {"type": "Point", "coordinates": [629204.73, 5220795.69]}}, {"type": "Feature", "properties": {"target_id": "T-MSP-0101", "kind": "missing_plant", "vineyard_id": "V01", "row_id": "V01-R069", "x": 629200.55, "y": 5220806.08, "priority": 3, "reachable": true, "visited": true}, "geometry": {"type": "Point", "coordinates": [629200.55, 5220806.08]}}, {"type": "Feature", "properties": {"target_id": "T-MSP-0102", "kind": "missing_plant", "vineyard_id": "V01", "row_id": "V01-R069", "x": 629191.0, "y": 5220829.12, "priority": 3, "reachable": true, "visited": true}, "geometry": {"type": "Point", "coordinates": [629191.0, 5220829.12]}}, {"type": "Feature", "properties": {"target_id": "T-MSP-0103", "kind": "missing_plant", "vineyard_id": "V01", "row_id": "V01-R071", "x": 629220.74, "y": 5220749.37, "priority": 3, "reachable": true, "visited": true}, "geometry": {"type": "Point", "coordinates": [629220.74, 5220749.37]}}, {"type": "Feature", "properties": {"target_id": "T-MSP-0104", "kind": "missing_plant", "vineyard_id": "V01", "row_id": "V01-R071", "x": 629206.2, "y": 5220785.14, "priority": 3, "reachable": true, "visited": true}, "geometry": {"type": "Point", "coordinates": [629206.2, 5220785.14]}}, {"type": "Feature", "properties": {"target_id": "T-MSP-0105", "kind": "missing_plant", "vineyard_id": "V01", "row_id": "V01-R073", "x": 629218.49, "y": 5220748.57, "priority": 3, "reachable": true, "visited": true}, "geometry": {"type": "Point", "coordinates": [629218.49, 5220748.57]}}, {"type": "Feature", "properties": {"target_id": "T-MSP-0106", "kind": "missing_plant", "vineyard_id": "V01", "row_id": "V01-R073", "x": 629174.56, "y": 5220855.35, "priority": 3, "reachable": true, "visited": true}, "geometry": {"type": "Point", "coordinates": [629174.56, 5220855.35]}}, {"type": "Feature", "properties": {"target_id": "T-MSP-0107", "kind": "missing_plant", "vineyard_id": "V01", "row_id": "V01-R074", "x": 629161.05, "y": 5220884.05, "priority": 3, "reachable": true, "visited": true}, "geometry": {"type": "Point", "coordinates": [629161.05, 5220884.05]}}, {"type": "Feature", "properties": {"target_id": "T-MSP-0108", "kind": "missing_plant", "vineyard_id": "V01", "row_id": "V01-R075", "x": 629221.96, "y": 5220733.21, "priority": 3, "reachable": true, "visited": true}, "geometry": {"type": "Point", "coordinates": [629221.96, 5220733.21]}}, {"type": "Feature", "properties": {"target_id": "T-MSP-0109", "kind": "missing_plant", "vineyard_id": "V01", "row_id": "V01-R075", "x": 629219.33, "y": 5220739.66, "priority": 3, "reachable": true, "visited": true}, "geometry": {"type": "Point", "coordinates": [629219.33, 5220739.66]}}, {"type": "Feature", "properties": {"target_id": "T-MSP-0110", "kind": "missing_plant", "vineyard_id": "V01", "row_id": "V01-R075", "x": 629201.28, "y": 5220783.7, "priority": 3, "reachable": true, "visited": true}, "geometry": {"type": "Point", "coordinates": [629201.28, 5220783.7]}}, {"type": "Feature", "properties": {"target_id": "T-MSP-0111", "kind": "missing_plant", "vineyard_id": "V01", "row_id": "V01-R075", "x": 629191.46, "y": 5220807.49, "priority": 3, "reachable": true, "visited": true}, "geometry": {"type": "Point", "coordinates": [629191.46, 5220807.49]}}, {"type": "Feature", "properties": {"target_id": "T-MSP-0112", "kind": "missing_plant", "vineyard_id": "V01", "row_id": "V01-R075", "x": 629185.58, "y": 5220821.66, "priority": 3, "reachable": true, "visited": true}, "geometry": {"type": "Point", "coordinates": [629185.58, 5220821.66]}}, {"type": "Feature", "properties": {"target_id": "T-MSP-0113", "kind": "missing_plant", "vineyard_id": "V01", "row_id": "V01-R075", "x": 629183.18, "y": 5220827.43, "priority": 3, "reachable": true, "visited": true}, "geometry": {"type": "Point", "coordinates": [629183.18, 5220827.43]}}, {"type": "Feature", "properties": {"target_id": "T-MSP-0114", "kind": "missing_plant", "vineyard_id": "V01", "row_id": "V01-R075", "x": 629179.75, "y": 5220835.64, "priority": 3, "reachable": true, "visited": true}, "geometry": {"type": "Point", "coordinates": [629179.75, 5220835.64]}}, {"type": "Feature", "properties": {"target_id": "T-MSP-0115", "kind": "missing_plant", "vineyard_id": "V01", "row_id": "V01-R075", "x": 629177.36, "y": 5220841.4, "priority": 3, "reachable": true, "visited": true}, "geometry": {"type": "Point", "coordinates": [629177.36, 5220841.4]}}, {"type": "Feature", "properties": {"target_id": "T-MSP-0116", "kind": "missing_plant", "vineyard_id": "V01", "row_id": "V01-R076", "x": 629165.18, "y": 5220868.48, "priority": 3, "reachable": true, "visited": true}, "geometry": {"type": "Point", "coordinates": [629165.18, 5220868.48]}}, {"type": "Feature", "properties": {"target_id": "T-MSP-0117", "kind": "missing_plant", "vineyard_id": "V01", "row_id": "V01-R077", "x": 629210.83, "y": 5220753.73, "priority": 3, "reachable": true, "visited": true}, "geometry": {"type": "Point", "coordinates": [629210.83, 5220753.73]}}, {"type": "Feature", "properties": {"target_id": "T-MSP-0118", "kind": "missing_plant", "vineyard_id": "V01", "row_id": "V01-R077", "x": 629205.8, "y": 5220766.0, "priority": 3, "reachable": true, "visited": true}, "geometry": {"type": "Point", "coordinates": [629205.8, 5220766.0]}}, {"type": "Feature", "properties": {"target_id": "T-MSP-0119", "kind": "missing_plant", "vineyard_id": "V01", "row_id": "V01-R077", "x": 629204.3, "y": 5220769.6, "priority": 3, "reachable": true, "visited": true}, "geometry": {"type": "Point", "coordinates": [629204.3, 5220769.6]}}, {"type": "Feature", "properties": {"target_id": "T-MSP-0120", "kind": "missing_plant", "vineyard_id": "V01", "row_id": "V01-R077", "x": 629200.9, "y": 5220777.69, "priority": 3, "reachable": true, "visited": true}, "geometry": {"type": "Point", "coordinates": [629200.9, 5220777.69]}}, {"type": "Feature", "properties": {"target_id": "T-MSP-0121", "kind": "missing_plant", "vineyard_id": "V01", "row_id": "V01-R077", "x": 629190.18, "y": 5220804.02, "priority": 3, "reachable": true, "visited": true}, "geometry": {"type": "Point", "coordinates": [629190.18, 5220804.02]}}, {"type": "Feature", "properties": {"target_id": "T-MSP-0122", "kind": "missing_plant", "vineyard_id": "V01", "row_id": "V01-R077", "x": 629187.02, "y": 5220811.95, "priority": 3, "reachable": true, "visited": true}, "geometry": {"type": "Point", "coordinates": [629187.02, 5220811.95]}}, {"type": "Feature", "properties": {"target_id": "T-MSP-0123", "kind": "missing_plant", "vineyard_id": "V01", "row_id": "V01-R077", "x": 629185.31, "y": 5220816.1, "priority": 3, "reachable": true, "visited": true}, "geometry": {"type": "Point", "coordinates": [629185.31, 5220816.1]}}, {"type": "Feature", "properties": {"target_id": "T-MSP-0124", "kind": "missing_plant", "vineyard_id": "V01", "row_id": "V01-R077", "x": 629181.76, "y": 5220824.62, "priority": 3, "reachable": true, "visited": true}, "geometry": {"type": "Point", "coordinates": [629181.76, 5220824.62]}}, {"type": "Feature", "properties": {"target_id": "T-MSP-0125", "kind": "missing_plant", "vineyard_id": "V01", "row_id": "V01-R078", "x": 629203.19, "y": 5220765.95, "priority": 3, "reachable": true, "visited": true}, "geometry": {"type": "Point", "coordinates": [629203.19, 5220765.95]}}, {"type": "Feature", "properties": {"target_id": "T-MSP-0126", "kind": "missing_plant", "vineyard_id": "V01", "row_id": "V01-R078", "x": 629191.84, "y": 5220793.19, "priority": 3, "reachable": true, "visited": true}, "geometry": {"type": "Point", "coordinates": [629191.84, 5220793.19]}}, {"type": "Feature", "properties": {"target_id": "T-MSP-0127", "kind": "missing_plant", "vineyard_id": "V01", "row_id": "V01-R079", "x": 629206.27, "y": 5220751.45, "priority": 3, "reachable": true, "visited": true}, "geometry": {"type": "Point", "coordinates": [629206.27, 5220751.45]}}, {"type": "Feature", "properties": {"target_id": "T-MSP-0128", "kind": "missing_plant", "vineyard_id": "V01", "row_id": "V01-R079", "x": 629203.94, "y": 5220757.21, "priority": 3, "reachable": true, "visited": true}, "geometry": {"type": "Point", "coordinates": [629203.94, 5220757.21]}}, {"type": "Feature", "properties": {"target_id": "T-MSP-0129", "kind": "missing_plant", "vineyard_id": "V01", "row_id": "V01-R079", "x": 629200.85, "y": 5220764.83, "priority": 3, "reachable": true, "visited": true}, "geometry": {"type": "Point", "coordinates": [629200.85, 5220764.83]}}, {"type": "Feature", "properties": {"target_id": "T-MSP-0130", "kind": "missing_plant", "vineyard_id": "V01", "row_id": "V01-R079", "x": 629193.3, "y": 5220783.22, "priority": 3, "reachable": true, "visited": true}, "geometry": {"type": "Point", "coordinates": [629193.3, 5220783.22]}}, {"type": "Feature", "properties": {"target_id": "T-MSP-0131", "kind": "missing_plant", "vineyard_id": "V01", "row_id": "V01-R079", "x": 629189.54, "y": 5220792.2, "priority": 3, "reachable": true, "visited": true}, "geometry": {"type": "Point", "coordinates": [629189.54, 5220792.2]}}, {"type": "Feature", "properties": {"target_id": "T-MSP-0132", "kind": "missing_plant", "vineyard_id": "V01", "row_id": "V01-R079", "x": 629187.35, "y": 5220797.43, "priority": 3, "reachable": true, "visited": true}, "geometry": {"type": "Point", "coordinates": [629187.35, 5220797.43]}}, {"type": "Feature", "properties": {"target_id": "T-MSP-0133", "kind": "missing_plant", "vineyard_id": "V01", "row_id": "V01-R079", "x": 629181.85, "y": 5220810.59, "priority": 3, "reachable": true, "visited": true}, "geometry": {"type": "Point", "coordinates": [629181.85, 5220810.59]}}, {"type": "Feature", "properties": {"target_id": "T-MSP-0134", "kind": "missing_plant", "vineyard_id": "V01", "row_id": "V01-R081", "x": 629215.54, "y": 5220721.92, "priority": 3, "reachable": true, "visited": true}, "geometry": {"type": "Point", "coordinates": [629215.54, 5220721.92]}}, {"type": "Feature", "properties": {"target_id": "T-MSP-0135", "kind": "missing_plant", "vineyard_id": "V01", "row_id": "V01-R081", "x": 629202.51, "y": 5220753.65, "priority": 3, "reachable": true, "visited": true}, "geometry": {"type": "Point", "coordinates": [629202.51, 5220753.65]}}, {"type": "Feature", "properties": {"target_id": "T-MSP-0136", "kind": "missing_plant", "vineyard_id": "V01", "row_id": "V01-R081", "x": 629190.72, "y": 5220782.36, "priority": 3, "reachable": true, "visited": false}, "geometry": {"type": "Point", "coordinates": [629190.72, 5220782.36]}}, {"type": "Feature", "properties": {"target_id": "T-MSP-0137", "kind": "missing_plant", "vineyard_id": "V01", "row_id": "V01-R081", "x": 629173.03, "y": 5220825.43, "priority": 3, "reachable": false, "visited": false}, "geometry": {"type": "Point", "coordinates": [629173.03, 5220825.43]}}, {"type": "Feature", "properties": {"target_id": "T-MSP-0138", "kind": "missing_plant", "vineyard_id": "V01", "row_id": "V01-R081", "x": 629164.79, "y": 5220845.49, "priority": 3, "reachable": false, "visited": false}, "geometry": {"type": "Point", "coordinates": [629164.79, 5220845.49]}}, {"type": "Feature", "properties": {"target_id": "T-MSP-0139", "kind": "missing_plant", "vineyard_id": "V01", "row_id": "V01-R081", "x": 629161.26, "y": 5220854.08, "priority": 3, "reachable": false, "visited": false}, "geometry": {"type": "Point", "coordinates": [629161.26, 5220854.08]}}, {"type": "Feature", "properties": {"target_id": "T-MSP-0140", "kind": "missing_plant", "vineyard_id": "V01", "row_id": "V01-R081", "x": 629158.47, "y": 5220860.88, "priority": 3, "reachable": true, "visited": false}, "geometry": {"type": "Point", "coordinates": [629158.47, 5220860.88]}}, {"type": "Feature", "properties": {"target_id": "T-MSP-0141", "kind": "missing_plant", "vineyard_id": "V01", "row_id": "V01-R081", "x": 629150.34, "y": 5220879.62, "priority": 3, "reachable": true, "visited": true}, "geometry": {"type": "Point", "coordinates": [629150.34, 5220879.62]}}, {"type": "Feature", "properties": {"target_id": "T-MSP-0142", "kind": "missing_plant", "vineyard_id": "V01", "row_id": "V01-R082", "x": 629213.24, "y": 5220720.82, "priority": 3, "reachable": true, "visited": false}, "geometry": {"type": "Point", "coordinates": [629213.24, 5220720.82]}}, {"type": "Feature", "properties": {"target_id": "T-MSP-0143", "kind": "missing_plant", "vineyard_id": "V01", "row_id": "V01-R082", "x": 629207.64, "y": 5220734.61, "priority": 3, "reachable": true, "visited": true}, "geometry": {"type": "Point", "coordinates": [629207.64, 5220734.61]}}, {"type": "Feature", "properties": {"target_id": "T-MSP-0144", "kind": "missing_plant", "vineyard_id": "V01", "row_id": "V01-R082", "x": 629191.8, "y": 5220773.61, "priority": 3, "reachable": true, "visited": true}, "geometry": {"type": "Point", "coordinates": [629191.8, 5220773.61]}}, {"type": "Feature", "properties": {"target_id": "T-MSP-0145", "kind": "missing_plant", "vineyard_id": "V01", "row_id": "V01-R084", "x": 629204.0, "y": 5220736.22, "priority": 3, "reachable": true, "visited": true}, "geometry": {"type": "Point", "coordinates": [629204.0, 5220736.22]}}, {"type": "Feature", "properties": {"target_id": "T-MSP-0146", "kind": "missing_plant", "vineyard_id": "V01", "row_id": "V01-R084", "x": 629200.16, "y": 5220745.68, "priority": 3, "reachable": true, "visited": true}, "geometry": {"type": "Point", "coordinates": [629200.16, 5220745.68]}}, {"type": "Feature", "properties": {"target_id": "T-MSP-0147", "kind": "missing_plant", "vineyard_id": "V01", "row_id": "V01-R084", "x": 629191.24, "y": 5220767.69, "priority": 3, "reachable": true, "visited": true}, "geometry": {"type": "Point", "coordinates": [629191.24, 5220767.69]}}, {"type": "Feature", "properties": {"target_id": "T-MSP-0148", "kind": "missing_plant", "vineyard_id": "V01", "row_id": "V01-R084", "x": 629168.09, "y": 5220824.42, "priority": 3, "reachable": true, "visited": true}, "geometry": {"type": "Point", "coordinates": [629168.09, 5220824.42]}}, {"type": "Feature", "properties": {"target_id": "T-MSP-0149", "kind": "missing_plant", "vineyard_id": "V01", "row_id": "V01-R084", "x": 629165.57, "y": 5220830.48, "priority": 3, "reachable": true, "visited": true}, "geometry": {"type": "Point", "coordinates": [629165.57, 5220830.48]}}, {"type": "Feature", "properties": {"target_id": "T-MSP-0150", "kind": "missing_plant", "vineyard_id": "V01", "row_id": "V01-R084", "x": 629164.08, "y": 5220834.04, "priority": 3, "reachable": true, "visited": true}, "geometry": {"type": "Point", "coordinates": [629164.08, 5220834.04]}}, {"type": "Feature", "properties": {"target_id": "T-MSP-0151", "kind": "missing_plant", "vineyard_id": "V01", "row_id": "V01-R084", "x": 629161.84, "y": 5220839.42, "priority": 3, "reachable": false, "visited": false}, "geometry": {"type": "Point", "coordinates": [629161.84, 5220839.42]}}, {"type": "Feature", "properties": {"target_id": "T-MSP-0152", "kind": "missing_plant", "vineyard_id": "V01", "row_id": "V01-R085", "x": 629206.24, "y": 5220724.02, "priority": 3, "reachable": true, "visited": true}, "geometry": {"type": "Point", "coordinates": [629206.24, 5220724.02]}}, {"type": "Feature", "properties": {"target_id": "T-MSP-0153", "kind": "missing_plant", "vineyard_id": "V01", "row_id": "V01-R085", "x": 629204.89, "y": 5220727.36, "priority": 3, "reachable": true, "visited": true}, "geometry": {"type": "Point", "coordinates": [629204.89, 5220727.36]}}, {"type": "Feature", "properties": {"target_id": "T-MSP-0154", "kind": "missing_plant", "vineyard_id": "V01", "row_id": "V01-R085", "x": 629185.27, "y": 5220775.68, "priority": 3, "reachable": true, "visited": true}, "geometry": {"type": "Point", "coordinates": [629185.27, 5220775.68]}}, {"type": "Feature", "properties": {"target_id": "T-MSP-0155", "kind": "missing_plant", "vineyard_id": "V01", "row_id": "V01-R087", "x": 629204.46, "y": 5220721.82, "priority": 3, "reachable": true, "visited": true}, "geometry": {"type": "Point", "coordinates": [629204.46, 5220721.82]}}, {"type": "Feature", "properties": {"target_id": "T-MSP-0156", "kind": "missing_plant", "vineyard_id": "V01", "row_id": "V01-R087", "x": 629191.33, "y": 5220754.2, "priority": 3, "reachable": true, "visited": true}, "geometry": {"type": "Point", "coordinates": [629191.33, 5220754.2]}}, {"type": "Feature", "properties": {"target_id": "T-MSP-0157", "kind": "missing_plant", "vineyard_id": "V01", "row_id": "V01-R087", "x": 629187.7, "y": 5220763.14, "priority": 3, "reachable": true, "visited": true}, "geometry": {"type": "Point", "coordinates": [629187.7, 5220763.14]}}, {"type": "Feature", "properties": {"target_id": "T-MSP-0158", "kind": "missing_plant", "vineyard_id": "V01", "row_id": "V01-R087", "x": 629180.54, "y": 5220780.81, "priority": 3, "reachable": true, "visited": true}, "geometry": {"type": "Point", "coordinates": [629180.54, 5220780.81]}}, {"type": "Feature", "properties": {"target_id": "T-MSP-0159", "kind": "missing_plant", "vineyard_id": "V01", "row_id": "V01-R087", "x": 629174.66, "y": 5220795.3, "priority": 3, "reachable": true, "visited": true}, "geometry": {"type": "Point", "coordinates": [629174.66, 5220795.3]}}, {"type": "Feature", "properties": {"target_id": "T-MSP-0160", "kind": "missing_plant", "vineyard_id": "V01", "row_id": "V01-R088", "x": 629143.67, "y": 5220869.77, "priority": 3, "reachable": true, "visited": false}, "geometry": {"type": "Point", "coordinates": [629143.67, 5220869.77]}}, {"type": "Feature", "properties": {"target_id": "T-MSP-0161", "kind": "missing_plant", "vineyard_id": "V01", "row_id": "V01-R089", "x": 629169.13, "y": 5220802.19, "priority": 3, "reachable": true, "visited": true}, "geometry": {"type": "Point", "coordinates": [629169.13, 5220802.19]}}, {"type": "Feature", "properties": {"target_id": "T-MSP-0162", "kind": "missing_plant", "vineyard_id": "V01", "row_id": "V01-R091", "x": 629192.74, "y": 5220737.72, "priority": 3, "reachable": true, "visited": true}, "geometry": {"type": "Point", "coordinates": [629192.74, 5220737.72]}}, {"type": "Feature", "properties": {"target_id": "T-MSP-0163", "kind": "missing_plant", "vineyard_id": "V01", "row_id": "V01-R093", "x": 629189.0, "y": 5220740.23, "priority": 3, "reachable": true, "visited": true}, "geometry": {"type": "Point", "coordinates": [629189.0, 5220740.23]}}, {"type": "Feature", "properties": {"target_id": "T-MSP-0164", "kind": "missing_plant", "vineyard_id": "V01", "row_id": "V01-R093", "x": 629184.59, "y": 5220751.0, "priority": 3, "reachable": true, "visited": true}, "geometry": {"type": "Point", "coordinates": [629184.59, 5220751.0]}}, {"type": "Feature", "properties": {"target_id": "T-MSP-0165", "kind": "missing_plant", "vineyard_id": "V01", "row_id": "V01-R093", "x": 629177.95, "y": 5220767.18, "priority": 3, "reachable": true, "visited": true}, "geometry": {"type": "Point", "coordinates": [629177.95, 5220767.18]}}, {"type": "Feature", "properties": {"target_id": "T-MSP-0166", "kind": "missing_plant", "vineyard_id": "V01", "row_id": "V01-R093", "x": 629156.55, "y": 5220819.33, "priority": 3, "reachable": true, "visited": false}, "geometry": {"type": "Point", "coordinates": [629156.55, 5220819.33]}}, {"type": "Feature", "properties": {"target_id": "T-MSP-0167", "kind": "missing_plant", "vineyard_id": "V01", "row_id": "V01-R093", "x": 629155.14, "y": 5220822.72, "priority": 3, "reachable": true, "visited": false}, "geometry": {"type": "Point", "coordinates": [629155.14, 5220822.72]}}, {"type": "Feature", "properties": {"target_id": "T-MSP-0168", "kind": "missing_plant", "vineyard_id": "V01", "row_id": "V01-R093", "x": 629150.26, "y": 5220834.49, "priority": 3, "reachable": true, "visited": false}, "geometry": {"type": "Point", "coordinates": [629150.26, 5220834.49]}}, {"type": "Feature", "properties": {"target_id": "T-MSP-0169", "kind": "missing_plant", "vineyard_id": "V01", "row_id": "V01-R093", "x": 629139.84, "y": 5220859.6, "priority": 3, "reachable": true, "visited": true}, "geometry": {"type": "Point", "coordinates": [629139.84, 5220859.6]}}, {"type": "Feature", "properties": {"target_id": "T-MSP-0170", "kind": "missing_plant", "vineyard_id": "V01", "row_id": "V01-R095", "x": 629142.61, "y": 5220846.12, "priority": 3, "reachable": true, "visited": true}, "geometry": {"type": "Point", "coordinates": [629142.61, 5220846.12]}}, {"type": "Feature", "properties": {"target_id": "T-MSP-0171", "kind": "missing_plant", "vineyard_id": "V01", "row_id": "V01-R095", "x": 629139.36, "y": 5220853.76, "priority": 3, "reachable": true, "visited": true}, "geometry": {"type": "Point", "coordinates": [629139.36, 5220853.76]}}, {"type": "Feature", "properties": {"target_id": "T-MSP-0172", "kind": "missing_plant", "vineyard_id": "V01", "row_id": "V01-R095", "x": 629135.64, "y": 5220862.53, "priority": 3, "reachable": true, "visited": true}, "geometry": {"type": "Point", "coordinates": [629135.64, 5220862.53]}}, {"type": "Feature", "properties": {"target_id": "T-MSP-0173", "kind": "missing_plant", "vineyard_id": "V01", "row_id": "V01-R095", "x": 629134.26, "y": 5220865.95, "priority": 3, "reachable": true, "visited": true}, "geometry": {"type": "Point", "coordinates": [629134.26, 5220865.95]}}, {"type": "Feature", "properties": {"target_id": "T-MSP-0174", "kind": "missing_plant", "vineyard_id": "V01", "row_id": "V01-R096", "x": 629190.89, "y": 5220728.92, "priority": 3, "reachable": true, "visited": true}, "geometry": {"type": "Point", "coordinates": [629190.89, 5220728.92]}}, {"type": "Feature", "properties": {"target_id": "T-MSP-0175", "kind": "missing_plant", "vineyard_id": "V01", "row_id": "V01-R096", "x": 629172.75, "y": 5220772.99, "priority": 3, "reachable": true, "visited": true}, "geometry": {"type": "Point", "coordinates": [629172.75, 5220772.99]}}, {"type": "Feature", "properties": {"target_id": "T-MSP-0176", "kind": "missing_plant", "vineyard_id": "V01", "row_id": "V01-R097", "x": 629139.64, "y": 5220846.68, "priority": 3, "reachable": true, "visited": true}, "geometry": {"type": "Point", "coordinates": [629139.64, 5220846.68]}}, {"type": "Feature", "properties": {"target_id": "T-MSP-0177", "kind": "missing_plant", "vineyard_id": "V01", "row_id": "V01-R098", "x": 629180.51, "y": 5220747.41, "priority": 3, "reachable": true, "visited": true}, "geometry": {"type": "Point", "coordinates": [629180.51, 5220747.41]}}, {"type": "Feature", "properties": {"target_id": "T-MSP-0178", "kind": "missing_plant", "vineyard_id": "V01", "row_id": "V01-R098", "x": 629172.27, "y": 5220767.37, "priority": 3, "reachable": true, "visited": true}, "geometry": {"type": "Point", "coordinates": [629172.27, 5220767.37]}}, {"type": "Feature", "properties": {"target_id": "T-MSP-0179", "kind": "missing_plant", "vineyard_id": "V01", "row_id": "V01-R099", "x": 629152.63, "y": 5220808.25, "priority": 3, "reachable": true, "visited": true}, "geometry": {"type": "Point", "coordinates": [629152.63, 5220808.25]}}, {"type": "Feature", "properties": {"target_id": "T-MSP-0180", "kind": "missing_plant", "vineyard_id": "V01", "row_id": "V01-R100", "x": 629132.87, "y": 5220855.74, "priority": 3, "reachable": true, "visited": true}, "geometry": {"type": "Point", "coordinates": [629132.87, 5220855.74]}}, {"type": "Feature", "properties": {"target_id": "T-MSP-0181", "kind": "missing_plant", "vineyard_id": "V01", "row_id": "V01-R101", "x": 629152.16, "y": 5220802.99, "priority": 3, "reachable": true, "visited": true}, "geometry": {"type": "Point", "coordinates": [629152.16, 5220802.99]}}, {"type": "Feature", "properties": {"target_id": "T-MSP-0182", "kind": "missing_plant", "vineyard_id": "V01", "row_id": "V01-R101", "x": 629134.29, "y": 5220845.95, "priority": 3, "reachable": true, "visited": true}, "geometry": {"type": "Point", "coordinates": [629134.29, 5220845.95]}}, {"type": "Feature", "properties": {"target_id": "T-MSP-0183", "kind": "missing_plant", "vineyard_id": "V01", "row_id": "V01-R101", "x": 629131.54, "y": 5220852.56, "priority": 3, "reachable": true, "visited": true}, "geometry": {"type": "Point", "coordinates": [629131.54, 5220852.56]}}, {"type": "Feature", "properties": {"target_id": "T-MSP-0184", "kind": "missing_plant", "vineyard_id": "V01", "row_id": "V01-R101", "x": 629127.3, "y": 5220862.76, "priority": 3, "reachable": true, "visited": true}, "geometry": {"type": "Point", "coordinates": [629127.3, 5220862.76]}}, {"type": "Feature", "properties": {"target_id": "T-MSP-0185", "kind": "missing_plant", "vineyard_id": "V01", "row_id": "V01-R103", "x": 629181.6, "y": 5220717.79, "priority": 3, "reachable": true, "visited": true}, "geometry": {"type": "Point", "coordinates": [629181.6, 5220717.79]}}, {"type": "Feature", "properties": {"target_id": "T-MSP-0186", "kind": "missing_plant", "vineyard_id": "V01", "row_id": "V01-R103", "x": 629168.97, "y": 5220748.24, "priority": 3, "reachable": true, "visited": true}, "geometry": {"type": "Point", "coordinates": [629168.97, 5220748.24]}}, {"type": "Feature", "properties": {"target_id": "T-MSP-0187", "kind": "missing_plant", "vineyard_id": "V01", "row_id": "V01-R103", "x": 629126.61, "y": 5220851.04, "priority": 3, "reachable": true, "visited": true}, "geometry": {"type": "Point", "coordinates": [629126.61, 5220851.04]}}, {"type": "Feature", "properties": {"target_id": "T-MSP-0188", "kind": "missing_plant", "vineyard_id": "V01", "row_id": "V01-R103", "x": 629122.45, "y": 5220861.05, "priority": 3, "reachable": true, "visited": true}, "geometry": {"type": "Point", "coordinates": [629122.45, 5220861.05]}}, {"type": "Feature", "properties": {"target_id": "T-MSP-0189", "kind": "missing_plant", "vineyard_id": "V01", "row_id": "V01-R103", "x": 629120.15, "y": 5220866.59, "priority": 3, "reachable": true, "visited": true}, "geometry": {"type": "Point", "coordinates": [629120.15, 5220866.59]}}, {"type": "Feature", "properties": {"target_id": "T-MSP-0190", "kind": "missing_plant", "vineyard_id": "V01", "row_id": "V01-R105", "x": 629172.48, "y": 5220733.37, "priority": 3, "reachable": true, "visited": true}, "geometry": {"type": "Point", "coordinates": [629172.48, 5220733.37]}}, {"type": "Feature", "properties": {"target_id": "T-MSP-0191", "kind": "missing_plant", "vineyard_id": "V01", "row_id": "V01-R105", "x": 629169.86, "y": 5220739.71, "priority": 3, "reachable": true, "visited": true}, "geometry": {"type": "Point", "coordinates": [629169.86, 5220739.71]}}, {"type": "Feature", "properties": {"target_id": "T-MSP-0192", "kind": "missing_plant", "vineyard_id": "V01", "row_id": "V01-R105", "x": 629122.89, "y": 5220853.57, "priority": 3, "reachable": true, "visited": true}, "geometry": {"type": "Point", "coordinates": [629122.89, 5220853.57]}}, {"type": "Feature", "properties": {"target_id": "T-MSP-0193", "kind": "missing_plant", "vineyard_id": "V01", "row_id": "V01-R106", "x": 629156.11, "y": 5220766.54, "priority": 3, "reachable": true, "visited": true}, "geometry": {"type": "Point", "coordinates": [629156.11, 5220766.54]}}, {"type": "Feature", "properties": {"target_id": "T-MSP-0194", "kind": "missing_plant", "vineyard_id": "V01", "row_id": "V01-R107", "x": 629168.07, "y": 5220730.46, "priority": 3, "reachable": true, "visited": true}, "geometry": {"type": "Point", "coordinates": [629168.07, 5220730.46]}}, {"type": "Feature", "properties": {"target_id": "T-MSP-0195", "kind": "missing_plant", "vineyard_id": "V01", "row_id": "V01-R107", "x": 629157.86, "y": 5220755.54, "priority": 3, "reachable": true, "visited": true}, "geometry": {"type": "Point", "coordinates": [629157.86, 5220755.54]}}, {"type": "Feature", "properties": {"target_id": "T-MSP-0196", "kind": "missing_plant", "vineyard_id": "V01", "row_id": "V01-R107", "x": 629136.15, "y": 5220808.25, "priority": 3, "reachable": true, "visited": true}, "geometry": {"type": "Point", "coordinates": [629136.15, 5220808.25]}}, {"type": "Feature", "properties": {"target_id": "T-MSP-0197", "kind": "missing_plant", "vineyard_id": "V01", "row_id": "V01-R108", "x": 629168.97, "y": 5220721.51, "priority": 3, "reachable": true, "visited": true}, "geometry": {"type": "Point", "coordinates": [629168.97, 5220721.51]}}, {"type": "Feature", "properties": {"target_id": "T-MSP-0198", "kind": "missing_plant", "vineyard_id": "V01", "row_id": "V01-R108", "x": 629149.58, "y": 5220768.9, "priority": 3, "reachable": true, "visited": true}, "geometry": {"type": "Point", "coordinates": [629149.58, 5220768.9]}}, {"type": "Feature", "properties": {"target_id": "T-MSP-0199", "kind": "missing_plant", "vineyard_id": "V01", "row_id": "V01-R108", "x": 629147.58, "y": 5220773.8, "priority": 3, "reachable": true, "visited": true}, "geometry": {"type": "Point", "coordinates": [629147.58, 5220773.8]}}, {"type": "Feature", "properties": {"target_id": "T-MSP-0200", "kind": "missing_plant", "vineyard_id": "V01", "row_id": "V01-R108", "x": 629137.82, "y": 5220797.66, "priority": 3, "reachable": true, "visited": true}, "geometry": {"type": "Point", "coordinates": [629137.82, 5220797.66]}}, {"type": "Feature", "properties": {"target_id": "T-MSP-0201", "kind": "missing_plant", "vineyard_id": "V01", "row_id": "V01-R108", "x": 629127.0, "y": 5220823.85, "priority": 3, "reachable": true, "visited": true}, "geometry": {"type": "Point", "coordinates": [629127.0, 5220823.85]}}, {"type": "Feature", "properties": {"target_id": "T-MSP-0202", "kind": "missing_plant", "vineyard_id": "V01", "row_id": "V01-R109", "x": 629161.47, "y": 5220732.87, "priority": 3, "reachable": true, "visited": true}, "geometry": {"type": "Point", "coordinates": [629161.47, 5220732.87]}}, {"type": "Feature", "properties": {"target_id": "T-MSP-0203", "kind": "missing_plant", "vineyard_id": "V01", "row_id": "V01-R109", "x": 629147.3, "y": 5220767.85, "priority": 3, "reachable": true, "visited": true}, "geometry": {"type": "Point", "coordinates": [629147.3, 5220767.85]}}, {"type": "Feature", "properties": {"target_id": "T-MSP-0204", "kind": "missing_plant", "vineyard_id": "V01", "row_id": "V01-R110", "x": 629146.73, "y": 5220762.66, "priority": 3, "reachable": true, "visited": true}, "geometry": {"type": "Point", "coordinates": [629146.73, 5220762.66]}}, {"type": "Feature", "properties": {"target_id": "T-MSP-0205", "kind": "missing_plant", "vineyard_id": "V01", "row_id": "V01-R110", "x": 629141.48, "y": 5220775.49, "priority": 3, "reachable": true, "visited": true}, "geometry": {"type": "Point", "coordinates": [629141.48, 5220775.49]}}, {"type": "Feature", "properties": {"target_id": "T-MSP-0206", "kind": "missing_plant", "vineyard_id": "V01", "row_id": "V01-R110", "x": 629138.39, "y": 5220782.98, "priority": 3, "reachable": true, "visited": true}, "geometry": {"type": "Point", "coordinates": [629138.39, 5220782.98]}}, {"type": "Feature", "properties": {"target_id": "T-MSP-0207", "kind": "missing_plant", "vineyard_id": "V01", "row_id": "V01-R112", "x": 629160.05, "y": 5220723.29, "priority": 3, "reachable": true, "visited": true}, "geometry": {"type": "Point", "coordinates": [629160.05, 5220723.29]}}, {"type": "Feature", "properties": {"target_id": "T-MSP-0208", "kind": "missing_plant", "vineyard_id": "V02", "row_id": "V02-R003", "x": 629115.11, "y": 5220792.09, "priority": 3, "reachable": true, "visited": true}, "geometry": {"type": "Point", "coordinates": [629115.11, 5220792.09]}}, {"type": "Feature", "properties": {"target_id": "T-MSP-0209", "kind": "missing_plant", "vineyard_id": "V02", "row_id": "V02-R005", "x": 629107.08, "y": 5220797.41, "priority": 3, "reachable": true, "visited": true}, "geometry": {"type": "Point", "coordinates": [629107.08, 5220797.41]}}, {"type": "Feature", "properties": {"target_id": "T-MSP-0210", "kind": "missing_plant", "vineyard_id": "V02", "row_id": "V02-R006", "x": 629105.21, "y": 5220796.45, "priority": 3, "reachable": true, "visited": false}, "geometry": {"type": "Point", "coordinates": [629105.21, 5220796.45]}}, {"type": "Feature", "properties": {"target_id": "T-MSP-0211", "kind": "missing_plant", "vineyard_id": "V02", "row_id": "V02-R007", "x": 629104.81, "y": 5220791.55, "priority": 3, "reachable": true, "visited": true}, "geometry": {"type": "Point", "coordinates": [629104.81, 5220791.55]}}, {"type": "Feature", "properties": {"target_id": "T-MSP-0212", "kind": "missing_plant", "vineyard_id": "V02", "row_id": "V02-R008", "x": 629104.14, "y": 5220787.4, "priority": 3, "reachable": true, "visited": true}, "geometry": {"type": "Point", "coordinates": [629104.14, 5220787.4]}}, {"type": "Feature", "properties": {"target_id": "T-MSP-0213", "kind": "missing_plant", "vineyard_id": "V03", "row_id": "V03-R006", "x": 629124.86, "y": 5220743.0, "priority": 3, "reachable": true, "visited": true}, "geometry": {"type": "Point", "coordinates": [629124.86, 5220743.0]}}, {"type": "Feature", "properties": {"target_id": "T-MSP-0214", "kind": "missing_plant", "vineyard_id": "V03", "row_id": "V03-R009", "x": 629124.06, "y": 5220733.31, "priority": 3, "reachable": true, "visited": true}, "geometry": {"type": "Point", "coordinates": [629124.06, 5220733.31]}}, {"type": "Feature", "properties": {"target_id": "T-MSP-0215", "kind": "missing_plant", "vineyard_id": "V03", "row_id": "V03-R009", "x": 629121.57, "y": 5220737.13, "priority": 3, "reachable": true, "visited": true}, "geometry": {"type": "Point", "coordinates": [629121.57, 5220737.13]}}, {"type": "Feature", "properties": {"target_id": "T-MSP-0216", "kind": "missing_plant", "vineyard_id": "V03", "row_id": "V03-R009", "x": 629113.42, "y": 5220749.65, "priority": 3, "reachable": true, "visited": true}, "geometry": {"type": "Point", "coordinates": [629113.42, 5220749.65]}}, {"type": "Feature", "properties": {"target_id": "T-MSP-0217", "kind": "missing_plant", "vineyard_id": "V03", "row_id": "V03-R012", "x": 629123.28, "y": 5220723.59, "priority": 3, "reachable": true, "visited": true}, "geometry": {"type": "Point", "coordinates": [629123.28, 5220723.59]}}, {"type": "Feature", "properties": {"target_id": "T-MSP-0218", "kind": "missing_plant", "vineyard_id": "V03", "row_id": "V03-R013", "x": 629086.3, "y": 5220780.07, "priority": 3, "reachable": true, "visited": true}, "geometry": {"type": "Point", "coordinates": [629086.3, 5220780.07]}}, {"type": "Feature", "properties": {"target_id": "T-MSP-0219", "kind": "missing_plant", "vineyard_id": "V03", "row_id": "V03-R013", "x": 629083.52, "y": 5220784.19, "priority": 3, "reachable": true, "visited": true}, "geometry": {"type": "Point", "coordinates": [629083.52, 5220784.19]}}, {"type": "Feature", "properties": {"target_id": "T-MSP-0220", "kind": "missing_plant", "vineyard_id": "V03", "row_id": "V03-R017", "x": 629065.89, "y": 5220799.17, "priority": 3, "reachable": true, "visited": true}, "geometry": {"type": "Point", "coordinates": [629065.89, 5220799.17]}}, {"type": "Feature", "properties": {"target_id": "T-MSP-0221", "kind": "missing_plant", "vineyard_id": "V03", "row_id": "V03-R017", "x": 629063.31, "y": 5220802.98, "priority": 3, "reachable": true, "visited": true}, "geometry": {"type": "Point", "coordinates": [629063.31, 5220802.98]}}, {"type": "Feature", "properties": {"target_id": "T-MSP-0222", "kind": "missing_plant", "vineyard_id": "V03", "row_id": "V03-R018", "x": 629120.62, "y": 5220711.44, "priority": 3, "reachable": true, "visited": true}, "geometry": {"type": "Point", "coordinates": [629120.62, 5220711.44]}}, {"type": "Feature", "properties": {"target_id": "T-MSP-0223", "kind": "missing_plant", "vineyard_id": "V03", "row_id": "V03-R019", "x": 629098.93, "y": 5220739.56, "priority": 3, "reachable": true, "visited": true}, "geometry": {"type": "Point", "coordinates": [629098.93, 5220739.56]}}, {"type": "Feature", "properties": {"target_id": "T-MSP-0224", "kind": "missing_plant", "vineyard_id": "V03", "row_id": "V03-R020", "x": 629123.63, "y": 5220695.98, "priority": 3, "reachable": true, "visited": true}, "geometry": {"type": "Point", "coordinates": [629123.63, 5220695.98]}}, {"type": "Feature", "properties": {"target_id": "T-MSP-0225", "kind": "missing_plant", "vineyard_id": "V03", "row_id": "V03-R020", "x": 629117.08, "y": 5220706.04, "priority": 3, "reachable": true, "visited": true}, "geometry": {"type": "Point", "coordinates": [629117.08, 5220706.04]}}, {"type": "Feature", "properties": {"target_id": "T-MSP-0226", "kind": "missing_plant", "vineyard_id": "V03", "row_id": "V03-R020", "x": 629114.76, "y": 5220709.6, "priority": 3, "reachable": true, "visited": true}, "geometry": {"type": "Point", "coordinates": [629114.76, 5220709.6]}}, {"type": "Feature", "properties": {"target_id": "T-MSP-0227", "kind": "missing_plant", "vineyard_id": "V03", "row_id": "V03-R020", "x": 629105.96, "y": 5220723.12, "priority": 3, "reachable": true, "visited": true}, "geometry": {"type": "Point", "coordinates": [629105.96, 5220723.12]}}, {"type": "Feature", "properties": {"target_id": "T-MSP-0228", "kind": "missing_plant", "vineyard_id": "V03", "row_id": "V03-R020", "x": 629102.01, "y": 5220729.19, "priority": 3, "reachable": true, "visited": true}, "geometry": {"type": "Point", "coordinates": [629102.01, 5220729.19]}}, {"type": "Feature", "properties": {"target_id": "T-MSP-0229", "kind": "missing_plant", "vineyard_id": "V03", "row_id": "V03-R023", "x": 629115.99, "y": 5220691.26, "priority": 3, "reachable": true, "visited": true}, "geometry": {"type": "Point", "coordinates": [629115.99, 5220691.26]}}, {"type": "Feature", "properties": {"target_id": "T-MSP-0230", "kind": "missing_plant", "vineyard_id": "V03", "row_id": "V03-R024", "x": 629100.96, "y": 5220709.27, "priority": 3, "reachable": true, "visited": true}, "geometry": {"type": "Point", "coordinates": [629100.96, 5220709.27]}}, {"type": "Feature", "properties": {"target_id": "T-MSP-0231", "kind": "missing_plant", "vineyard_id": "V03", "row_id": "V03-R024", "x": 629063.76, "y": 5220766.95, "priority": 3, "reachable": true, "visited": true}, "geometry": {"type": "Point", "coordinates": [629063.76, 5220766.95]}}, {"type": "Feature", "properties": {"target_id": "T-MSP-0232", "kind": "missing_plant", "vineyard_id": "V03", "row_id": "V03-R025", "x": 629107.68, "y": 5220692.86, "priority": 3, "reachable": true, "visited": true}, "geometry": {"type": "Point", "coordinates": [629107.68, 5220692.86]}}, {"type": "Feature", "properties": {"target_id": "T-MSP-0233", "kind": "missing_plant", "vineyard_id": "V03", "row_id": "V03-R025", "x": 629102.24, "y": 5220701.13, "priority": 3, "reachable": true, "visited": true}, "geometry": {"type": "Point", "coordinates": [629102.24, 5220701.13]}}, {"type": "Feature", "properties": {"target_id": "T-MSP-0234", "kind": "missing_plant", "vineyard_id": "V03", "row_id": "V03-R026", "x": 629087.34, "y": 5220718.55, "priority": 3, "reachable": true, "visited": true}, "geometry": {"type": "Point", "coordinates": [629087.34, 5220718.55]}}, {"type": "Feature", "properties": {"target_id": "T-MSP-0235", "kind": "missing_plant", "vineyard_id": "V03", "row_id": "V03-R026", "x": 629072.78, "y": 5220740.74, "priority": 3, "reachable": true, "visited": true}, "geometry": {"type": "Point", "coordinates": [629072.78, 5220740.74]}}, {"type": "Feature", "properties": {"target_id": "T-MSP-0236", "kind": "missing_plant", "vineyard_id": "V03", "row_id": "V03-R027", "x": 629100.46, "y": 5220693.07, "priority": 3, "reachable": true, "visited": true}, "geometry": {"type": "Point", "coordinates": [629100.46, 5220693.07]}}, {"type": "Feature", "properties": {"target_id": "T-MSP-0237", "kind": "missing_plant", "vineyard_id": "V03", "row_id": "V03-R027", "x": 629086.23, "y": 5220714.89, "priority": 3, "reachable": true, "visited": true}, "geometry": {"type": "Point", "coordinates": [629086.23, 5220714.89]}}, {"type": "Feature", "properties": {"target_id": "T-MSP-0238", "kind": "missing_plant", "vineyard_id": "V03", "row_id": "V03-R028", "x": 629049.89, "y": 5220765.5, "priority": 3, "reachable": true, "visited": true}, "geometry": {"type": "Point", "coordinates": [629049.89, 5220765.5]}}, {"type": "Feature", "properties": {"target_id": "T-MSP-0239", "kind": "missing_plant", "vineyard_id": "V03", "row_id": "V03-R031", "x": 629090.21, "y": 5220697.44, "priority": 3, "reachable": true, "visited": false}, "geometry": {"type": "Point", "coordinates": [629090.21, 5220697.44]}}, {"type": "Feature", "properties": {"target_id": "T-MSP-0240", "kind": "missing_plant", "vineyard_id": "V03", "row_id": "V03-R035", "x": 629086.9, "y": 5220685.72, "priority": 3, "reachable": true, "visited": true}, "geometry": {"type": "Point", "coordinates": [629086.9, 5220685.72]}}, {"type": "Feature", "properties": {"target_id": "T-MSP-0241", "kind": "missing_plant", "vineyard_id": "V03", "row_id": "V03-R035", "x": 629078.56, "y": 5220698.47, "priority": 3, "reachable": true, "visited": true}, "geometry": {"type": "Point", "coordinates": [629078.56, 5220698.47]}}, {"type": "Feature", "properties": {"target_id": "T-MSP-0242", "kind": "missing_plant", "vineyard_id": "V03", "row_id": "V03-R035", "x": 629076.67, "y": 5220701.36, "priority": 3, "reachable": true, "visited": true}, "geometry": {"type": "Point", "coordinates": [629076.67, 5220701.36]}}, {"type": "Feature", "properties": {"target_id": "T-MSP-0243", "kind": "missing_plant", "vineyard_id": "V03", "row_id": "V03-R035", "x": 629047.29, "y": 5220746.29, "priority": 3, "reachable": true, "visited": true}, "geometry": {"type": "Point", "coordinates": [629047.29, 5220746.29]}}, {"type": "Feature", "properties": {"target_id": "T-MSP-0244", "kind": "missing_plant", "vineyard_id": "V03", "row_id": "V03-R036", "x": 629038.38, "y": 5220759.06, "priority": 3, "reachable": true, "visited": true}, "geometry": {"type": "Point", "coordinates": [629038.38, 5220759.06]}}, {"type": "Feature", "properties": {"target_id": "T-MSP-0245", "kind": "missing_plant", "vineyard_id": "V03", "row_id": "V03-R046", "x": 629015.96, "y": 5220744.85, "priority": 3, "reachable": true, "visited": false}, "geometry": {"type": "Point", "coordinates": [629015.96, 5220744.85]}}, {"type": "Feature", "properties": {"target_id": "T-MSP-0246", "kind": "missing_plant", "vineyard_id": "V03", "row_id": "V03-R047", "x": 629061.46, "y": 5220669.11, "priority": 3, "reachable": true, "visited": false}, "geometry": {"type": "Point", "coordinates": [629061.46, 5220669.11]}}, {"type": "Feature", "properties": {"target_id": "T-MSP-0247", "kind": "missing_plant", "vineyard_id": "V03", "row_id": "V03-R047", "x": 629056.93, "y": 5220676.01, "priority": 3, "reachable": true, "visited": false}, "geometry": {"type": "Point", "coordinates": [629056.93, 5220676.01]}}, {"type": "Feature", "properties": {"target_id": "T-MSP-0248", "kind": "missing_plant", "vineyard_id": "V03", "row_id": "V03-R047", "x": 629050.75, "y": 5220685.44, "priority": 3, "reachable": true, "visited": false}, "geometry": {"type": "Point", "coordinates": [629050.75, 5220685.44]}}, {"type": "Feature", "properties": {"target_id": "T-MSP-0249", "kind": "missing_plant", "vineyard_id": "V03", "row_id": "V03-R047", "x": 629037.03, "y": 5220706.35, "priority": 3, "reachable": true, "visited": false}, "geometry": {"type": "Point", "coordinates": [629037.03, 5220706.35]}}, {"type": "Feature", "properties": {"target_id": "T-MSP-0250", "kind": "missing_plant", "vineyard_id": "V03", "row_id": "V03-R047", "x": 629028.67, "y": 5220719.12, "priority": 3, "reachable": true, "visited": false}, "geometry": {"type": "Point", "coordinates": [629028.67, 5220719.12]}}, {"type": "Feature", "properties": {"target_id": "T-MSP-0251", "kind": "missing_plant", "vineyard_id": "V03", "row_id": "V03-R048", "x": 629053.96, "y": 5220674.94, "priority": 3, "reachable": true, "visited": false}, "geometry": {"type": "Point", "coordinates": [629053.96, 5220674.94]}}, {"type": "Feature", "properties": {"target_id": "T-MSP-0252", "kind": "missing_plant", "vineyard_id": "V03", "row_id": "V03-R048", "x": 629032.02, "y": 5220708.65, "priority": 3, "reachable": true, "visited": false}, "geometry": {"type": "Point", "coordinates": [629032.02, 5220708.65]}}, {"type": "Feature", "properties": {"target_id": "T-MSP-0253", "kind": "missing_plant", "vineyard_id": "V03", "row_id": "V03-R049", "x": 629056.59, "y": 5220665.56, "priority": 3, "reachable": true, "visited": false}, "geometry": {"type": "Point", "coordinates": [629056.59, 5220665.56]}}, {"type": "Feature", "properties": {"target_id": "T-MSP-0254", "kind": "missing_plant", "vineyard_id": "V03", "row_id": "V03-R049", "x": 629049.0, "y": 5220677.12, "priority": 3, "reachable": true, "visited": false}, "geometry": {"type": "Point", "coordinates": [629049.0, 5220677.12]}}, {"type": "Feature", "properties": {"target_id": "T-MSP-0255", "kind": "missing_plant", "vineyard_id": "V03", "row_id": "V03-R049", "x": 629040.88, "y": 5220689.48, "priority": 3, "reachable": true, "visited": false}, "geometry": {"type": "Point", "coordinates": [629040.88, 5220689.48]}}, {"type": "Feature", "properties": {"target_id": "T-MSP-0256", "kind": "missing_plant", "vineyard_id": "V03", "row_id": "V03-R049", "x": 629019.41, "y": 5220722.17, "priority": 3, "reachable": true, "visited": false}, "geometry": {"type": "Point", "coordinates": [629019.41, 5220722.17]}}, {"type": "Feature", "properties": {"target_id": "T-MSP-0257", "kind": "missing_plant", "vineyard_id": "V03", "row_id": "V03-R050", "x": 629034.58, "y": 5220693.72, "priority": 3, "reachable": true, "visited": false}, "geometry": {"type": "Point", "coordinates": [629034.58, 5220693.72]}}, {"type": "Feature", "properties": {"target_id": "T-MSP-0258", "kind": "missing_plant", "vineyard_id": "V03", "row_id": "V03-R051", "x": 629034.28, "y": 5220688.37, "priority": 3, "reachable": true, "visited": false}, "geometry": {"type": "Point", "coordinates": [629034.28, 5220688.37]}}, {"type": "Feature", "properties": {"target_id": "T-MSP-0259", "kind": "missing_plant", "vineyard_id": "V03", "row_id": "V03-R051", "x": 629010.68, "y": 5220724.46, "priority": 3, "reachable": true, "visited": false}, "geometry": {"type": "Point", "coordinates": [629010.68, 5220724.46]}}, {"type": "Feature", "properties": {"target_id": "T-MSP-0260", "kind": "missing_plant", "vineyard_id": "V08", "row_id": "V08-R001", "x": 629478.14, "y": 5220551.14, "priority": 3, "reachable": true, "visited": false}, "geometry": {"type": "Point", "coordinates": [629478.14, 5220551.14]}}, {"type": "Feature", "properties": {"target_id": "T-MSP-0261", "kind": "missing_plant", "vineyard_id": "V08", "row_id": "V08-R003", "x": 629481.72, "y": 5220547.82, "priority": 3, "reachable": true, "visited": false}, "geometry": {"type": "Point", "coordinates": [629481.72, 5220547.82]}}, {"type": "Feature", "properties": {"target_id": "T-MSP-0262", "kind": "missing_plant", "vineyard_id": "V08", "row_id": "V08-R004", "x": 629468.7, "y": 5220542.61, "priority": 3, "reachable": true, "visited": false}, "geometry": {"type": "Point", "coordinates": [629468.7, 5220542.61]}}, {"type": "Feature", "properties": {"target_id": "T-MSP-0263", "kind": "missing_plant", "vineyard_id": "V08", "row_id": "V08-R006", "x": 629478.94, "y": 5220540.79, "priority": 3, "reachable": true, "visited": false}, "geometry": {"type": "Point", "coordinates": [629478.94, 5220540.79]}}, {"type": "Feature", "properties": {"target_id": "T-MSP-0264", "kind": "missing_plant", "vineyard_id": "V09", "row_id": "V09-R002", "x": 629494.0, "y": 5220535.23, "priority": 3, "reachable": true, "visited": false}, "geometry": {"type": "Point", "coordinates": [629494.0, 5220535.23]}}, {"type": "Feature", "properties": {"target_id": "T-MSP-0265", "kind": "missing_plant", "vineyard_id": "V10", "row_id": "V10-R002", "x": 629223.04, "y": 5220512.44, "priority": 3, "reachable": true, "visited": true}, "geometry": {"type": "Point", "coordinates": [629223.04, 5220512.44]}}, {"type": "Feature", "properties": {"target_id": "T-MSP-0266", "kind": "missing_plant", "vineyard_id": "V10", "row_id": "V10-R002", "x": 629216.38, "y": 5220516.05, "priority": 3, "reachable": true, "visited": true}, "geometry": {"type": "Point", "coordinates": [629216.38, 5220516.05]}}, {"type": "Feature", "properties": {"target_id": "T-MSP-0267", "kind": "missing_plant", "vineyard_id": "V10", "row_id": "V10-R002", "x": 629209.09, "y": 5220520.0, "priority": 3, "reachable": true, "visited": true}, "geometry": {"type": "Point", "coordinates": [629209.09, 5220520.0]}}, {"type": "Feature", "properties": {"target_id": "T-MSP-0268", "kind": "missing_plant", "vineyard_id": "V10", "row_id": "V10-R002", "x": 629186.6, "y": 5220532.19, "priority": 3, "reachable": true, "visited": true}, "geometry": {"type": "Point", "coordinates": [629186.6, 5220532.19]}}, {"type": "Feature", "properties": {"target_id": "T-MSP-0269", "kind": "missing_plant", "vineyard_id": "V10", "row_id": "V10-R002", "x": 629181.79, "y": 5220534.8, "priority": 3, "reachable": true, "visited": true}, "geometry": {"type": "Point", "coordinates": [629181.79, 5220534.8]}}, {"type": "Feature", "properties": {"target_id": "T-MSP-0270", "kind": "missing_plant", "vineyard_id": "V10", "row_id": "V10-R002", "x": 629176.82, "y": 5220537.49, "priority": 3, "reachable": true, "visited": true}, "geometry": {"type": "Point", "coordinates": [629176.82, 5220537.49]}}, {"type": "Feature", "properties": {"target_id": "T-MSP-0271", "kind": "missing_plant", "vineyard_id": "V10", "row_id": "V10-R002", "x": 629171.25, "y": 5220540.51, "priority": 3, "reachable": true, "visited": true}, "geometry": {"type": "Point", "coordinates": [629171.25, 5220540.51]}}, {"type": "Feature", "properties": {"target_id": "T-MSP-0272", "kind": "missing_plant", "vineyard_id": "V10", "row_id": "V10-R002", "x": 629167.36, "y": 5220542.62, "priority": 3, "reachable": true, "visited": true}, "geometry": {"type": "Point", "coordinates": [629167.36, 5220542.62]}}, {"type": "Feature", "properties": {"target_id": "T-MSP-0273", "kind": "missing_plant", "vineyard_id": "V10", "row_id": "V10-R003", "x": 629222.78, "y": 5220509.83, "priority": 3, "reachable": true, "visited": true}, "geometry": {"type": "Point", "coordinates": [629222.78, 5220509.83]}}, {"type": "Feature", "properties": {"target_id": "T-MSP-0274", "kind": "missing_plant", "vineyard_id": "V10", "row_id": "V10-R003", "x": 629209.31, "y": 5220517.19, "priority": 3, "reachable": true, "visited": true}, "geometry": {"type": "Point", "coordinates": [629209.31, 5220517.19]}}, {"type": "Feature", "properties": {"target_id": "T-MSP-0275", "kind": "missing_plant", "vineyard_id": "V10", "row_id": "V10-R003", "x": 629171.67, "y": 5220537.61, "priority": 3, "reachable": true, "visited": true}, "geometry": {"type": "Point", "coordinates": [629171.67, 5220537.61]}}, {"type": "Feature", "properties": {"target_id": "T-MSP-0276", "kind": "missing_plant", "vineyard_id": "V10", "row_id": "V10-R004", "x": 629224.77, "y": 5220506.32, "priority": 3, "reachable": true, "visited": true}, "geometry": {"type": "Point", "coordinates": [629224.77, 5220506.32]}}, {"type": "Feature", "properties": {"target_id": "T-MSP-0277", "kind": "missing_plant", "vineyard_id": "V10", "row_id": "V10-R004", "x": 629203.92, "y": 5220517.6, "priority": 3, "reachable": true, "visited": true}, "geometry": {"type": "Point", "coordinates": [629203.92, 5220517.6]}}, {"type": "Feature", "properties": {"target_id": "T-MSP-0278", "kind": "missing_plant", "vineyard_id": "V10", "row_id": "V10-R004", "x": 629190.35, "y": 5220524.94, "priority": 3, "reachable": true, "visited": true}, "geometry": {"type": "Point", "coordinates": [629190.35, 5220524.94]}}, {"type": "Feature", "properties": {"target_id": "T-MSP-0279", "kind": "missing_plant", "vineyard_id": "V10", "row_id": "V10-R004", "x": 629159.23, "y": 5220541.77, "priority": 3, "reachable": true, "visited": false}, "geometry": {"type": "Point", "coordinates": [629159.23, 5220541.77]}}, {"type": "Feature", "properties": {"target_id": "T-MSP-0280", "kind": "missing_plant", "vineyard_id": "V10", "row_id": "V10-R005", "x": 629226.41, "y": 5220502.76, "priority": 3, "reachable": true, "visited": true}, "geometry": {"type": "Point", "coordinates": [629226.41, 5220502.76]}}, {"type": "Feature", "properties": {"target_id": "T-MSP-0281", "kind": "missing_plant", "vineyard_id": "V10", "row_id": "V10-R005", "x": 629202.86, "y": 5220515.68, "priority": 3, "reachable": true, "visited": true}, "geometry": {"type": "Point", "coordinates": [629202.86, 5220515.68]}}, {"type": "Feature", "properties": {"target_id": "T-MSP-0282", "kind": "missing_plant", "vineyard_id": "V10", "row_id": "V10-R005", "x": 629190.54, "y": 5220522.35, "priority": 3, "reachable": true, "visited": true}, "geometry": {"type": "Point", "coordinates": [629190.54, 5220522.35]}}, {"type": "Feature", "properties": {"target_id": "T-MSP-0283", "kind": "missing_plant", "vineyard_id": "V10", "row_id": "V10-R005", "x": 629162.96, "y": 5220537.1, "priority": 3, "reachable": true, "visited": true}, "geometry": {"type": "Point", "coordinates": [629162.96, 5220537.1]}}, {"type": "Feature", "properties": {"target_id": "T-MSP-0284", "kind": "missing_plant", "vineyard_id": "V10", "row_id": "V10-R006", "x": 629202.22, "y": 5220513.09, "priority": 3, "reachable": true, "visited": true}, "geometry": {"type": "Point", "coordinates": [629202.22, 5220513.09]}}, {"type": "Feature", "properties": {"target_id": "T-MSP-0285", "kind": "missing_plant", "vineyard_id": "V10", "row_id": "V10-R006", "x": 629186.86, "y": 5220521.44, "priority": 3, "reachable": true, "visited": true}, "geometry": {"type": "Point", "coordinates": [629186.86, 5220521.44]}}, {"type": "Feature", "properties": {"target_id": "T-MSP-0286", "kind": "missing_plant", "vineyard_id": "V10", "row_id": "V10-R006", "x": 629178.9, "y": 5220525.76, "priority": 3, "reachable": true, "visited": true}, "geometry": {"type": "Point", "coordinates": [629178.9, 5220525.76]}}, {"type": "Feature", "properties": {"target_id": "T-MSP-0287", "kind": "missing_plant", "vineyard_id": "V10", "row_id": "V10-R006", "x": 629174.96, "y": 5220527.91, "priority": 3, "reachable": true, "visited": true}, "geometry": {"type": "Point", "coordinates": [629174.96, 5220527.91]}}, {"type": "Feature", "properties": {"target_id": "T-MSP-0288", "kind": "missing_plant", "vineyard_id": "V10", "row_id": "V10-R007", "x": 629179.38, "y": 5220522.91, "priority": 3, "reachable": true, "visited": false}, "geometry": {"type": "Point", "coordinates": [629179.38, 5220522.91]}}, {"type": "Feature", "properties": {"target_id": "T-MSP-0289", "kind": "missing_plant", "vineyard_id": "V10", "row_id": "V10-R007", "x": 629176.28, "y": 5220524.58, "priority": 3, "reachable": true, "visited": false}, "geometry": {"type": "Point", "coordinates": [629176.28, 5220524.58]}}, {"type": "Feature", "properties": {"target_id": "T-MSP-0290", "kind": "missing_plant", "vineyard_id": "V10", "row_id": "V10-R009", "x": 629228.19, "y": 5220493.75, "priority": 3, "reachable": true, "visited": true}, "geometry": {"type": "Point", "coordinates": [629228.19, 5220493.75]}}, {"type": "Feature", "properties": {"target_id": "T-MSP-0291", "kind": "missing_plant", "vineyard_id": "V10", "row_id": "V10-R009", "x": 629211.73, "y": 5220502.5, "priority": 3, "reachable": true, "visited": false}, "geometry": {"type": "Point", "coordinates": [629211.73, 5220502.5]}}, {"type": "Feature", "properties": {"target_id": "T-MSP-0292", "kind": "missing_plant", "vineyard_id": "V10", "row_id": "V10-R011", "x": 629208.46, "y": 5220499.41, "priority": 3, "reachable": true, "visited": false}, "geometry": {"type": "Point", "coordinates": [629208.46, 5220499.41]}}, {"type": "Feature", "properties": {"target_id": "T-MSP-0293", "kind": "missing_plant", "vineyard_id": "V10", "row_id": "V10-R013", "x": 629206.18, "y": 5220495.41, "priority": 3, "reachable": true, "visited": false}, "geometry": {"type": "Point", "coordinates": [629206.18, 5220495.41]}}, {"type": "Feature", "properties": {"target_id": "T-MSP-0294", "kind": "missing_plant", "vineyard_id": "V10", "row_id": "V10-R014", "x": 629209.52, "y": 5220490.79, "priority": 3, "reachable": true, "visited": false}, "geometry": {"type": "Point", "coordinates": [629209.52, 5220490.79]}}, {"type": "Feature", "properties": {"target_id": "T-MSP-0295", "kind": "missing_plant", "vineyard_id": "V10", "row_id": "V10-R014", "x": 629202.48, "y": 5220494.68, "priority": 3, "reachable": true, "visited": false}, "geometry": {"type": "Point", "coordinates": [629202.48, 5220494.68]}}, {"type": "Feature", "properties": {"target_id": "T-MSP-0296", "kind": "missing_plant", "vineyard_id": "V11", "row_id": "V11-R004", "x": 629204.79, "y": 5220485.62, "priority": 3, "reachable": true, "visited": false}, "geometry": {"type": "Point", "coordinates": [629204.79, 5220485.62]}}, {"type": "Feature", "properties": {"target_id": "T-MSP-0297", "kind": "missing_plant", "vineyard_id": "V11", "row_id": "V11-R005", "x": 629228.1, "y": 5220470.15, "priority": 3, "reachable": true, "visited": false}, "geometry": {"type": "Point", "coordinates": [629228.1, 5220470.15]}}, {"type": "Feature", "properties": {"target_id": "T-MSP-0298", "kind": "missing_plant", "vineyard_id": "V11", "row_id": "V11-R005", "x": 629202.96, "y": 5220483.81, "priority": 3, "reachable": true, "visited": false}, "geometry": {"type": "Point", "coordinates": [629202.96, 5220483.81]}}, {"type": "Feature", "properties": {"target_id": "T-MSP-0299", "kind": "missing_plant", "vineyard_id": "V11", "row_id": "V11-R006", "x": 629224.27, "y": 5220469.63, "priority": 3, "reachable": true, "visited": false}, "geometry": {"type": "Point", "coordinates": [629224.27, 5220469.63]}}, {"type": "Feature", "properties": {"target_id": "T-MSP-0300", "kind": "missing_plant", "vineyard_id": "V11", "row_id": "V11-R006", "x": 629219.89, "y": 5220472.04, "priority": 3, "reachable": true, "visited": false}, "geometry": {"type": "Point", "coordinates": [629219.89, 5220472.04]}}, {"type": "Feature", "properties": {"target_id": "T-MSP-0301", "kind": "missing_plant", "vineyard_id": "V11", "row_id": "V11-R007", "x": 629219.21, "y": 5220469.79, "priority": 3, "reachable": true, "visited": false}, "geometry": {"type": "Point", "coordinates": [629219.21, 5220469.79]}}, {"type": "Feature", "properties": {"target_id": "T-MSP-0302", "kind": "missing_plant", "vineyard_id": "V12", "row_id": "V12-R004", "x": 629602.54, "y": 5220435.89, "priority": 3, "reachable": true, "visited": false}, "geometry": {"type": "Point", "coordinates": [629602.54, 5220435.89]}}, {"type": "Feature", "properties": {"target_id": "T-MSP-0303", "kind": "missing_plant", "vineyard_id": "V13", "row_id": "V13-R003", "x": 629653.94, "y": 5220274.46, "priority": 3, "reachable": true, "visited": true}, "geometry": {"type": "Point", "coordinates": [629653.94, 5220274.46]}}, {"type": "Feature", "properties": {"target_id": "T-MSP-0304", "kind": "missing_plant", "vineyard_id": "V13", "row_id": "V13-R003", "x": 629648.45, "y": 5220281.59, "priority": 3, "reachable": true, "visited": true}, "geometry": {"type": "Point", "coordinates": [629648.45, 5220281.59]}}, {"type": "Feature", "properties": {"target_id": "T-MSP-0305", "kind": "missing_plant", "vineyard_id": "V13", "row_id": "V13-R004", "x": 629748.51, "y": 5220146.87, "priority": 3, "reachable": true, "visited": true}, "geometry": {"type": "Point", "coordinates": [629748.51, 5220146.87]}}, {"type": "Feature", "properties": {"target_id": "T-MSP-0306", "kind": "missing_plant", "vineyard_id": "V13", "row_id": "V13-R004", "x": 629740.76, "y": 5220156.99, "priority": 3, "reachable": true, "visited": true}, "geometry": {"type": "Point", "coordinates": [629740.76, 5220156.99]}}, {"type": "Feature", "properties": {"target_id": "T-MSP-0307", "kind": "missing_plant", "vineyard_id": "V13", "row_id": "V13-R004", "x": 629734.52, "y": 5220165.11, "priority": 3, "reachable": true, "visited": true}, "geometry": {"type": "Point", "coordinates": [629734.52, 5220165.11]}}, {"type": "Feature", "properties": {"target_id": "T-MSP-0308", "kind": "missing_plant", "vineyard_id": "V13", "row_id": "V13-R004", "x": 629688.49, "y": 5220224.88, "priority": 3, "reachable": true, "visited": true}, "geometry": {"type": "Point", "coordinates": [629688.49, 5220224.88]}}, {"type": "Feature", "properties": {"target_id": "T-MSP-0309", "kind": "missing_plant", "vineyard_id": "V13", "row_id": "V13-R004", "x": 629680.31, "y": 5220235.46, "priority": 3, "reachable": true, "visited": true}, "geometry": {"type": "Point", "coordinates": [629680.31, 5220235.46]}}, {"type": "Feature", "properties": {"target_id": "T-MSP-0310", "kind": "missing_plant", "vineyard_id": "V13", "row_id": "V13-R004", "x": 629652.01, "y": 5220272.07, "priority": 3, "reachable": true, "visited": true}, "geometry": {"type": "Point", "coordinates": [629652.01, 5220272.07]}}, {"type": "Feature", "properties": {"target_id": "T-MSP-0311", "kind": "missing_plant", "vineyard_id": "V13", "row_id": "V13-R005", "x": 629744.4, "y": 5220147.89, "priority": 3, "reachable": true, "visited": true}, "geometry": {"type": "Point", "coordinates": [629744.4, 5220147.89]}}, {"type": "Feature", "properties": {"target_id": "T-MSP-0312", "kind": "missing_plant", "vineyard_id": "V13", "row_id": "V13-R005", "x": 629734.28, "y": 5220161.08, "priority": 3, "reachable": true, "visited": true}, "geometry": {"type": "Point", "coordinates": [629734.28, 5220161.08]}}, {"type": "Feature", "properties": {"target_id": "T-MSP-0313", "kind": "missing_plant", "vineyard_id": "V13", "row_id": "V13-R005", "x": 629724.26, "y": 5220174.15, "priority": 3, "reachable": true, "visited": true}, "geometry": {"type": "Point", "coordinates": [629724.26, 5220174.15]}}, {"type": "Feature", "properties": {"target_id": "T-MSP-0314", "kind": "missing_plant", "vineyard_id": "V13", "row_id": "V13-R005", "x": 629720.14, "y": 5220179.52, "priority": 3, "reachable": true, "visited": true}, "geometry": {"type": "Point", "coordinates": [629720.14, 5220179.52]}}, {"type": "Feature", "properties": {"target_id": "T-MSP-0315", "kind": "missing_plant", "vineyard_id": "V13", "row_id": "V13-R005", "x": 629691.38, "y": 5220216.74, "priority": 3, "reachable": true, "visited": true}, "geometry": {"type": "Point", "coordinates": [629691.38, 5220216.74]}}, {"type": "Feature", "properties": {"target_id": "T-MSP-0316", "kind": "missing_plant", "vineyard_id": "V13", "row_id": "V13-R005", "x": 629686.1, "y": 5220223.56, "priority": 3, "reachable": true, "visited": true}, "geometry": {"type": "Point", "coordinates": [629686.1, 5220223.56]}}, {"type": "Feature", "properties": {"target_id": "T-MSP-0317", "kind": "missing_plant", "vineyard_id": "V13", "row_id": "V13-R005", "x": 629675.35, "y": 5220237.42, "priority": 3, "reachable": true, "visited": true}, "geometry": {"type": "Point", "coordinates": [629675.35, 5220237.42]}}, {"type": "Feature", "properties": {"target_id": "T-MSP-0318", "kind": "missing_plant", "vineyard_id": "V13", "row_id": "V13-R005", "x": 629661.62, "y": 5220255.13, "priority": 3, "reachable": true, "visited": true}, "geometry": {"type": "Point", "coordinates": [629661.62, 5220255.13]}}, {"type": "Feature", "properties": {"target_id": "T-MSP-0319", "kind": "missing_plant", "vineyard_id": "V13", "row_id": "V13-R006", "x": 629754.18, "y": 5220130.57, "priority": 3, "reachable": true, "visited": true}, "geometry": {"type": "Point", "coordinates": [629754.18, 5220130.57]}}, {"type": "Feature", "properties": {"target_id": "T-MSP-0320", "kind": "missing_plant", "vineyard_id": "V13", "row_id": "V13-R006", "x": 629734.74, "y": 5220155.86, "priority": 3, "reachable": true, "visited": true}, "geometry": {"type": "Point", "coordinates": [629734.74, 5220155.86]}}, {"type": "Feature", "properties": {"target_id": "T-MSP-0321", "kind": "missing_plant", "vineyard_id": "V13", "row_id": "V13-R006", "x": 629726.81, "y": 5220166.18, "priority": 3, "reachable": true, "visited": true}, "geometry": {"type": "Point", "coordinates": [629726.81, 5220166.18]}}, {"type": "Feature", "properties": {"target_id": "T-MSP-0322", "kind": "missing_plant", "vineyard_id": "V13", "row_id": "V13-R006", "x": 629676.97, "y": 5220231.01, "priority": 3, "reachable": true, "visited": true}, "geometry": {"type": "Point", "coordinates": [629676.97, 5220231.01]}}, {"type": "Feature", "properties": {"target_id": "T-MSP-0323", "kind": "missing_plant", "vineyard_id": "V13", "row_id": "V13-R006", "x": 629666.45, "y": 5220244.7, "priority": 3, "reachable": true, "visited": true}, "geometry": {"type": "Point", "coordinates": [629666.45, 5220244.7]}}, {"type": "Feature", "properties": {"target_id": "T-MSP-0324", "kind": "missing_plant", "vineyard_id": "V13", "row_id": "V13-R006", "x": 629659.41, "y": 5220253.85, "priority": 3, "reachable": true, "visited": true}, "geometry": {"type": "Point", "coordinates": [629659.41, 5220253.85]}}, {"type": "Feature", "properties": {"target_id": "T-MSP-0325", "kind": "missing_plant", "vineyard_id": "V13", "row_id": "V13-R006", "x": 629654.72, "y": 5220259.95, "priority": 3, "reachable": true, "visited": true}, "geometry": {"type": "Point", "coordinates": [629654.72, 5220259.95]}}, {"type": "Feature", "properties": {"target_id": "T-MSP-0326", "kind": "missing_plant", "vineyard_id": "V13", "row_id": "V13-R006", "x": 629647.49, "y": 5220269.35, "priority": 3, "reachable": true, "visited": true}, "geometry": {"type": "Point", "coordinates": [629647.49, 5220269.35]}}, {"type": "Feature", "properties": {"target_id": "T-MSP-0327", "kind": "missing_plant", "vineyard_id": "V13", "row_id": "V13-R006", "x": 629639.84, "y": 5220279.3, "priority": 3, "reachable": true, "visited": true}, "geometry": {"type": "Point", "coordinates": [629639.84, 5220279.3]}}, {"type": "Feature", "properties": {"target_id": "T-MSP-0328", "kind": "missing_plant", "vineyard_id": "V13", "row_id": "V13-R007", "x": 629740.02, "y": 5220144.71, "priority": 3, "reachable": true, "visited": false}, "geometry": {"type": "Point", "coordinates": [629740.02, 5220144.71]}}, {"type": "Feature", "properties": {"target_id": "T-MSP-0329", "kind": "missing_plant", "vineyard_id": "V13", "row_id": "V13-R007", "x": 629726.14, "y": 5220162.75, "priority": 3, "reachable": true, "visited": false}, "geometry": {"type": "Point", "coordinates": [629726.14, 5220162.75]}}, {"type": "Feature", "properties": {"target_id": "T-MSP-0330", "kind": "missing_plant", "vineyard_id": "V13", "row_id": "V13-R007", "x": 629717.91, "y": 5220173.42, "priority": 3, "reachable": true, "visited": false}, "geometry": {"type": "Point", "coordinates": [629717.91, 5220173.42]}}, {"type": "Feature", "properties": {"target_id": "T-MSP-0331", "kind": "missing_plant", "vineyard_id": "V13", "row_id": "V13-R007", "x": 629714.01, "y": 5220178.46, "priority": 3, "reachable": true, "visited": false}, "geometry": {"type": "Point", "coordinates": [629714.01, 5220178.46]}}, {"type": "Feature", "properties": {"target_id": "T-MSP-0332", "kind": "missing_plant", "vineyard_id": "V13", "row_id": "V13-R007", "x": 629659.31, "y": 5220249.35, "priority": 3, "reachable": true, "visited": true}, "geometry": {"type": "Point", "coordinates": [629659.31, 5220249.35]}}, {"type": "Feature", "properties": {"target_id": "T-MSP-0333", "kind": "missing_plant", "vineyard_id": "V13", "row_id": "V13-R007", "x": 629647.7, "y": 5220264.39, "priority": 3, "reachable": true, "visited": true}, "geometry": {"type": "Point", "coordinates": [629647.7, 5220264.39]}}, {"type": "Feature", "properties": {"target_id": "T-MSP-0334", "kind": "missing_plant", "vineyard_id": "V13", "row_id": "V13-R008", "x": 629733.81, "y": 5220148.09, "priority": 3, "reachable": true, "visited": false}, "geometry": {"type": "Point", "coordinates": [629733.81, 5220148.09]}}, {"type": "Feature", "properties": {"target_id": "T-MSP-0335", "kind": "missing_plant", "vineyard_id": "V13", "row_id": "V13-R008", "x": 629722.34, "y": 5220162.97, "priority": 3, "reachable": true, "visited": false}, "geometry": {"type": "Point", "coordinates": [629722.34, 5220162.97]}}, {"type": "Feature", "properties": {"target_id": "T-MSP-0336", "kind": "missing_plant", "vineyard_id": "V13", "row_id": "V13-R008", "x": 629719.49, "y": 5220166.66, "priority": 3, "reachable": true, "visited": false}, "geometry": {"type": "Point", "coordinates": [629719.49, 5220166.66]}}, {"type": "Feature", "properties": {"target_id": "T-MSP-0337", "kind": "missing_plant", "vineyard_id": "V13", "row_id": "V13-R008", "x": 629704.82, "y": 5220185.71, "priority": 3, "reachable": true, "visited": false}, "geometry": {"type": "Point", "coordinates": [629704.82, 5220185.71]}}, {"type": "Feature", "properties": {"target_id": "T-MSP-0338", "kind": "missing_plant", "vineyard_id": "V13", "row_id": "V13-R008", "x": 629661.83, "y": 5220241.5, "priority": 3, "reachable": true, "visited": true}, "geometry": {"type": "Point", "coordinates": [629661.83, 5220241.5]}}, {"type": "Feature", "properties": {"target_id": "T-MSP-0339", "kind": "missing_plant", "vineyard_id": "V13", "row_id": "V13-R008", "x": 629644.02, "y": 5220264.61, "priority": 3, "reachable": true, "visited": true}, "geometry": {"type": "Point", "coordinates": [629644.02, 5220264.61]}}, {"type": "Feature", "properties": {"target_id": "T-MSP-0340", "kind": "missing_plant", "vineyard_id": "V13", "row_id": "V13-R010", "x": 629739.04, "y": 5220131.81, "priority": 3, "reachable": true, "visited": true}, "geometry": {"type": "Point", "coordinates": [629739.04, 5220131.81]}}, {"type": "Feature", "properties": {"target_id": "T-MSP-0341", "kind": "missing_plant", "vineyard_id": "V13", "row_id": "V13-R010", "x": 629734.96, "y": 5220137.12, "priority": 3, "reachable": true, "visited": true}, "geometry": {"type": "Point", "coordinates": [629734.96, 5220137.12]}}, {"type": "Feature", "properties": {"target_id": "T-MSP-0342", "kind": "missing_plant", "vineyard_id": "V13", "row_id": "V13-R010", "x": 629731.55, "y": 5220141.55, "priority": 3, "reachable": true, "visited": true}, "geometry": {"type": "Point", "coordinates": [629731.55, 5220141.55]}}, {"type": "Feature", "properties": {"target_id": "T-MSP-0343", "kind": "missing_plant", "vineyard_id": "V13", "row_id": "V13-R010", "x": 629715.67, "y": 5220162.22, "priority": 3, "reachable": true, "visited": true}, "geometry": {"type": "Point", "coordinates": [629715.67, 5220162.22]}}, {"type": "Feature", "properties": {"target_id": "T-MSP-0344", "kind": "missing_plant", "vineyard_id": "V13", "row_id": "V13-R010", "x": 629699.9, "y": 5220182.92, "priority": 3, "reachable": true, "visited": true}, "geometry": {"type": "Point", "coordinates": [629699.9, 5220182.92]}}, {"type": "Feature", "properties": {"target_id": "T-MSP-0345", "kind": "missing_plant", "vineyard_id": "V13", "row_id": "V13-R010", "x": 629666.18, "y": 5220226.88, "priority": 3, "reachable": true, "visited": true}, "geometry": {"type": "Point", "coordinates": [629666.18, 5220226.88]}}, {"type": "Feature", "properties": {"target_id": "T-MSP-0346", "kind": "missing_plant", "vineyard_id": "V13", "row_id": "V13-R010", "x": 629637.17, "y": 5220264.55, "priority": 3, "reachable": true, "visited": true}, "geometry": {"type": "Point", "coordinates": [629637.17, 5220264.55]}}, {"type": "Feature", "properties": {"target_id": "T-MSP-0347", "kind": "missing_plant", "vineyard_id": "V13", "row_id": "V13-R010", "x": 629626.54, "y": 5220278.28, "priority": 3, "reachable": true, "visited": true}, "geometry": {"type": "Point", "coordinates": [629626.54, 5220278.28]}}, {"type": "Feature", "properties": {"target_id": "T-MSP-0348", "kind": "missing_plant", "vineyard_id": "V13", "row_id": "V13-R011", "x": 629757.19, "y": 5220103.13, "priority": 3, "reachable": true, "visited": true}, "geometry": {"type": "Point", "coordinates": [629757.19, 5220103.13]}}, {"type": "Feature", "properties": {"target_id": "T-MSP-0349", "kind": "missing_plant", "vineyard_id": "V13", "row_id": "V13-R011", "x": 629750.83, "y": 5220111.55, "priority": 3, "reachable": true, "visited": true}, "geometry": {"type": "Point", "coordinates": [629750.83, 5220111.55]}}, {"type": "Feature", "properties": {"target_id": "T-MSP-0350", "kind": "missing_plant", "vineyard_id": "V13", "row_id": "V13-R011", "x": 629731.33, "y": 5220137.43, "priority": 3, "reachable": true, "visited": true}, "geometry": {"type": "Point", "coordinates": [629731.33, 5220137.43]}}, {"type": "Feature", "properties": {"target_id": "T-MSP-0351", "kind": "missing_plant", "vineyard_id": "V13", "row_id": "V13-R011", "x": 629720.2, "y": 5220152.08, "priority": 3, "reachable": true, "visited": true}, "geometry": {"type": "Point", "coordinates": [629720.2, 5220152.08]}}, {"type": "Feature", "properties": {"target_id": "T-MSP-0352", "kind": "missing_plant", "vineyard_id": "V13", "row_id": "V13-R011", "x": 629699.82, "y": 5220178.57, "priority": 3, "reachable": true, "visited": true}, "geometry": {"type": "Point", "coordinates": [629699.82, 5220178.57]}}, {"type": "Feature", "properties": {"target_id": "T-MSP-0353", "kind": "missing_plant", "vineyard_id": "V13", "row_id": "V13-R011", "x": 629688.04, "y": 5220193.86, "priority": 3, "reachable": true, "visited": true}, "geometry": {"type": "Point", "coordinates": [629688.04, 5220193.86]}}, {"type": "Feature", "properties": {"target_id": "T-MSP-0354", "kind": "missing_plant", "vineyard_id": "V13", "row_id": "V13-R012", "x": 629738.34, "y": 5220123.77, "priority": 3, "reachable": true, "visited": true}, "geometry": {"type": "Point", "coordinates": [629738.34, 5220123.77]}}, {"type": "Feature", "properties": {"target_id": "T-MSP-0355", "kind": "missing_plant", "vineyard_id": "V13", "row_id": "V13-R012", "x": 629735.54, "y": 5220127.4, "priority": 3, "reachable": true, "visited": true}, "geometry": {"type": "Point", "coordinates": [629735.54, 5220127.4]}}, {"type": "Feature", "properties": {"target_id": "T-MSP-0356", "kind": "missing_plant", "vineyard_id": "V13", "row_id": "V13-R012", "x": 629650.07, "y": 5220238.68, "priority": 3, "reachable": true, "visited": true}, "geometry": {"type": "Point", "coordinates": [629650.07, 5220238.68]}}, {"type": "Feature", "properties": {"target_id": "T-MSP-0357", "kind": "missing_plant", "vineyard_id": "V13", "row_id": "V13-R012", "x": 629625.66, "y": 5220270.45, "priority": 3, "reachable": true, "visited": true}, "geometry": {"type": "Point", "coordinates": [629625.66, 5220270.45]}}, {"type": "Feature", "properties": {"target_id": "T-MSP-0358", "kind": "missing_plant", "vineyard_id": "V13", "row_id": "V13-R012", "x": 629619.63, "y": 5220278.3, "priority": 3, "reachable": true, "visited": true}, "geometry": {"type": "Point", "coordinates": [629619.63, 5220278.3]}}, {"type": "Feature", "properties": {"target_id": "T-MSP-0359", "kind": "missing_plant", "vineyard_id": "V13", "row_id": "V13-R013", "x": 629712.67, "y": 5220152.32, "priority": 3, "reachable": true, "visited": true}, "geometry": {"type": "Point", "coordinates": [629712.67, 5220152.32]}}, {"type": "Feature", "properties": {"target_id": "T-MSP-0360", "kind": "missing_plant", "vineyard_id": "V13", "row_id": "V13-R013", "x": 629643.46, "y": 5220242.39, "priority": 3, "reachable": true, "visited": true}, "geometry": {"type": "Point", "coordinates": [629643.46, 5220242.39]}}, {"type": "Feature", "properties": {"target_id": "T-MSP-0361", "kind": "missing_plant", "vineyard_id": "V13", "row_id": "V13-R013", "x": 629619.14, "y": 5220274.27, "priority": 3, "reachable": true, "visited": true}, "geometry": {"type": "Point", "coordinates": [629619.14, 5220274.27]}}, {"type": "Feature", "properties": {"target_id": "T-MSP-0362", "kind": "missing_plant", "vineyard_id": "V13", "row_id": "V13-R014", "x": 629718.41, "y": 5220140.42, "priority": 3, "reachable": true, "visited": true}, "geometry": {"type": "Point", "coordinates": [629718.41, 5220140.42]}}, {"type": "Feature", "properties": {"target_id": "T-MSP-0363", "kind": "missing_plant", "vineyard_id": "V13", "row_id": "V13-R014", "x": 629712.67, "y": 5220147.89, "priority": 3, "reachable": true, "visited": true}, "geometry": {"type": "Point", "coordinates": [629712.67, 5220147.89]}}, {"type": "Feature", "properties": {"target_id": "T-MSP-0364", "kind": "missing_plant", "vineyard_id": "V13", "row_id": "V13-R014", "x": 629705.15, "y": 5220157.72, "priority": 3, "reachable": true, "visited": true}, "geometry": {"type": "Point", "coordinates": [629705.15, 5220157.72]}}, {"type": "Feature", "properties": {"target_id": "T-MSP-0365", "kind": "missing_plant", "vineyard_id": "V13", "row_id": "V13-R014", "x": 629698.13, "y": 5220166.92, "priority": 3, "reachable": true, "visited": true}, "geometry": {"type": "Point", "coordinates": [629698.13, 5220166.92]}}, {"type": "Feature", "properties": {"target_id": "T-MSP-0366", "kind": "missing_plant", "vineyard_id": "V13", "row_id": "V13-R014", "x": 629631.5, "y": 5220253.59, "priority": 3, "reachable": true, "visited": true}, "geometry": {"type": "Point", "coordinates": [629631.5, 5220253.59]}}, {"type": "Feature", "properties": {"target_id": "T-MSP-0367", "kind": "missing_plant", "vineyard_id": "V13", "row_id": "V13-R014", "x": 629623.6, "y": 5220263.93, "priority": 3, "reachable": true, "visited": true}, "geometry": {"type": "Point", "coordinates": [629623.6, 5220263.93]}}, {"type": "Feature", "properties": {"target_id": "T-MSP-0368", "kind": "missing_plant", "vineyard_id": "V13", "row_id": "V13-R015", "x": 629738.23, "y": 5220110.32, "priority": 3, "reachable": true, "visited": true}, "geometry": {"type": "Point", "coordinates": [629738.23, 5220110.32]}}, {"type": "Feature", "properties": {"target_id": "T-MSP-0369", "kind": "missing_plant", "vineyard_id": "V13", "row_id": "V13-R015", "x": 629729.83, "y": 5220121.23, "priority": 3, "reachable": true, "visited": true}, "geometry": {"type": "Point", "coordinates": [629729.83, 5220121.23]}}, {"type": "Feature", "properties": {"target_id": "T-MSP-0370", "kind": "missing_plant", "vineyard_id": "V13", "row_id": "V13-R015", "x": 629726.16, "y": 5220125.99, "priority": 3, "reachable": true, "visited": true}, "geometry": {"type": "Point", "coordinates": [629726.16, 5220125.99]}}, {"type": "Feature", "properties": {"target_id": "T-MSP-0371", "kind": "missing_plant", "vineyard_id": "V13", "row_id": "V13-R015", "x": 629704.2, "y": 5220154.5, "priority": 3, "reachable": true, "visited": true}, "geometry": {"type": "Point", "coordinates": [629704.2, 5220154.5]}}, {"type": "Feature", "properties": {"target_id": "T-MSP-0372", "kind": "missing_plant", "vineyard_id": "V13", "row_id": "V13-R015", "x": 629699.86, "y": 5220160.14, "priority": 3, "reachable": true, "visited": true}, "geometry": {"type": "Point", "coordinates": [629699.86, 5220160.14]}}, {"type": "Feature", "properties": {"target_id": "T-MSP-0373", "kind": "missing_plant", "vineyard_id": "V13", "row_id": "V13-R015", "x": 629695.72, "y": 5220165.5, "priority": 3, "reachable": true, "visited": true}, "geometry": {"type": "Point", "coordinates": [629695.72, 5220165.5]}}, {"type": "Feature", "properties": {"target_id": "T-MSP-0374", "kind": "missing_plant", "vineyard_id": "V13", "row_id": "V13-R015", "x": 629682.52, "y": 5220182.64, "priority": 3, "reachable": true, "visited": true}, "geometry": {"type": "Point", "coordinates": [629682.52, 5220182.64]}}, {"type": "Feature", "properties": {"target_id": "T-MSP-0375", "kind": "missing_plant", "vineyard_id": "V13", "row_id": "V13-R017", "x": 629665.53, "y": 5220200.42, "priority": 3, "reachable": true, "visited": true}, "geometry": {"type": "Point", "coordinates": [629665.53, 5220200.42]}}, {"type": "Feature", "properties": {"target_id": "T-MSP-0376", "kind": "missing_plant", "vineyard_id": "V13", "row_id": "V13-R017", "x": 629661.29, "y": 5220205.95, "priority": 3, "reachable": true, "visited": true}, "geometry": {"type": "Point", "coordinates": [629661.29, 5220205.95]}}, {"type": "Feature", "properties": {"target_id": "T-MSP-0377", "kind": "missing_plant", "vineyard_id": "V13", "row_id": "V13-R017", "x": 629634.96, "y": 5220240.33, "priority": 3, "reachable": true, "visited": true}, "geometry": {"type": "Point", "coordinates": [629634.96, 5220240.33]}}, {"type": "Feature", "properties": {"target_id": "T-MSP-0378", "kind": "missing_plant", "vineyard_id": "V13", "row_id": "V13-R017", "x": 629628.27, "y": 5220249.06, "priority": 3, "reachable": true, "visited": true}, "geometry": {"type": "Point", "coordinates": [629628.27, 5220249.06]}}, {"type": "Feature", "properties": {"target_id": "T-MSP-0379", "kind": "missing_plant", "vineyard_id": "V13", "row_id": "V13-R017", "x": 629610.22, "y": 5220272.3, "priority": 3, "reachable": true, "visited": true}, "geometry": {"type": "Point", "coordinates": [629610.22, 5220272.3]}}, {"type": "Feature", "properties": {"target_id": "T-MSP-0380", "kind": "missing_plant", "vineyard_id": "V13", "row_id": "V13-R018", "x": 629735.37, "y": 5220108.46, "priority": 3, "reachable": true, "visited": true}, "geometry": {"type": "Point", "coordinates": [629735.37, 5220108.46]}}, {"type": "Feature", "properties": {"target_id": "T-MSP-0381", "kind": "missing_plant", "vineyard_id": "V13", "row_id": "V13-R018", "x": 629718.59, "y": 5220130.3, "priority": 3, "reachable": true, "visited": true}, "geometry": {"type": "Point", "coordinates": [629718.59, 5220130.3]}}, {"type": "Feature", "properties": {"target_id": "T-MSP-0382", "kind": "missing_plant", "vineyard_id": "V13", "row_id": "V13-R018", "x": 629699.7, "y": 5220154.88, "priority": 3, "reachable": true, "visited": true}, "geometry": {"type": "Point", "coordinates": [629699.7, 5220154.88]}}, {"type": "Feature", "properties": {"target_id": "T-MSP-0383", "kind": "missing_plant", "vineyard_id": "V13", "row_id": "V13-R018", "x": 629691.6, "y": 5220165.42, "priority": 3, "reachable": true, "visited": true}, "geometry": {"type": "Point", "coordinates": [629691.6, 5220165.42]}}, {"type": "Feature", "properties": {"target_id": "T-MSP-0384", "kind": "missing_plant", "vineyard_id": "V13", "row_id": "V13-R018", "x": 629685.97, "y": 5220172.75, "priority": 3, "reachable": true, "visited": true}, "geometry": {"type": "Point", "coordinates": [629685.97, 5220172.75]}}, {"type": "Feature", "properties": {"target_id": "T-MSP-0385", "kind": "missing_plant", "vineyard_id": "V13", "row_id": "V13-R019", "x": 629728.45, "y": 5220113.35, "priority": 3, "reachable": true, "visited": true}, "geometry": {"type": "Point", "coordinates": [629728.45, 5220113.35]}}, {"type": "Feature", "properties": {"target_id": "T-MSP-0386", "kind": "missing_plant", "vineyard_id": "V13", "row_id": "V13-R019", "x": 629717.99, "y": 5220126.95, "priority": 3, "reachable": true, "visited": true}, "geometry": {"type": "Point", "coordinates": [629717.99, 5220126.95]}}, {"type": "Feature", "properties": {"target_id": "T-MSP-0387", "kind": "missing_plant", "vineyard_id": "V13", "row_id": "V13-R019", "x": 629715.42, "y": 5220130.28, "priority": 3, "reachable": true, "visited": true}, "geometry": {"type": "Point", "coordinates": [629715.42, 5220130.28]}}, {"type": "Feature", "properties": {"target_id": "T-MSP-0388", "kind": "missing_plant", "vineyard_id": "V13", "row_id": "V13-R019", "x": 629661.7, "y": 5220200.56, "priority": 3, "reachable": true, "visited": true}, "geometry": {"type": "Point", "coordinates": [629661.7, 5220200.56]}}, {"type": "Feature", "properties": {"target_id": "T-MSP-0389", "kind": "missing_plant", "vineyard_id": "V13", "row_id": "V13-R019", "x": 629625.85, "y": 5220247.33, "priority": 3, "reachable": true, "visited": true}, "geometry": {"type": "Point", "coordinates": [629625.85, 5220247.33]}}, {"type": "Feature", "properties": {"target_id": "T-MSP-0390", "kind": "missing_plant", "vineyard_id": "V13", "row_id": "V13-R020", "x": 629719.52, "y": 5220121.21, "priority": 3, "reachable": true, "visited": true}, "geometry": {"type": "Point", "coordinates": [629719.52, 5220121.21]}}, {"type": "Feature", "properties": {"target_id": "T-MSP-0391", "kind": "missing_plant", "vineyard_id": "V13", "row_id": "V13-R020", "x": 629703.6, "y": 5220141.99, "priority": 3, "reachable": true, "visited": true}, "geometry": {"type": "Point", "coordinates": [629703.6, 5220141.99]}}, {"type": "Feature", "properties": {"target_id": "T-MSP-0392", "kind": "missing_plant", "vineyard_id": "V13", "row_id": "V13-R020", "x": 629689.83, "y": 5220159.96, "priority": 3, "reachable": true, "visited": true}, "geometry": {"type": "Point", "coordinates": [629689.83, 5220159.96]}}, {"type": "Feature", "properties": {"target_id": "T-MSP-0393", "kind": "missing_plant", "vineyard_id": "V13", "row_id": "V13-R020", "x": 629685.41, "y": 5220165.73, "priority": 3, "reachable": true, "visited": true}, "geometry": {"type": "Point", "coordinates": [629685.41, 5220165.73]}}, {"type": "Feature", "properties": {"target_id": "T-MSP-0394", "kind": "missing_plant", "vineyard_id": "V13", "row_id": "V13-R020", "x": 629631.82, "y": 5220235.52, "priority": 3, "reachable": true, "visited": true}, "geometry": {"type": "Point", "coordinates": [629631.82, 5220235.52]}}, {"type": "Feature", "properties": {"target_id": "T-MSP-0395", "kind": "missing_plant", "vineyard_id": "V13", "row_id": "V13-R020", "x": 629622.98, "y": 5220246.96, "priority": 3, "reachable": true, "visited": true}, "geometry": {"type": "Point", "coordinates": [629622.98, 5220246.96]}}, {"type": "Feature", "properties": {"target_id": "T-MSP-0396", "kind": "missing_plant", "vineyard_id": "V13", "row_id": "V13-R020", "x": 629620.42, "y": 5220250.23, "priority": 3, "reachable": true, "visited": true}, "geometry": {"type": "Point", "coordinates": [629620.42, 5220250.23]}}, {"type": "Feature", "properties": {"target_id": "T-MSP-0397", "kind": "missing_plant", "vineyard_id": "V13", "row_id": "V13-R021", "x": 629695.61, "y": 5220148.12, "priority": 3, "reachable": true, "visited": true}, "geometry": {"type": "Point", "coordinates": [629695.61, 5220148.12]}}, {"type": "Feature", "properties": {"target_id": "T-MSP-0398", "kind": "missing_plant", "vineyard_id": "V13", "row_id": "V13-R023", "x": 629690.11, "y": 5220151.46, "priority": 3, "reachable": true, "visited": true}, "geometry": {"type": "Point", "coordinates": [629690.11, 5220151.46]}}, {"type": "Feature", "properties": {"target_id": "T-MSP-0399", "kind": "missing_plant", "vineyard_id": "V13", "row_id": "V13-R023", "x": 629680.12, "y": 5220164.47, "priority": 3, "reachable": true, "visited": true}, "geometry": {"type": "Point", "coordinates": [629680.12, 5220164.47]}}, {"type": "Feature", "properties": {"target_id": "T-MSP-0400", "kind": "missing_plant", "vineyard_id": "V13", "row_id": "V13-R023", "x": 629676.48, "y": 5220169.22, "priority": 3, "reachable": true, "visited": true}, "geometry": {"type": "Point", "coordinates": [629676.48, 5220169.22]}}, {"type": "Feature", "properties": {"target_id": "T-MSP-0401", "kind": "missing_plant", "vineyard_id": "V13", "row_id": "V13-R023", "x": 629662.76, "y": 5220187.09, "priority": 3, "reachable": true, "visited": true}, "geometry": {"type": "Point", "coordinates": [629662.76, 5220187.09]}}, {"type": "Feature", "properties": {"target_id": "T-MSP-0402", "kind": "missing_plant", "vineyard_id": "V13", "row_id": "V13-R024", "x": 629698.97, "y": 5220138.55, "priority": 3, "reachable": true, "visited": true}, "geometry": {"type": "Point", "coordinates": [629698.97, 5220138.55]}}, {"type": "Feature", "properties": {"target_id": "T-MSP-0403", "kind": "missing_plant", "vineyard_id": "V13", "row_id": "V13-R025", "x": 629638.9, "y": 5220217.01, "priority": 3, "reachable": true, "visited": true}, "geometry": {"type": "Point", "coordinates": [629638.9, 5220217.01]}}, {"type": "Feature", "properties": {"target_id": "T-MSP-0404", "kind": "missing_plant", "vineyard_id": "V13", "row_id": "V13-R026", "x": 629698.69, "y": 5220134.47, "priority": 3, "reachable": true, "visited": true}, "geometry": {"type": "Point", "coordinates": [629698.69, 5220134.47]}}, {"type": "Feature", "properties": {"target_id": "T-MSP-0405", "kind": "missing_plant", "vineyard_id": "V13", "row_id": "V13-R026", "x": 629696.68, "y": 5220137.1, "priority": 3, "reachable": true, "visited": true}, "geometry": {"type": "Point", "coordinates": [629696.68, 5220137.1]}}, {"type": "Feature", "properties": {"target_id": "T-MSP-0406", "kind": "missing_plant", "vineyard_id": "V13", "row_id": "V13-R026", "x": 629691.26, "y": 5220144.22, "priority": 3, "reachable": true, "visited": true}, "geometry": {"type": "Point", "coordinates": [629691.26, 5220144.22]}}, {"type": "Feature", "properties": {"target_id": "T-MSP-0407", "kind": "missing_plant", "vineyard_id": "V13", "row_id": "V13-R026", "x": 629678.88, "y": 5220160.17, "priority": 3, "reachable": true, "visited": true}, "geometry": {"type": "Point", "coordinates": [629678.88, 5220160.17]}}, {"type": "Feature", "properties": {"target_id": "T-MSP-0408", "kind": "missing_plant", "vineyard_id": "V13", "row_id": "V13-R026", "x": 629676.78, "y": 5220162.88, "priority": 3, "reachable": true, "visited": true}, "geometry": {"type": "Point", "coordinates": [629676.78, 5220162.88]}}, {"type": "Feature", "properties": {"target_id": "T-MSP-0409", "kind": "missing_plant", "vineyard_id": "V13", "row_id": "V13-R026", "x": 629670.02, "y": 5220171.59, "priority": 3, "reachable": true, "visited": true}, "geometry": {"type": "Point", "coordinates": [629670.02, 5220171.59]}}, {"type": "Feature", "properties": {"target_id": "T-MSP-0410", "kind": "missing_plant", "vineyard_id": "V13", "row_id": "V13-R026", "x": 629645.64, "y": 5220203.5, "priority": 3, "reachable": true, "visited": true}, "geometry": {"type": "Point", "coordinates": [629645.64, 5220203.5]}}, {"type": "Feature", "properties": {"target_id": "T-MSP-0411", "kind": "missing_plant", "vineyard_id": "V13", "row_id": "V13-R026", "x": 629616.87, "y": 5220241.03, "priority": 3, "reachable": true, "visited": true}, "geometry": {"type": "Point", "coordinates": [629616.87, 5220241.03]}}, {"type": "Feature", "properties": {"target_id": "T-MSP-0412", "kind": "missing_plant", "vineyard_id": "V13", "row_id": "V13-R026", "x": 629614.53, "y": 5220244.07, "priority": 3, "reachable": true, "visited": true}, "geometry": {"type": "Point", "coordinates": [629614.53, 5220244.07]}}, {"type": "Feature", "properties": {"target_id": "T-MSP-0413", "kind": "missing_plant", "vineyard_id": "V13", "row_id": "V13-R028", "x": 629778.04, "y": 5220025.53, "priority": 3, "reachable": true, "visited": true}, "geometry": {"type": "Point", "coordinates": [629778.04, 5220025.53]}}, {"type": "Feature", "properties": {"target_id": "T-MSP-0414", "kind": "missing_plant", "vineyard_id": "V13", "row_id": "V13-R028", "x": 629767.6, "y": 5220039.56, "priority": 3, "reachable": true, "visited": false}, "geometry": {"type": "Point", "coordinates": [629767.6, 5220039.56]}}, {"type": "Feature", "properties": {"target_id": "T-MSP-0415", "kind": "missing_plant", "vineyard_id": "V13", "row_id": "V13-R028", "x": 629692.17, "y": 5220138.48, "priority": 3, "reachable": true, "visited": true}, "geometry": {"type": "Point", "coordinates": [629692.17, 5220138.48]}}, {"type": "Feature", "properties": {"target_id": "T-MSP-0416", "kind": "missing_plant", "vineyard_id": "V13", "row_id": "V13-R031", "x": 629688.62, "y": 5220138.25, "priority": 3, "reachable": true, "visited": true}, "geometry": {"type": "Point", "coordinates": [629688.62, 5220138.25]}}, {"type": "Feature", "properties": {"target_id": "T-MSP-0417", "kind": "missing_plant", "vineyard_id": "V13", "row_id": "V13-R031", "x": 629681.83, "y": 5220147.09, "priority": 3, "reachable": true, "visited": true}, "geometry": {"type": "Point", "coordinates": [629681.83, 5220147.09]}}, {"type": "Feature", "properties": {"target_id": "T-MSP-0418", "kind": "missing_plant", "vineyard_id": "V13", "row_id": "V13-R031", "x": 629677.82, "y": 5220152.34, "priority": 3, "reachable": true, "visited": true}, "geometry": {"type": "Point", "coordinates": [629677.82, 5220152.34]}}, {"type": "Feature", "properties": {"target_id": "T-MSP-0419", "kind": "missing_plant", "vineyard_id": "V13", "row_id": "V13-R031", "x": 629634.84, "y": 5220208.49, "priority": 3, "reachable": true, "visited": true}, "geometry": {"type": "Point", "coordinates": [629634.84, 5220208.49]}}, {"type": "Feature", "properties": {"target_id": "T-MSP-0420", "kind": "missing_plant", "vineyard_id": "V13", "row_id": "V13-R031", "x": 629630.73, "y": 5220213.85, "priority": 3, "reachable": true, "visited": true}, "geometry": {"type": "Point", "coordinates": [629630.73, 5220213.85]}}, {"type": "Feature", "properties": {"target_id": "T-MSP-0421", "kind": "missing_plant", "vineyard_id": "V13", "row_id": "V13-R032", "x": 629586.92, "y": 5220271.39, "priority": 3, "reachable": true, "visited": true}, "geometry": {"type": "Point", "coordinates": [629586.92, 5220271.39]}}, {"type": "Feature", "properties": {"target_id": "T-MSP-0422", "kind": "missing_plant", "vineyard_id": "V13", "row_id": "V13-R033", "x": 629768.48, "y": 5220028.84, "priority": 3, "reachable": true, "visited": true}, "geometry": {"type": "Point", "coordinates": [629768.48, 5220028.84]}}, {"type": "Feature", "properties": {"target_id": "T-MSP-0423", "kind": "missing_plant", "vineyard_id": "V13", "row_id": "V13-R033", "x": 629754.53, "y": 5220047.52, "priority": 3, "reachable": true, "visited": true}, "geometry": {"type": "Point", "coordinates": [629754.53, 5220047.52]}}, {"type": "Feature", "properties": {"target_id": "T-MSP-0424", "kind": "missing_plant", "vineyard_id": "V13", "row_id": "V13-R033", "x": 629700.18, "y": 5220118.61, "priority": 3, "reachable": true, "visited": true}, "geometry": {"type": "Point", "coordinates": [629700.18, 5220118.61]}}, {"type": "Feature", "properties": {"target_id": "T-MSP-0425", "kind": "missing_plant", "vineyard_id": "V13", "row_id": "V13-R033", "x": 629688.43, "y": 5220133.98, "priority": 3, "reachable": true, "visited": true}, "geometry": {"type": "Point", "coordinates": [629688.43, 5220133.98]}}, {"type": "Feature", "properties": {"target_id": "T-MSP-0426", "kind": "missing_plant", "vineyard_id": "V13", "row_id": "V13-R033", "x": 629685.99, "y": 5220137.17, "priority": 3, "reachable": true, "visited": true}, "geometry": {"type": "Point", "coordinates": [629685.99, 5220137.17]}}, {"type": "Feature", "properties": {"target_id": "T-MSP-0427", "kind": "missing_plant", "vineyard_id": "V13", "row_id": "V13-R033", "x": 629682.89, "y": 5220141.22, "priority": 3, "reachable": true, "visited": true}, "geometry": {"type": "Point", "coordinates": [629682.89, 5220141.22]}}, {"type": "Feature", "properties": {"target_id": "T-MSP-0428", "kind": "missing_plant", "vineyard_id": "V13", "row_id": "V13-R033", "x": 629651.15, "y": 5220182.33, "priority": 3, "reachable": true, "visited": true}, "geometry": {"type": "Point", "coordinates": [629651.15, 5220182.33]}}, {"type": "Feature", "properties": {"target_id": "T-MSP-0429", "kind": "missing_plant", "vineyard_id": "V13", "row_id": "V13-R033", "x": 629638.09, "y": 5220199.46, "priority": 3, "reachable": true, "visited": true}, "geometry": {"type": "Point", "coordinates": [629638.09, 5220199.46]}}, {"type": "Feature", "properties": {"target_id": "T-MSP-0430", "kind": "missing_plant", "vineyard_id": "V13", "row_id": "V13-R033", "x": 629634.7, "y": 5220203.91, "priority": 3, "reachable": true, "visited": true}, "geometry": {"type": "Point", "coordinates": [629634.7, 5220203.91]}}, {"type": "Feature", "properties": {"target_id": "T-MSP-0431", "kind": "missing_plant", "vineyard_id": "V13", "row_id": "V13-R033", "x": 629611.19, "y": 5220234.75, "priority": 3, "reachable": true, "visited": true}, "geometry": {"type": "Point", "coordinates": [629611.19, 5220234.75]}}, {"type": "Feature", "properties": {"target_id": "T-MSP-0432", "kind": "missing_plant", "vineyard_id": "V13", "row_id": "V13-R036", "x": 629742.97, "y": 5220057.93, "priority": 3, "reachable": true, "visited": true}, "geometry": {"type": "Point", "coordinates": [629742.97, 5220057.93]}}, {"type": "Feature", "properties": {"target_id": "T-MSP-0433", "kind": "missing_plant", "vineyard_id": "V13", "row_id": "V13-R036", "x": 629682.47, "y": 5220137.0, "priority": 3, "reachable": true, "visited": false}, "geometry": {"type": "Point", "coordinates": [629682.47, 5220137.0]}}, {"type": "Feature", "properties": {"target_id": "T-MSP-0434", "kind": "missing_plant", "vineyard_id": "V13", "row_id": "V13-R036", "x": 629659.32, "y": 5220167.2, "priority": 3, "reachable": true, "visited": true}, "geometry": {"type": "Point", "coordinates": [629659.32, 5220167.2]}}, {"type": "Feature", "properties": {"target_id": "T-MSP-0435", "kind": "missing_plant", "vineyard_id": "V13", "row_id": "V13-R036", "x": 629629.83, "y": 5220205.46, "priority": 3, "reachable": true, "visited": true}, "geometry": {"type": "Point", "coordinates": [629629.83, 5220205.46]}}, {"type": "Feature", "properties": {"target_id": "T-MSP-0436", "kind": "missing_plant", "vineyard_id": "V13", "row_id": "V13-R036", "x": 629625.56, "y": 5220211.0, "priority": 3, "reachable": true, "visited": true}, "geometry": {"type": "Point", "coordinates": [629625.56, 5220211.0]}}, {"type": "Feature", "properties": {"target_id": "T-MSP-0437", "kind": "missing_plant", "vineyard_id": "V13", "row_id": "V13-R036", "x": 629617.13, "y": 5220221.94, "priority": 3, "reachable": true, "visited": true}, "geometry": {"type": "Point", "coordinates": [629617.13, 5220221.94]}}, {"type": "Feature", "properties": {"target_id": "T-MSP-0438", "kind": "missing_plant", "vineyard_id": "V13", "row_id": "V13-R037", "x": 629758.68, "y": 5220032.65, "priority": 3, "reachable": true, "visited": true}, "geometry": {"type": "Point", "coordinates": [629758.68, 5220032.65]}}, {"type": "Feature", "properties": {"target_id": "T-MSP-0439", "kind": "missing_plant", "vineyard_id": "V13", "row_id": "V13-R037", "x": 629677.71, "y": 5220138.37, "priority": 3, "reachable": true, "visited": false}, "geometry": {"type": "Point", "coordinates": [629677.71, 5220138.37]}}, {"type": "Feature", "properties": {"target_id": "T-MSP-0440", "kind": "missing_plant", "vineyard_id": "V13", "row_id": "V13-R037", "x": 629668.72, "y": 5220150.1, "priority": 3, "reachable": true, "visited": true}, "geometry": {"type": "Point", "coordinates": [629668.72, 5220150.1]}}, {"type": "Feature", "properties": {"target_id": "T-MSP-0441", "kind": "missing_plant", "vineyard_id": "V13", "row_id": "V13-R037", "x": 629655.59, "y": 5220167.35, "priority": 3, "reachable": true, "visited": true}, "geometry": {"type": "Point", "coordinates": [629655.59, 5220167.35]}}, {"type": "Feature", "properties": {"target_id": "T-MSP-0442", "kind": "missing_plant", "vineyard_id": "V13", "row_id": "V13-R037", "x": 629649.24, "y": 5220175.7, "priority": 3, "reachable": true, "visited": true}, "geometry": {"type": "Point", "coordinates": [629649.24, 5220175.7]}}, {"type": "Feature", "properties": {"target_id": "T-MSP-0443", "kind": "missing_plant", "vineyard_id": "V13", "row_id": "V13-R037", "x": 629614.44, "y": 5220221.42, "priority": 3, "reachable": true, "visited": true}, "geometry": {"type": "Point", "coordinates": [629614.44, 5220221.42]}}, {"type": "Feature", "properties": {"target_id": "T-MSP-0444", "kind": "missing_plant", "vineyard_id": "V13", "row_id": "V13-R038", "x": 629698.49, "y": 5220106.77, "priority": 3, "reachable": true, "visited": true}, "geometry": {"type": "Point", "coordinates": [629698.49, 5220106.77]}}, {"type": "Feature", "properties": {"target_id": "T-MSP-0445", "kind": "missing_plant", "vineyard_id": "V13", "row_id": "V13-R038", "x": 629687.38, "y": 5220121.36, "priority": 3, "reachable": true, "visited": true}, "geometry": {"type": "Point", "coordinates": [629687.38, 5220121.36]}}, {"type": "Feature", "properties": {"target_id": "T-MSP-0446", "kind": "missing_plant", "vineyard_id": "V13", "row_id": "V13-R038", "x": 629682.98, "y": 5220127.15, "priority": 3, "reachable": true, "visited": true}, "geometry": {"type": "Point", "coordinates": [629682.98, 5220127.15]}}, {"type": "Feature", "properties": {"target_id": "T-MSP-0447", "kind": "missing_plant", "vineyard_id": "V13", "row_id": "V13-R038", "x": 629657.27, "y": 5220160.81, "priority": 3, "reachable": true, "visited": true}, "geometry": {"type": "Point", "coordinates": [629657.27, 5220160.81]}}, {"type": "Feature", "properties": {"target_id": "T-MSP-0448", "kind": "missing_plant", "vineyard_id": "V13", "row_id": "V13-R038", "x": 629652.88, "y": 5220166.51, "priority": 3, "reachable": true, "visited": true}, "geometry": {"type": "Point", "coordinates": [629652.88, 5220166.51]}}, {"type": "Feature", "properties": {"target_id": "T-MSP-0449", "kind": "missing_plant", "vineyard_id": "V13", "row_id": "V13-R038", "x": 629648.45, "y": 5220172.25, "priority": 3, "reachable": true, "visited": true}, "geometry": {"type": "Point", "coordinates": [629648.45, 5220172.25]}}, {"type": "Feature", "properties": {"target_id": "T-MSP-0450", "kind": "missing_plant", "vineyard_id": "V13", "row_id": "V13-R038", "x": 629640.16, "y": 5220183.01, "priority": 3, "reachable": true, "visited": true}, "geometry": {"type": "Point", "coordinates": [629640.16, 5220183.01]}}, {"type": "Feature", "properties": {"target_id": "T-MSP-0451", "kind": "missing_plant", "vineyard_id": "V13", "row_id": "V13-R038", "x": 629631.66, "y": 5220194.04, "priority": 3, "reachable": true, "visited": true}, "geometry": {"type": "Point", "coordinates": [629631.66, 5220194.04]}}, {"type": "Feature", "properties": {"target_id": "T-MSP-0452", "kind": "missing_plant", "vineyard_id": "V13", "row_id": "V13-R039", "x": 629757.56, "y": 5220024.3, "priority": 3, "reachable": true, "visited": true}, "geometry": {"type": "Point", "coordinates": [629757.56, 5220024.3]}}, {"type": "Feature", "properties": {"target_id": "T-MSP-0453", "kind": "missing_plant", "vineyard_id": "V13", "row_id": "V13-R039", "x": 629695.43, "y": 5220106.01, "priority": 3, "reachable": true, "visited": true}, "geometry": {"type": "Point", "coordinates": [629695.43, 5220106.01]}}, {"type": "Feature", "properties": {"target_id": "T-MSP-0454", "kind": "missing_plant", "vineyard_id": "V13", "row_id": "V13-R039", "x": 629688.6, "y": 5220114.93, "priority": 3, "reachable": true, "visited": true}, "geometry": {"type": "Point", "coordinates": [629688.6, 5220114.93]}}, {"type": "Feature", "properties": {"target_id": "T-MSP-0455", "kind": "missing_plant", "vineyard_id": "V13", "row_id": "V13-R039", "x": 629683.18, "y": 5220122.01, "priority": 3, "reachable": true, "visited": true}, "geometry": {"type": "Point", "coordinates": [629683.18, 5220122.01]}}, {"type": "Feature", "properties": {"target_id": "T-MSP-0456", "kind": "missing_plant", "vineyard_id": "V13", "row_id": "V13-R039", "x": 629657.98, "y": 5220154.91, "priority": 3, "reachable": true, "visited": true}, "geometry": {"type": "Point", "coordinates": [629657.98, 5220154.91]}}, {"type": "Feature", "properties": {"target_id": "T-MSP-0457", "kind": "missing_plant", "vineyard_id": "V13", "row_id": "V13-R039", "x": 629651.1, "y": 5220163.9, "priority": 3, "reachable": true, "visited": true}, "geometry": {"type": "Point", "coordinates": [629651.1, 5220163.9]}}, {"type": "Feature", "properties": {"target_id": "T-MSP-0458", "kind": "missing_plant", "vineyard_id": "V13", "row_id": "V13-R039", "x": 629646.23, "y": 5220170.3, "priority": 3, "reachable": true, "visited": true}, "geometry": {"type": "Point", "coordinates": [629646.23, 5220170.3]}}, {"type": "Feature", "properties": {"target_id": "T-MSP-0459", "kind": "missing_plant", "vineyard_id": "V13", "row_id": "V13-R039", "x": 629643.9, "y": 5220173.36, "priority": 3, "reachable": true, "visited": true}, "geometry": {"type": "Point", "coordinates": [629643.9, 5220173.36]}}, {"type": "Feature", "properties": {"target_id": "T-MSP-0460", "kind": "missing_plant", "vineyard_id": "V13", "row_id": "V13-R039", "x": 629618.74, "y": 5220206.47, "priority": 3, "reachable": true, "visited": true}, "geometry": {"type": "Point", "coordinates": [629618.74, 5220206.47]}}, {"type": "Feature", "properties": {"target_id": "T-MSP-0461", "kind": "missing_plant", "vineyard_id": "V13", "row_id": "V13-R039", "x": 629616.61, "y": 5220209.27, "priority": 3, "reachable": true, "visited": true}, "geometry": {"type": "Point", "coordinates": [629616.61, 5220209.27]}}, {"type": "Feature", "properties": {"target_id": "T-MSP-0462", "kind": "missing_plant", "vineyard_id": "V13", "row_id": "V13-R039", "x": 629614.33, "y": 5220212.27, "priority": 3, "reachable": true, "visited": true}, "geometry": {"type": "Point", "coordinates": [629614.33, 5220212.27]}}, {"type": "Feature", "properties": {"target_id": "T-MSP-0463", "kind": "missing_plant", "vineyard_id": "V13", "row_id": "V13-R039", "x": 629603.13, "y": 5220227.01, "priority": 3, "reachable": true, "visited": true}, "geometry": {"type": "Point", "coordinates": [629603.13, 5220227.01]}}, {"type": "Feature", "properties": {"target_id": "T-MSP-0464", "kind": "missing_plant", "vineyard_id": "V13", "row_id": "V13-R039", "x": 629595.81, "y": 5220236.65, "priority": 3, "reachable": true, "visited": true}, "geometry": {"type": "Point", "coordinates": [629595.81, 5220236.65]}}, {"type": "Feature", "properties": {"target_id": "T-MSP-0465", "kind": "missing_plant", "vineyard_id": "V13", "row_id": "V13-R040", "x": 629704.91, "y": 5220089.15, "priority": 3, "reachable": true, "visited": true}, "geometry": {"type": "Point", "coordinates": [629704.91, 5220089.15]}}, {"type": "Feature", "properties": {"target_id": "T-MSP-0466", "kind": "missing_plant", "vineyard_id": "V13", "row_id": "V13-R040", "x": 629655.89, "y": 5220153.01, "priority": 3, "reachable": true, "visited": true}, "geometry": {"type": "Point", "coordinates": [629655.89, 5220153.01]}}, {"type": "Feature", "properties": {"target_id": "T-MSP-0467", "kind": "missing_plant", "vineyard_id": "V13", "row_id": "V13-R040", "x": 629621.07, "y": 5220198.52, "priority": 3, "reachable": true, "visited": true}, "geometry": {"type": "Point", "coordinates": [629621.07, 5220198.52]}}, {"type": "Feature", "properties": {"target_id": "T-MSP-0468", "kind": "missing_plant", "vineyard_id": "V13", "row_id": "V13-R041", "x": 629755.17, "y": 5220018.52, "priority": 3, "reachable": true, "visited": true}, "geometry": {"type": "Point", "coordinates": [629755.17, 5220018.52]}}, {"type": "Feature", "properties": {"target_id": "T-MSP-0469", "kind": "missing_plant", "vineyard_id": "V13", "row_id": "V13-R041", "x": 629733.47, "y": 5220047.53, "priority": 3, "reachable": true, "visited": true}, "geometry": {"type": "Point", "coordinates": [629733.47, 5220047.53]}}, {"type": "Feature", "properties": {"target_id": "T-MSP-0470", "kind": "missing_plant", "vineyard_id": "V13", "row_id": "V13-R041", "x": 629721.54, "y": 5220063.3, "priority": 3, "reachable": true, "visited": true}, "geometry": {"type": "Point", "coordinates": [629721.54, 5220063.3]}}, {"type": "Feature", "properties": {"target_id": "T-MSP-0471", "kind": "missing_plant", "vineyard_id": "V13", "row_id": "V13-R041", "x": 629653.16, "y": 5220152.06, "priority": 3, "reachable": true, "visited": false}, "geometry": {"type": "Point", "coordinates": [629653.16, 5220152.06]}}, {"type": "Feature", "properties": {"target_id": "T-MSP-0472", "kind": "missing_plant", "vineyard_id": "V13", "row_id": "V13-R041", "x": 629595.37, "y": 5220227.78, "priority": 3, "reachable": true, "visited": true}, "geometry": {"type": "Point", "coordinates": [629595.37, 5220227.78]}}, {"type": "Feature", "properties": {"target_id": "T-MSP-0473", "kind": "missing_plant", "vineyard_id": "V13", "row_id": "V13-R042", "x": 629741.0, "y": 5220032.38, "priority": 3, "reachable": true, "visited": true}, "geometry": {"type": "Point", "coordinates": [629741.0, 5220032.38]}}, {"type": "Feature", "properties": {"target_id": "T-MSP-0474", "kind": "missing_plant", "vineyard_id": "V13", "row_id": "V13-R043", "x": 629612.69, "y": 5220200.75, "priority": 3, "reachable": true, "visited": true}, "geometry": {"type": "Point", "coordinates": [629612.69, 5220200.75]}}, {"type": "Feature", "properties": {"target_id": "T-MSP-0475", "kind": "missing_plant", "vineyard_id": "V13", "row_id": "V13-R043", "x": 629595.82, "y": 5220222.8, "priority": 3, "reachable": true, "visited": true}, "geometry": {"type": "Point", "coordinates": [629595.82, 5220222.8]}}, {"type": "Feature", "properties": {"target_id": "T-MSP-0476", "kind": "missing_plant", "vineyard_id": "V13", "row_id": "V13-R043", "x": 629577.24, "y": 5220247.11, "priority": 3, "reachable": true, "visited": true}, "geometry": {"type": "Point", "coordinates": [629577.24, 5220247.11]}}, {"type": "Feature", "properties": {"target_id": "T-MSP-0477", "kind": "missing_plant", "vineyard_id": "V13", "row_id": "V13-R044", "x": 629699.62, "y": 5220082.54, "priority": 3, "reachable": true, "visited": true}, "geometry": {"type": "Point", "coordinates": [629699.62, 5220082.54]}}, {"type": "Feature", "properties": {"target_id": "T-MSP-0478", "kind": "missing_plant", "vineyard_id": "V13", "row_id": "V13-R044", "x": 629697.04, "y": 5220085.94, "priority": 3, "reachable": true, "visited": true}, "geometry": {"type": "Point", "coordinates": [629697.04, 5220085.94]}}, {"type": "Feature", "properties": {"target_id": "T-MSP-0479", "kind": "missing_plant", "vineyard_id": "V13", "row_id": "V13-R045", "x": 629670.0, "y": 5220120.92, "priority": 3, "reachable": true, "visited": true}, "geometry": {"type": "Point", "coordinates": [629670.0, 5220120.92]}}, {"type": "Feature", "properties": {"target_id": "T-MSP-0480", "kind": "missing_plant", "vineyard_id": "V13", "row_id": "V13-R045", "x": 629636.6, "y": 5220164.59, "priority": 3, "reachable": true, "visited": true}, "geometry": {"type": "Point", "coordinates": [629636.6, 5220164.59]}}, {"type": "Feature", "properties": {"target_id": "T-MSP-0481", "kind": "missing_plant", "vineyard_id": "V13", "row_id": "V13-R045", "x": 629628.67, "y": 5220174.96, "priority": 3, "reachable": true, "visited": true}, "geometry": {"type": "Point", "coordinates": [629628.67, 5220174.96]}}, {"type": "Feature", "properties": {"target_id": "T-MSP-0482", "kind": "missing_plant", "vineyard_id": "V13", "row_id": "V13-R045", "x": 629611.03, "y": 5220198.02, "priority": 3, "reachable": true, "visited": true}, "geometry": {"type": "Point", "coordinates": [629611.03, 5220198.02]}}, {"type": "Feature", "properties": {"target_id": "T-MSP-0483", "kind": "missing_plant", "vineyard_id": "V13", "row_id": "V13-R045", "x": 629579.33, "y": 5220239.92, "priority": 3, "reachable": true, "visited": true}, "geometry": {"type": "Point", "coordinates": [629579.33, 5220239.92]}}, {"type": "Feature", "properties": {"target_id": "T-MSP-0484", "kind": "missing_plant", "vineyard_id": "V13", "row_id": "V13-R046", "x": 629744.54, "y": 5220018.69, "priority": 3, "reachable": true, "visited": true}, "geometry": {"type": "Point", "coordinates": [629744.54, 5220018.69]}}, {"type": "Feature", "properties": {"target_id": "T-MSP-0485", "kind": "missing_plant", "vineyard_id": "V13", "row_id": "V13-R046", "x": 629685.17, "y": 5220096.85, "priority": 3, "reachable": true, "visited": true}, "geometry": {"type": "Point", "coordinates": [629685.17, 5220096.85]}}, {"type": "Feature", "properties": {"target_id": "T-MSP-0486", "kind": "missing_plant", "vineyard_id": "V13", "row_id": "V13-R046", "x": 629667.23, "y": 5220120.27, "priority": 3, "reachable": true, "visited": true}, "geometry": {"type": "Point", "coordinates": [629667.23, 5220120.27]}}, {"type": "Feature", "properties": {"target_id": "T-MSP-0487", "kind": "missing_plant", "vineyard_id": "V13", "row_id": "V13-R046", "x": 629653.53, "y": 5220138.15, "priority": 3, "reachable": true, "visited": true}, "geometry": {"type": "Point", "coordinates": [629653.53, 5220138.15]}}, {"type": "Feature", "properties": {"target_id": "T-MSP-0488", "kind": "missing_plant", "vineyard_id": "V13", "row_id": "V13-R046", "x": 629595.22, "y": 5220214.25, "priority": 3, "reachable": true, "visited": true}, "geometry": {"type": "Point", "coordinates": [629595.22, 5220214.25]}}, {"type": "Feature", "properties": {"target_id": "T-MSP-0489", "kind": "missing_plant", "vineyard_id": "V13", "row_id": "V13-R047", "x": 629737.31, "y": 5220023.64, "priority": 3, "reachable": true, "visited": true}, "geometry": {"type": "Point", "coordinates": [629737.31, 5220023.64]}}, {"type": "Feature", "properties": {"target_id": "T-MSP-0490", "kind": "missing_plant", "vineyard_id": "V13", "row_id": "V13-R047", "x": 629682.53, "y": 5220095.8, "priority": 3, "reachable": true, "visited": true}, "geometry": {"type": "Point", "coordinates": [629682.53, 5220095.8]}}, {"type": "Feature", "properties": {"target_id": "T-MSP-0491", "kind": "missing_plant", "vineyard_id": "V13", "row_id": "V13-R047", "x": 629654.23, "y": 5220132.3, "priority": 3, "reachable": true, "visited": true}, "geometry": {"type": "Point", "coordinates": [629654.23, 5220132.3]}}, {"type": "Feature", "properties": {"target_id": "T-MSP-0492", "kind": "missing_plant", "vineyard_id": "V13", "row_id": "V13-R047", "x": 629592.96, "y": 5220212.83, "priority": 3, "reachable": true, "visited": true}, "geometry": {"type": "Point", "coordinates": [629592.96, 5220212.83]}}, {"type": "Feature", "properties": {"target_id": "T-MSP-0493", "kind": "missing_plant", "vineyard_id": "V13", "row_id": "V13-R047", "x": 629557.49, "y": 5220259.9, "priority": 3, "reachable": true, "visited": true}, "geometry": {"type": "Point", "coordinates": [629557.49, 5220259.9]}}, {"type": "Feature", "properties": {"target_id": "T-MSP-0494", "kind": "missing_plant", "vineyard_id": "V13", "row_id": "V13-R048", "x": 629722.57, "y": 5220038.41, "priority": 3, "reachable": true, "visited": true}, "geometry": {"type": "Point", "coordinates": [629722.57, 5220038.41]}}, {"type": "Feature", "properties": {"target_id": "T-MSP-0495", "kind": "missing_plant", "vineyard_id": "V13", "row_id": "V13-R048", "x": 629719.95, "y": 5220041.86, "priority": 3, "reachable": true, "visited": true}, "geometry": {"type": "Point", "coordinates": [629719.95, 5220041.86]}}, {"type": "Feature", "properties": {"target_id": "T-MSP-0496", "kind": "missing_plant", "vineyard_id": "V13", "row_id": "V13-R049", "x": 629617.64, "y": 5220175.63, "priority": 3, "reachable": true, "visited": true}, "geometry": {"type": "Point", "coordinates": [629617.64, 5220175.63]}}, {"type": "Feature", "properties": {"target_id": "T-MSP-0497", "kind": "missing_plant", "vineyard_id": "V13", "row_id": "V13-R049", "x": 629576.52, "y": 5220229.72, "priority": 3, "reachable": true, "visited": true}, "geometry": {"type": "Point", "coordinates": [629576.52, 5220229.72]}}, {"type": "Feature", "properties": {"target_id": "T-MSP-0498", "kind": "missing_plant", "vineyard_id": "V13", "row_id": "V13-R051", "x": 629649.14, "y": 5220129.61, "priority": 3, "reachable": true, "visited": true}, "geometry": {"type": "Point", "coordinates": [629649.14, 5220129.61]}}, {"type": "Feature", "properties": {"target_id": "T-MSP-0499", "kind": "missing_plant", "vineyard_id": "V13", "row_id": "V13-R051", "x": 629631.98, "y": 5220151.87, "priority": 3, "reachable": true, "visited": true}, "geometry": {"type": "Point", "coordinates": [629631.98, 5220151.87]}}, {"type": "Feature", "properties": {"target_id": "T-MSP-0500", "kind": "missing_plant", "vineyard_id": "V13", "row_id": "V13-R051", "x": 629613.64, "y": 5220176.03, "priority": 3, "reachable": true, "visited": true}, "geometry": {"type": "Point", "coordinates": [629613.64, 5220176.03]}}, {"type": "Feature", "properties": {"target_id": "T-MSP-0501", "kind": "missing_plant", "vineyard_id": "V13", "row_id": "V13-R052", "x": 629694.98, "y": 5220065.21, "priority": 3, "reachable": true, "visited": false}, "geometry": {"type": "Point", "coordinates": [629694.98, 5220065.21]}}, {"type": "Feature", "properties": {"target_id": "T-MSP-0502", "kind": "missing_plant", "vineyard_id": "V13", "row_id": "V13-R052", "x": 629619.97, "y": 5220162.78, "priority": 3, "reachable": true, "visited": true}, "geometry": {"type": "Point", "coordinates": [629619.97, 5220162.78]}}, {"type": "Feature", "properties": {"target_id": "T-MSP-0503", "kind": "missing_plant", "vineyard_id": "V13", "row_id": "V13-R052", "x": 629616.35, "y": 5220167.61, "priority": 3, "reachable": true, "visited": true}, "geometry": {"type": "Point", "coordinates": [629616.35, 5220167.61]}}, {"type": "Feature", "properties": {"target_id": "T-MSP-0504", "kind": "missing_plant", "vineyard_id": "V13", "row_id": "V13-R052", "x": 629609.98, "y": 5220176.11, "priority": 3, "reachable": true, "visited": true}, "geometry": {"type": "Point", "coordinates": [629609.98, 5220176.11]}}, {"type": "Feature", "properties": {"target_id": "T-MSP-0505", "kind": "missing_plant", "vineyard_id": "V13", "row_id": "V13-R052", "x": 629547.74, "y": 5220258.24, "priority": 3, "reachable": true, "visited": true}, "geometry": {"type": "Point", "coordinates": [629547.74, 5220258.24]}}, {"type": "Feature", "properties": {"target_id": "T-MSP-0506", "kind": "missing_plant", "vineyard_id": "V13", "row_id": "V13-R055", "x": 629599.13, "y": 5220185.83, "priority": 3, "reachable": true, "visited": true}, "geometry": {"type": "Point", "coordinates": [629599.13, 5220185.83]}}, {"type": "Feature", "properties": {"target_id": "T-MSP-0507", "kind": "missing_plant", "vineyard_id": "V13", "row_id": "V13-R055", "x": 629595.98, "y": 5220190.01, "priority": 3, "reachable": true, "visited": false}, "geometry": {"type": "Point", "coordinates": [629595.98, 5220190.01]}}, {"type": "Feature", "properties": {"target_id": "T-MSP-0508", "kind": "missing_plant", "vineyard_id": "V13", "row_id": "V13-R055", "x": 629563.08, "y": 5220233.71, "priority": 3, "reachable": true, "visited": true}, "geometry": {"type": "Point", "coordinates": [629563.08, 5220233.71]}}, {"type": "Feature", "properties": {"target_id": "T-MSP-0509", "kind": "missing_plant", "vineyard_id": "V13", "row_id": "V13-R055", "x": 629547.04, "y": 5220254.69, "priority": 3, "reachable": true, "visited": true}, "geometry": {"type": "Point", "coordinates": [629547.04, 5220254.69]}}, {"type": "Feature", "properties": {"target_id": "T-MSP-0510", "kind": "missing_plant", "vineyard_id": "V13", "row_id": "V13-R057", "x": 629690.79, "y": 5220059.84, "priority": 3, "reachable": true, "visited": true}, "geometry": {"type": "Point", "coordinates": [629690.79, 5220059.84]}}, {"type": "Feature", "properties": {"target_id": "T-MSP-0511", "kind": "missing_plant", "vineyard_id": "V13", "row_id": "V13-R057", "x": 629677.77, "y": 5220076.75, "priority": 3, "reachable": true, "visited": true}, "geometry": {"type": "Point", "coordinates": [629677.77, 5220076.75]}}, {"type": "Feature", "properties": {"target_id": "T-MSP-0512", "kind": "missing_plant", "vineyard_id": "V13", "row_id": "V13-R057", "x": 629619.08, "y": 5220153.11, "priority": 3, "reachable": true, "visited": true}, "geometry": {"type": "Point", "coordinates": [629619.08, 5220153.11]}}, {"type": "Feature", "properties": {"target_id": "T-MSP-0513", "kind": "missing_plant", "vineyard_id": "V13", "row_id": "V13-R057", "x": 629586.96, "y": 5220195.96, "priority": 3, "reachable": true, "visited": true}, "geometry": {"type": "Point", "coordinates": [629586.96, 5220195.96]}}, {"type": "Feature", "properties": {"target_id": "T-MSP-0514", "kind": "missing_plant", "vineyard_id": "V13", "row_id": "V13-R057", "x": 629561.31, "y": 5220230.19, "priority": 3, "reachable": true, "visited": true}, "geometry": {"type": "Point", "coordinates": [629561.31, 5220230.19]}}, {"type": "Feature", "properties": {"target_id": "T-MSP-0515", "kind": "missing_plant", "vineyard_id": "V13", "row_id": "V13-R058", "x": 629674.7, "y": 5220074.58, "priority": 3, "reachable": true, "visited": true}, "geometry": {"type": "Point", "coordinates": [629674.7, 5220074.58]}}, {"type": "Feature", "properties": {"target_id": "T-MSP-0516", "kind": "missing_plant", "vineyard_id": "V13", "row_id": "V13-R058", "x": 629659.16, "y": 5220094.85, "priority": 3, "reachable": true, "visited": true}, "geometry": {"type": "Point", "coordinates": [629659.16, 5220094.85]}}, {"type": "Feature", "properties": {"target_id": "T-MSP-0517", "kind": "missing_plant", "vineyard_id": "V13", "row_id": "V13-R058", "x": 629641.07, "y": 5220118.46, "priority": 3, "reachable": true, "visited": true}, "geometry": {"type": "Point", "coordinates": [629641.07, 5220118.46]}}, {"type": "Feature", "properties": {"target_id": "T-MSP-0518", "kind": "missing_plant", "vineyard_id": "V13", "row_id": "V13-R058", "x": 629629.19, "y": 5220133.96, "priority": 3, "reachable": true, "visited": true}, "geometry": {"type": "Point", "coordinates": [629629.19, 5220133.96]}}, {"type": "Feature", "properties": {"target_id": "T-MSP-0519", "kind": "missing_plant", "vineyard_id": "V13", "row_id": "V13-R059", "x": 629654.55, "y": 5220096.72, "priority": 3, "reachable": true, "visited": true}, "geometry": {"type": "Point", "coordinates": [629654.55, 5220096.72]}}, {"type": "Feature", "properties": {"target_id": "T-MSP-0520", "kind": "missing_plant", "vineyard_id": "V13", "row_id": "V13-R059", "x": 629636.5, "y": 5220120.2, "priority": 3, "reachable": true, "visited": true}, "geometry": {"type": "Point", "coordinates": [629636.5, 5220120.2]}}, {"type": "Feature", "properties": {"target_id": "T-MSP-0521", "kind": "missing_plant", "vineyard_id": "V13", "row_id": "V13-R059", "x": 629625.95, "y": 5220133.94, "priority": 3, "reachable": true, "visited": true}, "geometry": {"type": "Point", "coordinates": [629625.95, 5220133.94]}}, {"type": "Feature", "properties": {"target_id": "T-MSP-0522", "kind": "missing_plant", "vineyard_id": "V13", "row_id": "V13-R059", "x": 629622.71, "y": 5220138.15, "priority": 3, "reachable": true, "visited": true}, "geometry": {"type": "Point", "coordinates": [629622.71, 5220138.15]}}, {"type": "Feature", "properties": {"target_id": "T-MSP-0523", "kind": "missing_plant", "vineyard_id": "V13", "row_id": "V13-R059", "x": 629579.18, "y": 5220195.23, "priority": 3, "reachable": true, "visited": true}, "geometry": {"type": "Point", "coordinates": [629579.18, 5220195.23]}}, {"type": "Feature", "properties": {"target_id": "T-MSP-0524", "kind": "missing_plant", "vineyard_id": "V13", "row_id": "V13-R060", "x": 629621.97, "y": 5220134.83, "priority": 3, "reachable": true, "visited": true}, "geometry": {"type": "Point", "coordinates": [629621.97, 5220134.83]}}, {"type": "Feature", "properties": {"target_id": "T-MSP-0525", "kind": "missing_plant", "vineyard_id": "V13", "row_id": "V13-R060", "x": 629619.7, "y": 5220137.79, "priority": 3, "reachable": true, "visited": true}, "geometry": {"type": "Point", "coordinates": [629619.7, 5220137.79]}}, {"type": "Feature", "properties": {"target_id": "T-MSP-0526", "kind": "missing_plant", "vineyard_id": "V13", "row_id": "V13-R060", "x": 629570.39, "y": 5220202.6, "priority": 3, "reachable": true, "visited": true}, "geometry": {"type": "Point", "coordinates": [629570.39, 5220202.6]}}, {"type": "Feature", "properties": {"target_id": "T-MSP-0527", "kind": "missing_plant", "vineyard_id": "V13", "row_id": "V13-R060", "x": 629552.61, "y": 5220226.06, "priority": 3, "reachable": true, "visited": true}, "geometry": {"type": "Point", "coordinates": [629552.61, 5220226.06]}}, {"type": "Feature", "properties": {"target_id": "T-MSP-0528", "kind": "missing_plant", "vineyard_id": "V13", "row_id": "V13-R060", "x": 629543.88, "y": 5220237.58, "priority": 3, "reachable": true, "visited": true}, "geometry": {"type": "Point", "coordinates": [629543.88, 5220237.58]}}, {"type": "Feature", "properties": {"target_id": "T-MSP-0529", "kind": "missing_plant", "vineyard_id": "V13", "row_id": "V13-R060", "x": 629538.0, "y": 5220245.34, "priority": 3, "reachable": true, "visited": true}, "geometry": {"type": "Point", "coordinates": [629538.0, 5220245.34]}}, {"type": "Feature", "properties": {"target_id": "T-MSP-0530", "kind": "missing_plant", "vineyard_id": "V13", "row_id": "V13-R061", "x": 629650.68, "y": 5220092.76, "priority": 3, "reachable": true, "visited": true}, "geometry": {"type": "Point", "coordinates": [629650.68, 5220092.76]}}, {"type": "Feature", "properties": {"target_id": "T-MSP-0531", "kind": "missing_plant", "vineyard_id": "V13", "row_id": "V13-R061", "x": 629642.41, "y": 5220103.45, "priority": 3, "reachable": true, "visited": true}, "geometry": {"type": "Point", "coordinates": [629642.41, 5220103.45]}}, {"type": "Feature", "properties": {"target_id": "T-MSP-0532", "kind": "missing_plant", "vineyard_id": "V13", "row_id": "V13-R061", "x": 629639.48, "y": 5220107.32, "priority": 3, "reachable": true, "visited": true}, "geometry": {"type": "Point", "coordinates": [629639.48, 5220107.32]}}, {"type": "Feature", "properties": {"target_id": "T-MSP-0533", "kind": "missing_plant", "vineyard_id": "V13", "row_id": "V13-R061", "x": 629578.64, "y": 5220187.23, "priority": 3, "reachable": true, "visited": true}, "geometry": {"type": "Point", "coordinates": [629578.64, 5220187.23]}}, {"type": "Feature", "properties": {"target_id": "T-MSP-0534", "kind": "missing_plant", "vineyard_id": "V13", "row_id": "V13-R061", "x": 629552.43, "y": 5220222.13, "priority": 3, "reachable": true, "visited": true}, "geometry": {"type": "Point", "coordinates": [629552.43, 5220222.13]}}, {"type": "Feature", "properties": {"target_id": "T-MSP-0535", "kind": "missing_plant", "vineyard_id": "V13", "row_id": "V13-R061", "x": 629544.08, "y": 5220233.28, "priority": 3, "reachable": true, "visited": true}, "geometry": {"type": "Point", "coordinates": [629544.08, 5220233.28]}}, {"type": "Feature", "properties": {"target_id": "T-MSP-0536", "kind": "missing_plant", "vineyard_id": "V13", "row_id": "V13-R062", "x": 629618.4, "y": 5220130.6, "priority": 3, "reachable": true, "visited": false}, "geometry": {"type": "Point", "coordinates": [629618.4, 5220130.6]}}, {"type": "Feature", "properties": {"target_id": "T-MSP-0537", "kind": "missing_plant", "vineyard_id": "V13", "row_id": "V13-R062", "x": 629571.16, "y": 5220192.65, "priority": 3, "reachable": true, "visited": true}, "geometry": {"type": "Point", "coordinates": [629571.16, 5220192.65]}}, {"type": "Feature", "properties": {"target_id": "T-MSP-0538", "kind": "missing_plant", "vineyard_id": "V13", "row_id": "V13-R062", "x": 629555.44, "y": 5220213.44, "priority": 3, "reachable": true, "visited": true}, "geometry": {"type": "Point", "coordinates": [629555.44, 5220213.44]}}, {"type": "Feature", "properties": {"target_id": "T-MSP-0539", "kind": "missing_plant", "vineyard_id": "V13", "row_id": "V13-R063", "x": 629667.55, "y": 5220061.53, "priority": 3, "reachable": true, "visited": true}, "geometry": {"type": "Point", "coordinates": [629667.55, 5220061.53]}}, {"type": "Feature", "properties": {"target_id": "T-MSP-0540", "kind": "missing_plant", "vineyard_id": "V13", "row_id": "V13-R063", "x": 629555.21, "y": 5220209.09, "priority": 3, "reachable": true, "visited": true}, "geometry": {"type": "Point", "coordinates": [629555.21, 5220209.09]}}, {"type": "Feature", "properties": {"target_id": "T-MSP-0541", "kind": "missing_plant", "vineyard_id": "V13", "row_id": "V13-R063", "x": 629543.91, "y": 5220224.13, "priority": 3, "reachable": true, "visited": true}, "geometry": {"type": "Point", "coordinates": [629543.91, 5220224.13]}}, {"type": "Feature", "properties": {"target_id": "T-MSP-0542", "kind": "missing_plant", "vineyard_id": "V13", "row_id": "V13-R063", "x": 629530.7, "y": 5220241.7, "priority": 3, "reachable": true, "visited": true}, "geometry": {"type": "Point", "coordinates": [629530.7, 5220241.7]}}, {"type": "Feature", "properties": {"target_id": "T-MSP-0543", "kind": "missing_plant", "vineyard_id": "V13", "row_id": "V13-R064", "x": 629651.55, "y": 5220077.99, "priority": 3, "reachable": true, "visited": true}, "geometry": {"type": "Point", "coordinates": [629651.55, 5220077.99]}}, {"type": "Feature", "properties": {"target_id": "T-MSP-0544", "kind": "missing_plant", "vineyard_id": "V13", "row_id": "V13-R064", "x": 629637.08, "y": 5220097.09, "priority": 3, "reachable": true, "visited": true}, "geometry": {"type": "Point", "coordinates": [629637.08, 5220097.09]}}, {"type": "Feature", "properties": {"target_id": "T-MSP-0545", "kind": "missing_plant", "vineyard_id": "V13", "row_id": "V13-R064", "x": 629610.61, "y": 5220132.07, "priority": 3, "reachable": true, "visited": true}, "geometry": {"type": "Point", "coordinates": [629610.61, 5220132.07]}}, {"type": "Feature", "properties": {"target_id": "T-MSP-0546", "kind": "missing_plant", "vineyard_id": "V13", "row_id": "V13-R064", "x": 629585.27, "y": 5220164.93, "priority": 3, "reachable": true, "visited": true}, "geometry": {"type": "Point", "coordinates": [629585.27, 5220164.93]}}, {"type": "Feature", "properties": {"target_id": "T-MSP-0547", "kind": "missing_plant", "vineyard_id": "V13", "row_id": "V13-R064", "x": 629544.1, "y": 5220218.99, "priority": 3, "reachable": true, "visited": true}, "geometry": {"type": "Point", "coordinates": [629544.1, 5220218.99]}}, {"type": "Feature", "properties": {"target_id": "T-MSP-0548", "kind": "missing_plant", "vineyard_id": "V13", "row_id": "V13-R064", "x": 629527.63, "y": 5220240.95, "priority": 3, "reachable": true, "visited": true}, "geometry": {"type": "Point", "coordinates": [629527.63, 5220240.95]}}, {"type": "Feature", "properties": {"target_id": "T-MSP-0549", "kind": "missing_plant", "vineyard_id": "V13", "row_id": "V13-R065", "x": 629639.45, "y": 5220089.03, "priority": 3, "reachable": true, "visited": true}, "geometry": {"type": "Point", "coordinates": [629639.45, 5220089.03]}}, {"type": "Feature", "properties": {"target_id": "T-MSP-0550", "kind": "missing_plant", "vineyard_id": "V13", "row_id": "V13-R065", "x": 629633.76, "y": 5220096.52, "priority": 3, "reachable": true, "visited": true}, "geometry": {"type": "Point", "coordinates": [629633.76, 5220096.52]}}, {"type": "Feature", "properties": {"target_id": "T-MSP-0551", "kind": "missing_plant", "vineyard_id": "V13", "row_id": "V13-R065", "x": 629611.82, "y": 5220125.43, "priority": 3, "reachable": true, "visited": true}, "geometry": {"type": "Point", "coordinates": [629611.82, 5220125.43]}}, {"type": "Feature", "properties": {"target_id": "T-MSP-0552", "kind": "missing_plant", "vineyard_id": "V13", "row_id": "V13-R065", "x": 629593.69, "y": 5220149.32, "priority": 3, "reachable": true, "visited": true}, "geometry": {"type": "Point", "coordinates": [629593.69, 5220149.32]}}, {"type": "Feature", "properties": {"target_id": "T-MSP-0553", "kind": "missing_plant", "vineyard_id": "V13", "row_id": "V13-R065", "x": 629586.13, "y": 5220159.29, "priority": 3, "reachable": true, "visited": true}, "geometry": {"type": "Point", "coordinates": [629586.13, 5220159.29]}}, {"type": "Feature", "properties": {"target_id": "T-MSP-0554", "kind": "missing_plant", "vineyard_id": "V13", "row_id": "V13-R065", "x": 629553.18, "y": 5220202.7, "priority": 3, "reachable": true, "visited": true}, "geometry": {"type": "Point", "coordinates": [629553.18, 5220202.7]}}, {"type": "Feature", "properties": {"target_id": "T-MSP-0555", "kind": "missing_plant", "vineyard_id": "V13", "row_id": "V13-R065", "x": 629549.42, "y": 5220207.66, "priority": 3, "reachable": true, "visited": true}, "geometry": {"type": "Point", "coordinates": [629549.42, 5220207.66]}}, {"type": "Feature", "properties": {"target_id": "T-MSP-0556", "kind": "missing_plant", "vineyard_id": "V13", "row_id": "V13-R065", "x": 629545.39, "y": 5220212.97, "priority": 3, "reachable": true, "visited": true}, "geometry": {"type": "Point", "coordinates": [629545.39, 5220212.97]}}, {"type": "Feature", "properties": {"target_id": "T-MSP-0557", "kind": "missing_plant", "vineyard_id": "V13", "row_id": "V13-R065", "x": 629540.04, "y": 5220220.02, "priority": 3, "reachable": true, "visited": true}, "geometry": {"type": "Point", "coordinates": [629540.04, 5220220.02]}}, {"type": "Feature", "properties": {"target_id": "T-MSP-0558", "kind": "missing_plant", "vineyard_id": "V13", "row_id": "V13-R065", "x": 629537.23, "y": 5220223.71, "priority": 3, "reachable": true, "visited": true}, "geometry": {"type": "Point", "coordinates": [629537.23, 5220223.71]}}, {"type": "Feature", "properties": {"target_id": "T-MSP-0559", "kind": "missing_plant", "vineyard_id": "V13", "row_id": "V13-R065", "x": 629534.35, "y": 5220227.51, "priority": 3, "reachable": true, "visited": true}, "geometry": {"type": "Point", "coordinates": [629534.35, 5220227.51]}}, {"type": "Feature", "properties": {"target_id": "T-MSP-0560", "kind": "missing_plant", "vineyard_id": "V13", "row_id": "V13-R065", "x": 629531.29, "y": 5220231.54, "priority": 3, "reachable": true, "visited": true}, "geometry": {"type": "Point", "coordinates": [629531.29, 5220231.54]}}, {"type": "Feature", "properties": {"target_id": "T-MSP-0561", "kind": "missing_plant", "vineyard_id": "V13", "row_id": "V13-R065", "x": 629527.6, "y": 5220236.41, "priority": 3, "reachable": true, "visited": true}, "geometry": {"type": "Point", "coordinates": [629527.6, 5220236.41]}}, {"type": "Feature", "properties": {"target_id": "T-MSP-0562", "kind": "missing_plant", "vineyard_id": "V13", "row_id": "V13-R065", "x": 629523.34, "y": 5220242.01, "priority": 3, "reachable": true, "visited": true}, "geometry": {"type": "Point", "coordinates": [629523.34, 5220242.01]}}, {"type": "Feature", "properties": {"target_id": "T-MSP-0563", "kind": "missing_plant", "vineyard_id": "V13", "row_id": "V13-R065", "x": 629520.34, "y": 5220245.96, "priority": 3, "reachable": true, "visited": true}, "geometry": {"type": "Point", "coordinates": [629520.34, 5220245.96]}}, {"type": "Feature", "properties": {"target_id": "T-MSP-0564", "kind": "missing_plant", "vineyard_id": "V13", "row_id": "V13-R066", "x": 629660.89, "y": 5220056.16, "priority": 3, "reachable": true, "visited": true}, "geometry": {"type": "Point", "coordinates": [629660.89, 5220056.16]}}, {"type": "Feature", "properties": {"target_id": "T-MSP-0565", "kind": "missing_plant", "vineyard_id": "V13", "row_id": "V13-R066", "x": 629600.52, "y": 5220135.32, "priority": 3, "reachable": true, "visited": true}, "geometry": {"type": "Point", "coordinates": [629600.52, 5220135.32]}}, {"type": "Feature", "properties": {"target_id": "T-MSP-0566", "kind": "missing_plant", "vineyard_id": "V13", "row_id": "V13-R066", "x": 629546.2, "y": 5220207.53, "priority": 3, "reachable": true, "visited": true}, "geometry": {"type": "Point", "coordinates": [629546.2, 5220207.53]}}, {"type": "Feature", "properties": {"target_id": "T-MSP-0567", "kind": "missing_plant", "vineyard_id": "V13", "row_id": "V13-R066", "x": 629535.35, "y": 5220221.87, "priority": 3, "reachable": true, "visited": true}, "geometry": {"type": "Point", "coordinates": [629535.35, 5220221.87]}}, {"type": "Feature", "properties": {"target_id": "T-MSP-0568", "kind": "missing_plant", "vineyard_id": "V13", "row_id": "V13-R067", "x": 629655.9, "y": 5220058.21, "priority": 3, "reachable": true, "visited": true}, "geometry": {"type": "Point", "coordinates": [629655.9, 5220058.21]}}, {"type": "Feature", "properties": {"target_id": "T-MSP-0569", "kind": "missing_plant", "vineyard_id": "V13", "row_id": "V13-R067", "x": 629634.62, "y": 5220086.04, "priority": 3, "reachable": true, "visited": true}, "geometry": {"type": "Point", "coordinates": [629634.62, 5220086.04]}}, {"type": "Feature", "properties": {"target_id": "T-MSP-0570", "kind": "missing_plant", "vineyard_id": "V13", "row_id": "V13-R067", "x": 629620.01, "y": 5220105.13, "priority": 3, "reachable": true, "visited": true}, "geometry": {"type": "Point", "coordinates": [629620.01, 5220105.13]}}, {"type": "Feature", "properties": {"target_id": "T-MSP-0571", "kind": "missing_plant", "vineyard_id": "V13", "row_id": "V13-R067", "x": 629612.93, "y": 5220114.39, "priority": 3, "reachable": true, "visited": true}, "geometry": {"type": "Point", "coordinates": [629612.93, 5220114.39]}}, {"type": "Feature", "properties": {"target_id": "T-MSP-0572", "kind": "missing_plant", "vineyard_id": "V13", "row_id": "V13-R067", "x": 629597.4, "y": 5220134.8, "priority": 3, "reachable": true, "visited": true}, "geometry": {"type": "Point", "coordinates": [629597.4, 5220134.8]}}, {"type": "Feature", "properties": {"target_id": "T-MSP-0573", "kind": "missing_plant", "vineyard_id": "V13", "row_id": "V13-R067", "x": 629559.05, "y": 5220185.64, "priority": 3, "reachable": true, "visited": true}, "geometry": {"type": "Point", "coordinates": [629559.05, 5220185.64]}}, {"type": "Feature", "properties": {"target_id": "T-MSP-0574", "kind": "missing_plant", "vineyard_id": "V13", "row_id": "V13-R067", "x": 629553.48, "y": 5220192.9, "priority": 3, "reachable": true, "visited": true}, "geometry": {"type": "Point", "coordinates": [629553.48, 5220192.9]}}, {"type": "Feature", "properties": {"target_id": "T-MSP-0575", "kind": "missing_plant", "vineyard_id": "V13", "row_id": "V13-R067", "x": 629550.94, "y": 5220196.21, "priority": 3, "reachable": true, "visited": true}, "geometry": {"type": "Point", "coordinates": [629550.94, 5220196.21]}}, {"type": "Feature", "properties": {"target_id": "T-MSP-0576", "kind": "missing_plant", "vineyard_id": "V13", "row_id": "V13-R067", "x": 629542.01, "y": 5220208.02, "priority": 3, "reachable": true, "visited": true}, "geometry": {"type": "Point", "coordinates": [629542.01, 5220208.02]}}, {"type": "Feature", "properties": {"target_id": "T-MSP-0577", "kind": "missing_plant", "vineyard_id": "V13", "row_id": "V13-R067", "x": 629536.14, "y": 5220215.83, "priority": 3, "reachable": true, "visited": true}, "geometry": {"type": "Point", "coordinates": [629536.14, 5220215.83]}}, {"type": "Feature", "properties": {"target_id": "T-MSP-0578", "kind": "missing_plant", "vineyard_id": "V13", "row_id": "V13-R067", "x": 629531.54, "y": 5220221.93, "priority": 3, "reachable": true, "visited": true}, "geometry": {"type": "Point", "coordinates": [629531.54, 5220221.93]}}, {"type": "Feature", "properties": {"target_id": "T-MSP-0579", "kind": "missing_plant", "vineyard_id": "V13", "row_id": "V13-R067", "x": 629527.05, "y": 5220227.91, "priority": 3, "reachable": true, "visited": true}, "geometry": {"type": "Point", "coordinates": [629527.05, 5220227.91]}}, {"type": "Feature", "properties": {"target_id": "T-MSP-0580", "kind": "missing_plant", "vineyard_id": "V13", "row_id": "V13-R067", "x": 629524.63, "y": 5220231.12, "priority": 3, "reachable": true, "visited": true}, "geometry": {"type": "Point", "coordinates": [629524.63, 5220231.12]}}, {"type": "Feature", "properties": {"target_id": "T-MSP-0581", "kind": "missing_plant", "vineyard_id": "V13", "row_id": "V13-R067", "x": 629522.69, "y": 5220233.7, "priority": 3, "reachable": true, "visited": true}, "geometry": {"type": "Point", "coordinates": [629522.69, 5220233.7]}}, {"type": "Feature", "properties": {"target_id": "T-MSP-0582", "kind": "missing_plant", "vineyard_id": "V13", "row_id": "V13-R067", "x": 629518.39, "y": 5220239.41, "priority": 3, "reachable": true, "visited": true}, "geometry": {"type": "Point", "coordinates": [629518.39, 5220239.41]}}, {"type": "Feature", "properties": {"target_id": "T-MSP-0583", "kind": "missing_plant", "vineyard_id": "V13", "row_id": "V13-R068", "x": 629647.36, "y": 5220064.92, "priority": 3, "reachable": true, "visited": true}, "geometry": {"type": "Point", "coordinates": [629647.36, 5220064.92]}}, {"type": "Feature", "properties": {"target_id": "T-MSP-0584", "kind": "missing_plant", "vineyard_id": "V13", "row_id": "V13-R068", "x": 629550.81, "y": 5220191.9, "priority": 3, "reachable": true, "visited": true}, "geometry": {"type": "Point", "coordinates": [629550.81, 5220191.9]}}, {"type": "Feature", "properties": {"target_id": "T-MSP-0585", "kind": "missing_plant", "vineyard_id": "V13", "row_id": "V13-R068", "x": 629540.15, "y": 5220206.08, "priority": 3, "reachable": true, "visited": true}, "geometry": {"type": "Point", "coordinates": [629540.15, 5220206.08]}}, {"type": "Feature", "properties": {"target_id": "T-MSP-0586", "kind": "missing_plant", "vineyard_id": "V13", "row_id": "V13-R068", "x": 629516.66, "y": 5220237.35, "priority": 3, "reachable": true, "visited": true}, "geometry": {"type": "Point", "coordinates": [629516.66, 5220237.35]}}, {"type": "Feature", "properties": {"target_id": "T-MSP-0587", "kind": "missing_plant", "vineyard_id": "V13", "row_id": "V13-R069", "x": 629635.15, "y": 5220076.29, "priority": 3, "reachable": true, "visited": true}, "geometry": {"type": "Point", "coordinates": [629635.15, 5220076.29]}}, {"type": "Feature", "properties": {"target_id": "T-MSP-0588", "kind": "missing_plant", "vineyard_id": "V13", "row_id": "V13-R069", "x": 629632.81, "y": 5220079.38, "priority": 3, "reachable": true, "visited": true}, "geometry": {"type": "Point", "coordinates": [629632.81, 5220079.38]}}, {"type": "Feature", "properties": {"target_id": "T-MSP-0589", "kind": "missing_plant", "vineyard_id": "V13", "row_id": "V13-R069", "x": 629617.19, "y": 5220099.89, "priority": 3, "reachable": true, "visited": true}, "geometry": {"type": "Point", "coordinates": [629617.19, 5220099.89]}}, {"type": "Feature", "properties": {"target_id": "T-MSP-0590", "kind": "missing_plant", "vineyard_id": "V13", "row_id": "V13-R069", "x": 629611.66, "y": 5220107.04, "priority": 3, "reachable": true, "visited": true}, "geometry": {"type": "Point", "coordinates": [629611.66, 5220107.04]}}, {"type": "Feature", "properties": {"target_id": "T-MSP-0591", "kind": "missing_plant", "vineyard_id": "V13", "row_id": "V13-R069", "x": 629601.23, "y": 5220120.7, "priority": 3, "reachable": true, "visited": true}, "geometry": {"type": "Point", "coordinates": [629601.23, 5220120.7]}}, {"type": "Feature", "properties": {"target_id": "T-MSP-0592", "kind": "missing_plant", "vineyard_id": "V13", "row_id": "V13-R069", "x": 629549.5, "y": 5220188.7, "priority": 3, "reachable": true, "visited": true}, "geometry": {"type": "Point", "coordinates": [629549.5, 5220188.7]}}, {"type": "Feature", "properties": {"target_id": "T-MSP-0593", "kind": "missing_plant", "vineyard_id": "V13", "row_id": "V13-R069", "x": 629538.41, "y": 5220203.35, "priority": 3, "reachable": true, "visited": true}, "geometry": {"type": "Point", "coordinates": [629538.41, 5220203.35]}}, {"type": "Feature", "properties": {"target_id": "T-MSP-0594", "kind": "missing_plant", "vineyard_id": "V13", "row_id": "V13-R069", "x": 629534.82, "y": 5220208.09, "priority": 3, "reachable": true, "visited": true}, "geometry": {"type": "Point", "coordinates": [629534.82, 5220208.09]}}, {"type": "Feature", "properties": {"target_id": "T-MSP-0595", "kind": "missing_plant", "vineyard_id": "V13", "row_id": "V13-R069", "x": 629530.58, "y": 5220213.69, "priority": 3, "reachable": true, "visited": true}, "geometry": {"type": "Point", "coordinates": [629530.58, 5220213.69]}}, {"type": "Feature", "properties": {"target_id": "T-MSP-0596", "kind": "missing_plant", "vineyard_id": "V13", "row_id": "V13-R069", "x": 629525.1, "y": 5220220.93, "priority": 3, "reachable": true, "visited": true}, "geometry": {"type": "Point", "coordinates": [629525.1, 5220220.93]}}, {"type": "Feature", "properties": {"target_id": "T-MSP-0597", "kind": "missing_plant", "vineyard_id": "V13", "row_id": "V13-R069", "x": 629522.21, "y": 5220224.75, "priority": 3, "reachable": true, "visited": true}, "geometry": {"type": "Point", "coordinates": [629522.21, 5220224.75]}}, {"type": "Feature", "properties": {"target_id": "T-MSP-0598", "kind": "missing_plant", "vineyard_id": "V13", "row_id": "V13-R069", "x": 629517.6, "y": 5220230.84, "priority": 3, "reachable": true, "visited": true}, "geometry": {"type": "Point", "coordinates": [629517.6, 5220230.84]}}, {"type": "Feature", "properties": {"target_id": "T-MSP-0599", "kind": "missing_plant", "vineyard_id": "V13", "row_id": "V13-R070", "x": 629630.34, "y": 5220077.93, "priority": 3, "reachable": true, "visited": true}, "geometry": {"type": "Point", "coordinates": [629630.34, 5220077.93]}}, {"type": "Feature", "properties": {"target_id": "T-MSP-0600", "kind": "missing_plant", "vineyard_id": "V13", "row_id": "V13-R070", "x": 629625.62, "y": 5220084.15, "priority": 3, "reachable": true, "visited": true}, "geometry": {"type": "Point", "coordinates": [629625.62, 5220084.15]}}, {"type": "Feature", "properties": {"target_id": "T-MSP-0601", "kind": "missing_plant", "vineyard_id": "V13", "row_id": "V13-R070", "x": 629545.85, "y": 5220189.05, "priority": 3, "reachable": true, "visited": true}, "geometry": {"type": "Point", "coordinates": [629545.85, 5220189.05]}}, {"type": "Feature", "properties": {"target_id": "T-MSP-0602", "kind": "missing_plant", "vineyard_id": "V13", "row_id": "V13-R070", "x": 629538.41, "y": 5220198.94, "priority": 3, "reachable": true, "visited": true}, "geometry": {"type": "Point", "coordinates": [629538.41, 5220198.94]}}, {"type": "Feature", "properties": {"target_id": "T-MSP-0603", "kind": "missing_plant", "vineyard_id": "V13", "row_id": "V13-R070", "x": 629526.1, "y": 5220215.3, "priority": 3, "reachable": true, "visited": true}, "geometry": {"type": "Point", "coordinates": [629526.1, 5220215.3]}}, {"type": "Feature", "properties": {"target_id": "T-MSP-0604", "kind": "missing_plant", "vineyard_id": "V13", "row_id": "V13-R070", "x": 629523.76, "y": 5220218.41, "priority": 3, "reachable": true, "visited": true}, "geometry": {"type": "Point", "coordinates": [629523.76, 5220218.41]}}, {"type": "Feature", "properties": {"target_id": "T-MSP-0605", "kind": "missing_plant", "vineyard_id": "V13", "row_id": "V13-R071", "x": 629531.1, "y": 5220203.67, "priority": 3, "reachable": true, "visited": false}, "geometry": {"type": "Point", "coordinates": [629531.1, 5220203.67]}}, {"type": "Feature", "properties": {"target_id": "T-MSP-0606", "kind": "missing_plant", "vineyard_id": "V13", "row_id": "V13-R071", "x": 629526.8, "y": 5220209.38, "priority": 3, "reachable": true, "visited": false}, "geometry": {"type": "Point", "coordinates": [629526.8, 5220209.38]}}, {"type": "Feature", "properties": {"target_id": "T-MSP-0607", "kind": "missing_plant", "vineyard_id": "V13", "row_id": "V13-R071", "x": 629521.0, "y": 5220217.07, "priority": 3, "reachable": true, "visited": false}, "geometry": {"type": "Point", "coordinates": [629521.0, 5220217.07]}}, {"type": "Feature", "properties": {"target_id": "T-MSP-0608", "kind": "missing_plant", "vineyard_id": "V13", "row_id": "V13-R072", "x": 629639.03, "y": 5220062.24, "priority": 3, "reachable": true, "visited": true}, "geometry": {"type": "Point", "coordinates": [629639.03, 5220062.24]}}, {"type": "Feature", "properties": {"target_id": "T-MSP-0609", "kind": "missing_plant", "vineyard_id": "V13", "row_id": "V13-R072", "x": 629635.63, "y": 5220066.68, "priority": 3, "reachable": true, "visited": true}, "geometry": {"type": "Point", "coordinates": [629635.63, 5220066.68]}}, {"type": "Feature", "properties": {"target_id": "T-MSP-0610", "kind": "missing_plant", "vineyard_id": "V13", "row_id": "V13-R073", "x": 629633.1, "y": 5220065.59, "priority": 3, "reachable": true, "visited": true}, "geometry": {"type": "Point", "coordinates": [629633.1, 5220065.59]}}, {"type": "Feature", "properties": {"target_id": "T-MSP-0611", "kind": "missing_plant", "vineyard_id": "V13", "row_id": "V13-R073", "x": 629628.28, "y": 5220071.94, "priority": 3, "reachable": true, "visited": true}, "geometry": {"type": "Point", "coordinates": [629628.28, 5220071.94]}}, {"type": "Feature", "properties": {"target_id": "T-MSP-0612", "kind": "missing_plant", "vineyard_id": "V13", "row_id": "V13-R073", "x": 629624.55, "y": 5220076.85, "priority": 3, "reachable": true, "visited": true}, "geometry": {"type": "Point", "coordinates": [629624.55, 5220076.85]}}, {"type": "Feature", "properties": {"target_id": "T-MSP-0613", "kind": "missing_plant", "vineyard_id": "V13", "row_id": "V13-R073", "x": 629572.3, "y": 5220145.07, "priority": 3, "reachable": true, "visited": true}, "geometry": {"type": "Point", "coordinates": [629572.3, 5220145.07]}}, {"type": "Feature", "properties": {"target_id": "T-MSP-0614", "kind": "missing_plant", "vineyard_id": "V13", "row_id": "V13-R073", "x": 629534.54, "y": 5220195.14, "priority": 3, "reachable": false, "visited": false}, "geometry": {"type": "Point", "coordinates": [629534.54, 5220195.14]}}, {"type": "Feature", "properties": {"target_id": "T-MSP-0615", "kind": "missing_plant", "vineyard_id": "V13", "row_id": "V13-R073", "x": 629532.54, "y": 5220197.73, "priority": 3, "reachable": true, "visited": false}, "geometry": {"type": "Point", "coordinates": [629532.54, 5220197.73]}}, {"type": "Feature", "properties": {"target_id": "T-MSP-0616", "kind": "missing_plant", "vineyard_id": "V13", "row_id": "V13-R073", "x": 629526.32, "y": 5220205.83, "priority": 3, "reachable": true, "visited": false}, "geometry": {"type": "Point", "coordinates": [629526.32, 5220205.83]}}, {"type": "Feature", "properties": {"target_id": "T-MSP-0617", "kind": "missing_plant", "vineyard_id": "V13", "row_id": "V13-R073", "x": 629523.22, "y": 5220209.94, "priority": 3, "reachable": true, "visited": false}, "geometry": {"type": "Point", "coordinates": [629523.22, 5220209.94]}}, {"type": "Feature", "properties": {"target_id": "T-MSP-0618", "kind": "missing_plant", "vineyard_id": "V14", "row_id": "V14-R002", "x": 629827.8, "y": 5220140.43, "priority": 3, "reachable": true, "visited": false}, "geometry": {"type": "Point", "coordinates": [629827.8, 5220140.43]}}, {"type": "Feature", "properties": {"target_id": "T-MSP-0619", "kind": "missing_plant", "vineyard_id": "V14", "row_id": "V14-R003", "x": 629829.53, "y": 5220138.37, "priority": 3, "reachable": true, "visited": false}, "geometry": {"type": "Point", "coordinates": [629829.53, 5220138.37]}}, {"type": "Feature", "properties": {"target_id": "T-MSP-0620", "kind": "missing_plant", "vineyard_id": "V14", "row_id": "V14-R004", "x": 629831.76, "y": 5220136.67, "priority": 3, "reachable": true, "visited": false}, "geometry": {"type": "Point", "coordinates": [629831.76, 5220136.67]}}, {"type": "Feature", "properties": {"target_id": "T-MSP-0621", "kind": "missing_plant", "vineyard_id": "V14", "row_id": "V14-R004", "x": 629834.43, "y": 5220139.27, "priority": 3, "reachable": true, "visited": false}, "geometry": {"type": "Point", "coordinates": [629834.43, 5220139.27]}}, {"type": "Feature", "properties": {"target_id": "T-MSP-0622", "kind": "missing_plant", "vineyard_id": "V14", "row_id": "V14-R004", "x": 629838.55, "y": 5220143.29, "priority": 3, "reachable": true, "visited": false}, "geometry": {"type": "Point", "coordinates": [629838.55, 5220143.29]}}, {"type": "Feature", "properties": {"target_id": "T-MSP-0623", "kind": "missing_plant", "vineyard_id": "V14", "row_id": "V14-R005", "x": 629840.02, "y": 5220141.55, "priority": 3, "reachable": true, "visited": false}, "geometry": {"type": "Point", "coordinates": [629840.02, 5220141.55]}}, {"type": "Feature", "properties": {"target_id": "T-MSP-0624", "kind": "missing_plant", "vineyard_id": "V15", "row_id": "V15-R003", "x": 630007.41, "y": 5219939.15, "priority": 3, "reachable": true, "visited": false}, "geometry": {"type": "Point", "coordinates": [630007.41, 5219939.15]}}, {"type": "Feature", "properties": {"target_id": "T-MSP-0625", "kind": "missing_plant", "vineyard_id": "V16", "row_id": "V16-R001", "x": 629844.89, "y": 5220013.88, "priority": 3, "reachable": true, "visited": true}, "geometry": {"type": "Point", "coordinates": [629844.89, 5220013.88]}}, {"type": "Feature", "properties": {"target_id": "T-MSP-0626", "kind": "missing_plant", "vineyard_id": "V16", "row_id": "V16-R003", "x": 629886.43, "y": 5219949.37, "priority": 3, "reachable": true, "visited": false}, "geometry": {"type": "Point", "coordinates": [629886.43, 5219949.37]}}, {"type": "Feature", "properties": {"target_id": "T-MSP-0627", "kind": "missing_plant", "vineyard_id": "V16", "row_id": "V16-R003", "x": 629868.49, "y": 5219972.83, "priority": 3, "reachable": true, "visited": false}, "geometry": {"type": "Point", "coordinates": [629868.49, 5219972.83]}}, {"type": "Feature", "properties": {"target_id": "T-MSP-0628", "kind": "missing_plant", "vineyard_id": "V16", "row_id": "V16-R003", "x": 629843.44, "y": 5220005.38, "priority": 3, "reachable": true, "visited": true}, "geometry": {"type": "Point", "coordinates": [629843.44, 5220005.38]}}, {"type": "Feature", "properties": {"target_id": "T-MSP-0629", "kind": "missing_plant", "vineyard_id": "V16", "row_id": "V16-R004", "x": 629822.77, "y": 5220028.06, "priority": 3, "reachable": true, "visited": true}, "geometry": {"type": "Point", "coordinates": [629822.77, 5220028.06]}}, {"type": "Feature", "properties": {"target_id": "T-MSP-0630", "kind": "missing_plant", "vineyard_id": "V16", "row_id": "V16-R006", "x": 629819.27, "y": 5220026.88, "priority": 3, "reachable": true, "visited": true}, "geometry": {"type": "Point", "coordinates": [629819.27, 5220026.88]}}, {"type": "Feature", "properties": {"target_id": "T-MSP-0631", "kind": "missing_plant", "vineyard_id": "V16", "row_id": "V16-R006", "x": 629815.07, "y": 5220032.38, "priority": 3, "reachable": true, "visited": true}, "geometry": {"type": "Point", "coordinates": [629815.07, 5220032.38]}}, {"type": "Feature", "properties": {"target_id": "T-MSP-0632", "kind": "missing_plant", "vineyard_id": "V16", "row_id": "V16-R006", "x": 629812.19, "y": 5220036.15, "priority": 3, "reachable": true, "visited": true}, "geometry": {"type": "Point", "coordinates": [629812.19, 5220036.15]}}, {"type": "Feature", "properties": {"target_id": "T-MSP-0633", "kind": "missing_plant", "vineyard_id": "V16", "row_id": "V16-R008", "x": 629816.37, "y": 5220026.12, "priority": 3, "reachable": true, "visited": true}, "geometry": {"type": "Point", "coordinates": [629816.37, 5220026.12]}}, {"type": "Feature", "properties": {"target_id": "T-MSP-0634", "kind": "missing_plant", "vineyard_id": "V16", "row_id": "V16-R008", "x": 629806.9, "y": 5220039.1, "priority": 3, "reachable": true, "visited": false}, "geometry": {"type": "Point", "coordinates": [629806.9, 5220039.1]}}, {"type": "Feature", "properties": {"target_id": "T-MSP-0635", "kind": "missing_plant", "vineyard_id": "V16", "row_id": "V16-R020", "x": 629937.73, "y": 5219849.24, "priority": 3, "reachable": true, "visited": true}, "geometry": {"type": "Point", "coordinates": [629937.73, 5219849.24]}}, {"type": "Feature", "properties": {"target_id": "T-MSP-0636", "kind": "missing_plant", "vineyard_id": "V16", "row_id": "V16-R020", "x": 629922.18, "y": 5219869.15, "priority": 3, "reachable": true, "visited": true}, "geometry": {"type": "Point", "coordinates": [629922.18, 5219869.15]}}, {"type": "Feature", "properties": {"target_id": "T-MSP-0637", "kind": "missing_plant", "vineyard_id": "V16", "row_id": "V16-R020", "x": 629915.05, "y": 5219878.29, "priority": 3, "reachable": true, "visited": true}, "geometry": {"type": "Point", "coordinates": [629915.05, 5219878.29]}}, {"type": "Feature", "properties": {"target_id": "T-MSP-0638", "kind": "missing_plant", "vineyard_id": "V16", "row_id": "V16-R020", "x": 629912.57, "y": 5219881.46, "priority": 3, "reachable": true, "visited": true}, "geometry": {"type": "Point", "coordinates": [629912.57, 5219881.46]}}, {"type": "Feature", "properties": {"target_id": "T-MSP-0639", "kind": "missing_plant", "vineyard_id": "V16", "row_id": "V16-R020", "x": 629900.97, "y": 5219896.31, "priority": 3, "reachable": true, "visited": true}, "geometry": {"type": "Point", "coordinates": [629900.97, 5219896.31]}}, {"type": "Feature", "properties": {"target_id": "T-MSP-0640", "kind": "missing_plant", "vineyard_id": "V16", "row_id": "V16-R020", "x": 629890.42, "y": 5219909.82, "priority": 3, "reachable": true, "visited": true}, "geometry": {"type": "Point", "coordinates": [629890.42, 5219909.82]}}, {"type": "Feature", "properties": {"target_id": "T-MSP-0641", "kind": "missing_plant", "vineyard_id": "V16", "row_id": "V16-R020", "x": 629881.26, "y": 5219921.54, "priority": 3, "reachable": true, "visited": true}, "geometry": {"type": "Point", "coordinates": [629881.26, 5219921.54]}}, {"type": "Feature", "properties": {"target_id": "T-MSP-0642", "kind": "missing_plant", "vineyard_id": "V16", "row_id": "V16-R021", "x": 629913.47, "y": 5219875.81, "priority": 3, "reachable": true, "visited": true}, "geometry": {"type": "Point", "coordinates": [629913.47, 5219875.81]}}, {"type": "Feature", "properties": {"target_id": "T-MSP-0643", "kind": "missing_plant", "vineyard_id": "V16", "row_id": "V16-R021", "x": 629897.1, "y": 5219896.55, "priority": 3, "reachable": true, "visited": true}, "geometry": {"type": "Point", "coordinates": [629897.1, 5219896.55]}}, {"type": "Feature", "properties": {"target_id": "T-MSP-0644", "kind": "missing_plant", "vineyard_id": "V16", "row_id": "V16-R021", "x": 629894.74, "y": 5219899.55, "priority": 3, "reachable": true, "visited": true}, "geometry": {"type": "Point", "coordinates": [629894.74, 5219899.55]}}, {"type": "Feature", "properties": {"target_id": "T-MSP-0645", "kind": "missing_plant", "vineyard_id": "V16", "row_id": "V16-R021", "x": 629889.23, "y": 5219906.63, "priority": 3, "reachable": true, "visited": true}, "geometry": {"type": "Point", "coordinates": [629889.23, 5219906.63]}}, {"type": "Feature", "properties": {"target_id": "T-MSP-0646", "kind": "missing_plant", "vineyard_id": "V16", "row_id": "V16-R021", "x": 629865.49, "y": 5219937.19, "priority": 3, "reachable": true, "visited": true}, "geometry": {"type": "Point", "coordinates": [629865.49, 5219937.19]}}, {"type": "Feature", "properties": {"target_id": "T-MSP-0647", "kind": "missing_plant", "vineyard_id": "V16", "row_id": "V16-R022", "x": 630000.98, "y": 5219758.88, "priority": 3, "reachable": true, "visited": false}, "geometry": {"type": "Point", "coordinates": [630000.98, 5219758.88]}}, {"type": "Feature", "properties": {"target_id": "T-MSP-0648", "kind": "missing_plant", "vineyard_id": "V16", "row_id": "V16-R026", "x": 629891.09, "y": 5219889.65, "priority": 3, "reachable": true, "visited": true}, "geometry": {"type": "Point", "coordinates": [629891.09, 5219889.65]}}, {"type": "Feature", "properties": {"target_id": "T-MSP-0649", "kind": "missing_plant", "vineyard_id": "V16", "row_id": "V16-R026", "x": 629888.49, "y": 5219892.99, "priority": 3, "reachable": true, "visited": true}, "geometry": {"type": "Point", "coordinates": [629888.49, 5219892.99]}}, {"type": "Feature", "properties": {"target_id": "T-MSP-0650", "kind": "missing_plant", "vineyard_id": "V16", "row_id": "V16-R026", "x": 629881.56, "y": 5219901.87, "priority": 3, "reachable": true, "visited": true}, "geometry": {"type": "Point", "coordinates": [629881.56, 5219901.87]}}, {"type": "Feature", "properties": {"target_id": "T-MSP-0651", "kind": "missing_plant", "vineyard_id": "V16", "row_id": "V16-R026", "x": 629875.57, "y": 5219909.55, "priority": 3, "reachable": true, "visited": true}, "geometry": {"type": "Point", "coordinates": [629875.57, 5219909.55]}}, {"type": "Feature", "properties": {"target_id": "T-MSP-0652", "kind": "missing_plant", "vineyard_id": "V16", "row_id": "V16-R026", "x": 629856.99, "y": 5219933.61, "priority": 3, "reachable": true, "visited": true}, "geometry": {"type": "Point", "coordinates": [629856.99, 5219933.61]}}, {"type": "Feature", "properties": {"target_id": "T-MSP-0653", "kind": "missing_plant", "vineyard_id": "V16", "row_id": "V16-R026", "x": 629818.89, "y": 5219983.42, "priority": 3, "reachable": true, "visited": true}, "geometry": {"type": "Point", "coordinates": [629818.89, 5219983.42]}}, {"type": "Feature", "properties": {"target_id": "T-MSP-0654", "kind": "missing_plant", "vineyard_id": "V16", "row_id": "V16-R027", "x": 629996.1, "y": 5219751.08, "priority": 3, "reachable": true, "visited": true}, "geometry": {"type": "Point", "coordinates": [629996.1, 5219751.08]}}, {"type": "Feature", "properties": {"target_id": "T-MSP-0655", "kind": "missing_plant", "vineyard_id": "V16", "row_id": "V16-R027", "x": 629993.63, "y": 5219754.24, "priority": 3, "reachable": true, "visited": false}, "geometry": {"type": "Point", "coordinates": [629993.63, 5219754.24]}}, {"type": "Feature", "properties": {"target_id": "T-MSP-0656", "kind": "missing_plant", "vineyard_id": "V16", "row_id": "V16-R029", "x": 629817.73, "y": 5219980.1, "priority": 3, "reachable": true, "visited": true}, "geometry": {"type": "Point", "coordinates": [629817.73, 5219980.1]}}, {"type": "Feature", "properties": {"target_id": "T-MSP-0657", "kind": "missing_plant", "vineyard_id": "V16", "row_id": "V16-R031", "x": 629810.3, "y": 5219985.17, "priority": 3, "reachable": true, "visited": true}, "geometry": {"type": "Point", "coordinates": [629810.3, 5219985.17]}}, {"type": "Feature", "properties": {"target_id": "T-MSP-0658", "kind": "missing_plant", "vineyard_id": "V16", "row_id": "V16-R032", "x": 629792.3, "y": 5220008.15, "priority": 3, "reachable": true, "visited": true}, "geometry": {"type": "Point", "coordinates": [629792.3, 5220008.15]}}, {"type": "Feature", "properties": {"target_id": "T-MSP-0659", "kind": "missing_plant", "vineyard_id": "V16", "row_id": "V16-R032", "x": 629786.78, "y": 5220015.89, "priority": 3, "reachable": true, "visited": true}, "geometry": {"type": "Point", "coordinates": [629786.78, 5220015.89]}}, {"type": "Feature", "properties": {"target_id": "T-MSP-0660", "kind": "missing_plant", "vineyard_id": "V16", "row_id": "V16-R033", "x": 629993.75, "y": 5219745.32, "priority": 3, "reachable": true, "visited": true}, "geometry": {"type": "Point", "coordinates": [629993.75, 5219745.32]}}, {"type": "Feature", "properties": {"target_id": "T-MSP-0661", "kind": "missing_plant", "vineyard_id": "V16", "row_id": "V16-R035", "x": 629947.42, "y": 5219800.32, "priority": 3, "reachable": true, "visited": false}, "geometry": {"type": "Point", "coordinates": [629947.42, 5219800.32]}}, {"type": "Feature", "properties": {"target_id": "T-MSP-0662", "kind": "missing_plant", "vineyard_id": "V16", "row_id": "V16-R035", "x": 629944.76, "y": 5219803.7, "priority": 3, "reachable": true, "visited": false}, "geometry": {"type": "Point", "coordinates": [629944.76, 5219803.7]}}, {"type": "Feature", "properties": {"target_id": "T-MSP-0663", "kind": "missing_plant", "vineyard_id": "V16", "row_id": "V16-R035", "x": 629941.4, "y": 5219807.98, "priority": 3, "reachable": true, "visited": true}, "geometry": {"type": "Point", "coordinates": [629941.4, 5219807.98]}}, {"type": "Feature", "properties": {"target_id": "T-MSP-0664", "kind": "missing_plant", "vineyard_id": "V16", "row_id": "V16-R036", "x": 629970.92, "y": 5219766.24, "priority": 3, "reachable": true, "visited": true}, "geometry": {"type": "Point", "coordinates": [629970.92, 5219766.24]}}, {"type": "Feature", "properties": {"target_id": "T-MSP-0665", "kind": "missing_plant", "vineyard_id": "V16", "row_id": "V16-R036", "x": 629967.84, "y": 5219770.23, "priority": 3, "reachable": true, "visited": true}, "geometry": {"type": "Point", "coordinates": [629967.84, 5219770.23]}}, {"type": "Feature", "properties": {"target_id": "T-MSP-0666", "kind": "missing_plant", "vineyard_id": "V16", "row_id": "V16-R039", "x": 629984.52, "y": 5219744.46, "priority": 3, "reachable": true, "visited": true}, "geometry": {"type": "Point", "coordinates": [629984.52, 5219744.46]}}, {"type": "Feature", "properties": {"target_id": "T-MSP-0667", "kind": "missing_plant", "vineyard_id": "V16", "row_id": "V16-R040", "x": 629889.22, "y": 5219866.55, "priority": 3, "reachable": true, "visited": true}, "geometry": {"type": "Point", "coordinates": [629889.22, 5219866.55]}}, {"type": "Feature", "properties": {"target_id": "T-MSP-0668", "kind": "missing_plant", "vineyard_id": "V16", "row_id": "V16-R041", "x": 629927.62, "y": 5219814.85, "priority": 3, "reachable": true, "visited": true}, "geometry": {"type": "Point", "coordinates": [629927.62, 5219814.85]}}, {"type": "Feature", "properties": {"target_id": "T-MSP-0669", "kind": "missing_plant", "vineyard_id": "V16", "row_id": "V16-R041", "x": 629906.82, "y": 5219840.87, "priority": 3, "reachable": true, "visited": true}, "geometry": {"type": "Point", "coordinates": [629906.82, 5219840.87]}}, {"type": "Feature", "properties": {"target_id": "T-MSP-0670", "kind": "missing_plant", "vineyard_id": "V16", "row_id": "V16-R041", "x": 629901.52, "y": 5219847.49, "priority": 3, "reachable": true, "visited": true}, "geometry": {"type": "Point", "coordinates": [629901.52, 5219847.49]}}, {"type": "Feature", "properties": {"target_id": "T-MSP-0671", "kind": "missing_plant", "vineyard_id": "V16", "row_id": "V16-R041", "x": 629876.19, "y": 5219879.17, "priority": 3, "reachable": false, "visited": false}, "geometry": {"type": "Point", "coordinates": [629876.19, 5219879.17]}}, {"type": "Feature", "properties": {"target_id": "T-MSP-0672", "kind": "missing_plant", "vineyard_id": "V16", "row_id": "V16-R041", "x": 629874.02, "y": 5219881.89, "priority": 3, "reachable": false, "visited": false}, "geometry": {"type": "Point", "coordinates": [629874.02, 5219881.89]}}, {"type": "Feature", "properties": {"target_id": "T-MSP-0673", "kind": "missing_plant", "vineyard_id": "V16", "row_id": "V16-R041", "x": 629871.81, "y": 5219884.66, "priority": 3, "reachable": false, "visited": false}, "geometry": {"type": "Point", "coordinates": [629871.81, 5219884.66]}}, {"type": "Feature", "properties": {"target_id": "T-MSP-0674", "kind": "missing_plant", "vineyard_id": "V16", "row_id": "V16-R043", "x": 629982.05, "y": 5219741.63, "priority": 3, "reachable": true, "visited": true}, "geometry": {"type": "Point", "coordinates": [629982.05, 5219741.63]}}, {"type": "Feature", "properties": {"target_id": "T-MSP-0675", "kind": "missing_plant", "vineyard_id": "V16", "row_id": "V16-R043", "x": 629978.81, "y": 5219745.74, "priority": 3, "reachable": true, "visited": true}, "geometry": {"type": "Point", "coordinates": [629978.81, 5219745.74]}}, {"type": "Feature", "properties": {"target_id": "T-MSP-0676", "kind": "missing_plant", "vineyard_id": "V16", "row_id": "V16-R044", "x": 629926.61, "y": 5219811.46, "priority": 3, "reachable": true, "visited": true}, "geometry": {"type": "Point", "coordinates": [629926.61, 5219811.46]}}, {"type": "Feature", "properties": {"target_id": "T-MSP-0677", "kind": "missing_plant", "vineyard_id": "V17", "row_id": "V17-R004", "x": 630283.22, "y": 5219731.66, "priority": 3, "reachable": true, "visited": true}, "geometry": {"type": "Point", "coordinates": [630283.22, 5219731.66]}}, {"type": "Feature", "properties": {"target_id": "T-MSP-0678", "kind": "missing_plant", "vineyard_id": "V18", "row_id": "V18-R001", "x": 629839.11, "y": 5219691.89, "priority": 3, "reachable": true, "visited": true}, "geometry": {"type": "Point", "coordinates": [629839.11, 5219691.89]}}, {"type": "Feature", "properties": {"target_id": "T-MSP-0679", "kind": "missing_plant", "vineyard_id": "V18", "row_id": "V18-R002", "x": 629836.58, "y": 5219689.9, "priority": 3, "reachable": true, "visited": true}, "geometry": {"type": "Point", "coordinates": [629836.58, 5219689.9]}}, {"type": "Feature", "properties": {"target_id": "T-MSP-0680", "kind": "missing_plant", "vineyard_id": "V20", "row_id": "V20-R002", "x": 629929.99, "y": 5219654.33, "priority": 3, "reachable": true, "visited": true}, "geometry": {"type": "Point", "coordinates": [629929.99, 5219654.33]}}, {"type": "Feature", "properties": {"target_id": "T-MSP-0681", "kind": "missing_plant", "vineyard_id": "V20", "row_id": "V20-R002", "x": 629942.73, "y": 5219666.42, "priority": 3, "reachable": true, "visited": true}, "geometry": {"type": "Point", "coordinates": [629942.73, 5219666.42]}}, {"type": "Feature", "properties": {"target_id": "T-MSP-0682", "kind": "missing_plant", "vineyard_id": "V20", "row_id": "V20-R004", "x": 629938.05, "y": 5219658.24, "priority": 3, "reachable": true, "visited": true}, "geometry": {"type": "Point", "coordinates": [629938.05, 5219658.24]}}, {"type": "Feature", "properties": {"target_id": "T-MSP-0683", "kind": "missing_plant", "vineyard_id": "V20", "row_id": "V20-R004", "x": 629946.25, "y": 5219666.0, "priority": 3, "reachable": true, "visited": true}, "geometry": {"type": "Point", "coordinates": [629946.25, 5219666.0]}}, {"type": "Feature", "properties": {"target_id": "T-MSP-0684", "kind": "missing_plant", "vineyard_id": "V20", "row_id": "V20-R004", "x": 629948.84, "y": 5219668.46, "priority": 3, "reachable": true, "visited": true}, "geometry": {"type": "Point", "coordinates": [629948.84, 5219668.46]}}, {"type": "Feature", "properties": {"target_id": "T-MSP-0685", "kind": "missing_plant", "vineyard_id": "V20", "row_id": "V20-R004", "x": 629951.01, "y": 5219670.52, "priority": 3, "reachable": true, "visited": true}, "geometry": {"type": "Point", "coordinates": [629951.01, 5219670.52]}}, {"type": "Feature", "properties": {"target_id": "T-MSP-0686", "kind": "missing_plant", "vineyard_id": "V20", "row_id": "V20-R005", "x": 629934.15, "y": 5219650.78, "priority": 3, "reachable": true, "visited": true}, "geometry": {"type": "Point", "coordinates": [629934.15, 5219650.78]}}, {"type": "Feature", "properties": {"target_id": "T-MSP-0687", "kind": "missing_plant", "vineyard_id": "V20", "row_id": "V20-R005", "x": 629979.17, "y": 5219693.06, "priority": 3, "reachable": true, "visited": true}, "geometry": {"type": "Point", "coordinates": [629979.17, 5219693.06]}}, {"type": "Feature", "properties": {"target_id": "T-MSP-0688", "kind": "missing_plant", "vineyard_id": "V21", "row_id": "V21-R001", "x": 630089.58, "y": 5219678.07, "priority": 3, "reachable": true, "visited": false}, "geometry": {"type": "Point", "coordinates": [630089.58, 5219678.07]}}, {"type": "Feature", "properties": {"target_id": "T-MSP-0689", "kind": "missing_plant", "vineyard_id": "V21", "row_id": "V21-R002", "x": 630112.13, "y": 5219641.85, "priority": 3, "reachable": true, "visited": false}, "geometry": {"type": "Point", "coordinates": [630112.13, 5219641.85]}}, {"type": "Feature", "properties": {"target_id": "T-MSP-0690", "kind": "missing_plant", "vineyard_id": "V21", "row_id": "V21-R002", "x": 630098.15, "y": 5219661.51, "priority": 3, "reachable": true, "visited": false}, "geometry": {"type": "Point", "coordinates": [630098.15, 5219661.51]}}, {"type": "Feature", "properties": {"target_id": "T-MSP-0691", "kind": "missing_plant", "vineyard_id": "V21", "row_id": "V21-R002", "x": 630084.04, "y": 5219681.37, "priority": 3, "reachable": true, "visited": false}, "geometry": {"type": "Point", "coordinates": [630084.04, 5219681.37]}}, {"type": "Feature", "properties": {"target_id": "T-MSP-0692", "kind": "missing_plant", "vineyard_id": "V21", "row_id": "V21-R002", "x": 630081.7, "y": 5219684.66, "priority": 3, "reachable": true, "visited": false}, "geometry": {"type": "Point", "coordinates": [630081.7, 5219684.66]}}, {"type": "Feature", "properties": {"target_id": "T-MSP-0693", "kind": "missing_plant", "vineyard_id": "V21", "row_id": "V21-R003", "x": 630102.47, "y": 5219650.21, "priority": 3, "reachable": true, "visited": false}, "geometry": {"type": "Point", "coordinates": [630102.47, 5219650.21]}}, {"type": "Feature", "properties": {"target_id": "T-MSP-0694", "kind": "missing_plant", "vineyard_id": "V21", "row_id": "V21-R003", "x": 630082.62, "y": 5219678.32, "priority": 3, "reachable": true, "visited": false}, "geometry": {"type": "Point", "coordinates": [630082.62, 5219678.32]}}, {"type": "Feature", "properties": {"target_id": "T-MSP-0695", "kind": "missing_plant", "vineyard_id": "V21", "row_id": "V21-R003", "x": 630073.74, "y": 5219690.79, "priority": 3, "reachable": true, "visited": false}, "geometry": {"type": "Point", "coordinates": [630073.74, 5219690.79]}}, {"type": "Feature", "properties": {"target_id": "T-MSP-0696", "kind": "missing_plant", "vineyard_id": "V21", "row_id": "V21-R003", "x": 630069.29, "y": 5219696.99, "priority": 3, "reachable": true, "visited": false}, "geometry": {"type": "Point", "coordinates": [630069.29, 5219696.99]}}, {"type": "Feature", "properties": {"target_id": "T-MSP-0697", "kind": "missing_plant", "vineyard_id": "V21", "row_id": "V21-R004", "x": 630080.52, "y": 5219676.37, "priority": 3, "reachable": true, "visited": false}, "geometry": {"type": "Point", "coordinates": [630080.52, 5219676.37]}}, {"type": "Feature", "properties": {"target_id": "T-MSP-0698", "kind": "missing_plant", "vineyard_id": "V21", "row_id": "V21-R004", "x": 630071.71, "y": 5219688.73, "priority": 3, "reachable": true, "visited": false}, "geometry": {"type": "Point", "coordinates": [630071.71, 5219688.73]}}, {"type": "Feature", "properties": {"target_id": "T-MSP-0699", "kind": "missing_plant", "vineyard_id": "V21", "row_id": "V21-R005", "x": 630080.03, "y": 5219671.72, "priority": 3, "reachable": true, "visited": false}, "geometry": {"type": "Point", "coordinates": [630080.03, 5219671.72]}}, {"type": "Feature", "properties": {"target_id": "T-MSP-0700", "kind": "missing_plant", "vineyard_id": "V23", "row_id": "V23-R001", "x": 629875.88, "y": 5219653.66, "priority": 3, "reachable": true, "visited": false}, "geometry": {"type": "Point", "coordinates": [629875.88, 5219653.66]}}, {"type": "Feature", "properties": {"target_id": "T-MSP-0701", "kind": "missing_plant", "vineyard_id": "V23", "row_id": "V23-R002", "x": 629880.78, "y": 5219655.6, "priority": 3, "reachable": true, "visited": false}, "geometry": {"type": "Point", "coordinates": [629880.78, 5219655.6]}}, {"type": "Feature", "properties": {"target_id": "T-MSP-0702", "kind": "missing_plant", "vineyard_id": "V24", "row_id": "V24-R002", "x": 629987.36, "y": 5219622.69, "priority": 3, "reachable": true, "visited": true}, "geometry": {"type": "Point", "coordinates": [629987.36, 5219622.69]}}, {"type": "Feature", "properties": {"target_id": "T-MSP-0703", "kind": "missing_plant", "vineyard_id": "V24", "row_id": "V24-R002", "x": 629996.7, "y": 5219633.47, "priority": 3, "reachable": true, "visited": true}, "geometry": {"type": "Point", "coordinates": [629996.7, 5219633.47]}}, {"type": "Feature", "properties": {"target_id": "T-MSP-0704", "kind": "missing_plant", "vineyard_id": "V24", "row_id": "V24-R002", "x": 630008.45, "y": 5219647.65, "priority": 3, "reachable": true, "visited": true}, "geometry": {"type": "Point", "coordinates": [630008.45, 5219647.65]}}, {"type": "Feature", "properties": {"target_id": "T-MSP-0705", "kind": "missing_plant", "vineyard_id": "V24", "row_id": "V24-R002", "x": 630011.66, "y": 5219651.55, "priority": 3, "reachable": true, "visited": true}, "geometry": {"type": "Point", "coordinates": [630011.66, 5219651.55]}}, {"type": "Feature", "properties": {"target_id": "T-MSP-0706", "kind": "missing_plant", "vineyard_id": "V24", "row_id": "V24-R004", "x": 629996.1, "y": 5219625.07, "priority": 3, "reachable": true, "visited": true}, "geometry": {"type": "Point", "coordinates": [629996.1, 5219625.07]}}, {"type": "Feature", "properties": {"target_id": "T-MSP-0707", "kind": "missing_plant", "vineyard_id": "V24", "row_id": "V24-R004", "x": 630001.03, "y": 5219630.86, "priority": 3, "reachable": true, "visited": true}, "geometry": {"type": "Point", "coordinates": [630001.03, 5219630.86]}}, {"type": "Feature", "properties": {"target_id": "T-MSP-0708", "kind": "missing_plant", "vineyard_id": "V24", "row_id": "V24-R004", "x": 630003.34, "y": 5219633.57, "priority": 3, "reachable": true, "visited": true}, "geometry": {"type": "Point", "coordinates": [630003.34, 5219633.57]}}, {"type": "Feature", "properties": {"target_id": "T-MSP-0709", "kind": "missing_plant", "vineyard_id": "V24", "row_id": "V24-R005", "x": 629991.53, "y": 5219615.72, "priority": 3, "reachable": true, "visited": true}, "geometry": {"type": "Point", "coordinates": [629991.53, 5219615.72]}}, {"type": "Feature", "properties": {"target_id": "T-MSP-0710", "kind": "missing_plant", "vineyard_id": "V24", "row_id": "V24-R005", "x": 629996.86, "y": 5219621.95, "priority": 3, "reachable": true, "visited": true}, "geometry": {"type": "Point", "coordinates": [629996.86, 5219621.95]}}, {"type": "Feature", "properties": {"target_id": "T-MSP-0711", "kind": "missing_plant", "vineyard_id": "V24", "row_id": "V24-R005", "x": 630012.37, "y": 5219640.4, "priority": 3, "reachable": true, "visited": true}, "geometry": {"type": "Point", "coordinates": [630012.37, 5219640.4]}}, {"type": "Feature", "properties": {"target_id": "T-MSP-0712", "kind": "missing_plant", "vineyard_id": "V24", "row_id": "V24-R005", "x": 630015.58, "y": 5219644.11, "priority": 3, "reachable": true, "visited": true}, "geometry": {"type": "Point", "coordinates": [630015.58, 5219644.11]}}, {"type": "Feature", "properties": {"target_id": "T-MSP-0713", "kind": "missing_plant", "vineyard_id": "V24", "row_id": "V24-R006", "x": 630005.54, "y": 5219628.23, "priority": 3, "reachable": true, "visited": true}, "geometry": {"type": "Point", "coordinates": [630005.54, 5219628.23]}}, {"type": "Feature", "properties": {"target_id": "T-MSP-0714", "kind": "missing_plant", "vineyard_id": "V24", "row_id": "V24-R006", "x": 630014.27, "y": 5219638.53, "priority": 3, "reachable": true, "visited": true}, "geometry": {"type": "Point", "coordinates": [630014.27, 5219638.53]}}, {"type": "Feature", "properties": {"target_id": "T-MSP-0715", "kind": "missing_plant", "vineyard_id": "V25", "row_id": "V25-R001", "x": 629888.07, "y": 5219607.26, "priority": 3, "reachable": true, "visited": false}, "geometry": {"type": "Point", "coordinates": [629888.07, 5219607.26]}}, {"type": "Feature", "properties": {"target_id": "T-MSP-0716", "kind": "missing_plant", "vineyard_id": "V25", "row_id": "V25-R001", "x": 629890.42, "y": 5219609.98, "priority": 3, "reachable": true, "visited": false}, "geometry": {"type": "Point", "coordinates": [629890.42, 5219609.98]}}, {"type": "Feature", "properties": {"target_id": "T-MSP-0717", "kind": "missing_plant", "vineyard_id": "V25", "row_id": "V25-R001", "x": 629892.85, "y": 5219612.81, "priority": 3, "reachable": true, "visited": false}, "geometry": {"type": "Point", "coordinates": [629892.85, 5219612.81]}}, {"type": "Feature", "properties": {"target_id": "T-MSP-0718", "kind": "missing_plant", "vineyard_id": "V25", "row_id": "V25-R001", "x": 629901.47, "y": 5219622.81, "priority": 3, "reachable": true, "visited": false}, "geometry": {"type": "Point", "coordinates": [629901.47, 5219622.81]}}, {"type": "Feature", "properties": {"target_id": "T-MSP-0719", "kind": "missing_plant", "vineyard_id": "V25", "row_id": "V25-R001", "x": 629909.35, "y": 5219631.96, "priority": 3, "reachable": true, "visited": false}, "geometry": {"type": "Point", "coordinates": [629909.35, 5219631.96]}}, {"type": "Feature", "properties": {"target_id": "T-MSP-0720", "kind": "missing_plant", "vineyard_id": "V25", "row_id": "V25-R002", "x": 629886.38, "y": 5219601.46, "priority": 3, "reachable": true, "visited": false}, "geometry": {"type": "Point", "coordinates": [629886.38, 5219601.46]}}, {"type": "Feature", "properties": {"target_id": "T-MSP-0721", "kind": "missing_plant", "vineyard_id": "V25", "row_id": "V25-R002", "x": 629890.25, "y": 5219605.97, "priority": 3, "reachable": true, "visited": false}, "geometry": {"type": "Point", "coordinates": [629890.25, 5219605.97]}}, {"type": "Feature", "properties": {"target_id": "T-MSP-0722", "kind": "missing_plant", "vineyard_id": "V25", "row_id": "V25-R002", "x": 629901.19, "y": 5219618.73, "priority": 3, "reachable": true, "visited": false}, "geometry": {"type": "Point", "coordinates": [629901.19, 5219618.73]}}, {"type": "Feature", "properties": {"target_id": "T-MSP-0723", "kind": "missing_plant", "vineyard_id": "V25", "row_id": "V25-R002", "x": 629909.39, "y": 5219628.29, "priority": 3, "reachable": true, "visited": false}, "geometry": {"type": "Point", "coordinates": [629909.39, 5219628.29]}}, {"type": "Feature", "properties": {"target_id": "T-MSP-0724", "kind": "missing_plant", "vineyard_id": "V25", "row_id": "V25-R002", "x": 629912.68, "y": 5219632.24, "priority": 3, "reachable": true, "visited": false}, "geometry": {"type": "Point", "coordinates": [629912.68, 5219632.24]}}, {"type": "Feature", "properties": {"target_id": "T-MSP-0725", "kind": "missing_plant", "vineyard_id": "V25", "row_id": "V25-R003", "x": 629894.95, "y": 5219607.62, "priority": 3, "reachable": true, "visited": false}, "geometry": {"type": "Point", "coordinates": [629894.95, 5219607.62]}}, {"type": "Feature", "properties": {"target_id": "T-MSP-0726", "kind": "missing_plant", "vineyard_id": "V25", "row_id": "V25-R003", "x": 629898.95, "y": 5219612.29, "priority": 3, "reachable": true, "visited": false}, "geometry": {"type": "Point", "coordinates": [629898.95, 5219612.29]}}, {"type": "Feature", "properties": {"target_id": "T-MSP-0727", "kind": "missing_plant", "vineyard_id": "V25", "row_id": "V25-R003", "x": 629903.47, "y": 5219617.58, "priority": 3, "reachable": true, "visited": false}, "geometry": {"type": "Point", "coordinates": [629903.47, 5219617.58]}}, {"type": "Feature", "properties": {"target_id": "T-MSP-0728", "kind": "missing_plant", "vineyard_id": "V25", "row_id": "V25-R004", "x": 629889.3, "y": 5219597.1, "priority": 3, "reachable": true, "visited": false}, "geometry": {"type": "Point", "coordinates": [629889.3, 5219597.1]}}, {"type": "Feature", "properties": {"target_id": "T-MSP-0729", "kind": "missing_plant", "vineyard_id": "V25", "row_id": "V25-R004", "x": 629893.72, "y": 5219602.27, "priority": 3, "reachable": true, "visited": false}, "geometry": {"type": "Point", "coordinates": [629893.72, 5219602.27]}}, {"type": "Feature", "properties": {"target_id": "T-MSP-0730", "kind": "missing_plant", "vineyard_id": "V25", "row_id": "V25-R004", "x": 629898.24, "y": 5219607.55, "priority": 3, "reachable": true, "visited": false}, "geometry": {"type": "Point", "coordinates": [629898.24, 5219607.55]}}, {"type": "Feature", "properties": {"target_id": "T-MSP-0731", "kind": "missing_plant", "vineyard_id": "V26", "row_id": "V26-R004", "x": 629924.19, "y": 5219558.58, "priority": 3, "reachable": true, "visited": true}, "geometry": {"type": "Point", "coordinates": [629924.19, 5219558.58]}}, {"type": "Feature", "properties": {"target_id": "T-MSP-0732", "kind": "missing_plant", "vineyard_id": "V26", "row_id": "V26-R004", "x": 629936.0, "y": 5219573.43, "priority": 3, "reachable": true, "visited": true}, "geometry": {"type": "Point", "coordinates": [629936.0, 5219573.43]}}, {"type": "Feature", "properties": {"target_id": "T-MSP-0733", "kind": "missing_plant", "vineyard_id": "V26", "row_id": "V26-R004", "x": 629939.89, "y": 5219578.32, "priority": 3, "reachable": true, "visited": true}, "geometry": {"type": "Point", "coordinates": [629939.89, 5219578.32]}}, {"type": "Feature", "properties": {"target_id": "T-MSP-0734", "kind": "missing_plant", "vineyard_id": "V26", "row_id": "V26-R005", "x": 629929.31, "y": 5219561.29, "priority": 3, "reachable": true, "visited": true}, "geometry": {"type": "Point", "coordinates": [629929.31, 5219561.29]}}, {"type": "Feature", "properties": {"target_id": "T-MSP-0735", "kind": "missing_plant", "vineyard_id": "V26", "row_id": "V26-R005", "x": 629934.13, "y": 5219567.22, "priority": 3, "reachable": true, "visited": true}, "geometry": {"type": "Point", "coordinates": [629934.13, 5219567.22]}}, {"type": "Feature", "properties": {"target_id": "T-MSP-0736", "kind": "missing_plant", "vineyard_id": "V26", "row_id": "V26-R006", "x": 629926.76, "y": 5219554.23, "priority": 3, "reachable": true, "visited": false}, "geometry": {"type": "Point", "coordinates": [629926.76, 5219554.23]}}, {"type": "Feature", "properties": {"target_id": "T-MSP-0737", "kind": "missing_plant", "vineyard_id": "V26", "row_id": "V26-R007", "x": 629947.54, "y": 5219575.45, "priority": 3, "reachable": true, "visited": true}, "geometry": {"type": "Point", "coordinates": [629947.54, 5219575.45]}}, {"type": "Feature", "properties": {"target_id": "T-MSP-0738", "kind": "missing_plant", "vineyard_id": "V27", "row_id": "V27-R004", "x": 630090.33, "y": 5219572.09, "priority": 3, "reachable": true, "visited": true}, "geometry": {"type": "Point", "coordinates": [630090.33, 5219572.09]}}, {"type": "Feature", "properties": {"target_id": "T-MSP-0739", "kind": "missing_plant", "vineyard_id": "V27", "row_id": "V27-R005", "x": 630073.46, "y": 5219546.21, "priority": 3, "reachable": true, "visited": true}, "geometry": {"type": "Point", "coordinates": [630073.46, 5219546.21]}}, {"type": "Feature", "properties": {"target_id": "T-MSP-0740", "kind": "missing_plant", "vineyard_id": "V27", "row_id": "V27-R006", "x": 630098.4, "y": 5219574.12, "priority": 3, "reachable": true, "visited": false}, "geometry": {"type": "Point", "coordinates": [630098.4, 5219574.12]}}, {"type": "Feature", "properties": {"target_id": "T-MSP-0741", "kind": "missing_plant", "vineyard_id": "V27", "row_id": "V27-R007", "x": 630084.31, "y": 5219552.11, "priority": 3, "reachable": true, "visited": true}, "geometry": {"type": "Point", "coordinates": [630084.31, 5219552.11]}}, {"type": "Feature", "properties": {"target_id": "T-MSP-0742", "kind": "missing_plant", "vineyard_id": "V27", "row_id": "V27-R008", "x": 630080.78, "y": 5219543.34, "priority": 3, "reachable": true, "visited": true}, "geometry": {"type": "Point", "coordinates": [630080.78, 5219543.34]}}, {"type": "Feature", "properties": {"target_id": "T-MSP-0743", "kind": "missing_plant", "vineyard_id": "V28", "row_id": "V28-R001", "x": 630110.84, "y": 5219565.0, "priority": 3, "reachable": true, "visited": false}, "geometry": {"type": "Point", "coordinates": [630110.84, 5219565.0]}}, {"type": "Feature", "properties": {"target_id": "T-MSP-0744", "kind": "missing_plant", "vineyard_id": "V28", "row_id": "V28-R002", "x": 630111.84, "y": 5219561.56, "priority": 3, "reachable": true, "visited": false}, "geometry": {"type": "Point", "coordinates": [630111.84, 5219561.56]}}, {"type": "Feature", "properties": {"target_id": "T-MSP-0745", "kind": "missing_plant", "vineyard_id": "V28", "row_id": "V28-R003", "x": 630111.73, "y": 5219557.74, "priority": 3, "reachable": true, "visited": false}, "geometry": {"type": "Point", "coordinates": [630111.73, 5219557.74]}}, {"type": "Feature", "properties": {"target_id": "T-MSP-0746", "kind": "missing_plant", "vineyard_id": "V28", "row_id": "V28-R009", "x": 630111.28, "y": 5219539.8, "priority": 3, "reachable": true, "visited": false}, "geometry": {"type": "Point", "coordinates": [630111.28, 5219539.8]}}, {"type": "Feature", "properties": {"target_id": "T-MSP-0747", "kind": "missing_plant", "vineyard_id": "V28", "row_id": "V28-R015", "x": 630114.64, "y": 5219518.48, "priority": 3, "reachable": true, "visited": true}, "geometry": {"type": "Point", "coordinates": [630114.64, 5219518.48]}}, {"type": "Feature", "properties": {"target_id": "T-MSP-0748", "kind": "missing_plant", "vineyard_id": "V28", "row_id": "V28-R019", "x": 630137.19, "y": 5219531.85, "priority": 3, "reachable": true, "visited": true}, "geometry": {"type": "Point", "coordinates": [630137.19, 5219531.85]}}, {"type": "Feature", "properties": {"target_id": "T-MSP-0749", "kind": "missing_plant", "vineyard_id": "V28", "row_id": "V28-R019", "x": 630139.71, "y": 5219534.99, "priority": 3, "reachable": true, "visited": true}, "geometry": {"type": "Point", "coordinates": [630139.71, 5219534.99]}}, {"type": "Feature", "properties": {"target_id": "T-MSP-0750", "kind": "missing_plant", "vineyard_id": "V28", "row_id": "V28-R020", "x": 630132.97, "y": 5219521.85, "priority": 3, "reachable": true, "visited": true}, "geometry": {"type": "Point", "coordinates": [630132.97, 5219521.85]}}, {"type": "Feature", "properties": {"target_id": "T-MSP-0751", "kind": "missing_plant", "vineyard_id": "V28", "row_id": "V28-R020", "x": 630147.42, "y": 5219539.58, "priority": 3, "reachable": true, "visited": true}, "geometry": {"type": "Point", "coordinates": [630147.42, 5219539.58]}}, {"type": "Feature", "properties": {"target_id": "T-MSP-0752", "kind": "missing_plant", "vineyard_id": "V28", "row_id": "V28-R021", "x": 630140.5, "y": 5219526.25, "priority": 3, "reachable": true, "visited": true}, "geometry": {"type": "Point", "coordinates": [630140.5, 5219526.25]}}, {"type": "Feature", "properties": {"target_id": "T-MSP-0753", "kind": "missing_plant", "vineyard_id": "V28", "row_id": "V28-R021", "x": 630146.72, "y": 5219533.87, "priority": 3, "reachable": true, "visited": true}, "geometry": {"type": "Point", "coordinates": [630146.72, 5219533.87]}}, {"type": "Feature", "properties": {"target_id": "T-MSP-0754", "kind": "missing_plant", "vineyard_id": "V29", "row_id": "V29-R009", "x": 629986.16, "y": 5219483.19, "priority": 3, "reachable": true, "visited": false}, "geometry": {"type": "Point", "coordinates": [629986.16, 5219483.19]}}, {"type": "Feature", "properties": {"target_id": "T-MSP-0755", "kind": "missing_plant", "vineyard_id": "V30", "row_id": "V30-R001", "x": 630161.37, "y": 5219512.76, "priority": 3, "reachable": true, "visited": false}, "geometry": {"type": "Point", "coordinates": [630161.37, 5219512.76]}}, {"type": "Feature", "properties": {"target_id": "T-MSP-0756", "kind": "missing_plant", "vineyard_id": "V30", "row_id": "V30-R002", "x": 630163.74, "y": 5219509.68, "priority": 3, "reachable": true, "visited": false}, "geometry": {"type": "Point", "coordinates": [630163.74, 5219509.68]}}, {"type": "Feature", "properties": {"target_id": "T-MSP-0757", "kind": "missing_plant", "vineyard_id": "V30", "row_id": "V30-R002", "x": 630167.33, "y": 5219513.81, "priority": 3, "reachable": true, "visited": false}, "geometry": {"type": "Point", "coordinates": [630167.33, 5219513.81]}}, {"type": "Feature", "properties": {"target_id": "T-MSP-0758", "kind": "missing_plant", "vineyard_id": "V30", "row_id": "V30-R004", "x": 630161.86, "y": 5219493.68, "priority": 3, "reachable": true, "visited": false}, "geometry": {"type": "Point", "coordinates": [630161.86, 5219493.68]}}, {"type": "Feature", "properties": {"target_id": "T-MSP-0759", "kind": "missing_plant", "vineyard_id": "V30", "row_id": "V30-R005", "x": 630160.54, "y": 5219487.89, "priority": 3, "reachable": true, "visited": false}, "geometry": {"type": "Point", "coordinates": [630160.54, 5219487.89]}}, {"type": "Feature", "properties": {"target_id": "T-MSP-0760", "kind": "missing_plant", "vineyard_id": "V30", "row_id": "V30-R005", "x": 630167.41, "y": 5219496.0, "priority": 3, "reachable": true, "visited": false}, "geometry": {"type": "Point", "coordinates": [630167.41, 5219496.0]}}, {"type": "Feature", "properties": {"target_id": "T-MSP-0761", "kind": "missing_plant", "vineyard_id": "V30", "row_id": "V30-R006", "x": 630166.72, "y": 5219489.36, "priority": 3, "reachable": true, "visited": false}, "geometry": {"type": "Point", "coordinates": [630166.72, 5219489.36]}}, {"type": "Feature", "properties": {"target_id": "T-MSP-0762", "kind": "missing_plant", "vineyard_id": "V31", "row_id": "V31-R002", "x": 630341.39, "y": 5219457.11, "priority": 3, "reachable": true, "visited": false}, "geometry": {"type": "Point", "coordinates": [630341.39, 5219457.11]}}, {"type": "Feature", "properties": {"target_id": "T-MSP-0763", "kind": "missing_plant", "vineyard_id": "V31", "row_id": "V31-R005", "x": 630336.51, "y": 5219453.25, "priority": 3, "reachable": true, "visited": false}, "geometry": {"type": "Point", "coordinates": [630336.51, 5219453.25]}}, {"type": "Feature", "properties": {"target_id": "T-MSP-0764", "kind": "missing_plant", "vineyard_id": "V31", "row_id": "V31-R007", "x": 630336.72, "y": 5219443.82, "priority": 3, "reachable": true, "visited": false}, "geometry": {"type": "Point", "coordinates": [630336.72, 5219443.82]}}, {"type": "Feature", "properties": {"target_id": "T-MSP-0765", "kind": "missing_plant", "vineyard_id": "V32", "row_id": "V32-R001", "x": 630317.23, "y": 5219443.53, "priority": 3, "reachable": true, "visited": false}, "geometry": {"type": "Point", "coordinates": [630317.23, 5219443.53]}}, {"type": "Feature", "properties": {"target_id": "T-MSP-0766", "kind": "missing_plant", "vineyard_id": "V33", "row_id": "V33-R001", "x": 630026.56, "y": 5219427.98, "priority": 3, "reachable": true, "visited": false}, "geometry": {"type": "Point", "coordinates": [630026.56, 5219427.98]}}, {"type": "Feature", "properties": {"target_id": "T-MSP-0767", "kind": "missing_plant", "vineyard_id": "V35", "row_id": "V35-R003", "x": 630123.07, "y": 5219410.56, "priority": 3, "reachable": true, "visited": false}, "geometry": {"type": "Point", "coordinates": [630123.07, 5219410.56]}}, {"type": "Feature", "properties": {"target_id": "T-MSP-0768", "kind": "missing_plant", "vineyard_id": "V35", "row_id": "V35-R003", "x": 630132.69, "y": 5219422.75, "priority": 3, "reachable": true, "visited": false}, "geometry": {"type": "Point", "coordinates": [630132.69, 5219422.75]}}, {"type": "Feature", "properties": {"target_id": "T-MSP-0769", "kind": "missing_plant", "vineyard_id": "V35", "row_id": "V35-R005", "x": 630123.56, "y": 5219406.95, "priority": 3, "reachable": true, "visited": false}, "geometry": {"type": "Point", "coordinates": [630123.56, 5219406.95]}}, {"type": "Feature", "properties": {"target_id": "T-MSP-0770", "kind": "missing_plant", "vineyard_id": "V35", "row_id": "V35-R006", "x": 630125.77, "y": 5219406.84, "priority": 3, "reachable": true, "visited": false}, "geometry": {"type": "Point", "coordinates": [630125.77, 5219406.84]}}, {"type": "Feature", "properties": {"target_id": "T-MSP-0771", "kind": "missing_plant", "vineyard_id": "V35", "row_id": "V35-R007", "x": 630114.19, "y": 5219392.04, "priority": 3, "reachable": true, "visited": false}, "geometry": {"type": "Point", "coordinates": [630114.19, 5219392.04]}}, {"type": "Feature", "properties": {"target_id": "T-MSP-0772", "kind": "missing_plant", "vineyard_id": "V36", "row_id": "V36-R001", "x": 630128.16, "y": 5219393.43, "priority": 3, "reachable": true, "visited": false}, "geometry": {"type": "Point", "coordinates": [630128.16, 5219393.43]}}, {"type": "Feature", "properties": {"target_id": "T-MSP-0773", "kind": "missing_plant", "vineyard_id": "V36", "row_id": "V36-R001", "x": 630138.0, "y": 5219406.07, "priority": 3, "reachable": true, "visited": false}, "geometry": {"type": "Point", "coordinates": [630138.0, 5219406.07]}}, {"type": "Feature", "properties": {"target_id": "T-MSP-0774", "kind": "missing_plant", "vineyard_id": "V36", "row_id": "V36-R002", "x": 630130.72, "y": 5219391.96, "priority": 3, "reachable": true, "visited": false}, "geometry": {"type": "Point", "coordinates": [630130.72, 5219391.96]}}, {"type": "Feature", "properties": {"target_id": "T-MSP-0775", "kind": "missing_plant", "vineyard_id": "V36", "row_id": "V36-R002", "x": 630156.03, "y": 5219424.08, "priority": 3, "reachable": true, "visited": false}, "geometry": {"type": "Point", "coordinates": [630156.03, 5219424.08]}}, {"type": "Feature", "properties": {"target_id": "T-MSP-0776", "kind": "missing_plant", "vineyard_id": "V36", "row_id": "V36-R003", "x": 630138.44, "y": 5219393.34, "priority": 3, "reachable": true, "visited": false}, "geometry": {"type": "Point", "coordinates": [630138.44, 5219393.34]}}, {"type": "Feature", "properties": {"target_id": "T-MSP-0777", "kind": "missing_plant", "vineyard_id": "V37", "row_id": "V37-R003", "x": 630359.74, "y": 5219410.9, "priority": 3, "reachable": true, "visited": false}, "geometry": {"type": "Point", "coordinates": [630359.74, 5219410.9]}}, {"type": "Feature", "properties": {"target_id": "T-MSP-0778", "kind": "missing_plant", "vineyard_id": "V37", "row_id": "V37-R003", "x": 630356.75, "y": 5219414.33, "priority": 3, "reachable": true, "visited": false}, "geometry": {"type": "Point", "coordinates": [630356.75, 5219414.33]}}, {"type": "Feature", "properties": {"target_id": "T-MSP-0779", "kind": "missing_plant", "vineyard_id": "V37", "row_id": "V37-R003", "x": 630354.05, "y": 5219417.43, "priority": 3, "reachable": true, "visited": false}, "geometry": {"type": "Point", "coordinates": [630354.05, 5219417.43]}}, {"type": "Feature", "properties": {"target_id": "T-MSP-0780", "kind": "missing_plant", "vineyard_id": "V37", "row_id": "V37-R003", "x": 630349.62, "y": 5219422.51, "priority": 3, "reachable": true, "visited": false}, "geometry": {"type": "Point", "coordinates": [630349.62, 5219422.51]}}, {"type": "Feature", "properties": {"target_id": "T-MSP-0781", "kind": "missing_plant", "vineyard_id": "V37", "row_id": "V37-R005", "x": 630351.56, "y": 5219416.02, "priority": 3, "reachable": true, "visited": false}, "geometry": {"type": "Point", "coordinates": [630351.56, 5219416.02]}}, {"type": "Feature", "properties": {"target_id": "T-MSP-0782", "kind": "missing_plant", "vineyard_id": "V37", "row_id": "V37-R005", "x": 630342.29, "y": 5219426.66, "priority": 3, "reachable": true, "visited": false}, "geometry": {"type": "Point", "coordinates": [630342.29, 5219426.66]}}, {"type": "Feature", "properties": {"target_id": "T-MSP-0783", "kind": "missing_plant", "vineyard_id": "V37", "row_id": "V37-R006", "x": 630361.42, "y": 5219400.18, "priority": 3, "reachable": true, "visited": false}, "geometry": {"type": "Point", "coordinates": [630361.42, 5219400.18]}}, {"type": "Feature", "properties": {"target_id": "T-MSP-0784", "kind": "missing_plant", "vineyard_id": "V37", "row_id": "V37-R006", "x": 630344.46, "y": 5219419.89, "priority": 3, "reachable": true, "visited": false}, "geometry": {"type": "Point", "coordinates": [630344.46, 5219419.89]}}, {"type": "Feature", "properties": {"target_id": "T-MSP-0785", "kind": "missing_plant", "vineyard_id": "V37", "row_id": "V37-R006", "x": 630338.54, "y": 5219426.77, "priority": 3, "reachable": true, "visited": false}, "geometry": {"type": "Point", "coordinates": [630338.54, 5219426.77]}}, {"type": "Feature", "properties": {"target_id": "T-MSP-0786", "kind": "missing_plant", "vineyard_id": "V37", "row_id": "V37-R007", "x": 630367.95, "y": 5219388.51, "priority": 3, "reachable": true, "visited": false}, "geometry": {"type": "Point", "coordinates": [630367.95, 5219388.51]}}, {"type": "Feature", "properties": {"target_id": "T-MSP-0787", "kind": "missing_plant", "vineyard_id": "V37", "row_id": "V37-R007", "x": 630353.75, "y": 5219404.95, "priority": 3, "reachable": true, "visited": false}, "geometry": {"type": "Point", "coordinates": [630353.75, 5219404.95]}}, {"type": "Feature", "properties": {"target_id": "T-MSP-0788", "kind": "missing_plant", "vineyard_id": "V37", "row_id": "V37-R007", "x": 630350.2, "y": 5219409.07, "priority": 3, "reachable": true, "visited": false}, "geometry": {"type": "Point", "coordinates": [630350.2, 5219409.07]}}, {"type": "Feature", "properties": {"target_id": "T-MSP-0789", "kind": "missing_plant", "vineyard_id": "V37", "row_id": "V37-R007", "x": 630347.74, "y": 5219411.92, "priority": 3, "reachable": true, "visited": false}, "geometry": {"type": "Point", "coordinates": [630347.74, 5219411.92]}}, {"type": "Feature", "properties": {"target_id": "T-MSP-0790", "kind": "missing_plant", "vineyard_id": "V37", "row_id": "V37-R008", "x": 630349.01, "y": 5219406.37, "priority": 3, "reachable": true, "visited": false}, "geometry": {"type": "Point", "coordinates": [630349.01, 5219406.37]}}, {"type": "Feature", "properties": {"target_id": "T-MSP-0791", "kind": "missing_plant", "vineyard_id": "V37", "row_id": "V37-R008", "x": 630346.28, "y": 5219409.52, "priority": 3, "reachable": true, "visited": false}, "geometry": {"type": "Point", "coordinates": [630346.28, 5219409.52]}}, {"type": "Feature", "properties": {"target_id": "T-MSP-0792", "kind": "missing_plant", "vineyard_id": "V37", "row_id": "V37-R008", "x": 630334.25, "y": 5219423.37, "priority": 3, "reachable": true, "visited": false}, "geometry": {"type": "Point", "coordinates": [630334.25, 5219423.37]}}, {"type": "Feature", "properties": {"target_id": "T-MSP-0793", "kind": "missing_plant", "vineyard_id": "V37", "row_id": "V37-R009", "x": 630336.14, "y": 5219417.01, "priority": 3, "reachable": true, "visited": false}, "geometry": {"type": "Point", "coordinates": [630336.14, 5219417.01]}}, {"type": "Feature", "properties": {"target_id": "T-MSP-0794", "kind": "missing_plant", "vineyard_id": "V37", "row_id": "V37-R010", "x": 630340.34, "y": 5219408.29, "priority": 3, "reachable": true, "visited": false}, "geometry": {"type": "Point", "coordinates": [630340.34, 5219408.29]}}, {"type": "Feature", "properties": {"target_id": "T-MSP-0795", "kind": "missing_plant", "vineyard_id": "V37", "row_id": "V37-R010", "x": 630336.53, "y": 5219412.69, "priority": 3, "reachable": true, "visited": false}, "geometry": {"type": "Point", "coordinates": [630336.53, 5219412.69]}}, {"type": "Feature", "properties": {"target_id": "T-MSP-0796", "kind": "missing_plant", "vineyard_id": "V37", "row_id": "V37-R010", "x": 630333.5, "y": 5219416.17, "priority": 3, "reachable": true, "visited": false}, "geometry": {"type": "Point", "coordinates": [630333.5, 5219416.17]}}, {"type": "Feature", "properties": {"target_id": "T-MSP-0797", "kind": "missing_plant", "vineyard_id": "V37", "row_id": "V37-R010", "x": 630330.76, "y": 5219419.33, "priority": 3, "reachable": true, "visited": false}, "geometry": {"type": "Point", "coordinates": [630330.76, 5219419.33]}}, {"type": "Feature", "properties": {"target_id": "T-MSP-0798", "kind": "missing_plant", "vineyard_id": "V37", "row_id": "V37-R014", "x": 630329.86, "y": 5219400.06, "priority": 3, "reachable": true, "visited": false}, "geometry": {"type": "Point", "coordinates": [630329.86, 5219400.06]}}, {"type": "Feature", "properties": {"target_id": "T-MSP-0799", "kind": "missing_plant", "vineyard_id": "V37", "row_id": "V37-R015", "x": 630336.48, "y": 5219385.19, "priority": 3, "reachable": true, "visited": false}, "geometry": {"type": "Point", "coordinates": [630336.48, 5219385.19]}}, {"type": "Feature", "properties": {"target_id": "T-MSP-0800", "kind": "missing_plant", "vineyard_id": "V38", "row_id": "V38-R003", "x": 630147.96, "y": 5219393.73, "priority": 3, "reachable": true, "visited": false}, "geometry": {"type": "Point", "coordinates": [630147.96, 5219393.73]}}, {"type": "Feature", "properties": {"target_id": "T-MSP-0801", "kind": "missing_plant", "vineyard_id": "V38", "row_id": "V38-R003", "x": 630153.41, "y": 5219400.62, "priority": 3, "reachable": true, "visited": false}, "geometry": {"type": "Point", "coordinates": [630153.41, 5219400.62]}}, {"type": "Feature", "properties": {"target_id": "T-MSP-0802", "kind": "missing_plant", "vineyard_id": "V38", "row_id": "V38-R003", "x": 630160.31, "y": 5219409.32, "priority": 3, "reachable": true, "visited": false}, "geometry": {"type": "Point", "coordinates": [630160.31, 5219409.32]}}, {"type": "Feature", "properties": {"target_id": "T-MSP-0803", "kind": "missing_plant", "vineyard_id": "V38", "row_id": "V38-R004", "x": 630157.62, "y": 5219402.11, "priority": 3, "reachable": true, "visited": false}, "geometry": {"type": "Point", "coordinates": [630157.62, 5219402.11]}}, {"type": "Feature", "properties": {"target_id": "T-MSP-0804", "kind": "missing_plant", "vineyard_id": "V38", "row_id": "V38-R004", "x": 630161.57, "y": 5219407.14, "priority": 3, "reachable": true, "visited": false}, "geometry": {"type": "Point", "coordinates": [630161.57, 5219407.14]}}, {"type": "Feature", "properties": {"target_id": "T-MSP-0805", "kind": "missing_plant", "vineyard_id": "V38", "row_id": "V38-R004", "x": 630168.87, "y": 5219416.43, "priority": 3, "reachable": true, "visited": false}, "geometry": {"type": "Point", "coordinates": [630168.87, 5219416.43]}}, {"type": "Feature", "properties": {"target_id": "T-MSP-0806", "kind": "missing_plant", "vineyard_id": "V38", "row_id": "V38-R005", "x": 630149.88, "y": 5219388.24, "priority": 3, "reachable": true, "visited": false}, "geometry": {"type": "Point", "coordinates": [630149.88, 5219388.24]}}, {"type": "Feature", "properties": {"target_id": "T-MSP-0807", "kind": "missing_plant", "vineyard_id": "V38", "row_id": "V38-R005", "x": 630154.24, "y": 5219393.89, "priority": 3, "reachable": true, "visited": false}, "geometry": {"type": "Point", "coordinates": [630154.24, 5219393.89]}}, {"type": "Feature", "properties": {"target_id": "T-MSP-0808", "kind": "missing_plant", "vineyard_id": "V38", "row_id": "V38-R005", "x": 630159.23, "y": 5219400.35, "priority": 3, "reachable": true, "visited": false}, "geometry": {"type": "Point", "coordinates": [630159.23, 5219400.35]}}, {"type": "Feature", "properties": {"target_id": "T-MSP-0809", "kind": "missing_plant", "vineyard_id": "V38", "row_id": "V38-R005", "x": 630171.79, "y": 5219416.61, "priority": 3, "reachable": true, "visited": false}, "geometry": {"type": "Point", "coordinates": [630171.79, 5219416.61]}}, {"type": "Feature", "properties": {"target_id": "T-MSP-0810", "kind": "missing_plant", "vineyard_id": "V38", "row_id": "V38-R007", "x": 630152.25, "y": 5219382.52, "priority": 3, "reachable": true, "visited": false}, "geometry": {"type": "Point", "coordinates": [630152.25, 5219382.52]}}, {"type": "Feature", "properties": {"target_id": "T-MSP-0811", "kind": "missing_plant", "vineyard_id": "V39", "row_id": "V39-R002", "x": 630163.2, "y": 5219384.78, "priority": 3, "reachable": true, "visited": false}, "geometry": {"type": "Point", "coordinates": [630163.2, 5219384.78]}}, {"type": "Feature", "properties": {"target_id": "T-MSP-0812", "kind": "missing_plant", "vineyard_id": "V40", "row_id": "V40-R002", "x": 630353.76, "y": 5219334.8, "priority": 3, "reachable": true, "visited": false}, "geometry": {"type": "Point", "coordinates": [630353.76, 5219334.8]}}, {"type": "Feature", "properties": {"target_id": "T-MSP-0813", "kind": "missing_plant", "vineyard_id": "V41", "row_id": "V41-R002", "x": 630208.25, "y": 5219344.18, "priority": 3, "reachable": true, "visited": false}, "geometry": {"type": "Point", "coordinates": [630208.25, 5219344.18]}}, {"type": "Feature", "properties": {"target_id": "T-MSP-0814", "kind": "missing_plant", "vineyard_id": "V41", "row_id": "V41-R002", "x": 630213.59, "y": 5219352.72, "priority": 3, "reachable": true, "visited": false}, "geometry": {"type": "Point", "coordinates": [630213.59, 5219352.72]}}, {"type": "Feature", "properties": {"target_id": "T-MSP-0815", "kind": "missing_plant", "vineyard_id": "V41", "row_id": "V41-R002", "x": 630217.63, "y": 5219359.18, "priority": 3, "reachable": true, "visited": false}, "geometry": {"type": "Point", "coordinates": [630217.63, 5219359.18]}}, {"type": "Feature", "properties": {"target_id": "T-MSP-0816", "kind": "missing_plant", "vineyard_id": "V41", "row_id": "V41-R003", "x": 630208.26, "y": 5219339.15, "priority": 3, "reachable": true, "visited": false}, "geometry": {"type": "Point", "coordinates": [630208.26, 5219339.15]}}, {"type": "Feature", "properties": {"target_id": "T-MSP-0817", "kind": "missing_plant", "vineyard_id": "V41", "row_id": "V41-R003", "x": 630211.03, "y": 5219343.61, "priority": 3, "reachable": true, "visited": false}, "geometry": {"type": "Point", "coordinates": [630211.03, 5219343.61]}}, {"type": "Feature", "properties": {"target_id": "T-MSP-0818", "kind": "missing_plant", "vineyard_id": "V41", "row_id": "V41-R003", "x": 630213.17, "y": 5219347.05, "priority": 3, "reachable": true, "visited": false}, "geometry": {"type": "Point", "coordinates": [630213.17, 5219347.05]}}, {"type": "Feature", "properties": {"target_id": "T-MSP-0819", "kind": "missing_plant", "vineyard_id": "V41", "row_id": "V41-R006", "x": 630224.43, "y": 5219349.8, "priority": 3, "reachable": true, "visited": false}, "geometry": {"type": "Point", "coordinates": [630224.43, 5219349.8]}}, {"type": "Feature", "properties": {"target_id": "T-MSP-0820", "kind": "missing_plant", "vineyard_id": "V41", "row_id": "V41-R006", "x": 630226.62, "y": 5219353.3, "priority": 3, "reachable": true, "visited": false}, "geometry": {"type": "Point", "coordinates": [630226.62, 5219353.3]}}, {"type": "Feature", "properties": {"target_id": "T-MSP-0821", "kind": "missing_plant", "vineyard_id": "V41", "row_id": "V41-R010", "x": 630216.35, "y": 5219320.05, "priority": 3, "reachable": true, "visited": false}, "geometry": {"type": "Point", "coordinates": [630216.35, 5219320.05]}}, {"type": "Feature", "properties": {"target_id": "T-MSP-0822", "kind": "missing_plant", "vineyard_id": "V41", "row_id": "V41-R010", "x": 630225.67, "y": 5219334.77, "priority": 3, "reachable": true, "visited": false}, "geometry": {"type": "Point", "coordinates": [630225.67, 5219334.77]}}, {"type": "Feature", "properties": {"target_id": "T-MSP-0823", "kind": "missing_plant", "vineyard_id": "V41", "row_id": "V41-R010", "x": 630239.53, "y": 5219356.66, "priority": 3, "reachable": true, "visited": false}, "geometry": {"type": "Point", "coordinates": [630239.53, 5219356.66]}}, {"type": "Feature", "properties": {"target_id": "T-MSP-0824", "kind": "missing_plant", "vineyard_id": "V41", "row_id": "V41-R012", "x": 630242.14, "y": 5219355.34, "priority": 3, "reachable": true, "visited": false}, "geometry": {"type": "Point", "coordinates": [630242.14, 5219355.34]}}, {"type": "Feature", "properties": {"target_id": "T-MSP-0825", "kind": "missing_plant", "vineyard_id": "V41", "row_id": "V41-R013", "x": 630278.25, "y": 5219410.35, "priority": 3, "reachable": true, "visited": false}, "geometry": {"type": "Point", "coordinates": [630278.25, 5219410.35]}}, {"type": "Feature", "properties": {"target_id": "T-MSP-0826", "kind": "missing_plant", "vineyard_id": "V41", "row_id": "V41-R013", "x": 630287.17, "y": 5219422.85, "priority": 3, "reachable": true, "visited": true}, "geometry": {"type": "Point", "coordinates": [630287.17, 5219422.85]}}, {"type": "Feature", "properties": {"target_id": "T-MSP-0827", "kind": "missing_plant", "vineyard_id": "V41", "row_id": "V41-R014", "x": 630243.12, "y": 5219351.31, "priority": 3, "reachable": true, "visited": false}, "geometry": {"type": "Point", "coordinates": [630243.12, 5219351.31]}}, {"type": "Feature", "properties": {"target_id": "T-MSP-0828", "kind": "missing_plant", "vineyard_id": "V41", "row_id": "V41-R015", "x": 630225.59, "y": 5219323.92, "priority": 3, "reachable": true, "visited": false}, "geometry": {"type": "Point", "coordinates": [630225.59, 5219323.92]}}, {"type": "Feature", "properties": {"target_id": "T-MSP-0829", "kind": "missing_plant", "vineyard_id": "V41", "row_id": "V41-R016", "x": 630287.43, "y": 5219416.87, "priority": 3, "reachable": true, "visited": true}, "geometry": {"type": "Point", "coordinates": [630287.43, 5219416.87]}}, {"type": "Feature", "properties": {"target_id": "T-MSP-0830", "kind": "missing_plant", "vineyard_id": "V41", "row_id": "V41-R016", "x": 630290.73, "y": 5219421.47, "priority": 3, "reachable": true, "visited": true}, "geometry": {"type": "Point", "coordinates": [630290.73, 5219421.47]}}, {"type": "Feature", "properties": {"target_id": "T-MSP-0831", "kind": "missing_plant", "vineyard_id": "V41", "row_id": "V41-R017", "x": 630297.54, "y": 5219427.25, "priority": 3, "reachable": true, "visited": true}, "geometry": {"type": "Point", "coordinates": [630297.54, 5219427.25]}}, {"type": "Feature", "properties": {"target_id": "T-MSP-0832", "kind": "missing_plant", "vineyard_id": "V41", "row_id": "V41-R018", "x": 630235.24, "y": 5219333.48, "priority": 3, "reachable": true, "visited": false}, "geometry": {"type": "Point", "coordinates": [630235.24, 5219333.48]}}, {"type": "Feature", "properties": {"target_id": "T-MSP-0833", "kind": "missing_plant", "vineyard_id": "V41", "row_id": "V41-R021", "x": 630298.85, "y": 5219420.21, "priority": 3, "reachable": true, "visited": true}, "geometry": {"type": "Point", "coordinates": [630298.85, 5219420.21]}}, {"type": "Feature", "properties": {"target_id": "T-MSP-0834", "kind": "missing_plant", "vineyard_id": "V41", "row_id": "V41-R021", "x": 630303.56, "y": 5219426.92, "priority": 3, "reachable": true, "visited": true}, "geometry": {"type": "Point", "coordinates": [630303.56, 5219426.92]}}, {"type": "Feature", "properties": {"target_id": "T-MSP-0835", "kind": "missing_plant", "vineyard_id": "V41", "row_id": "V41-R024", "x": 630234.77, "y": 5219318.44, "priority": 3, "reachable": true, "visited": false}, "geometry": {"type": "Point", "coordinates": [630234.77, 5219318.44]}}, {"type": "Feature", "properties": {"target_id": "T-MSP-0836", "kind": "missing_plant", "vineyard_id": "V41", "row_id": "V41-R024", "x": 630245.33, "y": 5219334.8, "priority": 3, "reachable": true, "visited": false}, "geometry": {"type": "Point", "coordinates": [630245.33, 5219334.8]}}, {"type": "Feature", "properties": {"target_id": "T-MSP-0837", "kind": "missing_plant", "vineyard_id": "V41", "row_id": "V41-R024", "x": 630251.61, "y": 5219344.54, "priority": 3, "reachable": true, "visited": false}, "geometry": {"type": "Point", "coordinates": [630251.61, 5219344.54]}}, {"type": "Feature", "properties": {"target_id": "T-MSP-0838", "kind": "missing_plant", "vineyard_id": "V41", "row_id": "V41-R024", "x": 630255.72, "y": 5219350.92, "priority": 3, "reachable": true, "visited": false}, "geometry": {"type": "Point", "coordinates": [630255.72, 5219350.92]}}, {"type": "Feature", "properties": {"target_id": "T-MSP-0839", "kind": "missing_plant", "vineyard_id": "V41", "row_id": "V41-R026", "x": 630225.2, "y": 5219298.86, "priority": 3, "reachable": true, "visited": false}, "geometry": {"type": "Point", "coordinates": [630225.2, 5219298.86]}}, {"type": "Feature", "properties": {"target_id": "T-MSP-0840", "kind": "missing_plant", "vineyard_id": "V41", "row_id": "V41-R026", "x": 630228.24, "y": 5219303.6, "priority": 3, "reachable": true, "visited": false}, "geometry": {"type": "Point", "coordinates": [630228.24, 5219303.6]}}, {"type": "Feature", "properties": {"target_id": "T-MSP-0841", "kind": "missing_plant", "vineyard_id": "V41", "row_id": "V41-R026", "x": 630239.93, "y": 5219321.79, "priority": 3, "reachable": true, "visited": false}, "geometry": {"type": "Point", "coordinates": [630239.93, 5219321.79]}}, {"type": "Feature", "properties": {"target_id": "T-MSP-0842", "kind": "missing_plant", "vineyard_id": "V41", "row_id": "V41-R026", "x": 630251.88, "y": 5219340.4, "priority": 3, "reachable": true, "visited": false}, "geometry": {"type": "Point", "coordinates": [630251.88, 5219340.4]}}, {"type": "Feature", "properties": {"target_id": "T-MSP-0843", "kind": "missing_plant", "vineyard_id": "V41", "row_id": "V41-R028", "x": 630250.09, "y": 5219332.98, "priority": 3, "reachable": true, "visited": false}, "geometry": {"type": "Point", "coordinates": [630250.09, 5219332.98]}}, {"type": "Feature", "properties": {"target_id": "T-MSP-0844", "kind": "missing_plant", "vineyard_id": "V41", "row_id": "V41-R028", "x": 630255.84, "y": 5219341.91, "priority": 3, "reachable": true, "visited": false}, "geometry": {"type": "Point", "coordinates": [630255.84, 5219341.91]}}, {"type": "Feature", "properties": {"target_id": "T-MSP-0845", "kind": "missing_plant", "vineyard_id": "V41", "row_id": "V41-R028", "x": 630258.56, "y": 5219346.13, "priority": 3, "reachable": true, "visited": false}, "geometry": {"type": "Point", "coordinates": [630258.56, 5219346.13]}}, {"type": "Feature", "properties": {"target_id": "T-MSP-0846", "kind": "missing_plant", "vineyard_id": "V41", "row_id": "V41-R031", "x": 630243.36, "y": 5219317.68, "priority": 3, "reachable": true, "visited": false}, "geometry": {"type": "Point", "coordinates": [630243.36, 5219317.68]}}, {"type": "Feature", "properties": {"target_id": "T-MSP-0847", "kind": "missing_plant", "vineyard_id": "V41", "row_id": "V41-R031", "x": 630258.61, "y": 5219341.46, "priority": 3, "reachable": true, "visited": false}, "geometry": {"type": "Point", "coordinates": [630258.61, 5219341.46]}}, {"type": "Feature", "properties": {"target_id": "T-MSP-0848", "kind": "missing_plant", "vineyard_id": "V41", "row_id": "V41-R034", "x": 630256.62, "y": 5219333.24, "priority": 3, "reachable": true, "visited": false}, "geometry": {"type": "Point", "coordinates": [630256.62, 5219333.24]}}, {"type": "Feature", "properties": {"target_id": "T-MSP-0849", "kind": "missing_plant", "vineyard_id": "V41", "row_id": "V41-R034", "x": 630263.05, "y": 5219343.31, "priority": 3, "reachable": true, "visited": false}, "geometry": {"type": "Point", "coordinates": [630263.05, 5219343.31]}}, {"type": "Feature", "properties": {"target_id": "T-MSP-0850", "kind": "missing_plant", "vineyard_id": "V41", "row_id": "V41-R034", "x": 630266.44, "y": 5219348.63, "priority": 3, "reachable": true, "visited": false}, "geometry": {"type": "Point", "coordinates": [630266.44, 5219348.63]}}, {"type": "Feature", "properties": {"target_id": "T-MSP-0851", "kind": "missing_plant", "vineyard_id": "V41", "row_id": "V41-R037", "x": 630228.52, "y": 5219284.17, "priority": 3, "reachable": true, "visited": false}, "geometry": {"type": "Point", "coordinates": [630228.52, 5219284.17]}}, {"type": "Feature", "properties": {"target_id": "T-MSP-0852", "kind": "missing_plant", "vineyard_id": "V41", "row_id": "V41-R037", "x": 630240.09, "y": 5219302.3, "priority": 3, "reachable": true, "visited": false}, "geometry": {"type": "Point", "coordinates": [630240.09, 5219302.3]}}, {"type": "Feature", "properties": {"target_id": "T-MSP-0853", "kind": "missing_plant", "vineyard_id": "V41", "row_id": "V41-R037", "x": 630243.43, "y": 5219307.55, "priority": 3, "reachable": true, "visited": false}, "geometry": {"type": "Point", "coordinates": [630243.43, 5219307.55]}}, {"type": "Feature", "properties": {"target_id": "T-MSP-0854", "kind": "missing_plant", "vineyard_id": "V41", "row_id": "V41-R037", "x": 630248.42, "y": 5219315.37, "priority": 3, "reachable": true, "visited": false}, "geometry": {"type": "Point", "coordinates": [630248.42, 5219315.37]}}, {"type": "Feature", "properties": {"target_id": "T-MSP-0855", "kind": "missing_plant", "vineyard_id": "V41", "row_id": "V41-R037", "x": 630262.09, "y": 5219336.79, "priority": 3, "reachable": true, "visited": false}, "geometry": {"type": "Point", "coordinates": [630262.09, 5219336.79]}}, {"type": "Feature", "properties": {"target_id": "T-MSP-0856", "kind": "missing_plant", "vineyard_id": "V41", "row_id": "V41-R037", "x": 630265.45, "y": 5219342.06, "priority": 3, "reachable": true, "visited": false}, "geometry": {"type": "Point", "coordinates": [630265.45, 5219342.06]}}, {"type": "Feature", "properties": {"target_id": "T-MSP-0857", "kind": "missing_plant", "vineyard_id": "V41", "row_id": "V41-R037", "x": 630268.77, "y": 5219347.27, "priority": 3, "reachable": true, "visited": false}, "geometry": {"type": "Point", "coordinates": [630268.77, 5219347.27]}}, {"type": "Feature", "properties": {"target_id": "T-MSP-0858", "kind": "missing_plant", "vineyard_id": "V41", "row_id": "V41-R040", "x": 630240.78, "y": 5219298.53, "priority": 3, "reachable": true, "visited": false}, "geometry": {"type": "Point", "coordinates": [630240.78, 5219298.53]}}, {"type": "Feature", "properties": {"target_id": "T-MSP-0859", "kind": "missing_plant", "vineyard_id": "V41", "row_id": "V41-R040", "x": 630243.24, "y": 5219302.39, "priority": 3, "reachable": true, "visited": false}, "geometry": {"type": "Point", "coordinates": [630243.24, 5219302.39]}}, {"type": "Feature", "properties": {"target_id": "T-MSP-0860", "kind": "missing_plant", "vineyard_id": "V41", "row_id": "V41-R041", "x": 630299.55, "y": 5219386.52, "priority": 3, "reachable": true, "visited": false}, "geometry": {"type": "Point", "coordinates": [630299.55, 5219386.52]}}, {"type": "Feature", "properties": {"target_id": "T-MSP-0861", "kind": "missing_plant", "vineyard_id": "V41", "row_id": "V41-R043", "x": 630263.92, "y": 5219329.67, "priority": 3, "reachable": false, "visited": false}, "geometry": {"type": "Point", "coordinates": [630263.92, 5219329.67]}}, {"type": "Feature", "properties": {"target_id": "T-MSP-0862", "kind": "missing_plant", "vineyard_id": "V41", "row_id": "V41-R043", "x": 630268.6, "y": 5219337.08, "priority": 3, "reachable": false, "visited": false}, "geometry": {"type": "Point", "coordinates": [630268.6, 5219337.08]}}, {"type": "Feature", "properties": {"target_id": "T-MSP-0863", "kind": "missing_plant", "vineyard_id": "V41", "row_id": "V41-R044", "x": 630312.44, "y": 5219402.47, "priority": 3, "reachable": true, "visited": false}, "geometry": {"type": "Point", "coordinates": [630312.44, 5219402.47]}}, {"type": "Feature", "properties": {"target_id": "T-MSP-0864", "kind": "missing_plant", "vineyard_id": "V41", "row_id": "V41-R045", "x": 630305.08, "y": 5219387.16, "priority": 3, "reachable": true, "visited": false}, "geometry": {"type": "Point", "coordinates": [630305.08, 5219387.16]}}, {"type": "Feature", "properties": {"target_id": "T-MSP-0865", "kind": "missing_plant", "vineyard_id": "V41", "row_id": "V41-R046", "x": 630310.41, "y": 5219390.58, "priority": 3, "reachable": true, "visited": false}, "geometry": {"type": "Point", "coordinates": [630310.41, 5219390.58]}}, {"type": "Feature", "properties": {"target_id": "T-MSP-0866", "kind": "missing_plant", "vineyard_id": "V41", "row_id": "V41-R047", "x": 630286.8, "y": 5219349.19, "priority": 3, "reachable": true, "visited": false}, "geometry": {"type": "Point", "coordinates": [630286.8, 5219349.19]}}, {"type": "Feature", "properties": {"target_id": "T-MSP-0867", "kind": "missing_plant", "vineyard_id": "V41", "row_id": "V41-R047", "x": 630315.07, "y": 5219393.48, "priority": 3, "reachable": true, "visited": false}, "geometry": {"type": "Point", "coordinates": [630315.07, 5219393.48]}}, {"type": "Feature", "properties": {"target_id": "T-MSP-0868", "kind": "missing_plant", "vineyard_id": "V41", "row_id": "V41-R048", "x": 630320.98, "y": 5219398.05, "priority": 3, "reachable": true, "visited": false}, "geometry": {"type": "Point", "coordinates": [630320.98, 5219398.05]}}, {"type": "Feature", "properties": {"target_id": "T-MSP-0869", "kind": "missing_plant", "vineyard_id": "V41", "row_id": "V41-R058", "x": 630312.71, "y": 5219360.45, "priority": 3, "reachable": true, "visited": false}, "geometry": {"type": "Point", "coordinates": [630312.71, 5219360.45]}}, {"type": "Feature", "properties": {"target_id": "T-MSP-0870", "kind": "missing_plant", "vineyard_id": "V41", "row_id": "V41-R058", "x": 630321.61, "y": 5219374.8, "priority": 3, "reachable": true, "visited": false}, "geometry": {"type": "Point", "coordinates": [630321.61, 5219374.8]}}, {"type": "Feature", "properties": {"target_id": "T-MSP-0871", "kind": "missing_plant", "vineyard_id": "V41", "row_id": "V41-R060", "x": 630321.94, "y": 5219370.58, "priority": 3, "reachable": true, "visited": false}, "geometry": {"type": "Point", "coordinates": [630321.94, 5219370.58]}}, {"type": "Feature", "properties": {"target_id": "T-MSP-0872", "kind": "missing_plant", "vineyard_id": "V41", "row_id": "V41-R064", "x": 630292.95, "y": 5219309.92, "priority": 3, "reachable": true, "visited": false}, "geometry": {"type": "Point", "coordinates": [630292.95, 5219309.92]}}, {"type": "Feature", "properties": {"target_id": "T-MSP-0873", "kind": "missing_plant", "vineyard_id": "V41", "row_id": "V41-R067", "x": 630281.21, "y": 5219286.96, "priority": 3, "reachable": true, "visited": false}, "geometry": {"type": "Point", "coordinates": [630281.21, 5219286.96]}}, {"type": "Feature", "properties": {"target_id": "T-MSP-0874", "kind": "missing_plant", "vineyard_id": "V41", "row_id": "V41-R067", "x": 630290.41, "y": 5219301.12, "priority": 3, "reachable": true, "visited": false}, "geometry": {"type": "Point", "coordinates": [630290.41, 5219301.12]}}, {"type": "Feature", "properties": {"target_id": "T-MSP-0875", "kind": "missing_plant", "vineyard_id": "V41", "row_id": "V41-R067", "x": 630295.78, "y": 5219309.38, "priority": 3, "reachable": true, "visited": false}, "geometry": {"type": "Point", "coordinates": [630295.78, 5219309.38]}}, {"type": "Feature", "properties": {"target_id": "T-MSP-0876", "kind": "missing_plant", "vineyard_id": "V41", "row_id": "V41-R067", "x": 630301.95, "y": 5219318.88, "priority": 3, "reachable": true, "visited": false}, "geometry": {"type": "Point", "coordinates": [630301.95, 5219318.88]}}, {"type": "Feature", "properties": {"target_id": "T-MSP-0877", "kind": "missing_plant", "vineyard_id": "V41", "row_id": "V41-R070", "x": 630306.29, "y": 5219316.62, "priority": 3, "reachable": true, "visited": false}, "geometry": {"type": "Point", "coordinates": [630306.29, 5219316.62]}}, {"type": "Feature", "properties": {"target_id": "T-MSP-0878", "kind": "missing_plant", "vineyard_id": "V41", "row_id": "V41-R072", "x": 630289.8, "y": 5219287.82, "priority": 3, "reachable": true, "visited": false}, "geometry": {"type": "Point", "coordinates": [630289.8, 5219287.82]}}, {"type": "Feature", "properties": {"target_id": "T-MSP-0879", "kind": "missing_plant", "vineyard_id": "V41", "row_id": "V41-R072", "x": 630296.9, "y": 5219298.47, "priority": 3, "reachable": true, "visited": false}, "geometry": {"type": "Point", "coordinates": [630296.9, 5219298.47]}}, {"type": "Feature", "properties": {"target_id": "T-MSP-0880", "kind": "missing_plant", "vineyard_id": "V41", "row_id": "V41-R072", "x": 630303.69, "y": 5219308.64, "priority": 3, "reachable": true, "visited": false}, "geometry": {"type": "Point", "coordinates": [630303.69, 5219308.64]}}, {"type": "Feature", "properties": {"target_id": "T-MSP-0881", "kind": "missing_plant", "vineyard_id": "V41", "row_id": "V41-R081", "x": 630295.53, "y": 5219272.6, "priority": 3, "reachable": true, "visited": false}, "geometry": {"type": "Point", "coordinates": [630295.53, 5219272.6]}}, {"type": "Feature", "properties": {"target_id": "T-MSP-0882", "kind": "missing_plant", "vineyard_id": "V43", "row_id": "V43-R001", "x": 630310.66, "y": 5219303.54, "priority": 3, "reachable": true, "visited": false}, "geometry": {"type": "Point", "coordinates": [630310.66, 5219303.54]}}, {"type": "Feature", "properties": {"target_id": "T-MSP-0883", "kind": "missing_plant", "vineyard_id": "V44", "row_id": "V44-R004", "x": 630210.6, "y": 5219271.23, "priority": 3, "reachable": true, "visited": false}, "geometry": {"type": "Point", "coordinates": [630210.6, 5219271.23]}}, {"type": "Feature", "properties": {"target_id": "T-MSP-0884", "kind": "missing_plant", "vineyard_id": "V44", "row_id": "V44-R005", "x": 630183.29, "y": 5219289.01, "priority": 3, "reachable": true, "visited": false}, "geometry": {"type": "Point", "coordinates": [630183.29, 5219289.01]}}, {"type": "Feature", "properties": {"target_id": "T-MSP-0885", "kind": "missing_plant", "vineyard_id": "V44", "row_id": "V44-R006", "x": 630211.1, "y": 5219263.73, "priority": 3, "reachable": true, "visited": false}, "geometry": {"type": "Point", "coordinates": [630211.1, 5219263.73]}}, {"type": "Feature", "properties": {"target_id": "T-MSP-0886", "kind": "missing_plant", "vineyard_id": "V44", "row_id": "V44-R006", "x": 630176.78, "y": 5219290.53, "priority": 3, "reachable": true, "visited": false}, "geometry": {"type": "Point", "coordinates": [630176.78, 5219290.53]}}, {"type": "Feature", "properties": {"target_id": "T-MSP-0887", "kind": "missing_plant", "vineyard_id": "V44", "row_id": "V44-R007", "x": 630213.36, "y": 5219258.75, "priority": 3, "reachable": true, "visited": false}, "geometry": {"type": "Point", "coordinates": [630213.36, 5219258.75]}}, {"type": "Feature", "properties": {"target_id": "T-MSP-0888", "kind": "missing_plant", "vineyard_id": "V44", "row_id": "V44-R007", "x": 630195.67, "y": 5219272.53, "priority": 3, "reachable": true, "visited": false}, "geometry": {"type": "Point", "coordinates": [630195.67, 5219272.53]}}, {"type": "Feature", "properties": {"target_id": "T-MSP-0889", "kind": "missing_plant", "vineyard_id": "V44", "row_id": "V44-R007", "x": 630192.65, "y": 5219274.89, "priority": 3, "reachable": true, "visited": false}, "geometry": {"type": "Point", "coordinates": [630192.65, 5219274.89]}}, {"type": "Feature", "properties": {"target_id": "T-MSP-0890", "kind": "missing_plant", "vineyard_id": "V44", "row_id": "V44-R007", "x": 630180.73, "y": 5219284.18, "priority": 3, "reachable": true, "visited": false}, "geometry": {"type": "Point", "coordinates": [630180.73, 5219284.18]}}, {"type": "Feature", "properties": {"target_id": "T-MSP-0891", "kind": "missing_plant", "vineyard_id": "V44", "row_id": "V44-R008", "x": 630226.63, "y": 5219244.95, "priority": 3, "reachable": true, "visited": false}, "geometry": {"type": "Point", "coordinates": [630226.63, 5219244.95]}}, {"type": "Feature", "properties": {"target_id": "T-MSP-0892", "kind": "missing_plant", "vineyard_id": "V44", "row_id": "V44-R008", "x": 630216.02, "y": 5219253.24, "priority": 3, "reachable": true, "visited": false}, "geometry": {"type": "Point", "coordinates": [630216.02, 5219253.24]}}, {"type": "Feature", "properties": {"target_id": "T-MSP-0893", "kind": "missing_plant", "vineyard_id": "V44", "row_id": "V44-R008", "x": 630192.07, "y": 5219271.95, "priority": 3, "reachable": true, "visited": false}, "geometry": {"type": "Point", "coordinates": [630192.07, 5219271.95]}}, {"type": "Feature", "properties": {"target_id": "T-MSP-0894", "kind": "missing_plant", "vineyard_id": "V44", "row_id": "V44-R008", "x": 630188.09, "y": 5219275.06, "priority": 3, "reachable": true, "visited": false}, "geometry": {"type": "Point", "coordinates": [630188.09, 5219275.06]}}, {"type": "Feature", "properties": {"target_id": "T-MSP-0895", "kind": "missing_plant", "vineyard_id": "V44", "row_id": "V44-R009", "x": 630211.61, "y": 5219253.03, "priority": 3, "reachable": true, "visited": false}, "geometry": {"type": "Point", "coordinates": [630211.61, 5219253.03]}}, {"type": "Feature", "properties": {"target_id": "T-MSP-0896", "kind": "missing_plant", "vineyard_id": "V44", "row_id": "V44-R009", "x": 630202.92, "y": 5219259.88, "priority": 3, "reachable": true, "visited": false}, "geometry": {"type": "Point", "coordinates": [630202.92, 5219259.88]}}, {"type": "Feature", "properties": {"target_id": "T-MSP-0897", "kind": "missing_plant", "vineyard_id": "V44", "row_id": "V44-R009", "x": 630191.7, "y": 5219268.72, "priority": 3, "reachable": true, "visited": false}, "geometry": {"type": "Point", "coordinates": [630191.7, 5219268.72]}}, {"type": "Feature", "properties": {"target_id": "T-MSP-0898", "kind": "missing_plant", "vineyard_id": "V44", "row_id": "V44-R009", "x": 630188.59, "y": 5219271.17, "priority": 3, "reachable": true, "visited": false}, "geometry": {"type": "Point", "coordinates": [630188.59, 5219271.17]}}, {"type": "Feature", "properties": {"target_id": "T-MSP-0899", "kind": "missing_plant", "vineyard_id": "V44", "row_id": "V44-R010", "x": 630190.05, "y": 5219266.48, "priority": 3, "reachable": true, "visited": false}, "geometry": {"type": "Point", "coordinates": [630190.05, 5219266.48]}}, {"type": "Feature", "properties": {"target_id": "T-MSP-0900", "kind": "missing_plant", "vineyard_id": "V44", "row_id": "V44-R010", "x": 630175.05, "y": 5219278.18, "priority": 3, "reachable": true, "visited": false}, "geometry": {"type": "Point", "coordinates": [630175.05, 5219278.18]}}, {"type": "Feature", "properties": {"target_id": "T-MSP-0901", "kind": "missing_plant", "vineyard_id": "V44", "row_id": "V44-R011", "x": 630201.83, "y": 5219253.76, "priority": 3, "reachable": true, "visited": false}, "geometry": {"type": "Point", "coordinates": [630201.83, 5219253.76]}}, {"type": "Feature", "properties": {"target_id": "T-MSP-0902", "kind": "missing_plant", "vineyard_id": "V44", "row_id": "V44-R011", "x": 630198.05, "y": 5219256.73, "priority": 3, "reachable": true, "visited": false}, "geometry": {"type": "Point", "coordinates": [630198.05, 5219256.73]}}, {"type": "Feature", "properties": {"target_id": "T-MSP-0903", "kind": "missing_plant", "vineyard_id": "V44", "row_id": "V44-R011", "x": 630195.03, "y": 5219259.1, "priority": 3, "reachable": true, "visited": false}, "geometry": {"type": "Point", "coordinates": [630195.03, 5219259.1]}}, {"type": "Feature", "properties": {"target_id": "T-MSP-0904", "kind": "missing_plant", "vineyard_id": "V44", "row_id": "V44-R012", "x": 630224.59, "y": 5219232.39, "priority": 3, "reachable": true, "visited": false}, "geometry": {"type": "Point", "coordinates": [630224.59, 5219232.39]}}, {"type": "Feature", "properties": {"target_id": "T-MSP-0905", "kind": "missing_plant", "vineyard_id": "V44", "row_id": "V44-R012", "x": 630212.79, "y": 5219241.6, "priority": 3, "reachable": true, "visited": false}, "geometry": {"type": "Point", "coordinates": [630212.79, 5219241.6]}}, {"type": "Feature", "properties": {"target_id": "T-MSP-0906", "kind": "missing_plant", "vineyard_id": "V44", "row_id": "V44-R012", "x": 630183.08, "y": 5219264.79, "priority": 3, "reachable": true, "visited": false}, "geometry": {"type": "Point", "coordinates": [630183.08, 5219264.79]}}, {"type": "Feature", "properties": {"target_id": "T-MSP-0907", "kind": "missing_plant", "vineyard_id": "V44", "row_id": "V44-R013", "x": 630207.26, "y": 5219242.38, "priority": 3, "reachable": true, "visited": false}, "geometry": {"type": "Point", "coordinates": [630207.26, 5219242.38]}}, {"type": "Feature", "properties": {"target_id": "T-MSP-0908", "kind": "missing_plant", "vineyard_id": "V44", "row_id": "V44-R013", "x": 630203.0, "y": 5219245.68, "priority": 3, "reachable": true, "visited": false}, "geometry": {"type": "Point", "coordinates": [630203.0, 5219245.68]}}, {"type": "Feature", "properties": {"target_id": "T-MSP-0909", "kind": "missing_plant", "vineyard_id": "V44", "row_id": "V44-R013", "x": 630197.02, "y": 5219250.33, "priority": 3, "reachable": true, "visited": false}, "geometry": {"type": "Point", "coordinates": [630197.02, 5219250.33]}}, {"type": "Feature", "properties": {"target_id": "T-MSP-0910", "kind": "missing_plant", "vineyard_id": "V44", "row_id": "V44-R013", "x": 630190.25, "y": 5219255.59, "priority": 3, "reachable": true, "visited": false}, "geometry": {"type": "Point", "coordinates": [630190.25, 5219255.59]}}, {"type": "Feature", "properties": {"target_id": "T-MSP-0911", "kind": "missing_plant", "vineyard_id": "V44", "row_id": "V44-R013", "x": 630182.05, "y": 5219261.95, "priority": 3, "reachable": true, "visited": false}, "geometry": {"type": "Point", "coordinates": [630182.05, 5219261.95]}}, {"type": "Feature", "properties": {"target_id": "T-MSP-0912", "kind": "missing_plant", "vineyard_id": "V44", "row_id": "V44-R015", "x": 630202.71, "y": 5219242.56, "priority": 3, "reachable": true, "visited": false}, "geometry": {"type": "Point", "coordinates": [630202.71, 5219242.56]}}, {"type": "Feature", "properties": {"target_id": "T-MSP-0913", "kind": "missing_plant", "vineyard_id": "V44", "row_id": "V44-R015", "x": 630199.57, "y": 5219245.02, "priority": 3, "reachable": true, "visited": false}, "geometry": {"type": "Point", "coordinates": [630199.57, 5219245.02]}}, {"type": "Feature", "properties": {"target_id": "T-MSP-0914", "kind": "missing_plant", "vineyard_id": "V44", "row_id": "V44-R015", "x": 630190.66, "y": 5219252.03, "priority": 3, "reachable": true, "visited": false}, "geometry": {"type": "Point", "coordinates": [630190.66, 5219252.03]}}, {"type": "Feature", "properties": {"target_id": "T-MSP-0915", "kind": "missing_plant", "vineyard_id": "V44", "row_id": "V44-R016", "x": 630208.03, "y": 5219234.99, "priority": 3, "reachable": true, "visited": false}, "geometry": {"type": "Point", "coordinates": [630208.03, 5219234.99]}}, {"type": "Feature", "properties": {"target_id": "T-MSP-0916", "kind": "missing_plant", "vineyard_id": "V44", "row_id": "V44-R016", "x": 630200.85, "y": 5219240.63, "priority": 3, "reachable": true, "visited": false}, "geometry": {"type": "Point", "coordinates": [630200.85, 5219240.63]}}, {"type": "Feature", "properties": {"target_id": "T-MSP-0917", "kind": "missing_plant", "vineyard_id": "V44", "row_id": "V44-R016", "x": 630187.0, "y": 5219251.51, "priority": 3, "reachable": true, "visited": false}, "geometry": {"type": "Point", "coordinates": [630187.0, 5219251.51]}}, {"type": "Feature", "properties": {"target_id": "T-MSP-0918", "kind": "missing_plant", "vineyard_id": "V44", "row_id": "V44-R017", "x": 630216.9, "y": 5219224.4, "priority": 3, "reachable": true, "visited": false}, "geometry": {"type": "Point", "coordinates": [630216.9, 5219224.4]}}, {"type": "Feature", "properties": {"target_id": "T-MSP-0919", "kind": "missing_plant", "vineyard_id": "V44", "row_id": "V44-R017", "x": 630212.48, "y": 5219228.02, "priority": 3, "reachable": true, "visited": false}, "geometry": {"type": "Point", "coordinates": [630212.48, 5219228.02]}}, {"type": "Feature", "properties": {"target_id": "T-MSP-0920", "kind": "missing_plant", "vineyard_id": "V44", "row_id": "V44-R017", "x": 630159.46, "y": 5219269.79, "priority": 3, "reachable": true, "visited": false}, "geometry": {"type": "Point", "coordinates": [630159.46, 5219269.79]}}, {"type": "Feature", "properties": {"target_id": "T-MSP-0921", "kind": "missing_plant", "vineyard_id": "V44", "row_id": "V44-R018", "x": 630198.55, "y": 5219235.44, "priority": 3, "reachable": true, "visited": false}, "geometry": {"type": "Point", "coordinates": [630198.55, 5219235.44]}}, {"type": "Feature", "properties": {"target_id": "T-MSP-0922", "kind": "missing_plant", "vineyard_id": "V44", "row_id": "V44-R018", "x": 630179.44, "y": 5219250.24, "priority": 3, "reachable": true, "visited": false}, "geometry": {"type": "Point", "coordinates": [630179.44, 5219250.24]}}, {"type": "Feature", "properties": {"target_id": "T-MSP-0923", "kind": "missing_plant", "vineyard_id": "V44", "row_id": "V44-R022", "x": 630196.47, "y": 5219230.03, "priority": 3, "reachable": true, "visited": false}, "geometry": {"type": "Point", "coordinates": [630196.47, 5219230.03]}}, {"type": "Feature", "properties": {"target_id": "T-MSP-0924", "kind": "missing_plant", "vineyard_id": "V44", "row_id": "V44-R022", "x": 630184.29, "y": 5219239.54, "priority": 3, "reachable": true, "visited": false}, "geometry": {"type": "Point", "coordinates": [630184.29, 5219239.54]}}, {"type": "Feature", "properties": {"target_id": "T-MSP-0925", "kind": "missing_plant", "vineyard_id": "V44", "row_id": "V44-R022", "x": 630181.32, "y": 5219241.86, "priority": 3, "reachable": true, "visited": false}, "geometry": {"type": "Point", "coordinates": [630181.32, 5219241.86]}}, {"type": "Feature", "properties": {"target_id": "T-MSP-0926", "kind": "missing_plant", "vineyard_id": "V44", "row_id": "V44-R022", "x": 630177.33, "y": 5219244.97, "priority": 3, "reachable": true, "visited": false}, "geometry": {"type": "Point", "coordinates": [630177.33, 5219244.97]}}, {"type": "Feature", "properties": {"target_id": "T-MSP-0927", "kind": "missing_plant", "vineyard_id": "V44", "row_id": "V44-R024", "x": 630210.26, "y": 5219215.5, "priority": 3, "reachable": true, "visited": false}, "geometry": {"type": "Point", "coordinates": [630210.26, 5219215.5]}}, {"type": "Feature", "properties": {"target_id": "T-MSP-0928", "kind": "missing_plant", "vineyard_id": "V44", "row_id": "V44-R024", "x": 630185.89, "y": 5219234.82, "priority": 3, "reachable": true, "visited": false}, "geometry": {"type": "Point", "coordinates": [630185.89, 5219234.82]}}, {"type": "Feature", "properties": {"target_id": "T-MSP-0929", "kind": "missing_plant", "vineyard_id": "V44", "row_id": "V44-R027", "x": 630192.39, "y": 5219222.94, "priority": 3, "reachable": true, "visited": false}, "geometry": {"type": "Point", "coordinates": [630192.39, 5219222.94]}}]}
