<?xml version="1.0" encoding="UTF-8"?>
<gpx version="1.1" creator="Solemtrix" xmlns="http://www.topografix.com/GPX/1/1">
  <wpt lat="47.1201415" lon="28.7121854"><name>1. T480</name></wpt>
  <wpt lat="47.1197730" lon="28.7125784"><name>2. T476</name></wpt>
  <wpt lat="47.1198651" lon="28.7124801"><name>3. T477</name></wpt>
  <wpt lat="47.1199573" lon="28.7123819"><name>4. T478</name></wpt>
  <wpt lat="47.1200494" lon="28.7122837"><name>5. T479</name></wpt>
  <wpt lat="47.1202475" lon="28.7123210"><name>6. T957</name></wpt>
  <wpt lat="47.1203147" lon="28.7122492"><name>7. T511</name></wpt>
  <wpt lat="47.1204144" lon="28.7121425"><name>8. T512</name></wpt>
  <wpt lat="47.1204622" lon="28.7120914"><name>9. T958</name></wpt>
  <wpt lat="47.1205777" lon="28.7119666"><name>10. T277</name></wpt>
  <wpt lat="47.1206754" lon="28.7118600"><name>11. T278</name></wpt>
  <wpt lat="47.1207599" lon="28.7117707"><name>12. T285</name></wpt>
  <wpt lat="47.1209679" lon="28.7115048"><name>13. T279</name></wpt>
  <wpt lat="47.1210766" lon="28.7114355"><name>14. T280</name></wpt>
  <wpt lat="47.1210751" lon="28.7113919"><name>15. T281</name></wpt>
  <wpt lat="47.1209849" lon="28.7115506"><name>16. T282</name></wpt>
  <wpt lat="47.1206217" lon="28.7119704"><name>17. T286</name></wpt>
  <wpt lat="47.1207890" lon="28.7118421"><name>18. T284</name></wpt>
  <wpt lat="47.1208360" lon="28.7117923"><name>19. T283</name></wpt>
  <wpt lat="47.1210322" lon="28.7117853"><name>20. T1226</name></wpt>
  <wpt lat="47.1211753" lon="28.7114743"><name>21. T1225</name></wpt>
  <wpt lat="47.1209580" lon="28.7114584"><name>22. T959</name></wpt>
  <wpt lat="47.1210082" lon="28.7114047"><name>23. T960</name></wpt>
  <wpt lat="47.1210427" lon="28.7113677"><name>24. T961</name></wpt>
  <wpt lat="47.1209517" lon="28.7114200"><name>25. T962</name></wpt>
  <wpt lat="47.1210703" lon="28.7112989"><name>26. T963</name></wpt>
  <wpt lat="47.1210822" lon="28.7107812"><name>27. T795</name></wpt>
  <wpt lat="47.1217126" lon="28.7102513"><name>28. T402</name></wpt>
  <wpt lat="47.1220729" lon="28.7098639"><name>29. T420</name></wpt>
  <wpt lat="47.1223394" lon="28.7095837"><name>30. T428</name></wpt>
  <wpt lat="47.1224335" lon="28.7093766"><name>31. T398</name></wpt>
  <wpt lat="47.1224298" lon="28.7094422"><name>32. T424</name></wpt>
  <wpt lat="47.1222889" lon="28.7095334"><name>33. T397</name></wpt>
  <wpt lat="47.1222664" lon="28.7096178"><name>34. T427</name></wpt>
  <wpt lat="47.1222093" lon="28.7096200"><name>35. T396</name></wpt>
  <wpt lat="47.1222229" lon="28.7096645"><name>36. T425</name></wpt>
  <wpt lat="47.1221845" lon="28.7096469"><name>37. T395</name></wpt>
  <wpt lat="47.1221040" lon="28.7097923"><name>38. T426</name></wpt>
  <wpt lat="47.1220386" lon="28.7098054"><name>39. T393</name></wpt>
  <wpt lat="47.1219735" lon="28.7098748"><name>40. T793</name></wpt>
  <wpt lat="47.1219861" lon="28.7099054"><name>41. T790</name></wpt>
  <wpt lat="47.1219494" lon="28.7099005"><name>42. T792</name></wpt>
  <wpt lat="47.1217208" lon="28.7101878"><name>43. T419</name></wpt>
  <wpt lat="47.1219867" lon="28.7098157"><name>44. T796</name></wpt>
  <wpt lat="47.1220780" lon="28.7097169"><name>45. T394</name></wpt>
  <wpt lat="47.1227481" lon="28.7088152"><name>46. T818</name></wpt>
  <wpt lat="47.1225408" lon="28.7088961"><name>47. T840</name></wpt>
  <wpt lat="47.1221166" lon="28.7093055"><name>48. T844</name></wpt>
  <wpt lat="47.1225625" lon="28.7087863"><name>49. T847</name></wpt>
  <wpt lat="47.1227642" lon="28.7085704"><name>50. T848</name></wpt>
  <wpt lat="47.1228091" lon="28.7085659"><name>51. T845</name></wpt>
  <wpt lat="47.1229865" lon="28.7083325"><name>52. T849</name></wpt>
  <wpt lat="47.1231054" lon="28.7080759"><name>53. T863</name></wpt>
  <wpt lat="47.1228687" lon="28.7081421"><name>54. T875</name></wpt>
  <wpt lat="47.1230606" lon="28.7079367"><name>55. T876</name></wpt>
  <wpt lat="47.1228374" lon="28.7081176"><name>56. T881</name></wpt>
  <wpt lat="47.1230924" lon="28.7079469"><name>57. T873</name></wpt>
  <wpt lat="47.1229214" lon="28.7083579"><name>58. T855</name></wpt>
  <wpt lat="47.1226874" lon="28.7085600"><name>59. T859</name></wpt>
  <wpt lat="47.1225383" lon="28.7087637"><name>60. T854</name></wpt>
  <wpt lat="47.1223274" lon="28.7089894"><name>61. T853</name></wpt>
  <wpt lat="47.1222325" lon="28.7090910"><name>62. T852</name></wpt>
  <wpt lat="47.1219914" lon="28.7093065"><name>63. T858</name></wpt>
  <wpt lat="47.1218279" lon="28.7094818"><name>64. T857</name></wpt>
  <wpt lat="47.1218332" lon="28.7095185"><name>65. T851</name></wpt>
  <wpt lat="47.1216137" lon="28.7097115"><name>66. T440</name></wpt>
  <wpt lat="47.1214822" lon="28.7098978"><name>67. T850</name></wpt>
  <wpt lat="47.1215133" lon="28.7098647"><name>68. T437</name></wpt>
  <wpt lat="47.1215406" lon="28.7099694"><name>69. T838</name></wpt>
  <wpt lat="47.1213048" lon="28.7101811"><name>70. T843</name></wpt>
  <wpt lat="47.1211606" lon="28.7103338"><name>71. T842</name></wpt>
  <wpt lat="47.1208954" lon="28.7106113"><name>72. T841</name></wpt>
  <wpt lat="47.1210229" lon="28.7104285"><name>73. T846</name></wpt>
  <wpt lat="47.1208991" lon="28.7104713"><name>74. T856</name></wpt>
  <wpt lat="47.1209449" lon="28.7103775"><name>75. T860</name></wpt>
  <wpt lat="47.1210807" lon="28.7101875"><name>76. T864</name></wpt>
  <wpt lat="47.1211123" lon="28.7101539"><name>77. T865</name></wpt>
  <wpt lat="47.1216048" lon="28.7096764"><name>78. T436</name></wpt>
  <wpt lat="47.1213272" lon="28.7098316"><name>79. T870</name></wpt>
  <wpt lat="47.1214918" lon="28.7095802"><name>80. T469</name></wpt>
  <wpt lat="47.1215984" lon="28.7094675"><name>81. T470</name></wpt>
  <wpt lat="47.1217050" lon="28.7093548"><name>82. T471</name></wpt>
  <wpt lat="47.1218116" lon="28.7092421"><name>83. T472</name></wpt>
  <wpt lat="47.1219182" lon="28.7091295"><name>84. T473</name></wpt>
  <wpt lat="47.1220247" lon="28.7090168"><name>85. T474</name></wpt>
  <wpt lat="47.1222195" lon="28.7088714"><name>86. T871</name></wpt>
  <wpt lat="47.1222637" lon="28.7088250"><name>87. T872</name></wpt>
  <wpt lat="47.1223415" lon="28.7087435"><name>88. T380</name></wpt>
  <wpt lat="47.1225245" lon="28.7084459"><name>89. T880</name></wpt>
  <wpt lat="47.1224692" lon="28.7085630"><name>90. T874</name></wpt>
  <wpt lat="47.1224309" lon="28.7086033"><name>91. T429</name></wpt>
  <wpt lat="47.1225194" lon="28.7083431"><name>92. T887</name></wpt>
  <wpt lat="47.1224476" lon="28.7083337"><name>93. T374</name></wpt>
  <wpt lat="47.1224979" lon="28.7082367"><name>94. T895</name></wpt>
  <wpt lat="47.1226879" lon="28.7080356"><name>95. T896</name></wpt>
  <wpt lat="47.1227667" lon="28.7079983"><name>96. T377</name></wpt>
  <wpt lat="47.1228686" lon="28.7078916"><name>97. T894</name></wpt>
  <wpt lat="47.1229915" lon="28.7076708"><name>98. T475</name></wpt>
  <wpt lat="47.1229470" lon="28.7077177"><name>99. T898</name></wpt>
  <wpt lat="47.1228505" lon="28.7078191"><name>100. T372</name></wpt>
  <wpt lat="47.1227400" lon="28.7078877"><name>101. T373</name></wpt>
  <wpt lat="47.1226488" lon="28.7080313"><name>102. T370</name></wpt>
  <wpt lat="47.1227863" lon="28.7078867"><name>103. T371</name></wpt>
  <wpt lat="47.1229408" lon="28.7076770"><name>104. T902</name></wpt>
  <wpt lat="47.1229783" lon="28.7078149"><name>105. T891</name></wpt>
  <wpt lat="47.1229073" lon="28.7078902"><name>106. T890</name></wpt>
  <wpt lat="47.1228020" lon="28.7080019"><name>107. T378</name></wpt>
  <wpt lat="47.1227144" lon="28.7080947"><name>108. T376</name></wpt>
  <wpt lat="47.1225874" lon="28.7082294"><name>109. T379</name></wpt>
  <wpt lat="47.1225514" lon="28.7082676"><name>110. T375</name></wpt>
  <wpt lat="47.1219948" lon="28.7088605"><name>111. T889</name></wpt>
  <wpt lat="47.1219678" lon="28.7088896"><name>112. T888</name></wpt>
  <wpt lat="47.1217168" lon="28.7091125"><name>113. T893</name></wpt>
  <wpt lat="47.1216815" lon="28.7091500"><name>114. T892</name></wpt>
  <wpt lat="47.1215837" lon="28.7092558"><name>115. T433</name></wpt>
  <wpt lat="47.1214507" lon="28.7092630"><name>116. T432</name></wpt>
  <wpt lat="47.1212995" lon="28.7094691"><name>117. T897</name></wpt>
  <wpt lat="47.1212525" lon="28.7093799"><name>118. T918</name></wpt>
  <wpt lat="47.1213115" lon="28.7090935"><name>119. T946</name></wpt>
  <wpt lat="47.1215112" lon="28.7089231"><name>120. T945</name></wpt>
  <wpt lat="47.1214530" lon="28.7089418"><name>121. T446</name></wpt>
  <wpt lat="47.1214543" lon="28.7089836"><name>122. T944</name></wpt>
  <wpt lat="47.1213521" lon="28.7090500"><name>123. T947</name></wpt>
  <wpt lat="47.1214008" lon="28.7089547"><name>124. T444</name></wpt>
  <wpt lat="47.1214458" lon="28.7089069"><name>125. T445</name></wpt>
  <wpt lat="47.1213428" lon="28.7090163"><name>126. T948</name></wpt>
  <wpt lat="47.1212719" lon="28.7093146"><name>127. T922</name></wpt>
  <wpt lat="47.1213340" lon="28.7092040"><name>128. T937</name></wpt>
  <wpt lat="47.1215264" lon="28.7090422"><name>129. T923</name></wpt>
  <wpt lat="47.1217010" lon="28.7088552"><name>130. T924</name></wpt>
  <wpt lat="47.1217856" lon="28.7087646"><name>131. T925</name></wpt>
  <wpt lat="47.1214668" lon="28.7090165"><name>132. T940</name></wpt>
  <wpt lat="47.1214386" lon="28.7090464"><name>133. T939</name></wpt>
  <wpt lat="47.1216545" lon="28.7088166"><name>134. T941</name></wpt>
  <wpt lat="47.1217198" lon="28.7087457"><name>135. T942</name></wpt>
  <wpt lat="47.1218447" lon="28.7086122"><name>136. T943</name></wpt>
  <wpt lat="47.1219764" lon="28.7086071"><name>137. T919</name></wpt>
  <wpt lat="47.1219723" lon="28.7085659"><name>138. T926</name></wpt>
  <wpt lat="47.1224371" lon="28.7080750"><name>139. T927</name></wpt>
  <wpt lat="47.1225036" lon="28.7080038"><name>140. T928</name></wpt>
  <wpt lat="47.1224951" lon="28.7079683"><name>141. T369</name></wpt>
  <wpt lat="47.1225338" lon="28.7079712"><name>142. T929</name></wpt>
  <wpt lat="47.1226247" lon="28.7078320"><name>143. T368</name></wpt>
  <wpt lat="47.1226418" lon="28.7078570"><name>144. T930</name></wpt>
  <wpt lat="47.1227132" lon="28.7077818"><name>145. T931</name></wpt>
  <wpt lat="47.1227447" lon="28.7077058"><name>146. T367</name></wpt>
  <wpt lat="47.1227690" lon="28.7077231"><name>147. T932</name></wpt>
  <wpt lat="47.1228236" lon="28.7076656"><name>148. T933</name></wpt>
  <wpt lat="47.1228530" lon="28.7076346"><name>149. T934</name></wpt>
  <wpt lat="47.1228766" lon="28.7076098"><name>150. T935</name></wpt>
  <wpt lat="47.1229106" lon="28.7075313"><name>151. T938</name></wpt>
  <wpt lat="47.1229288" lon="28.7075548"><name>152. T936</name></wpt>
  <wpt lat="47.1228656" lon="28.7074368"><name>153. T354</name></wpt>
  <wpt lat="47.1228518" lon="28.7075420"><name>154. T355</name></wpt>
  <wpt lat="47.1227961" lon="28.7076009"><name>155. T356</name></wpt>
  <wpt lat="47.1227612" lon="28.7076379"><name>156. T357</name></wpt>
  <wpt lat="47.1227388" lon="28.7076195"><name>157. T358</name></wpt>
  <wpt lat="47.1227104" lon="28.7076494"><name>158. T359</name></wpt>
  <wpt lat="47.1226951" lon="28.7077080"><name>159. T360</name></wpt>
  <wpt lat="47.1226439" lon="28.7077623"><name>160. T361</name></wpt>
  <wpt lat="47.1226005" lon="28.7078082"><name>161. T362</name></wpt>
  <wpt lat="47.1225608" lon="28.7078069"><name>162. T363</name></wpt>
  <wpt lat="47.1224704" lon="28.7079021"><name>163. T364</name></wpt>
  <wpt lat="47.1224665" lon="28.7079502"><name>164. T365</name></wpt>
  <wpt lat="47.1224138" lon="28.7080061"><name>165. T366</name></wpt>
  <wpt lat="47.1220696" lon="28.7082380"><name>166. T447</name></wpt>
  <wpt lat="47.1224514" lon="28.7078351"><name>167. T510</name></wpt>
  <wpt lat="47.1225274" lon="28.7077549"><name>168. T949</name></wpt>
  <wpt lat="47.1225511" lon="28.7077292"><name>169. T448</name></wpt>
  <wpt lat="47.1226048" lon="28.7077120"><name>170. T449</name></wpt>
  <wpt lat="47.1226252" lon="28.7076496"><name>171. T450</name></wpt>
  <wpt lat="47.1226570" lon="28.7076569"><name>172. T451</name></wpt>
  <wpt lat="47.1226628" lon="28.7076100"><name>173. T452</name></wpt>
  <wpt lat="47.1227273" lon="28.7075828"><name>174. T453</name></wpt>
  <wpt lat="47.1227319" lon="28.7075371"><name>175. T454</name></wpt>
  <wpt lat="47.1227761" lon="28.7075313"><name>176. T455</name></wpt>
  <wpt lat="47.1227856" lon="28.7074039"><name>177. T353</name></wpt>
  <wpt lat="47.1229873" lon="28.7075824"><name>178. T917</name></wpt>
  <wpt lat="47.1229512" lon="28.7076208"><name>179. T916</name></wpt>
  <wpt lat="47.1228999" lon="28.7076753"><name>180. T915</name></wpt>
  <wpt lat="47.1228554" lon="28.7077225"><name>181. T914</name></wpt>
  <wpt lat="47.1228186" lon="28.7077616"><name>182. T913</name></wpt>
  <wpt lat="47.1227839" lon="28.7077986"><name>183. T912</name></wpt>
  <wpt lat="47.1227677" lon="28.7077731"><name>184. T921</name></wpt>
  <wpt lat="47.1227501" lon="28.7078344"><name>185. T911</name></wpt>
  <wpt lat="47.1226856" lon="28.7079029"><name>186. T910</name></wpt>
  <wpt lat="47.1226365" lon="28.7079121"><name>187. T920</name></wpt>
  <wpt lat="47.1226371" lon="28.7079545"><name>188. T909</name></wpt>
  <wpt lat="47.1225917" lon="28.7080026"><name>189. T908</name></wpt>
  <wpt lat="47.1221948" lon="28.7084243"><name>190. T907</name></wpt>
  <wpt lat="47.1221036" lon="28.7085211"><name>191. T906</name></wpt>
  <wpt lat="47.1219451" lon="28.7087391"><name>192. T900</name></wpt>
  <wpt lat="47.1218852" lon="28.7087531"><name>193. T905</name></wpt>
  <wpt lat="47.1216208" lon="28.7090339"><name>194. T904</name></wpt>
  <wpt lat="47.1216253" lon="28.7090778"><name>195. T899</name></wpt>
  <wpt lat="47.1215523" lon="28.7091067"><name>196. T903</name></wpt>
  <wpt lat="47.1218755" lon="28.7088577"><name>197. T431</name></wpt>
  <wpt lat="47.1222457" lon="28.7084146"><name>198. T901</name></wpt>
  <wpt lat="47.1219304" lon="28.7088414"><name>199. T430</name></wpt>
  <wpt lat="47.1214154" lon="28.7095670"><name>200. T441</name></wpt>
  <wpt lat="47.1211688" lon="28.7097919"><name>201. T442</name></wpt>
  <wpt lat="47.1211772" lon="28.7098226"><name>202. T443</name></wpt>
  <wpt lat="47.1212787" lon="28.7098055"><name>203. T467</name></wpt>
  <wpt lat="47.1212797" lon="28.7097748"><name>204. T877</name></wpt>
  <wpt lat="47.1213852" lon="28.7096928"><name>205. T468</name></wpt>
  <wpt lat="47.1214344" lon="28.7096082"><name>206. T878</name></wpt>
  <wpt lat="47.1216008" lon="28.7093682"><name>207. T435</name></wpt>
  <wpt lat="47.1216186" lon="28.7093079"><name>208. T434</name></wpt>
  <wpt lat="47.1218168" lon="28.7091366"><name>209. T882</name></wpt>
  <wpt lat="47.1218333" lon="28.7090769"><name>210. T884</name></wpt>
  <wpt lat="47.1219585" lon="28.7089845"><name>211. T883</name></wpt>
  <wpt lat="47.1219589" lon="28.7089417"><name>212. T885</name></wpt>
  <wpt lat="47.1219975" lon="28.7089003"><name>213. T886</name></wpt>
  <wpt lat="47.1221328" lon="28.7088568"><name>214. T879</name></wpt>
  <wpt lat="47.1223400" lon="28.7087917"><name>215. T381</name></wpt>
  <wpt lat="47.1223356" lon="28.7088444"><name>216. T866</name></wpt>
  <wpt lat="47.1221191" lon="28.7090265"><name>217. T869</name></wpt>
  <wpt lat="47.1219155" lon="28.7092461"><name>218. T868</name></wpt>
  <wpt lat="47.1219387" lon="28.7093140"><name>219. T861</name></wpt>
  <wpt lat="47.1228302" lon="28.7083180"><name>220. T867</name></wpt>
  <wpt lat="47.1226750" lon="28.7085298"><name>221. T862</name></wpt>
  <wpt lat="47.1221246" lon="28.7093418"><name>222. T839</name></wpt>
  <wpt lat="47.1224985" lon="28.7090343"><name>223. T825</name></wpt>
  <wpt lat="47.1226128" lon="28.7088677"><name>224. T833</name></wpt>
  <wpt lat="47.1226658" lon="28.7088112"><name>225. T835</name></wpt>
  <wpt lat="47.1228006" lon="28.7086679"><name>226. T836</name></wpt>
  <wpt lat="47.1228887" lon="28.7085741"><name>227. T837</name></wpt>
  <wpt lat="47.1226384" lon="28.7088404"><name>228. T834</name></wpt>
  <wpt lat="47.1223976" lon="28.7091431"><name>229. T824</name></wpt>
  <wpt lat="47.1223100" lon="28.7091897"><name>230. T832</name></wpt>
  <wpt lat="47.1222991" lon="28.7092493"><name>231. T823</name></wpt>
  <wpt lat="47.1222820" lon="28.7092195"><name>232. T831</name></wpt>
  <wpt lat="47.1222466" lon="28.7093060"><name>233. T822</name></wpt>
  <wpt lat="47.1222235" lon="28.7092818"><name>234. T830</name></wpt>
  <wpt lat="47.1221945" lon="28.7093623"><name>235. T821</name></wpt>
  <wpt lat="47.1221413" lon="28.7093699"><name>236. T829</name></wpt>
  <wpt lat="47.1218867" lon="28.7096913"><name>237. T820</name></wpt>
  <wpt lat="47.1218404" lon="28.7096925"><name>238. T828</name></wpt>
  <wpt lat="47.1218338" lon="28.7097477"><name>239. T819</name></wpt>
  <wpt lat="47.1217757" lon="28.7097618"><name>240. T827</name></wpt>
  <wpt lat="47.1216941" lon="28.7098493"><name>241. T439</name></wpt>
  <wpt lat="47.1217003" lon="28.7098898"><name>242. T438</name></wpt>
  <wpt lat="47.1219754" lon="28.7096874"><name>243. T813</name></wpt>
  <wpt lat="47.1219886" lon="28.7096251"><name>244. T386</name></wpt>
  <wpt lat="47.1220107" lon="28.7096497"><name>245. T385</name></wpt>
  <wpt lat="47.1220959" lon="28.7095101"><name>246. T384</name></wpt>
  <wpt lat="47.1222516" lon="28.7093912"><name>247. T387</name></wpt>
  <wpt lat="47.1222537" lon="28.7093420"><name>248. T383</name></wpt>
  <wpt lat="47.1223300" lon="28.7092607"><name>249. T382</name></wpt>
  <wpt lat="47.1227522" lon="28.7088509"><name>250. T816</name></wpt>
  <wpt lat="47.1226522" lon="28.7089589"><name>251. T815</name></wpt>
  <wpt lat="47.1226015" lon="28.7090135"><name>252. T814</name></wpt>
  <wpt lat="47.1225807" lon="28.7092213"><name>253. T389</name></wpt>
  <wpt lat="47.1227036" lon="28.7091364"><name>254. T791</name></wpt>
  <wpt lat="47.1229240" lon="28.7088530"><name>255. T390</name></wpt>
  <wpt lat="47.1229518" lon="28.7088231"><name>256. T392</name></wpt>
  <wpt lat="47.1232065" lon="28.7087744"><name>257. T784</name></wpt>
  <wpt lat="47.1229939" lon="28.7090056"><name>258. T783</name></wpt>
  <wpt lat="47.1229789" lon="28.7089731"><name>259. T786</name></wpt>
  <wpt lat="47.1229142" lon="28.7090911"><name>260. T782</name></wpt>
  <wpt lat="47.1225997" lon="28.7094283"><name>261. T781</name></wpt>
  <wpt lat="47.1225512" lon="28.7094320"><name>262. T785</name></wpt>
  <wpt lat="47.1225492" lon="28.7094825"><name>263. T780</name></wpt>
  <wpt lat="47.1224503" lon="28.7095781"><name>264. T411</name></wpt>
  <wpt lat="47.1223619" lon="28.7096733"><name>265. T412</name></wpt>
  <wpt lat="47.1223241" lon="28.7096726"><name>266. T410</name></wpt>
  <wpt lat="47.1222962" lon="28.7097439"><name>267. T413</name></wpt>
  <wpt lat="47.1222292" lon="28.7098160"><name>268. T414</name></wpt>
  <wpt lat="47.1221733" lon="28.7098345"><name>269. T409</name></wpt>
  <wpt lat="47.1221328" lon="28.7099197"><name>270. T408</name></wpt>
  <wpt lat="47.1220482" lon="28.7099700"><name>271. T407</name></wpt>
  <wpt lat="47.1219085" lon="28.7101197"><name>272. T415</name></wpt>
  <wpt lat="47.1219080" lon="28.7101615"><name>273. T406</name></wpt>
  <wpt lat="47.1218780" lon="28.7101526"><name>274. T416</name></wpt>
  <wpt lat="47.1218361" lon="28.7101977"><name>275. T405</name></wpt>
  <wpt lat="47.1218266" lon="28.7102491"><name>276. T417</name></wpt>
  <wpt lat="47.1217751" lon="28.7103044"><name>277. T418</name></wpt>
  <wpt lat="47.1217536" lon="28.7102866"><name>278. T404</name></wpt>
  <wpt lat="47.1218242" lon="28.7103070"><name>279. T774</name></wpt>
  <wpt lat="47.1218678" lon="28.7102600"><name>280. T775</name></wpt>
  <wpt lat="47.1219990" lon="28.7101621"><name>281. T767</name></wpt>
  <wpt lat="47.1220674" lon="28.7100886"><name>282. T768</name></wpt>
  <wpt lat="47.1221285" lon="28.7099788"><name>283. T776</name></wpt>
  <wpt lat="47.1221573" lon="28.7099923"><name>284. T769</name></wpt>
  <wpt lat="47.1221801" lon="28.7099232"><name>285. T777</name></wpt>
  <wpt lat="47.1222414" lon="28.7099024"><name>286. T770</name></wpt>
  <wpt lat="47.1222292" lon="28.7098703"><name>287. T778</name></wpt>
  <wpt lat="47.1223858" lon="28.7097013"><name>288. T779</name></wpt>
  <wpt lat="47.1229310" lon="28.7092037"><name>289. T765</name></wpt>
  <wpt lat="47.1230341" lon="28.7090494"><name>290. T771</name></wpt>
  <wpt lat="47.1231286" lon="28.7089482"><name>291. T772</name></wpt>
  <wpt lat="47.1232587" lon="28.7089001"><name>292. T763</name></wpt>
  <wpt lat="47.1232571" lon="28.7089911"><name>293. T755</name></wpt>
  <wpt lat="47.1231315" lon="28.7091272"><name>294. T754</name></wpt>
  <wpt lat="47.1227870" lon="28.7094987"><name>295. T753</name></wpt>
  <wpt lat="47.1224857" lon="28.7097773"><name>296. T758</name></wpt>
  <wpt lat="47.1223850" lon="28.7099304"><name>297. T752</name></wpt>
  <wpt lat="47.1223459" lon="28.7099280"><name>298. T757</name></wpt>
  <wpt lat="47.1221957" lon="28.7101322"><name>299. T269</name></wpt>
  <wpt lat="47.1221324" lon="28.7102003"><name>300. T268</name></wpt>
  <wpt lat="47.1221036" lon="28.7101891"><name>301. T270</name></wpt>
  <wpt lat="47.1220067" lon="28.7103356"><name>302. T267</name></wpt>
  <wpt lat="47.1219696" lon="28.7103314"><name>303. T271</name></wpt>
  <wpt lat="47.1219662" lon="28.7103792"><name>304. T266</name></wpt>
  <wpt lat="47.1219176" lon="28.7104314"><name>305. T265</name></wpt>
  <wpt lat="47.1220511" lon="28.7105606"><name>306. T732</name></wpt>
  <wpt lat="47.1220611" lon="28.7105067"><name>307. T735</name></wpt>
  <wpt lat="47.1221437" lon="28.7104613"><name>308. T733</name></wpt>
  <wpt lat="47.1221818" lon="28.7103772"><name>309. T736</name></wpt>
  <wpt lat="47.1222180" lon="28.7103815"><name>310. T734</name></wpt>
  <wpt lat="47.1223013" lon="28.7102488"><name>311. T737</name></wpt>
  <wpt lat="47.1223504" lon="28.7101962"><name>312. T738</name></wpt>
  <wpt lat="47.1226339" lon="28.7099811"><name>313. T253</name></wpt>
  <wpt lat="47.1227084" lon="28.7099014"><name>314. T254</name></wpt>
  <wpt lat="47.1227646" lon="28.7097922"><name>315. T251</name></wpt>
  <wpt lat="47.1228068" lon="28.7097961"><name>316. T255</name></wpt>
  <wpt lat="47.1228614" lon="28.7096874"><name>317. T249</name></wpt>
  <wpt lat="47.1229052" lon="28.7096908"><name>318. T256</name></wpt>
  <wpt lat="47.1230097" lon="28.7095269"><name>319. T247</name></wpt>
  <wpt lat="47.1230625" lon="28.7094698"><name>320. T245</name></wpt>
  <wpt lat="47.1231963" lon="28.7093250"><name>321. T244</name></wpt>
  <wpt lat="47.1232174" lon="28.7093512"><name>322. T730</name></wpt>
  <wpt lat="47.1232826" lon="28.7092808"><name>323. T731</name></wpt>
  <wpt lat="47.1232637" lon="28.7091667"><name>324. T747</name></wpt>
  <wpt lat="47.1231727" lon="28.7092647"><name>325. T746</name></wpt>
  <wpt lat="47.1230867" lon="28.7093572"><name>326. T745</name></wpt>
  <wpt lat="47.1230420" lon="28.7094467"><name>327. T246</name></wpt>
  <wpt lat="47.1230310" lon="28.7094172"><name>328. T744</name></wpt>
  <wpt lat="47.1229472" lon="28.7095073"><name>329. T743</name></wpt>
  <wpt lat="47.1228800" lon="28.7096226"><name>330. T248</name></wpt>
  <wpt lat="47.1228221" lon="28.7096420"><name>331. T742</name></wpt>
  <wpt lat="47.1227532" lon="28.7097602"><name>332. T250</name></wpt>
  <wpt lat="47.1226908" lon="28.7098279"><name>333. T252</name></wpt>
  <wpt lat="47.1222291" lon="28.7102801"><name>334. T741</name></wpt>
  <wpt lat="47.1221348" lon="28.7103817"><name>335. T740</name></wpt>
  <wpt lat="47.1219035" lon="28.7106306"><name>336. T739</name></wpt>
  <wpt lat="47.1220334" lon="28.7104480"><name>337. T264</name></wpt>
  <wpt lat="47.1220650" lon="28.7103672"><name>338. T263</name></wpt>
  <wpt lat="47.1221984" lon="28.7102703"><name>339. T262</name></wpt>
  <wpt lat="47.1222011" lon="28.7102203"><name>340. T261</name></wpt>
  <wpt lat="47.1222349" lon="28.7101839"><name>341. T260</name></wpt>
  <wpt lat="47.1222960" lon="28.7101649"><name>342. T259</name></wpt>
  <wpt lat="47.1223421" lon="28.7101151"><name>343. T258</name></wpt>
  <wpt lat="47.1224091" lon="28.7099960"><name>344. T257</name></wpt>
  <wpt lat="47.1229194" lon="28.7094456"><name>345. T750</name></wpt>
  <wpt lat="47.1229904" lon="28.7094146"><name>346. T748</name></wpt>
  <wpt lat="47.1231280" lon="28.7092660"><name>347. T749</name></wpt>
  <wpt lat="47.1231307" lon="28.7092176"><name>348. T751</name></wpt>
  <wpt lat="47.1232225" lon="28.7088925"><name>349. T766</name></wpt>
  <wpt lat="47.1231869" lon="28.7089773"><name>350. T762</name></wpt>
  <wpt lat="47.1228963" lon="28.7092898"><name>351. T761</name></wpt>
  <wpt lat="47.1221072" lon="28.7100898"><name>352. T764</name></wpt>
  <wpt lat="47.1218786" lon="28.7103841"><name>353. T760</name></wpt>
  <wpt lat="47.1218454" lon="28.7104198"><name>354. T759</name></wpt>
  <wpt lat="47.1217331" lon="28.7105810"><name>355. T272</name></wpt>
  <wpt lat="47.1216560" lon="28.7106623"><name>356. T756</name></wpt>
  <wpt lat="47.1217083" lon="28.7103763"><name>357. T403</name></wpt>
  <wpt lat="47.1217244" lon="28.7104146"><name>358. T773</name></wpt>
  <wpt lat="47.1218260" lon="28.7101711"><name>359. T401</name></wpt>
  <wpt lat="47.1220161" lon="28.7099673"><name>360. T400</name></wpt>
  <wpt lat="47.1221804" lon="28.7097911"><name>361. T421</name></wpt>
  <wpt lat="47.1222332" lon="28.7097345"><name>362. T422</name></wpt>
  <wpt lat="47.1223205" lon="28.7096410"><name>363. T399</name></wpt>
  <wpt lat="47.1225456" lon="28.7093996"><name>364. T423</name></wpt>
  <wpt lat="47.1228715" lon="28.7090485"><name>365. T787</name></wpt>
  <wpt lat="47.1229762" lon="28.7089352"><name>366. T788</name></wpt>
  <wpt lat="47.1230061" lon="28.7089025"><name>367. T789</name></wpt>
  <wpt lat="47.1232029" lon="28.7084670"><name>368. T802</name></wpt>
  <wpt lat="47.1229124" lon="28.7088195"><name>369. T391</name></wpt>
  <wpt lat="47.1228686" lon="28.7087763"><name>370. T811</name></wpt>
  <wpt lat="47.1226768" lon="28.7090277"><name>371. T801</name></wpt>
  <wpt lat="47.1226278" lon="28.7090805"><name>372. T800</name></wpt>
  <wpt lat="47.1225866" lon="28.7090772"><name>373. T810</name></wpt>
  <wpt lat="47.1225459" lon="28.7091207"><name>374. T809</name></wpt>
  <wpt lat="47.1223892" lon="28.7092878"><name>375. T388</name></wpt>
  <wpt lat="47.1221142" lon="28.7096306"><name>376. T799</name></wpt>
  <wpt lat="47.1220663" lon="28.7096819"><name>377. T798</name></wpt>
  <wpt lat="47.1219854" lon="28.7097689"><name>378. T797</name></wpt>
  <wpt lat="47.1218065" lon="28.7099156"><name>379. T805</name></wpt>
  <wpt lat="47.1219762" lon="28.7097339"><name>380. T807</name></wpt>
  <wpt lat="47.1220132" lon="28.7096942"><name>381. T808</name></wpt>
  <wpt lat="47.1219471" lon="28.7097651"><name>382. T806</name></wpt>
  <wpt lat="47.1212522" lon="28.7104619"><name>383. T812</name></wpt>
  <wpt lat="47.1210218" lon="28.7106616"><name>384. T817</name></wpt>
  <wpt lat="47.1209469" lon="28.7106445"><name>385. T826</name></wpt>
  <wpt lat="47.1209856" lon="28.7107897"><name>386. T803</name></wpt>
  <wpt lat="47.1211563" lon="28.7106112"><name>387. T804</name></wpt>
  <wpt lat="47.1209539" lon="28.7109147"><name>388. T794</name></wpt>
  <wpt lat="47.1208655" lon="28.7110271"><name>389. T980</name></wpt>
  <wpt lat="47.1207948" lon="28.7110976"><name>390. T979</name></wpt>
  <wpt lat="47.1205845" lon="28.7113282"><name>391. T978</name></wpt>
  <wpt lat="47.1202581" lon="28.7116822"><name>392. T301</name></wpt>
  <wpt lat="47.1197095" lon="28.7123652"><name>393. T970</name></wpt>
  <wpt lat="47.1197401" lon="28.7123318"><name>394. T971</name></wpt>
  <wpt lat="47.1198213" lon="28.7122431"><name>395. T972</name></wpt>
  <wpt lat="47.1198915" lon="28.7121664"><name>396. T973</name></wpt>
  <wpt lat="47.1201116" lon="28.7119286"><name>397. T974</name></wpt>
  <wpt lat="47.1205375" lon="28.7114246"><name>398. T977</name></wpt>
  <wpt lat="47.1205671" lon="28.7114408"><name>399. T975</name></wpt>
  <wpt lat="47.1201452" lon="28.7119420"><name>400. T302</name></wpt>
  <wpt lat="47.1201422" lon="28.7120416"><name>401. T969</name></wpt>
  <wpt lat="47.1198626" lon="28.7123456"><name>402. T968</name></wpt>
  <wpt lat="47.1197978" lon="28.7124161"><name>403. T967</name></wpt>
  <wpt lat="47.1197704" lon="28.7124463"><name>404. T966</name></wpt>
  <wpt lat="47.1195806" lon="28.7126560"><name>405. T965</name></wpt>
  <wpt lat="47.1184424" lon="28.7137089"><name>406. T299</name></wpt>
  <wpt lat="47.1184713" lon="28.7136772"><name>407. T976</name></wpt>
  <wpt lat="47.1185068" lon="28.7135478"><name>408. T316</name></wpt>
  <wpt lat="47.1183911" lon="28.7136763"><name>409. T298</name></wpt>
  <wpt lat="47.1183713" lon="28.7136112"><name>410. T323</name></wpt>
  <wpt lat="47.1184754" lon="28.7135431"><name>411. T315</name></wpt>
  <wpt lat="47.1185060" lon="28.7134655"><name>412. T320</name></wpt>
  <wpt lat="47.1185491" lon="28.7134620"><name>413. T314</name></wpt>
  <wpt lat="47.1185838" lon="28.7133815"><name>414. T319</name></wpt>
  <wpt lat="47.1186202" lon="28.7133421"><name>415. T318</name></wpt>
  <wpt lat="47.1186482" lon="28.7133529"><name>416. T317</name></wpt>
  <wpt lat="47.1187974" lon="28.7131889"><name>417. T513</name></wpt>
  <wpt lat="47.1188949" lon="28.7130816"><name>418. T981</name></wpt>
  <wpt lat="47.1189259" lon="28.7130476"><name>419. T982</name></wpt>
  <wpt lat="47.1189650" lon="28.7130046"><name>420. T313</name></wpt>
  <wpt lat="47.1190295" lon="28.7128249"><name>421. T311</name></wpt>
  <wpt lat="47.1192676" lon="28.7125583"><name>422. T308</name></wpt>
  <wpt lat="47.1193282" lon="28.7124905"><name>423. T307</name></wpt>
  <wpt lat="47.1193729" lon="28.7124785"><name>424. T303</name></wpt>
  <wpt lat="47.1194466" lon="28.7123960"><name>425. T304</name></wpt>
  <wpt lat="47.1194725" lon="28.7123289"><name>426. T305</name></wpt>
  <wpt lat="47.1195021" lon="28.7123339"><name>427. T306</name></wpt>
  <wpt lat="47.1195635" lon="28.7122271"><name>428. T514</name></wpt>
  <wpt lat="47.1196182" lon="28.7121659"><name>429. T983</name></wpt>
  <wpt lat="47.1196431" lon="28.7121380"><name>430. T984</name></wpt>
  <wpt lat="47.1196684" lon="28.7121096"><name>431. T985</name></wpt>
  <wpt lat="47.1191354" lon="28.7126663"><name>432. T312</name></wpt>
  <wpt lat="47.1189992" lon="28.7128107"><name>433. T309</name></wpt>
  <wpt lat="47.1188999" lon="28.7129159"><name>434. T310</name></wpt>
  <wpt lat="47.1184663" lon="28.7134657"><name>435. T321</name></wpt>
  <wpt lat="47.1183852" lon="28.7135543"><name>436. T322</name></wpt>
  <wpt lat="47.1183602" lon="28.7135210"><name>437. T986</name></wpt>
  <wpt lat="47.1183978" lon="28.7134795"><name>438. T987</name></wpt>
  <wpt lat="47.1185116" lon="28.7137754"><name>439. T300</name></wpt>
  <wpt lat="47.1187153" lon="28.7136902"><name>440. T297</name></wpt>
  <wpt lat="47.1188408" lon="28.7135218"><name>441. T296</name></wpt>
  <wpt lat="47.1189502" lon="28.7134070"><name>442. T295</name></wpt>
  <wpt lat="47.1191689" lon="28.7131772"><name>443. T294</name></wpt>
  <wpt lat="47.1192783" lon="28.7130624"><name>444. T273</name></wpt>
  <wpt lat="47.1193369" lon="28.7129681"><name>445. T293</name></wpt>
  <wpt lat="47.1193876" lon="28.7129475"><name>446. T274</name></wpt>
  <wpt lat="47.1194970" lon="28.7128327"><name>447. T275</name></wpt>
  <wpt lat="47.1195190" lon="28.7127689"><name>448. T292</name></wpt>
  <wpt lat="47.1196063" lon="28.7127178"><name>449. T276</name></wpt>
  <wpt lat="47.1196026" lon="28.7126776"><name>450. T291</name></wpt>
  <wpt lat="47.1196316" lon="28.7126458"><name>451. T290</name></wpt>
  <wpt lat="47.1197675" lon="28.7124972"><name>452. T289</name></wpt>
  <wpt lat="47.1198500" lon="28.7124071"><name>453. T288</name></wpt>
  <wpt lat="47.1198911" lon="28.7123621"><name>454. T287</name></wpt>
  <wpt lat="47.1199983" lon="28.7122449"><name>455. T964</name></wpt>
  <trk><name>Solemtrix F09</name><trkseg>
      <trkpt lat="47.1204123" lon="28.7118309"/>
      <trkpt lat="47.1204102" lon="28.7118267"/>
      <trkpt lat="47.1204022" lon="28.7118353"/>
      <trkpt lat="47.1203878" lon="28.7118509"/>
      <trkpt lat="47.1203733" lon="28.7118664"/>
      <trkpt lat="47.1203589" lon="28.7118820"/>
      <trkpt lat="47.1203445" lon="28.7118976"/>
      <trkpt lat="47.1203300" lon="28.7119131"/>
      <trkpt lat="47.1203156" lon="28.7119287"/>
      <trkpt lat="47.1203011" lon="28.7119442"/>
      <trkpt lat="47.1202867" lon="28.7119598"/>
      <trkpt lat="47.1202723" lon="28.7119753"/>
      <trkpt lat="47.1202578" lon="28.7119908"/>
      <trkpt lat="47.1202433" lon="28.7120062"/>
      <trkpt lat="47.1202288" lon="28.7120216"/>
      <trkpt lat="47.1202142" lon="28.7120370"/>
      <trkpt lat="47.1201997" lon="28.7120524"/>
      <trkpt lat="47.1201852" lon="28.7120678"/>
      <trkpt lat="47.1201723" lon="28.7120864"/>
      <trkpt lat="47.1202034" lon="28.7120974"/>
      <trkpt lat="47.1201899" lon="28.7121163"/>
      <trkpt lat="47.1201776" lon="28.7121362"/>
      <trkpt lat="47.1201732" lon="28.7121410"/>
      <trkpt lat="47.1201705" lon="28.7121441"/>
      <trkpt lat="47.1201632" lon="28.7121520"/>
      <trkpt lat="47.1201561" lon="28.7121598"/>
      <trkpt lat="47.1201536" lon="28.7121625"/>
      <trkpt lat="47.1201488" lon="28.7121677"/>
      <trkpt lat="47.1201393" lon="28.7121782"/>
      <trkpt lat="47.1201344" lon="28.7121835"/>
      <trkpt lat="47.1201200" lon="28.7121993"/>
      <trkpt lat="47.1201056" lon="28.7122150"/>
      <trkpt lat="47.1200912" lon="28.7122308"/>
      <trkpt lat="47.1200768" lon="28.7122465"/>
      <trkpt lat="47.1200624" lon="28.7122623"/>
      <trkpt lat="47.1200480" lon="28.7122780"/>
      <trkpt lat="47.1200336" lon="28.7122938"/>
      <trkpt lat="47.1200192" lon="28.7123095"/>
      <trkpt lat="47.1200048" lon="28.7123253"/>
      <trkpt lat="47.1199904" lon="28.7123411"/>
      <trkpt lat="47.1199760" lon="28.7123568"/>
      <trkpt lat="47.1199616" lon="28.7123726"/>
      <trkpt lat="47.1199558" lon="28.7123789"/>
      <trkpt lat="47.1199472" lon="28.7123883"/>
      <trkpt lat="47.1199328" lon="28.7124041"/>
      <trkpt lat="47.1199184" lon="28.7124198"/>
      <trkpt lat="47.1199040" lon="28.7124356"/>
      <trkpt lat="47.1198896" lon="28.7124513"/>
      <trkpt lat="47.1198752" lon="28.7124671"/>
      <trkpt lat="47.1198645" lon="28.7124788"/>
      <trkpt lat="47.1198608" lon="28.7124829"/>
      <trkpt lat="47.1198464" lon="28.7124986"/>
      <trkpt lat="47.1198320" lon="28.7125144"/>
      <trkpt lat="47.1198176" lon="28.7125301"/>
      <trkpt lat="47.1198032" lon="28.7125459"/>
      <trkpt lat="47.1197888" lon="28.7125616"/>
      <trkpt lat="47.1197744" lon="28.7125774"/>
      <trkpt lat="47.1197888" lon="28.7125616"/>
      <trkpt lat="47.1198032" lon="28.7125459"/>
      <trkpt lat="47.1198176" lon="28.7125301"/>
      <trkpt lat="47.1198320" lon="28.7125144"/>
      <trkpt lat="47.1198464" lon="28.7124986"/>
      <trkpt lat="47.1198608" lon="28.7124829"/>
      <trkpt lat="47.1198645" lon="28.7124788"/>
      <trkpt lat="47.1198752" lon="28.7124671"/>
      <trkpt lat="47.1198896" lon="28.7124513"/>
      <trkpt lat="47.1199040" lon="28.7124356"/>
      <trkpt lat="47.1199184" lon="28.7124198"/>
      <trkpt lat="47.1199328" lon="28.7124041"/>
      <trkpt lat="47.1199472" lon="28.7123883"/>
      <trkpt lat="47.1199558" lon="28.7123789"/>
      <trkpt lat="47.1199616" lon="28.7123726"/>
      <trkpt lat="47.1199760" lon="28.7123568"/>
      <trkpt lat="47.1199904" lon="28.7123411"/>
      <trkpt lat="47.1200048" lon="28.7123253"/>
      <trkpt lat="47.1200192" lon="28.7123095"/>
      <trkpt lat="47.1200336" lon="28.7122938"/>
      <trkpt lat="47.1200480" lon="28.7122780"/>
      <trkpt lat="47.1200624" lon="28.7122623"/>
      <trkpt lat="47.1200768" lon="28.7122465"/>
      <trkpt lat="47.1200912" lon="28.7122308"/>
      <trkpt lat="47.1201056" lon="28.7122150"/>
      <trkpt lat="47.1201200" lon="28.7121993"/>
      <trkpt lat="47.1201344" lon="28.7121835"/>
      <trkpt lat="47.1201393" lon="28.7121782"/>
      <trkpt lat="47.1201674" lon="28.7122334"/>
      <trkpt lat="47.1201667" lon="28.7122814"/>
      <trkpt lat="47.1201816" lon="28.7123676"/>
      <trkpt lat="47.1202086" lon="28.7123374"/>
      <trkpt lat="47.1202106" lon="28.7123367"/>
      <trkpt lat="47.1202250" lon="28.7123212"/>
      <trkpt lat="47.1202398" lon="28.7123055"/>
      <trkpt lat="47.1202541" lon="28.7122903"/>
      <trkpt lat="47.1202655" lon="28.7122767"/>
      <trkpt lat="47.1202798" lon="28.7122614"/>
      <trkpt lat="47.1202941" lon="28.7122460"/>
      <trkpt lat="47.1203084" lon="28.7122306"/>
      <trkpt lat="47.1203121" lon="28.7122285"/>
      <trkpt lat="47.1203266" lon="28.7122131"/>
      <trkpt lat="47.1203411" lon="28.7121976"/>
      <trkpt lat="47.1203556" lon="28.7121822"/>
      <trkpt lat="47.1203701" lon="28.7121668"/>
      <trkpt lat="47.1203846" lon="28.7121513"/>
      <trkpt lat="47.1203991" lon="28.7121359"/>
      <trkpt lat="47.1204070" lon="28.7121275"/>
      <trkpt lat="47.1204136" lon="28.7121204"/>
      <trkpt lat="47.1204281" lon="28.7121050"/>
      <trkpt lat="47.1204426" lon="28.7120896"/>
      <trkpt lat="47.1204548" lon="28.7120765"/>
      <trkpt lat="47.1204571" lon="28.7120741"/>
      <trkpt lat="47.1204716" lon="28.7120587"/>
      <trkpt lat="47.1204861" lon="28.7120432"/>
      <trkpt lat="47.1205006" lon="28.7120278"/>
      <trkpt lat="47.1205150" lon="28.7120122"/>
      <trkpt lat="47.1205295" lon="28.7119967"/>
      <trkpt lat="47.1205439" lon="28.7119810"/>
      <trkpt lat="47.1205583" lon="28.7119653"/>
      <trkpt lat="47.1205703" lon="28.7119521"/>
      <trkpt lat="47.1205726" lon="28.7119496"/>
      <trkpt lat="47.1205870" lon="28.7119340"/>
      <trkpt lat="47.1206014" lon="28.7119183"/>
      <trkpt lat="47.1206158" lon="28.7119026"/>
      <trkpt lat="47.1206302" lon="28.7118869"/>
      <trkpt lat="47.1206445" lon="28.7118712"/>
      <trkpt lat="47.1206590" lon="28.7118557"/>
      <trkpt lat="47.1206683" lon="28.7118458"/>
      <trkpt lat="47.1206735" lon="28.7118402"/>
      <trkpt lat="47.1206880" lon="28.7118247"/>
      <trkpt lat="47.1207024" lon="28.7118092"/>
      <trkpt lat="47.1207169" lon="28.7117937"/>
      <trkpt lat="47.1207314" lon="28.7117782"/>
      <trkpt lat="47.1207459" lon="28.7117628"/>
      <trkpt lat="47.1207525" lon="28.7117552"/>
      <trkpt lat="47.1207669" lon="28.7117400"/>
      <trkpt lat="47.1207813" lon="28.7117248"/>
      <trkpt lat="47.1207957" lon="28.7117096"/>
      <trkpt lat="47.1208101" lon="28.7116944"/>
      <trkpt lat="47.1208245" lon="28.7116792"/>
      <trkpt lat="47.1208388" lon="28.7116640"/>
      <trkpt lat="47.1208532" lon="28.7116488"/>
      <trkpt lat="47.1208676" lon="28.7116336"/>
      <trkpt lat="47.1208820" lon="28.7116184"/>
      <trkpt lat="47.1208964" lon="28.7116032"/>
      <trkpt lat="47.1209108" lon="28.7115880"/>
      <trkpt lat="47.1209252" lon="28.7115728"/>
      <trkpt lat="47.1209396" lon="28.7115576"/>
      <trkpt lat="47.1209540" lon="28.7115424"/>
      <trkpt lat="47.1209684" lon="28.7115272"/>
      <trkpt lat="47.1209753" lon="28.7115199"/>
      <trkpt lat="47.1209828" lon="28.7115120"/>
      <trkpt lat="47.1209972" lon="28.7114968"/>
      <trkpt lat="47.1210115" lon="28.7114816"/>
      <trkpt lat="47.1210259" lon="28.7114664"/>
      <trkpt lat="47.1210403" lon="28.7114512"/>
      <trkpt lat="47.1210547" lon="28.7114360"/>
      <trkpt lat="47.1210693" lon="28.7114206"/>
      <trkpt lat="47.1210835" lon="28.7114056"/>
      <trkpt lat="47.1210979" lon="28.7113904"/>
      <trkpt lat="47.1211123" lon="28.7113752"/>
      <trkpt lat="47.1211239" lon="28.7113637"/>
      <trkpt lat="47.1211270" lon="28.7113606"/>
      <trkpt lat="47.1211390" lon="28.7113931"/>
      <trkpt lat="47.1211245" lon="28.7114087"/>
      <trkpt lat="47.1211100" lon="28.7114241"/>
      <trkpt lat="47.1211045" lon="28.7114299"/>
      <trkpt lat="47.1211043" lon="28.7114301"/>
      <trkpt lat="47.1210954" lon="28.7114395"/>
      <trkpt lat="47.1210844" lon="28.7114512"/>
      <trkpt lat="47.1210808" lon="28.7114550"/>
      <trkpt lat="47.1210663" lon="28.7114704"/>
      <trkpt lat="47.1210517" lon="28.7114858"/>
      <trkpt lat="47.1210371" lon="28.7115012"/>
      <trkpt lat="47.1210226" lon="28.7115166"/>
      <trkpt lat="47.1210080" lon="28.7115320"/>
      <trkpt lat="47.1209934" lon="28.7115474"/>
      <trkpt lat="47.1209868" lon="28.7115545"/>
      <trkpt lat="47.1209789" lon="28.7115628"/>
      <trkpt lat="47.1209643" lon="28.7115783"/>
      <trkpt lat="47.1209497" lon="28.7115937"/>
      <trkpt lat="47.1209352" lon="28.7116091"/>
      <trkpt lat="47.1209206" lon="28.7116245"/>
      <trkpt lat="47.1209060" lon="28.7116399"/>
      <trkpt lat="47.1208915" lon="28.7116553"/>
      <trkpt lat="47.1208769" lon="28.7116707"/>
      <trkpt lat="47.1208623" lon="28.7116861"/>
      <trkpt lat="47.1208478" lon="28.7117016"/>
      <trkpt lat="47.1208332" lon="28.7117170"/>
      <trkpt lat="47.1208186" lon="28.7117324"/>
      <trkpt lat="47.1208041" lon="28.7117478"/>
      <trkpt lat="47.1207895" lon="28.7117632"/>
      <trkpt lat="47.1207750" lon="28.7117786"/>
      <trkpt lat="47.1207676" lon="28.7117864"/>
      <trkpt lat="47.1207604" lon="28.7117940"/>
      <trkpt lat="47.1207458" lon="28.7118094"/>
      <trkpt lat="47.1207313" lon="28.7118248"/>
      <trkpt lat="47.1207216" lon="28.7118351"/>
      <trkpt lat="47.1207167" lon="28.7118403"/>
      <trkpt lat="47.1207021" lon="28.7118557"/>
      <trkpt lat="47.1206876" lon="28.7118711"/>
      <trkpt lat="47.1206832" lon="28.7118757"/>
      <trkpt lat="47.1206730" lon="28.7118865"/>
      <trkpt lat="47.1206585" lon="28.7119020"/>
      <trkpt lat="47.1206441" lon="28.7119178"/>
      <trkpt lat="47.1206350" lon="28.7119278"/>
      <trkpt lat="47.1206535" lon="28.7119639"/>
      <trkpt lat="47.1206422" lon="28.7119761"/>
      <trkpt lat="47.1206309" lon="28.7119882"/>
      <trkpt lat="47.1206422" lon="28.7119761"/>
      <trkpt lat="47.1206535" lon="28.7119639"/>
      <trkpt lat="47.1206350" lon="28.7119278"/>
      <trkpt lat="47.1206441" lon="28.7119178"/>
      <trkpt lat="47.1206585" lon="28.7119020"/>
      <trkpt lat="47.1206730" lon="28.7118865"/>
      <trkpt lat="47.1206832" lon="28.7118757"/>
      <trkpt lat="47.1206876" lon="28.7118711"/>
      <trkpt lat="47.1207021" lon="28.7118557"/>
      <trkpt lat="47.1207167" lon="28.7118403"/>
      <trkpt lat="47.1207216" lon="28.7118351"/>
      <trkpt lat="47.1207548" lon="28.7119024"/>
      <trkpt lat="47.1207689" lon="28.7118872"/>
      <trkpt lat="47.1207831" lon="28.7118722"/>
      <trkpt lat="47.1207973" lon="28.7118572"/>
      <trkpt lat="47.1208114" lon="28.7118422"/>
      <trkpt lat="47.1208256" lon="28.7118272"/>
      <trkpt lat="47.1208398" lon="28.7118121"/>
      <trkpt lat="47.1208437" lon="28.7118080"/>
      <trkpt lat="47.1208540" lon="28.7117971"/>
      <trkpt lat="47.1208681" lon="28.7117821"/>
      <trkpt lat="47.1208823" lon="28.7117671"/>
      <trkpt lat="47.1208965" lon="28.7117521"/>
      <trkpt lat="47.1209107" lon="28.7117370"/>
      <trkpt lat="47.1209248" lon="28.7117220"/>
      <trkpt lat="47.1209390" lon="28.7117070"/>
      <trkpt lat="47.1209532" lon="28.7116920"/>
      <trkpt lat="47.1209674" lon="28.7116770"/>
      <trkpt lat="47.1209748" lon="28.7116691"/>
      <trkpt lat="47.1209815" lon="28.7116619"/>
      <trkpt lat="47.1209957" lon="28.7116469"/>
      <trkpt lat="47.1210099" lon="28.7116319"/>
      <trkpt lat="47.1210241" lon="28.7116169"/>
      <trkpt lat="47.1210383" lon="28.7116018"/>
      <trkpt lat="47.1210524" lon="28.7115868"/>
      <trkpt lat="47.1210666" lon="28.7115718"/>
      <trkpt lat="47.1210808" lon="28.7115568"/>
      <trkpt lat="47.1210950" lon="28.7115418"/>
      <trkpt lat="47.1211091" lon="28.7115267"/>
      <trkpt lat="47.1211233" lon="28.7115117"/>
      <trkpt lat="47.1211374" lon="28.7114965"/>
      <trkpt lat="47.1211390" lon="28.7113931"/>
      <trkpt lat="47.1210982" lon="28.7113363"/>
      <trkpt lat="47.1210949" lon="28.7113413"/>
      <trkpt lat="47.1210804" lon="28.7113568"/>
      <trkpt lat="47.1210659" lon="28.7113724"/>
      <trkpt lat="47.1210522" lon="28.7113869"/>
      <trkpt lat="47.1210367" lon="28.7114033"/>
      <trkpt lat="47.1210222" lon="28.7114188"/>
      <trkpt lat="47.1210176" lon="28.7114237"/>
      <trkpt lat="47.1210076" lon="28.7114342"/>
      <trkpt lat="47.1209931" lon="28.7114497"/>
      <trkpt lat="47.1209785" lon="28.7114652"/>
      <trkpt lat="47.1209673" lon="28.7114771"/>
      <trkpt lat="47.1209785" lon="28.7114652"/>
      <trkpt lat="47.1209931" lon="28.7114497"/>
      <trkpt lat="47.1210076" lon="28.7114342"/>
      <trkpt lat="47.1210176" lon="28.7114237"/>
      <trkpt lat="47.1210222" lon="28.7114188"/>
      <trkpt lat="47.1210367" lon="28.7114033"/>
      <trkpt lat="47.1210522" lon="28.7113869"/>
      <trkpt lat="47.1210659" lon="28.7113724"/>
      <trkpt lat="47.1210804" lon="28.7113568"/>
      <trkpt lat="47.1210949" lon="28.7113413"/>
      <trkpt lat="47.1210982" lon="28.7113363"/>
      <trkpt lat="47.1211018" lon="28.7113307"/>
      <trkpt lat="47.1211036" lon="28.7113280"/>
      <trkpt lat="47.1211075" lon="28.7113219"/>
      <trkpt lat="47.1211266" lon="28.7112677"/>
      <trkpt lat="47.1211083" lon="28.7112756"/>
      <trkpt lat="47.1210936" lon="28.7112906"/>
      <trkpt lat="47.1210788" lon="28.7113057"/>
      <trkpt lat="47.1210753" lon="28.7113093"/>
      <trkpt lat="47.1210641" lon="28.7113207"/>
      <trkpt lat="47.1210494" lon="28.7113357"/>
      <trkpt lat="47.1210360" lon="28.7113533"/>
      <trkpt lat="47.1210213" lon="28.7113683"/>
      <trkpt lat="47.1210068" lon="28.7113838"/>
      <trkpt lat="47.1210009" lon="28.7113900"/>
      <trkpt lat="47.1209923" lon="28.7113992"/>
      <trkpt lat="47.1209778" lon="28.7114147"/>
      <trkpt lat="47.1209633" lon="28.7114302"/>
      <trkpt lat="47.1209591" lon="28.7114348"/>
      <trkpt lat="47.1209633" lon="28.7114302"/>
      <trkpt lat="47.1209778" lon="28.7114147"/>
      <trkpt lat="47.1209923" lon="28.7113992"/>
      <trkpt lat="47.1210009" lon="28.7113900"/>
      <trkpt lat="47.1210068" lon="28.7113838"/>
      <trkpt lat="47.1210213" lon="28.7113683"/>
      <trkpt lat="47.1210360" lon="28.7113533"/>
      <trkpt lat="47.1210494" lon="28.7113357"/>
      <trkpt lat="47.1210641" lon="28.7113207"/>
      <trkpt lat="47.1210753" lon="28.7113093"/>
      <trkpt lat="47.1210788" lon="28.7113057"/>
      <trkpt lat="47.1210936" lon="28.7112906"/>
      <trkpt lat="47.1211083" lon="28.7112756"/>
      <trkpt lat="47.1211266" lon="28.7112677"/>
      <trkpt lat="47.1211324" lon="28.7112615"/>
      <trkpt lat="47.1211411" lon="28.7112523"/>
      <trkpt lat="47.1211254" lon="28.7112212"/>
      <trkpt lat="47.1211169" lon="28.7112301"/>
      <trkpt lat="47.1211109" lon="28.7112365"/>
      <trkpt lat="47.1210959" lon="28.7112510"/>
      <trkpt lat="47.1210810" lon="28.7112654"/>
      <trkpt lat="47.1210660" lon="28.7112799"/>
      <trkpt lat="47.1210511" lon="28.7112944"/>
      <trkpt lat="47.1210361" lon="28.7113089"/>
      <trkpt lat="47.1210212" lon="28.7113234"/>
      <trkpt lat="47.1210062" lon="28.7113378"/>
      <trkpt lat="47.1209918" lon="28.7113533"/>
      <trkpt lat="47.1209773" lon="28.7113687"/>
      <trkpt lat="47.1209716" lon="28.7113748"/>
      <trkpt lat="47.1209403" lon="28.7113118"/>
      <trkpt lat="47.1209276" lon="28.7112236"/>
      <trkpt lat="47.1209122" lon="28.7111930"/>
      <trkpt lat="47.1209080" lon="28.7111124"/>
      <trkpt lat="47.1209305" lon="28.7110418"/>
      <trkpt lat="47.1209329" lon="28.7109594"/>
      <trkpt lat="47.1209475" lon="28.7109440"/>
      <trkpt lat="47.1209621" lon="28.7109288"/>
      <trkpt lat="47.1209768" lon="28.7109135"/>
      <trkpt lat="47.1209915" lon="28.7108983"/>
      <trkpt lat="47.1210061" lon="28.7108831"/>
      <trkpt lat="47.1210208" lon="28.7108679"/>
      <trkpt lat="47.1210355" lon="28.7108527"/>
      <trkpt lat="47.1210501" lon="28.7108374"/>
      <trkpt lat="47.1210648" lon="28.7108222"/>
      <trkpt lat="47.1210795" lon="28.7108070"/>
      <trkpt lat="47.1210896" lon="28.7107961"/>
      <trkpt lat="47.1210940" lon="28.7107914"/>
      <trkpt lat="47.1211085" lon="28.7107758"/>
      <trkpt lat="47.1211230" lon="28.7107603"/>
      <trkpt lat="47.1211375" lon="28.7107447"/>
      <trkpt lat="47.1211520" lon="28.7107292"/>
      <trkpt lat="47.1211665" lon="28.7107136"/>
      <trkpt lat="47.1211810" lon="28.7106981"/>
      <trkpt lat="47.1211955" lon="28.7106825"/>
      <trkpt lat="47.1212100" lon="28.7106670"/>
      <trkpt lat="47.1212245" lon="28.7106514"/>
      <trkpt lat="47.1212390" lon="28.7106359"/>
      <trkpt lat="47.1212535" lon="28.7106203"/>
      <trkpt lat="47.1212680" lon="28.7106048"/>
      <trkpt lat="47.1212825" lon="28.7105892"/>
      <trkpt lat="47.1212970" lon="28.7105737"/>
      <trkpt lat="47.1213115" lon="28.7105581"/>
      <trkpt lat="47.1213260" lon="28.7105426"/>
      <trkpt lat="47.1213405" lon="28.7105270"/>
      <trkpt lat="47.1213551" lon="28.7105115"/>
      <trkpt lat="47.1213696" lon="28.7104959"/>
      <trkpt lat="47.1213841" lon="28.7104804"/>
      <trkpt lat="47.1213986" lon="28.7104649"/>
      <trkpt lat="47.1214131" lon="28.7104493"/>
      <trkpt lat="47.1214276" lon="28.7104338"/>
      <trkpt lat="47.1214421" lon="28.7104182"/>
      <trkpt lat="47.1214566" lon="28.7104027"/>
      <trkpt lat="47.1214711" lon="28.7103871"/>
      <trkpt lat="47.1214856" lon="28.7103716"/>
      <trkpt lat="47.1215001" lon="28.7103560"/>
      <trkpt lat="47.1215146" lon="28.7103405"/>
      <trkpt lat="47.1215291" lon="28.7103249"/>
      <trkpt lat="47.1215450" lon="28.7103079"/>
      <trkpt lat="47.1215755" lon="28.7103657"/>
      <trkpt lat="47.1215791" lon="28.7103630"/>
      <trkpt lat="47.1215906" lon="28.7103545"/>
      <trkpt lat="47.1215952" lon="28.7103495"/>
      <trkpt lat="47.1216067" lon="28.7103424"/>
      <trkpt lat="47.1216218" lon="28.7103281"/>
      <trkpt lat="47.1216363" lon="28.7103126"/>
      <trkpt lat="47.1216508" lon="28.7102971"/>
      <trkpt lat="47.1216653" lon="28.7102816"/>
      <trkpt lat="47.1216798" lon="28.7102660"/>
      <trkpt lat="47.1216942" lon="28.7102505"/>
      <trkpt lat="47.1217060" lon="28.7102380"/>
      <trkpt lat="47.1217087" lon="28.7102350"/>
      <trkpt lat="47.1217232" lon="28.7102195"/>
      <trkpt lat="47.1217377" lon="28.7102040"/>
      <trkpt lat="47.1217522" lon="28.7101884"/>
      <trkpt lat="47.1217667" lon="28.7101729"/>
      <trkpt lat="47.1217811" lon="28.7101574"/>
      <trkpt lat="47.1217956" lon="28.7101419"/>
      <trkpt lat="47.1218101" lon="28.7101264"/>
      <trkpt lat="47.1218246" lon="28.7101108"/>
      <trkpt lat="47.1218391" lon="28.7100953"/>
      <trkpt lat="47.1218535" lon="28.7100798"/>
      <trkpt lat="47.1218680" lon="28.7100643"/>
      <trkpt lat="47.1218825" lon="28.7100488"/>
      <trkpt lat="47.1218970" lon="28.7100332"/>
      <trkpt lat="47.1219115" lon="28.7100177"/>
      <trkpt lat="47.1219259" lon="28.7100022"/>
      <trkpt lat="47.1219404" lon="28.7099867"/>
      <trkpt lat="47.1219549" lon="28.7099712"/>
      <trkpt lat="47.1219694" lon="28.7099556"/>
      <trkpt lat="47.1219839" lon="28.7099401"/>
      <trkpt lat="47.1219983" lon="28.7099246"/>
      <trkpt lat="47.1220128" lon="28.7099091"/>
      <trkpt lat="47.1220273" lon="28.7098935"/>
      <trkpt lat="47.1220418" lon="28.7098780"/>
      <trkpt lat="47.1220563" lon="28.7098625"/>
      <trkpt lat="47.1220667" lon="28.7098514"/>
      <trkpt lat="47.1220708" lon="28.7098471"/>
      <trkpt lat="47.1220853" lon="28.7098316"/>
      <trkpt lat="47.1220998" lon="28.7098162"/>
      <trkpt lat="47.1221103" lon="28.7098051"/>
      <trkpt lat="47.1221144" lon="28.7098008"/>
      <trkpt lat="47.1221289" lon="28.7097853"/>
      <trkpt lat="47.1221434" lon="28.7097699"/>
      <trkpt lat="47.1221579" lon="28.7097545"/>
      <trkpt lat="47.1221725" lon="28.7097390"/>
      <trkpt lat="47.1221870" lon="28.7097236"/>
      <trkpt lat="47.1222015" lon="28.7097081"/>
      <trkpt lat="47.1222160" lon="28.7096927"/>
      <trkpt lat="47.1222297" lon="28.7096782"/>
      <trkpt lat="47.1222305" lon="28.7096773"/>
      <trkpt lat="47.1222451" lon="28.7096618"/>
      <trkpt lat="47.1222596" lon="28.7096464"/>
      <trkpt lat="47.1222741" lon="28.7096309"/>
      <trkpt lat="47.1222886" lon="28.7096155"/>
      <trkpt lat="47.1223031" lon="28.7096001"/>
      <trkpt lat="47.1223177" lon="28.7095846"/>
      <trkpt lat="47.1223322" lon="28.7095692"/>
      <trkpt lat="47.1223467" lon="28.7095538"/>
      <trkpt lat="47.1223612" lon="28.7095383"/>
      <trkpt lat="47.1223758" lon="28.7095229"/>
      <trkpt lat="47.1223903" lon="28.7095074"/>
      <trkpt lat="47.1224048" lon="28.7094920"/>
      <trkpt lat="47.1224193" lon="28.7094766"/>
      <trkpt lat="47.1224338" lon="28.7094611"/>
      <trkpt lat="47.1224373" lon="28.7094574"/>
      <trkpt lat="47.1224484" lon="28.7094457"/>
      <trkpt lat="47.1224629" lon="28.7094303"/>
      <trkpt lat="47.1224774" lon="28.7094148"/>
      <trkpt lat="47.1224919" lon="28.7093994"/>
      <trkpt lat="47.1225065" lon="28.7093840"/>
      <trkpt lat="47.1225200" lon="28.7093645"/>
      <trkpt lat="47.1225183" lon="28.7093562"/>
      <trkpt lat="47.1225176" lon="28.7093527"/>
      <trkpt lat="47.1225146" lon="28.7093386"/>
      <trkpt lat="47.1224632" lon="28.7093757"/>
      <trkpt lat="47.1224496" lon="28.7093901"/>
      <trkpt lat="47.1224434" lon="28.7093967"/>
      <trkpt lat="47.1224351" lon="28.7094055"/>
      <trkpt lat="47.1224207" lon="28.7094211"/>
      <trkpt lat="47.1224197" lon="28.7094221"/>
      <trkpt lat="47.1224062" lon="28.7094367"/>
      <trkpt lat="47.1223918" lon="28.7094523"/>
      <trkpt lat="47.1223774" lon="28.7094679"/>
      <trkpt lat="47.1223629" lon="28.7094835"/>
      <trkpt lat="47.1223485" lon="28.7094991"/>
      <trkpt lat="47.1223341" lon="28.7095147"/>
      <trkpt lat="47.1223196" lon="28.7095303"/>
      <trkpt lat="47.1223052" lon="28.7095459"/>
      <trkpt lat="47.1222987" lon="28.7095529"/>
      <trkpt lat="47.1222908" lon="28.7095615"/>
      <trkpt lat="47.1222763" lon="28.7095771"/>
      <trkpt lat="47.1222619" lon="28.7095927"/>
      <trkpt lat="47.1222566" lon="28.7095984"/>
      <trkpt lat="47.1222475" lon="28.7096083"/>
      <trkpt lat="47.1222330" lon="28.7096239"/>
      <trkpt lat="47.1222189" lon="28.7096391"/>
      <trkpt lat="47.1222132" lon="28.7096453"/>
      <trkpt lat="47.1222042" lon="28.7096551"/>
      <trkpt lat="47.1221941" lon="28.7096660"/>
      <trkpt lat="47.1221897" lon="28.7096707"/>
      <trkpt lat="47.1221753" lon="28.7096863"/>
      <trkpt lat="47.1221609" lon="28.7097019"/>
      <trkpt lat="47.1221464" lon="28.7097175"/>
      <trkpt lat="47.1221320" lon="28.7097331"/>
      <trkpt lat="47.1221175" lon="28.7097487"/>
      <trkpt lat="47.1221031" lon="28.7097643"/>
      <trkpt lat="47.1220946" lon="28.7097736"/>
      <trkpt lat="47.1220887" lon="28.7097799"/>
      <trkpt lat="47.1220742" lon="28.7097955"/>
      <trkpt lat="47.1220577" lon="28.7098070"/>
      <trkpt lat="47.1220458" lon="28.7098198"/>
      <trkpt lat="47.1220287" lon="28.7098379"/>
      <trkpt lat="47.1220142" lon="28.7098534"/>
      <trkpt lat="47.1219997" lon="28.7098688"/>
      <trkpt lat="47.1219852" lon="28.7098843"/>
      <trkpt lat="47.1219806" lon="28.7098892"/>
      <trkpt lat="47.1219789" lon="28.7098910"/>
      <trkpt lat="47.1219707" lon="28.7098998"/>
      <trkpt lat="47.1219565" lon="28.7099149"/>
      <trkpt lat="47.1219562" lon="28.7099152"/>
      <trkpt lat="47.1219417" lon="28.7099307"/>
      <trkpt lat="47.1219272" lon="28.7099461"/>
      <trkpt lat="47.1219127" lon="28.7099616"/>
      <trkpt lat="47.1218982" lon="28.7099770"/>
      <trkpt lat="47.1218837" lon="28.7099925"/>
      <trkpt lat="47.1218692" lon="28.7100079"/>
      <trkpt lat="47.1218547" lon="28.7100234"/>
      <trkpt lat="47.1218402" lon="28.7100388"/>
      <trkpt lat="47.1218256" lon="28.7100543"/>
      <trkpt lat="47.1218237" lon="28.7100555"/>
      <trkpt lat="47.1218093" lon="28.7100708"/>
      <trkpt lat="47.1217949" lon="28.7100862"/>
      <trkpt lat="47.1217805" lon="28.7101015"/>
      <trkpt lat="47.1217661" lon="28.7101169"/>
      <trkpt lat="47.1217516" lon="28.7101322"/>
      <trkpt lat="47.1217372" lon="28.7101475"/>
      <trkpt lat="47.1217241" lon="28.7101625"/>
      <trkpt lat="47.1217137" lon="28.7101736"/>
      <trkpt lat="47.1217241" lon="28.7101625"/>
      <trkpt lat="47.1217372" lon="28.7101475"/>
      <trkpt lat="47.1217516" lon="28.7101322"/>
      <trkpt lat="47.1217661" lon="28.7101169"/>
      <trkpt lat="47.1217805" lon="28.7101015"/>
      <trkpt lat="47.1217949" lon="28.7100862"/>
      <trkpt lat="47.1218093" lon="28.7100708"/>
      <trkpt lat="47.1218237" lon="28.7100555"/>
      <trkpt lat="47.1218096" lon="28.7100266"/>
      <trkpt lat="47.1218200" lon="28.7100155"/>
      <trkpt lat="47.1218346" lon="28.7100001"/>
      <trkpt lat="47.1218491" lon="28.7099846"/>
      <trkpt lat="47.1218637" lon="28.7099691"/>
      <trkpt lat="47.1218782" lon="28.7099537"/>
      <trkpt lat="47.1218928" lon="28.7099382"/>
      <trkpt lat="47.1219073" lon="28.7099227"/>
      <trkpt lat="47.1219218" lon="28.7099072"/>
      <trkpt lat="47.1219364" lon="28.7098917"/>
      <trkpt lat="47.1219421" lon="28.7098857"/>
      <trkpt lat="47.1219509" lon="28.7098763"/>
      <trkpt lat="47.1219655" lon="28.7098608"/>
      <trkpt lat="47.1219662" lon="28.7098600"/>
      <trkpt lat="47.1219800" lon="28.7098453"/>
      <trkpt lat="47.1219940" lon="28.7098304"/>
      <trkpt lat="47.1219946" lon="28.7098298"/>
      <trkpt lat="47.1220091" lon="28.7098143"/>
      <trkpt lat="47.1220236" lon="28.7097988"/>
      <trkpt lat="47.1220312" lon="28.7097906"/>
      <trkpt lat="47.1220381" lon="28.7097832"/>
      <trkpt lat="47.1220525" lon="28.7097675"/>
      <trkpt lat="47.1220669" lon="28.7097518"/>
      <trkpt lat="47.1220814" lon="28.7097361"/>
      <trkpt lat="47.1220855" lon="28.7097317"/>
      <trkpt lat="47.1220958" lon="28.7097204"/>
      <trkpt lat="47.1221103" lon="28.7097048"/>
      <trkpt lat="47.1221247" lon="28.7096891"/>
      <trkpt lat="47.1221391" lon="28.7096734"/>
      <trkpt lat="47.1221536" lon="28.7096577"/>
      <trkpt lat="47.1221680" lon="28.7096420"/>
      <trkpt lat="47.1221771" lon="28.7096322"/>
      <trkpt lat="47.1221825" lon="28.7096264"/>
      <trkpt lat="47.1221969" lon="28.7096107"/>
      <trkpt lat="47.1222019" lon="28.7096053"/>
      <trkpt lat="47.1222141" lon="28.7095884"/>
      <trkpt lat="47.1222285" lon="28.7095728"/>
      <trkpt lat="47.1222430" lon="28.7095572"/>
      <trkpt lat="47.1222575" lon="28.7095416"/>
      <trkpt lat="47.1222719" lon="28.7095260"/>
      <trkpt lat="47.1222864" lon="28.7095104"/>
      <trkpt lat="47.1223009" lon="28.7094948"/>
      <trkpt lat="47.1223154" lon="28.7094792"/>
      <trkpt lat="47.1223298" lon="28.7094636"/>
      <trkpt lat="47.1223443" lon="28.7094480"/>
      <trkpt lat="47.1223588" lon="28.7094325"/>
      <trkpt lat="47.1223733" lon="28.7094169"/>
      <trkpt lat="47.1223877" lon="28.7094013"/>
      <trkpt lat="47.1224022" lon="28.7093857"/>
      <trkpt lat="47.1224167" lon="28.7093701"/>
      <trkpt lat="47.1224312" lon="28.7093547"/>
      <trkpt lat="47.1224458" lon="28.7093393"/>
      <trkpt lat="47.1224603" lon="28.7093238"/>
      <trkpt lat="47.1224749" lon="28.7093084"/>
      <trkpt lat="47.1224894" lon="28.7092929"/>
      <trkpt lat="47.1225022" lon="28.7092794"/>
      <trkpt lat="47.1224990" lon="28.7092643"/>
      <trkpt lat="47.1224954" lon="28.7092473"/>
      <trkpt lat="47.1224947" lon="28.7092440"/>
      <trkpt lat="47.1224938" lon="28.7092396"/>
      <trkpt lat="47.1224886" lon="28.7092148"/>
      <trkpt lat="47.1224869" lon="28.7092071"/>
      <trkpt lat="47.1224833" lon="28.7091901"/>
      <trkpt lat="47.1224790" lon="28.7091694"/>
      <trkpt lat="47.1224781" lon="28.7091653"/>
      <trkpt lat="47.1224729" lon="28.7091406"/>
      <trkpt lat="47.1224712" lon="28.7091322"/>
      <trkpt lat="47.1224677" lon="28.7091158"/>
      <trkpt lat="47.1224634" lon="28.7090954"/>
      <trkpt lat="47.1224750" lon="28.7090829"/>
      <trkpt lat="47.1224894" lon="28.7090675"/>
      <trkpt lat="47.1225039" lon="28.7090520"/>
      <trkpt lat="47.1225061" lon="28.7090496"/>
      <trkpt lat="47.1225183" lon="28.7090365"/>
      <trkpt lat="47.1225328" lon="28.7090210"/>
      <trkpt lat="47.1225472" lon="28.7090055"/>
      <trkpt lat="47.1225617" lon="28.7089900"/>
      <trkpt lat="47.1225761" lon="28.7089745"/>
      <trkpt lat="47.1225906" lon="28.7089590"/>
      <trkpt lat="47.1226050" lon="28.7089435"/>
      <trkpt lat="47.1226195" lon="28.7089281"/>
      <trkpt lat="47.1226339" lon="28.7089126"/>
      <trkpt lat="47.1226484" lon="28.7088971"/>
      <trkpt lat="47.1226628" lon="28.7088816"/>
      <trkpt lat="47.1226773" lon="28.7088661"/>
      <trkpt lat="47.1226917" lon="28.7088506"/>
      <trkpt lat="47.1227062" lon="28.7088351"/>
      <trkpt lat="47.1227206" lon="28.7088196"/>
      <trkpt lat="47.1227351" lon="28.7088042"/>
      <trkpt lat="47.1227400" lon="28.7087989"/>
      <trkpt lat="47.1227351" lon="28.7088042"/>
      <trkpt lat="47.1227206" lon="28.7088196"/>
      <trkpt lat="47.1227062" lon="28.7088351"/>
      <trkpt lat="47.1226917" lon="28.7088506"/>
      <trkpt lat="47.1226773" lon="28.7088661"/>
      <trkpt lat="47.1226628" lon="28.7088816"/>
      <trkpt lat="47.1226484" lon="28.7088971"/>
      <trkpt lat="47.1226339" lon="28.7089126"/>
      <trkpt lat="47.1226195" lon="28.7089281"/>
      <trkpt lat="47.1226050" lon="28.7089435"/>
      <trkpt lat="47.1225906" lon="28.7089590"/>
      <trkpt lat="47.1225761" lon="28.7089745"/>
      <trkpt lat="47.1225617" lon="28.7089900"/>
      <trkpt lat="47.1225472" lon="28.7090055"/>
      <trkpt lat="47.1225328" lon="28.7090210"/>
      <trkpt lat="47.1225183" lon="28.7090365"/>
      <trkpt lat="47.1225061" lon="28.7090496"/>
      <trkpt lat="47.1225039" lon="28.7090520"/>
      <trkpt lat="47.1224894" lon="28.7090675"/>
      <trkpt lat="47.1224750" lon="28.7090829"/>
      <trkpt lat="47.1224634" lon="28.7090954"/>
      <trkpt lat="47.1224625" lon="28.7090910"/>
      <trkpt lat="47.1224573" lon="28.7090663"/>
      <trkpt lat="47.1224555" lon="28.7090578"/>
      <trkpt lat="47.1224521" lon="28.7090415"/>
      <trkpt lat="47.1224474" lon="28.7090192"/>
      <trkpt lat="47.1224417" lon="28.7089920"/>
      <trkpt lat="47.1224395" lon="28.7089819"/>
      <trkpt lat="47.1224419" lon="28.7089794"/>
      <trkpt lat="47.1224564" lon="28.7089639"/>
      <trkpt lat="47.1224709" lon="28.7089484"/>
      <trkpt lat="47.1224854" lon="28.7089329"/>
      <trkpt lat="47.1225000" lon="28.7089175"/>
      <trkpt lat="47.1225145" lon="28.7089021"/>
      <trkpt lat="47.1225291" lon="28.7088868"/>
      <trkpt lat="47.1225338" lon="28.7088818"/>
      <trkpt lat="47.1225291" lon="28.7088868"/>
      <trkpt lat="47.1225145" lon="28.7089021"/>
      <trkpt lat="47.1225000" lon="28.7089175"/>
      <trkpt lat="47.1224854" lon="28.7089329"/>
      <trkpt lat="47.1224709" lon="28.7089484"/>
      <trkpt lat="47.1224564" lon="28.7089639"/>
      <trkpt lat="47.1224419" lon="28.7089794"/>
      <trkpt lat="47.1224395" lon="28.7089819"/>
      <trkpt lat="47.1224274" lon="28.7089949"/>
      <trkpt lat="47.1224129" lon="28.7090104"/>
      <trkpt lat="47.1223984" lon="28.7090260"/>
      <trkpt lat="47.1223839" lon="28.7090415"/>
      <trkpt lat="47.1223694" lon="28.7090570"/>
      <trkpt lat="47.1223549" lon="28.7090725"/>
      <trkpt lat="47.1223404" lon="28.7090881"/>
      <trkpt lat="47.1223259" lon="28.7091036"/>
      <trkpt lat="47.1223114" lon="28.7091191"/>
      <trkpt lat="47.1222969" lon="28.7091346"/>
      <trkpt lat="47.1222824" lon="28.7091501"/>
      <trkpt lat="47.1222679" lon="28.7091657"/>
      <trkpt lat="47.1222534" lon="28.7091812"/>
      <trkpt lat="47.1222389" lon="28.7091967"/>
      <trkpt lat="47.1222244" lon="28.7092122"/>
      <trkpt lat="47.1222099" lon="28.7092277"/>
      <trkpt lat="47.1221954" lon="28.7092433"/>
      <trkpt lat="47.1221809" lon="28.7092588"/>
      <trkpt lat="47.1221664" lon="28.7092743"/>
      <trkpt lat="47.1221519" lon="28.7092898"/>
      <trkpt lat="47.1221374" lon="28.7093055"/>
      <trkpt lat="47.1221239" lon="28.7093201"/>
      <trkpt lat="47.1221374" lon="28.7093055"/>
      <trkpt lat="47.1221519" lon="28.7092898"/>
      <trkpt lat="47.1221664" lon="28.7092743"/>
      <trkpt lat="47.1221809" lon="28.7092588"/>
      <trkpt lat="47.1221954" lon="28.7092433"/>
      <trkpt lat="47.1222099" lon="28.7092277"/>
      <trkpt lat="47.1222244" lon="28.7092122"/>
      <trkpt lat="47.1222389" lon="28.7091967"/>
      <trkpt lat="47.1222534" lon="28.7091812"/>
      <trkpt lat="47.1222679" lon="28.7091657"/>
      <trkpt lat="47.1222824" lon="28.7091501"/>
      <trkpt lat="47.1222969" lon="28.7091346"/>
      <trkpt lat="47.1223114" lon="28.7091191"/>
      <trkpt lat="47.1223259" lon="28.7091036"/>
      <trkpt lat="47.1223404" lon="28.7090881"/>
      <trkpt lat="47.1223549" lon="28.7090725"/>
      <trkpt lat="47.1223694" lon="28.7090570"/>
      <trkpt lat="47.1223839" lon="28.7090415"/>
      <trkpt lat="47.1223984" lon="28.7090260"/>
      <trkpt lat="47.1224129" lon="28.7090104"/>
      <trkpt lat="47.1224274" lon="28.7089949"/>
      <trkpt lat="47.1224395" lon="28.7089819"/>
      <trkpt lat="47.1224365" lon="28.7089673"/>
      <trkpt lat="47.1224323" lon="28.7089476"/>
      <trkpt lat="47.1224376" lon="28.7089413"/>
      <trkpt lat="47.1224521" lon="28.7089259"/>
      <trkpt lat="47.1224665" lon="28.7089104"/>
      <trkpt lat="47.1224810" lon="28.7088950"/>
      <trkpt lat="47.1224954" lon="28.7088795"/>
      <trkpt lat="47.1225099" lon="28.7088641"/>
      <trkpt lat="47.1225243" lon="28.7088487"/>
      <trkpt lat="47.1225387" lon="28.7088332"/>
      <trkpt lat="47.1225532" lon="28.7088178"/>
      <trkpt lat="47.1225676" lon="28.7088023"/>
      <trkpt lat="47.1225695" lon="28.7088003"/>
      <trkpt lat="47.1225821" lon="28.7087869"/>
      <trkpt lat="47.1225965" lon="28.7087714"/>
      <trkpt lat="47.1226110" lon="28.7087560"/>
      <trkpt lat="47.1226254" lon="28.7087405"/>
      <trkpt lat="47.1226398" lon="28.7087251"/>
      <trkpt lat="47.1226543" lon="28.7087096"/>
      <trkpt lat="47.1226687" lon="28.7086942"/>
      <trkpt lat="47.1226832" lon="28.7086787"/>
      <trkpt lat="47.1226976" lon="28.7086633"/>
      <trkpt lat="47.1227121" lon="28.7086478"/>
      <trkpt lat="47.1227265" lon="28.7086324"/>
      <trkpt lat="47.1227410" lon="28.7086169"/>
      <trkpt lat="47.1227554" lon="28.7086015"/>
      <trkpt lat="47.1227712" lon="28.7085846"/>
      <trkpt lat="47.1227843" lon="28.7085706"/>
      <trkpt lat="47.1227987" lon="28.7085552"/>
      <trkpt lat="47.1228132" lon="28.7085397"/>
      <trkpt lat="47.1228276" lon="28.7085243"/>
      <trkpt lat="47.1228421" lon="28.7085088"/>
      <trkpt lat="47.1228565" lon="28.7084934"/>
      <trkpt lat="47.1228710" lon="28.7084779"/>
      <trkpt lat="47.1228854" lon="28.7084625"/>
      <trkpt lat="47.1228999" lon="28.7084470"/>
      <trkpt lat="47.1229143" lon="28.7084316"/>
      <trkpt lat="47.1229288" lon="28.7084161"/>
      <trkpt lat="47.1229432" lon="28.7084007"/>
      <trkpt lat="47.1229577" lon="28.7083853"/>
      <trkpt lat="47.1229721" lon="28.7083698"/>
      <trkpt lat="47.1229865" lon="28.7083544"/>
      <trkpt lat="47.1229943" lon="28.7083474"/>
      <trkpt lat="47.1229798" lon="28.7083629"/>
      <trkpt lat="47.1229653" lon="28.7083784"/>
      <trkpt lat="47.1229508" lon="28.7083939"/>
      <trkpt lat="47.1229363" lon="28.7084094"/>
      <trkpt lat="47.1229218" lon="28.7084249"/>
      <trkpt lat="47.1229073" lon="28.7084403"/>
      <trkpt lat="47.1228928" lon="28.7084558"/>
      <trkpt lat="47.1228783" lon="28.7084713"/>
      <trkpt lat="47.1228638" lon="28.7084868"/>
      <trkpt lat="47.1228493" lon="28.7085023"/>
      <trkpt lat="47.1228348" lon="28.7085178"/>
      <trkpt lat="47.1228203" lon="28.7085333"/>
      <trkpt lat="47.1228058" lon="28.7085487"/>
      <trkpt lat="47.1228024" lon="28.7085524"/>
      <trkpt lat="47.1228058" lon="28.7085487"/>
      <trkpt lat="47.1228203" lon="28.7085333"/>
      <trkpt lat="47.1228348" lon="28.7085178"/>
      <trkpt lat="47.1228493" lon="28.7085023"/>
      <trkpt lat="47.1228638" lon="28.7084868"/>
      <trkpt lat="47.1228783" lon="28.7084713"/>
      <trkpt lat="47.1228928" lon="28.7084558"/>
      <trkpt lat="47.1229073" lon="28.7084403"/>
      <trkpt lat="47.1229218" lon="28.7084249"/>
      <trkpt lat="47.1229363" lon="28.7084094"/>
      <trkpt lat="47.1229508" lon="28.7083939"/>
      <trkpt lat="47.1229653" lon="28.7083784"/>
      <trkpt lat="47.1229798" lon="28.7083629"/>
      <trkpt lat="47.1229943" lon="28.7083474"/>
      <trkpt lat="47.1230089" lon="28.7083321"/>
      <trkpt lat="47.1230235" lon="28.7083168"/>
      <trkpt lat="47.1230381" lon="28.7083016"/>
      <trkpt lat="47.1230527" lon="28.7082864"/>
      <trkpt lat="47.1230674" lon="28.7082711"/>
      <trkpt lat="47.1230820" lon="28.7082559"/>
      <trkpt lat="47.1230966" lon="28.7082407"/>
      <trkpt lat="47.1231113" lon="28.7082254"/>
      <trkpt lat="47.1231259" lon="28.7082102"/>
      <trkpt lat="47.1231405" lon="28.7081950"/>
      <trkpt lat="47.1231551" lon="28.7081797"/>
      <trkpt lat="47.1231599" lon="28.7081741"/>
      <trkpt lat="47.1231690" lon="28.7081630"/>
      <trkpt lat="47.1231738" lon="28.7081198"/>
      <trkpt lat="47.1231437" lon="28.7080588"/>
      <trkpt lat="47.1231377" lon="28.7080652"/>
      <trkpt lat="47.1231228" lon="28.7080798"/>
      <trkpt lat="47.1231125" lon="28.7080905"/>
      <trkpt lat="47.1231228" lon="28.7080798"/>
      <trkpt lat="47.1231377" lon="28.7080652"/>
      <trkpt lat="47.1231437" lon="28.7080588"/>
      <trkpt lat="47.1231472" lon="28.7080552"/>
      <trkpt lat="47.1231522" lon="28.7080498"/>
      <trkpt lat="47.1231433" lon="28.7079658"/>
      <trkpt lat="47.1231148" lon="28.7079025"/>
      <trkpt lat="47.1231100" lon="28.7079059"/>
      <trkpt lat="47.1230954" lon="28.7079212"/>
      <trkpt lat="47.1230810" lon="28.7079369"/>
      <trkpt lat="47.1230679" lon="28.7079512"/>
      <trkpt lat="47.1230523" lon="28.7079682"/>
      <trkpt lat="47.1230379" lon="28.7079839"/>
      <trkpt lat="47.1230236" lon="28.7079996"/>
      <trkpt lat="47.1230091" lon="28.7080152"/>
      <trkpt lat="47.1229947" lon="28.7080307"/>
      <trkpt lat="47.1229803" lon="28.7080462"/>
      <trkpt lat="47.1229658" lon="28.7080616"/>
      <trkpt lat="47.1229512" lon="28.7080770"/>
      <trkpt lat="47.1229367" lon="28.7080923"/>
      <trkpt lat="47.1229222" lon="28.7081077"/>
      <trkpt lat="47.1229077" lon="28.7081231"/>
      <trkpt lat="47.1228931" lon="28.7081384"/>
      <trkpt lat="47.1228786" lon="28.7081538"/>
      <trkpt lat="47.1228759" lon="28.7081567"/>
      <trkpt lat="47.1228786" lon="28.7081538"/>
      <trkpt lat="47.1228931" lon="28.7081384"/>
      <trkpt lat="47.1229077" lon="28.7081231"/>
      <trkpt lat="47.1229222" lon="28.7081077"/>
      <trkpt lat="47.1229367" lon="28.7080923"/>
      <trkpt lat="47.1229512" lon="28.7080770"/>
      <trkpt lat="47.1229658" lon="28.7080616"/>
      <trkpt lat="47.1229803" lon="28.7080462"/>
      <trkpt lat="47.1229947" lon="28.7080307"/>
      <trkpt lat="47.1230091" lon="28.7080152"/>
      <trkpt lat="47.1230236" lon="28.7079996"/>
      <trkpt lat="47.1230379" lon="28.7079839"/>
      <trkpt lat="47.1230523" lon="28.7079682"/>
      <trkpt lat="47.1230679" lon="28.7079512"/>
      <trkpt lat="47.1230810" lon="28.7079369"/>
      <trkpt lat="47.1230954" lon="28.7079212"/>
      <trkpt lat="47.1231100" lon="28.7079059"/>
      <trkpt lat="47.1231148" lon="28.7079025"/>
      <trkpt lat="47.1231172" lon="28.7079002"/>
      <trkpt lat="47.1230950" lon="28.7078694"/>
      <trkpt lat="47.1230931" lon="28.7078723"/>
      <trkpt lat="47.1230788" lon="28.7078880"/>
      <trkpt lat="47.1230644" lon="28.7079039"/>
      <trkpt lat="47.1230512" lon="28.7079184"/>
      <trkpt lat="47.1230501" lon="28.7079197"/>
      <trkpt lat="47.1230357" lon="28.7079355"/>
      <trkpt lat="47.1230214" lon="28.7079512"/>
      <trkpt lat="47.1230069" lon="28.7079668"/>
      <trkpt lat="47.1229924" lon="28.7079823"/>
      <trkpt lat="47.1229779" lon="28.7079979"/>
      <trkpt lat="47.1229634" lon="28.7080134"/>
      <trkpt lat="47.1229489" lon="28.7080288"/>
      <trkpt lat="47.1229343" lon="28.7080442"/>
      <trkpt lat="47.1229197" lon="28.7080596"/>
      <trkpt lat="47.1229051" lon="28.7080749"/>
      <trkpt lat="47.1228906" lon="28.7080903"/>
      <trkpt lat="47.1228760" lon="28.7081057"/>
      <trkpt lat="47.1228614" lon="28.7081211"/>
      <trkpt lat="47.1228594" lon="28.7081232"/>
      <trkpt lat="47.1228468" lon="28.7081364"/>
      <trkpt lat="47.1228594" lon="28.7081232"/>
      <trkpt lat="47.1228614" lon="28.7081211"/>
      <trkpt lat="47.1228760" lon="28.7081057"/>
      <trkpt lat="47.1228906" lon="28.7080903"/>
      <trkpt lat="47.1229051" lon="28.7080749"/>
      <trkpt lat="47.1229197" lon="28.7080596"/>
      <trkpt lat="47.1229343" lon="28.7080442"/>
      <trkpt lat="47.1229489" lon="28.7080288"/>
      <trkpt lat="47.1229634" lon="28.7080134"/>
      <trkpt lat="47.1229779" lon="28.7079979"/>
      <trkpt lat="47.1229924" lon="28.7079823"/>
      <trkpt lat="47.1230069" lon="28.7079668"/>
      <trkpt lat="47.1230214" lon="28.7079512"/>
      <trkpt lat="47.1230357" lon="28.7079355"/>
      <trkpt lat="47.1230501" lon="28.7079197"/>
      <trkpt lat="47.1230512" lon="28.7079184"/>
      <trkpt lat="47.1230644" lon="28.7079039"/>
      <trkpt lat="47.1230788" lon="28.7078880"/>
      <trkpt lat="47.1230931" lon="28.7078723"/>
      <trkpt lat="47.1230950" lon="28.7078694"/>
      <trkpt lat="47.1231172" lon="28.7079002"/>
      <trkpt lat="47.1231310" lon="28.7079279"/>
      <trkpt lat="47.1231267" lon="28.7079326"/>
      <trkpt lat="47.1231166" lon="28.7079434"/>
      <trkpt lat="47.1231031" lon="28.7079608"/>
      <trkpt lat="47.1231008" lon="28.7079634"/>
      <trkpt lat="47.1231031" lon="28.7079608"/>
      <trkpt lat="47.1231166" lon="28.7079434"/>
      <trkpt lat="47.1231473" lon="28.7080085"/>
      <trkpt lat="47.1231613" lon="28.7080838"/>
      <trkpt lat="47.1231567" lon="28.7080893"/>
      <trkpt lat="47.1231474" lon="28.7081005"/>
      <trkpt lat="47.1231328" lon="28.7081156"/>
      <trkpt lat="47.1231182" lon="28.7081307"/>
      <trkpt lat="47.1231035" lon="28.7081458"/>
      <trkpt lat="47.1230889" lon="28.7081609"/>
      <trkpt lat="47.1230742" lon="28.7081760"/>
      <trkpt lat="47.1230596" lon="28.7081910"/>
      <trkpt lat="47.1230450" lon="28.7082061"/>
      <trkpt lat="47.1230303" lon="28.7082212"/>
      <trkpt lat="47.1230157" lon="28.7082363"/>
      <trkpt lat="47.1230010" lon="28.7082514"/>
      <trkpt lat="47.1229865" lon="28.7082667"/>
      <trkpt lat="47.1229719" lon="28.7082820"/>
      <trkpt lat="47.1229574" lon="28.7082972"/>
      <trkpt lat="47.1229429" lon="28.7083126"/>
      <trkpt lat="47.1229283" lon="28.7083279"/>
      <trkpt lat="47.1229141" lon="28.7083430"/>
      <trkpt lat="47.1228993" lon="28.7083586"/>
      <trkpt lat="47.1228848" lon="28.7083739"/>
      <trkpt lat="47.1228702" lon="28.7083892"/>
      <trkpt lat="47.1228557" lon="28.7084046"/>
      <trkpt lat="47.1228412" lon="28.7084199"/>
      <trkpt lat="47.1228267" lon="28.7084352"/>
      <trkpt lat="47.1228121" lon="28.7084506"/>
      <trkpt lat="47.1227976" lon="28.7084659"/>
      <trkpt lat="47.1227831" lon="28.7084812"/>
      <trkpt lat="47.1227686" lon="28.7084965"/>
      <trkpt lat="47.1227541" lon="28.7085119"/>
      <trkpt lat="47.1227395" lon="28.7085272"/>
      <trkpt lat="47.1227250" lon="28.7085425"/>
      <trkpt lat="47.1227105" lon="28.7085579"/>
      <trkpt lat="47.1226960" lon="28.7085732"/>
      <trkpt lat="47.1226946" lon="28.7085746"/>
      <trkpt lat="47.1226814" lon="28.7085885"/>
      <trkpt lat="47.1226669" lon="28.7086039"/>
      <trkpt lat="47.1226524" lon="28.7086192"/>
      <trkpt lat="47.1226379" lon="28.7086346"/>
      <trkpt lat="47.1226234" lon="28.7086500"/>
      <trkpt lat="47.1226089" lon="28.7086654"/>
      <trkpt lat="47.1225944" lon="28.7086808"/>
      <trkpt lat="47.1225800" lon="28.7086962"/>
      <trkpt lat="47.1225655" lon="28.7087116"/>
      <trkpt lat="47.1225510" lon="28.7087271"/>
      <trkpt lat="47.1225365" lon="28.7087425"/>
      <trkpt lat="47.1225308" lon="28.7087486"/>
      <trkpt lat="47.1225220" lon="28.7087579"/>
      <trkpt lat="47.1225076" lon="28.7087734"/>
      <trkpt lat="47.1224932" lon="28.7087889"/>
      <trkpt lat="47.1224787" lon="28.7088044"/>
      <trkpt lat="47.1224643" lon="28.7088199"/>
      <trkpt lat="47.1224499" lon="28.7088354"/>
      <trkpt lat="47.1224354" lon="28.7088510"/>
      <trkpt lat="47.1224210" lon="28.7088665"/>
      <trkpt lat="47.1224163" lon="28.7088715"/>
      <trkpt lat="47.1224066" lon="28.7088820"/>
      <trkpt lat="47.1223921" lon="28.7088975"/>
      <trkpt lat="47.1223777" lon="28.7089130"/>
      <trkpt lat="47.1223633" lon="28.7089285"/>
      <trkpt lat="47.1223489" lon="28.7089440"/>
      <trkpt lat="47.1223344" lon="28.7089596"/>
      <trkpt lat="47.1223201" lon="28.7089749"/>
      <trkpt lat="47.1223056" lon="28.7089906"/>
      <trkpt lat="47.1222911" lon="28.7090061"/>
      <trkpt lat="47.1222767" lon="28.7090216"/>
      <trkpt lat="47.1222623" lon="28.7090371"/>
      <trkpt lat="47.1222478" lon="28.7090526"/>
      <trkpt lat="47.1222334" lon="28.7090682"/>
      <trkpt lat="47.1222254" lon="28.7090768"/>
      <trkpt lat="47.1222190" lon="28.7090837"/>
      <trkpt lat="47.1222045" lon="28.7090992"/>
      <trkpt lat="47.1221901" lon="28.7091147"/>
      <trkpt lat="47.1221757" lon="28.7091302"/>
      <trkpt lat="47.1221612" lon="28.7091457"/>
      <trkpt lat="47.1221468" lon="28.7091612"/>
      <trkpt lat="47.1221324" lon="28.7091767"/>
      <trkpt lat="47.1221179" lon="28.7091922"/>
      <trkpt lat="47.1221035" lon="28.7092077"/>
      <trkpt lat="47.1220890" lon="28.7092232"/>
      <trkpt lat="47.1220746" lon="28.7092387"/>
      <trkpt lat="47.1220601" lon="28.7092542"/>
      <trkpt lat="47.1220457" lon="28.7092696"/>
      <trkpt lat="47.1220312" lon="28.7092851"/>
      <trkpt lat="47.1220168" lon="28.7093006"/>
      <trkpt lat="47.1220024" lon="28.7093161"/>
      <trkpt lat="47.1219983" lon="28.7093204"/>
      <trkpt lat="47.1219879" lon="28.7093316"/>
      <trkpt lat="47.1219735" lon="28.7093471"/>
      <trkpt lat="47.1219590" lon="28.7093626"/>
      <trkpt lat="47.1219446" lon="28.7093780"/>
      <trkpt lat="47.1219301" lon="28.7093935"/>
      <trkpt lat="47.1219157" lon="28.7094090"/>
      <trkpt lat="47.1219012" lon="28.7094245"/>
      <trkpt lat="47.1218868" lon="28.7094400"/>
      <trkpt lat="47.1218723" lon="28.7094554"/>
      <trkpt lat="47.1218579" lon="28.7094709"/>
      <trkpt lat="47.1218434" lon="28.7094864"/>
      <trkpt lat="47.1218348" lon="28.7094956"/>
      <trkpt lat="47.1218290" lon="28.7095019"/>
      <trkpt lat="47.1218263" lon="28.7095047"/>
      <trkpt lat="47.1218145" lon="28.7095174"/>
      <trkpt lat="47.1218001" lon="28.7095328"/>
      <trkpt lat="47.1217856" lon="28.7095483"/>
      <trkpt lat="47.1217712" lon="28.7095638"/>
      <trkpt lat="47.1217567" lon="28.7095793"/>
      <trkpt lat="47.1217423" lon="28.7095948"/>
      <trkpt lat="47.1217278" lon="28.7096102"/>
      <trkpt lat="47.1217134" lon="28.7096257"/>
      <trkpt lat="47.1216989" lon="28.7096412"/>
      <trkpt lat="47.1216845" lon="28.7096567"/>
      <trkpt lat="47.1216700" lon="28.7096722"/>
      <trkpt lat="47.1216556" lon="28.7096876"/>
      <trkpt lat="47.1216411" lon="28.7097031"/>
      <trkpt lat="47.1216297" lon="28.7097169"/>
      <trkpt lat="47.1216273" lon="28.7097198"/>
      <trkpt lat="47.1216211" lon="28.7097264"/>
      <trkpt lat="47.1216165" lon="28.7097313"/>
      <trkpt lat="47.1216128" lon="28.7097353"/>
      <trkpt lat="47.1216085" lon="28.7097400"/>
      <trkpt lat="47.1215984" lon="28.7097508"/>
      <trkpt lat="47.1215840" lon="28.7097664"/>
      <trkpt lat="47.1215696" lon="28.7097818"/>
      <trkpt lat="47.1215551" lon="28.7097973"/>
      <trkpt lat="47.1215406" lon="28.7098128"/>
      <trkpt lat="47.1215262" lon="28.7098282"/>
      <trkpt lat="47.1215117" lon="28.7098437"/>
      <trkpt lat="47.1215059" lon="28.7098499"/>
      <trkpt lat="47.1214973" lon="28.7098591"/>
      <trkpt lat="47.1214828" lon="28.7098746"/>
      <trkpt lat="47.1214749" lon="28.7098831"/>
      <trkpt lat="47.1214828" lon="28.7098746"/>
      <trkpt lat="47.1214973" lon="28.7098591"/>
      <trkpt lat="47.1215059" lon="28.7098499"/>
      <trkpt lat="47.1215117" lon="28.7098437"/>
      <trkpt lat="47.1215262" lon="28.7098282"/>
      <trkpt lat="47.1215406" lon="28.7098128"/>
      <trkpt lat="47.1215551" lon="28.7097973"/>
      <trkpt lat="47.1215696" lon="28.7097818"/>
      <trkpt lat="47.1215840" lon="28.7097664"/>
      <trkpt lat="47.1215984" lon="28.7097508"/>
      <trkpt lat="47.1216085" lon="28.7097400"/>
      <trkpt lat="47.1216235" lon="28.7097700"/>
      <trkpt lat="47.1216276" lon="28.7097999"/>
      <trkpt lat="47.1216293" lon="28.7098081"/>
      <trkpt lat="47.1216296" lon="28.7098092"/>
      <trkpt lat="47.1216309" lon="28.7098157"/>
      <trkpt lat="47.1216335" lon="28.7098278"/>
      <trkpt lat="47.1216373" lon="28.7098460"/>
      <trkpt lat="47.1216316" lon="28.7098521"/>
      <trkpt lat="47.1216172" lon="28.7098677"/>
      <trkpt lat="47.1216027" lon="28.7098833"/>
      <trkpt lat="47.1215882" lon="28.7098988"/>
      <trkpt lat="47.1215736" lon="28.7099142"/>
      <trkpt lat="47.1215590" lon="28.7099295"/>
      <trkpt lat="47.1215445" lon="28.7099449"/>
      <trkpt lat="47.1215340" lon="28.7099559"/>
      <trkpt lat="47.1215299" lon="28.7099603"/>
      <trkpt lat="47.1215153" lon="28.7099756"/>
      <trkpt lat="47.1215008" lon="28.7099912"/>
      <trkpt lat="47.1214863" lon="28.7100067"/>
      <trkpt lat="47.1214719" lon="28.7100223"/>
      <trkpt lat="47.1214574" lon="28.7100379"/>
      <trkpt lat="47.1214429" lon="28.7100535"/>
      <trkpt lat="47.1214285" lon="28.7100691"/>
      <trkpt lat="47.1214140" lon="28.7100847"/>
      <trkpt lat="47.1213995" lon="28.7101002"/>
      <trkpt lat="47.1213850" lon="28.7101157"/>
      <trkpt lat="47.1213705" lon="28.7101312"/>
      <trkpt lat="47.1213560" lon="28.7101467"/>
      <trkpt lat="47.1213414" lon="28.7101622"/>
      <trkpt lat="47.1213269" lon="28.7101777"/>
      <trkpt lat="47.1213124" lon="28.7101932"/>
      <trkpt lat="47.1212979" lon="28.7102087"/>
      <trkpt lat="47.1212834" lon="28.7102241"/>
      <trkpt lat="47.1212689" lon="28.7102396"/>
      <trkpt lat="47.1212543" lon="28.7102551"/>
      <trkpt lat="47.1212398" lon="28.7102706"/>
      <trkpt lat="47.1212253" lon="28.7102861"/>
      <trkpt lat="47.1212108" lon="28.7103016"/>
      <trkpt lat="47.1211963" lon="28.7103171"/>
      <trkpt lat="47.1211817" lon="28.7103325"/>
      <trkpt lat="47.1211674" lon="28.7103476"/>
      <trkpt lat="47.1211526" lon="28.7103633"/>
      <trkpt lat="47.1211380" lon="28.7103786"/>
      <trkpt lat="47.1211234" lon="28.7103940"/>
      <trkpt lat="47.1211089" lon="28.7104094"/>
      <trkpt lat="47.1210943" lon="28.7104247"/>
      <trkpt lat="47.1210797" lon="28.7104401"/>
      <trkpt lat="47.1210651" lon="28.7104555"/>
      <trkpt lat="47.1210506" lon="28.7104709"/>
      <trkpt lat="47.1210360" lon="28.7104862"/>
      <trkpt lat="47.1210214" lon="28.7105016"/>
      <trkpt lat="47.1210069" lon="28.7105170"/>
      <trkpt lat="47.1209923" lon="28.7105324"/>
      <trkpt lat="47.1209777" lon="28.7105477"/>
      <trkpt lat="47.1209631" lon="28.7105631"/>
      <trkpt lat="47.1209486" lon="28.7105785"/>
      <trkpt lat="47.1209340" lon="28.7105938"/>
      <trkpt lat="47.1209194" lon="28.7106092"/>
      <trkpt lat="47.1209048" lon="28.7106246"/>
      <trkpt lat="47.1209029" lon="28.7106266"/>
      <trkpt lat="47.1208903" lon="28.7106400"/>
      <trkpt lat="47.1208808" lon="28.7106501"/>
      <trkpt lat="47.1208759" lon="28.7106558"/>
      <trkpt lat="47.1208650" lon="28.7105741"/>
      <trkpt lat="47.1208669" lon="28.7105740"/>
      <trkpt lat="47.1208799" lon="28.7105601"/>
      <trkpt lat="47.1208942" lon="28.7105449"/>
      <trkpt lat="47.1209084" lon="28.7105297"/>
      <trkpt lat="47.1209227" lon="28.7105145"/>
      <trkpt lat="47.1209370" lon="28.7104992"/>
      <trkpt lat="47.1209513" lon="28.7104840"/>
      <trkpt lat="47.1209656" lon="28.7104688"/>
      <trkpt lat="47.1209799" lon="28.7104536"/>
      <trkpt lat="47.1209942" lon="28.7104383"/>
      <trkpt lat="47.1210084" lon="28.7104231"/>
      <trkpt lat="47.1210161" lon="28.7104149"/>
      <trkpt lat="47.1210084" lon="28.7104231"/>
      <trkpt lat="47.1209942" lon="28.7104383"/>
      <trkpt lat="47.1209799" lon="28.7104536"/>
      <trkpt lat="47.1209656" lon="28.7104688"/>
      <trkpt lat="47.1209513" lon="28.7104840"/>
      <trkpt lat="47.1209370" lon="28.7104992"/>
      <trkpt lat="47.1209227" lon="28.7105145"/>
      <trkpt lat="47.1209084" lon="28.7105297"/>
      <trkpt lat="47.1208942" lon="28.7105449"/>
      <trkpt lat="47.1208799" lon="28.7105601"/>
      <trkpt lat="47.1208669" lon="28.7105740"/>
      <trkpt lat="47.1208650" lon="28.7105741"/>
      <trkpt lat="47.1208517" lon="28.7104987"/>
      <trkpt lat="47.1208662" lon="28.7104836"/>
      <trkpt lat="47.1208807" lon="28.7104682"/>
      <trkpt lat="47.1208918" lon="28.7104565"/>
      <trkpt lat="47.1208807" lon="28.7104682"/>
      <trkpt lat="47.1208662" lon="28.7104836"/>
      <trkpt lat="47.1208517" lon="28.7104987"/>
      <trkpt lat="47.1208371" lon="28.7104693"/>
      <trkpt lat="47.1208423" lon="28.7104638"/>
      <trkpt lat="47.1208463" lon="28.7104595"/>
      <trkpt lat="47.1208568" lon="28.7104483"/>
      <trkpt lat="47.1208714" lon="28.7104329"/>
      <trkpt lat="47.1208859" lon="28.7104174"/>
      <trkpt lat="47.1209005" lon="28.7104020"/>
      <trkpt lat="47.1209150" lon="28.7103865"/>
      <trkpt lat="47.1209295" lon="28.7103711"/>
      <trkpt lat="47.1209377" lon="28.7103631"/>
      <trkpt lat="47.1209441" lon="28.7103557"/>
      <trkpt lat="47.1209586" lon="28.7103402"/>
      <trkpt lat="47.1209731" lon="28.7103248"/>
      <trkpt lat="47.1209877" lon="28.7103093"/>
      <trkpt lat="47.1210022" lon="28.7102939"/>
      <trkpt lat="47.1210167" lon="28.7102784"/>
      <trkpt lat="47.1210313" lon="28.7102630"/>
      <trkpt lat="47.1210458" lon="28.7102475"/>
      <trkpt lat="47.1210603" lon="28.7102320"/>
      <trkpt lat="47.1210749" lon="28.7102166"/>
      <trkpt lat="47.1210894" lon="28.7102011"/>
      <trkpt lat="47.1211039" lon="28.7101857"/>
      <trkpt lat="47.1211197" lon="28.7101689"/>
      <trkpt lat="47.1211330" lon="28.7101548"/>
      <trkpt lat="47.1211475" lon="28.7101393"/>
      <trkpt lat="47.1211620" lon="28.7101238"/>
      <trkpt lat="47.1211766" lon="28.7101084"/>
      <trkpt lat="47.1211911" lon="28.7100929"/>
      <trkpt lat="47.1212056" lon="28.7100775"/>
      <trkpt lat="47.1212202" lon="28.7100620"/>
      <trkpt lat="47.1212347" lon="28.7100466"/>
      <trkpt lat="47.1212492" lon="28.7100311"/>
      <trkpt lat="47.1212638" lon="28.7100157"/>
      <trkpt lat="47.1212783" lon="28.7100002"/>
      <trkpt lat="47.1212928" lon="28.7099848"/>
      <trkpt lat="47.1213074" lon="28.7099693"/>
      <trkpt lat="47.1213219" lon="28.7099539"/>
      <trkpt lat="47.1213364" lon="28.7099384"/>
      <trkpt lat="47.1213510" lon="28.7099230"/>
      <trkpt lat="47.1213655" lon="28.7099075"/>
      <trkpt lat="47.1213800" lon="28.7098920"/>
      <trkpt lat="47.1213946" lon="28.7098766"/>
      <trkpt lat="47.1214091" lon="28.7098611"/>
      <trkpt lat="47.1214236" lon="28.7098457"/>
      <trkpt lat="47.1214381" lon="28.7098302"/>
      <trkpt lat="47.1214527" lon="28.7098148"/>
      <trkpt lat="47.1214672" lon="28.7097993"/>
      <trkpt lat="47.1214817" lon="28.7097838"/>
      <trkpt lat="47.1214963" lon="28.7097684"/>
      <trkpt lat="47.1215108" lon="28.7097529"/>
      <trkpt lat="47.1215253" lon="28.7097375"/>
      <trkpt lat="47.1215399" lon="28.7097220"/>
      <trkpt lat="47.1215544" lon="28.7097066"/>
      <trkpt lat="47.1215689" lon="28.7096911"/>
      <trkpt lat="47.1215835" lon="28.7096757"/>
      <trkpt lat="47.1215982" lon="28.7096607"/>
      <trkpt lat="47.1215669" lon="28.7095999"/>
      <trkpt lat="47.1215550" lon="28.7096131"/>
      <trkpt lat="47.1215405" lon="28.7096285"/>
      <trkpt lat="47.1215260" lon="28.7096439"/>
      <trkpt lat="47.1215115" lon="28.7096592"/>
      <trkpt lat="47.1214970" lon="28.7096746"/>
      <trkpt lat="47.1214825" lon="28.7096900"/>
      <trkpt lat="47.1214680" lon="28.7097054"/>
      <trkpt lat="47.1214535" lon="28.7097207"/>
      <trkpt lat="47.1214390" lon="28.7097361"/>
      <trkpt lat="47.1214245" lon="28.7097515"/>
      <trkpt lat="47.1214100" lon="28.7097669"/>
      <trkpt lat="47.1213955" lon="28.7097823"/>
      <trkpt lat="47.1213810" lon="28.7097976"/>
      <trkpt lat="47.1213665" lon="28.7098130"/>
      <trkpt lat="47.1213520" lon="28.7098284"/>
      <trkpt lat="47.1213375" lon="28.7098438"/>
      <trkpt lat="47.1213347" lon="28.7098467"/>
      <trkpt lat="47.1213375" lon="28.7098438"/>
      <trkpt lat="47.1213520" lon="28.7098284"/>
      <trkpt lat="47.1213665" lon="28.7098130"/>
      <trkpt lat="47.1213810" lon="28.7097976"/>
      <trkpt lat="47.1213955" lon="28.7097823"/>
      <trkpt lat="47.1214100" lon="28.7097669"/>
      <trkpt lat="47.1214245" lon="28.7097515"/>
      <trkpt lat="47.1214390" lon="28.7097361"/>
      <trkpt lat="47.1214535" lon="28.7097207"/>
      <trkpt lat="47.1214680" lon="28.7097054"/>
      <trkpt lat="47.1214825" lon="28.7096900"/>
      <trkpt lat="47.1214970" lon="28.7096746"/>
      <trkpt lat="47.1215115" lon="28.7096592"/>
      <trkpt lat="47.1215260" lon="28.7096439"/>
      <trkpt lat="47.1215405" lon="28.7096285"/>
      <trkpt lat="47.1215550" lon="28.7096131"/>
      <trkpt lat="47.1215669" lon="28.7095999"/>
      <trkpt lat="47.1215693" lon="28.7095973"/>
      <trkpt lat="47.1215724" lon="28.7095940"/>
      <trkpt lat="47.1215739" lon="28.7095924"/>
      <trkpt lat="47.1215824" lon="28.7095833"/>
      <trkpt lat="47.1215815" lon="28.7095786"/>
      <trkpt lat="47.1215787" lon="28.7095646"/>
      <trkpt lat="47.1215750" lon="28.7095462"/>
      <trkpt lat="47.1215744" lon="28.7095429"/>
      <trkpt lat="47.1215691" lon="28.7095166"/>
      <trkpt lat="47.1215520" lon="28.7095350"/>
      <trkpt lat="47.1215375" lon="28.7095505"/>
      <trkpt lat="47.1215230" lon="28.7095660"/>
      <trkpt lat="47.1215085" lon="28.7095816"/>
      <trkpt lat="47.1214980" lon="28.7095927"/>
      <trkpt lat="47.1215085" lon="28.7095816"/>
      <trkpt lat="47.1215230" lon="28.7095660"/>
      <trkpt lat="47.1215375" lon="28.7095505"/>
      <trkpt lat="47.1215520" lon="28.7095350"/>
      <trkpt lat="47.1215691" lon="28.7095166"/>
      <trkpt lat="47.1215810" lon="28.7095039"/>
      <trkpt lat="47.1215955" lon="28.7094884"/>
      <trkpt lat="47.1216042" lon="28.7094791"/>
      <trkpt lat="47.1216100" lon="28.7094729"/>
      <trkpt lat="47.1216245" lon="28.7094573"/>
      <trkpt lat="47.1216390" lon="28.7094418"/>
      <trkpt lat="47.1216535" lon="28.7094263"/>
      <trkpt lat="47.1216680" lon="28.7094107"/>
      <trkpt lat="47.1216825" lon="28.7093952"/>
      <trkpt lat="47.1216970" lon="28.7093797"/>
      <trkpt lat="47.1217115" lon="28.7093642"/>
      <trkpt lat="47.1217260" lon="28.7093486"/>
      <trkpt lat="47.1217405" lon="28.7093330"/>
      <trkpt lat="47.1217549" lon="28.7093173"/>
      <trkpt lat="47.1217693" lon="28.7093016"/>
      <trkpt lat="47.1217837" lon="28.7092859"/>
      <trkpt lat="47.1217982" lon="28.7092702"/>
      <trkpt lat="47.1218126" lon="28.7092545"/>
      <trkpt lat="47.1218160" lon="28.7092508"/>
      <trkpt lat="47.1218270" lon="28.7092388"/>
      <trkpt lat="47.1218414" lon="28.7092231"/>
      <trkpt lat="47.1218558" lon="28.7092074"/>
      <trkpt lat="47.1218703" lon="28.7091917"/>
      <trkpt lat="47.1218847" lon="28.7091760"/>
      <trkpt lat="47.1218991" lon="28.7091603"/>
      <trkpt lat="47.1219135" lon="28.7091446"/>
      <trkpt lat="47.1219215" lon="28.7091360"/>
      <trkpt lat="47.1219279" lon="28.7091289"/>
      <trkpt lat="47.1219424" lon="28.7091132"/>
      <trkpt lat="47.1219568" lon="28.7090975"/>
      <trkpt lat="47.1219712" lon="28.7090818"/>
      <trkpt lat="47.1219856" lon="28.7090661"/>
      <trkpt lat="47.1220000" lon="28.7090504"/>
      <trkpt lat="47.1220222" lon="28.7090503"/>
      <trkpt lat="47.1220366" lon="28.7090347"/>
      <trkpt lat="47.1220511" lon="28.7090190"/>
      <trkpt lat="47.1220673" lon="28.7090070"/>
      <trkpt lat="47.1220818" lon="28.7089914"/>
      <trkpt lat="47.1220963" lon="28.7089759"/>
      <trkpt lat="47.1221109" lon="28.7089605"/>
      <trkpt lat="47.1221281" lon="28.7089504"/>
      <trkpt lat="47.1221427" lon="28.7089350"/>
      <trkpt lat="47.1221572" lon="28.7089196"/>
      <trkpt lat="47.1221718" lon="28.7089042"/>
      <trkpt lat="47.1221864" lon="28.7088888"/>
      <trkpt lat="47.1222009" lon="28.7088734"/>
      <trkpt lat="47.1222138" lon="28.7088598"/>
      <trkpt lat="47.1222155" lon="28.7088580"/>
      <trkpt lat="47.1222300" lon="28.7088426"/>
      <trkpt lat="47.1222446" lon="28.7088272"/>
      <trkpt lat="47.1222592" lon="28.7088117"/>
      <trkpt lat="47.1222737" lon="28.7087963"/>
      <trkpt lat="47.1222883" lon="28.7087809"/>
      <trkpt lat="47.1223029" lon="28.7087655"/>
      <trkpt lat="47.1223174" lon="28.7087501"/>
      <trkpt lat="47.1223320" lon="28.7087347"/>
      <trkpt lat="47.1223354" lon="28.7087311"/>
      <trkpt lat="47.1223466" lon="28.7087193"/>
      <trkpt lat="47.1223611" lon="28.7087039"/>
      <trkpt lat="47.1223774" lon="28.7086867"/>
      <trkpt lat="47.1223760" lon="28.7086800"/>
      <trkpt lat="47.1223739" lon="28.7086702"/>
      <trkpt lat="47.1223714" lon="28.7086580"/>
      <trkpt lat="47.1223687" lon="28.7086454"/>
      <trkpt lat="47.1223675" lon="28.7086397"/>
      <trkpt lat="47.1223798" lon="28.7086268"/>
      <trkpt lat="47.1223944" lon="28.7086115"/>
      <trkpt lat="47.1224090" lon="28.7085962"/>
      <trkpt lat="47.1224212" lon="28.7085835"/>
      <trkpt lat="47.1224236" lon="28.7085809"/>
      <trkpt lat="47.1224383" lon="28.7085656"/>
      <trkpt lat="47.1224529" lon="28.7085503"/>
      <trkpt lat="47.1224596" lon="28.7085433"/>
      <trkpt lat="47.1224675" lon="28.7085350"/>
      <trkpt lat="47.1224821" lon="28.7085197"/>
      <trkpt lat="47.1224967" lon="28.7085044"/>
      <trkpt lat="47.1225113" lon="28.7084891"/>
      <trkpt lat="47.1225259" lon="28.7084738"/>
      <trkpt lat="47.1225340" lon="28.7084653"/>
      <trkpt lat="47.1225259" lon="28.7084738"/>
      <trkpt lat="47.1225113" lon="28.7084891"/>
      <trkpt lat="47.1224967" lon="28.7085044"/>
      <trkpt lat="47.1224821" lon="28.7085197"/>
      <trkpt lat="47.1224675" lon="28.7085350"/>
      <trkpt lat="47.1224596" lon="28.7085433"/>
      <trkpt lat="47.1224529" lon="28.7085503"/>
      <trkpt lat="47.1224383" lon="28.7085656"/>
      <trkpt lat="47.1224236" lon="28.7085809"/>
      <trkpt lat="47.1224212" lon="28.7085835"/>
      <trkpt lat="47.1224090" lon="28.7085962"/>
      <trkpt lat="47.1223944" lon="28.7086115"/>
      <trkpt lat="47.1223798" lon="28.7086268"/>
      <trkpt lat="47.1223675" lon="28.7086397"/>
      <trkpt lat="47.1223635" lon="28.7086207"/>
      <trkpt lat="47.1223583" lon="28.7085959"/>
      <trkpt lat="47.1223531" lon="28.7085712"/>
      <trkpt lat="47.1223482" lon="28.7085478"/>
      <trkpt lat="47.1223427" lon="28.7085217"/>
      <trkpt lat="47.1223409" lon="28.7085134"/>
      <trkpt lat="47.1223519" lon="28.7085017"/>
      <trkpt lat="47.1223663" lon="28.7084862"/>
      <trkpt lat="47.1223807" lon="28.7084708"/>
      <trkpt lat="47.1223951" lon="28.7084553"/>
      <trkpt lat="47.1224096" lon="28.7084399"/>
      <trkpt lat="47.1224240" lon="28.7084244"/>
      <trkpt lat="47.1224384" lon="28.7084089"/>
      <trkpt lat="47.1224529" lon="28.7083935"/>
      <trkpt lat="47.1224673" lon="28.7083780"/>
      <trkpt lat="47.1224817" lon="28.7083626"/>
      <trkpt lat="47.1224962" lon="28.7083471"/>
      <trkpt lat="47.1225106" lon="28.7083317"/>
      <trkpt lat="47.1225127" lon="28.7083295"/>
      <trkpt lat="47.1225106" lon="28.7083317"/>
      <trkpt lat="47.1224962" lon="28.7083471"/>
      <trkpt lat="47.1224817" lon="28.7083626"/>
      <trkpt lat="47.1224673" lon="28.7083780"/>
      <trkpt lat="47.1224529" lon="28.7083935"/>
      <trkpt lat="47.1224384" lon="28.7084089"/>
      <trkpt lat="47.1224240" lon="28.7084244"/>
      <trkpt lat="47.1224096" lon="28.7084399"/>
      <trkpt lat="47.1223951" lon="28.7084553"/>
      <trkpt lat="47.1223807" lon="28.7084708"/>
      <trkpt lat="47.1223663" lon="28.7084862"/>
      <trkpt lat="47.1223519" lon="28.7085017"/>
      <trkpt lat="47.1223409" lon="28.7085134"/>
      <trkpt lat="47.1223375" lon="28.7084969"/>
      <trkpt lat="47.1223335" lon="28.7084782"/>
      <trkpt lat="47.1223323" lon="28.7084721"/>
      <trkpt lat="47.1223271" lon="28.7084474"/>
      <trkpt lat="47.1223259" lon="28.7084420"/>
      <trkpt lat="47.1223307" lon="28.7084368"/>
      <trkpt lat="47.1223452" lon="28.7084214"/>
      <trkpt lat="47.1223596" lon="28.7084059"/>
      <trkpt lat="47.1223741" lon="28.7083905"/>
      <trkpt lat="47.1223886" lon="28.7083750"/>
      <trkpt lat="47.1224030" lon="28.7083596"/>
      <trkpt lat="47.1224175" lon="28.7083441"/>
      <trkpt lat="47.1224320" lon="28.7083287"/>
      <trkpt lat="47.1224405" lon="28.7083195"/>
      <trkpt lat="47.1224464" lon="28.7083132"/>
      <trkpt lat="47.1224609" lon="28.7082978"/>
      <trkpt lat="47.1224754" lon="28.7082823"/>
      <trkpt lat="47.1224898" lon="28.7082669"/>
      <trkpt lat="47.1225043" lon="28.7082516"/>
      <trkpt lat="47.1225049" lon="28.7082510"/>
      <trkpt lat="47.1225189" lon="28.7082362"/>
      <trkpt lat="47.1225334" lon="28.7082209"/>
      <trkpt lat="47.1225479" lon="28.7082056"/>
      <trkpt lat="47.1225624" lon="28.7081902"/>
      <trkpt lat="47.1225770" lon="28.7081750"/>
      <trkpt lat="47.1225915" lon="28.7081597"/>
      <trkpt lat="47.1226061" lon="28.7081444"/>
      <trkpt lat="47.1226206" lon="28.7081291"/>
      <trkpt lat="47.1226351" lon="28.7081138"/>
      <trkpt lat="47.1226497" lon="28.7080985"/>
      <trkpt lat="47.1226642" lon="28.7080832"/>
      <trkpt lat="47.1226788" lon="28.7080679"/>
      <trkpt lat="47.1226933" lon="28.7080526"/>
      <trkpt lat="47.1226952" lon="28.7080506"/>
      <trkpt lat="47.1227079" lon="28.7080373"/>
      <trkpt lat="47.1227224" lon="28.7080220"/>
      <trkpt lat="47.1227369" lon="28.7080067"/>
      <trkpt lat="47.1227515" lon="28.7079914"/>
      <trkpt lat="47.1227593" lon="28.7079832"/>
      <trkpt lat="47.1227660" lon="28.7079761"/>
      <trkpt lat="47.1227806" lon="28.7079608"/>
      <trkpt lat="47.1227951" lon="28.7079455"/>
      <trkpt lat="47.1228096" lon="28.7079302"/>
      <trkpt lat="47.1228242" lon="28.7079149"/>
      <trkpt lat="47.1228387" lon="28.7078996"/>
      <trkpt lat="47.1228533" lon="28.7078843"/>
      <trkpt lat="47.1228610" lon="28.7078762"/>
      <trkpt lat="47.1228678" lon="28.7078690"/>
      <trkpt lat="47.1228823" lon="28.7078538"/>
      <trkpt lat="47.1228969" lon="28.7078385"/>
      <trkpt lat="47.1229114" lon="28.7078232"/>
      <trkpt lat="47.1229260" lon="28.7078079"/>
      <trkpt lat="47.1229405" lon="28.7077926"/>
      <trkpt lat="47.1229550" lon="28.7077773"/>
      <trkpt lat="47.1229696" lon="28.7077620"/>
      <trkpt lat="47.1229841" lon="28.7077467"/>
      <trkpt lat="47.1229987" lon="28.7077314"/>
      <trkpt lat="47.1230132" lon="28.7077161"/>
      <trkpt lat="47.1230277" lon="28.7077008"/>
      <trkpt lat="47.1230422" lon="28.7076852"/>
      <trkpt lat="47.1230425" lon="28.7076858"/>
      <trkpt lat="47.1230117" lon="28.7076260"/>
      <trkpt lat="47.1230095" lon="28.7076284"/>
      <trkpt lat="47.1229949" lon="28.7076437"/>
      <trkpt lat="47.1229839" lon="28.7076553"/>
      <trkpt lat="47.1229659" lon="28.7076743"/>
      <trkpt lat="47.1229513" lon="28.7076895"/>
      <trkpt lat="47.1229484" lon="28.7076926"/>
      <trkpt lat="47.1229394" lon="28.7077021"/>
      <trkpt lat="47.1229368" lon="28.7077048"/>
      <trkpt lat="47.1229223" lon="28.7077201"/>
      <trkpt lat="47.1229077" lon="28.7077353"/>
      <trkpt lat="47.1228932" lon="28.7077506"/>
      <trkpt lat="47.1228787" lon="28.7077659"/>
      <trkpt lat="47.1228641" lon="28.7077812"/>
      <trkpt lat="47.1228496" lon="28.7077964"/>
      <trkpt lat="47.1228429" lon="28.7078035"/>
      <trkpt lat="47.1228350" lon="28.7078117"/>
      <trkpt lat="47.1228205" lon="28.7078270"/>
      <trkpt lat="47.1228060" lon="28.7078422"/>
      <trkpt lat="47.1227914" lon="28.7078575"/>
      <trkpt lat="47.1227786" lon="28.7078710"/>
      <trkpt lat="47.1227769" lon="28.7078728"/>
      <trkpt lat="47.1227624" lon="28.7078881"/>
      <trkpt lat="47.1227478" lon="28.7079033"/>
      <trkpt lat="47.1227333" lon="28.7079186"/>
      <trkpt lat="47.1227188" lon="28.7079339"/>
      <trkpt lat="47.1227042" lon="28.7079492"/>
      <trkpt lat="47.1226897" lon="28.7079644"/>
      <trkpt lat="47.1226752" lon="28.7079797"/>
      <trkpt lat="47.1226607" lon="28.7079950"/>
      <trkpt lat="47.1226462" lon="28.7080104"/>
      <trkpt lat="47.1226411" lon="28.7080157"/>
      <trkpt lat="47.1226462" lon="28.7080104"/>
      <trkpt lat="47.1226607" lon="28.7079950"/>
      <trkpt lat="47.1226752" lon="28.7079797"/>
      <trkpt lat="47.1226897" lon="28.7079644"/>
      <trkpt lat="47.1227042" lon="28.7079492"/>
      <trkpt lat="47.1227188" lon="28.7079339"/>
      <trkpt lat="47.1227333" lon="28.7079186"/>
      <trkpt lat="47.1227478" lon="28.7079033"/>
      <trkpt lat="47.1227624" lon="28.7078881"/>
      <trkpt lat="47.1227769" lon="28.7078728"/>
      <trkpt lat="47.1227786" lon="28.7078710"/>
      <trkpt lat="47.1227914" lon="28.7078575"/>
      <trkpt lat="47.1228060" lon="28.7078422"/>
      <trkpt lat="47.1228205" lon="28.7078270"/>
      <trkpt lat="47.1228350" lon="28.7078117"/>
      <trkpt lat="47.1228429" lon="28.7078035"/>
      <trkpt lat="47.1228496" lon="28.7077964"/>
      <trkpt lat="47.1228641" lon="28.7077812"/>
      <trkpt lat="47.1228787" lon="28.7077659"/>
      <trkpt lat="47.1228932" lon="28.7077506"/>
      <trkpt lat="47.1229077" lon="28.7077353"/>
      <trkpt lat="47.1229223" lon="28.7077201"/>
      <trkpt lat="47.1229368" lon="28.7077048"/>
      <trkpt lat="47.1229394" lon="28.7077021"/>
      <trkpt lat="47.1229484" lon="28.7076926"/>
      <trkpt lat="47.1229513" lon="28.7076895"/>
      <trkpt lat="47.1229659" lon="28.7076743"/>
      <trkpt lat="47.1229839" lon="28.7076553"/>
      <trkpt lat="47.1229949" lon="28.7076437"/>
      <trkpt lat="47.1230095" lon="28.7076284"/>
      <trkpt lat="47.1230117" lon="28.7076260"/>
      <trkpt lat="47.1230237" lon="28.7076126"/>
      <trkpt lat="47.1230380" lon="28.7076444"/>
      <trkpt lat="47.1230859" lon="28.7076841"/>
      <trkpt lat="47.1230776" lon="28.7076932"/>
      <trkpt lat="47.1230717" lon="28.7076995"/>
      <trkpt lat="47.1230561" lon="28.7077133"/>
      <trkpt lat="47.1230417" lon="28.7077288"/>
      <trkpt lat="47.1230272" lon="28.7077442"/>
      <trkpt lat="47.1230127" lon="28.7077595"/>
      <trkpt lat="47.1229981" lon="28.7077748"/>
      <trkpt lat="47.1229836" lon="28.7077901"/>
      <trkpt lat="47.1229721" lon="28.7078022"/>
      <trkpt lat="47.1229691" lon="28.7078054"/>
      <trkpt lat="47.1229545" lon="28.7078207"/>
      <trkpt lat="47.1229400" lon="28.7078360"/>
      <trkpt lat="47.1229255" lon="28.7078514"/>
      <trkpt lat="47.1229109" lon="28.7078667"/>
      <trkpt lat="47.1229009" lon="28.7078772"/>
      <trkpt lat="47.1228964" lon="28.7078820"/>
      <trkpt lat="47.1228819" lon="28.7078973"/>
      <trkpt lat="47.1228750" lon="28.7079046"/>
      <trkpt lat="47.1228674" lon="28.7079126"/>
      <trkpt lat="47.1228528" lon="28.7079279"/>
      <trkpt lat="47.1228383" lon="28.7079432"/>
      <trkpt lat="47.1228238" lon="28.7079586"/>
      <trkpt lat="47.1228092" lon="28.7079739"/>
      <trkpt lat="47.1227954" lon="28.7079885"/>
      <trkpt lat="47.1227947" lon="28.7079892"/>
      <trkpt lat="47.1227802" lon="28.7080045"/>
      <trkpt lat="47.1227733" lon="28.7080118"/>
      <trkpt lat="47.1227657" lon="28.7080198"/>
      <trkpt lat="47.1227511" lon="28.7080351"/>
      <trkpt lat="47.1227366" lon="28.7080504"/>
      <trkpt lat="47.1227221" lon="28.7080658"/>
      <trkpt lat="47.1227077" lon="28.7080810"/>
      <trkpt lat="47.1226930" lon="28.7080964"/>
      <trkpt lat="47.1226785" lon="28.7081117"/>
      <trkpt lat="47.1226640" lon="28.7081270"/>
      <trkpt lat="47.1226494" lon="28.7081424"/>
      <trkpt lat="47.1226349" lon="28.7081577"/>
      <trkpt lat="47.1226204" lon="28.7081730"/>
      <trkpt lat="47.1226059" lon="28.7081883"/>
      <trkpt lat="47.1225913" lon="28.7082036"/>
      <trkpt lat="47.1225804" lon="28.7082152"/>
      <trkpt lat="47.1225768" lon="28.7082189"/>
      <trkpt lat="47.1225623" lon="28.7082343"/>
      <trkpt lat="47.1225478" lon="28.7082496"/>
      <trkpt lat="47.1225443" lon="28.7082532"/>
      <trkpt lat="47.1225332" lon="28.7082649"/>
      <trkpt lat="47.1225187" lon="28.7082802"/>
      <trkpt lat="47.1225042" lon="28.7082955"/>
      <trkpt lat="47.1224897" lon="28.7083109"/>
      <trkpt lat="47.1224752" lon="28.7083264"/>
      <trkpt lat="47.1224608" lon="28.7083419"/>
      <trkpt lat="47.1224549" lon="28.7083482"/>
      <trkpt lat="47.1224463" lon="28.7083573"/>
      <trkpt lat="47.1224319" lon="28.7083728"/>
      <trkpt lat="47.1224174" lon="28.7083883"/>
      <trkpt lat="47.1224030" lon="28.7084038"/>
      <trkpt lat="47.1223886" lon="28.7084193"/>
      <trkpt lat="47.1223741" lon="28.7084347"/>
      <trkpt lat="47.1223597" lon="28.7084502"/>
      <trkpt lat="47.1223452" lon="28.7084657"/>
      <trkpt lat="47.1223335" lon="28.7084782"/>
      <trkpt lat="47.1223308" lon="28.7084812"/>
      <trkpt lat="47.1223163" lon="28.7084966"/>
      <trkpt lat="47.1223019" lon="28.7085121"/>
      <trkpt lat="47.1222874" lon="28.7085276"/>
      <trkpt lat="47.1222730" lon="28.7085431"/>
      <trkpt lat="47.1222585" lon="28.7085585"/>
      <trkpt lat="47.1222441" lon="28.7085740"/>
      <trkpt lat="47.1222296" lon="28.7085895"/>
      <trkpt lat="47.1222152" lon="28.7086050"/>
      <trkpt lat="47.1222007" lon="28.7086205"/>
      <trkpt lat="47.1221863" lon="28.7086359"/>
      <trkpt lat="47.1221718" lon="28.7086514"/>
      <trkpt lat="47.1221574" lon="28.7086668"/>
      <trkpt lat="47.1221428" lon="28.7086822"/>
      <trkpt lat="47.1221283" lon="28.7086975"/>
      <trkpt lat="47.1221138" lon="28.7087128"/>
      <trkpt lat="47.1220993" lon="28.7087281"/>
      <trkpt lat="47.1220847" lon="28.7087434"/>
      <trkpt lat="47.1220702" lon="28.7087587"/>
      <trkpt lat="47.1220556" lon="28.7087740"/>
      <trkpt lat="47.1220412" lon="28.7087894"/>
      <trkpt lat="47.1220267" lon="28.7088049"/>
      <trkpt lat="47.1220123" lon="28.7088203"/>
      <trkpt lat="47.1219978" lon="28.7088358"/>
      <trkpt lat="47.1219878" lon="28.7088464"/>
      <trkpt lat="47.1219833" lon="28.7088512"/>
      <trkpt lat="47.1219689" lon="28.7088667"/>
      <trkpt lat="47.1219607" lon="28.7088754"/>
      <trkpt lat="47.1219544" lon="28.7088821"/>
      <trkpt lat="47.1219399" lon="28.7088976"/>
      <trkpt lat="47.1219255" lon="28.7089130"/>
      <trkpt lat="47.1219110" lon="28.7089284"/>
      <trkpt lat="47.1218966" lon="28.7089439"/>
      <trkpt lat="47.1218821" lon="28.7089593"/>
      <trkpt lat="47.1218676" lon="28.7089748"/>
      <trkpt lat="47.1218532" lon="28.7089902"/>
      <trkpt lat="47.1218387" lon="28.7090057"/>
      <trkpt lat="47.1218242" lon="28.7090211"/>
      <trkpt lat="47.1218098" lon="28.7090366"/>
      <trkpt lat="47.1217953" lon="28.7090520"/>
      <trkpt lat="47.1217809" lon="28.7090675"/>
      <trkpt lat="47.1217664" lon="28.7090829"/>
      <trkpt lat="47.1217519" lon="28.7090984"/>
      <trkpt lat="47.1217375" lon="28.7091138"/>
      <trkpt lat="47.1217244" lon="28.7091278"/>
      <trkpt lat="47.1217085" lon="28.7091447"/>
      <trkpt lat="47.1216941" lon="28.7091602"/>
      <trkpt lat="47.1216892" lon="28.7091654"/>
      <trkpt lat="47.1216796" lon="28.7091756"/>
      <trkpt lat="47.1216652" lon="28.7091910"/>
      <trkpt lat="47.1216507" lon="28.7092065"/>
      <trkpt lat="47.1216362" lon="28.7092219"/>
      <trkpt lat="47.1216218" lon="28.7092374"/>
      <trkpt lat="47.1216074" lon="28.7092530"/>
      <trkpt lat="47.1215930" lon="28.7092686"/>
      <trkpt lat="47.1215912" lon="28.7092706"/>
      <trkpt lat="47.1215786" lon="28.7092843"/>
      <trkpt lat="47.1215643" lon="28.7092999"/>
      <trkpt lat="47.1215499" lon="28.7093155"/>
      <trkpt lat="47.1215355" lon="28.7093311"/>
      <trkpt lat="47.1215327" lon="28.7093340"/>
      <trkpt lat="47.1215299" lon="28.7093203"/>
      <trkpt lat="47.1215253" lon="28.7092971"/>
      <trkpt lat="47.1215202" lon="28.7092715"/>
      <trkpt lat="47.1215177" lon="28.7092590"/>
      <trkpt lat="47.1215153" lon="28.7092470"/>
      <trkpt lat="47.1215104" lon="28.7092226"/>
      <trkpt lat="47.1215039" lon="28.7092290"/>
      <trkpt lat="47.1214894" lon="28.7092443"/>
      <trkpt lat="47.1214749" lon="28.7092596"/>
      <trkpt lat="47.1214604" lon="28.7092750"/>
      <trkpt lat="47.1214459" lon="28.7092903"/>
      <trkpt lat="47.1214314" lon="28.7093056"/>
      <trkpt lat="47.1214169" lon="28.7093210"/>
      <trkpt lat="47.1214024" lon="28.7093363"/>
      <trkpt lat="47.1213880" lon="28.7093517"/>
      <trkpt lat="47.1213735" lon="28.7093672"/>
      <trkpt lat="47.1213590" lon="28.7093826"/>
      <trkpt lat="47.1213446" lon="28.7093980"/>
      <trkpt lat="47.1213301" lon="28.7094135"/>
      <trkpt lat="47.1213157" lon="28.7094289"/>
      <trkpt lat="47.1213012" lon="28.7094443"/>
      <trkpt lat="47.1212921" lon="28.7094541"/>
      <trkpt lat="47.1212868" lon="28.7094598"/>
      <trkpt lat="47.1212723" lon="28.7094752"/>
      <trkpt lat="47.1212579" lon="28.7094907"/>
      <trkpt lat="47.1212434" lon="28.7095061"/>
      <trkpt lat="47.1212290" lon="28.7095215"/>
      <trkpt lat="47.1212145" lon="28.7095370"/>
      <trkpt lat="47.1212001" lon="28.7095524"/>
      <trkpt lat="47.1211856" lon="28.7095678"/>
      <trkpt lat="47.1211712" lon="28.7095833"/>
      <trkpt lat="47.1211567" lon="28.7095987"/>
      <trkpt lat="47.1211426" lon="28.7096149"/>
      <trkpt lat="47.1211433" lon="28.7095664"/>
      <trkpt lat="47.1211448" lon="28.7094715"/>
      <trkpt lat="47.1211593" lon="28.7094559"/>
      <trkpt lat="47.1211740" lon="28.7094405"/>
      <trkpt lat="47.1211886" lon="28.7094251"/>
      <trkpt lat="47.1212032" lon="28.7094097"/>
      <trkpt lat="47.1212178" lon="28.7093943"/>
      <trkpt lat="47.1212324" lon="28.7093789"/>
      <trkpt lat="47.1212453" lon="28.7093653"/>
      <trkpt lat="47.1212324" lon="28.7093789"/>
      <trkpt lat="47.1212178" lon="28.7093943"/>
      <trkpt lat="47.1212032" lon="28.7094097"/>
      <trkpt lat="47.1211886" lon="28.7094251"/>
      <trkpt lat="47.1211740" lon="28.7094405"/>
      <trkpt lat="47.1211593" lon="28.7094559"/>
      <trkpt lat="47.1211448" lon="28.7094715"/>
      <trkpt lat="47.1211462" lon="28.7093778"/>
      <trkpt lat="47.1211475" lon="28.7092872"/>
      <trkpt lat="47.1211626" lon="28.7092725"/>
      <trkpt lat="47.1211772" lon="28.7092570"/>
      <trkpt lat="47.1211917" lon="28.7092415"/>
      <trkpt lat="47.1212062" lon="28.7092260"/>
      <trkpt lat="47.1212208" lon="28.7092105"/>
      <trkpt lat="47.1212353" lon="28.7091950"/>
      <trkpt lat="47.1212499" lon="28.7091795"/>
      <trkpt lat="47.1212644" lon="28.7091640"/>
      <trkpt lat="47.1212789" lon="28.7091485"/>
      <trkpt lat="47.1212935" lon="28.7091330"/>
      <trkpt lat="47.1213080" lon="28.7091175"/>
      <trkpt lat="47.1213183" lon="28.7091072"/>
      <trkpt lat="47.1213213" lon="28.7091040"/>
      <trkpt lat="47.1213371" lon="28.7090866"/>
      <trkpt lat="47.1213516" lon="28.7090711"/>
      <trkpt lat="47.1213662" lon="28.7090556"/>
      <trkpt lat="47.1213807" lon="28.7090401"/>
      <trkpt lat="47.1213952" lon="28.7090246"/>
      <trkpt lat="47.1214098" lon="28.7090091"/>
      <trkpt lat="47.1214243" lon="28.7089936"/>
      <trkpt lat="47.1214389" lon="28.7089781"/>
      <trkpt lat="47.1214473" lon="28.7089695"/>
      <trkpt lat="47.1214511" lon="28.7089655"/>
      <trkpt lat="47.1214600" lon="28.7089559"/>
      <trkpt lat="47.1214655" lon="28.7089501"/>
      <trkpt lat="47.1214799" lon="28.7089347"/>
      <trkpt lat="47.1214944" lon="28.7089193"/>
      <trkpt lat="47.1215041" lon="28.7089088"/>
      <trkpt lat="47.1214944" lon="28.7089193"/>
      <trkpt lat="47.1214799" lon="28.7089347"/>
      <trkpt lat="47.1214655" lon="28.7089501"/>
      <trkpt lat="47.1214600" lon="28.7089559"/>
      <trkpt lat="47.1214511" lon="28.7089655"/>
      <trkpt lat="47.1214473" lon="28.7089695"/>
      <trkpt lat="47.1214389" lon="28.7089781"/>
      <trkpt lat="47.1214243" lon="28.7089936"/>
      <trkpt lat="47.1214098" lon="28.7090091"/>
      <trkpt lat="47.1213952" lon="28.7090246"/>
      <trkpt lat="47.1213807" lon="28.7090401"/>
      <trkpt lat="47.1213662" lon="28.7090556"/>
      <trkpt lat="47.1213516" lon="28.7090711"/>
      <trkpt lat="47.1213371" lon="28.7090866"/>
      <trkpt lat="47.1213226" lon="28.7091021"/>
      <trkpt lat="47.1213080" lon="28.7091175"/>
      <trkpt lat="47.1212935" lon="28.7091330"/>
      <trkpt lat="47.1212789" lon="28.7091485"/>
      <trkpt lat="47.1212644" lon="28.7091640"/>
      <trkpt lat="47.1212499" lon="28.7091795"/>
      <trkpt lat="47.1212353" lon="28.7091950"/>
      <trkpt lat="47.1212208" lon="28.7092105"/>
      <trkpt lat="47.1212062" lon="28.7092260"/>
      <trkpt lat="47.1211917" lon="28.7092415"/>
      <trkpt lat="47.1211772" lon="28.7092570"/>
      <trkpt lat="47.1211626" lon="28.7092725"/>
      <trkpt lat="47.1211475" lon="28.7092872"/>
      <trkpt lat="47.1211481" lon="28.7092459"/>
      <trkpt lat="47.1211628" lon="28.7092303"/>
      <trkpt lat="47.1211773" lon="28.7092148"/>
      <trkpt lat="47.1211918" lon="28.7091993"/>
      <trkpt lat="47.1212064" lon="28.7091838"/>
      <trkpt lat="47.1212209" lon="28.7091683"/>
      <trkpt lat="47.1212354" lon="28.7091527"/>
      <trkpt lat="47.1212500" lon="28.7091372"/>
      <trkpt lat="47.1212645" lon="28.7091217"/>
      <trkpt lat="47.1212791" lon="28.7091062"/>
      <trkpt lat="47.1212936" lon="28.7090907"/>
      <trkpt lat="47.1213044" lon="28.7090792"/>
      <trkpt lat="47.1213081" lon="28.7090751"/>
      <trkpt lat="47.1213227" lon="28.7090596"/>
      <trkpt lat="47.1213372" lon="28.7090441"/>
      <trkpt lat="47.1213450" lon="28.7090358"/>
      <trkpt lat="47.1213517" lon="28.7090286"/>
      <trkpt lat="47.1213663" lon="28.7090131"/>
      <trkpt lat="47.1213808" lon="28.7089975"/>
      <trkpt lat="47.1213953" lon="28.7089820"/>
      <trkpt lat="47.1214078" lon="28.7089687"/>
      <trkpt lat="47.1214099" lon="28.7089665"/>
      <trkpt lat="47.1214244" lon="28.7089510"/>
      <trkpt lat="47.1214389" lon="28.7089355"/>
      <trkpt lat="47.1214461" lon="28.7089279"/>
      <trkpt lat="47.1214535" lon="28.7089199"/>
      <trkpt lat="47.1214461" lon="28.7089279"/>
      <trkpt lat="47.1214389" lon="28.7089355"/>
      <trkpt lat="47.1214244" lon="28.7089510"/>
      <trkpt lat="47.1214099" lon="28.7089665"/>
      <trkpt lat="47.1214078" lon="28.7089687"/>
      <trkpt lat="47.1213953" lon="28.7089820"/>
      <trkpt lat="47.1213808" lon="28.7089975"/>
      <trkpt lat="47.1213663" lon="28.7090131"/>
      <trkpt lat="47.1213517" lon="28.7090286"/>
      <trkpt lat="47.1213450" lon="28.7090358"/>
      <trkpt lat="47.1213372" lon="28.7090441"/>
      <trkpt lat="47.1213227" lon="28.7090596"/>
      <trkpt lat="47.1213081" lon="28.7090751"/>
      <trkpt lat="47.1213044" lon="28.7090792"/>
      <trkpt lat="47.1212936" lon="28.7090907"/>
      <trkpt lat="47.1212791" lon="28.7091062"/>
      <trkpt lat="47.1212645" lon="28.7091217"/>
      <trkpt lat="47.1212500" lon="28.7091372"/>
      <trkpt lat="47.1212354" lon="28.7091527"/>
      <trkpt lat="47.1212209" lon="28.7091683"/>
      <trkpt lat="47.1212064" lon="28.7091838"/>
      <trkpt lat="47.1211918" lon="28.7091993"/>
      <trkpt lat="47.1211773" lon="28.7092148"/>
      <trkpt lat="47.1211628" lon="28.7092303"/>
      <trkpt lat="47.1211481" lon="28.7092459"/>
      <trkpt lat="47.1211468" lon="28.7093331"/>
      <trkpt lat="47.1211455" lon="28.7094250"/>
      <trkpt lat="47.1211599" lon="28.7094093"/>
      <trkpt lat="47.1211745" lon="28.7093942"/>
      <trkpt lat="47.1211891" lon="28.7093791"/>
      <trkpt lat="47.1212037" lon="28.7093640"/>
      <trkpt lat="47.1212184" lon="28.7093489"/>
      <trkpt lat="47.1212330" lon="28.7093338"/>
      <trkpt lat="47.1212476" lon="28.7093186"/>
      <trkpt lat="47.1212620" lon="28.7093031"/>
      <trkpt lat="47.1212647" lon="28.7093002"/>
      <trkpt lat="47.1212765" lon="28.7092877"/>
      <trkpt lat="47.1212909" lon="28.7092722"/>
      <trkpt lat="47.1213054" lon="28.7092567"/>
      <trkpt lat="47.1213198" lon="28.7092412"/>
      <trkpt lat="47.1213343" lon="28.7092258"/>
      <trkpt lat="47.1213412" lon="28.7092184"/>
      <trkpt lat="47.1213487" lon="28.7092103"/>
      <trkpt lat="47.1213632" lon="28.7091948"/>
      <trkpt lat="47.1213776" lon="28.7091794"/>
      <trkpt lat="47.1213921" lon="28.7091639"/>
      <trkpt lat="47.1214065" lon="28.7091484"/>
      <trkpt lat="47.1214210" lon="28.7091329"/>
      <trkpt lat="47.1214354" lon="28.7091175"/>
      <trkpt lat="47.1214499" lon="28.7091020"/>
      <trkpt lat="47.1214643" lon="28.7090865"/>
      <trkpt lat="47.1214799" lon="28.7090698"/>
      <trkpt lat="47.1214932" lon="28.7090556"/>
      <trkpt lat="47.1215077" lon="28.7090401"/>
      <trkpt lat="47.1215192" lon="28.7090278"/>
      <trkpt lat="47.1215221" lon="28.7090246"/>
      <trkpt lat="47.1215366" lon="28.7090092"/>
      <trkpt lat="47.1215510" lon="28.7089937"/>
      <trkpt lat="47.1215655" lon="28.7089782"/>
      <trkpt lat="47.1215799" lon="28.7089627"/>
      <trkpt lat="47.1215944" lon="28.7089473"/>
      <trkpt lat="47.1216088" lon="28.7089318"/>
      <trkpt lat="47.1216233" lon="28.7089163"/>
      <trkpt lat="47.1216377" lon="28.7089009"/>
      <trkpt lat="47.1216521" lon="28.7088854"/>
      <trkpt lat="47.1216666" lon="28.7088699"/>
      <trkpt lat="47.1216810" lon="28.7088544"/>
      <trkpt lat="47.1216955" lon="28.7088390"/>
      <trkpt lat="47.1217099" lon="28.7088235"/>
      <trkpt lat="47.1217244" lon="28.7088080"/>
      <trkpt lat="47.1217388" lon="28.7087926"/>
      <trkpt lat="47.1217533" lon="28.7087771"/>
      <trkpt lat="47.1217677" lon="28.7087616"/>
      <trkpt lat="47.1217784" lon="28.7087502"/>
      <trkpt lat="47.1217677" lon="28.7087616"/>
      <trkpt lat="47.1217533" lon="28.7087771"/>
      <trkpt lat="47.1217388" lon="28.7087926"/>
      <trkpt lat="47.1217244" lon="28.7088080"/>
      <trkpt lat="47.1217099" lon="28.7088235"/>
      <trkpt lat="47.1216955" lon="28.7088390"/>
      <trkpt lat="47.1216810" lon="28.7088544"/>
      <trkpt lat="47.1216666" lon="28.7088699"/>
      <trkpt lat="47.1216521" lon="28.7088854"/>
      <trkpt lat="47.1216377" lon="28.7089009"/>
      <trkpt lat="47.1216233" lon="28.7089163"/>
      <trkpt lat="47.1216088" lon="28.7089318"/>
      <trkpt lat="47.1215944" lon="28.7089473"/>
      <trkpt lat="47.1215799" lon="28.7089627"/>
      <trkpt lat="47.1215655" lon="28.7089782"/>
      <trkpt lat="47.1215510" lon="28.7089937"/>
      <trkpt lat="47.1215366" lon="28.7090092"/>
      <trkpt lat="47.1215221" lon="28.7090246"/>
      <trkpt lat="47.1215192" lon="28.7090278"/>
      <trkpt lat="47.1215077" lon="28.7090401"/>
      <trkpt lat="47.1214932" lon="28.7090556"/>
      <trkpt lat="47.1214799" lon="28.7090698"/>
      <trkpt lat="47.1214763" lon="28.7090516"/>
      <trkpt lat="47.1214735" lon="28.7090376"/>
      <trkpt lat="47.1214726" lon="28.7090329"/>
      <trkpt lat="47.1214658" lon="28.7090401"/>
      <trkpt lat="47.1214513" lon="28.7090556"/>
      <trkpt lat="47.1214460" lon="28.7090613"/>
      <trkpt lat="47.1214513" lon="28.7090556"/>
      <trkpt lat="47.1214658" lon="28.7090401"/>
      <trkpt lat="47.1214726" lon="28.7090329"/>
      <trkpt lat="47.1214803" lon="28.7090247"/>
      <trkpt lat="47.1214948" lon="28.7090093"/>
      <trkpt lat="47.1215093" lon="28.7089938"/>
      <trkpt lat="47.1215238" lon="28.7089784"/>
      <trkpt lat="47.1215382" lon="28.7089630"/>
      <trkpt lat="47.1215527" lon="28.7089475"/>
      <trkpt lat="47.1215672" lon="28.7089321"/>
      <trkpt lat="47.1215817" lon="28.7089167"/>
      <trkpt lat="47.1215962" lon="28.7089012"/>
      <trkpt lat="47.1216107" lon="28.7088858"/>
      <trkpt lat="47.1216251" lon="28.7088703"/>
      <trkpt lat="47.1216396" lon="28.7088548"/>
      <trkpt lat="47.1216540" lon="28.7088392"/>
      <trkpt lat="47.1216617" lon="28.7088309"/>
      <trkpt lat="47.1216684" lon="28.7088237"/>
      <trkpt lat="47.1216828" lon="28.7088081"/>
      <trkpt lat="47.1216973" lon="28.7087926"/>
      <trkpt lat="47.1217117" lon="28.7087770"/>
      <trkpt lat="47.1217272" lon="28.7087604"/>
      <trkpt lat="47.1217406" lon="28.7087459"/>
      <trkpt lat="47.1217550" lon="28.7087304"/>
      <trkpt lat="47.1217694" lon="28.7087148"/>
      <trkpt lat="47.1217838" lon="28.7086993"/>
      <trkpt lat="47.1217983" lon="28.7086838"/>
      <trkpt lat="47.1218128" lon="28.7086684"/>
      <trkpt lat="47.1218273" lon="28.7086530"/>
      <trkpt lat="47.1218418" lon="28.7086376"/>
      <trkpt lat="47.1218519" lon="28.7086268"/>
      <trkpt lat="47.1218563" lon="28.7086222"/>
      <trkpt lat="47.1218708" lon="28.7086068"/>
      <trkpt lat="47.1218853" lon="28.7085914"/>
      <trkpt lat="47.1218998" lon="28.7085759"/>
      <trkpt lat="47.1219143" lon="28.7085605"/>
      <trkpt lat="47.1219288" lon="28.7085451"/>
      <trkpt lat="47.1219433" lon="28.7085297"/>
      <trkpt lat="47.1219578" lon="28.7085143"/>
      <trkpt lat="47.1219723" lon="28.7084989"/>
      <trkpt lat="47.1219868" lon="28.7084834"/>
      <trkpt lat="47.1220012" lon="28.7084680"/>
      <trkpt lat="47.1220157" lon="28.7084526"/>
      <trkpt lat="47.1220302" lon="28.7084372"/>
      <trkpt lat="47.1220447" lon="28.7084218"/>
      <trkpt lat="47.1220592" lon="28.7084063"/>
      <trkpt lat="47.1220737" lon="28.7083908"/>
      <trkpt lat="47.1220881" lon="28.7083754"/>
      <trkpt lat="47.1221026" lon="28.7083600"/>
      <trkpt lat="47.1221171" lon="28.7083446"/>
      <trkpt lat="47.1221316" lon="28.7083292"/>
      <trkpt lat="47.1221461" lon="28.7083138"/>
      <trkpt lat="47.1221606" lon="28.7082984"/>
      <trkpt lat="47.1221751" lon="28.7082830"/>
      <trkpt lat="47.1221896" lon="28.7082676"/>
      <trkpt lat="47.1222041" lon="28.7082522"/>
      <trkpt lat="47.1222186" lon="28.7082368"/>
      <trkpt lat="47.1222331" lon="28.7082213"/>
      <trkpt lat="47.1222476" lon="28.7082059"/>
      <trkpt lat="47.1222621" lon="28.7081905"/>
      <trkpt lat="47.1222710" lon="28.7081811"/>
      <trkpt lat="47.1222750" lon="28.7081998"/>
      <trkpt lat="47.1222790" lon="28.7082188"/>
      <trkpt lat="47.1222802" lon="28.7082246"/>
      <trkpt lat="47.1222854" lon="28.7082493"/>
      <trkpt lat="47.1222868" lon="28.7082562"/>
      <trkpt lat="47.1222801" lon="28.7082633"/>
      <trkpt lat="47.1222654" lon="28.7082786"/>
      <trkpt lat="47.1222508" lon="28.7082940"/>
      <trkpt lat="47.1222362" lon="28.7083094"/>
      <trkpt lat="47.1222216" lon="28.7083247"/>
      <trkpt lat="47.1222070" lon="28.7083401"/>
      <trkpt lat="47.1221923" lon="28.7083554"/>
      <trkpt lat="47.1221777" lon="28.7083708"/>
      <trkpt lat="47.1221631" lon="28.7083861"/>
      <trkpt lat="47.1221485" lon="28.7084015"/>
      <trkpt lat="47.1221339" lon="28.7084169"/>
      <trkpt lat="47.1221193" lon="28.7084322"/>
      <trkpt lat="47.1221047" lon="28.7084476"/>
      <trkpt lat="47.1220901" lon="28.7084631"/>
      <trkpt lat="47.1220755" lon="28.7084786"/>
      <trkpt lat="47.1220610" lon="28.7084941"/>
      <trkpt lat="47.1220464" lon="28.7085096"/>
      <trkpt lat="47.1220319" lon="28.7085251"/>
      <trkpt lat="47.1220173" lon="28.7085406"/>
      <trkpt lat="47.1220028" lon="28.7085561"/>
      <trkpt lat="47.1219883" lon="28.7085716"/>
      <trkpt lat="47.1219797" lon="28.7085808"/>
      <trkpt lat="47.1219737" lon="28.7085871"/>
      <trkpt lat="47.1219690" lon="28.7085921"/>
      <trkpt lat="47.1219737" lon="28.7085871"/>
      <trkpt lat="47.1219797" lon="28.7085808"/>
      <trkpt lat="47.1219883" lon="28.7085716"/>
      <trkpt lat="47.1220028" lon="28.7085561"/>
      <trkpt lat="47.1220173" lon="28.7085406"/>
      <trkpt lat="47.1220319" lon="28.7085251"/>
      <trkpt lat="47.1220464" lon="28.7085096"/>
      <trkpt lat="47.1220610" lon="28.7084941"/>
      <trkpt lat="47.1220755" lon="28.7084786"/>
      <trkpt lat="47.1220901" lon="28.7084631"/>
      <trkpt lat="47.1221047" lon="28.7084476"/>
      <trkpt lat="47.1221193" lon="28.7084322"/>
      <trkpt lat="47.1221339" lon="28.7084169"/>
      <trkpt lat="47.1221485" lon="28.7084015"/>
      <trkpt lat="47.1221631" lon="28.7083861"/>
      <trkpt lat="47.1221777" lon="28.7083708"/>
      <trkpt lat="47.1221923" lon="28.7083554"/>
      <trkpt lat="47.1222070" lon="28.7083401"/>
      <trkpt lat="47.1222216" lon="28.7083247"/>
      <trkpt lat="47.1222362" lon="28.7083094"/>
      <trkpt lat="47.1222508" lon="28.7082940"/>
      <trkpt lat="47.1222654" lon="28.7082786"/>
      <trkpt lat="47.1222801" lon="28.7082633"/>
      <trkpt lat="47.1222868" lon="28.7082562"/>
      <trkpt lat="47.1222854" lon="28.7082493"/>
      <trkpt lat="47.1222802" lon="28.7082246"/>
      <trkpt lat="47.1222790" lon="28.7082188"/>
      <trkpt lat="47.1222895" lon="28.7082077"/>
      <trkpt lat="47.1223040" lon="28.7081924"/>
      <trkpt lat="47.1223185" lon="28.7081771"/>
      <trkpt lat="47.1223330" lon="28.7081618"/>
      <trkpt lat="47.1223476" lon="28.7081465"/>
      <trkpt lat="47.1223621" lon="28.7081312"/>
      <trkpt lat="47.1223766" lon="28.7081159"/>
      <trkpt lat="47.1223912" lon="28.7081006"/>
      <trkpt lat="47.1224057" lon="28.7080852"/>
      <trkpt lat="47.1224202" lon="28.7080699"/>
      <trkpt lat="47.1224297" lon="28.7080599"/>
      <trkpt lat="47.1224347" lon="28.7080546"/>
      <trkpt lat="47.1224493" lon="28.7080393"/>
      <trkpt lat="47.1224637" lon="28.7080239"/>
      <trkpt lat="47.1224782" lon="28.7080085"/>
      <trkpt lat="47.1224927" lon="28.7079931"/>
      <trkpt lat="47.1224963" lon="28.7079892"/>
      <trkpt lat="47.1225023" lon="28.7079828"/>
      <trkpt lat="47.1225072" lon="28.7079776"/>
      <trkpt lat="47.1225217" lon="28.7079622"/>
      <trkpt lat="47.1225267" lon="28.7079569"/>
      <trkpt lat="47.1225361" lon="28.7079468"/>
      <trkpt lat="47.1225506" lon="28.7079314"/>
      <trkpt lat="47.1225652" lon="28.7079161"/>
      <trkpt lat="47.1225797" lon="28.7079008"/>
      <trkpt lat="47.1225942" lon="28.7078855"/>
      <trkpt lat="47.1226088" lon="28.7078702"/>
      <trkpt lat="47.1226233" lon="28.7078549"/>
      <trkpt lat="47.1226348" lon="28.7078428"/>
      <trkpt lat="47.1226378" lon="28.7078396"/>
      <trkpt lat="47.1226524" lon="28.7078243"/>
      <trkpt lat="47.1226669" lon="28.7078090"/>
      <trkpt lat="47.1226814" lon="28.7077937"/>
      <trkpt lat="47.1226960" lon="28.7077784"/>
      <trkpt lat="47.1227063" lon="28.7077676"/>
      <trkpt lat="47.1227105" lon="28.7077632"/>
      <trkpt lat="47.1227251" lon="28.7077479"/>
      <trkpt lat="47.1227396" lon="28.7077326"/>
      <trkpt lat="47.1227516" lon="28.7077199"/>
      <trkpt lat="47.1227541" lon="28.7077173"/>
      <trkpt lat="47.1227621" lon="28.7077089"/>
      <trkpt lat="47.1227687" lon="28.7077020"/>
      <trkpt lat="47.1227832" lon="28.7076867"/>
      <trkpt lat="47.1227977" lon="28.7076714"/>
      <trkpt lat="47.1228123" lon="28.7076561"/>
      <trkpt lat="47.1228167" lon="28.7076515"/>
      <trkpt lat="47.1228268" lon="28.7076408"/>
      <trkpt lat="47.1228413" lon="28.7076255"/>
      <trkpt lat="47.1228461" lon="28.7076205"/>
      <trkpt lat="47.1228559" lon="28.7076102"/>
      <trkpt lat="47.1228704" lon="28.7075949"/>
      <trkpt lat="47.1228850" lon="28.7075796"/>
      <trkpt lat="47.1228995" lon="28.7075643"/>
      <trkpt lat="47.1229140" lon="28.7075490"/>
      <trkpt lat="47.1229175" lon="28.7075454"/>
      <trkpt lat="47.1229219" lon="28.7075407"/>
      <trkpt lat="47.1229286" lon="28.7075337"/>
      <trkpt lat="47.1229453" lon="28.7075148"/>
      <trkpt lat="47.1228810" lon="28.7074882"/>
      <trkpt lat="47.1228665" lon="28.7074586"/>
      <trkpt lat="47.1228730" lon="28.7074518"/>
      <trkpt lat="47.1228665" lon="28.7074586"/>
      <trkpt lat="47.1228810" lon="28.7074882"/>
      <trkpt lat="47.1228711" lon="28.7074988"/>
      <trkpt lat="47.1228666" lon="28.7075036"/>
      <trkpt lat="47.1228521" lon="28.7075189"/>
      <trkpt lat="47.1228450" lon="28.7075283"/>
      <trkpt lat="47.1228383" lon="28.7075355"/>
      <trkpt lat="47.1228238" lon="28.7075508"/>
      <trkpt lat="47.1228093" lon="28.7075661"/>
      <trkpt lat="47.1227948" lon="28.7075814"/>
      <trkpt lat="47.1227894" lon="28.7075872"/>
      <trkpt lat="47.1227803" lon="28.7075967"/>
      <trkpt lat="47.1227658" lon="28.7076120"/>
      <trkpt lat="47.1227544" lon="28.7076241"/>
      <trkpt lat="47.1227513" lon="28.7076273"/>
      <trkpt lat="47.1227456" lon="28.7076334"/>
      <trkpt lat="47.1227368" lon="28.7076426"/>
      <trkpt lat="47.1227224" lon="28.7076579"/>
      <trkpt lat="47.1227173" lon="28.7076633"/>
      <trkpt lat="47.1227079" lon="28.7076732"/>
      <trkpt lat="47.1226934" lon="28.7076885"/>
      <trkpt lat="47.1226882" lon="28.7076940"/>
      <trkpt lat="47.1226789" lon="28.7077038"/>
      <trkpt lat="47.1226644" lon="28.7077191"/>
      <trkpt lat="47.1226499" lon="28.7077344"/>
      <trkpt lat="47.1226369" lon="28.7077482"/>
      <trkpt lat="47.1226354" lon="28.7077498"/>
      <trkpt lat="47.1226209" lon="28.7077651"/>
      <trkpt lat="47.1226065" lon="28.7077804"/>
      <trkpt lat="47.1225935" lon="28.7077940"/>
      <trkpt lat="47.1225775" lon="28.7078110"/>
      <trkpt lat="47.1225678" lon="28.7078212"/>
      <trkpt lat="47.1225630" lon="28.7078263"/>
      <trkpt lat="47.1225485" lon="28.7078416"/>
      <trkpt lat="47.1225340" lon="28.7078569"/>
      <trkpt lat="47.1225195" lon="28.7078722"/>
      <trkpt lat="47.1225051" lon="28.7078875"/>
      <trkpt lat="47.1224906" lon="28.7079028"/>
      <trkpt lat="47.1224775" lon="28.7079166"/>
      <trkpt lat="47.1224761" lon="28.7079181"/>
      <trkpt lat="47.1224616" lon="28.7079334"/>
      <trkpt lat="47.1224594" lon="28.7079357"/>
      <trkpt lat="47.1224471" lon="28.7079487"/>
      <trkpt lat="47.1224326" lon="28.7079640"/>
      <trkpt lat="47.1224181" lon="28.7079793"/>
      <trkpt lat="47.1224066" lon="28.7079915"/>
      <trkpt lat="47.1223892" lon="28.7080099"/>
      <trkpt lat="47.1223747" lon="28.7080252"/>
      <trkpt lat="47.1223602" lon="28.7080405"/>
      <trkpt lat="47.1223457" lon="28.7080558"/>
      <trkpt lat="47.1223312" lon="28.7080711"/>
      <trkpt lat="47.1223167" lon="28.7080864"/>
      <trkpt lat="47.1223023" lon="28.7081018"/>
      <trkpt lat="47.1222878" lon="28.7081171"/>
      <trkpt lat="47.1222733" lon="28.7081325"/>
      <trkpt lat="47.1222631" lon="28.7081434"/>
      <trkpt lat="47.1222593" lon="28.7081256"/>
      <trkpt lat="47.1222553" lon="28.7081066"/>
      <trkpt lat="47.1222541" lon="28.7081008"/>
      <trkpt lat="47.1222489" lon="28.7080761"/>
      <trkpt lat="47.1222473" lon="28.7080686"/>
      <trkpt lat="47.1222372" lon="28.7080794"/>
      <trkpt lat="47.1222226" lon="28.7080949"/>
      <trkpt lat="47.1222081" lon="28.7081105"/>
      <trkpt lat="47.1221936" lon="28.7081261"/>
      <trkpt lat="47.1221791" lon="28.7081417"/>
      <trkpt lat="47.1221646" lon="28.7081572"/>
      <trkpt lat="47.1221501" lon="28.7081728"/>
      <trkpt lat="47.1221356" lon="28.7081884"/>
      <trkpt lat="47.1221211" lon="28.7082040"/>
      <trkpt lat="47.1221066" lon="28.7082196"/>
      <trkpt lat="47.1220921" lon="28.7082352"/>
      <trkpt lat="47.1220776" lon="28.7082507"/>
      <trkpt lat="47.1220765" lon="28.7082519"/>
      <trkpt lat="47.1220776" lon="28.7082507"/>
      <trkpt lat="47.1220921" lon="28.7082352"/>
      <trkpt lat="47.1221066" lon="28.7082196"/>
      <trkpt lat="47.1221211" lon="28.7082040"/>
      <trkpt lat="47.1221356" lon="28.7081884"/>
      <trkpt lat="47.1221501" lon="28.7081728"/>
      <trkpt lat="47.1221646" lon="28.7081572"/>
      <trkpt lat="47.1221791" lon="28.7081417"/>
      <trkpt lat="47.1221936" lon="28.7081261"/>
      <trkpt lat="47.1222081" lon="28.7081105"/>
      <trkpt lat="47.1222226" lon="28.7080949"/>
      <trkpt lat="47.1222372" lon="28.7080794"/>
      <trkpt lat="47.1222473" lon="28.7080686"/>
      <trkpt lat="47.1222518" lon="28.7080640"/>
      <trkpt lat="47.1222663" lon="28.7080485"/>
      <trkpt lat="47.1222809" lon="28.7080331"/>
      <trkpt lat="47.1222955" lon="28.7080177"/>
      <trkpt lat="47.1223109" lon="28.7080039"/>
      <trkpt lat="47.1223168" lon="28.7079978"/>
      <trkpt lat="47.1223256" lon="28.7079886"/>
      <trkpt lat="47.1223402" lon="28.7079734"/>
      <trkpt lat="47.1223549" lon="28.7079581"/>
      <trkpt lat="47.1223696" lon="28.7079429"/>
      <trkpt lat="47.1223842" lon="28.7079276"/>
      <trkpt lat="47.1223989" lon="28.7079123"/>
      <trkpt lat="47.1224136" lon="28.7078971"/>
      <trkpt lat="47.1224282" lon="28.7078818"/>
      <trkpt lat="47.1224429" lon="28.7078666"/>
      <trkpt lat="47.1224587" lon="28.7078501"/>
      <trkpt lat="47.1224722" lon="28.7078360"/>
      <trkpt lat="47.1224869" lon="28.7078208"/>
      <trkpt lat="47.1225016" lon="28.7078055"/>
      <trkpt lat="47.1225161" lon="28.7077900"/>
      <trkpt lat="47.1225306" lon="28.7077743"/>
      <trkpt lat="47.1225349" lon="28.7077697"/>
      <trkpt lat="47.1225450" lon="28.7077587"/>
      <trkpt lat="47.1225468" lon="28.7077564"/>
      <trkpt lat="47.1225585" lon="28.7077411"/>
      <trkpt lat="47.1225730" lon="28.7077255"/>
      <trkpt lat="47.1225876" lon="28.7077100"/>
      <trkpt lat="47.1225982" lon="28.7076987"/>
      <trkpt lat="47.1226021" lon="28.7076945"/>
      <trkpt lat="47.1226167" lon="28.7076790"/>
      <trkpt lat="47.1226318" lon="28.7076630"/>
      <trkpt lat="47.1226459" lon="28.7076482"/>
      <trkpt lat="47.1226504" lon="28.7076434"/>
      <trkpt lat="47.1226605" lon="28.7076328"/>
      <trkpt lat="47.1226694" lon="28.7076234"/>
      <trkpt lat="47.1226751" lon="28.7076174"/>
      <trkpt lat="47.1226897" lon="28.7076020"/>
      <trkpt lat="47.1227043" lon="28.7075867"/>
      <trkpt lat="47.1227189" lon="28.7075713"/>
      <trkpt lat="47.1227207" lon="28.7075693"/>
      <trkpt lat="47.1227335" lon="28.7075559"/>
      <trkpt lat="47.1227385" lon="28.7075506"/>
      <trkpt lat="47.1227481" lon="28.7075405"/>
      <trkpt lat="47.1227627" lon="28.7075251"/>
      <trkpt lat="47.1227695" lon="28.7075179"/>
      <trkpt lat="47.1227773" lon="28.7075097"/>
      <trkpt lat="47.1227919" lon="28.7074943"/>
      <trkpt lat="47.1227954" lon="28.7074906"/>
      <trkpt lat="47.1228025" lon="28.7074807"/>
      <trkpt lat="47.1227792" lon="28.7074334"/>
      <trkpt lat="47.1227860" lon="28.7074262"/>
      <trkpt lat="47.1227930" lon="28.7074188"/>
      <trkpt lat="47.1228004" lon="28.7074109"/>
      <trkpt lat="47.1228149" lon="28.7073956"/>
      <trkpt lat="47.1228293" lon="28.7073803"/>
      <trkpt lat="47.1228438" lon="28.7073594"/>
      <trkpt lat="47.1228514" lon="28.7073596"/>
      <trkpt lat="47.1228685" lon="28.7073602"/>
      <trkpt lat="47.1228857" lon="28.7073608"/>
      <trkpt lat="47.1229029" lon="28.7073614"/>
      <trkpt lat="47.1229167" lon="28.7073619"/>
      <trkpt lat="47.1229200" lon="28.7073620"/>
      <trkpt lat="47.1229377" lon="28.7073626"/>
      <trkpt lat="47.1229519" lon="28.7073631"/>
      <trkpt lat="47.1229544" lon="28.7073631"/>
      <trkpt lat="47.1229716" lon="28.7073637"/>
      <trkpt lat="47.1229887" lon="28.7073643"/>
      <trkpt lat="47.1230059" lon="28.7073649"/>
      <trkpt lat="47.1230083" lon="28.7073736"/>
      <trkpt lat="47.1230123" lon="28.7073881"/>
      <trkpt lat="47.1230187" lon="28.7074112"/>
      <trkpt lat="47.1230252" lon="28.7074344"/>
      <trkpt lat="47.1230305" lon="28.7074537"/>
      <trkpt lat="47.1230316" lon="28.7074576"/>
      <trkpt lat="47.1230333" lon="28.7074637"/>
      <trkpt lat="47.1230350" lon="28.7074701"/>
      <trkpt lat="47.1230355" lon="28.7074717"/>
      <trkpt lat="47.1230380" lon="28.7074808"/>
      <trkpt lat="47.1230403" lon="28.7074892"/>
      <trkpt lat="47.1230447" lon="28.7075048"/>
      <trkpt lat="47.1230395" lon="28.7075078"/>
      <trkpt lat="47.1230253" lon="28.7075230"/>
      <trkpt lat="47.1230251" lon="28.7075232"/>
      <trkpt lat="47.1230100" lon="28.7075374"/>
      <trkpt lat="47.1229955" lon="28.7075528"/>
      <trkpt lat="47.1229810" lon="28.7075681"/>
      <trkpt lat="47.1229666" lon="28.7075835"/>
      <trkpt lat="47.1229521" lon="28.7075988"/>
      <trkpt lat="47.1229444" lon="28.7076070"/>
      <trkpt lat="47.1229376" lon="28.7076142"/>
      <trkpt lat="47.1229231" lon="28.7076296"/>
      <trkpt lat="47.1229086" lon="28.7076449"/>
      <trkpt lat="47.1228942" lon="28.7076603"/>
      <trkpt lat="47.1228797" lon="28.7076756"/>
      <trkpt lat="47.1228652" lon="28.7076910"/>
      <trkpt lat="47.1228507" lon="28.7077063"/>
      <trkpt lat="47.1228486" lon="28.7077087"/>
      <trkpt lat="47.1228363" lon="28.7077217"/>
      <trkpt lat="47.1228218" lon="28.7077371"/>
      <trkpt lat="47.1228117" lon="28.7077477"/>
      <trkpt lat="47.1228073" lon="28.7077524"/>
      <trkpt lat="47.1227928" lon="28.7077678"/>
      <trkpt lat="47.1227784" lon="28.7077831"/>
      <trkpt lat="47.1227746" lon="28.7077871"/>
      <trkpt lat="47.1227639" lon="28.7077985"/>
      <trkpt lat="47.1227494" lon="28.7078139"/>
      <trkpt lat="47.1227432" lon="28.7078204"/>
      <trkpt lat="47.1227349" lon="28.7078292"/>
      <trkpt lat="47.1227204" lon="28.7078446"/>
      <trkpt lat="47.1227060" lon="28.7078599"/>
      <trkpt lat="47.1226915" lon="28.7078753"/>
      <trkpt lat="47.1226787" lon="28.7078889"/>
      <trkpt lat="47.1226625" lon="28.7079060"/>
      <trkpt lat="47.1226481" lon="28.7079214"/>
      <trkpt lat="47.1226435" lon="28.7079262"/>
      <trkpt lat="47.1226336" lon="28.7079367"/>
      <trkpt lat="47.1226301" lon="28.7079404"/>
      <trkpt lat="47.1226191" lon="28.7079521"/>
      <trkpt lat="47.1226046" lon="28.7079674"/>
      <trkpt lat="47.1225902" lon="28.7079828"/>
      <trkpt lat="47.1225847" lon="28.7079885"/>
      <trkpt lat="47.1225757" lon="28.7079981"/>
      <trkpt lat="47.1225612" lon="28.7080135"/>
      <trkpt lat="47.1225467" lon="28.7080287"/>
      <trkpt lat="47.1225321" lon="28.7080440"/>
      <trkpt lat="47.1225176" lon="28.7080593"/>
      <trkpt lat="47.1225031" lon="28.7080746"/>
      <trkpt lat="47.1224886" lon="28.7080899"/>
      <trkpt lat="47.1224741" lon="28.7081052"/>
      <trkpt lat="47.1224596" lon="28.7081205"/>
      <trkpt lat="47.1224451" lon="28.7081358"/>
      <trkpt lat="47.1224306" lon="28.7081510"/>
      <trkpt lat="47.1224161" lon="28.7081663"/>
      <trkpt lat="47.1224015" lon="28.7081816"/>
      <trkpt lat="47.1223870" lon="28.7081969"/>
      <trkpt lat="47.1223725" lon="28.7082122"/>
      <trkpt lat="47.1223580" lon="28.7082275"/>
      <trkpt lat="47.1223435" lon="28.7082428"/>
      <trkpt lat="47.1223290" lon="28.7082581"/>
      <trkpt lat="47.1223145" lon="28.7082734"/>
      <trkpt lat="47.1223000" lon="28.7082886"/>
      <trkpt lat="47.1222948" lon="28.7082941"/>
      <trkpt lat="47.1222958" lon="28.7082989"/>
      <trkpt lat="47.1223010" lon="28.7083236"/>
      <trkpt lat="47.1223027" lon="28.7083317"/>
      <trkpt lat="47.1222859" lon="28.7083495"/>
      <trkpt lat="47.1222715" lon="28.7083649"/>
      <trkpt lat="47.1222570" lon="28.7083803"/>
      <trkpt lat="47.1222426" lon="28.7083958"/>
      <trkpt lat="47.1222385" lon="28.7084001"/>
      <trkpt lat="47.1222281" lon="28.7084112"/>
      <trkpt lat="47.1222136" lon="28.7084266"/>
      <trkpt lat="47.1222021" lon="28.7084389"/>
      <trkpt lat="47.1221992" lon="28.7084420"/>
      <trkpt lat="47.1221847" lon="28.7084574"/>
      <trkpt lat="47.1221703" lon="28.7084728"/>
      <trkpt lat="47.1221558" lon="28.7084882"/>
      <trkpt lat="47.1221413" lon="28.7085036"/>
      <trkpt lat="47.1221269" lon="28.7085190"/>
      <trkpt lat="47.1221124" lon="28.7085344"/>
      <trkpt lat="47.1221110" lon="28.7085359"/>
      <trkpt lat="47.1220980" lon="28.7085499"/>
      <trkpt lat="47.1220836" lon="28.7085655"/>
      <trkpt lat="47.1220692" lon="28.7085810"/>
      <trkpt lat="47.1220548" lon="28.7085965"/>
      <trkpt lat="47.1220404" lon="28.7086120"/>
      <trkpt lat="47.1220259" lon="28.7086275"/>
      <trkpt lat="47.1220115" lon="28.7086430"/>
      <trkpt lat="47.1219971" lon="28.7086584"/>
      <trkpt lat="47.1219827" lon="28.7086739"/>
      <trkpt lat="47.1219683" lon="28.7086895"/>
      <trkpt lat="47.1219539" lon="28.7087050"/>
      <trkpt lat="47.1219394" lon="28.7087204"/>
      <trkpt lat="47.1219371" lon="28.7087229"/>
      <trkpt lat="47.1219249" lon="28.7087357"/>
      <trkpt lat="47.1219104" lon="28.7087511"/>
      <trkpt lat="47.1218960" lon="28.7087665"/>
      <trkpt lat="47.1218815" lon="28.7087818"/>
      <trkpt lat="47.1218670" lon="28.7087972"/>
      <trkpt lat="47.1218525" lon="28.7088126"/>
      <trkpt lat="47.1218380" lon="28.7088279"/>
      <trkpt lat="47.1218235" lon="28.7088433"/>
      <trkpt lat="47.1218091" lon="28.7088586"/>
      <trkpt lat="47.1217946" lon="28.7088740"/>
      <trkpt lat="47.1217801" lon="28.7088894"/>
      <trkpt lat="47.1217656" lon="28.7089047"/>
      <trkpt lat="47.1217511" lon="28.7089201"/>
      <trkpt lat="47.1217366" lon="28.7089354"/>
      <trkpt lat="47.1217222" lon="28.7089508"/>
      <trkpt lat="47.1217077" lon="28.7089662"/>
      <trkpt lat="47.1216932" lon="28.7089815"/>
      <trkpt lat="47.1216787" lon="28.7089969"/>
      <trkpt lat="47.1216642" lon="28.7090123"/>
      <trkpt lat="47.1216497" lon="28.7090276"/>
      <trkpt lat="47.1216353" lon="28.7090430"/>
      <trkpt lat="47.1216287" lon="28.7090499"/>
      <trkpt lat="47.1216208" lon="28.7090583"/>
      <trkpt lat="47.1216174" lon="28.7090619"/>
      <trkpt lat="47.1216063" lon="28.7090737"/>
      <trkpt lat="47.1215918" lon="28.7090891"/>
      <trkpt lat="47.1215773" lon="28.7091044"/>
      <trkpt lat="47.1215628" lon="28.7091198"/>
      <trkpt lat="47.1215484" lon="28.7091352"/>
      <trkpt lat="47.1215339" lon="28.7091505"/>
      <trkpt lat="47.1215194" lon="28.7091659"/>
      <trkpt lat="47.1215049" lon="28.7091813"/>
      <trkpt lat="47.1215027" lon="28.7091837"/>
      <trkpt lat="47.1215056" lon="28.7091982"/>
      <trkpt lat="47.1215104" lon="28.7092226"/>
      <trkpt lat="47.1215184" lon="28.7092136"/>
      <trkpt lat="47.1215330" lon="28.7091983"/>
      <trkpt lat="47.1215475" lon="28.7091830"/>
      <trkpt lat="47.1215620" lon="28.7091676"/>
      <trkpt lat="47.1215765" lon="28.7091523"/>
      <trkpt lat="47.1215910" lon="28.7091370"/>
      <trkpt lat="47.1216055" lon="28.7091216"/>
      <trkpt lat="47.1216200" lon="28.7091063"/>
      <trkpt lat="47.1216345" lon="28.7090910"/>
      <trkpt lat="47.1216490" lon="28.7090757"/>
      <trkpt lat="47.1216635" lon="28.7090603"/>
      <trkpt lat="47.1216780" lon="28.7090450"/>
      <trkpt lat="47.1216925" lon="28.7090296"/>
      <trkpt lat="47.1217070" lon="28.7090142"/>
      <trkpt lat="47.1217214" lon="28.7089989"/>
      <trkpt lat="47.1217359" lon="28.7089835"/>
      <trkpt lat="47.1217504" lon="28.7089681"/>
      <trkpt lat="47.1217649" lon="28.7089527"/>
      <trkpt lat="47.1217794" lon="28.7089373"/>
      <trkpt lat="47.1217939" lon="28.7089220"/>
      <trkpt lat="47.1218083" lon="28.7089066"/>
      <trkpt lat="47.1218228" lon="28.7088912"/>
      <trkpt lat="47.1218373" lon="28.7088758"/>
      <trkpt lat="47.1218518" lon="28.7088605"/>
      <trkpt lat="47.1218663" lon="28.7088451"/>
      <trkpt lat="47.1218682" lon="28.7088430"/>
      <trkpt lat="47.1218807" lon="28.7088297"/>
      <trkpt lat="47.1218952" lon="28.7088143"/>
      <trkpt lat="47.1219097" lon="28.7087989"/>
      <trkpt lat="47.1219242" lon="28.7087836"/>
      <trkpt lat="47.1219387" lon="28.7087682"/>
      <trkpt lat="47.1219532" lon="28.7087528"/>
      <trkpt lat="47.1219676" lon="28.7087374"/>
      <trkpt lat="47.1219820" lon="28.7087219"/>
      <trkpt lat="47.1219964" lon="28.7087063"/>
      <trkpt lat="47.1220108" lon="28.7086907"/>
      <trkpt lat="47.1220251" lon="28.7086750"/>
      <trkpt lat="47.1220395" lon="28.7086594"/>
      <trkpt lat="47.1220538" lon="28.7086437"/>
      <trkpt lat="47.1220681" lon="28.7086280"/>
      <trkpt lat="47.1220825" lon="28.7086124"/>
      <trkpt lat="47.1220968" lon="28.7085967"/>
      <trkpt lat="47.1221112" lon="28.7085810"/>
      <trkpt lat="47.1221256" lon="28.7085655"/>
      <trkpt lat="47.1221400" lon="28.7085500"/>
      <trkpt lat="47.1221544" lon="28.7085346"/>
      <trkpt lat="47.1221689" lon="28.7085191"/>
      <trkpt lat="47.1221833" lon="28.7085037"/>
      <trkpt lat="47.1221978" lon="28.7084883"/>
      <trkpt lat="47.1222122" lon="28.7084728"/>
      <trkpt lat="47.1222267" lon="28.7084574"/>
      <trkpt lat="47.1222411" lon="28.7084419"/>
      <trkpt lat="47.1222530" lon="28.7084293"/>
      <trkpt lat="47.1222556" lon="28.7084265"/>
      <trkpt lat="47.1222700" lon="28.7084110"/>
      <trkpt lat="47.1222845" lon="28.7083956"/>
      <trkpt lat="47.1222989" lon="28.7083802"/>
      <trkpt lat="47.1223103" lon="28.7083680"/>
      <trkpt lat="47.1223114" lon="28.7083731"/>
      <trkpt lat="47.1223166" lon="28.7083979"/>
      <trkpt lat="47.1223182" lon="28.7084051"/>
      <trkpt lat="47.1223218" lon="28.7084226"/>
      <trkpt lat="47.1223259" lon="28.7084420"/>
      <trkpt lat="47.1223162" lon="28.7084523"/>
      <trkpt lat="47.1223018" lon="28.7084677"/>
      <trkpt lat="47.1222873" lon="28.7084832"/>
      <trkpt lat="47.1222729" lon="28.7084986"/>
      <trkpt lat="47.1222584" lon="28.7085141"/>
      <trkpt lat="47.1222439" lon="28.7085295"/>
      <trkpt lat="47.1222295" lon="28.7085450"/>
      <trkpt lat="47.1222150" lon="28.7085604"/>
      <trkpt lat="47.1222005" lon="28.7085759"/>
      <trkpt lat="47.1221861" lon="28.7085913"/>
      <trkpt lat="47.1221716" lon="28.7086068"/>
      <trkpt lat="47.1221571" lon="28.7086222"/>
      <trkpt lat="47.1221427" lon="28.7086377"/>
      <trkpt lat="47.1221282" lon="28.7086531"/>
      <trkpt lat="47.1221137" lon="28.7086686"/>
      <trkpt lat="47.1220993" lon="28.7086840"/>
      <trkpt lat="47.1220848" lon="28.7086994"/>
      <trkpt lat="47.1220703" lon="28.7087148"/>
      <trkpt lat="47.1220558" lon="28.7087302"/>
      <trkpt lat="47.1220413" lon="28.7087456"/>
      <trkpt lat="47.1220268" lon="28.7087610"/>
      <trkpt lat="47.1220124" lon="28.7087764"/>
      <trkpt lat="47.1219979" lon="28.7087918"/>
      <trkpt lat="47.1219834" lon="28.7088072"/>
      <trkpt lat="47.1219689" lon="28.7088227"/>
      <trkpt lat="47.1219544" lon="28.7088381"/>
      <trkpt lat="47.1219399" lon="28.7088535"/>
      <trkpt lat="47.1219254" lon="28.7088689"/>
      <trkpt lat="47.1219110" lon="28.7088843"/>
      <trkpt lat="47.1218965" lon="28.7088997"/>
      <trkpt lat="47.1218820" lon="28.7089151"/>
      <trkpt lat="47.1218675" lon="28.7089305"/>
      <trkpt lat="47.1218530" lon="28.7089459"/>
      <trkpt lat="47.1218385" lon="28.7089613"/>
      <trkpt lat="47.1218240" lon="28.7089767"/>
      <trkpt lat="47.1218096" lon="28.7089921"/>
      <trkpt lat="47.1217951" lon="28.7090075"/>
      <trkpt lat="47.1217806" lon="28.7090229"/>
      <trkpt lat="47.1217661" lon="28.7090383"/>
      <trkpt lat="47.1217516" lon="28.7090537"/>
      <trkpt lat="47.1217371" lon="28.7090692"/>
      <trkpt lat="47.1217226" lon="28.7090846"/>
      <trkpt lat="47.1217097" lon="28.7090983"/>
      <trkpt lat="47.1216937" lon="28.7091154"/>
      <trkpt lat="47.1216792" lon="28.7091308"/>
      <trkpt lat="47.1216745" lon="28.7091358"/>
      <trkpt lat="47.1216647" lon="28.7091462"/>
      <trkpt lat="47.1216502" lon="28.7091616"/>
      <trkpt lat="47.1216357" lon="28.7091770"/>
      <trkpt lat="47.1216212" lon="28.7091924"/>
      <trkpt lat="47.1216068" lon="28.7092078"/>
      <trkpt lat="47.1215924" lon="28.7092235"/>
      <trkpt lat="47.1215781" lon="28.7092393"/>
      <trkpt lat="47.1215638" lon="28.7092550"/>
      <trkpt lat="47.1215495" lon="28.7092707"/>
      <trkpt lat="47.1215351" lon="28.7092865"/>
      <trkpt lat="47.1215253" lon="28.7092971"/>
      <trkpt lat="47.1215299" lon="28.7093203"/>
      <trkpt lat="47.1215327" lon="28.7093340"/>
      <trkpt lat="47.1215348" lon="28.7093447"/>
      <trkpt lat="47.1215398" lon="28.7093697"/>
      <trkpt lat="47.1215446" lon="28.7093936"/>
      <trkpt lat="47.1215469" lon="28.7094055"/>
      <trkpt lat="47.1215310" lon="28.7094226"/>
      <trkpt lat="47.1215165" lon="28.7094382"/>
      <trkpt lat="47.1215021" lon="28.7094537"/>
      <trkpt lat="47.1214876" lon="28.7094693"/>
      <trkpt lat="47.1214731" lon="28.7094848"/>
      <trkpt lat="47.1214587" lon="28.7095004"/>
      <trkpt lat="47.1214442" lon="28.7095159"/>
      <trkpt lat="47.1214297" lon="28.7095315"/>
      <trkpt lat="47.1214152" lon="28.7095470"/>
      <trkpt lat="47.1214088" lon="28.7095539"/>
      <trkpt lat="47.1214008" lon="28.7095626"/>
      <trkpt lat="47.1213863" lon="28.7095781"/>
      <trkpt lat="47.1213718" lon="28.7095936"/>
      <trkpt lat="47.1213574" lon="28.7096092"/>
      <trkpt lat="47.1213429" lon="28.7096247"/>
      <trkpt lat="47.1213284" lon="28.7096403"/>
      <trkpt lat="47.1213139" lon="28.7096558"/>
      <trkpt lat="47.1212995" lon="28.7096714"/>
      <trkpt lat="47.1212850" lon="28.7096869"/>
      <trkpt lat="47.1212705" lon="28.7097025"/>
      <trkpt lat="47.1212561" lon="28.7097180"/>
      <trkpt lat="47.1212416" lon="28.7097335"/>
      <trkpt lat="47.1212271" lon="28.7097491"/>
      <trkpt lat="47.1212126" lon="28.7097646"/>
      <trkpt lat="47.1211982" lon="28.7097802"/>
      <trkpt lat="47.1211837" lon="28.7097957"/>
      <trkpt lat="47.1211753" lon="28.7098048"/>
      <trkpt lat="47.1211707" lon="28.7098097"/>
      <trkpt lat="47.1211692" lon="28.7098113"/>
      <trkpt lat="47.1211548" lon="28.7098268"/>
      <trkpt lat="47.1211393" lon="28.7098403"/>
      <trkpt lat="47.1211382" lon="28.7098415"/>
      <trkpt lat="47.1211248" lon="28.7098559"/>
      <trkpt lat="47.1211631" lon="28.7099326"/>
      <trkpt lat="47.1211776" lon="28.7099171"/>
      <trkpt lat="47.1211921" lon="28.7099016"/>
      <trkpt lat="47.1212066" lon="28.7098861"/>
      <trkpt lat="47.1212203" lon="28.7098714"/>
      <trkpt lat="47.1212211" lon="28.7098705"/>
      <trkpt lat="47.1212356" lon="28.7098550"/>
      <trkpt lat="47.1212501" lon="28.7098394"/>
      <trkpt lat="47.1212645" lon="28.7098239"/>
      <trkpt lat="47.1212797" lon="28.7098075"/>
      <trkpt lat="47.1212904" lon="28.7097961"/>
      <trkpt lat="47.1212935" lon="28.7097927"/>
      <trkpt lat="47.1213080" lon="28.7097772"/>
      <trkpt lat="47.1213224" lon="28.7097616"/>
      <trkpt lat="47.1213369" lon="28.7097460"/>
      <trkpt lat="47.1213514" lon="28.7097305"/>
      <trkpt lat="47.1213659" lon="28.7097149"/>
      <trkpt lat="47.1213803" lon="28.7096993"/>
      <trkpt lat="47.1213856" lon="28.7096936"/>
      <trkpt lat="47.1213948" lon="28.7096838"/>
      <trkpt lat="47.1214093" lon="28.7096682"/>
      <trkpt lat="47.1214237" lon="28.7096526"/>
      <trkpt lat="47.1214382" lon="28.7096371"/>
      <trkpt lat="47.1214451" lon="28.7096296"/>
      <trkpt lat="47.1214527" lon="28.7096215"/>
      <trkpt lat="47.1214672" lon="28.7096059"/>
      <trkpt lat="47.1214816" lon="28.7095904"/>
      <trkpt lat="47.1214916" lon="28.7095797"/>
      <trkpt lat="47.1214961" lon="28.7095748"/>
      <trkpt lat="47.1215106" lon="28.7095592"/>
      <trkpt lat="47.1215251" lon="28.7095437"/>
      <trkpt lat="47.1215395" lon="28.7095281"/>
      <trkpt lat="47.1215540" lon="28.7095125"/>
      <trkpt lat="47.1215658" lon="28.7094999"/>
      <trkpt lat="47.1215641" lon="28.7094913"/>
      <trkpt lat="47.1215592" lon="28.7094669"/>
      <trkpt lat="47.1215553" lon="28.7094475"/>
      <trkpt lat="47.1215543" lon="28.7094425"/>
      <trkpt lat="47.1215494" lon="28.7094180"/>
      <trkpt lat="47.1215469" lon="28.7094055"/>
      <trkpt lat="47.1215600" lon="28.7093916"/>
      <trkpt lat="47.1215744" lon="28.7093760"/>
      <trkpt lat="47.1215889" lon="28.7093605"/>
      <trkpt lat="47.1215941" lon="28.7093549"/>
      <trkpt lat="47.1216034" lon="28.7093449"/>
      <trkpt lat="47.1216178" lon="28.7093294"/>
      <trkpt lat="47.1216253" lon="28.7093213"/>
      <trkpt lat="47.1216323" lon="28.7093138"/>
      <trkpt lat="47.1216468" lon="28.7092983"/>
      <trkpt lat="47.1216613" lon="28.7092827"/>
      <trkpt lat="47.1216757" lon="28.7092672"/>
      <trkpt lat="47.1216902" lon="28.7092516"/>
      <trkpt lat="47.1217047" lon="28.7092361"/>
      <trkpt lat="47.1217191" lon="28.7092205"/>
      <trkpt lat="47.1217336" lon="28.7092050"/>
      <trkpt lat="47.1217481" lon="28.7091894"/>
      <trkpt lat="47.1217625" lon="28.7091739"/>
      <trkpt lat="47.1217770" lon="28.7091583"/>
      <trkpt lat="47.1217915" lon="28.7091428"/>
      <trkpt lat="47.1218060" lon="28.7091272"/>
      <trkpt lat="47.1218100" lon="28.7091229"/>
      <trkpt lat="47.1218204" lon="28.7091117"/>
      <trkpt lat="47.1218349" lon="28.7090961"/>
      <trkpt lat="47.1218401" lon="28.7090905"/>
      <trkpt lat="47.1218494" lon="28.7090806"/>
      <trkpt lat="47.1218638" lon="28.7090650"/>
      <trkpt lat="47.1218783" lon="28.7090495"/>
      <trkpt lat="47.1218928" lon="28.7090340"/>
      <trkpt lat="47.1219073" lon="28.7090184"/>
      <trkpt lat="47.1219217" lon="28.7090029"/>
      <trkpt lat="47.1219362" lon="28.7089873"/>
      <trkpt lat="47.1219516" lon="28.7089707"/>
      <trkpt lat="47.1219658" lon="28.7089555"/>
      <trkpt lat="47.1219796" lon="28.7089407"/>
      <trkpt lat="47.1219941" lon="28.7089251"/>
      <trkpt lat="47.1220044" lon="28.7089140"/>
      <trkpt lat="47.1220086" lon="28.7089096"/>
      <trkpt lat="47.1220230" lon="28.7088940"/>
      <trkpt lat="47.1220375" lon="28.7088785"/>
      <trkpt lat="47.1220520" lon="28.7088629"/>
      <trkpt lat="47.1220664" lon="28.7088474"/>
      <trkpt lat="47.1220809" lon="28.7088318"/>
      <trkpt lat="47.1220954" lon="28.7088163"/>
      <trkpt lat="47.1221099" lon="28.7088008"/>
      <trkpt lat="47.1221243" lon="28.7087852"/>
      <trkpt lat="47.1221389" lon="28.7087698"/>
      <trkpt lat="47.1221534" lon="28.7087544"/>
      <trkpt lat="47.1221680" lon="28.7087391"/>
      <trkpt lat="47.1221826" lon="28.7087238"/>
      <trkpt lat="47.1221971" lon="28.7087084"/>
      <trkpt lat="47.1222117" lon="28.7086930"/>
      <trkpt lat="47.1222262" lon="28.7086775"/>
      <trkpt lat="47.1222407" lon="28.7086621"/>
      <trkpt lat="47.1222552" lon="28.7086466"/>
      <trkpt lat="47.1222698" lon="28.7086312"/>
      <trkpt lat="47.1222843" lon="28.7086157"/>
      <trkpt lat="47.1222988" lon="28.7086003"/>
      <trkpt lat="47.1223133" lon="28.7085848"/>
      <trkpt lat="47.1223278" lon="28.7085694"/>
      <trkpt lat="47.1223424" lon="28.7085539"/>
      <trkpt lat="47.1223482" lon="28.7085478"/>
      <trkpt lat="47.1223531" lon="28.7085712"/>
      <trkpt lat="47.1223583" lon="28.7085959"/>
      <trkpt lat="47.1223635" lon="28.7086207"/>
      <trkpt lat="47.1223675" lon="28.7086397"/>
      <trkpt lat="47.1223652" lon="28.7086421"/>
      <trkpt lat="47.1223506" lon="28.7086574"/>
      <trkpt lat="47.1223360" lon="28.7086727"/>
      <trkpt lat="47.1223189" lon="28.7086829"/>
      <trkpt lat="47.1223043" lon="28.7086982"/>
      <trkpt lat="47.1222897" lon="28.7087136"/>
      <trkpt lat="47.1222751" lon="28.7087290"/>
      <trkpt lat="47.1222606" lon="28.7087444"/>
      <trkpt lat="47.1222460" lon="28.7087598"/>
      <trkpt lat="47.1222315" lon="28.7087752"/>
      <trkpt lat="47.1222169" lon="28.7087906"/>
      <trkpt lat="47.1222024" lon="28.7088060"/>
      <trkpt lat="47.1221878" lon="28.7088214"/>
      <trkpt lat="47.1221733" lon="28.7088369"/>
      <trkpt lat="47.1221587" lon="28.7088523"/>
      <trkpt lat="47.1221442" lon="28.7088677"/>
      <trkpt lat="47.1221402" lon="28.7088718"/>
      <trkpt lat="47.1221442" lon="28.7088677"/>
      <trkpt lat="47.1221587" lon="28.7088523"/>
      <trkpt lat="47.1221733" lon="28.7088369"/>
      <trkpt lat="47.1221878" lon="28.7088214"/>
      <trkpt lat="47.1222024" lon="28.7088060"/>
      <trkpt lat="47.1222169" lon="28.7087906"/>
      <trkpt lat="47.1222315" lon="28.7087752"/>
      <trkpt lat="47.1222460" lon="28.7087598"/>
      <trkpt lat="47.1222606" lon="28.7087444"/>
      <trkpt lat="47.1222751" lon="28.7087290"/>
      <trkpt lat="47.1222897" lon="28.7087136"/>
      <trkpt lat="47.1223043" lon="28.7086982"/>
      <trkpt lat="47.1223189" lon="28.7086829"/>
      <trkpt lat="47.1223360" lon="28.7086727"/>
      <trkpt lat="47.1223506" lon="28.7086574"/>
      <trkpt lat="47.1223652" lon="28.7086421"/>
      <trkpt lat="47.1223675" lon="28.7086397"/>
      <trkpt lat="47.1223687" lon="28.7086454"/>
      <trkpt lat="47.1223714" lon="28.7086580"/>
      <trkpt lat="47.1223739" lon="28.7086702"/>
      <trkpt lat="47.1223760" lon="28.7086800"/>
      <trkpt lat="47.1223774" lon="28.7086867"/>
      <trkpt lat="47.1223792" lon="28.7086949"/>
      <trkpt lat="47.1223847" lon="28.7087212"/>
      <trkpt lat="47.1223896" lon="28.7087445"/>
      <trkpt lat="47.1223928" lon="28.7087596"/>
      <trkpt lat="47.1223858" lon="28.7087669"/>
      <trkpt lat="47.1223713" lon="28.7087824"/>
      <trkpt lat="47.1223568" lon="28.7087978"/>
      <trkpt lat="47.1223478" lon="28.7088074"/>
      <trkpt lat="47.1223422" lon="28.7088133"/>
      <trkpt lat="47.1223278" lon="28.7088287"/>
      <trkpt lat="47.1223132" lon="28.7088442"/>
      <trkpt lat="47.1222986" lon="28.7088597"/>
      <trkpt lat="47.1222841" lon="28.7088752"/>
      <trkpt lat="47.1222695" lon="28.7088906"/>
      <trkpt lat="47.1222550" lon="28.7089061"/>
      <trkpt lat="47.1222405" lon="28.7089215"/>
      <trkpt lat="47.1222259" lon="28.7089370"/>
      <trkpt lat="47.1222114" lon="28.7089525"/>
      <trkpt lat="47.1221968" lon="28.7089679"/>
      <trkpt lat="47.1221823" lon="28.7089834"/>
      <trkpt lat="47.1221678" lon="28.7089988"/>
      <trkpt lat="47.1221532" lon="28.7090143"/>
      <trkpt lat="47.1221387" lon="28.7090298"/>
      <trkpt lat="47.1221269" lon="28.7090423"/>
      <trkpt lat="47.1221242" lon="28.7090452"/>
      <trkpt lat="47.1221096" lon="28.7090607"/>
      <trkpt lat="47.1220951" lon="28.7090763"/>
      <trkpt lat="47.1220806" lon="28.7090918"/>
      <trkpt lat="47.1220661" lon="28.7091073"/>
      <trkpt lat="47.1220516" lon="28.7091229"/>
      <trkpt lat="47.1220371" lon="28.7091384"/>
      <trkpt lat="47.1220226" lon="28.7091540"/>
      <trkpt lat="47.1220081" lon="28.7091695"/>
      <trkpt lat="47.1219936" lon="28.7091851"/>
      <trkpt lat="47.1219791" lon="28.7092006"/>
      <trkpt lat="47.1219646" lon="28.7092161"/>
      <trkpt lat="47.1219501" lon="28.7092317"/>
      <trkpt lat="47.1219356" lon="28.7092472"/>
      <trkpt lat="47.1219229" lon="28.7092609"/>
      <trkpt lat="47.1219211" lon="28.7092628"/>
      <trkpt lat="47.1219066" lon="28.7092783"/>
      <trkpt lat="47.1218921" lon="28.7092938"/>
      <trkpt lat="47.1218776" lon="28.7093094"/>
      <trkpt lat="47.1218632" lon="28.7093249"/>
      <trkpt lat="47.1218487" lon="28.7093405"/>
      <trkpt lat="47.1218342" lon="28.7093561"/>
      <trkpt lat="47.1218198" lon="28.7093718"/>
      <trkpt lat="47.1218053" lon="28.7093875"/>
      <trkpt lat="47.1217909" lon="28.7094031"/>
      <trkpt lat="47.1217765" lon="28.7094188"/>
      <trkpt lat="47.1217620" lon="28.7094345"/>
      <trkpt lat="47.1217476" lon="28.7094502"/>
      <trkpt lat="47.1217332" lon="28.7094658"/>
      <trkpt lat="47.1217187" lon="28.7094815"/>
      <trkpt lat="47.1217043" lon="28.7094972"/>
      <trkpt lat="47.1216899" lon="28.7095128"/>
      <trkpt lat="47.1216754" lon="28.7095285"/>
      <trkpt lat="47.1216610" lon="28.7095442"/>
      <trkpt lat="47.1216466" lon="28.7095599"/>
      <trkpt lat="47.1216321" lon="28.7095755"/>
      <trkpt lat="47.1216177" lon="28.7095912"/>
      <trkpt lat="47.1216034" lon="28.7096074"/>
      <trkpt lat="47.1216126" lon="28.7096450"/>
      <trkpt lat="47.1216269" lon="28.7096290"/>
      <trkpt lat="47.1216414" lon="28.7096135"/>
      <trkpt lat="47.1216559" lon="28.7095979"/>
      <trkpt lat="47.1216703" lon="28.7095823"/>
      <trkpt lat="47.1216848" lon="28.7095667"/>
      <trkpt lat="47.1216993" lon="28.7095511"/>
      <trkpt lat="47.1217137" lon="28.7095356"/>
      <trkpt lat="47.1217282" lon="28.7095200"/>
      <trkpt lat="47.1217427" lon="28.7095044"/>
      <trkpt lat="47.1217572" lon="28.7094888"/>
      <trkpt lat="47.1217716" lon="28.7094732"/>
      <trkpt lat="47.1217861" lon="28.7094577"/>
      <trkpt lat="47.1218006" lon="28.7094421"/>
      <trkpt lat="47.1218150" lon="28.7094265"/>
      <trkpt lat="47.1218295" lon="28.7094109"/>
      <trkpt lat="47.1218440" lon="28.7093953"/>
      <trkpt lat="47.1218584" lon="28.7093798"/>
      <trkpt lat="47.1218729" lon="28.7093642"/>
      <trkpt lat="47.1218874" lon="28.7093486"/>
      <trkpt lat="47.1219018" lon="28.7093330"/>
      <trkpt lat="47.1219163" lon="28.7093174"/>
      <trkpt lat="47.1219308" lon="28.7093019"/>
      <trkpt lat="47.1219320" lon="28.7093006"/>
      <trkpt lat="47.1219453" lon="28.7092863"/>
      <trkpt lat="47.1219597" lon="28.7092707"/>
      <trkpt lat="47.1219742" lon="28.7092551"/>
      <trkpt lat="47.1219887" lon="28.7092396"/>
      <trkpt lat="47.1220031" lon="28.7092240"/>
      <trkpt lat="47.1220176" lon="28.7092084"/>
      <trkpt lat="47.1220321" lon="28.7091928"/>
      <trkpt lat="47.1220466" lon="28.7091773"/>
      <trkpt lat="47.1220610" lon="28.7091617"/>
      <trkpt lat="47.1220755" lon="28.7091462"/>
      <trkpt lat="47.1220901" lon="28.7091307"/>
      <trkpt lat="47.1221046" lon="28.7091153"/>
      <trkpt lat="47.1221191" lon="28.7090998"/>
      <trkpt lat="47.1221337" lon="28.7090844"/>
      <trkpt lat="47.1221482" lon="28.7090689"/>
      <trkpt lat="47.1221627" lon="28.7090535"/>
      <trkpt lat="47.1221773" lon="28.7090380"/>
      <trkpt lat="47.1221918" lon="28.7090226"/>
      <trkpt lat="47.1222064" lon="28.7090071"/>
      <trkpt lat="47.1222209" lon="28.7089917"/>
      <trkpt lat="47.1222354" lon="28.7089762"/>
      <trkpt lat="47.1222500" lon="28.7089608"/>
      <trkpt lat="47.1222645" lon="28.7089454"/>
      <trkpt lat="47.1222790" lon="28.7089299"/>
      <trkpt lat="47.1222936" lon="28.7089145"/>
      <trkpt lat="47.1223081" lon="28.7088990"/>
      <trkpt lat="47.1223226" lon="28.7088836"/>
      <trkpt lat="47.1223372" lon="28.7088681"/>
      <trkpt lat="47.1223517" lon="28.7088527"/>
      <trkpt lat="47.1223662" lon="28.7088372"/>
      <trkpt lat="47.1223808" lon="28.7088218"/>
      <trkpt lat="47.1223953" lon="28.7088063"/>
      <trkpt lat="47.1224013" lon="28.7088000"/>
      <trkpt lat="47.1224098" lon="28.7087909"/>
      <trkpt lat="47.1224244" lon="28.7087754"/>
      <trkpt lat="47.1224389" lon="28.7087600"/>
      <trkpt lat="47.1224534" lon="28.7087445"/>
      <trkpt lat="47.1224680" lon="28.7087290"/>
      <trkpt lat="47.1224825" lon="28.7087135"/>
      <trkpt lat="47.1224970" lon="28.7086981"/>
      <trkpt lat="47.1225115" lon="28.7086826"/>
      <trkpt lat="47.1225260" lon="28.7086671"/>
      <trkpt lat="47.1225406" lon="28.7086516"/>
      <trkpt lat="47.1225551" lon="28.7086362"/>
      <trkpt lat="47.1225696" lon="28.7086207"/>
      <trkpt lat="47.1225841" lon="28.7086052"/>
      <trkpt lat="47.1225986" lon="28.7085897"/>
      <trkpt lat="47.1226132" lon="28.7085742"/>
      <trkpt lat="47.1226277" lon="28.7085588"/>
      <trkpt lat="47.1226422" lon="28.7085433"/>
      <trkpt lat="47.1226567" lon="28.7085278"/>
      <trkpt lat="47.1226680" lon="28.7085158"/>
      <trkpt lat="47.1226712" lon="28.7085123"/>
      <trkpt lat="47.1226858" lon="28.7084969"/>
      <trkpt lat="47.1227003" lon="28.7084814"/>
      <trkpt lat="47.1227148" lon="28.7084659"/>
      <trkpt lat="47.1227293" lon="28.7084504"/>
      <trkpt lat="47.1227398" lon="28.7084376"/>
      <trkpt lat="47.1227543" lon="28.7084222"/>
      <trkpt lat="47.1227688" lon="28.7084068"/>
      <trkpt lat="47.1227833" lon="28.7083913"/>
      <trkpt lat="47.1227978" lon="28.7083759"/>
      <trkpt lat="47.1228123" lon="28.7083605"/>
      <trkpt lat="47.1228268" lon="28.7083450"/>
      <trkpt lat="47.1228378" lon="28.7083333"/>
      <trkpt lat="47.1228268" lon="28.7083450"/>
      <trkpt lat="47.1228123" lon="28.7083605"/>
      <trkpt lat="47.1227978" lon="28.7083759"/>
      <trkpt lat="47.1227833" lon="28.7083913"/>
      <trkpt lat="47.1227688" lon="28.7084068"/>
      <trkpt lat="47.1227543" lon="28.7084222"/>
      <trkpt lat="47.1227398" lon="28.7084376"/>
      <trkpt lat="47.1227293" lon="28.7084504"/>
      <trkpt lat="47.1227148" lon="28.7084659"/>
      <trkpt lat="47.1227003" lon="28.7084814"/>
      <trkpt lat="47.1226858" lon="28.7084969"/>
      <trkpt lat="47.1226712" lon="28.7085123"/>
      <trkpt lat="47.1226680" lon="28.7085158"/>
      <trkpt lat="47.1226567" lon="28.7085278"/>
      <trkpt lat="47.1226422" lon="28.7085433"/>
      <trkpt lat="47.1226277" lon="28.7085588"/>
      <trkpt lat="47.1226132" lon="28.7085742"/>
      <trkpt lat="47.1225986" lon="28.7085897"/>
      <trkpt lat="47.1225841" lon="28.7086052"/>
      <trkpt lat="47.1225696" lon="28.7086207"/>
      <trkpt lat="47.1225551" lon="28.7086362"/>
      <trkpt lat="47.1225406" lon="28.7086516"/>
      <trkpt lat="47.1225260" lon="28.7086671"/>
      <trkpt lat="47.1225115" lon="28.7086826"/>
      <trkpt lat="47.1224970" lon="28.7086981"/>
      <trkpt lat="47.1224825" lon="28.7087135"/>
      <trkpt lat="47.1224680" lon="28.7087290"/>
      <trkpt lat="47.1224534" lon="28.7087445"/>
      <trkpt lat="47.1224389" lon="28.7087600"/>
      <trkpt lat="47.1224244" lon="28.7087754"/>
      <trkpt lat="47.1224098" lon="28.7087909"/>
      <trkpt lat="47.1224013" lon="28.7088000"/>
      <trkpt lat="47.1224052" lon="28.7088187"/>
      <trkpt lat="47.1224086" lon="28.7088350"/>
      <trkpt lat="47.1224104" lon="28.7088435"/>
      <trkpt lat="47.1224163" lon="28.7088715"/>
      <trkpt lat="47.1224208" lon="28.7088930"/>
      <trkpt lat="47.1224244" lon="28.7089099"/>
      <trkpt lat="47.1224260" lon="28.7089178"/>
      <trkpt lat="47.1224323" lon="28.7089476"/>
      <trkpt lat="47.1224365" lon="28.7089673"/>
      <trkpt lat="47.1224395" lon="28.7089819"/>
      <trkpt lat="47.1224417" lon="28.7089920"/>
      <trkpt lat="47.1224474" lon="28.7090192"/>
      <trkpt lat="47.1224373" lon="28.7090300"/>
      <trkpt lat="47.1224229" lon="28.7090454"/>
      <trkpt lat="47.1224084" lon="28.7090609"/>
      <trkpt lat="47.1223939" lon="28.7090763"/>
      <trkpt lat="47.1223795" lon="28.7090918"/>
      <trkpt lat="47.1223650" lon="28.7091072"/>
      <trkpt lat="47.1223505" lon="28.7091227"/>
      <trkpt lat="47.1223361" lon="28.7091381"/>
      <trkpt lat="47.1223216" lon="28.7091536"/>
      <trkpt lat="47.1223071" lon="28.7091690"/>
      <trkpt lat="47.1223023" lon="28.7091742"/>
      <trkpt lat="47.1222927" lon="28.7091845"/>
      <trkpt lat="47.1222782" lon="28.7091999"/>
      <trkpt lat="47.1222743" lon="28.7092041"/>
      <trkpt lat="47.1222637" lon="28.7092154"/>
      <trkpt lat="47.1222493" lon="28.7092308"/>
      <trkpt lat="47.1222348" lon="28.7092463"/>
      <trkpt lat="47.1222203" lon="28.7092617"/>
      <trkpt lat="47.1222159" lon="28.7092665"/>
      <trkpt lat="47.1222059" lon="28.7092772"/>
      <trkpt lat="47.1221914" lon="28.7092927"/>
      <trkpt lat="47.1221770" lon="28.7093082"/>
      <trkpt lat="47.1221626" lon="28.7093237"/>
      <trkpt lat="47.1221482" lon="28.7093393"/>
      <trkpt lat="47.1221338" lon="28.7093549"/>
      <trkpt lat="47.1221482" lon="28.7093393"/>
      <trkpt lat="47.1221626" lon="28.7093237"/>
      <trkpt lat="47.1221770" lon="28.7093082"/>
      <trkpt lat="47.1221914" lon="28.7092927"/>
      <trkpt lat="47.1222059" lon="28.7092772"/>
      <trkpt lat="47.1222159" lon="28.7092665"/>
      <trkpt lat="47.1222203" lon="28.7092617"/>
      <trkpt lat="47.1222348" lon="28.7092463"/>
      <trkpt lat="47.1222493" lon="28.7092308"/>
      <trkpt lat="47.1222637" lon="28.7092154"/>
      <trkpt lat="47.1222743" lon="28.7092041"/>
      <trkpt lat="47.1222782" lon="28.7091999"/>
      <trkpt lat="47.1222927" lon="28.7091845"/>
      <trkpt lat="47.1223023" lon="28.7091742"/>
      <trkpt lat="47.1223071" lon="28.7091690"/>
      <trkpt lat="47.1223216" lon="28.7091536"/>
      <trkpt lat="47.1223361" lon="28.7091381"/>
      <trkpt lat="47.1223505" lon="28.7091227"/>
      <trkpt lat="47.1223650" lon="28.7091072"/>
      <trkpt lat="47.1223795" lon="28.7090918"/>
      <trkpt lat="47.1223939" lon="28.7090763"/>
      <trkpt lat="47.1224084" lon="28.7090609"/>
      <trkpt lat="47.1224229" lon="28.7090454"/>
      <trkpt lat="47.1224373" lon="28.7090300"/>
      <trkpt lat="47.1224474" lon="28.7090192"/>
      <trkpt lat="47.1224521" lon="28.7090415"/>
      <trkpt lat="47.1224555" lon="28.7090578"/>
      <trkpt lat="47.1224600" lon="28.7090529"/>
      <trkpt lat="47.1224745" lon="28.7090374"/>
      <trkpt lat="47.1224912" lon="28.7090196"/>
      <trkpt lat="47.1225034" lon="28.7090064"/>
      <trkpt lat="47.1225179" lon="28.7089910"/>
      <trkpt lat="47.1225323" lon="28.7089755"/>
      <trkpt lat="47.1225468" lon="28.7089600"/>
      <trkpt lat="47.1225612" lon="28.7089445"/>
      <trkpt lat="47.1225757" lon="28.7089290"/>
      <trkpt lat="47.1225901" lon="28.7089135"/>
      <trkpt lat="47.1226046" lon="28.7088981"/>
      <trkpt lat="47.1226190" lon="28.7088826"/>
      <trkpt lat="47.1226198" lon="28.7088817"/>
      <trkpt lat="47.1226335" lon="28.7088671"/>
      <trkpt lat="47.1226454" lon="28.7088544"/>
      <trkpt lat="47.1226479" lon="28.7088516"/>
      <trkpt lat="47.1226624" lon="28.7088361"/>
      <trkpt lat="47.1226727" lon="28.7088250"/>
      <trkpt lat="47.1226768" lon="28.7088206"/>
      <trkpt lat="47.1226913" lon="28.7088052"/>
      <trkpt lat="47.1227057" lon="28.7087897"/>
      <trkpt lat="47.1227202" lon="28.7087742"/>
      <trkpt lat="47.1227346" lon="28.7087587"/>
      <trkpt lat="47.1227491" lon="28.7087432"/>
      <trkpt lat="47.1227636" lon="28.7087278"/>
      <trkpt lat="47.1227780" lon="28.7087124"/>
      <trkpt lat="47.1227925" lon="28.7086970"/>
      <trkpt lat="47.1228073" lon="28.7086814"/>
      <trkpt lat="47.1228215" lon="28.7086662"/>
      <trkpt lat="47.1228360" lon="28.7086508"/>
      <trkpt lat="47.1228505" lon="28.7086354"/>
      <trkpt lat="47.1228650" lon="28.7086200"/>
      <trkpt lat="47.1228795" lon="28.7086046"/>
      <trkpt lat="47.1228955" lon="28.7085878"/>
      <trkpt lat="47.1228795" lon="28.7086046"/>
      <trkpt lat="47.1228650" lon="28.7086200"/>
      <trkpt lat="47.1228505" lon="28.7086354"/>
      <trkpt lat="47.1228360" lon="28.7086508"/>
      <trkpt lat="47.1228215" lon="28.7086662"/>
      <trkpt lat="47.1228073" lon="28.7086814"/>
      <trkpt lat="47.1227925" lon="28.7086970"/>
      <trkpt lat="47.1227780" lon="28.7087124"/>
      <trkpt lat="47.1227636" lon="28.7087278"/>
      <trkpt lat="47.1227491" lon="28.7087432"/>
      <trkpt lat="47.1227346" lon="28.7087587"/>
      <trkpt lat="47.1227202" lon="28.7087742"/>
      <trkpt lat="47.1227057" lon="28.7087897"/>
      <trkpt lat="47.1226913" lon="28.7088052"/>
      <trkpt lat="47.1226768" lon="28.7088206"/>
      <trkpt lat="47.1226727" lon="28.7088250"/>
      <trkpt lat="47.1226624" lon="28.7088361"/>
      <trkpt lat="47.1226479" lon="28.7088516"/>
      <trkpt lat="47.1226454" lon="28.7088544"/>
      <trkpt lat="47.1226335" lon="28.7088671"/>
      <trkpt lat="47.1226198" lon="28.7088817"/>
      <trkpt lat="47.1226190" lon="28.7088826"/>
      <trkpt lat="47.1226046" lon="28.7088981"/>
      <trkpt lat="47.1225901" lon="28.7089135"/>
      <trkpt lat="47.1225757" lon="28.7089290"/>
      <trkpt lat="47.1225612" lon="28.7089445"/>
      <trkpt lat="47.1225468" lon="28.7089600"/>
      <trkpt lat="47.1225323" lon="28.7089755"/>
      <trkpt lat="47.1225179" lon="28.7089910"/>
      <trkpt lat="47.1225034" lon="28.7090064"/>
      <trkpt lat="47.1224912" lon="28.7090196"/>
      <trkpt lat="47.1224745" lon="28.7090374"/>
      <trkpt lat="47.1224600" lon="28.7090529"/>
      <trkpt lat="47.1224555" lon="28.7090578"/>
      <trkpt lat="47.1224456" lon="28.7090684"/>
      <trkpt lat="47.1224311" lon="28.7090839"/>
      <trkpt lat="47.1224167" lon="28.7090993"/>
      <trkpt lat="47.1224022" lon="28.7091148"/>
      <trkpt lat="47.1223900" lon="28.7091279"/>
      <trkpt lat="47.1223733" lon="28.7091458"/>
      <trkpt lat="47.1223589" lon="28.7091613"/>
      <trkpt lat="47.1223444" lon="28.7091767"/>
      <trkpt lat="47.1223300" lon="28.7091922"/>
      <trkpt lat="47.1223178" lon="28.7092053"/>
      <trkpt lat="47.1223155" lon="28.7092077"/>
      <trkpt lat="47.1223011" lon="28.7092232"/>
      <trkpt lat="47.1222913" lon="28.7092337"/>
      <trkpt lat="47.1222898" lon="28.7092352"/>
      <trkpt lat="47.1222722" lon="28.7092542"/>
      <trkpt lat="47.1222577" lon="28.7092696"/>
      <trkpt lat="47.1222433" lon="28.7092851"/>
      <trkpt lat="47.1222386" lon="28.7092901"/>
      <trkpt lat="47.1222315" lon="28.7092978"/>
      <trkpt lat="47.1222288" lon="28.7093006"/>
      <trkpt lat="47.1222144" lon="28.7093161"/>
      <trkpt lat="47.1221999" lon="28.7093316"/>
      <trkpt lat="47.1221864" lon="28.7093462"/>
      <trkpt lat="47.1221711" lon="28.7093627"/>
      <trkpt lat="47.1221566" lon="28.7093782"/>
      <trkpt lat="47.1221494" lon="28.7093860"/>
      <trkpt lat="47.1221422" lon="28.7093937"/>
      <trkpt lat="47.1221278" lon="28.7094092"/>
      <trkpt lat="47.1221133" lon="28.7094248"/>
      <trkpt lat="47.1220989" lon="28.7094403"/>
      <trkpt lat="47.1220844" lon="28.7094558"/>
      <trkpt lat="47.1220700" lon="28.7094712"/>
      <trkpt lat="47.1220555" lon="28.7094867"/>
      <trkpt lat="47.1220411" lon="28.7095021"/>
      <trkpt lat="47.1220266" lon="28.7095176"/>
      <trkpt lat="47.1220121" lon="28.7095331"/>
      <trkpt lat="47.1219977" lon="28.7095485"/>
      <trkpt lat="47.1219832" lon="28.7095640"/>
      <trkpt lat="47.1219687" lon="28.7095794"/>
      <trkpt lat="47.1219543" lon="28.7095949"/>
      <trkpt lat="47.1219398" lon="28.7096103"/>
      <trkpt lat="47.1219253" lon="28.7096258"/>
      <trkpt lat="47.1219109" lon="28.7096413"/>
      <trkpt lat="47.1218964" lon="28.7096567"/>
      <trkpt lat="47.1218819" lon="28.7096722"/>
      <trkpt lat="47.1218788" lon="28.7096755"/>
      <trkpt lat="47.1218675" lon="28.7096876"/>
      <trkpt lat="47.1218530" lon="28.7097031"/>
      <trkpt lat="47.1218482" lon="28.7097082"/>
      <trkpt lat="47.1218385" lon="28.7097185"/>
      <trkpt lat="47.1218260" lon="28.7097320"/>
      <trkpt lat="47.1218241" lon="28.7097340"/>
      <trkpt lat="47.1218096" lon="28.7097495"/>
      <trkpt lat="47.1217952" lon="28.7097649"/>
      <trkpt lat="47.1217835" lon="28.7097774"/>
      <trkpt lat="47.1217807" lon="28.7097804"/>
      <trkpt lat="47.1217662" lon="28.7097958"/>
      <trkpt lat="47.1217518" lon="28.7098113"/>
      <trkpt lat="47.1217373" lon="28.7098268"/>
      <trkpt lat="47.1217228" lon="28.7098422"/>
      <trkpt lat="47.1217084" lon="28.7098577"/>
      <trkpt lat="47.1217018" lon="28.7098647"/>
      <trkpt lat="47.1216939" lon="28.7098731"/>
      <trkpt lat="47.1216927" lon="28.7098745"/>
      <trkpt lat="47.1216794" lon="28.7098886"/>
      <trkpt lat="47.1216650" lon="28.7099040"/>
      <trkpt lat="47.1216524" lon="28.7099175"/>
      <trkpt lat="47.1216543" lon="28.7099267"/>
      <trkpt lat="47.1216604" lon="28.7099556"/>
      <trkpt lat="47.1216648" lon="28.7099762"/>
      <trkpt lat="47.1216682" lon="28.7099926"/>
      <trkpt lat="47.1216813" lon="28.7099786"/>
      <trkpt lat="47.1216958" lon="28.7099631"/>
      <trkpt lat="47.1217103" lon="28.7099476"/>
      <trkpt lat="47.1217248" lon="28.7099320"/>
      <trkpt lat="47.1217392" lon="28.7099165"/>
      <trkpt lat="47.1217537" lon="28.7099010"/>
      <trkpt lat="47.1217682" lon="28.7098855"/>
      <trkpt lat="47.1217826" lon="28.7098700"/>
      <trkpt lat="47.1217971" lon="28.7098545"/>
      <trkpt lat="47.1218116" lon="28.7098390"/>
      <trkpt lat="47.1218261" lon="28.7098235"/>
      <trkpt lat="47.1218405" lon="28.7098080"/>
      <trkpt lat="47.1218550" lon="28.7097925"/>
      <trkpt lat="47.1218695" lon="28.7097770"/>
      <trkpt lat="47.1218839" lon="28.7097615"/>
      <trkpt lat="47.1218984" lon="28.7097459"/>
      <trkpt lat="47.1219129" lon="28.7097304"/>
      <trkpt lat="47.1219274" lon="28.7097149"/>
      <trkpt lat="47.1219418" lon="28.7096994"/>
      <trkpt lat="47.1219563" lon="28.7096839"/>
      <trkpt lat="47.1219676" lon="28.7096718"/>
      <trkpt lat="47.1219708" lon="28.7096684"/>
      <trkpt lat="47.1219853" lon="28.7096529"/>
      <trkpt lat="47.1219965" lon="28.7096409"/>
      <trkpt lat="47.1219997" lon="28.7096374"/>
      <trkpt lat="47.1220029" lon="28.7096340"/>
      <trkpt lat="47.1220142" lon="28.7096219"/>
      <trkpt lat="47.1220287" lon="28.7096064"/>
      <trkpt lat="47.1220431" lon="28.7095909"/>
      <trkpt lat="47.1220576" lon="28.7095754"/>
      <trkpt lat="47.1220721" lon="28.7095599"/>
      <trkpt lat="47.1220866" lon="28.7095444"/>
      <trkpt lat="47.1221011" lon="28.7095290"/>
      <trkpt lat="47.1221039" lon="28.7095260"/>
      <trkpt lat="47.1221156" lon="28.7095135"/>
      <trkpt lat="47.1221300" lon="28.7094979"/>
      <trkpt lat="47.1221445" lon="28.7094824"/>
      <trkpt lat="47.1221590" lon="28.7094669"/>
      <trkpt lat="47.1221734" lon="28.7094514"/>
      <trkpt lat="47.1221879" lon="28.7094359"/>
      <trkpt lat="47.1222024" lon="28.7094204"/>
      <trkpt lat="47.1222169" lon="28.7094048"/>
      <trkpt lat="47.1222313" lon="28.7093893"/>
      <trkpt lat="47.1222458" lon="28.7093738"/>
      <trkpt lat="47.1222603" lon="28.7093583"/>
      <trkpt lat="47.1222613" lon="28.7093572"/>
      <trkpt lat="47.1222747" lon="28.7093428"/>
      <trkpt lat="47.1222892" lon="28.7093273"/>
      <trkpt lat="47.1223037" lon="28.7093118"/>
      <trkpt lat="47.1223181" lon="28.7092963"/>
      <trkpt lat="47.1223326" lon="28.7092807"/>
      <trkpt lat="47.1223374" lon="28.7092756"/>
      <trkpt lat="47.1223471" lon="28.7092652"/>
      <trkpt lat="47.1223615" lon="28.7092497"/>
      <trkpt lat="47.1223760" lon="28.7092342"/>
      <trkpt lat="47.1223905" lon="28.7092187"/>
      <trkpt lat="47.1224050" lon="28.7092032"/>
      <trkpt lat="47.1224194" lon="28.7091877"/>
      <trkpt lat="47.1224339" lon="28.7091721"/>
      <trkpt lat="47.1224484" lon="28.7091566"/>
      <trkpt lat="47.1224628" lon="28.7091411"/>
      <trkpt lat="47.1224712" lon="28.7091322"/>
      <trkpt lat="47.1224729" lon="28.7091406"/>
      <trkpt lat="47.1224781" lon="28.7091653"/>
      <trkpt lat="47.1224790" lon="28.7091694"/>
      <trkpt lat="47.1224860" lon="28.7091620"/>
      <trkpt lat="47.1225005" lon="28.7091465"/>
      <trkpt lat="47.1225150" lon="28.7091311"/>
      <trkpt lat="47.1225295" lon="28.7091156"/>
      <trkpt lat="47.1225385" lon="28.7091059"/>
      <trkpt lat="47.1225440" lon="28.7091001"/>
      <trkpt lat="47.1225585" lon="28.7090846"/>
      <trkpt lat="47.1225730" lon="28.7090692"/>
      <trkpt lat="47.1225793" lon="28.7090624"/>
      <trkpt lat="47.1225875" lon="28.7090537"/>
      <trkpt lat="47.1226019" lon="28.7090382"/>
      <trkpt lat="47.1226164" lon="28.7090227"/>
      <trkpt lat="47.1226309" lon="28.7090072"/>
      <trkpt lat="47.1226454" lon="28.7089918"/>
      <trkpt lat="47.1226599" lon="28.7089763"/>
      <trkpt lat="47.1226744" lon="28.7089608"/>
      <trkpt lat="47.1226889" lon="28.7089453"/>
      <trkpt lat="47.1227034" lon="28.7089299"/>
      <trkpt lat="47.1227179" lon="28.7089144"/>
      <trkpt lat="47.1227324" lon="28.7088989"/>
      <trkpt lat="47.1227469" lon="28.7088834"/>
      <trkpt lat="47.1227614" lon="28.7088680"/>
      <trkpt lat="47.1227469" lon="28.7088834"/>
      <trkpt lat="47.1227324" lon="28.7088989"/>
      <trkpt lat="47.1227179" lon="28.7089144"/>
      <trkpt lat="47.1227034" lon="28.7089299"/>
      <trkpt lat="47.1226889" lon="28.7089453"/>
      <trkpt lat="47.1226744" lon="28.7089608"/>
      <trkpt lat="47.1226601" lon="28.7089746"/>
      <trkpt lat="47.1226579" lon="28.7089769"/>
      <trkpt lat="47.1226435" lon="28.7089924"/>
      <trkpt lat="47.1226309" lon="28.7090072"/>
      <trkpt lat="47.1226164" lon="28.7090227"/>
      <trkpt lat="47.1226093" lon="28.7090291"/>
      <trkpt lat="47.1226001" lon="28.7090390"/>
      <trkpt lat="47.1225875" lon="28.7090537"/>
      <trkpt lat="47.1225793" lon="28.7090624"/>
      <trkpt lat="47.1225730" lon="28.7090692"/>
      <trkpt lat="47.1225585" lon="28.7090846"/>
      <trkpt lat="47.1225440" lon="28.7091001"/>
      <trkpt lat="47.1225385" lon="28.7091059"/>
      <trkpt lat="47.1225295" lon="28.7091156"/>
      <trkpt lat="47.1225150" lon="28.7091311"/>
      <trkpt lat="47.1225005" lon="28.7091465"/>
      <trkpt lat="47.1224860" lon="28.7091620"/>
      <trkpt lat="47.1224790" lon="28.7091694"/>
      <trkpt lat="47.1224833" lon="28.7091901"/>
      <trkpt lat="47.1224869" lon="28.7092071"/>
      <trkpt lat="47.1224886" lon="28.7092148"/>
      <trkpt lat="47.1224938" lon="28.7092396"/>
      <trkpt lat="47.1224947" lon="28.7092440"/>
      <trkpt lat="47.1224954" lon="28.7092473"/>
      <trkpt lat="47.1224990" lon="28.7092643"/>
      <trkpt lat="47.1225022" lon="28.7092794"/>
      <trkpt lat="47.1225024" lon="28.7092807"/>
      <trkpt lat="47.1225042" lon="28.7092891"/>
      <trkpt lat="47.1225094" lon="28.7093138"/>
      <trkpt lat="47.1225105" lon="28.7093191"/>
      <trkpt lat="47.1225202" lon="28.7093088"/>
      <trkpt lat="47.1225347" lon="28.7092934"/>
      <trkpt lat="47.1225492" lon="28.7092780"/>
      <trkpt lat="47.1225638" lon="28.7092626"/>
      <trkpt lat="47.1225783" lon="28.7092471"/>
      <trkpt lat="47.1225882" lon="28.7092365"/>
      <trkpt lat="47.1225928" lon="28.7092317"/>
      <trkpt lat="47.1226073" lon="28.7092162"/>
      <trkpt lat="47.1226217" lon="28.7092007"/>
      <trkpt lat="47.1226362" lon="28.7091852"/>
      <trkpt lat="47.1226507" lon="28.7091696"/>
      <trkpt lat="47.1226652" lon="28.7091541"/>
      <trkpt lat="47.1226797" lon="28.7091386"/>
      <trkpt lat="47.1226960" lon="28.7091211"/>
      <trkpt lat="47.1227086" lon="28.7091076"/>
      <trkpt lat="47.1227231" lon="28.7090921"/>
      <trkpt lat="47.1227376" lon="28.7090766"/>
      <trkpt lat="47.1227520" lon="28.7090610"/>
      <trkpt lat="47.1227665" lon="28.7090455"/>
      <trkpt lat="47.1227810" lon="28.7090300"/>
      <trkpt lat="47.1227955" lon="28.7090145"/>
      <trkpt lat="47.1228100" lon="28.7089990"/>
      <trkpt lat="47.1228244" lon="28.7089835"/>
      <trkpt lat="47.1228389" lon="28.7089680"/>
      <trkpt lat="47.1228534" lon="28.7089525"/>
      <trkpt lat="47.1228679" lon="28.7089369"/>
      <trkpt lat="47.1228824" lon="28.7089214"/>
      <trkpt lat="47.1228968" lon="28.7089059"/>
      <trkpt lat="47.1229113" lon="28.7088904"/>
      <trkpt lat="47.1229258" lon="28.7088749"/>
      <trkpt lat="47.1229317" lon="28.7088685"/>
      <trkpt lat="47.1229403" lon="28.7088594"/>
      <trkpt lat="47.1229547" lon="28.7088439"/>
      <trkpt lat="47.1229596" lon="28.7088387"/>
      <trkpt lat="47.1229692" lon="28.7088283"/>
      <trkpt lat="47.1229837" lon="28.7088128"/>
      <trkpt lat="47.1229982" lon="28.7087973"/>
      <trkpt lat="47.1230127" lon="28.7087818"/>
      <trkpt lat="47.1230271" lon="28.7087663"/>
      <trkpt lat="47.1230416" lon="28.7087507"/>
      <trkpt lat="47.1230561" lon="28.7087352"/>
      <trkpt lat="47.1230706" lon="28.7087197"/>
      <trkpt lat="47.1230850" lon="28.7087042"/>
      <trkpt lat="47.1230995" lon="28.7086887"/>
      <trkpt lat="47.1231140" lon="28.7086733"/>
      <trkpt lat="47.1231285" lon="28.7086578"/>
      <trkpt lat="47.1231431" lon="28.7086424"/>
      <trkpt lat="47.1231577" lon="28.7086272"/>
      <trkpt lat="47.1231723" lon="28.7086119"/>
      <trkpt lat="47.1231869" lon="28.7085967"/>
      <trkpt lat="47.1232015" lon="28.7085814"/>
      <trkpt lat="47.1232161" lon="28.7085662"/>
      <trkpt lat="47.1232267" lon="28.7085524"/>
      <trkpt lat="47.1232296" lon="28.7085487"/>
      <trkpt lat="47.1232741" lon="28.7085969"/>
      <trkpt lat="47.1232838" lon="28.7086729"/>
      <trkpt lat="47.1232693" lon="28.7086883"/>
      <trkpt lat="47.1232545" lon="28.7087032"/>
      <trkpt lat="47.1232393" lon="28.7087172"/>
      <trkpt lat="47.1232248" lon="28.7087325"/>
      <trkpt lat="47.1232102" lon="28.7087478"/>
      <trkpt lat="47.1231992" lon="28.7087594"/>
      <trkpt lat="47.1231957" lon="28.7087631"/>
      <trkpt lat="47.1231812" lon="28.7087786"/>
      <trkpt lat="47.1231668" lon="28.7087942"/>
      <trkpt lat="47.1231524" lon="28.7088098"/>
      <trkpt lat="47.1231380" lon="28.7088254"/>
      <trkpt lat="47.1231236" lon="28.7088410"/>
      <trkpt lat="47.1231092" lon="28.7088565"/>
      <trkpt lat="47.1230947" lon="28.7088721"/>
      <trkpt lat="47.1230803" lon="28.7088877"/>
      <trkpt lat="47.1230659" lon="28.7089033"/>
      <trkpt lat="47.1230515" lon="28.7089189"/>
      <trkpt lat="47.1230371" lon="28.7089345"/>
      <trkpt lat="47.1230227" lon="28.7089501"/>
      <trkpt lat="47.1230083" lon="28.7089657"/>
      <trkpt lat="47.1229939" lon="28.7089813"/>
      <trkpt lat="47.1229868" lon="28.7089889"/>
      <trkpt lat="47.1229794" lon="28.7089968"/>
      <trkpt lat="47.1229650" lon="28.7090123"/>
      <trkpt lat="47.1229505" lon="28.7090278"/>
      <trkpt lat="47.1229361" lon="28.7090434"/>
      <trkpt lat="47.1229217" lon="28.7090589"/>
      <trkpt lat="47.1229072" lon="28.7090744"/>
      <trkpt lat="47.1229063" lon="28.7090754"/>
      <trkpt lat="47.1228928" lon="28.7090899"/>
      <trkpt lat="47.1228783" lon="28.7091054"/>
      <trkpt lat="47.1228639" lon="28.7091210"/>
      <trkpt lat="47.1228494" lon="28.7091365"/>
      <trkpt lat="47.1228350" lon="28.7091520"/>
      <trkpt lat="47.1228205" lon="28.7091675"/>
      <trkpt lat="47.1228061" lon="28.7091830"/>
      <trkpt lat="47.1227916" lon="28.7091986"/>
      <trkpt lat="47.1227772" lon="28.7092141"/>
      <trkpt lat="47.1227627" lon="28.7092296"/>
      <trkpt lat="47.1227483" lon="28.7092451"/>
      <trkpt lat="47.1227339" lon="28.7092606"/>
      <trkpt lat="47.1227194" lon="28.7092762"/>
      <trkpt lat="47.1227050" lon="28.7092917"/>
      <trkpt lat="47.1226905" lon="28.7093072"/>
      <trkpt lat="47.1226761" lon="28.7093227"/>
      <trkpt lat="47.1226616" lon="28.7093382"/>
      <trkpt lat="47.1226472" lon="28.7093538"/>
      <trkpt lat="47.1226327" lon="28.7093693"/>
      <trkpt lat="47.1226183" lon="28.7093848"/>
      <trkpt lat="47.1226039" lon="28.7094003"/>
      <trkpt lat="47.1225920" lon="28.7094130"/>
      <trkpt lat="47.1225894" lon="28.7094158"/>
      <trkpt lat="47.1225748" lon="28.7094311"/>
      <trkpt lat="47.1225603" lon="28.7094464"/>
      <trkpt lat="47.1225457" lon="28.7094617"/>
      <trkpt lat="47.1225413" lon="28.7094664"/>
      <trkpt lat="47.1225312" lon="28.7094770"/>
      <trkpt lat="47.1225149" lon="28.7094889"/>
      <trkpt lat="47.1225004" lon="28.7095042"/>
      <trkpt lat="47.1224858" lon="28.7095195"/>
      <trkpt lat="47.1224714" lon="28.7095350"/>
      <trkpt lat="47.1224569" lon="28.7095505"/>
      <trkpt lat="47.1224436" lon="28.7095648"/>
      <trkpt lat="47.1224425" lon="28.7095660"/>
      <trkpt lat="47.1224280" lon="28.7095816"/>
      <trkpt lat="47.1224136" lon="28.7095971"/>
      <trkpt lat="47.1223991" lon="28.7096126"/>
      <trkpt lat="47.1223847" lon="28.7096281"/>
      <trkpt lat="47.1223702" lon="28.7096436"/>
      <trkpt lat="47.1223558" lon="28.7096592"/>
      <trkpt lat="47.1223414" lon="28.7096747"/>
      <trkpt lat="47.1223308" lon="28.7096860"/>
      <trkpt lat="47.1223269" lon="28.7096902"/>
      <trkpt lat="47.1223125" lon="28.7097057"/>
      <trkpt lat="47.1222980" lon="28.7097213"/>
      <trkpt lat="47.1222895" lon="28.7097305"/>
      <trkpt lat="47.1222836" lon="28.7097368"/>
      <trkpt lat="47.1222691" lon="28.7097523"/>
      <trkpt lat="47.1222547" lon="28.7097678"/>
      <trkpt lat="47.1222403" lon="28.7097834"/>
      <trkpt lat="47.1222258" lon="28.7097989"/>
      <trkpt lat="47.1222224" lon="28.7098025"/>
      <trkpt lat="47.1222114" lon="28.7098144"/>
      <trkpt lat="47.1221969" lon="28.7098299"/>
      <trkpt lat="47.1221825" lon="28.7098454"/>
      <trkpt lat="47.1221801" lon="28.7098480"/>
      <trkpt lat="47.1221680" lon="28.7098610"/>
      <trkpt lat="47.1221536" lon="28.7098765"/>
      <trkpt lat="47.1221391" lon="28.7098920"/>
      <trkpt lat="47.1221260" lon="28.7099061"/>
      <trkpt lat="47.1221247" lon="28.7099075"/>
      <trkpt lat="47.1221103" lon="28.7099231"/>
      <trkpt lat="47.1220958" lon="28.7099386"/>
      <trkpt lat="47.1220814" lon="28.7099543"/>
      <trkpt lat="47.1220671" lon="28.7099699"/>
      <trkpt lat="47.1220549" lon="28.7099832"/>
      <trkpt lat="47.1220527" lon="28.7099856"/>
      <trkpt lat="47.1220383" lon="28.7100012"/>
      <trkpt lat="47.1220239" lon="28.7100168"/>
      <trkpt lat="47.1220095" lon="28.7100325"/>
      <trkpt lat="47.1219951" lon="28.7100481"/>
      <trkpt lat="47.1219807" lon="28.7100636"/>
      <trkpt lat="47.1219661" lon="28.7100789"/>
      <trkpt lat="47.1219516" lon="28.7100943"/>
      <trkpt lat="47.1219371" lon="28.7101096"/>
      <trkpt lat="47.1219226" lon="28.7101251"/>
      <trkpt lat="47.1219152" lon="28.7101331"/>
      <trkpt lat="47.1219082" lon="28.7101407"/>
      <trkpt lat="47.1219013" lon="28.7101481"/>
      <trkpt lat="47.1218938" lon="28.7101562"/>
      <trkpt lat="47.1218847" lon="28.7101660"/>
      <trkpt lat="47.1218793" lon="28.7101718"/>
      <trkpt lat="47.1218649" lon="28.7101873"/>
      <trkpt lat="47.1218505" lon="28.7102028"/>
      <trkpt lat="47.1218428" lon="28.7102111"/>
      <trkpt lat="47.1218360" lon="28.7102184"/>
      <trkpt lat="47.1218216" lon="28.7102339"/>
      <trkpt lat="47.1218199" lon="28.7102357"/>
      <trkpt lat="47.1218071" lon="28.7102495"/>
      <trkpt lat="47.1217927" lon="28.7102650"/>
      <trkpt lat="47.1217783" lon="28.7102805"/>
      <trkpt lat="47.1217684" lon="28.7102911"/>
      <trkpt lat="47.1217638" lon="28.7102961"/>
      <trkpt lat="47.1217603" lon="28.7102999"/>
      <trkpt lat="47.1217494" lon="28.7103116"/>
      <trkpt lat="47.1217350" lon="28.7103272"/>
      <trkpt lat="47.1217320" lon="28.7103342"/>
      <trkpt lat="47.1217411" lon="28.7103556"/>
      <trkpt lat="47.1217449" lon="28.7103647"/>
      <trkpt lat="47.1217501" lon="28.7103770"/>
      <trkpt lat="47.1217592" lon="28.7103986"/>
      <trkpt lat="47.1217687" lon="28.7103884"/>
      <trkpt lat="47.1217831" lon="28.7103729"/>
      <trkpt lat="47.1217975" lon="28.7103573"/>
      <trkpt lat="47.1218120" lon="28.7103418"/>
      <trkpt lat="47.1218264" lon="28.7103262"/>
      <trkpt lat="47.1218312" lon="28.7103210"/>
      <trkpt lat="47.1218409" lon="28.7103106"/>
      <trkpt lat="47.1218553" lon="28.7102951"/>
      <trkpt lat="47.1218698" lon="28.7102795"/>
      <trkpt lat="47.1218748" lon="28.7102740"/>
      <trkpt lat="47.1218842" lon="28.7102640"/>
      <trkpt lat="47.1218986" lon="28.7102484"/>
      <trkpt lat="47.1219131" lon="28.7102329"/>
      <trkpt lat="47.1219275" lon="28.7102173"/>
      <trkpt lat="47.1219420" lon="28.7102017"/>
      <trkpt lat="47.1219564" lon="28.7101862"/>
      <trkpt lat="47.1219709" lon="28.7101706"/>
      <trkpt lat="47.1219853" lon="28.7101551"/>
      <trkpt lat="47.1219919" lon="28.7101480"/>
      <trkpt lat="47.1219997" lon="28.7101395"/>
      <trkpt lat="47.1220142" lon="28.7101240"/>
      <trkpt lat="47.1220286" lon="28.7101084"/>
      <trkpt lat="47.1220431" lon="28.7100928"/>
      <trkpt lat="47.1220575" lon="28.7100773"/>
      <trkpt lat="47.1220603" lon="28.7100743"/>
      <trkpt lat="47.1220720" lon="28.7100617"/>
      <trkpt lat="47.1220864" lon="28.7100462"/>
      <trkpt lat="47.1221009" lon="28.7100307"/>
      <trkpt lat="47.1221153" lon="28.7100151"/>
      <trkpt lat="47.1221298" lon="28.7099996"/>
      <trkpt lat="47.1221357" lon="28.7099932"/>
      <trkpt lat="47.1221442" lon="28.7099841"/>
      <trkpt lat="47.1221501" lon="28.7099778"/>
      <trkpt lat="47.1221587" lon="28.7099686"/>
      <trkpt lat="47.1221732" lon="28.7099530"/>
      <trkpt lat="47.1221876" lon="28.7099375"/>
      <trkpt lat="47.1222021" lon="28.7099220"/>
      <trkpt lat="47.1222166" lon="28.7099065"/>
      <trkpt lat="47.1222310" lon="28.7098909"/>
      <trkpt lat="47.1222340" lon="28.7098877"/>
      <trkpt lat="47.1222366" lon="28.7098850"/>
      <trkpt lat="47.1222455" lon="28.7098754"/>
      <trkpt lat="47.1222599" lon="28.7098599"/>
      <trkpt lat="47.1222744" lon="28.7098444"/>
      <trkpt lat="47.1222889" lon="28.7098289"/>
      <trkpt lat="47.1223033" lon="28.7098133"/>
      <trkpt lat="47.1223178" lon="28.7097978"/>
      <trkpt lat="47.1223322" lon="28.7097823"/>
      <trkpt lat="47.1223467" lon="28.7097668"/>
      <trkpt lat="47.1223612" lon="28.7097512"/>
      <trkpt lat="47.1223756" lon="28.7097357"/>
      <trkpt lat="47.1223901" lon="28.7097202"/>
      <trkpt lat="47.1223934" lon="28.7097166"/>
      <trkpt lat="47.1224045" lon="28.7097047"/>
      <trkpt lat="47.1224190" lon="28.7096892"/>
      <trkpt lat="47.1224335" lon="28.7096736"/>
      <trkpt lat="47.1224479" lon="28.7096581"/>
      <trkpt lat="47.1224624" lon="28.7096426"/>
      <trkpt lat="47.1224769" lon="28.7096271"/>
      <trkpt lat="47.1224913" lon="28.7096115"/>
      <trkpt lat="47.1225058" lon="28.7095960"/>
      <trkpt lat="47.1225202" lon="28.7095805"/>
      <trkpt lat="47.1225347" lon="28.7095650"/>
      <trkpt lat="47.1225416" lon="28.7095577"/>
      <trkpt lat="47.1225510" lon="28.7095488"/>
      <trkpt lat="47.1225581" lon="28.7095472"/>
      <trkpt lat="47.1225606" lon="28.7095614"/>
      <trkpt lat="47.1225639" lon="28.7095797"/>
      <trkpt lat="47.1225655" lon="28.7095779"/>
      <trkpt lat="47.1225800" lon="28.7095624"/>
      <trkpt lat="47.1225944" lon="28.7095469"/>
      <trkpt lat="47.1226088" lon="28.7095314"/>
      <trkpt lat="47.1226232" lon="28.7095159"/>
      <trkpt lat="47.1226376" lon="28.7095003"/>
      <trkpt lat="47.1226521" lon="28.7094848"/>
      <trkpt lat="47.1226665" lon="28.7094693"/>
      <trkpt lat="47.1226809" lon="28.7094538"/>
      <trkpt lat="47.1226953" lon="28.7094383"/>
      <trkpt lat="47.1227097" lon="28.7094227"/>
      <trkpt lat="47.1227241" lon="28.7094071"/>
      <trkpt lat="47.1227385" lon="28.7093915"/>
      <trkpt lat="47.1227528" lon="28.7093759"/>
      <trkpt lat="47.1227672" lon="28.7093603"/>
      <trkpt lat="47.1227816" lon="28.7093446"/>
      <trkpt lat="47.1227960" lon="28.7093290"/>
      <trkpt lat="47.1228103" lon="28.7093134"/>
      <trkpt lat="47.1228247" lon="28.7092978"/>
      <trkpt lat="47.1228391" lon="28.7092822"/>
      <trkpt lat="47.1228534" lon="28.7092666"/>
      <trkpt lat="47.1228678" lon="28.7092510"/>
      <trkpt lat="47.1228822" lon="28.7092354"/>
      <trkpt lat="47.1228966" lon="28.7092198"/>
      <trkpt lat="47.1229109" lon="28.7092041"/>
      <trkpt lat="47.1229253" lon="28.7091885"/>
      <trkpt lat="47.1229397" lon="28.7091729"/>
      <trkpt lat="47.1229541" lon="28.7091574"/>
      <trkpt lat="47.1229685" lon="28.7091419"/>
      <trkpt lat="47.1229829" lon="28.7091263"/>
      <trkpt lat="47.1229973" lon="28.7091108"/>
      <trkpt lat="47.1230118" lon="28.7090953"/>
      <trkpt lat="47.1230262" lon="28.7090799"/>
      <trkpt lat="47.1230413" lon="28.7090638"/>
      <trkpt lat="47.1230551" lon="28.7090490"/>
      <trkpt lat="47.1230696" lon="28.7090335"/>
      <trkpt lat="47.1230840" lon="28.7090181"/>
      <trkpt lat="47.1230985" lon="28.7090026"/>
      <trkpt lat="47.1231130" lon="28.7089872"/>
      <trkpt lat="47.1231274" lon="28.7089717"/>
      <trkpt lat="47.1231358" lon="28.7089627"/>
      <trkpt lat="47.1231419" lon="28.7089563"/>
      <trkpt lat="47.1231563" lon="28.7089408"/>
      <trkpt lat="47.1231708" lon="28.7089254"/>
      <trkpt lat="47.1231852" lon="28.7089100"/>
      <trkpt lat="47.1231997" lon="28.7088945"/>
      <trkpt lat="47.1232152" lon="28.7088779"/>
      <trkpt lat="47.1232286" lon="28.7088636"/>
      <trkpt lat="47.1232431" lon="28.7088482"/>
      <trkpt lat="47.1232575" lon="28.7088327"/>
      <trkpt lat="47.1232720" lon="28.7088173"/>
      <trkpt lat="47.1232866" lon="28.7088021"/>
      <trkpt lat="47.1232923" lon="28.7087960"/>
      <trkpt lat="47.1233217" lon="28.7088551"/>
      <trkpt lat="47.1233109" lon="28.7088667"/>
      <trkpt lat="47.1233072" lon="28.7088706"/>
      <trkpt lat="47.1232926" lon="28.7088857"/>
      <trkpt lat="47.1232781" lon="28.7089013"/>
      <trkpt lat="47.1232659" lon="28.7089145"/>
      <trkpt lat="47.1232781" lon="28.7089013"/>
      <trkpt lat="47.1232926" lon="28.7088857"/>
      <trkpt lat="47.1233072" lon="28.7088706"/>
      <trkpt lat="47.1233323" lon="28.7089327"/>
      <trkpt lat="47.1233226" lon="28.7089431"/>
      <trkpt lat="47.1233178" lon="28.7089483"/>
      <trkpt lat="47.1233033" lon="28.7089636"/>
      <trkpt lat="47.1232888" lon="28.7089792"/>
      <trkpt lat="47.1232744" lon="28.7089948"/>
      <trkpt lat="47.1232644" lon="28.7090056"/>
      <trkpt lat="47.1232600" lon="28.7090104"/>
      <trkpt lat="47.1232456" lon="28.7090260"/>
      <trkpt lat="47.1232311" lon="28.7090416"/>
      <trkpt lat="47.1232167" lon="28.7090571"/>
      <trkpt lat="47.1232023" lon="28.7090727"/>
      <trkpt lat="47.1231879" lon="28.7090883"/>
      <trkpt lat="47.1231734" lon="28.7091039"/>
      <trkpt lat="47.1231590" lon="28.7091195"/>
      <trkpt lat="47.1231446" lon="28.7091351"/>
      <trkpt lat="47.1231387" lon="28.7091415"/>
      <trkpt lat="47.1231302" lon="28.7091507"/>
      <trkpt lat="47.1231157" lon="28.7091663"/>
      <trkpt lat="47.1231013" lon="28.7091819"/>
      <trkpt lat="47.1230869" lon="28.7091975"/>
      <trkpt lat="47.1230725" lon="28.7092131"/>
      <trkpt lat="47.1230580" lon="28.7092287"/>
      <trkpt lat="47.1230436" lon="28.7092443"/>
      <trkpt lat="47.1230292" lon="28.7092599"/>
      <trkpt lat="47.1230148" lon="28.7092755"/>
      <trkpt lat="47.1230003" lon="28.7092911"/>
      <trkpt lat="47.1229859" lon="28.7093067"/>
      <trkpt lat="47.1229715" lon="28.7093223"/>
      <trkpt lat="47.1229571" lon="28.7093379"/>
      <trkpt lat="47.1229426" lon="28.7093535"/>
      <trkpt lat="47.1229282" lon="28.7093691"/>
      <trkpt lat="47.1229138" lon="28.7093847"/>
      <trkpt lat="47.1228993" lon="28.7094003"/>
      <trkpt lat="47.1228849" lon="28.7094158"/>
      <trkpt lat="47.1228704" lon="28.7094313"/>
      <trkpt lat="47.1228560" lon="28.7094469"/>
      <trkpt lat="47.1228415" lon="28.7094624"/>
      <trkpt lat="47.1228271" lon="28.7094780"/>
      <trkpt lat="47.1228126" lon="28.7094936"/>
      <trkpt lat="47.1227982" lon="28.7095091"/>
      <trkpt lat="47.1227943" lon="28.7095133"/>
      <trkpt lat="47.1227838" lon="28.7095247"/>
      <trkpt lat="47.1227693" lon="28.7095403"/>
      <trkpt lat="47.1227549" lon="28.7095559"/>
      <trkpt lat="47.1227404" lon="28.7095714"/>
      <trkpt lat="47.1227260" lon="28.7095870"/>
      <trkpt lat="47.1227116" lon="28.7096026"/>
      <trkpt lat="47.1226971" lon="28.7096182"/>
      <trkpt lat="47.1226827" lon="28.7096337"/>
      <trkpt lat="47.1226682" lon="28.7096493"/>
      <trkpt lat="47.1226538" lon="28.7096649"/>
      <trkpt lat="47.1226394" lon="28.7096804"/>
      <trkpt lat="47.1226249" lon="28.7096960"/>
      <trkpt lat="47.1226105" lon="28.7097116"/>
      <trkpt lat="47.1225960" lon="28.7097272"/>
      <trkpt lat="47.1225910" lon="28.7097326"/>
      <trkpt lat="47.1225875" lon="28.7097129"/>
      <trkpt lat="47.1225841" lon="28.7096934"/>
      <trkpt lat="47.1225742" lon="28.7097040"/>
      <trkpt lat="47.1225598" lon="28.7097195"/>
      <trkpt lat="47.1225454" lon="28.7097351"/>
      <trkpt lat="47.1225309" lon="28.7097507"/>
      <trkpt lat="47.1225165" lon="28.7097663"/>
      <trkpt lat="47.1225021" lon="28.7097818"/>
      <trkpt lat="47.1224929" lon="28.7097917"/>
      <trkpt lat="47.1224876" lon="28.7097974"/>
      <trkpt lat="47.1224732" lon="28.7098130"/>
      <trkpt lat="47.1224588" lon="28.7098285"/>
      <trkpt lat="47.1224443" lon="28.7098441"/>
      <trkpt lat="47.1224299" lon="28.7098597"/>
      <trkpt lat="47.1224155" lon="28.7098752"/>
      <trkpt lat="47.1224011" lon="28.7098908"/>
      <trkpt lat="47.1223866" lon="28.7099064"/>
      <trkpt lat="47.1223777" lon="28.7099160"/>
      <trkpt lat="47.1223722" lon="28.7099220"/>
      <trkpt lat="47.1223578" lon="28.7099375"/>
      <trkpt lat="47.1223532" lon="28.7099425"/>
      <trkpt lat="47.1223433" lon="28.7099531"/>
      <trkpt lat="47.1223289" lon="28.7099687"/>
      <trkpt lat="47.1223145" lon="28.7099842"/>
      <trkpt lat="47.1223000" lon="28.7099998"/>
      <trkpt lat="47.1222855" lon="28.7100151"/>
      <trkpt lat="47.1222709" lon="28.7100305"/>
      <trkpt lat="47.1222564" lon="28.7100459"/>
      <trkpt lat="47.1222419" lon="28.7100613"/>
      <trkpt lat="47.1222275" lon="28.7100768"/>
      <trkpt lat="47.1222130" lon="28.7100924"/>
      <trkpt lat="47.1221986" lon="28.7101079"/>
      <trkpt lat="47.1221888" lon="28.7101184"/>
      <trkpt lat="47.1221841" lon="28.7101235"/>
      <trkpt lat="47.1221697" lon="28.7101390"/>
      <trkpt lat="47.1221553" lon="28.7101546"/>
      <trkpt lat="47.1221408" lon="28.7101701"/>
      <trkpt lat="47.1221264" lon="28.7101857"/>
      <trkpt lat="47.1221119" lon="28.7102012"/>
      <trkpt lat="47.1220975" lon="28.7102168"/>
      <trkpt lat="47.1220830" lon="28.7102323"/>
      <trkpt lat="47.1220686" lon="28.7102478"/>
      <trkpt lat="47.1220541" lon="28.7102633"/>
      <trkpt lat="47.1220396" lon="28.7102788"/>
      <trkpt lat="47.1220251" lon="28.7102942"/>
      <trkpt lat="47.1220106" lon="28.7103096"/>
      <trkpt lat="47.1219996" lon="28.7103214"/>
      <trkpt lat="47.1219961" lon="28.7103251"/>
      <trkpt lat="47.1219816" lon="28.7103405"/>
      <trkpt lat="47.1219767" lon="28.7103458"/>
      <trkpt lat="47.1219672" lon="28.7103560"/>
      <trkpt lat="47.1219590" lon="28.7103647"/>
      <trkpt lat="47.1219527" lon="28.7103714"/>
      <trkpt lat="47.1219382" lon="28.7103869"/>
      <trkpt lat="47.1219237" lon="28.7104023"/>
      <trkpt lat="47.1219103" lon="28.7104166"/>
      <trkpt lat="47.1218947" lon="28.7104332"/>
      <trkpt lat="47.1218802" lon="28.7104487"/>
      <trkpt lat="47.1218657" lon="28.7104641"/>
      <trkpt lat="47.1218512" lon="28.7104795"/>
      <trkpt lat="47.1218367" lon="28.7104950"/>
      <trkpt lat="47.1218222" lon="28.7105104"/>
      <trkpt lat="47.1218077" lon="28.7105259"/>
      <trkpt lat="47.1218063" lon="28.7105274"/>
      <trkpt lat="47.1218065" lon="28.7105298"/>
      <trkpt lat="47.1218084" lon="28.7105540"/>
      <trkpt lat="47.1218099" lon="28.7105718"/>
      <trkpt lat="47.1218104" lon="28.7105782"/>
      <trkpt lat="47.1218124" lon="28.7106023"/>
      <trkpt lat="47.1218135" lon="28.7106155"/>
      <trkpt lat="47.1218144" lon="28.7106265"/>
      <trkpt lat="47.1218163" lon="28.7106507"/>
      <trkpt lat="47.1218167" lon="28.7106558"/>
      <trkpt lat="47.1218183" lon="28.7106749"/>
      <trkpt lat="47.1218195" lon="28.7106901"/>
      <trkpt lat="47.1218200" lon="28.7106960"/>
      <trkpt lat="47.1218207" lon="28.7107053"/>
      <trkpt lat="47.1218700" lon="28.7107287"/>
      <trkpt lat="47.1218710" lon="28.7107307"/>
      <trkpt lat="47.1218852" lon="28.7107158"/>
      <trkpt lat="47.1218997" lon="28.7107006"/>
      <trkpt lat="47.1219142" lon="28.7106853"/>
      <trkpt lat="47.1219287" lon="28.7106699"/>
      <trkpt lat="47.1219431" lon="28.7106545"/>
      <trkpt lat="47.1219575" lon="28.7106391"/>
      <trkpt lat="47.1219719" lon="28.7106237"/>
      <trkpt lat="47.1219863" lon="28.7106082"/>
      <trkpt lat="47.1220008" lon="28.7105928"/>
      <trkpt lat="47.1220152" lon="28.7105774"/>
      <trkpt lat="47.1220296" lon="28.7105620"/>
      <trkpt lat="47.1220441" lon="28.7105465"/>
      <trkpt lat="47.1220584" lon="28.7105312"/>
      <trkpt lat="47.1220681" lon="28.7105208"/>
      <trkpt lat="47.1220729" lon="28.7105158"/>
      <trkpt lat="47.1220872" lon="28.7105003"/>
      <trkpt lat="47.1221016" lon="28.7104849"/>
      <trkpt lat="47.1221160" lon="28.7104694"/>
      <trkpt lat="47.1221304" lon="28.7104539"/>
      <trkpt lat="47.1221367" lon="28.7104472"/>
      <trkpt lat="47.1221448" lon="28.7104385"/>
      <trkpt lat="47.1221592" lon="28.7104230"/>
      <trkpt lat="47.1221736" lon="28.7104075"/>
      <trkpt lat="47.1221888" lon="28.7103912"/>
      <trkpt lat="47.1222024" lon="28.7103766"/>
      <trkpt lat="47.1222109" lon="28.7103674"/>
      <trkpt lat="47.1222168" lon="28.7103612"/>
      <trkpt lat="47.1222312" lon="28.7103457"/>
      <trkpt lat="47.1222456" lon="28.7103302"/>
      <trkpt lat="47.1222599" lon="28.7103148"/>
      <trkpt lat="47.1222743" lon="28.7102993"/>
      <trkpt lat="47.1222887" lon="28.7102838"/>
      <trkpt lat="47.1223031" lon="28.7102684"/>
      <trkpt lat="47.1223083" lon="28.7102628"/>
      <trkpt lat="47.1223175" lon="28.7102529"/>
      <trkpt lat="47.1223319" lon="28.7102374"/>
      <trkpt lat="47.1223463" lon="28.7102220"/>
      <trkpt lat="47.1223607" lon="28.7102065"/>
      <trkpt lat="47.1223751" lon="28.7101910"/>
      <trkpt lat="47.1223895" lon="28.7101756"/>
      <trkpt lat="47.1224039" lon="28.7101601"/>
      <trkpt lat="47.1224183" lon="28.7101447"/>
      <trkpt lat="47.1224327" lon="28.7101292"/>
      <trkpt lat="47.1224470" lon="28.7101137"/>
      <trkpt lat="47.1224614" lon="28.7100983"/>
      <trkpt lat="47.1224758" lon="28.7100827"/>
      <trkpt lat="47.1224901" lon="28.7100672"/>
      <trkpt lat="47.1225045" lon="28.7100517"/>
      <trkpt lat="47.1225189" lon="28.7100362"/>
      <trkpt lat="47.1225333" lon="28.7100207"/>
      <trkpt lat="47.1225476" lon="28.7100051"/>
      <trkpt lat="47.1225620" lon="28.7099896"/>
      <trkpt lat="47.1225763" lon="28.7099741"/>
      <trkpt lat="47.1225907" lon="28.7099585"/>
      <trkpt lat="47.1226050" lon="28.7099430"/>
      <trkpt lat="47.1226194" lon="28.7099274"/>
      <trkpt lat="47.1226246" lon="28.7099217"/>
      <trkpt lat="47.1226279" lon="28.7099401"/>
      <trkpt lat="47.1226305" lon="28.7099542"/>
      <trkpt lat="47.1226315" lon="28.7099600"/>
      <trkpt lat="47.1226262" lon="28.7099657"/>
      <trkpt lat="47.1226315" lon="28.7099600"/>
      <trkpt lat="47.1226391" lon="28.7099519"/>
      <trkpt lat="47.1226536" lon="28.7099363"/>
      <trkpt lat="47.1226681" lon="28.7099207"/>
      <trkpt lat="47.1226825" lon="28.7099051"/>
      <trkpt lat="47.1226970" lon="28.7098895"/>
      <trkpt lat="47.1227005" lon="28.7098857"/>
      <trkpt lat="47.1227115" lon="28.7098739"/>
      <trkpt lat="47.1227260" lon="28.7098583"/>
      <trkpt lat="47.1227405" lon="28.7098427"/>
      <trkpt lat="47.1227550" lon="28.7098271"/>
      <trkpt lat="47.1227695" lon="28.7098115"/>
      <trkpt lat="47.1227726" lon="28.7098082"/>
      <trkpt lat="47.1227839" lon="28.7097960"/>
      <trkpt lat="47.1227987" lon="28.7097800"/>
      <trkpt lat="47.1228129" lon="28.7097648"/>
      <trkpt lat="47.1228274" lon="28.7097492"/>
      <trkpt lat="47.1228419" lon="28.7097336"/>
      <trkpt lat="47.1228564" lon="28.7097180"/>
      <trkpt lat="47.1228709" lon="28.7097024"/>
      <trkpt lat="47.1228854" lon="28.7096868"/>
      <trkpt lat="47.1228998" lon="28.7096712"/>
      <trkpt lat="47.1229143" lon="28.7096556"/>
      <trkpt lat="47.1229288" lon="28.7096400"/>
      <trkpt lat="47.1229433" lon="28.7096244"/>
      <trkpt lat="47.1229578" lon="28.7096089"/>
      <trkpt lat="47.1229723" lon="28.7095933"/>
      <trkpt lat="47.1229858" lon="28.7095757"/>
      <trkpt lat="47.1229914" lon="28.7095697"/>
      <trkpt lat="47.1230002" lon="28.7095601"/>
      <trkpt lat="47.1230172" lon="28.7095418"/>
      <trkpt lat="47.1230292" lon="28.7095288"/>
      <trkpt lat="47.1230436" lon="28.7095131"/>
      <trkpt lat="47.1230581" lon="28.7094975"/>
      <trkpt lat="47.1230700" lon="28.7094846"/>
      <trkpt lat="47.1230725" lon="28.7094819"/>
      <trkpt lat="47.1230870" lon="28.7094662"/>
      <trkpt lat="47.1231015" lon="28.7094506"/>
      <trkpt lat="47.1231159" lon="28.7094349"/>
      <trkpt lat="47.1231304" lon="28.7094193"/>
      <trkpt lat="47.1231448" lon="28.7094036"/>
      <trkpt lat="47.1231546" lon="28.7093931"/>
      <trkpt lat="47.1231593" lon="28.7093880"/>
      <trkpt lat="47.1231743" lon="28.7093733"/>
      <trkpt lat="47.1231887" lon="28.7093577"/>
      <trkpt lat="47.1232032" lon="28.7093421"/>
      <trkpt lat="47.1232043" lon="28.7093409"/>
      <trkpt lat="47.1232094" lon="28.7093353"/>
      <trkpt lat="47.1232176" lon="28.7093264"/>
      <trkpt lat="47.1232321" lon="28.7093108"/>
      <trkpt lat="47.1232466" lon="28.7092952"/>
      <trkpt lat="47.1232610" lon="28.7092795"/>
      <trkpt lat="47.1232746" lon="28.7092649"/>
      <trkpt lat="47.1232755" lon="28.7092639"/>
      <trkpt lat="47.1232900" lon="28.7092482"/>
      <trkpt lat="47.1233044" lon="28.7092326"/>
      <trkpt lat="47.1233189" lon="28.7092170"/>
      <trkpt lat="47.1233334" lon="28.7092013"/>
      <trkpt lat="47.1233478" lon="28.7091857"/>
      <trkpt lat="47.1233617" lon="28.7091689"/>
      <trkpt lat="47.1233653" lon="28.7091651"/>
      <trkpt lat="47.1233718" lon="28.7091581"/>
      <trkpt lat="47.1233762" lon="28.7091533"/>
      <trkpt lat="47.1233487" lon="28.7090982"/>
      <trkpt lat="47.1233430" lon="28.7091043"/>
      <trkpt lat="47.1233274" lon="28.7091175"/>
      <trkpt lat="47.1233131" lon="28.7091331"/>
      <trkpt lat="47.1232987" lon="28.7091486"/>
      <trkpt lat="47.1232843" lon="28.7091641"/>
      <trkpt lat="47.1232701" lon="28.7091795"/>
      <trkpt lat="47.1232555" lon="28.7091952"/>
      <trkpt lat="47.1232412" lon="28.7092108"/>
      <trkpt lat="47.1232268" lon="28.7092263"/>
      <trkpt lat="47.1232124" lon="28.7092419"/>
      <trkpt lat="47.1231980" lon="28.7092574"/>
      <trkpt lat="47.1231836" lon="28.7092729"/>
      <trkpt lat="47.1231792" lon="28.7092777"/>
      <trkpt lat="47.1231693" lon="28.7092885"/>
      <trkpt lat="47.1231549" lon="28.7093040"/>
      <trkpt lat="47.1231405" lon="28.7093196"/>
      <trkpt lat="47.1231261" lon="28.7093351"/>
      <trkpt lat="47.1231117" lon="28.7093507"/>
      <trkpt lat="47.1230974" lon="28.7093662"/>
      <trkpt lat="47.1230934" lon="28.7093705"/>
      <trkpt lat="47.1230830" lon="28.7093818"/>
      <trkpt lat="47.1230686" lon="28.7093973"/>
      <trkpt lat="47.1230542" lon="28.7094128"/>
      <trkpt lat="47.1230398" lon="28.7094284"/>
      <trkpt lat="47.1230378" lon="28.7094306"/>
      <trkpt lat="47.1230255" lon="28.7094439"/>
      <trkpt lat="47.1230111" lon="28.7094594"/>
      <trkpt lat="47.1229967" lon="28.7094750"/>
      <trkpt lat="47.1229823" lon="28.7094905"/>
      <trkpt lat="47.1229679" lon="28.7095061"/>
      <trkpt lat="47.1229541" lon="28.7095210"/>
      <trkpt lat="47.1229392" lon="28.7095372"/>
      <trkpt lat="47.1229248" lon="28.7095527"/>
      <trkpt lat="47.1229104" lon="28.7095682"/>
      <trkpt lat="47.1228960" lon="28.7095838"/>
      <trkpt lat="47.1228816" lon="28.7095993"/>
      <trkpt lat="47.1228730" lon="28.7096087"/>
      <trkpt lat="47.1228673" lon="28.7096149"/>
      <trkpt lat="47.1228529" lon="28.7096304"/>
      <trkpt lat="47.1228385" lon="28.7096460"/>
      <trkpt lat="47.1228292" lon="28.7096560"/>
      <trkpt lat="47.1228241" lon="28.7096615"/>
      <trkpt lat="47.1228097" lon="28.7096770"/>
      <trkpt lat="47.1227954" lon="28.7096926"/>
      <trkpt lat="47.1227810" lon="28.7097081"/>
      <trkpt lat="47.1227666" lon="28.7097237"/>
      <trkpt lat="47.1227522" lon="28.7097392"/>
      <trkpt lat="47.1227460" lon="28.7097459"/>
      <trkpt lat="47.1227378" lon="28.7097548"/>
      <trkpt lat="47.1227235" lon="28.7097703"/>
      <trkpt lat="47.1227091" lon="28.7097858"/>
      <trkpt lat="47.1226947" lon="28.7098014"/>
      <trkpt lat="47.1226835" lon="28.7098135"/>
      <trkpt lat="47.1226803" lon="28.7098169"/>
      <trkpt lat="47.1226659" lon="28.7098325"/>
      <trkpt lat="47.1226515" lon="28.7098480"/>
      <trkpt lat="47.1226372" lon="28.7098636"/>
      <trkpt lat="47.1226228" lon="28.7098791"/>
      <trkpt lat="47.1226180" lon="28.7098843"/>
      <trkpt lat="47.1226144" lon="28.7098644"/>
      <trkpt lat="47.1226113" lon="28.7098466"/>
      <trkpt lat="47.1225968" lon="28.7098622"/>
      <trkpt lat="47.1225824" lon="28.7098777"/>
      <trkpt lat="47.1225680" lon="28.7098933"/>
      <trkpt lat="47.1225536" lon="28.7099088"/>
      <trkpt lat="47.1225391" lon="28.7099244"/>
      <trkpt lat="47.1225247" lon="28.7099400"/>
      <trkpt lat="47.1225103" lon="28.7099555"/>
      <trkpt lat="47.1224959" lon="28.7099711"/>
      <trkpt lat="47.1224814" lon="28.7099866"/>
      <trkpt lat="47.1224670" lon="28.7100021"/>
      <trkpt lat="47.1224526" lon="28.7100177"/>
      <trkpt lat="47.1224381" lon="28.7100332"/>
      <trkpt lat="47.1224237" lon="28.7100488"/>
      <trkpt lat="47.1224093" lon="28.7100644"/>
      <trkpt lat="47.1223949" lon="28.7100799"/>
      <trkpt lat="47.1223804" lon="28.7100955"/>
      <trkpt lat="47.1223660" lon="28.7101110"/>
      <trkpt lat="47.1223516" lon="28.7101266"/>
      <trkpt lat="47.1223372" lon="28.7101421"/>
      <trkpt lat="47.1223227" lon="28.7101577"/>
      <trkpt lat="47.1223083" lon="28.7101732"/>
      <trkpt lat="47.1223030" lon="28.7101789"/>
      <trkpt lat="47.1222939" lon="28.7101888"/>
      <trkpt lat="47.1222795" lon="28.7102043"/>
      <trkpt lat="47.1222650" lon="28.7102199"/>
      <trkpt lat="47.1222506" lon="28.7102355"/>
      <trkpt lat="47.1222362" lon="28.7102510"/>
      <trkpt lat="47.1222221" lon="28.7102662"/>
      <trkpt lat="47.1222073" lon="28.7102821"/>
      <trkpt lat="47.1222054" lon="28.7102842"/>
      <trkpt lat="47.1221929" lon="28.7102977"/>
      <trkpt lat="47.1221785" lon="28.7103132"/>
      <trkpt lat="47.1221641" lon="28.7103288"/>
      <trkpt lat="47.1221496" lon="28.7103443"/>
      <trkpt lat="47.1221352" lon="28.7103599"/>
      <trkpt lat="47.1221278" lon="28.7103678"/>
      <trkpt lat="47.1221208" lon="28.7103755"/>
      <trkpt lat="47.1221064" lon="28.7103910"/>
      <trkpt lat="47.1220919" lon="28.7104066"/>
      <trkpt lat="47.1220775" lon="28.7104221"/>
      <trkpt lat="47.1220631" lon="28.7104377"/>
      <trkpt lat="47.1220486" lon="28.7104531"/>
      <trkpt lat="47.1220403" lon="28.7104619"/>
      <trkpt lat="47.1220341" lon="28.7104685"/>
      <trkpt lat="47.1220196" lon="28.7104840"/>
      <trkpt lat="47.1220051" lon="28.7104994"/>
      <trkpt lat="47.1219906" lon="28.7105148"/>
      <trkpt lat="47.1219762" lon="28.7105303"/>
      <trkpt lat="47.1219617" lon="28.7105457"/>
      <trkpt lat="47.1219472" lon="28.7105611"/>
      <trkpt lat="47.1219327" lon="28.7105766"/>
      <trkpt lat="47.1219182" lon="28.7105920"/>
      <trkpt lat="47.1219037" lon="28.7106075"/>
      <trkpt lat="47.1218961" lon="28.7106156"/>
      <trkpt lat="47.1218892" lon="28.7106229"/>
      <trkpt lat="47.1218748" lon="28.7106383"/>
      <trkpt lat="47.1218603" lon="28.7106538"/>
      <trkpt lat="47.1218458" lon="28.7106692"/>
      <trkpt lat="47.1218313" lon="28.7106846"/>
      <trkpt lat="47.1218200" lon="28.7106960"/>
      <trkpt lat="47.1218195" lon="28.7106901"/>
      <trkpt lat="47.1218183" lon="28.7106749"/>
      <trkpt lat="47.1218167" lon="28.7106558"/>
      <trkpt lat="47.1218219" lon="28.7106503"/>
      <trkpt lat="47.1218363" lon="28.7106349"/>
      <trkpt lat="47.1218508" lon="28.7106195"/>
      <trkpt lat="47.1218652" lon="28.7106041"/>
      <trkpt lat="47.1218796" lon="28.7105887"/>
      <trkpt lat="47.1218941" lon="28.7105734"/>
      <trkpt lat="47.1219085" lon="28.7105580"/>
      <trkpt lat="47.1219229" lon="28.7105426"/>
      <trkpt lat="47.1219374" lon="28.7105272"/>
      <trkpt lat="47.1219518" lon="28.7105118"/>
      <trkpt lat="47.1219662" lon="28.7104964"/>
      <trkpt lat="47.1219807" lon="28.7104810"/>
      <trkpt lat="47.1219951" lon="28.7104656"/>
      <trkpt lat="47.1220095" lon="28.7104502"/>
      <trkpt lat="47.1220240" lon="28.7104348"/>
      <trkpt lat="47.1220258" lon="28.7104328"/>
      <trkpt lat="47.1220384" lon="28.7104194"/>
      <trkpt lat="47.1220528" lon="28.7104040"/>
      <trkpt lat="47.1220672" lon="28.7103885"/>
      <trkpt lat="47.1220727" lon="28.7103825"/>
      <trkpt lat="47.1220816" lon="28.7103730"/>
      <trkpt lat="47.1220959" lon="28.7103574"/>
      <trkpt lat="47.1221103" lon="28.7103419"/>
      <trkpt lat="47.1221247" lon="28.7103264"/>
      <trkpt lat="47.1221390" lon="28.7103109"/>
      <trkpt lat="47.1221534" lon="28.7102954"/>
      <trkpt lat="47.1221678" lon="28.7102799"/>
      <trkpt lat="47.1221822" lon="28.7102643"/>
      <trkpt lat="47.1221907" lon="28.7102551"/>
      <trkpt lat="47.1221965" lon="28.7102488"/>
      <trkpt lat="47.1222109" lon="28.7102333"/>
      <trkpt lat="47.1222253" lon="28.7102178"/>
      <trkpt lat="47.1222397" lon="28.7102023"/>
      <trkpt lat="47.1222426" lon="28.7101991"/>
      <trkpt lat="47.1222540" lon="28.7101868"/>
      <trkpt lat="47.1222684" lon="28.7101713"/>
      <trkpt lat="47.1222828" lon="28.7101557"/>
      <trkpt lat="47.1222884" lon="28.7101497"/>
      <trkpt lat="47.1222971" lon="28.7101402"/>
      <trkpt lat="47.1223115" lon="28.7101247"/>
      <trkpt lat="47.1223259" lon="28.7101092"/>
      <trkpt lat="47.1223345" lon="28.7100999"/>
      <trkpt lat="47.1223403" lon="28.7100937"/>
      <trkpt lat="47.1223546" lon="28.7100782"/>
      <trkpt lat="47.1223690" lon="28.7100627"/>
      <trkpt lat="47.1223834" lon="28.7100471"/>
      <trkpt lat="47.1223978" lon="28.7100316"/>
      <trkpt lat="47.1224121" lon="28.7100161"/>
      <trkpt lat="47.1224167" lon="28.7100112"/>
      <trkpt lat="47.1224265" lon="28.7100006"/>
      <trkpt lat="47.1224409" lon="28.7099851"/>
      <trkpt lat="47.1224552" lon="28.7099696"/>
      <trkpt lat="47.1224696" lon="28.7099541"/>
      <trkpt lat="47.1224840" lon="28.7099385"/>
      <trkpt lat="47.1224984" lon="28.7099230"/>
      <trkpt lat="47.1225127" lon="28.7099075"/>
      <trkpt lat="47.1225271" lon="28.7098920"/>
      <trkpt lat="47.1225415" lon="28.7098765"/>
      <trkpt lat="47.1225559" lon="28.7098610"/>
      <trkpt lat="47.1225702" lon="28.7098454"/>
      <trkpt lat="47.1225846" lon="28.7098299"/>
      <trkpt lat="47.1225990" lon="28.7098144"/>
      <trkpt lat="47.1226045" lon="28.7098084"/>
      <trkpt lat="47.1226133" lon="28.7097989"/>
      <trkpt lat="47.1226277" lon="28.7097834"/>
      <trkpt lat="47.1226421" lon="28.7097679"/>
      <trkpt lat="47.1226565" lon="28.7097524"/>
      <trkpt lat="47.1226708" lon="28.7097368"/>
      <trkpt lat="47.1226852" lon="28.7097213"/>
      <trkpt lat="47.1226996" lon="28.7097058"/>
      <trkpt lat="47.1227140" lon="28.7096903"/>
      <trkpt lat="47.1227283" lon="28.7096748"/>
      <trkpt lat="47.1227427" lon="28.7096593"/>
      <trkpt lat="47.1227571" lon="28.7096437"/>
      <trkpt lat="47.1227714" lon="28.7096282"/>
      <trkpt lat="47.1227858" lon="28.7096127"/>
      <trkpt lat="47.1228002" lon="28.7095972"/>
      <trkpt lat="47.1228146" lon="28.7095817"/>
      <trkpt lat="47.1228289" lon="28.7095662"/>
      <trkpt lat="47.1228433" lon="28.7095506"/>
      <trkpt lat="47.1228577" lon="28.7095351"/>
      <trkpt lat="47.1228720" lon="28.7095196"/>
      <trkpt lat="47.1228864" lon="28.7095041"/>
      <trkpt lat="47.1229008" lon="28.7094886"/>
      <trkpt lat="47.1229152" lon="28.7094731"/>
      <trkpt lat="47.1229269" lon="28.7094604"/>
      <trkpt lat="47.1229295" lon="28.7094575"/>
      <trkpt lat="47.1229439" lon="28.7094420"/>
      <trkpt lat="47.1229583" lon="28.7094265"/>
      <trkpt lat="47.1229726" lon="28.7094110"/>
      <trkpt lat="47.1229830" lon="28.7093998"/>
      <trkpt lat="47.1229870" lon="28.7093955"/>
      <trkpt lat="47.1230014" lon="28.7093800"/>
      <trkpt lat="47.1230158" lon="28.7093645"/>
      <trkpt lat="47.1230302" lon="28.7093490"/>
      <trkpt lat="47.1230445" lon="28.7093334"/>
      <trkpt lat="47.1230589" lon="28.7093179"/>
      <trkpt lat="47.1230733" lon="28.7093024"/>
      <trkpt lat="47.1230876" lon="28.7092869"/>
      <trkpt lat="47.1231020" lon="28.7092714"/>
      <trkpt lat="47.1231164" lon="28.7092558"/>
      <trkpt lat="47.1231206" lon="28.7092513"/>
      <trkpt lat="47.1231308" lon="28.7092403"/>
      <trkpt lat="47.1231381" lon="28.7092324"/>
      <trkpt lat="47.1231451" lon="28.7092248"/>
      <trkpt lat="47.1231595" lon="28.7092093"/>
      <trkpt lat="47.1231739" lon="28.7091938"/>
      <trkpt lat="47.1231882" lon="28.7091783"/>
      <trkpt lat="47.1232026" lon="28.7091627"/>
      <trkpt lat="47.1232170" lon="28.7091472"/>
      <trkpt lat="47.1232314" lon="28.7091317"/>
      <trkpt lat="47.1232457" lon="28.7091162"/>
      <trkpt lat="47.1232601" lon="28.7091007"/>
      <trkpt lat="47.1232745" lon="28.7090851"/>
      <trkpt lat="47.1232888" lon="28.7090696"/>
      <trkpt lat="47.1233032" lon="28.7090541"/>
      <trkpt lat="47.1233176" lon="28.7090386"/>
      <trkpt lat="47.1233276" lon="28.7090280"/>
      <trkpt lat="47.1233321" lon="28.7090233"/>
      <trkpt lat="47.1233323" lon="28.7089327"/>
      <trkpt lat="47.1233253" lon="28.7088956"/>
      <trkpt lat="47.1232959" lon="28.7088370"/>
      <trkpt lat="47.1232924" lon="28.7088408"/>
      <trkpt lat="47.1232779" lon="28.7088563"/>
      <trkpt lat="47.1232635" lon="28.7088718"/>
      <trkpt lat="47.1232511" lon="28.7088850"/>
      <trkpt lat="47.1232490" lon="28.7088873"/>
      <trkpt lat="47.1232345" lon="28.7089028"/>
      <trkpt lat="47.1232300" lon="28.7089076"/>
      <trkpt lat="47.1232201" lon="28.7089183"/>
      <trkpt lat="47.1232056" lon="28.7089338"/>
      <trkpt lat="47.1231911" lon="28.7089493"/>
      <trkpt lat="47.1231793" lon="28.7089620"/>
      <trkpt lat="47.1231622" lon="28.7089803"/>
      <trkpt lat="47.1231477" lon="28.7089958"/>
      <trkpt lat="47.1231333" lon="28.7090113"/>
      <trkpt lat="47.1231188" lon="28.7090268"/>
      <trkpt lat="47.1231043" lon="28.7090423"/>
      <trkpt lat="47.1230899" lon="28.7090578"/>
      <trkpt lat="47.1230754" lon="28.7090733"/>
      <trkpt lat="47.1230609" lon="28.7090888"/>
      <trkpt lat="47.1230465" lon="28.7091043"/>
      <trkpt lat="47.1230320" lon="28.7091198"/>
      <trkpt lat="47.1230175" lon="28.7091353"/>
      <trkpt lat="47.1230031" lon="28.7091508"/>
      <trkpt lat="47.1229886" lon="28.7091663"/>
      <trkpt lat="47.1229741" lon="28.7091818"/>
      <trkpt lat="47.1229597" lon="28.7091973"/>
      <trkpt lat="47.1229452" lon="28.7092128"/>
      <trkpt lat="47.1229390" lon="28.7092195"/>
      <trkpt lat="47.1229308" lon="28.7092284"/>
      <trkpt lat="47.1229163" lon="28.7092439"/>
      <trkpt lat="47.1229019" lon="28.7092595"/>
      <trkpt lat="47.1228884" lon="28.7092741"/>
      <trkpt lat="47.1228875" lon="28.7092751"/>
      <trkpt lat="47.1228731" lon="28.7092907"/>
      <trkpt lat="47.1228586" lon="28.7093062"/>
      <trkpt lat="47.1228442" lon="28.7093218"/>
      <trkpt lat="47.1228298" lon="28.7093374"/>
      <trkpt lat="47.1228153" lon="28.7093530"/>
      <trkpt lat="47.1228009" lon="28.7093685"/>
      <trkpt lat="47.1227865" lon="28.7093841"/>
      <trkpt lat="47.1227721" lon="28.7093997"/>
      <trkpt lat="47.1227576" lon="28.7094153"/>
      <trkpt lat="47.1227432" lon="28.7094308"/>
      <trkpt lat="47.1227288" lon="28.7094464"/>
      <trkpt lat="47.1227143" lon="28.7094620"/>
      <trkpt lat="47.1226999" lon="28.7094776"/>
      <trkpt lat="47.1226855" lon="28.7094932"/>
      <trkpt lat="47.1226711" lon="28.7095087"/>
      <trkpt lat="47.1226566" lon="28.7095243"/>
      <trkpt lat="47.1226422" lon="28.7095399"/>
      <trkpt lat="47.1226278" lon="28.7095555"/>
      <trkpt lat="47.1226134" lon="28.7095710"/>
      <trkpt lat="47.1225989" lon="28.7095866"/>
      <trkpt lat="47.1225845" lon="28.7096022"/>
      <trkpt lat="47.1225705" lon="28.7096173"/>
      <trkpt lat="47.1225556" lon="28.7096333"/>
      <trkpt lat="47.1225411" lon="28.7096488"/>
      <trkpt lat="47.1225267" lon="28.7096643"/>
      <trkpt lat="47.1225122" lon="28.7096798"/>
      <trkpt lat="47.1224977" lon="28.7096952"/>
      <trkpt lat="47.1224833" lon="28.7097107"/>
      <trkpt lat="47.1224688" lon="28.7097262"/>
      <trkpt lat="47.1224543" lon="28.7097417"/>
      <trkpt lat="47.1224398" lon="28.7097572"/>
      <trkpt lat="47.1224254" lon="28.7097727"/>
      <trkpt lat="47.1224109" lon="28.7097882"/>
      <trkpt lat="47.1223964" lon="28.7098037"/>
      <trkpt lat="47.1223820" lon="28.7098192"/>
      <trkpt lat="47.1223675" lon="28.7098347"/>
      <trkpt lat="47.1223530" lon="28.7098502"/>
      <trkpt lat="47.1223386" lon="28.7098657"/>
      <trkpt lat="47.1223241" lon="28.7098812"/>
      <trkpt lat="47.1223096" lon="28.7098967"/>
      <trkpt lat="47.1222951" lon="28.7099121"/>
      <trkpt lat="47.1222807" lon="28.7099276"/>
      <trkpt lat="47.1222662" lon="28.7099431"/>
      <trkpt lat="47.1222517" lon="28.7099586"/>
      <trkpt lat="47.1222373" lon="28.7099741"/>
      <trkpt lat="47.1222228" lon="28.7099897"/>
      <trkpt lat="47.1222084" lon="28.7100052"/>
      <trkpt lat="47.1221939" lon="28.7100207"/>
      <trkpt lat="47.1221795" lon="28.7100363"/>
      <trkpt lat="47.1221650" lon="28.7100518"/>
      <trkpt lat="47.1221506" lon="28.7100674"/>
      <trkpt lat="47.1221362" lon="28.7100829"/>
      <trkpt lat="47.1221217" lon="28.7100985"/>
      <trkpt lat="47.1221151" lon="28.7101056"/>
      <trkpt lat="47.1221073" lon="28.7101140"/>
      <trkpt lat="47.1220928" lon="28.7101295"/>
      <trkpt lat="47.1220784" lon="28.7101451"/>
      <trkpt lat="47.1220639" lon="28.7101606"/>
      <trkpt lat="47.1220495" lon="28.7101762"/>
      <trkpt lat="47.1220350" lon="28.7101917"/>
      <trkpt lat="47.1220206" lon="28.7102073"/>
      <trkpt lat="47.1220061" lon="28.7102228"/>
      <trkpt lat="47.1219917" lon="28.7102383"/>
      <trkpt lat="47.1219773" lon="28.7102539"/>
      <trkpt lat="47.1219628" lon="28.7102694"/>
      <trkpt lat="47.1219484" lon="28.7102849"/>
      <trkpt lat="47.1219339" lon="28.7103005"/>
      <trkpt lat="47.1219195" lon="28.7103160"/>
      <trkpt lat="47.1219050" lon="28.7103316"/>
      <trkpt lat="47.1218906" lon="28.7103471"/>
      <trkpt lat="47.1218761" lon="28.7103626"/>
      <trkpt lat="47.1218707" lon="28.7103684"/>
      <trkpt lat="47.1218617" lon="28.7103782"/>
      <trkpt lat="47.1218472" lon="28.7103937"/>
      <trkpt lat="47.1218376" lon="28.7104041"/>
      <trkpt lat="47.1218328" lon="28.7104093"/>
      <trkpt lat="47.1218183" lon="28.7104248"/>
      <trkpt lat="47.1218039" lon="28.7104403"/>
      <trkpt lat="47.1217894" lon="28.7104559"/>
      <trkpt lat="47.1217853" lon="28.7104603"/>
      <trkpt lat="47.1217864" lon="28.7104627"/>
      <trkpt lat="47.1217914" lon="28.7104747"/>
      <trkpt lat="47.1217954" lon="28.7104842"/>
      <trkpt lat="47.1217984" lon="28.7104912"/>
      <trkpt lat="47.1217896" lon="28.7105007"/>
      <trkpt lat="47.1217751" lon="28.7105161"/>
      <trkpt lat="47.1217606" lon="28.7105316"/>
      <trkpt lat="47.1217461" lon="28.7105470"/>
      <trkpt lat="47.1217316" lon="28.7105625"/>
      <trkpt lat="47.1217266" lon="28.7105678"/>
      <trkpt lat="47.1217171" lon="28.7105779"/>
      <trkpt lat="47.1217026" lon="28.7105933"/>
      <trkpt lat="47.1216881" lon="28.7106088"/>
      <trkpt lat="47.1216736" lon="28.7106242"/>
      <trkpt lat="47.1216591" lon="28.7106397"/>
      <trkpt lat="47.1216497" lon="28.7106496"/>
      <trkpt lat="47.1216591" lon="28.7106397"/>
      <trkpt lat="47.1216736" lon="28.7106242"/>
      <trkpt lat="47.1216881" lon="28.7106088"/>
      <trkpt lat="47.1217026" lon="28.7105933"/>
      <trkpt lat="47.1217171" lon="28.7105779"/>
      <trkpt lat="47.1217266" lon="28.7105678"/>
      <trkpt lat="47.1217316" lon="28.7105625"/>
      <trkpt lat="47.1217461" lon="28.7105470"/>
      <trkpt lat="47.1217606" lon="28.7105316"/>
      <trkpt lat="47.1217751" lon="28.7105161"/>
      <trkpt lat="47.1217896" lon="28.7105007"/>
      <trkpt lat="47.1217984" lon="28.7104912"/>
      <trkpt lat="47.1217954" lon="28.7104842"/>
      <trkpt lat="47.1217914" lon="28.7104747"/>
      <trkpt lat="47.1217864" lon="28.7104627"/>
      <trkpt lat="47.1217853" lon="28.7104603"/>
      <trkpt lat="47.1217781" lon="28.7104431"/>
      <trkpt lat="47.1217773" lon="28.7104413"/>
      <trkpt lat="47.1217719" lon="28.7104286"/>
      <trkpt lat="47.1217683" lon="28.7104199"/>
      <trkpt lat="47.1217636" lon="28.7104089"/>
      <trkpt lat="47.1217592" lon="28.7103986"/>
      <trkpt lat="47.1217501" lon="28.7103770"/>
      <trkpt lat="47.1217449" lon="28.7103647"/>
      <trkpt lat="47.1217337" lon="28.7103768"/>
      <trkpt lat="47.1217194" lon="28.7103922"/>
      <trkpt lat="47.1217153" lon="28.7103965"/>
      <trkpt lat="47.1217194" lon="28.7103922"/>
      <trkpt lat="47.1217337" lon="28.7103768"/>
      <trkpt lat="47.1217449" lon="28.7103647"/>
      <trkpt lat="47.1217411" lon="28.7103556"/>
      <trkpt lat="47.1217320" lon="28.7103342"/>
      <trkpt lat="47.1217249" lon="28.7103174"/>
      <trkpt lat="47.1217230" lon="28.7103127"/>
      <trkpt lat="47.1217194" lon="28.7103044"/>
      <trkpt lat="47.1217227" lon="28.7103009"/>
      <trkpt lat="47.1217372" lon="28.7102853"/>
      <trkpt lat="47.1217474" lon="28.7102743"/>
      <trkpt lat="47.1217517" lon="28.7102697"/>
      <trkpt lat="47.1217661" lon="28.7102542"/>
      <trkpt lat="47.1217806" lon="28.7102386"/>
      <trkpt lat="47.1217951" lon="28.7102230"/>
      <trkpt lat="47.1218096" lon="28.7102074"/>
      <trkpt lat="47.1218241" lon="28.7101919"/>
      <trkpt lat="47.1218300" lon="28.7101855"/>
      <trkpt lat="47.1218321" lon="28.7101833"/>
      <trkpt lat="47.1218386" lon="28.7101763"/>
      <trkpt lat="47.1218531" lon="28.7101607"/>
      <trkpt lat="47.1218676" lon="28.7101451"/>
      <trkpt lat="47.1218719" lon="28.7101405"/>
      <trkpt lat="47.1218821" lon="28.7101296"/>
      <trkpt lat="47.1218966" lon="28.7101140"/>
      <trkpt lat="47.1219025" lon="28.7101077"/>
      <trkpt lat="47.1219111" lon="28.7100984"/>
      <trkpt lat="47.1219256" lon="28.7100829"/>
      <trkpt lat="47.1219402" lon="28.7100675"/>
      <trkpt lat="47.1219548" lon="28.7100521"/>
      <trkpt lat="47.1219694" lon="28.7100367"/>
      <trkpt lat="47.1219839" lon="28.7100212"/>
      <trkpt lat="47.1219983" lon="28.7100055"/>
      <trkpt lat="47.1220128" lon="28.7099899"/>
      <trkpt lat="47.1220223" lon="28.7099795"/>
      <trkpt lat="47.1220272" lon="28.7099742"/>
      <trkpt lat="47.1220421" lon="28.7099580"/>
      <trkpt lat="47.1220561" lon="28.7099428"/>
      <trkpt lat="47.1220705" lon="28.7099271"/>
      <trkpt lat="47.1220850" lon="28.7099114"/>
      <trkpt lat="47.1220995" lon="28.7098959"/>
      <trkpt lat="47.1221140" lon="28.7098803"/>
      <trkpt lat="47.1221285" lon="28.7098648"/>
      <trkpt lat="47.1221430" lon="28.7098492"/>
      <trkpt lat="47.1221575" lon="28.7098336"/>
      <trkpt lat="47.1221675" lon="28.7098229"/>
      <trkpt lat="47.1221720" lon="28.7098181"/>
      <trkpt lat="47.1221865" lon="28.7098025"/>
      <trkpt lat="47.1222010" lon="28.7097870"/>
      <trkpt lat="47.1222155" lon="28.7097714"/>
      <trkpt lat="47.1222300" lon="28.7097558"/>
      <trkpt lat="47.1222390" lon="28.7097461"/>
      <trkpt lat="47.1222445" lon="28.7097403"/>
      <trkpt lat="47.1222590" lon="28.7097247"/>
      <trkpt lat="47.1222735" lon="28.7097092"/>
      <trkpt lat="47.1222880" lon="28.7096936"/>
      <trkpt lat="47.1223025" lon="28.7096781"/>
      <trkpt lat="47.1223183" lon="28.7096611"/>
      <trkpt lat="47.1223263" lon="28.7096525"/>
      <trkpt lat="47.1223315" lon="28.7096469"/>
      <trkpt lat="47.1223460" lon="28.7096314"/>
      <trkpt lat="47.1223605" lon="28.7096158"/>
      <trkpt lat="47.1223750" lon="28.7096003"/>
      <trkpt lat="47.1223895" lon="28.7095847"/>
      <trkpt lat="47.1224040" lon="28.7095691"/>
      <trkpt lat="47.1224185" lon="28.7095536"/>
      <trkpt lat="47.1224330" lon="28.7095380"/>
      <trkpt lat="47.1224475" lon="28.7095225"/>
      <trkpt lat="47.1224620" lon="28.7095069"/>
      <trkpt lat="47.1224766" lon="28.7094915"/>
      <trkpt lat="47.1224912" lon="28.7094761"/>
      <trkpt lat="47.1225058" lon="28.7094607"/>
      <trkpt lat="47.1225204" lon="28.7094454"/>
      <trkpt lat="47.1225350" lon="28.7094300"/>
      <trkpt lat="47.1225450" lon="28.7094194"/>
      <trkpt lat="47.1225496" lon="28.7094146"/>
      <trkpt lat="47.1225518" lon="28.7094123"/>
      <trkpt lat="47.1225642" lon="28.7093993"/>
      <trkpt lat="47.1225788" lon="28.7093839"/>
      <trkpt lat="47.1225932" lon="28.7093683"/>
      <trkpt lat="47.1226077" lon="28.7093528"/>
      <trkpt lat="47.1226222" lon="28.7093372"/>
      <trkpt lat="47.1226367" lon="28.7093216"/>
      <trkpt lat="47.1226512" lon="28.7093060"/>
      <trkpt lat="47.1226657" lon="28.7092904"/>
      <trkpt lat="47.1226802" lon="28.7092748"/>
      <trkpt lat="47.1226946" lon="28.7092592"/>
      <trkpt lat="47.1227091" lon="28.7092436"/>
      <trkpt lat="47.1227236" lon="28.7092280"/>
      <trkpt lat="47.1227381" lon="28.7092124"/>
      <trkpt lat="47.1227525" lon="28.7091968"/>
      <trkpt lat="47.1227670" lon="28.7091811"/>
      <trkpt lat="47.1227815" lon="28.7091655"/>
      <trkpt lat="47.1227960" lon="28.7091499"/>
      <trkpt lat="47.1228105" lon="28.7091343"/>
      <trkpt lat="47.1228249" lon="28.7091187"/>
      <trkpt lat="47.1228394" lon="28.7091031"/>
      <trkpt lat="47.1228539" lon="28.7090875"/>
      <trkpt lat="47.1228684" lon="28.7090719"/>
      <trkpt lat="47.1228780" lon="28.7090615"/>
      <trkpt lat="47.1228829" lon="28.7090563"/>
      <trkpt lat="47.1228973" lon="28.7090407"/>
      <trkpt lat="47.1229118" lon="28.7090251"/>
      <trkpt lat="47.1229263" lon="28.7090095"/>
      <trkpt lat="47.1229408" lon="28.7089939"/>
      <trkpt lat="47.1229552" lon="28.7089783"/>
      <trkpt lat="47.1229722" lon="28.7089599"/>
      <trkpt lat="47.1229829" lon="28.7089484"/>
      <trkpt lat="47.1229841" lon="28.7089470"/>
      <trkpt lat="47.1229986" lon="28.7089313"/>
      <trkpt lat="47.1230130" lon="28.7089156"/>
      <trkpt lat="47.1230275" lon="28.7088999"/>
      <trkpt lat="47.1230419" lon="28.7088843"/>
      <trkpt lat="47.1230564" lon="28.7088686"/>
      <trkpt lat="47.1230708" lon="28.7088529"/>
      <trkpt lat="47.1230853" lon="28.7088372"/>
      <trkpt lat="47.1230997" lon="28.7088216"/>
      <trkpt lat="47.1231141" lon="28.7088059"/>
      <trkpt lat="47.1231286" lon="28.7087902"/>
      <trkpt lat="47.1231430" lon="28.7087745"/>
      <trkpt lat="47.1231575" lon="28.7087589"/>
      <trkpt lat="47.1231719" lon="28.7087432"/>
      <trkpt lat="47.1231865" lon="28.7087279"/>
      <trkpt lat="47.1232013" lon="28.7087128"/>
      <trkpt lat="47.1232160" lon="28.7086977"/>
      <trkpt lat="47.1232307" lon="28.7086826"/>
      <trkpt lat="47.1232455" lon="28.7086675"/>
      <trkpt lat="47.1232601" lon="28.7086523"/>
      <trkpt lat="47.1232690" lon="28.7086429"/>
      <trkpt lat="47.1232747" lon="28.7086368"/>
      <trkpt lat="47.1232593" lon="28.7085672"/>
      <trkpt lat="47.1232533" lon="28.7085276"/>
      <trkpt lat="47.1232239" lon="28.7084679"/>
      <trkpt lat="47.1232109" lon="28.7084823"/>
      <trkpt lat="47.1232063" lon="28.7084875"/>
      <trkpt lat="47.1231916" lon="28.7085025"/>
      <trkpt lat="47.1231770" lon="28.7085175"/>
      <trkpt lat="47.1231623" lon="28.7085326"/>
      <trkpt lat="47.1231476" lon="28.7085476"/>
      <trkpt lat="47.1231330" lon="28.7085627"/>
      <trkpt lat="47.1231183" lon="28.7085777"/>
      <trkpt lat="47.1231036" lon="28.7085927"/>
      <trkpt lat="47.1230890" lon="28.7086078"/>
      <trkpt lat="47.1230743" lon="28.7086228"/>
      <trkpt lat="47.1230596" lon="28.7086378"/>
      <trkpt lat="47.1230450" lon="28.7086529"/>
      <trkpt lat="47.1230303" lon="28.7086679"/>
      <trkpt lat="47.1230156" lon="28.7086830"/>
      <trkpt lat="47.1230066" lon="28.7086958"/>
      <trkpt lat="47.1230020" lon="28.7087007"/>
      <trkpt lat="47.1229921" lon="28.7087113"/>
      <trkpt lat="47.1229877" lon="28.7087159"/>
      <trkpt lat="47.1229776" lon="28.7087268"/>
      <trkpt lat="47.1229632" lon="28.7087425"/>
      <trkpt lat="47.1229487" lon="28.7087581"/>
      <trkpt lat="47.1229358" lon="28.7087769"/>
      <trkpt lat="47.1229213" lon="28.7087924"/>
      <trkpt lat="47.1229068" lon="28.7088079"/>
      <trkpt lat="47.1229213" lon="28.7087924"/>
      <trkpt lat="47.1229358" lon="28.7087769"/>
      <trkpt lat="47.1229487" lon="28.7087581"/>
      <trkpt lat="47.1229632" lon="28.7087425"/>
      <trkpt lat="47.1229776" lon="28.7087268"/>
      <trkpt lat="47.1229635" lon="28.7086975"/>
      <trkpt lat="47.1229583" lon="28.7087028"/>
      <trkpt lat="47.1229438" lon="28.7087183"/>
      <trkpt lat="47.1229294" lon="28.7087338"/>
      <trkpt lat="47.1229149" lon="28.7087493"/>
      <trkpt lat="47.1229004" lon="28.7087648"/>
      <trkpt lat="47.1228859" lon="28.7087803"/>
      <trkpt lat="47.1228760" lon="28.7087910"/>
      <trkpt lat="47.1228715" lon="28.7087959"/>
      <trkpt lat="47.1228570" lon="28.7088114"/>
      <trkpt lat="47.1228425" lon="28.7088269"/>
      <trkpt lat="47.1228280" lon="28.7088424"/>
      <trkpt lat="47.1228135" lon="28.7088579"/>
      <trkpt lat="47.1227991" lon="28.7088734"/>
      <trkpt lat="47.1227846" lon="28.7088889"/>
      <trkpt lat="47.1227701" lon="28.7089044"/>
      <trkpt lat="47.1227556" lon="28.7089199"/>
      <trkpt lat="47.1227412" lon="28.7089354"/>
      <trkpt lat="47.1227267" lon="28.7089509"/>
      <trkpt lat="47.1227122" lon="28.7089664"/>
      <trkpt lat="47.1226977" lon="28.7089819"/>
      <trkpt lat="47.1226833" lon="28.7089974"/>
      <trkpt lat="47.1226692" lon="28.7090125"/>
      <trkpt lat="47.1226543" lon="28.7090284"/>
      <trkpt lat="47.1226398" lon="28.7090439"/>
      <trkpt lat="47.1226254" lon="28.7090594"/>
      <trkpt lat="47.1226201" lon="28.7090651"/>
      <trkpt lat="47.1226109" lon="28.7090749"/>
      <trkpt lat="47.1225964" lon="28.7090904"/>
      <trkpt lat="47.1225943" lon="28.7090927"/>
      <trkpt lat="47.1225819" lon="28.7091059"/>
      <trkpt lat="47.1225674" lon="28.7091214"/>
      <trkpt lat="47.1225536" lon="28.7091362"/>
      <trkpt lat="47.1225385" lon="28.7091524"/>
      <trkpt lat="47.1225240" lon="28.7091679"/>
      <trkpt lat="47.1225095" lon="28.7091833"/>
      <trkpt lat="47.1224949" lon="28.7091987"/>
      <trkpt lat="47.1224869" lon="28.7092071"/>
      <trkpt lat="47.1224804" lon="28.7092140"/>
      <trkpt lat="47.1224658" lon="28.7092294"/>
      <trkpt lat="47.1224513" lon="28.7092448"/>
      <trkpt lat="47.1224367" lon="28.7092602"/>
      <trkpt lat="47.1224222" lon="28.7092755"/>
      <trkpt lat="47.1224077" lon="28.7092909"/>
      <trkpt lat="47.1223965" lon="28.7093027"/>
      <trkpt lat="47.1223787" lon="28.7093219"/>
      <trkpt lat="47.1223643" lon="28.7093376"/>
      <trkpt lat="47.1223499" lon="28.7093533"/>
      <trkpt lat="47.1223356" lon="28.7093690"/>
      <trkpt lat="47.1223212" lon="28.7093847"/>
      <trkpt lat="47.1223068" lon="28.7094004"/>
      <trkpt lat="47.1222924" lon="28.7094161"/>
      <trkpt lat="47.1222780" lon="28.7094318"/>
      <trkpt lat="47.1222636" lon="28.7094474"/>
      <trkpt lat="47.1222492" lon="28.7094629"/>
      <trkpt lat="47.1222347" lon="28.7094785"/>
      <trkpt lat="47.1222203" lon="28.7094941"/>
      <trkpt lat="47.1222058" lon="28.7095096"/>
      <trkpt lat="47.1221914" lon="28.7095252"/>
      <trkpt lat="47.1221769" lon="28.7095408"/>
      <trkpt lat="47.1221625" lon="28.7095563"/>
      <trkpt lat="47.1221480" lon="28.7095719"/>
      <trkpt lat="47.1221336" lon="28.7095875"/>
      <trkpt lat="47.1221192" lon="28.7096031"/>
      <trkpt lat="47.1221070" lon="28.7096161"/>
      <trkpt lat="47.1221047" lon="28.7096186"/>
      <trkpt lat="47.1220902" lon="28.7096341"/>
      <trkpt lat="47.1220757" lon="28.7096496"/>
      <trkpt lat="47.1220612" lon="28.7096651"/>
      <trkpt lat="47.1220468" lon="28.7096805"/>
      <trkpt lat="47.1220323" lon="28.7096960"/>
      <trkpt lat="47.1220204" lon="28.7097087"/>
      <trkpt lat="47.1220033" lon="28.7097270"/>
      <trkpt lat="47.1219889" lon="28.7097426"/>
      <trkpt lat="47.1219835" lon="28.7097484"/>
      <trkpt lat="47.1219781" lon="28.7097543"/>
      <trkpt lat="47.1219744" lon="28.7097582"/>
      <trkpt lat="47.1219600" lon="28.7097738"/>
      <trkpt lat="47.1219545" lon="28.7097797"/>
      <trkpt lat="47.1219456" lon="28.7097893"/>
      <trkpt lat="47.1219311" lon="28.7098049"/>
      <trkpt lat="47.1219167" lon="28.7098205"/>
      <trkpt lat="47.1219022" lon="28.7098361"/>
      <trkpt lat="47.1218878" lon="28.7098516"/>
      <trkpt lat="47.1218733" lon="28.7098672"/>
      <trkpt lat="47.1218589" lon="28.7098828"/>
      <trkpt lat="47.1218445" lon="28.7098983"/>
      <trkpt lat="47.1218300" lon="28.7099139"/>
      <trkpt lat="47.1218156" lon="28.7099295"/>
      <trkpt lat="47.1218142" lon="28.7099309"/>
      <trkpt lat="47.1218011" lon="28.7099451"/>
      <trkpt lat="47.1217867" lon="28.7099606"/>
      <trkpt lat="47.1217722" lon="28.7099761"/>
      <trkpt lat="47.1217577" lon="28.7099916"/>
      <trkpt lat="47.1217432" lon="28.7100071"/>
      <trkpt lat="47.1217288" lon="28.7100226"/>
      <trkpt lat="47.1217143" lon="28.7100381"/>
      <trkpt lat="47.1216998" lon="28.7100536"/>
      <trkpt lat="47.1216845" lon="28.7100700"/>
      <trkpt lat="47.1216804" lon="28.7100504"/>
      <trkpt lat="47.1216762" lon="28.7100306"/>
      <trkpt lat="47.1216896" lon="28.7100152"/>
      <trkpt lat="47.1217041" lon="28.7099997"/>
      <trkpt lat="47.1217185" lon="28.7099842"/>
      <trkpt lat="47.1217330" lon="28.7099687"/>
      <trkpt lat="47.1217475" lon="28.7099532"/>
      <trkpt lat="47.1217620" lon="28.7099377"/>
      <trkpt lat="47.1217765" lon="28.7099223"/>
      <trkpt lat="47.1217910" lon="28.7099068"/>
      <trkpt lat="47.1218055" lon="28.7098913"/>
      <trkpt lat="47.1218200" lon="28.7098758"/>
      <trkpt lat="47.1218345" lon="28.7098603"/>
      <trkpt lat="47.1218490" lon="28.7098448"/>
      <trkpt lat="47.1218634" lon="28.7098293"/>
      <trkpt lat="47.1218779" lon="28.7098138"/>
      <trkpt lat="47.1218924" lon="28.7097983"/>
      <trkpt lat="47.1219069" lon="28.7097828"/>
      <trkpt lat="47.1219214" lon="28.7097673"/>
      <trkpt lat="47.1219359" lon="28.7097518"/>
      <trkpt lat="47.1219504" lon="28.7097363"/>
      <trkpt lat="47.1219649" lon="28.7097208"/>
      <trkpt lat="47.1219685" lon="28.7097184"/>
      <trkpt lat="47.1219794" lon="28.7097053"/>
      <trkpt lat="47.1219938" lon="28.7096898"/>
      <trkpt lat="47.1220083" lon="28.7096744"/>
      <trkpt lat="47.1219938" lon="28.7096898"/>
      <trkpt lat="47.1219794" lon="28.7097053"/>
      <trkpt lat="47.1219649" lon="28.7097208"/>
      <trkpt lat="47.1219499" lon="28.7097382"/>
      <trkpt lat="47.1219394" lon="28.7097495"/>
      <trkpt lat="47.1219359" lon="28.7097518"/>
      <trkpt lat="47.1219214" lon="28.7097673"/>
      <trkpt lat="47.1219069" lon="28.7097828"/>
      <trkpt lat="47.1218924" lon="28.7097983"/>
      <trkpt lat="47.1218779" lon="28.7098138"/>
      <trkpt lat="47.1218634" lon="28.7098293"/>
      <trkpt lat="47.1218490" lon="28.7098448"/>
      <trkpt lat="47.1218345" lon="28.7098603"/>
      <trkpt lat="47.1218200" lon="28.7098758"/>
      <trkpt lat="47.1218055" lon="28.7098913"/>
      <trkpt lat="47.1217910" lon="28.7099068"/>
      <trkpt lat="47.1217765" lon="28.7099223"/>
      <trkpt lat="47.1217620" lon="28.7099377"/>
      <trkpt lat="47.1217475" lon="28.7099532"/>
      <trkpt lat="47.1217330" lon="28.7099687"/>
      <trkpt lat="47.1217185" lon="28.7099842"/>
      <trkpt lat="47.1217041" lon="28.7099997"/>
      <trkpt lat="47.1216896" lon="28.7100152"/>
      <trkpt lat="47.1216762" lon="28.7100306"/>
      <trkpt lat="47.1216752" lon="28.7100257"/>
      <trkpt lat="47.1216700" lon="28.7100009"/>
      <trkpt lat="47.1216682" lon="28.7099926"/>
      <trkpt lat="47.1216669" lon="28.7099941"/>
      <trkpt lat="47.1216524" lon="28.7100096"/>
      <trkpt lat="47.1216379" lon="28.7100251"/>
      <trkpt lat="47.1216235" lon="28.7100406"/>
      <trkpt lat="47.1216090" lon="28.7100561"/>
      <trkpt lat="47.1215945" lon="28.7100717"/>
      <trkpt lat="47.1215801" lon="28.7100873"/>
      <trkpt lat="47.1215656" lon="28.7101028"/>
      <trkpt lat="47.1215512" lon="28.7101184"/>
      <trkpt lat="47.1215368" lon="28.7101339"/>
      <trkpt lat="47.1215223" lon="28.7101495"/>
      <trkpt lat="47.1215079" lon="28.7101651"/>
      <trkpt lat="47.1214934" lon="28.7101806"/>
      <trkpt lat="47.1214790" lon="28.7101962"/>
      <trkpt lat="47.1214645" lon="28.7102117"/>
      <trkpt lat="47.1214501" lon="28.7102273"/>
      <trkpt lat="47.1214356" lon="28.7102429"/>
      <trkpt lat="47.1214212" lon="28.7102584"/>
      <trkpt lat="47.1214067" lon="28.7102740"/>
      <trkpt lat="47.1213923" lon="28.7102895"/>
      <trkpt lat="47.1213778" lon="28.7103051"/>
      <trkpt lat="47.1213634" lon="28.7103207"/>
      <trkpt lat="47.1213490" lon="28.7103362"/>
      <trkpt lat="47.1213345" lon="28.7103518"/>
      <trkpt lat="47.1213201" lon="28.7103673"/>
      <trkpt lat="47.1213056" lon="28.7103829"/>
      <trkpt lat="47.1212912" lon="28.7103985"/>
      <trkpt lat="47.1212767" lon="28.7104140"/>
      <trkpt lat="47.1212623" lon="28.7104296"/>
      <trkpt lat="47.1212478" lon="28.7104451"/>
      <trkpt lat="47.1212452" lon="28.7104480"/>
      <trkpt lat="47.1212334" lon="28.7104607"/>
      <trkpt lat="47.1212189" lon="28.7104763"/>
      <trkpt lat="47.1212045" lon="28.7104918"/>
      <trkpt lat="47.1211900" lon="28.7105074"/>
      <trkpt lat="47.1211755" lon="28.7105228"/>
      <trkpt lat="47.1211609" lon="28.7105381"/>
      <trkpt lat="47.1211464" lon="28.7105534"/>
      <trkpt lat="47.1211318" lon="28.7105687"/>
      <trkpt lat="47.1211172" lon="28.7105840"/>
      <trkpt lat="47.1211026" lon="28.7105993"/>
      <trkpt lat="47.1210881" lon="28.7106146"/>
      <trkpt lat="47.1210735" lon="28.7106299"/>
      <trkpt lat="47.1210589" lon="28.7106452"/>
      <trkpt lat="47.1210443" lon="28.7106605"/>
      <trkpt lat="47.1210291" lon="28.7106744"/>
      <trkpt lat="47.1210146" lon="28.7106900"/>
      <trkpt lat="47.1210001" lon="28.7107054"/>
      <trkpt lat="47.1209856" lon="28.7107207"/>
      <trkpt lat="47.1209710" lon="28.7107361"/>
      <trkpt lat="47.1209565" lon="28.7107515"/>
      <trkpt lat="47.1209420" lon="28.7107669"/>
      <trkpt lat="47.1209274" lon="28.7107822"/>
      <trkpt lat="47.1209220" lon="28.7107871"/>
      <trkpt lat="47.1209120" lon="28.7107959"/>
      <trkpt lat="47.1208830" lon="28.7107370"/>
      <trkpt lat="47.1208903" lon="28.7107290"/>
      <trkpt lat="47.1208974" lon="28.7107214"/>
      <trkpt lat="47.1209117" lon="28.7107057"/>
      <trkpt lat="47.1209259" lon="28.7106896"/>
      <trkpt lat="47.1209403" lon="28.7106741"/>
      <trkpt lat="47.1209548" lon="28.7106587"/>
      <trkpt lat="47.1209403" lon="28.7106741"/>
      <trkpt lat="47.1209259" lon="28.7106896"/>
      <trkpt lat="47.1209117" lon="28.7107057"/>
      <trkpt lat="47.1208974" lon="28.7107214"/>
      <trkpt lat="47.1208903" lon="28.7107290"/>
      <trkpt lat="47.1208830" lon="28.7107370"/>
      <trkpt lat="47.1209120" lon="28.7107959"/>
      <trkpt lat="47.1209275" lon="28.7108277"/>
      <trkpt lat="47.1209208" lon="28.7108347"/>
      <trkpt lat="47.1209154" lon="28.7108405"/>
      <trkpt lat="47.1209306" lon="28.7108712"/>
      <trkpt lat="47.1209449" lon="28.7108556"/>
      <trkpt lat="47.1209596" lon="28.7108405"/>
      <trkpt lat="47.1209742" lon="28.7108253"/>
      <trkpt lat="47.1209889" lon="28.7108101"/>
      <trkpt lat="47.1209933" lon="28.7108056"/>
      <trkpt lat="47.1210035" lon="28.7107950"/>
      <trkpt lat="47.1210182" lon="28.7107798"/>
      <trkpt lat="47.1210328" lon="28.7107646"/>
      <trkpt lat="47.1210474" lon="28.7107495"/>
      <trkpt lat="47.1210621" lon="28.7107343"/>
      <trkpt lat="47.1210767" lon="28.7107191"/>
      <trkpt lat="47.1210930" lon="28.7107000"/>
      <trkpt lat="47.1211053" lon="28.7106873"/>
      <trkpt lat="47.1211199" lon="28.7106720"/>
      <trkpt lat="47.1211234" lon="28.7106686"/>
      <trkpt lat="47.1211350" lon="28.7106578"/>
      <trkpt lat="47.1211495" lon="28.7106424"/>
      <trkpt lat="47.1211641" lon="28.7106270"/>
      <trkpt lat="47.1211495" lon="28.7106424"/>
      <trkpt lat="47.1211350" lon="28.7106578"/>
      <trkpt lat="47.1211234" lon="28.7106686"/>
      <trkpt lat="47.1211370" lon="28.7106996"/>
      <trkpt lat="47.1211225" lon="28.7107152"/>
      <trkpt lat="47.1211085" lon="28.7107317"/>
      <trkpt lat="47.1210939" lon="28.7107471"/>
      <trkpt lat="47.1210793" lon="28.7107625"/>
      <trkpt lat="47.1210647" lon="28.7107778"/>
      <trkpt lat="47.1210501" lon="28.7107930"/>
      <trkpt lat="47.1210354" lon="28.7108081"/>
      <trkpt lat="47.1210207" lon="28.7108233"/>
      <trkpt lat="47.1210060" lon="28.7108384"/>
      <trkpt lat="47.1209913" lon="28.7108536"/>
      <trkpt lat="47.1209767" lon="28.7108687"/>
      <trkpt lat="47.1209620" lon="28.7108839"/>
      <trkpt lat="47.1209473" lon="28.7108990"/>
      <trkpt lat="47.1209359" lon="28.7109109"/>
      <trkpt lat="47.1209326" lon="28.7109142"/>
      <trkpt lat="47.1209217" lon="28.7109936"/>
      <trkpt lat="47.1209118" lon="28.7110041"/>
      <trkpt lat="47.1209076" lon="28.7110086"/>
      <trkpt lat="47.1208949" lon="28.7110264"/>
      <trkpt lat="47.1208804" lon="28.7110407"/>
      <trkpt lat="47.1208745" lon="28.7110466"/>
      <trkpt lat="47.1208660" lon="28.7110550"/>
      <trkpt lat="47.1208515" lon="28.7110694"/>
      <trkpt lat="47.1208370" lon="28.7110837"/>
      <trkpt lat="47.1208226" lon="28.7110980"/>
      <trkpt lat="47.1208081" lon="28.7111123"/>
      <trkpt lat="47.1208037" lon="28.7111168"/>
      <trkpt lat="47.1207937" lon="28.7111267"/>
      <trkpt lat="47.1207792" lon="28.7111410"/>
      <trkpt lat="47.1207648" lon="28.7111553"/>
      <trkpt lat="47.1207489" lon="28.7111668"/>
      <trkpt lat="47.1207420" lon="28.7111736"/>
      <trkpt lat="47.1207344" lon="28.7111812"/>
      <trkpt lat="47.1207200" lon="28.7111955"/>
      <trkpt lat="47.1207059" lon="28.7112105"/>
      <trkpt lat="47.1206804" lon="28.7112483"/>
      <trkpt lat="47.1206661" lon="28.7112638"/>
      <trkpt lat="47.1206654" lon="28.7112645"/>
      <trkpt lat="47.1206515" lon="28.7112785"/>
      <trkpt lat="47.1206372" lon="28.7112940"/>
      <trkpt lat="47.1206230" lon="28.7113094"/>
      <trkpt lat="47.1206087" lon="28.7113249"/>
      <trkpt lat="47.1205944" lon="28.7113403"/>
      <trkpt lat="47.1205919" lon="28.7113430"/>
      <trkpt lat="47.1205801" lon="28.7113558"/>
      <trkpt lat="47.1205659" lon="28.7113712"/>
      <trkpt lat="47.1205516" lon="28.7113867"/>
      <trkpt lat="47.1205373" lon="28.7114021"/>
      <trkpt lat="47.1205301" lon="28.7114099"/>
      <trkpt lat="47.1205230" lon="28.7114176"/>
      <trkpt lat="47.1205088" lon="28.7114330"/>
      <trkpt lat="47.1204945" lon="28.7114485"/>
      <trkpt lat="47.1204802" lon="28.7114639"/>
      <trkpt lat="47.1204659" lon="28.7114794"/>
      <trkpt lat="47.1204517" lon="28.7114948"/>
      <trkpt lat="47.1204374" lon="28.7115103"/>
      <trkpt lat="47.1204231" lon="28.7115257"/>
      <trkpt lat="47.1204088" lon="28.7115411"/>
      <trkpt lat="47.1203946" lon="28.7115566"/>
      <trkpt lat="47.1203803" lon="28.7115720"/>
      <trkpt lat="47.1203660" lon="28.7115875"/>
      <trkpt lat="47.1203517" lon="28.7116029"/>
      <trkpt lat="47.1203375" lon="28.7116184"/>
      <trkpt lat="47.1203232" lon="28.7116338"/>
      <trkpt lat="47.1203089" lon="28.7116493"/>
      <trkpt lat="47.1202946" lon="28.7116647"/>
      <trkpt lat="47.1202804" lon="28.7116802"/>
      <trkpt lat="47.1202661" lon="28.7116956"/>
      <trkpt lat="47.1202518" lon="28.7117111"/>
      <trkpt lat="47.1202375" lon="28.7117265"/>
      <trkpt lat="47.1202233" lon="28.7117420"/>
      <trkpt lat="47.1202090" lon="28.7117574"/>
      <trkpt lat="47.1201947" lon="28.7117729"/>
      <trkpt lat="47.1201896" lon="28.7117784"/>
      <trkpt lat="47.1201861" lon="28.7117799"/>
      <trkpt lat="47.1201714" lon="28.7117952"/>
      <trkpt lat="47.1201567" lon="28.7118104"/>
      <trkpt lat="47.1201420" lon="28.7118255"/>
      <trkpt lat="47.1201273" lon="28.7118407"/>
      <trkpt lat="47.1201126" lon="28.7118559"/>
      <trkpt lat="47.1200979" lon="28.7118711"/>
      <trkpt lat="47.1200832" lon="28.7118863"/>
      <trkpt lat="47.1200685" lon="28.7119015"/>
      <trkpt lat="47.1200538" lon="28.7119167"/>
      <trkpt lat="47.1200391" lon="28.7119319"/>
      <trkpt lat="47.1200244" lon="28.7119471"/>
      <trkpt lat="47.1200097" lon="28.7119623"/>
      <trkpt lat="47.1199950" lon="28.7119775"/>
      <trkpt lat="47.1199805" lon="28.7119931"/>
      <trkpt lat="47.1199660" lon="28.7120087"/>
      <trkpt lat="47.1199516" lon="28.7120244"/>
      <trkpt lat="47.1199371" lon="28.7120401"/>
      <trkpt lat="47.1199226" lon="28.7120558"/>
      <trkpt lat="47.1199092" lon="28.7120703"/>
      <trkpt lat="47.1199082" lon="28.7120715"/>
      <trkpt lat="47.1198937" lon="28.7120872"/>
      <trkpt lat="47.1198793" lon="28.7121029"/>
      <trkpt lat="47.1198648" lon="28.7121185"/>
      <trkpt lat="47.1198504" lon="28.7121342"/>
      <trkpt lat="47.1198359" lon="28.7121499"/>
      <trkpt lat="47.1198215" lon="28.7121656"/>
      <trkpt lat="47.1198070" lon="28.7121813"/>
      <trkpt lat="47.1197925" lon="28.7121970"/>
      <trkpt lat="47.1197827" lon="28.7122076"/>
      <trkpt lat="47.1197781" lon="28.7122127"/>
      <trkpt lat="47.1197636" lon="28.7122283"/>
      <trkpt lat="47.1197492" lon="28.7122440"/>
      <trkpt lat="47.1197425" lon="28.7122579"/>
      <trkpt lat="47.1197365" lon="28.7122644"/>
      <trkpt lat="47.1197222" lon="28.7122799"/>
      <trkpt lat="47.1197157" lon="28.7122905"/>
      <trkpt lat="47.1197110" lon="28.7122980"/>
      <trkpt lat="47.1197235" lon="28.7123258"/>
      <trkpt lat="47.1197225" lon="28.7123288"/>
      <trkpt lat="47.1197081" lon="28.7123445"/>
      <trkpt lat="47.1197022" lon="28.7123508"/>
      <trkpt lat="47.1197081" lon="28.7123445"/>
      <trkpt lat="47.1197225" lon="28.7123288"/>
      <trkpt lat="47.1197235" lon="28.7123258"/>
      <trkpt lat="47.1197329" lon="28.7123175"/>
      <trkpt lat="47.1197345" lon="28.7123157"/>
      <trkpt lat="47.1197339" lon="28.7123145"/>
      <trkpt lat="47.1197513" lon="28.7122975"/>
      <trkpt lat="47.1197657" lon="28.7122818"/>
      <trkpt lat="47.1197801" lon="28.7122661"/>
      <trkpt lat="47.1197945" lon="28.7122505"/>
      <trkpt lat="47.1198089" lon="28.7122348"/>
      <trkpt lat="47.1198142" lon="28.7122291"/>
      <trkpt lat="47.1198233" lon="28.7122191"/>
      <trkpt lat="47.1198378" lon="28.7122035"/>
      <trkpt lat="47.1198522" lon="28.7121878"/>
      <trkpt lat="47.1198666" lon="28.7121721"/>
      <trkpt lat="47.1198810" lon="28.7121564"/>
      <trkpt lat="47.1198845" lon="28.7121526"/>
      <trkpt lat="47.1198954" lon="28.7121408"/>
      <trkpt lat="47.1199098" lon="28.7121251"/>
      <trkpt lat="47.1199242" lon="28.7121094"/>
      <trkpt lat="47.1199386" lon="28.7120938"/>
      <trkpt lat="47.1199530" lon="28.7120781"/>
      <trkpt lat="47.1199674" lon="28.7120624"/>
      <trkpt lat="47.1199819" lon="28.7120467"/>
      <trkpt lat="47.1199963" lon="28.7120311"/>
      <trkpt lat="47.1200107" lon="28.7120154"/>
      <trkpt lat="47.1200251" lon="28.7119997"/>
      <trkpt lat="47.1200395" lon="28.7119841"/>
      <trkpt lat="47.1200539" lon="28.7119685"/>
      <trkpt lat="47.1200685" lon="28.7119530"/>
      <trkpt lat="47.1200830" lon="28.7119376"/>
      <trkpt lat="47.1200975" lon="28.7119221"/>
      <trkpt lat="47.1201046" lon="28.7119146"/>
      <trkpt lat="47.1201120" lon="28.7119067"/>
      <trkpt lat="47.1201266" lon="28.7118912"/>
      <trkpt lat="47.1201411" lon="28.7118758"/>
      <trkpt lat="47.1201556" lon="28.7118603"/>
      <trkpt lat="47.1201701" lon="28.7118449"/>
      <trkpt lat="47.1201847" lon="28.7118295"/>
      <trkpt lat="47.1201991" lon="28.7118139"/>
      <trkpt lat="47.1202136" lon="28.7117983"/>
      <trkpt lat="47.1202280" lon="28.7117827"/>
      <trkpt lat="47.1202425" lon="28.7117671"/>
      <trkpt lat="47.1202569" lon="28.7117515"/>
      <trkpt lat="47.1202714" lon="28.7117359"/>
      <trkpt lat="47.1202858" lon="28.7117203"/>
      <trkpt lat="47.1203003" lon="28.7117047"/>
      <trkpt lat="47.1203147" lon="28.7116891"/>
      <trkpt lat="47.1203292" lon="28.7116735"/>
      <trkpt lat="47.1203436" lon="28.7116579"/>
      <trkpt lat="47.1203581" lon="28.7116423"/>
      <trkpt lat="47.1203725" lon="28.7116267"/>
      <trkpt lat="47.1203869" lon="28.7116111"/>
      <trkpt lat="47.1204014" lon="28.7115955"/>
      <trkpt lat="47.1204158" lon="28.7115799"/>
      <trkpt lat="47.1204303" lon="28.7115643"/>
      <trkpt lat="47.1204447" lon="28.7115488"/>
      <trkpt lat="47.1204592" lon="28.7115332"/>
      <trkpt lat="47.1204736" lon="28.7115176"/>
      <trkpt lat="47.1204881" lon="28.7115020"/>
      <trkpt lat="47.1205025" lon="28.7114864"/>
      <trkpt lat="47.1205170" lon="28.7114708"/>
      <trkpt lat="47.1205314" lon="28.7114552"/>
      <trkpt lat="47.1205459" lon="28.7114396"/>
      <trkpt lat="47.1205603" lon="28.7114240"/>
      <trkpt lat="47.1205748" lon="28.7114084"/>
      <trkpt lat="47.1205892" lon="28.7113928"/>
      <trkpt lat="47.1206037" lon="28.7113772"/>
      <trkpt lat="47.1206181" lon="28.7113616"/>
      <trkpt lat="47.1206326" lon="28.7113460"/>
      <trkpt lat="47.1206470" lon="28.7113304"/>
      <trkpt lat="47.1206613" lon="28.7113146"/>
      <trkpt lat="47.1206782" lon="28.7113475"/>
      <trkpt lat="47.1206729" lon="28.7113559"/>
      <trkpt lat="47.1206582" lon="28.7113712"/>
      <trkpt lat="47.1206436" lon="28.7113866"/>
      <trkpt lat="47.1206290" lon="28.7114019"/>
      <trkpt lat="47.1206144" lon="28.7114173"/>
      <trkpt lat="47.1205999" lon="28.7114329"/>
      <trkpt lat="47.1205854" lon="28.7114486"/>
      <trkpt lat="47.1205709" lon="28.7114642"/>
      <trkpt lat="47.1205564" lon="28.7114798"/>
      <trkpt lat="47.1205419" lon="28.7114955"/>
      <trkpt lat="47.1205275" lon="28.7115111"/>
      <trkpt lat="47.1205130" lon="28.7115268"/>
      <trkpt lat="47.1204985" lon="28.7115424"/>
      <trkpt lat="47.1204840" lon="28.7115580"/>
      <trkpt lat="47.1204695" lon="28.7115737"/>
      <trkpt lat="47.1204550" lon="28.7115893"/>
      <trkpt lat="47.1204406" lon="28.7116050"/>
      <trkpt lat="47.1204261" lon="28.7116206"/>
      <trkpt lat="47.1204116" lon="28.7116362"/>
      <trkpt lat="47.1203971" lon="28.7116519"/>
      <trkpt lat="47.1203826" lon="28.7116675"/>
      <trkpt lat="47.1203681" lon="28.7116831"/>
      <trkpt lat="47.1203537" lon="28.7116988"/>
      <trkpt lat="47.1203392" lon="28.7117144"/>
      <trkpt lat="47.1203247" lon="28.7117301"/>
      <trkpt lat="47.1203102" lon="28.7117457"/>
      <trkpt lat="47.1202957" lon="28.7117613"/>
      <trkpt lat="47.1202812" lon="28.7117770"/>
      <trkpt lat="47.1202668" lon="28.7117926"/>
      <trkpt lat="47.1202523" lon="28.7118083"/>
      <trkpt lat="47.1202378" lon="28.7118239"/>
      <trkpt lat="47.1202233" lon="28.7118395"/>
      <trkpt lat="47.1202088" lon="28.7118552"/>
      <trkpt lat="47.1201943" lon="28.7118708"/>
      <trkpt lat="47.1201799" lon="28.7118865"/>
      <trkpt lat="47.1201654" lon="28.7119021"/>
      <trkpt lat="47.1201509" lon="28.7119177"/>
      <trkpt lat="47.1201393" lon="28.7119303"/>
      <trkpt lat="47.1201509" lon="28.7119177"/>
      <trkpt lat="47.1201654" lon="28.7119021"/>
      <trkpt lat="47.1201799" lon="28.7118865"/>
      <trkpt lat="47.1201943" lon="28.7118708"/>
      <trkpt lat="47.1202088" lon="28.7118552"/>
      <trkpt lat="47.1202233" lon="28.7118395"/>
      <trkpt lat="47.1202378" lon="28.7118239"/>
      <trkpt lat="47.1202523" lon="28.7118083"/>
      <trkpt lat="47.1202668" lon="28.7117926"/>
      <trkpt lat="47.1202812" lon="28.7117770"/>
      <trkpt lat="47.1202957" lon="28.7117613"/>
      <trkpt lat="47.1203102" lon="28.7117457"/>
      <trkpt lat="47.1203247" lon="28.7117301"/>
      <trkpt lat="47.1203392" lon="28.7117144"/>
      <trkpt lat="47.1203537" lon="28.7116988"/>
      <trkpt lat="47.1203681" lon="28.7116831"/>
      <trkpt lat="47.1203826" lon="28.7116675"/>
      <trkpt lat="47.1203971" lon="28.7116519"/>
      <trkpt lat="47.1204116" lon="28.7116362"/>
      <trkpt lat="47.1204261" lon="28.7116206"/>
      <trkpt lat="47.1204406" lon="28.7116050"/>
      <trkpt lat="47.1204550" lon="28.7115893"/>
      <trkpt lat="47.1204695" lon="28.7115737"/>
      <trkpt lat="47.1204840" lon="28.7115580"/>
      <trkpt lat="47.1204985" lon="28.7115424"/>
      <trkpt lat="47.1205130" lon="28.7115268"/>
      <trkpt lat="47.1205275" lon="28.7115111"/>
      <trkpt lat="47.1205419" lon="28.7114955"/>
      <trkpt lat="47.1205564" lon="28.7114798"/>
      <trkpt lat="47.1205709" lon="28.7114642"/>
      <trkpt lat="47.1205854" lon="28.7114486"/>
      <trkpt lat="47.1205999" lon="28.7114329"/>
      <trkpt lat="47.1206144" lon="28.7114173"/>
      <trkpt lat="47.1206290" lon="28.7114019"/>
      <trkpt lat="47.1206436" lon="28.7113866"/>
      <trkpt lat="47.1206582" lon="28.7113712"/>
      <trkpt lat="47.1206729" lon="28.7113559"/>
      <trkpt lat="47.1206782" lon="28.7113475"/>
      <trkpt lat="47.1206929" lon="28.7113325"/>
      <trkpt lat="47.1206965" lon="28.7113286"/>
      <trkpt lat="47.1207074" lon="28.7113170"/>
      <trkpt lat="47.1207126" lon="28.7113113"/>
      <trkpt lat="47.1207217" lon="28.7113012"/>
      <trkpt lat="47.1207361" lon="28.7112855"/>
      <trkpt lat="47.1207413" lon="28.7112798"/>
      <trkpt lat="47.1207504" lon="28.7112698"/>
      <trkpt lat="47.1207648" lon="28.7112540"/>
      <trkpt lat="47.1207753" lon="28.7112425"/>
      <trkpt lat="47.1207791" lon="28.7112383"/>
      <trkpt lat="47.1207935" lon="28.7112226"/>
      <trkpt lat="47.1208078" lon="28.7112068"/>
      <trkpt lat="47.1208176" lon="28.7111992"/>
      <trkpt lat="47.1208322" lon="28.7111840"/>
      <trkpt lat="47.1208469" lon="28.7111688"/>
      <trkpt lat="47.1208635" lon="28.7111572"/>
      <trkpt lat="47.1208709" lon="28.7111499"/>
      <trkpt lat="47.1208746" lon="28.7111463"/>
      <trkpt lat="47.1208866" lon="28.7111726"/>
      <trkpt lat="47.1209179" lon="28.7112342"/>
      <trkpt lat="47.1209132" lon="28.7112393"/>
      <trkpt lat="47.1209069" lon="28.7112463"/>
      <trkpt lat="47.1208989" lon="28.7112551"/>
      <trkpt lat="47.1208962" lon="28.7112582"/>
      <trkpt lat="47.1208846" lon="28.7112710"/>
      <trkpt lat="47.1208703" lon="28.7112868"/>
      <trkpt lat="47.1208560" lon="28.7113027"/>
      <trkpt lat="47.1208417" lon="28.7113185"/>
      <trkpt lat="47.1208353" lon="28.7113256"/>
      <trkpt lat="47.1208274" lon="28.7113343"/>
      <trkpt lat="47.1208129" lon="28.7113499"/>
      <trkpt lat="47.1207985" lon="28.7113654"/>
      <trkpt lat="47.1207839" lon="28.7113806"/>
      <trkpt lat="47.1207693" lon="28.7113959"/>
      <trkpt lat="47.1207547" lon="28.7114112"/>
      <trkpt lat="47.1207401" lon="28.7114264"/>
      <trkpt lat="47.1207255" lon="28.7114417"/>
      <trkpt lat="47.1207109" lon="28.7114570"/>
      <trkpt lat="47.1206963" lon="28.7114722"/>
      <trkpt lat="47.1206817" lon="28.7114875"/>
      <trkpt lat="47.1206672" lon="28.7115028"/>
      <trkpt lat="47.1206526" lon="28.7115182"/>
      <trkpt lat="47.1206381" lon="28.7115336"/>
      <trkpt lat="47.1206236" lon="28.7115491"/>
      <trkpt lat="47.1206092" lon="28.7115646"/>
      <trkpt lat="47.1205947" lon="28.7115801"/>
      <trkpt lat="47.1205803" lon="28.7115957"/>
      <trkpt lat="47.1205658" lon="28.7116112"/>
      <trkpt lat="47.1205513" lon="28.7116267"/>
      <trkpt lat="47.1205369" lon="28.7116423"/>
      <trkpt lat="47.1205224" lon="28.7116578"/>
      <trkpt lat="47.1205080" lon="28.7116733"/>
      <trkpt lat="47.1204935" lon="28.7116888"/>
      <trkpt lat="47.1204790" lon="28.7117044"/>
      <trkpt lat="47.1204646" lon="28.7117199"/>
      <trkpt lat="47.1204501" lon="28.7117354"/>
      <trkpt lat="47.1204357" lon="28.7117510"/>
      <trkpt lat="47.1204212" lon="28.7117665"/>
      <trkpt lat="47.1204067" lon="28.7117820"/>
      <trkpt lat="47.1203923" lon="28.7117975"/>
      <trkpt lat="47.1203778" lon="28.7118131"/>
      <trkpt lat="47.1203634" lon="28.7118286"/>
      <trkpt lat="47.1203489" lon="28.7118441"/>
      <trkpt lat="47.1203345" lon="28.7118596"/>
      <trkpt lat="47.1203200" lon="28.7118752"/>
      <trkpt lat="47.1203055" lon="28.7118907"/>
      <trkpt lat="47.1202911" lon="28.7119062"/>
      <trkpt lat="47.1202766" lon="28.7119218"/>
      <trkpt lat="47.1202622" lon="28.7119373"/>
      <trkpt lat="47.1202477" lon="28.7119527"/>
      <trkpt lat="47.1202331" lon="28.7119681"/>
      <trkpt lat="47.1202186" lon="28.7119835"/>
      <trkpt lat="47.1202041" lon="28.7119989"/>
      <trkpt lat="47.1201895" lon="28.7120143"/>
      <trkpt lat="47.1201750" lon="28.7120297"/>
      <trkpt lat="47.1201605" lon="28.7120450"/>
      <trkpt lat="47.1201496" lon="28.7120566"/>
      <trkpt lat="47.1201459" lon="28.7120604"/>
      <trkpt lat="47.1201315" lon="28.7120760"/>
      <trkpt lat="47.1201171" lon="28.7120916"/>
      <trkpt lat="47.1201027" lon="28.7121073"/>
      <trkpt lat="47.1200883" lon="28.7121230"/>
      <trkpt lat="47.1200740" lon="28.7121387"/>
      <trkpt lat="47.1200596" lon="28.7121544"/>
      <trkpt lat="47.1200452" lon="28.7121701"/>
      <trkpt lat="47.1200308" lon="28.7121858"/>
      <trkpt lat="47.1200165" lon="28.7122015"/>
      <trkpt lat="47.1200021" lon="28.7122172"/>
      <trkpt lat="47.1199906" lon="28.7122297"/>
      <trkpt lat="47.1199877" lon="28.7122329"/>
      <trkpt lat="47.1199733" lon="28.7122485"/>
      <trkpt lat="47.1199589" lon="28.7122642"/>
      <trkpt lat="47.1199446" lon="28.7122799"/>
      <trkpt lat="47.1199302" lon="28.7122956"/>
      <trkpt lat="47.1199158" lon="28.7123113"/>
      <trkpt lat="47.1199014" lon="28.7123270"/>
      <trkpt lat="47.1198871" lon="28.7123427"/>
      <trkpt lat="47.1198833" lon="28.7123468"/>
      <trkpt lat="47.1198727" lon="28.7123584"/>
      <trkpt lat="47.1198704" lon="28.7123609"/>
      <trkpt lat="47.1198583" lon="28.7123741"/>
      <trkpt lat="47.1198439" lon="28.7123898"/>
      <trkpt lat="47.1198422" lon="28.7123917"/>
      <trkpt lat="47.1198296" lon="28.7124055"/>
      <trkpt lat="47.1198152" lon="28.7124212"/>
      <trkpt lat="47.1198057" lon="28.7124315"/>
      <trkpt lat="47.1198008" lon="28.7124368"/>
      <trkpt lat="47.1197864" lon="28.7124526"/>
      <trkpt lat="47.1197783" lon="28.7124616"/>
      <trkpt lat="47.1197721" lon="28.7124684"/>
      <trkpt lat="47.1197597" lon="28.7124820"/>
      <trkpt lat="47.1197578" lon="28.7124842"/>
      <trkpt lat="47.1197435" lon="28.7124999"/>
      <trkpt lat="47.1197291" lon="28.7125157"/>
      <trkpt lat="47.1197148" lon="28.7125315"/>
      <trkpt lat="47.1197005" lon="28.7125473"/>
      <trkpt lat="47.1196861" lon="28.7125631"/>
      <trkpt lat="47.1196718" lon="28.7125789"/>
      <trkpt lat="47.1196575" lon="28.7125947"/>
      <trkpt lat="47.1196432" lon="28.7126105"/>
      <trkpt lat="47.1196288" lon="28.7126262"/>
      <trkpt lat="47.1196242" lon="28.7126312"/>
      <trkpt lat="47.1196144" lon="28.7126419"/>
      <trkpt lat="47.1196000" lon="28.7126575"/>
      <trkpt lat="47.1195951" lon="28.7126629"/>
      <trkpt lat="47.1195880" lon="28.7126706"/>
      <trkpt lat="47.1195857" lon="28.7126732"/>
      <trkpt lat="47.1195713" lon="28.7126889"/>
      <trkpt lat="47.1195569" lon="28.7127046"/>
      <trkpt lat="47.1195425" lon="28.7127202"/>
      <trkpt lat="47.1195281" lon="28.7127359"/>
      <trkpt lat="47.1195137" lon="28.7127516"/>
      <trkpt lat="47.1194993" lon="28.7127672"/>
      <trkpt lat="47.1194849" lon="28.7127829"/>
      <trkpt lat="47.1194706" lon="28.7127986"/>
      <trkpt lat="47.1194562" lon="28.7128143"/>
      <trkpt lat="47.1194418" lon="28.7128299"/>
      <trkpt lat="47.1194274" lon="28.7128456"/>
      <trkpt lat="47.1194130" lon="28.7128613"/>
      <trkpt lat="47.1193986" lon="28.7128769"/>
      <trkpt lat="47.1193842" lon="28.7128926"/>
      <trkpt lat="47.1193698" lon="28.7129083"/>
      <trkpt lat="47.1193555" lon="28.7129240"/>
      <trkpt lat="47.1193411" lon="28.7129396"/>
      <trkpt lat="47.1193291" lon="28.7129527"/>
      <trkpt lat="47.1193267" lon="28.7129553"/>
      <trkpt lat="47.1193123" lon="28.7129710"/>
      <trkpt lat="47.1192980" lon="28.7129868"/>
      <trkpt lat="47.1192837" lon="28.7130026"/>
      <trkpt lat="47.1192694" lon="28.7130184"/>
      <trkpt lat="47.1192551" lon="28.7130343"/>
      <trkpt lat="47.1192408" lon="28.7130501"/>
      <trkpt lat="47.1192265" lon="28.7130660"/>
      <trkpt lat="47.1192122" lon="28.7130819"/>
      <trkpt lat="47.1191979" lon="28.7130978"/>
      <trkpt lat="47.1191836" lon="28.7131136"/>
      <trkpt lat="47.1191693" lon="28.7131294"/>
      <trkpt lat="47.1191549" lon="28.7131452"/>
      <trkpt lat="47.1191406" lon="28.7131610"/>
      <trkpt lat="47.1191263" lon="28.7131767"/>
      <trkpt lat="47.1191120" lon="28.7131925"/>
      <trkpt lat="47.1190976" lon="28.7132083"/>
      <trkpt lat="47.1190833" lon="28.7132241"/>
      <trkpt lat="47.1190690" lon="28.7132399"/>
      <trkpt lat="47.1190547" lon="28.7132557"/>
      <trkpt lat="47.1190403" lon="28.7132715"/>
      <trkpt lat="47.1190260" lon="28.7132873"/>
      <trkpt lat="47.1190117" lon="28.7133030"/>
      <trkpt lat="47.1189973" lon="28.7133187"/>
      <trkpt lat="47.1189829" lon="28.7133344"/>
      <trkpt lat="47.1189685" lon="28.7133501"/>
      <trkpt lat="47.1189542" lon="28.7133658"/>
      <trkpt lat="47.1189398" lon="28.7133815"/>
      <trkpt lat="47.1189254" lon="28.7133972"/>
      <trkpt lat="47.1189110" lon="28.7134129"/>
      <trkpt lat="47.1188967" lon="28.7134286"/>
      <trkpt lat="47.1188823" lon="28.7134443"/>
      <trkpt lat="47.1188679" lon="28.7134600"/>
      <trkpt lat="47.1188535" lon="28.7134757"/>
      <trkpt lat="47.1188392" lon="28.7134914"/>
      <trkpt lat="47.1188248" lon="28.7135071"/>
      <trkpt lat="47.1188104" lon="28.7135228"/>
      <trkpt lat="47.1187960" lon="28.7135385"/>
      <trkpt lat="47.1187817" lon="28.7135542"/>
      <trkpt lat="47.1187656" lon="28.7135665"/>
      <trkpt lat="47.1187512" lon="28.7135822"/>
      <trkpt lat="47.1187369" lon="28.7135979"/>
      <trkpt lat="47.1187225" lon="28.7136137"/>
      <trkpt lat="47.1187081" lon="28.7136294"/>
      <trkpt lat="47.1186938" lon="28.7136451"/>
      <trkpt lat="47.1186794" lon="28.7136608"/>
      <trkpt lat="47.1186650" lon="28.7136765"/>
      <trkpt lat="47.1186507" lon="28.7136922"/>
      <trkpt lat="47.1186363" lon="28.7137079"/>
      <trkpt lat="47.1186219" lon="28.7137236"/>
      <trkpt lat="47.1186076" lon="28.7137393"/>
      <trkpt lat="47.1185932" lon="28.7137550"/>
      <trkpt lat="47.1185788" lon="28.7137707"/>
      <trkpt lat="47.1185644" lon="28.7137864"/>
      <trkpt lat="47.1185501" lon="28.7138021"/>
      <trkpt lat="47.1185380" lon="28.7138224"/>
      <trkpt lat="47.1185324" lon="28.7138285"/>
      <trkpt lat="47.1185308" lon="28.7138302"/>
      <trkpt lat="47.1185236" lon="28.7138380"/>
      <trkpt lat="47.1184869" lon="28.7138263"/>
      <trkpt lat="47.1184452" lon="28.7137696"/>
      <trkpt lat="47.1184150" lon="28.7137361"/>
      <trkpt lat="47.1184259" lon="28.7137135"/>
      <trkpt lat="47.1184318" lon="28.7137071"/>
      <trkpt lat="47.1184282" lon="28.7137001"/>
      <trkpt lat="47.1184346" lon="28.7136936"/>
      <trkpt lat="47.1184428" lon="28.7136846"/>
      <trkpt lat="47.1184572" lon="28.7136689"/>
      <trkpt lat="47.1184635" lon="28.7136619"/>
      <trkpt lat="47.1184572" lon="28.7136689"/>
      <trkpt lat="47.1184428" lon="28.7136846"/>
      <trkpt lat="47.1184346" lon="28.7136936"/>
      <trkpt lat="47.1184282" lon="28.7137001"/>
      <trkpt lat="47.1184148" lon="28.7136742"/>
      <trkpt lat="47.1184198" lon="28.7136687"/>
      <trkpt lat="47.1184329" lon="28.7136508"/>
      <trkpt lat="47.1184471" lon="28.7136351"/>
      <trkpt lat="47.1184614" lon="28.7136194"/>
      <trkpt lat="47.1184756" lon="28.7136036"/>
      <trkpt lat="47.1184899" lon="28.7135879"/>
      <trkpt lat="47.1185041" lon="28.7135722"/>
      <trkpt lat="47.1185138" lon="28.7135615"/>
      <trkpt lat="47.1185041" lon="28.7135722"/>
      <trkpt lat="47.1184899" lon="28.7135879"/>
      <trkpt lat="47.1184756" lon="28.7136036"/>
      <trkpt lat="47.1184614" lon="28.7136194"/>
      <trkpt lat="47.1184471" lon="28.7136351"/>
      <trkpt lat="47.1184329" lon="28.7136508"/>
      <trkpt lat="47.1184198" lon="28.7136687"/>
      <trkpt lat="47.1184148" lon="28.7136742"/>
      <trkpt lat="47.1184055" lon="28.7136845"/>
      <trkpt lat="47.1183991" lon="28.7136917"/>
      <trkpt lat="47.1183946" lon="28.7136966"/>
      <trkpt lat="47.1183862" lon="28.7137060"/>
      <trkpt lat="47.1183812" lon="28.7137115"/>
      <trkpt lat="47.1183772" lon="28.7137066"/>
      <trkpt lat="47.1183750" lon="28.7137039"/>
      <trkpt lat="47.1183620" lon="28.7136877"/>
      <trkpt lat="47.1183576" lon="28.7136823"/>
      <trkpt lat="47.1183482" lon="28.7136708"/>
      <trkpt lat="47.1183437" lon="28.7136651"/>
      <trkpt lat="47.1183505" lon="28.7136578"/>
      <trkpt lat="47.1183648" lon="28.7136423"/>
      <trkpt lat="47.1183792" lon="28.7136268"/>
      <trkpt lat="47.1183935" lon="28.7136112"/>
      <trkpt lat="47.1184057" lon="28.7135981"/>
      <trkpt lat="47.1184079" lon="28.7135957"/>
      <trkpt lat="47.1184218" lon="28.7135793"/>
      <trkpt lat="47.1184361" lon="28.7135637"/>
      <trkpt lat="47.1184504" lon="28.7135480"/>
      <trkpt lat="47.1184681" lon="28.7135287"/>
      <trkpt lat="47.1184790" lon="28.7135168"/>
      <trkpt lat="47.1184933" lon="28.7135012"/>
      <trkpt lat="47.1185077" lon="28.7134856"/>
      <trkpt lat="47.1185132" lon="28.7134796"/>
      <trkpt lat="47.1185220" lon="28.7134700"/>
      <trkpt lat="47.1185363" lon="28.7134544"/>
      <trkpt lat="47.1185420" lon="28.7134481"/>
      <trkpt lat="47.1185506" lon="28.7134388"/>
      <trkpt lat="47.1185649" lon="28.7134232"/>
      <trkpt lat="47.1185792" lon="28.7134076"/>
      <trkpt lat="47.1185907" lon="28.7133951"/>
      <trkpt lat="47.1185935" lon="28.7133920"/>
      <trkpt lat="47.1186078" lon="28.7133764"/>
      <trkpt lat="47.1186222" lon="28.7133608"/>
      <trkpt lat="47.1186270" lon="28.7133555"/>
      <trkpt lat="47.1186365" lon="28.7133452"/>
      <trkpt lat="47.1186415" lon="28.7133397"/>
      <trkpt lat="47.1186508" lon="28.7133296"/>
      <trkpt lat="47.1186651" lon="28.7133139"/>
      <trkpt lat="47.1186688" lon="28.7133099"/>
      <trkpt lat="47.1186739" lon="28.7133044"/>
      <trkpt lat="47.1186794" lon="28.7132983"/>
      <trkpt lat="47.1186937" lon="28.7132827"/>
      <trkpt lat="47.1187080" lon="28.7132671"/>
      <trkpt lat="47.1187223" lon="28.7132515"/>
      <trkpt lat="47.1187367" lon="28.7132359"/>
      <trkpt lat="47.1187510" lon="28.7132203"/>
      <trkpt lat="47.1187653" lon="28.7132047"/>
      <trkpt lat="47.1187796" lon="28.7131890"/>
      <trkpt lat="47.1187911" lon="28.7131765"/>
      <trkpt lat="47.1187939" lon="28.7131734"/>
      <trkpt lat="47.1188082" lon="28.7131578"/>
      <trkpt lat="47.1188225" lon="28.7131422"/>
      <trkpt lat="47.1188271" lon="28.7131320"/>
      <trkpt lat="47.1188368" lon="28.7131266"/>
      <trkpt lat="47.1188511" lon="28.7131110"/>
      <trkpt lat="47.1188654" lon="28.7130954"/>
      <trkpt lat="47.1188798" lon="28.7130797"/>
      <trkpt lat="47.1188889" lon="28.7130698"/>
      <trkpt lat="47.1188941" lon="28.7130641"/>
      <trkpt lat="47.1189084" lon="28.7130485"/>
      <trkpt lat="47.1189200" lon="28.7130359"/>
      <trkpt lat="47.1189227" lon="28.7130329"/>
      <trkpt lat="47.1189370" lon="28.7130173"/>
      <trkpt lat="47.1189513" lon="28.7130017"/>
      <trkpt lat="47.1189602" lon="28.7129920"/>
      <trkpt lat="47.1189390" lon="28.7129502"/>
      <trkpt lat="47.1189533" lon="28.7129346"/>
      <trkpt lat="47.1189675" lon="28.7129188"/>
      <trkpt lat="47.1189816" lon="28.7129029"/>
      <trkpt lat="47.1189958" lon="28.7128870"/>
      <trkpt lat="47.1190100" lon="28.7128712"/>
      <trkpt lat="47.1190242" lon="28.7128553"/>
      <trkpt lat="47.1190375" lon="28.7128403"/>
      <trkpt lat="47.1190383" lon="28.7128394"/>
      <trkpt lat="47.1190525" lon="28.7128236"/>
      <trkpt lat="47.1190667" lon="28.7128077"/>
      <trkpt lat="47.1190809" lon="28.7127919"/>
      <trkpt lat="47.1190950" lon="28.7127760"/>
      <trkpt lat="47.1191092" lon="28.7127601"/>
      <trkpt lat="47.1191234" lon="28.7127443"/>
      <trkpt lat="47.1191375" lon="28.7127284"/>
      <trkpt lat="47.1191434" lon="28.7127218"/>
      <trkpt lat="47.1191466" lon="28.7127183"/>
      <trkpt lat="47.1191517" lon="28.7127125"/>
      <trkpt lat="47.1191641" lon="28.7126932"/>
      <trkpt lat="47.1191783" lon="28.7126773"/>
      <trkpt lat="47.1191925" lon="28.7126615"/>
      <trkpt lat="47.1192067" lon="28.7126456"/>
      <trkpt lat="47.1192208" lon="28.7126298"/>
      <trkpt lat="47.1192350" lon="28.7126139"/>
      <trkpt lat="47.1192492" lon="28.7125980"/>
      <trkpt lat="47.1192633" lon="28.7125822"/>
      <trkpt lat="47.1192739" lon="28.7125703"/>
      <trkpt lat="47.1192775" lon="28.7125663"/>
      <trkpt lat="47.1192917" lon="28.7125504"/>
      <trkpt lat="47.1193058" lon="28.7125346"/>
      <trkpt lat="47.1193200" lon="28.7125187"/>
      <trkpt lat="47.1193345" lon="28.7125025"/>
      <trkpt lat="47.1193484" lon="28.7124870"/>
      <trkpt lat="47.1193625" lon="28.7124711"/>
      <trkpt lat="47.1193666" lon="28.7124665"/>
      <trkpt lat="47.1193767" lon="28.7124552"/>
      <trkpt lat="47.1193909" lon="28.7124394"/>
      <trkpt lat="47.1194050" lon="28.7124235"/>
      <trkpt lat="47.1194192" lon="28.7124077"/>
      <trkpt lat="47.1194334" lon="28.7123918"/>
      <trkpt lat="47.1194403" lon="28.7123840"/>
      <trkpt lat="47.1194476" lon="28.7123759"/>
      <trkpt lat="47.1194617" lon="28.7123601"/>
      <trkpt lat="47.1194759" lon="28.7123442"/>
      <trkpt lat="47.1194788" lon="28.7123410"/>
      <trkpt lat="47.1194901" lon="28.7123283"/>
      <trkpt lat="47.1194958" lon="28.7123219"/>
      <trkpt lat="47.1195043" lon="28.7123125"/>
      <trkpt lat="47.1195201" lon="28.7123000"/>
      <trkpt lat="47.1195262" lon="28.7122932"/>
      <trkpt lat="47.1195343" lon="28.7122841"/>
      <trkpt lat="47.1195485" lon="28.7122683"/>
      <trkpt lat="47.1195627" lon="28.7122524"/>
      <trkpt lat="47.1195715" lon="28.7122425"/>
      <trkpt lat="47.1195768" lon="28.7122366"/>
      <trkpt lat="47.1195910" lon="28.7122207"/>
      <trkpt lat="47.1196052" lon="28.7122048"/>
      <trkpt lat="47.1196193" lon="28.7121890"/>
      <trkpt lat="47.1196262" lon="28.7121813"/>
      <trkpt lat="47.1196335" lon="28.7121731"/>
      <trkpt lat="47.1196477" lon="28.7121572"/>
      <trkpt lat="47.1196511" lon="28.7121534"/>
      <trkpt lat="47.1196619" lon="28.7121414"/>
      <trkpt lat="47.1196764" lon="28.7121250"/>
      <trkpt lat="47.1196902" lon="28.7121096"/>
      <trkpt lat="47.1196984" lon="28.7121005"/>
      <trkpt lat="47.1197044" lon="28.7120938"/>
      <trkpt lat="47.1197185" lon="28.7120779"/>
      <trkpt lat="47.1197327" lon="28.7120620"/>
      <trkpt lat="47.1197470" lon="28.7120464"/>
      <trkpt lat="47.1197421" lon="28.7120366"/>
      <trkpt lat="47.1197340" lon="28.7120386"/>
      <trkpt lat="47.1197223" lon="28.7120416"/>
      <trkpt lat="47.1197080" lon="28.7120573"/>
      <trkpt lat="47.1196937" lon="28.7120730"/>
      <trkpt lat="47.1196794" lon="28.7120888"/>
      <trkpt lat="47.1196655" lon="28.7121040"/>
      <trkpt lat="47.1196508" lon="28.7121203"/>
      <trkpt lat="47.1196401" lon="28.7121321"/>
      <trkpt lat="47.1196365" lon="28.7121360"/>
      <trkpt lat="47.1196222" lon="28.7121518"/>
      <trkpt lat="47.1196150" lon="28.7121597"/>
      <trkpt lat="47.1196079" lon="28.7121675"/>
      <trkpt lat="47.1195936" lon="28.7121832"/>
      <trkpt lat="47.1195793" lon="28.7121990"/>
      <trkpt lat="47.1195650" lon="28.7122147"/>
      <trkpt lat="47.1195600" lon="28.7122202"/>
      <trkpt lat="47.1195507" lon="28.7122305"/>
      <trkpt lat="47.1195364" lon="28.7122462"/>
      <trkpt lat="47.1195221" lon="28.7122620"/>
      <trkpt lat="47.1195078" lon="28.7122777"/>
      <trkpt lat="47.1194935" lon="28.7122934"/>
      <trkpt lat="47.1194792" lon="28.7123092"/>
      <trkpt lat="47.1194684" lon="28.7123210"/>
      <trkpt lat="47.1194649" lon="28.7123249"/>
      <trkpt lat="47.1194506" lon="28.7123407"/>
      <trkpt lat="47.1194363" lon="28.7123564"/>
      <trkpt lat="47.1194220" lon="28.7123722"/>
      <trkpt lat="47.1194077" lon="28.7123879"/>
      <trkpt lat="47.1193934" lon="28.7124037"/>
      <trkpt lat="47.1193791" lon="28.7124194"/>
      <trkpt lat="47.1193647" lon="28.7124351"/>
      <trkpt lat="47.1193504" lon="28.7124509"/>
      <trkpt lat="47.1193361" lon="28.7124666"/>
      <trkpt lat="47.1193232" lon="28.7124808"/>
      <trkpt lat="47.1193075" lon="28.7124981"/>
      <trkpt lat="47.1192932" lon="28.7125139"/>
      <trkpt lat="47.1192789" lon="28.7125296"/>
      <trkpt lat="47.1192764" lon="28.7125324"/>
      <trkpt lat="47.1192635" lon="28.7125385"/>
      <trkpt lat="47.1192646" lon="28.7125453"/>
      <trkpt lat="47.1192487" lon="28.7125578"/>
      <trkpt lat="47.1192345" lon="28.7125737"/>
      <trkpt lat="47.1192202" lon="28.7125896"/>
      <trkpt lat="47.1192060" lon="28.7126055"/>
      <trkpt lat="47.1191918" lon="28.7126214"/>
      <trkpt lat="47.1191785" lon="28.7126392"/>
      <trkpt lat="47.1191642" lon="28.7126549"/>
      <trkpt lat="47.1191498" lon="28.7126705"/>
      <trkpt lat="47.1191419" lon="28.7126791"/>
      <trkpt lat="47.1191355" lon="28.7126861"/>
      <trkpt lat="47.1191211" lon="28.7127018"/>
      <trkpt lat="47.1191067" lon="28.7127174"/>
      <trkpt lat="47.1190924" lon="28.7127330"/>
      <trkpt lat="47.1190780" lon="28.7127487"/>
      <trkpt lat="47.1190637" lon="28.7127643"/>
      <trkpt lat="47.1190493" lon="28.7127800"/>
      <trkpt lat="47.1190350" lon="28.7127956"/>
      <trkpt lat="47.1190219" lon="28.7128099"/>
      <trkpt lat="47.1190070" lon="28.7128261"/>
      <trkpt lat="47.1189919" lon="28.7128425"/>
      <trkpt lat="47.1189775" lon="28.7128581"/>
      <trkpt lat="47.1189632" lon="28.7128738"/>
      <trkpt lat="47.1189488" lon="28.7128894"/>
      <trkpt lat="47.1189345" lon="28.7129051"/>
      <trkpt lat="47.1189237" lon="28.7129152"/>
      <trkpt lat="47.1189194" lon="28.7129192"/>
      <trkpt lat="47.1189077" lon="28.7129316"/>
      <trkpt lat="47.1189049" lon="28.7129346"/>
      <trkpt lat="47.1188904" lon="28.7129499"/>
      <trkpt lat="47.1188759" lon="28.7129653"/>
      <trkpt lat="47.1188614" lon="28.7129807"/>
      <trkpt lat="47.1188469" lon="28.7129960"/>
      <trkpt lat="47.1188324" lon="28.7130114"/>
      <trkpt lat="47.1188179" lon="28.7130267"/>
      <trkpt lat="47.1188034" lon="28.7130421"/>
      <trkpt lat="47.1187890" lon="28.7130576"/>
      <trkpt lat="47.1188153" lon="28.7131193"/>
      <trkpt lat="47.1188010" lon="28.7131347"/>
      <trkpt lat="47.1187867" lon="28.7131502"/>
      <trkpt lat="47.1187725" lon="28.7131656"/>
      <trkpt lat="47.1187582" lon="28.7131811"/>
      <trkpt lat="47.1187439" lon="28.7131965"/>
      <trkpt lat="47.1187297" lon="28.7132119"/>
      <trkpt lat="47.1187154" lon="28.7132274"/>
      <trkpt lat="47.1187011" lon="28.7132428"/>
      <trkpt lat="47.1186869" lon="28.7132583"/>
      <trkpt lat="47.1186726" lon="28.7132737"/>
      <trkpt lat="47.1186633" lon="28.7132837"/>
      <trkpt lat="47.1186583" lon="28.7132891"/>
      <trkpt lat="47.1186421" lon="28.7133006"/>
      <trkpt lat="47.1186278" lon="28.7133160"/>
      <trkpt lat="47.1186135" lon="28.7133315"/>
      <trkpt lat="47.1185984" lon="28.7133417"/>
      <trkpt lat="47.1185887" lon="28.7133542"/>
      <trkpt lat="47.1185707" lon="28.7133778"/>
      <trkpt lat="47.1185625" lon="28.7133867"/>
      <trkpt lat="47.1185564" lon="28.7133932"/>
      <trkpt lat="47.1185422" lon="28.7134086"/>
      <trkpt lat="47.1185279" lon="28.7134241"/>
      <trkpt lat="47.1185136" lon="28.7134395"/>
      <trkpt lat="47.1184994" lon="28.7134549"/>
      <trkpt lat="47.1184890" lon="28.7134624"/>
      <trkpt lat="47.1184748" lon="28.7134779"/>
      <trkpt lat="47.1184733" lon="28.7134795"/>
      <trkpt lat="47.1184606" lon="28.7134933"/>
      <trkpt lat="47.1184463" lon="28.7135088"/>
      <trkpt lat="47.1184321" lon="28.7135243"/>
      <trkpt lat="47.1184179" lon="28.7135397"/>
      <trkpt lat="47.1184037" lon="28.7135552"/>
      <trkpt lat="47.1183920" lon="28.7135678"/>
      <trkpt lat="47.1183842" lon="28.7135764"/>
      <trkpt lat="47.1183214" lon="28.7136376"/>
      <trkpt lat="47.1183110" lon="28.7136248"/>
      <trkpt lat="47.1183322" lon="28.7135880"/>
      <trkpt lat="47.1183438" lon="28.7135693"/>
      <trkpt lat="47.1183578" lon="28.7135540"/>
      <trkpt lat="47.1183718" lon="28.7135386"/>
      <trkpt lat="47.1183752" lon="28.7135348"/>
      <trkpt lat="47.1183858" lon="28.7135233"/>
      <trkpt lat="47.1183997" lon="28.7135079"/>
      <trkpt lat="47.1184078" lon="28.7134991"/>
      <trkpt lat="47.1183997" lon="28.7135079"/>
      <trkpt lat="47.1183858" lon="28.7135233"/>
      <trkpt lat="47.1183752" lon="28.7135348"/>
      <trkpt lat="47.1183718" lon="28.7135386"/>
      <trkpt lat="47.1183578" lon="28.7135540"/>
      <trkpt lat="47.1183438" lon="28.7135693"/>
      <trkpt lat="47.1183322" lon="28.7135880"/>
      <trkpt lat="47.1183110" lon="28.7136248"/>
      <trkpt lat="47.1183214" lon="28.7136376"/>
      <trkpt lat="47.1183252" lon="28.7136423"/>
      <trkpt lat="47.1183348" lon="28.7136542"/>
      <trkpt lat="47.1183437" lon="28.7136651"/>
      <trkpt lat="47.1183482" lon="28.7136708"/>
      <trkpt lat="47.1183576" lon="28.7136823"/>
      <trkpt lat="47.1183620" lon="28.7136877"/>
      <trkpt lat="47.1183750" lon="28.7137039"/>
      <trkpt lat="47.1183772" lon="28.7137066"/>
      <trkpt lat="47.1183812" lon="28.7137115"/>
      <trkpt lat="47.1183884" lon="28.7137205"/>
      <trkpt lat="47.1183986" lon="28.7137330"/>
      <trkpt lat="47.1183988" lon="28.7137333"/>
      <trkpt lat="47.1184421" lon="28.7137868"/>
      <trkpt lat="47.1184555" lon="28.7138034"/>
      <trkpt lat="47.1184606" lon="28.7138098"/>
      <trkpt lat="47.1185052" lon="28.7138015"/>
      <trkpt lat="47.1185068" lon="28.7138047"/>
      <trkpt lat="47.1185190" lon="28.7137917"/>
      <trkpt lat="47.1185444" lon="28.7138497"/>
      <trkpt lat="47.1185565" lon="28.7138376"/>
      <trkpt lat="47.1185707" lon="28.7138221"/>
      <trkpt lat="47.1185849" lon="28.7138067"/>
      <trkpt lat="47.1185991" lon="28.7137912"/>
      <trkpt lat="47.1186133" lon="28.7137758"/>
      <trkpt lat="47.1186275" lon="28.7137603"/>
      <trkpt lat="47.1186417" lon="28.7137449"/>
      <trkpt lat="47.1186559" lon="28.7137294"/>
      <trkpt lat="47.1186701" lon="28.7137139"/>
      <trkpt lat="47.1186842" lon="28.7136985"/>
      <trkpt lat="47.1186984" lon="28.7136830"/>
      <trkpt lat="47.1187070" lon="28.7136738"/>
      <trkpt lat="47.1187126" lon="28.7136676"/>
      <trkpt lat="47.1187268" lon="28.7136521"/>
      <trkpt lat="47.1187410" lon="28.7136367"/>
      <trkpt lat="47.1187552" lon="28.7136212"/>
      <trkpt lat="47.1187601" lon="28.7136159"/>
      <trkpt lat="47.1187618" lon="28.7136191"/>
      <trkpt lat="47.1187762" lon="28.7136035"/>
      <trkpt lat="47.1187924" lon="28.7135916"/>
      <trkpt lat="47.1188068" lon="28.7135759"/>
      <trkpt lat="47.1188211" lon="28.7135602"/>
      <trkpt lat="47.1188355" lon="28.7135445"/>
      <trkpt lat="47.1188463" lon="28.7135326"/>
      <trkpt lat="47.1188499" lon="28.7135287"/>
      <trkpt lat="47.1188642" lon="28.7135130"/>
      <trkpt lat="47.1188786" lon="28.7134973"/>
      <trkpt lat="47.1188929" lon="28.7134816"/>
      <trkpt lat="47.1189073" lon="28.7134659"/>
      <trkpt lat="47.1189216" lon="28.7134502"/>
      <trkpt lat="47.1189360" lon="28.7134345"/>
      <trkpt lat="47.1189504" lon="28.7134188"/>
      <trkpt lat="47.1189541" lon="28.7134147"/>
      <trkpt lat="47.1189647" lon="28.7134031"/>
      <trkpt lat="47.1189791" lon="28.7133874"/>
      <trkpt lat="47.1189934" lon="28.7133717"/>
      <trkpt lat="47.1190078" lon="28.7133560"/>
      <trkpt lat="47.1190222" lon="28.7133402"/>
      <trkpt lat="47.1190365" lon="28.7133245"/>
      <trkpt lat="47.1190508" lon="28.7133087"/>
      <trkpt lat="47.1190651" lon="28.7132929"/>
      <trkpt lat="47.1190794" lon="28.7132771"/>
      <trkpt lat="47.1190937" lon="28.7132613"/>
      <trkpt lat="47.1191080" lon="28.7132454"/>
      <trkpt lat="47.1191223" lon="28.7132296"/>
      <trkpt lat="47.1191367" lon="28.7132138"/>
      <trkpt lat="47.1191510" lon="28.7131980"/>
      <trkpt lat="47.1191653" lon="28.7131822"/>
      <trkpt lat="47.1191684" lon="28.7131761"/>
      <trkpt lat="47.1191826" lon="28.7131606"/>
      <trkpt lat="47.1191967" lon="28.7131451"/>
      <trkpt lat="47.1192109" lon="28.7131297"/>
      <trkpt lat="47.1192251" lon="28.7131142"/>
      <trkpt lat="47.1192393" lon="28.7130987"/>
      <trkpt lat="47.1192525" lon="28.7130813"/>
      <trkpt lat="47.1192646" lon="28.7130699"/>
      <trkpt lat="47.1192759" lon="28.7130577"/>
      <trkpt lat="47.1192790" lon="28.7130543"/>
      <trkpt lat="47.1192934" lon="28.7130387"/>
      <trkpt lat="47.1193079" lon="28.7130232"/>
      <trkpt lat="47.1193223" lon="28.7130076"/>
      <trkpt lat="47.1193367" lon="28.7129920"/>
      <trkpt lat="47.1193446" lon="28.7129834"/>
      <trkpt lat="47.1193511" lon="28.7129764"/>
      <trkpt lat="47.1193656" lon="28.7129608"/>
      <trkpt lat="47.1193800" lon="28.7129452"/>
      <trkpt lat="47.1193842" lon="28.7129407"/>
      <trkpt lat="47.1193944" lon="28.7129296"/>
      <trkpt lat="47.1194088" lon="28.7129141"/>
      <trkpt lat="47.1194232" lon="28.7128985"/>
      <trkpt lat="47.1194377" lon="28.7128829"/>
      <trkpt lat="47.1194521" lon="28.7128673"/>
      <trkpt lat="47.1194665" lon="28.7128517"/>
      <trkpt lat="47.1194809" lon="28.7128361"/>
      <trkpt lat="47.1194925" lon="28.7128237"/>
      <trkpt lat="47.1194953" lon="28.7128205"/>
      <trkpt lat="47.1195098" lon="28.7128050"/>
      <trkpt lat="47.1195275" lon="28.7127858"/>
      <trkpt lat="47.1195386" lon="28.7127738"/>
      <trkpt lat="47.1195530" lon="28.7127582"/>
      <trkpt lat="47.1195674" lon="28.7127426"/>
      <trkpt lat="47.1195819" lon="28.7127270"/>
      <trkpt lat="47.1195963" lon="28.7127114"/>
      <trkpt lat="47.1196007" lon="28.7127067"/>
      <trkpt lat="47.1196107" lon="28.7126959"/>
      <trkpt lat="47.1196114" lon="28.7126951"/>
      <trkpt lat="47.1196251" lon="28.7126803"/>
      <trkpt lat="47.1196406" lon="28.7126636"/>
      <trkpt lat="47.1196540" lon="28.7126491"/>
      <trkpt lat="47.1196670" lon="28.7126308"/>
      <trkpt lat="47.1196815" lon="28.7126153"/>
      <trkpt lat="47.1196959" lon="28.7125998"/>
      <trkpt lat="47.1197104" lon="28.7125842"/>
      <trkpt lat="47.1197271" lon="28.7125732"/>
      <trkpt lat="47.1197414" lon="28.7125575"/>
      <trkpt lat="47.1197558" lon="28.7125418"/>
      <trkpt lat="47.1197702" lon="28.7125261"/>
      <trkpt lat="47.1197779" lon="28.7125176"/>
      <trkpt lat="47.1197845" lon="28.7125103"/>
      <trkpt lat="47.1197989" lon="28.7124946"/>
      <trkpt lat="47.1198132" lon="28.7124789"/>
      <trkpt lat="47.1198276" lon="28.7124632"/>
      <trkpt lat="47.1198420" lon="28.7124475"/>
      <trkpt lat="47.1198563" lon="28.7124318"/>
      <trkpt lat="47.1198604" lon="28.7124274"/>
      <trkpt lat="47.1198707" lon="28.7124161"/>
      <trkpt lat="47.1198850" lon="28.7124004"/>
      <trkpt lat="47.1199015" lon="28.7123824"/>
      <trkpt lat="47.1199138" lon="28.7123690"/>
      <trkpt lat="47.1199281" lon="28.7123533"/>
      <trkpt lat="47.1199425" lon="28.7123376"/>
      <trkpt lat="47.1199569" lon="28.7123219"/>
      <trkpt lat="47.1199712" lon="28.7123062"/>
      <trkpt lat="47.1199856" lon="28.7122905"/>
      <trkpt lat="47.1199999" lon="28.7122748"/>
      <trkpt lat="47.1200087" lon="28.7122652"/>
      <trkpt lat="47.1200143" lon="28.7122591"/>
      <trkpt lat="47.1200287" lon="28.7122433"/>
      <trkpt lat="47.1200430" lon="28.7122276"/>
      <trkpt lat="47.1200574" lon="28.7122119"/>
      <trkpt lat="47.1200717" lon="28.7121962"/>
      <trkpt lat="47.1200861" lon="28.7121805"/>
      <trkpt lat="47.1201005" lon="28.7121648"/>
      <trkpt lat="47.1201148" lon="28.7121491"/>
      <trkpt lat="47.1201292" lon="28.7121334"/>
      <trkpt lat="47.1201435" lon="28.7121177"/>
      <trkpt lat="47.1201579" lon="28.7121020"/>
      <trkpt lat="47.1201723" lon="28.7120864"/>
      <trkpt lat="47.1201852" lon="28.7120678"/>
      <trkpt lat="47.1201997" lon="28.7120524"/>
      <trkpt lat="47.1202142" lon="28.7120370"/>
      <trkpt lat="47.1202288" lon="28.7120216"/>
      <trkpt lat="47.1202433" lon="28.7120062"/>
      <trkpt lat="47.1202578" lon="28.7119908"/>
      <trkpt lat="47.1202723" lon="28.7119753"/>
      <trkpt lat="47.1202867" lon="28.7119598"/>
      <trkpt lat="47.1203011" lon="28.7119442"/>
      <trkpt lat="47.1203156" lon="28.7119287"/>
      <trkpt lat="47.1203300" lon="28.7119131"/>
      <trkpt lat="47.1203445" lon="28.7118976"/>
      <trkpt lat="47.1203589" lon="28.7118820"/>
      <trkpt lat="47.1203733" lon="28.7118664"/>
      <trkpt lat="47.1203878" lon="28.7118509"/>
      <trkpt lat="47.1204022" lon="28.7118353"/>
      <trkpt lat="47.1204102" lon="28.7118267"/>
      <trkpt lat="47.1204123" lon="28.7118309"/>
  </trkseg></trk>
</gpx>
