{"type":"FeatureCollection","features":[{"type":"Feature","id":1,"properties":{"canopy_id":"siret3_r021_c012#0001","vineyard_id":"V01","row_id":"V01-R01","tile":"siret3_r021_c012","area_m2":0.3281},"geometry":{"type":"Polygon","coordinates":[[[28.7093541,47.1220721],[28.7093531,47.1220704],[28.7093536,47.1220679],[28.7093569,47.1220676],[28.7093575,47.1220656],[28.7093621,47.1220642],[28.7093622,47.1220686],[28.7093606,47.1220687],[28.7093587,47.122071],[28.7093554,47.1220712],[28.7093551,47.1220721],[28.7093541,47.1220721]]]}},{"type":"Feature","id":2,"properties":{"canopy_id":"siret3_r021_c012#0002","vineyard_id":"V01","row_id":"V01-R02","tile":"siret3_r021_c012","area_m2":1.303},"geometry":{"type":"Polygon","coordinates":[[[28.7093293,47.1220577],[28.7093288,47.1220536],[28.7093278,47.1220527],[28.7093284,47.1220518],[28.7093307,47.1220507],[28.7093316,47.1220491],[28.7093362,47.1220481],[28.7093361,47.1220454],[28.7093377,47.1220447],[28.709338,47.1220434],[28.709339,47.1220427],[28.709342,47.1220426],[28.7093435,47.1220401],[28.7093461,47.1220387],[28.7093461,47.1220367],[28.709349,47.1220365],[28.7093522,47.1220339],[28.7093538,47.1220308],[28.7093561,47.12203],[28.7093574,47.1220316],[28.7093561,47.1220325],[28.7093553,47.1220368],[28.709351,47.1220382],[28.7093508,47.1220402],[28.7093475,47.1220419],[28.7093479,47.1220434],[28.7093463,47.1220448],[28.7093404,47.1220458],[28.7093405,47.1220478],[28.7093392,47.1220487],[28.7093362,47.1220488],[28.7093363,47.1220497],[28.7093383,47.122051],[28.709338,47.1220517],[28.7093344,47.1220535],[28.7093345,47.1220551],[28.7093325,47.122056],[28.7093316,47.1220576],[28.7093293,47.1220577]]]}},{"type":"Feature","id":3,"properties":{"canopy_id":"siret3_r021_c012#0003","vineyard_id":"V01","row_id":"V01-R02","tile":"siret3_r021_c012","area_m2":0.3901},"geometry":{"type":"Polygon","coordinates":[[[28.7093186,47.1220641],[28.7093169,47.1220633],[28.7093169,47.1220621],[28.7093204,47.1220592],[28.7093224,47.1220584],[28.7093253,47.1220586],[28.7093273,47.1220575],[28.7093296,47.1220579],[28.7093296,47.1220595],[28.7093274,47.1220615],[28.7093254,47.1220616],[28.7093251,47.1220631],[28.7093202,47.1220632],[28.7093186,47.1220641]]]}},{"type":"Feature","id":4,"properties":{"canopy_id":"siret3_r021_c012#0004","vineyard_id":"V01","row_id":"V01-R02","tile":"siret3_r021_c012","area_m2":0.4155},"geometry":{"type":"Polygon","coordinates":[[[28.7093087,47.1220728],[28.7093083,47.122071],[28.7093112,47.1220705],[28.7093128,47.1220694],[28.7093128,47.1220683],[28.7093108,47.1220674],[28.7093166,47.1220633],[28.7093186,47.1220644],[28.709317,47.1220669],[28.7093178,47.12207],[28.7093149,47.1220727],[28.7093087,47.1220728]]]}},{"type":"Feature","id":5,"properties":{"canopy_id":"siret3_r021_c012#0005","vineyard_id":"V01","row_id":"V01-R03","tile":"siret3_r021_c012","area_m2":0.3347},"geometry":{"type":"Polygon","coordinates":[[[28.7092625,47.1220735],[28.7092615,47.122072],[28.7092621,47.1220697],[28.7092672,47.1220658],[28.7092682,47.1220667],[28.7092673,47.1220692],[28.7092693,47.1220696],[28.7092694,47.1220716],[28.7092681,47.1220734],[28.7092625,47.1220735]]]}},{"type":"Feature","id":6,"properties":{"canopy_id":"siret3_r021_c012#0006","vineyard_id":"V01","row_id":"V01-R03","tile":"siret3_r021_c012","area_m2":0.6624},"geometry":{"type":"Polygon","coordinates":[[[28.7092767,47.1220643],[28.7092754,47.1220625],[28.709274,47.1220625],[28.7092728,47.1220637],[28.7092708,47.122063],[28.7092726,47.1220601],[28.7092778,47.1220571],[28.7092778,47.1220551],[28.7092807,47.1220532],[28.709281,47.1220521],[28.7092833,47.1220527],[28.7092839,47.122052],[28.7092843,47.122052],[28.7092846,47.1220518],[28.7092849,47.1220518],[28.7092852,47.1220516],[28.7092852,47.1220505],[28.7092859,47.1220507],[28.7092852,47.122052],[28.7092866,47.1220534],[28.7092843,47.1220545],[28.7092854,47.122057],[28.7092832,47.122059],[28.7092789,47.1220593],[28.7092803,47.1220618],[28.7092767,47.1220643]]]}},{"type":"Feature","id":7,"properties":{"canopy_id":"siret3_r021_c012#0007","vineyard_id":"V01","row_id":"V01-R03","tile":"siret3_r021_c012","area_m2":0.2744},"geometry":{"type":"Polygon","coordinates":[[[28.7092924,47.1220481],[28.7092923,47.1220467],[28.70929,47.1220466],[28.70929,47.1220448],[28.7092931,47.1220409],[28.7092941,47.1220409],[28.7092958,47.122042],[28.7092969,47.1220449],[28.709295,47.1220476],[28.7092924,47.1220481]]]}},{"type":"Feature","id":8,"properties":{"canopy_id":"siret3_r021_c012#0008","vineyard_id":"V01","row_id":"V01-R03","tile":"siret3_r021_c012","area_m2":0.802},"geometry":{"type":"Polygon","coordinates":[[[28.7092984,47.1220417],[28.7092981,47.1220404],[28.7092993,47.1220385],[28.7093012,47.1220372],[28.7093032,47.1220369],[28.7093031,47.1220338],[28.7093047,47.1220328],[28.709304,47.1220308],[28.7093075,47.1220276],[28.7093096,47.1220292],[28.7093109,47.1220291],[28.7093118,47.1220276],[28.7093105,47.1220262],[28.7093127,47.1220242],[28.7093173,47.1220225],[28.7093184,47.1220266],[28.7093135,47.1220278],[28.7093142,47.1220295],[28.7093113,47.1220307],[28.7093075,47.1220366],[28.7093036,47.1220371],[28.7093023,47.1220405],[28.7093007,47.1220417],[28.7092984,47.1220417]]]}},{"type":"Feature","id":9,"properties":{"canopy_id":"siret3_r021_c012#0009","vineyard_id":"V01","row_id":"V01-R03","tile":"siret3_r021_c012","area_m2":0.752},"geometry":{"type":"Polygon","coordinates":[[[28.7093238,47.1220209],[28.7093205,47.1220207],[28.7093185,47.1220198],[28.7093233,47.1220157],[28.7093242,47.1220132],[28.7093275,47.1220118],[28.7093274,47.1220107],[28.7093316,47.1220068],[28.7093315,47.1220054],[28.7093328,47.1220043],[28.7093348,47.1220043],[28.7093362,47.122006],[28.7093346,47.1220083],[28.7093314,47.1220104],[28.7093321,47.1220138],[28.7093238,47.1220209]]]}},{"type":"Feature","id":10,"properties":{"canopy_id":"siret3_r021_c012#0010","vineyard_id":"V01","row_id":"V01-R03","tile":"siret3_r021_c012","area_m2":0.2673},"geometry":{"type":"Polygon","coordinates":[[[28.7093458,47.1219967],[28.7093447,47.1219953],[28.709345,47.1219935],[28.7093511,47.1219887],[28.7093531,47.1219887],[28.7093541,47.1219898],[28.7093509,47.1219919],[28.7093519,47.1219934],[28.7093487,47.1219944],[28.7093474,47.1219964],[28.7093458,47.1219967]]]}},{"type":"Feature","id":11,"properties":{"canopy_id":"siret3_r021_c012#0011","vineyard_id":"V01","row_id":"V01-R04","tile":"siret3_r021_c012","area_m2":0.2952},"geometry":{"type":"Polygon","coordinates":[[[28.7092246,47.1220716],[28.7092215,47.1220701],[28.7092196,47.1220706],[28.7092186,47.1220692],[28.7092224,47.1220651],[28.709225,47.1220651],[28.7092267,47.1220666],[28.7092265,47.12207],[28.7092246,47.1220716]]]}},{"type":"Feature","id":12,"properties":{"canopy_id":"siret3_r021_c012#0012","vineyard_id":"V01","row_id":"V01-R04","tile":"siret3_r021_c012","area_m2":0.3127},"geometry":{"type":"Polygon","coordinates":[[[28.7092283,47.1220637],[28.7092243,47.1220633],[28.7092317,47.1220564],[28.7092333,47.1220562],[28.7092346,47.1220571],[28.7092334,47.1220607],[28.7092322,47.1220625],[28.7092286,47.122063],[28.7092283,47.1220637]]]}},{"type":"Feature","id":13,"properties":{"canopy_id":"siret3_r021_c012#0013","vineyard_id":"V01","row_id":"V01-R04","tile":"siret3_r021_c012","area_m2":0.3662},"geometry":{"type":"Polygon","coordinates":[[[28.7092492,47.1220472],[28.7092482,47.1220465],[28.7092449,47.1220466],[28.7092441,47.122045],[28.7092474,47.1220422],[28.7092493,47.1220424],[28.7092509,47.1220413],[28.7092509,47.122039],[28.7092525,47.1220386],[28.7092539,47.1220399],[28.7092519,47.1220408],[28.709252,47.1220417],[28.7092543,47.1220433],[28.7092556,47.1220432],[28.709254,47.1220435],[28.709254,47.1220448],[28.7092515,47.1220469],[28.7092492,47.1220472]]]}},{"type":"Feature","id":14,"properties":{"canopy_id":"siret3_r021_c012#0014","vineyard_id":"V01","row_id":"V01-R04","tile":"siret3_r021_c012","area_m2":0.6926},"geometry":{"type":"Polygon","coordinates":[[[28.7092578,47.1220387],[28.7092576,47.1220335],[28.7092589,47.1220328],[28.7092619,47.1220337],[28.7092636,47.1220335],[28.7092635,47.1220314],[28.7092651,47.1220301],[28.709264,47.1220271],[28.7092663,47.1220269],[28.7092666,47.1220258],[28.7092702,47.1220235],[28.7092718,47.122023],[28.7092741,47.1220236],[28.7092752,47.1220254],[28.7092719,47.122027],[28.7092719,47.1220279],[28.7092696,47.1220277],[28.70927,47.1220291],[28.7092684,47.1220316],[28.7092665,47.1220323],[28.7092662,47.1220336],[28.7092627,47.1220366],[28.7092578,47.1220387]]]}},{"type":"Feature","id":15,"properties":{"canopy_id":"siret3_r021_c012#0015","vineyard_id":"V01","row_id":"V01-R04","tile":"siret3_r021_c012","area_m2":0.3621},"geometry":{"type":"Polygon","coordinates":[[[28.7092734,47.1220218],[28.709273,47.1220212],[28.709275,47.1220202],[28.7092746,47.1220171],[28.7092779,47.1220175],[28.7092807,47.1220143],[28.7092833,47.1220129],[28.7092839,47.12201],[28.7092865,47.1220102],[28.7092863,47.1220133],[28.7092873,47.1220142],[28.7092841,47.1220172],[28.7092811,47.1220165],[28.7092802,47.1220179],[28.7092779,47.1220182],[28.7092766,47.1220204],[28.7092747,47.1220207],[28.7092734,47.1220218]]]}},{"type":"Feature","id":16,"properties":{"canopy_id":"siret3_r021_c012#0016","vineyard_id":"V01","row_id":"V01-R04","tile":"siret3_r021_c012","area_m2":0.4719},"geometry":{"type":"Polygon","coordinates":[[[28.7092905,47.122011],[28.7092882,47.1220097],[28.7092877,47.1220059],[28.7092897,47.1220054],[28.70929,47.122004],[28.7092926,47.1220031],[28.7092922,47.1220015],[28.7092981,47.1220005],[28.7092991,47.1220012],[28.7092992,47.1220032],[28.7092963,47.1220057],[28.709292,47.1220054],[28.709292,47.1220063],[28.7092944,47.1220076],[28.7092905,47.122011]]]}},{"type":"Feature","id":17,"properties":{"canopy_id":"siret3_r021_c012#0017","vineyard_id":"V01","row_id":"V01-R04","tile":"siret3_r021_c012","area_m2":0.3601},"geometry":{"type":"Polygon","coordinates":[[[28.7093193,47.1219847],[28.7093176,47.1219827],[28.7093186,47.1219811],[28.7093162,47.1219805],[28.7093171,47.1219778],[28.7093185,47.1219777],[28.7093204,47.1219757],[28.709323,47.1219756],[28.7093241,47.1219779],[28.7093261,47.1219785],[28.7093219,47.1219811],[28.7093219,47.1219822],[28.7093193,47.1219847]]]}},{"type":"Feature","id":18,"properties":{"canopy_id":"siret3_r021_c012#0018","vineyard_id":"V01","row_id":"V01-R04","tile":"siret3_r021_c012","area_m2":0.2332},"geometry":{"type":"Polygon","coordinates":[[[28.7093292,47.1219729],[28.7093265,47.1219711],[28.7093277,47.1219682],[28.7093284,47.1219677],[28.7093304,47.1219692],[28.7093317,47.1219692],[28.709332,47.1219679],[28.7093333,47.1219676],[28.7093347,47.1219703],[28.7093325,47.1219724],[28.7093292,47.1219729]]]}},{"type":"Feature","id":19,"properties":{"canopy_id":"siret3_r021_c012#0019","vineyard_id":"V01","row_id":"V01-R04","tile":"siret3_r021_c012","area_m2":0.8853},"geometry":{"type":"Polygon","coordinates":[[[28.7093366,47.121968],[28.7093342,47.121966],[28.7093319,47.1219661],[28.7093309,47.1219652],[28.7093344,47.1219624],[28.7093381,47.1219617],[28.709338,47.1219588],[28.7093405,47.1219565],[28.7093418,47.1219565],[28.7093425,47.1219574],[28.7093452,47.1219571],[28.709346,47.1219537],[28.7093444,47.1219528],[28.7093504,47.1219471],[28.7093525,47.1219484],[28.7093548,47.1219484],[28.7093558,47.12195],[28.7093539,47.1219513],[28.7093506,47.1219509],[28.7093501,47.1219559],[28.7093484,47.1219561],[28.7093462,47.121958],[28.7093422,47.121958],[28.7093413,47.1219601],[28.7093417,47.1219628],[28.7093411,47.1219635],[28.7093384,47.1219637],[28.7093392,47.1219664],[28.7093366,47.121968]]]}},{"type":"Feature","id":20,"properties":{"canopy_id":"siret3_r021_c012#0020","vineyard_id":"V01","row_id":"V01-R05","tile":"siret3_r021_c012","area_m2":0.6365},"geometry":{"type":"Polygon","coordinates":[[[28.7091627,47.122075],[28.7091688,47.1220709],[28.7091685,47.1220691],[28.7091717,47.1220661],[28.7091726,47.1220654],[28.7091753,47.1220658],[28.7091758,47.1220633],[28.7091778,47.1220615],[28.709182,47.1220601],[28.7091801,47.1220619],[28.7091801,47.122063],[28.7091828,47.1220646],[28.7091799,47.1220653],[28.7091777,47.1220685],[28.7091754,47.1220699],[28.7091728,47.1220697],[28.7091721,47.1220706],[28.7091698,47.1220708],[28.7091703,47.1220749],[28.7091627,47.122075]]]}},{"type":"Feature","id":21,"properties":{"canopy_id":"siret3_r021_c012#0021","vineyard_id":"V01","row_id":"V01-R05","tile":"siret3_r021_c012","area_m2":0.3228},"geometry":{"type":"Polygon","coordinates":[[[28.7091866,47.1220584],[28.7091846,47.1220574],[28.7091845,47.1220542],[28.7091887,47.1220514],[28.7091893,47.1220499],[28.70919,47.1220512],[28.7091929,47.1220509],[28.7091923,47.1220534],[28.709194,47.1220541],[28.7091934,47.122055],[28.7091924,47.1220557],[28.7091875,47.1220557],[28.7091866,47.1220584]]]}},{"type":"Feature","id":22,"properties":{"canopy_id":"siret3_r021_c012#0022","vineyard_id":"V01","row_id":"V01-R05","tile":"siret3_r021_c012","area_m2":0.429},"geometry":{"type":"Polygon","coordinates":[[[28.7092032,47.1220431],[28.7092022,47.1220409],[28.7092044,47.1220397],[28.7092043,47.122037],[28.7092089,47.1220347],[28.7092085,47.1220331],[28.7092104,47.1220309],[28.7092117,47.1220306],[28.7092134,47.1220324],[28.7092132,47.1220344],[28.7092099,47.1220358],[28.7092087,47.1220408],[28.7092032,47.1220431]]]}},{"type":"Feature","id":23,"properties":{"canopy_id":"siret3_r021_c012#0023","vineyard_id":"V01","row_id":"V01-R05","tile":"siret3_r021_c012","area_m2":0.2817},"geometry":{"type":"Polygon","coordinates":[[[28.709216,47.1220299],[28.7092153,47.1220283],[28.7092139,47.1220279],[28.7092165,47.1220263],[28.7092165,47.1220249],[28.7092201,47.122024],[28.709222,47.1220224],[28.7092233,47.1220226],[28.709224,47.1220241],[28.7092225,47.1220264],[28.7092195,47.1220274],[28.7092183,47.1220299],[28.709216,47.1220299]]]}},{"type":"Feature","id":24,"properties":{"canopy_id":"siret3_r021_c012#0024","vineyard_id":"V01","row_id":"V01-R05","tile":"siret3_r021_c012","area_m2":0.4309},"geometry":{"type":"Polygon","coordinates":[[[28.7092289,47.1220216],[28.7092256,47.122021],[28.7092245,47.1220183],[28.7092254,47.1220165],[28.7092267,47.1220151],[28.7092287,47.1220153],[28.7092306,47.1220135],[28.7092339,47.1220134],[28.709234,47.1220172],[28.7092289,47.1220216]]]}},{"type":"Feature","id":25,"properties":{"canopy_id":"siret3_r021_c012#0025","vineyard_id":"V01","row_id":"V01-R05","tile":"siret3_r021_c012","area_m2":0.2988},"geometry":{"type":"Polygon","coordinates":[[[28.7092391,47.1220118],[28.7092384,47.1220102],[28.7092361,47.1220096],[28.7092366,47.122006],[28.7092389,47.1220039],[28.7092412,47.1220052],[28.7092455,47.1220049],[28.7092449,47.1220065],[28.7092416,47.1220066],[28.7092417,47.122009],[28.7092401,47.1220118],[28.7092391,47.1220118]]]}},{"type":"Feature","id":26,"properties":{"canopy_id":"siret3_r021_c012#0026","vineyard_id":"V01","row_id":"V01-R05","tile":"siret3_r021_c012","area_m2":0.3389},"geometry":{"type":"Polygon","coordinates":[[[28.7092464,47.1220029],[28.7092447,47.1220016],[28.7092444,47.1220007],[28.7092447,47.1219998],[28.7092457,47.1220006],[28.7092483,47.1220004],[28.7092493,47.1219986],[28.7092525,47.1219963],[28.7092531,47.1219942],[28.7092587,47.1219944],[28.70925,47.1220022],[28.7092464,47.1220029]]]}},{"type":"Feature","id":27,"properties":{"canopy_id":"siret3_r021_c012#0027","vineyard_id":"V01","row_id":"V01-R05","tile":"siret3_r021_c012","area_m2":1.2849},"geometry":{"type":"Polygon","coordinates":[[[28.709284,47.1219706],[28.7092826,47.1219697],[28.7092829,47.1219675],[28.7092812,47.1219666],[28.7092818,47.1219643],[28.7092857,47.1219636],[28.7092859,47.1219605],[28.7092888,47.1219577],[28.7092914,47.1219572],[28.7092934,47.1219554],[28.709293,47.1219538],[28.7092991,47.1219483],[28.7093053,47.1219487],[28.7093054,47.1219505],[28.7093012,47.1219528],[28.7093012,47.1219537],[28.7092992,47.1219542],[28.7092987,47.1219576],[28.7092923,47.1219624],[28.7092916,47.121964],[28.7092897,47.1219642],[28.7092897,47.1219656],[28.709284,47.1219706]]]}},{"type":"Feature","id":28,"properties":{"canopy_id":"siret3_r021_c012#0028","vineyard_id":"V01","row_id":"V01-R05","tile":"siret3_r021_c012","area_m2":0.7693},"geometry":{"type":"Polygon","coordinates":[[[28.7092692,47.1219834],[28.7092691,47.1219807],[28.7092658,47.1219803],[28.709267,47.1219778],[28.7092683,47.1219767],[28.7092719,47.1219762],[28.7092716,47.1219746],[28.7092767,47.1219696],[28.709278,47.1219696],[28.709279,47.1219711],[28.709282,47.1219709],[28.7092826,47.12197],[28.7092843,47.1219708],[28.7092837,47.1219715],[28.7092798,47.1219749],[28.7092775,47.1219754],[28.7092769,47.1219777],[28.7092743,47.1219791],[28.7092715,47.1219827],[28.7092692,47.1219834]]]}},{"type":"Feature","id":29,"properties":{"canopy_id":"siret3_r021_c012#0029","vineyard_id":"V01","row_id":"V01-R05","tile":"siret3_r021_c012","area_m2":1.5862},"geometry":{"type":"Polygon","coordinates":[[[28.7093275,47.1219297],[28.7093248,47.1219297],[28.7093244,47.1219275],[28.709327,47.1219243],[28.7093292,47.1219231],[28.7093288,47.1219209],[28.7093324,47.1219204],[28.7093347,47.1219188],[28.709337,47.1219183],[28.7093369,47.1219169],[28.709335,47.1219168],[28.7093346,47.1219154],[28.7093391,47.1219131],[28.7093391,47.1219117],[28.7093407,47.1219108],[28.709341,47.1219095],[28.7093477,47.1219035],[28.7093494,47.1219046],[28.709351,47.1219044],[28.7093516,47.1219021],[28.7093529,47.1219014],[28.7093525,47.1218987],[28.7093541,47.1218978],[28.7093568,47.1218991],[28.7093569,47.1219029],[28.7093546,47.1219034],[28.7093547,47.121905],[28.7093528,47.1219075],[28.7093483,47.1219105],[28.7093476,47.1219105],[28.709347,47.1219107],[28.7093476,47.1219096],[28.7093466,47.1219092],[28.7093433,47.1219094],[28.7093433,47.121911],[28.7093454,47.1219119],[28.7093457,47.121913],[28.7093438,47.1219144],[28.7093432,47.1219164],[28.7093377,47.121921],[28.7093351,47.121921],[28.7093335,47.1219219],[28.7093335,47.1219228],[28.7093352,47.1219237],[28.7093329,47.1219247],[28.7093313,47.1219272],[28.7093294,47.1219272],[28.7093275,47.1219297]]]}},{"type":"Feature","id":30,"properties":{"canopy_id":"siret3_r021_c012#0030","vineyard_id":"V01","row_id":"V01-R06","tile":"siret3_r021_c012","area_m2":0.481},"geometry":{"type":"Polygon","coordinates":[[[28.7091325,47.1220692],[28.7091305,47.1220681],[28.7091321,47.1220647],[28.7091319,47.1220611],[28.7091326,47.1220604],[28.7091333,47.122061],[28.7091356,47.122061],[28.7091365,47.122059],[28.7091401,47.1220587],[28.7091407,47.1220564],[28.7091423,47.1220564],[28.7091434,47.1220577],[28.7091415,47.1220611],[28.7091399,47.1220625],[28.7091372,47.1220614],[28.7091356,47.1220617],[28.7091373,47.122065],[28.7091325,47.1220692]]]}},{"type":"Feature","id":31,"properties":{"canopy_id":"siret3_r021_c012#0031","vineyard_id":"V01","row_id":"V01-R06","tile":"siret3_r021_c012","area_m2":0.238},"geometry":{"type":"Polygon","coordinates":[[[28.7091523,47.1220488],[28.7091513,47.1220482],[28.7091522,47.1220455],[28.7091499,47.1220444],[28.7091524,47.1220419],[28.7091563,47.1220405],[28.7091571,47.1220427],[28.7091551,47.1220432],[28.7091541,47.1220443],[28.7091552,47.1220461],[28.7091549,47.1220481],[28.7091523,47.1220488]]]}},{"type":"Feature","id":32,"properties":{"canopy_id":"siret3_r021_c012#0032","vineyard_id":"V01","row_id":"V01-R06","tile":"siret3_r021_c012","area_m2":0.4094},"geometry":{"type":"Polygon","coordinates":[[[28.7091683,47.1220333],[28.7091676,47.1220308],[28.7091649,47.1220302],[28.7091668,47.1220284],[28.7091691,47.1220281],[28.7091714,47.1220267],[28.7091753,47.1220267],[28.7091753,47.1220249],[28.7091769,47.1220239],[28.7091789,47.1220246],[28.7091796,47.1220255],[28.709178,47.1220269],[28.7091753,47.1220269],[28.7091764,47.1220285],[28.7091748,47.1220301],[28.7091725,47.1220303],[28.7091712,47.1220326],[28.7091683,47.1220333]]]}},{"type":"Feature","id":33,"properties":{"canopy_id":"siret3_r021_c012#0033","vineyard_id":"V01","row_id":"V01-R06","tile":"siret3_r021_c012","area_m2":0.3765},"geometry":{"type":"Polygon","coordinates":[[[28.7091824,47.1220207],[28.7091817,47.1220192],[28.7091794,47.1220185],[28.7091793,47.1220167],[28.7091835,47.1220128],[28.7091871,47.1220125],[28.7091874,47.122011],[28.7091887,47.1220107],[28.70919,47.1220125],[28.7091874,47.1220128],[28.7091882,47.1220152],[28.7091853,47.1220173],[28.709184,47.1220202],[28.7091824,47.1220207]]]}},{"type":"Feature","id":34,"properties":{"canopy_id":"siret3_r021_c012#0034","vineyard_id":"V01","row_id":"V01-R06","tile":"siret3_r021_c012","area_m2":0.291},"geometry":{"type":"Polygon","coordinates":[[[28.7091913,47.1220098],[28.7091899,47.1220078],[28.7091941,47.1220061],[28.709194,47.122003],[28.7091989,47.1220018],[28.7092016,47.122002],[28.709202,47.1220038],[28.709199,47.122004],[28.7091958,47.1220063],[28.7091952,47.1220088],[28.7091913,47.1220098]]]}},{"type":"Feature","id":35,"properties":{"canopy_id":"siret3_r021_c012#0035","vineyard_id":"V01","row_id":"V01-R06","tile":"siret3_r021_c012","area_m2":1.0601},"geometry":{"type":"Polygon","coordinates":[[[28.7092012,47.1220006],[28.7091995,47.121998],[28.7092017,47.1219959],[28.7092037,47.1219959],[28.7092043,47.1219934],[28.7092084,47.1219895],[28.7092104,47.1219881],[28.7092136,47.1219879],[28.7092126,47.1219856],[28.7092158,47.1219826],[28.7092181,47.1219824],[28.7092195,47.1219851],[28.7092172,47.121986],[28.7092172,47.1219869],[28.7092199,47.1219878],[28.7092151,47.1219923],[28.7092109,47.1219942],[28.70921,47.1219971],[28.7092071,47.1219994],[28.7092031,47.1219984],[28.7092028,47.1220004],[28.7092012,47.1220006]]]}},{"type":"Feature","id":36,"properties":{"canopy_id":"siret3_r021_c012#0036","vineyard_id":"V01","row_id":"V01-R06","tile":"siret3_r021_c012","area_m2":0.3274},"geometry":{"type":"Polygon","coordinates":[[[28.7092215,47.1219855],[28.7092233,47.1219801],[28.7092266,47.12198],[28.7092265,47.1219778],[28.7092278,47.1219762],[28.7092304,47.1219755],[28.7092323,47.121973],[28.7092346,47.1219729],[28.7092349,47.1219738],[28.7092244,47.1219836],[28.7092224,47.1219843],[28.7092225,47.1219855],[28.7092215,47.1219855]]]}},{"type":"Feature","id":37,"properties":{"canopy_id":"siret3_r021_c012#0037","vineyard_id":"V01","row_id":"V01-R06","tile":"siret3_r021_c012","area_m2":0.2424},"geometry":{"type":"Polygon","coordinates":[[[28.7092401,47.121969],[28.7092391,47.1219688],[28.7092387,47.1219672],[28.7092364,47.1219666],[28.7092366,47.121965],[28.7092389,47.1219627],[28.7092448,47.121964],[28.7092401,47.121969]]]}},{"type":"Feature","id":38,"properties":{"canopy_id":"siret3_r021_c012#0038","vineyard_id":"V01","row_id":"V01-R06","tile":"siret3_r021_c012","area_m2":0.647},"geometry":{"type":"Polygon","coordinates":[[[28.7092586,47.1219516],[28.709255,47.121951],[28.7092533,47.1219495],[28.7092532,47.1219481],[28.7092552,47.1219465],[28.7092578,47.1219458],[28.7092574,47.1219438],[28.7092599,47.1219415],[28.7092616,47.1219412],[28.7092612,47.1219401],[28.7092654,47.1219365],[28.7092671,47.1219376],[28.7092655,47.1219387],[28.7092659,47.121941],[28.7092639,47.1219426],[28.7092637,47.1219441],[28.7092614,47.1219453],[28.7092625,47.121948],[28.7092586,47.1219516]]]}},{"type":"Feature","id":39,"properties":{"canopy_id":"siret3_r021_c012#0039","vineyard_id":"V01","row_id":"V01-R06","tile":"siret3_r021_c012","area_m2":1.238},"geometry":{"type":"Polygon","coordinates":[[[28.7092788,47.121932],[28.7092767,47.1219309],[28.7092773,47.1219291],[28.7092799,47.1219279],[28.7092825,47.1219241],[28.7092844,47.1219243],[28.7092857,47.1219236],[28.7092854,47.1219222],[28.7092817,47.121922],[28.709282,47.1219207],[28.7092863,47.1219197],[28.7092872,47.1219163],[28.7092891,47.1219154],[28.7092894,47.1219138],[28.7092939,47.121912],[28.7092939,47.1219097],[28.7092971,47.1219067],[28.709301,47.1219065],[28.7093039,47.1219053],[28.7093044,47.1219082],[28.7093031,47.1219096],[28.7092979,47.1219126],[28.7092979,47.1219137],[28.7092989,47.1219139],[28.7092983,47.1219146],[28.7092931,47.1219167],[28.7092928,47.1219185],[28.7092938,47.1219187],[28.7092905,47.1219188],[28.7092906,47.1219217],[28.7092899,47.1219203],[28.7092876,47.1219204],[28.7092877,47.1219215],[28.709289,47.1219222],[28.7092887,47.1219235],[28.7092852,47.1219267],[28.7092813,47.1219286],[28.7092813,47.1219304],[28.7092788,47.121932]]]}},{"type":"Feature","id":40,"properties":{"canopy_id":"siret3_r021_c012#0040","vineyard_id":"V01","row_id":"V01-R06","tile":"siret3_r021_c012","area_m2":0.429},"geometry":{"type":"Polygon","coordinates":[[[28.7093016,47.1219035],[28.7093009,47.1219031],[28.7093051,47.1219008],[28.7093054,47.1218994],[28.709308,47.1218996],[28.7093106,47.1218975],[28.7093118,47.1218937],[28.7093171,47.1218932],[28.7093178,47.1218947],[28.7093139,47.1218957],[28.7093136,47.1218977],[28.7093146,47.1218993],[28.709312,47.1219],[28.7093108,47.1219029],[28.7093098,47.1219032],[28.7093084,47.1219018],[28.7093071,47.1219019],[28.7093062,47.121903],[28.7093032,47.1219028],[28.7093016,47.1219035]]]}},{"type":"Feature","id":41,"properties":{"canopy_id":"siret3_r021_c012#0041","vineyard_id":"V01","row_id":"V01-R06","tile":"siret3_r021_c012","area_m2":0.3577},"geometry":{"type":"Polygon","coordinates":[[[28.7093254,47.1218856],[28.7093246,47.1218809],[28.7093285,47.1218788],[28.7093294,47.121877],[28.7093311,47.1218772],[28.7093334,47.1218785],[28.7093338,47.1218805],[28.7093309,47.1218826],[28.7093286,47.1218829],[28.709328,47.1218851],[28.7093254,47.1218856]]]}},{"type":"Feature","id":42,"properties":{"canopy_id":"siret3_r021_c012#0042","vineyard_id":"V01","row_id":"V01-R06","tile":"siret3_r021_c012","area_m2":0.29},"geometry":{"type":"Polygon","coordinates":[[[28.7093485,47.1218648],[28.7093484,47.1218619],[28.7093519,47.1218585],[28.7093512,47.1218562],[28.7093554,47.1218564],[28.7093555,47.1218586],[28.7093542,47.1218591],[28.7093543,47.1218604],[28.709353,47.1218614],[28.7093534,47.1218632],[28.7093514,47.1218648],[28.7093485,47.1218648]]]}},{"type":"Feature","id":43,"properties":{"canopy_id":"siret3_r021_c012#0043","vineyard_id":"V01","row_id":"V01-R06","tile":"siret3_r021_c012","area_m2":0.5935},"geometry":{"type":"Polygon","coordinates":[[[28.7093344,47.1218781],[28.7093332,47.1218736],[28.7093355,47.121872],[28.7093361,47.1218702],[28.7093371,47.1218702],[28.7093375,47.1218728],[28.7093411,47.1218719],[28.709341,47.1218701],[28.709339,47.1218679],[28.7093403,47.1218663],[28.7093485,47.121865],[28.7093475,47.1218668],[28.7093426,47.1218678],[28.709343,47.1218689],[28.7093466,47.1218693],[28.7093409,47.1218748],[28.7093357,47.121878],[28.7093344,47.1218781]]]}},{"type":"Feature","id":44,"properties":{"canopy_id":"siret3_r021_c012#0044","vineyard_id":"V01","row_id":"V01-R07","tile":"siret3_r021_c012","area_m2":0.2661},"geometry":{"type":"Polygon","coordinates":[[[28.709078,47.1220756],[28.7090747,47.1220752],[28.7090737,47.1220739],[28.7090766,47.1220722],[28.7090765,47.1220707],[28.7090778,47.1220697],[28.7090808,47.1220693],[28.7090828,47.1220703],[28.7090828,47.1220717],[28.7090802,47.1220724],[28.7090806,47.1220738],[28.709078,47.1220756]]]}},{"type":"Feature","id":45,"properties":{"canopy_id":"siret3_r021_c012#0045","vineyard_id":"V01","row_id":"V01-R07","tile":"siret3_r021_c012","area_m2":0.4226},"geometry":{"type":"Polygon","coordinates":[[[28.7090908,47.1220617],[28.7090904,47.1220608],[28.7090871,47.1220613],[28.7090867,47.1220597],[28.7090903,47.1220581],[28.7090903,47.1220563],[28.7090915,47.1220547],[28.7090931,47.1220535],[28.7090948,47.1220535],[28.7090964,47.1220515],[28.7090977,47.1220515],[28.7090978,47.1220553],[28.7090962,47.1220571],[28.7090963,47.1220587],[28.7090926,47.122059],[28.709093,47.1220607],[28.7090908,47.1220617]]]}},{"type":"Feature","id":46,"properties":{"canopy_id":"siret3_r021_c012#0046","vineyard_id":"V01","row_id":"V01-R07","tile":"siret3_r021_c012","area_m2":0.9126},"geometry":{"type":"Polygon","coordinates":[[[28.7091059,47.12205],[28.7091015,47.1220469],[28.7091021,47.1220449],[28.7091047,47.1220435],[28.7091053,47.1220419],[28.7091086,47.1220418],[28.7091078,47.1220396],[28.709112,47.1220368],[28.709113,47.122035],[28.7091156,47.1220339],[28.7091179,47.1220347],[28.7091209,47.1220345],[28.7091206,47.1220367],[28.7091164,47.122039],[28.7091161,47.1220408],[28.7091145,47.1220422],[28.7091112,47.1220409],[28.7091095,47.1220412],[28.7091096,47.122042],[28.7091119,47.1220427],[28.7091126,47.122044],[28.70911,47.1220454],[28.70911,47.1220465],[28.7091059,47.12205]]]}},{"type":"Feature","id":47,"properties":{"canopy_id":"siret3_r021_c012#0047","vineyard_id":"V01","row_id":"V01-R07","tile":"siret3_r021_c012","area_m2":0.2449},"geometry":{"type":"Polygon","coordinates":[[[28.7091289,47.1220287],[28.709125,47.1220283],[28.7091278,47.1220256],[28.7091274,47.1220238],[28.7091297,47.1220231],[28.7091307,47.1220213],[28.709132,47.1220208],[28.709133,47.1220228],[28.7091312,47.1220269],[28.7091289,47.1220287]]]}},{"type":"Feature","id":48,"properties":{"canopy_id":"siret3_r021_c012#0048","vineyard_id":"V01","row_id":"V01-R07","tile":"siret3_r021_c012","area_m2":0.6179},"geometry":{"type":"Polygon","coordinates":[[[28.7091385,47.1220191],[28.7091381,47.1220176],[28.7091401,47.1220166],[28.70914,47.1220157],[28.7091397,47.1220146],[28.7091377,47.1220142],[28.7091376,47.1220128],[28.7091409,47.1220105],[28.7091421,47.1220078],[28.7091444,47.1220076],[28.7091447,47.1220053],[28.7091491,47.1220012],[28.7091505,47.1220018],[28.7091507,47.1220079],[28.7091454,47.1220084],[28.7091454,47.1220093],[28.7091481,47.1220102],[28.7091455,47.1220116],[28.7091416,47.1220121],[28.7091427,47.1220152],[28.7091408,47.122018],[28.7091385,47.1220191]]]}},{"type":"Feature","id":49,"properties":{"canopy_id":"siret3_r021_c012#0049","vineyard_id":"V01","row_id":"V01-R07","tile":"siret3_r021_c012","area_m2":0.3711},"geometry":{"type":"Polygon","coordinates":[[[28.7091622,47.1219963],[28.7091605,47.1219952],[28.7091579,47.1219954],[28.7091568,47.1219946],[28.7091598,47.1219932],[28.7091603,47.1219907],[28.7091639,47.1219886],[28.7091645,47.1219872],[28.7091678,47.1219872],[28.7091689,47.121989],[28.7091656,47.1219895],[28.709166,47.1219915],[28.709168,47.1219921],[28.709164,47.1219931],[28.7091631,47.121996],[28.7091622,47.1219963]]]}},{"type":"Feature","id":50,"properties":{"canopy_id":"siret3_r021_c012#0050","vineyard_id":"V01","row_id":"V01-R07","tile":"siret3_r021_c012","area_m2":1.0193},"geometry":{"type":"Polygon","coordinates":[[[28.7091727,47.1219864],[28.7091707,47.1219849],[28.7091681,47.1219849],[28.7091674,47.1219843],[28.7091696,47.1219822],[28.7091726,47.1219826],[28.7091738,47.1219797],[28.7091787,47.1219783],[28.709179,47.1219755],[28.7091779,47.1219744],[28.7091799,47.1219735],[28.7091839,47.1219739],[28.709187,47.1219694],[28.7091893,47.1219677],[28.7091936,47.1219679],[28.7091936,47.1219688],[28.7091779,47.1219834],[28.709175,47.121986],[28.7091727,47.1219864]]]}},{"type":"Feature","id":51,"properties":{"canopy_id":"siret3_r021_c012#0051","vineyard_id":"V01","row_id":"V01-R07","tile":"siret3_r021_c012","area_m2":0.8147},"geometry":{"type":"Polygon","coordinates":[[[28.7091921,47.121965],[28.7091905,47.1219646],[28.7091914,47.1219619],[28.709193,47.1219605],[28.7091956,47.1219602],[28.7091997,47.1219543],[28.7092013,47.1219534],[28.7092053,47.1219542],[28.7092079,47.1219519],[28.7092078,47.1219504],[28.7092095,47.1219497],[28.7092083,47.1219461],[28.7092093,47.1219456],[28.7092113,47.1219472],[28.7092137,47.1219474],[28.709215,47.1219482],[28.7092147,47.1219491],[28.7092073,47.121956],[28.7092054,47.1219574],[28.7092002,47.1219579],[28.7092002,47.1219602],[28.7091973,47.1219609],[28.7091964,47.1219629],[28.7091937,47.121963],[28.7091934,47.1219643],[28.7091921,47.121965]]]}},{"type":"Feature","id":52,"properties":{"canopy_id":"siret3_r021_c012#0052","vineyard_id":"V01","row_id":"V01-R07","tile":"siret3_r021_c012","area_m2":0.3708},"geometry":{"type":"Polygon","coordinates":[[[28.7092156,47.1219446],[28.7092148,47.1219428],[28.7092164,47.1219406],[28.7092197,47.1219403],[28.7092216,47.1219382],[28.7092225,47.1219351],[28.7092245,47.1219346],[28.7092274,47.1219352],[28.7092285,47.1219363],[28.7092243,47.1219402],[28.709222,47.1219414],[28.7092188,47.1219417],[28.7092172,47.1219442],[28.7092156,47.1219446]]]}},{"type":"Feature","id":53,"properties":{"canopy_id":"siret3_r021_c012#0053","vineyard_id":"V01","row_id":"V01-R07","tile":"siret3_r021_c012","area_m2":0.5706},"geometry":{"type":"Polygon","coordinates":[[[28.7092287,47.1219334],[28.7092267,47.1219325],[28.7092286,47.1219305],[28.7092276,47.1219283],[28.7092282,47.1219276],[28.7092336,47.121923],[28.7092386,47.1219231],[28.709239,47.1219265],[28.7092364,47.1219279],[28.7092336,47.1219315],[28.7092303,47.1219318],[28.7092287,47.1219334]]]}},{"type":"Feature","id":54,"properties":{"canopy_id":"siret3_r021_c012#0054","vineyard_id":"V01","row_id":"V01-R07","tile":"siret3_r021_c012","area_m2":0.2036},"geometry":{"type":"Polygon","coordinates":[[[28.7092428,47.1219211],[28.7092408,47.1219186],[28.7092417,47.121917],[28.7092449,47.1219156],[28.7092499,47.1219149],[28.709248,47.1219178],[28.709246,47.121919],[28.7092428,47.1219193],[28.7092428,47.1219211]]]}},{"type":"Feature","id":55,"properties":{"canopy_id":"siret3_r021_c012#0055","vineyard_id":"V01","row_id":"V01-R07","tile":"siret3_r021_c012","area_m2":0.7986},"geometry":{"type":"Polygon","coordinates":[[[28.7092566,47.1219094],[28.7092539,47.1219067],[28.7092532,47.1219045],[28.709258,47.1218999],[28.7092599,47.1218999],[28.7092596,47.1218985],[28.7092644,47.121894],[28.7092653,47.1218939],[28.7092667,47.121895],[28.7092668,47.1218977],[28.7092681,47.1218989],[28.7092656,47.1219016],[28.7092623,47.1219019],[28.7092634,47.1219039],[28.7092608,47.1219048],[28.7092605,47.1219066],[28.7092588,47.1219066],[28.7092579,47.1219073],[28.7092582,47.1219084],[28.7092566,47.1219094]]]}},{"type":"Feature","id":56,"properties":{"canopy_id":"siret3_r021_c012#0056","vineyard_id":"V01","row_id":"V01-R07","tile":"siret3_r021_c012","area_m2":0.3037},"geometry":{"type":"Polygon","coordinates":[[[28.7092676,47.1218923],[28.7092669,47.1218917],[28.7092749,47.1218841],[28.7092759,47.1218837],[28.7092786,47.1218845],[28.709277,47.1218881],[28.7092724,47.1218891],[28.7092715,47.1218916],[28.7092676,47.1218923]]]}},{"type":"Feature","id":57,"properties":{"canopy_id":"siret3_r021_c012#0057","vineyard_id":"V01","row_id":"V01-R07","tile":"siret3_r021_c012","area_m2":0.6567},"geometry":{"type":"Polygon","coordinates":[[[28.7092782,47.1218825],[28.7092772,47.1218821],[28.7092855,47.1218743],[28.7092874,47.1218734],[28.7092896,47.1218704],[28.7092926,47.1218697],[28.7092904,47.121872],[28.7092922,47.1218769],[28.7092912,47.121878],[28.709288,47.1218794],[28.7092864,47.1218817],[28.7092782,47.1218825]]]}},{"type":"Feature","id":58,"properties":{"canopy_id":"siret3_r021_c012#0058","vineyard_id":"V01","row_id":"V01-R07","tile":"siret3_r021_c012","area_m2":0.9978},"geometry":{"type":"Polygon","coordinates":[[[28.7093075,47.1218627],[28.7093035,47.1218608],[28.7093034,47.1218576],[28.7093066,47.1218549],[28.7093086,47.1218562],[28.7093099,47.1218562],[28.7093119,47.1218546],[28.7093105,47.1218521],[28.7093124,47.1218494],[28.7093188,47.1218439],[28.7093224,47.121844],[28.7093228,47.1218454],[28.7093202,47.1218461],[28.7093209,47.1218483],[28.7093187,47.1218506],[28.7093184,47.1218527],[28.7093148,47.1218545],[28.7093142,47.1218565],[28.7093075,47.1218627]]]}},{"type":"Feature","id":59,"properties":{"canopy_id":"siret3_r021_c012#0059","vineyard_id":"V01","row_id":"V01-R07","tile":"siret3_r021_c012","area_m2":0.3276},"geometry":{"type":"Polygon","coordinates":[[[28.7093357,47.1218367],[28.7093344,47.121836],[28.7093343,47.1218337],[28.7093353,47.1218333],[28.7093342,47.1218299],[28.7093371,47.1218292],[28.7093371,47.1218276],[28.709338,47.1218274],[28.7093407,47.1218289],[28.7093418,47.1218309],[28.7093357,47.1218367]]]}},{"type":"Feature","id":60,"properties":{"canopy_id":"siret3_r021_c012#0060","vineyard_id":"V01","row_id":"V01-R07","tile":"siret3_r021_c012","area_m2":0.2944},"geometry":{"type":"Polygon","coordinates":[[[28.709326,47.1218417],[28.7093233,47.12184],[28.7093252,47.1218375],[28.7093291,47.1218381],[28.7093317,47.1218363],[28.7093354,47.1218367],[28.7093328,47.1218383],[28.7093325,47.1218396],[28.7093302,47.1218415],[28.709326,47.1218417]]]}},{"type":"Feature","id":61,"properties":{"canopy_id":"siret3_r021_c012#0061","vineyard_id":"V01","row_id":"V01-R07","tile":"siret3_r021_c012","area_m2":0.2969},"geometry":{"type":"Polygon","coordinates":[[[28.7093466,47.1218264],[28.7093455,47.1218244],[28.7093481,47.121823],[28.7093487,47.1218203],[28.7093444,47.1218208],[28.7093441,47.1218201],[28.709347,47.1218196],[28.7093486,47.1218178],[28.7093519,47.1218171],[28.7093528,47.1218157],[28.7093541,47.1218148],[28.7093542,47.1218177],[28.7093519,47.121818],[28.7093523,47.1218211],[28.7093466,47.1218264]]]}},{"type":"Feature","id":62,"properties":{"canopy_id":"siret3_r021_c012#0062","vineyard_id":"V01","row_id":"V01-R08","tile":"siret3_r021_c012","area_m2":0.6423},"geometry":{"type":"Polygon","coordinates":[[[28.7090194,47.1220771],[28.70902,47.122076],[28.7090227,47.1220757],[28.7090226,47.1220739],[28.7090203,47.1220731],[28.7090212,47.1220719],[28.7090232,47.1220735],[28.7090249,47.1220735],[28.7090278,47.1220705],[28.709028,47.1220669],[28.7090299,47.1220664],[28.7090306,47.1220653],[28.7090338,47.1220641],[28.7090357,47.1220623],[28.7090367,47.1220625],[28.7090378,47.1220647],[28.7090355,47.1220661],[28.7090343,47.1220688],[28.7090301,47.1220727],[28.7090275,47.1220736],[28.7090257,47.122077],[28.7090194,47.1220771]]]}},{"type":"Feature","id":63,"properties":{"canopy_id":"siret3_r021_c012#0063","vineyard_id":"V01","row_id":"V01-R08","tile":"siret3_r021_c012","area_m2":0.5769},"geometry":{"type":"Polygon","coordinates":[[[28.7090487,47.1220553],[28.7090477,47.1220538],[28.7090482,47.1220499],[28.7090547,47.1220462],[28.7090549,47.1220422],[28.7090575,47.1220415],[28.7090584,47.1220399],[28.7090607,47.1220399],[28.7090628,47.1220427],[28.7090545,47.1220503],[28.7090509,47.1220508],[28.7090487,47.1220553]]]}},{"type":"Feature","id":64,"properties":{"canopy_id":"siret3_r021_c012#0064","vineyard_id":"V01","row_id":"V01-R08","tile":"siret3_r021_c012","area_m2":0.2581},"geometry":{"type":"Polygon","coordinates":[[[28.709061,47.1220392],[28.70906,47.1220376],[28.7090616,47.1220365],[28.7090625,47.122034],[28.7090655,47.1220344],[28.7090665,47.1220337],[28.7090702,47.1220359],[28.7090673,47.1220384],[28.7090643,47.1220373],[28.7090627,47.1220389],[28.709061,47.1220392]]]}},{"type":"Feature","id":65,"properties":{"canopy_id":"siret3_r021_c012#0065","vineyard_id":"V01","row_id":"V01-R08","tile":"siret3_r021_c012","area_m2":0.8503},"geometry":{"type":"Polygon","coordinates":[[[28.7090697,47.1220321],[28.709069,47.1220307],[28.7090713,47.1220298],[28.7090718,47.1220264],[28.7090741,47.1220257],[28.7090737,47.1220237],[28.709077,47.1220223],[28.7090773,47.1220207],[28.7090827,47.1220155],[28.7090863,47.1220152],[28.7090879,47.1220134],[28.7090905,47.1220131],[28.7090912,47.1220142],[28.7090883,47.1220163],[28.7090887,47.1220176],[28.7090897,47.1220178],[28.7090884,47.1220192],[28.7090855,47.1220197],[28.7090832,47.1220213],[28.7090793,47.1220216],[28.7090814,47.1220256],[28.7090807,47.1220249],[28.7090787,47.1220254],[28.7090794,47.1220274],[28.7090785,47.1220283],[28.7090751,47.1220268],[28.7090735,47.1220268],[28.7090726,47.1220284],[28.7090755,47.1220293],[28.7090756,47.1220306],[28.7090723,47.1220309],[28.7090697,47.1220321]]]}},{"type":"Feature","id":66,"properties":{"canopy_id":"siret3_r021_c012#0066","vineyard_id":"V01","row_id":"V01-R08","tile":"siret3_r021_c012","area_m2":0.7378},"geometry":{"type":"Polygon","coordinates":[[[28.7090963,47.1220081],[28.7090946,47.1220074],[28.7090942,47.1220049],[28.7090993,47.1220004],[28.7090997,47.122001],[28.7091026,47.1220003],[28.7091032,47.1219967],[28.7091058,47.1219951],[28.7091118,47.1219887],[28.7091119,47.1219912],[28.70911,47.1219926],[28.70911,47.1219943],[28.7091068,47.1219962],[28.7091062,47.1219976],[28.7091076,47.1220016],[28.7091044,47.1220043],[28.7091005,47.1220053],[28.7090989,47.1220073],[28.7090963,47.1220081]]]}},{"type":"Feature","id":67,"properties":{"canopy_id":"siret3_r021_c012#0067","vineyard_id":"V01","row_id":"V01-R08","tile":"siret3_r021_c012","area_m2":0.2961},"geometry":{"type":"Polygon","coordinates":[[[28.7091211,47.121989],[28.70912,47.1219875],[28.7091174,47.1219873],[28.7091153,47.1219855],[28.7091176,47.1219837],[28.7091196,47.1219839],[28.7091202,47.121982],[28.7091228,47.1219811],[28.7091238,47.1219813],[28.7091242,47.1219827],[28.709123,47.1219867],[28.709121,47.1219881],[28.7091211,47.121989]]]}},{"type":"Feature","id":68,"properties":{"canopy_id":"siret3_r021_c012#0068","vineyard_id":"V01","row_id":"V01-R08","tile":"siret3_r021_c012","area_m2":0.7026},"geometry":{"type":"Polygon","coordinates":[[[28.7091274,47.1219815],[28.7091244,47.1219791],[28.7091246,47.121977],[28.7091278,47.1219741],[28.7091301,47.1219736],[28.7091307,47.1219722],[28.7091334,47.1219715],[28.7091359,47.1219694],[28.7091352,47.1219674],[28.7091362,47.1219665],[28.7091408,47.1219676],[28.70914,47.1219719],[28.7091338,47.1219737],[28.7091338,47.1219764],[28.7091313,47.1219787],[28.7091277,47.1219801],[28.7091274,47.1219815]]]}},{"type":"Feature","id":69,"properties":{"canopy_id":"siret3_r021_c012#0069","vineyard_id":"V01","row_id":"V01-R08","tile":"siret3_r021_c012","area_m2":0.812},"geometry":{"type":"Polygon","coordinates":[[[28.7091582,47.1219547],[28.7091539,47.1219545],[28.7091532,47.1219537],[28.7091542,47.121953],[28.7091588,47.1219527],[28.7091593,47.1219473],[28.709158,47.1219471],[28.7091579,47.1219464],[28.7091679,47.1219375],[28.7091721,47.1219374],[28.7091718,47.1219363],[28.7091691,47.1219361],[28.7091717,47.121934],[28.7091734,47.1219369],[28.7091771,47.1219371],[28.7091765,47.1219382],[28.7091736,47.1219403],[28.7091716,47.1219406],[28.7091704,47.121944],[28.7091691,47.121944],[28.7091663,47.1219411],[28.7091647,47.1219413],[28.7091644,47.1219438],[28.7091619,47.1219475],[28.709162,47.1219497],[28.709163,47.1219506],[28.7091582,47.1219547]]]}},{"type":"Feature","id":70,"properties":{"canopy_id":"siret3_r021_c012#0070","vineyard_id":"V01","row_id":"V01-R08","tile":"siret3_r021_c012","area_m2":0.5305},"geometry":{"type":"Polygon","coordinates":[[[28.7091838,47.1219312],[28.7091772,47.1219295],[28.7091771,47.1219288],[28.7091896,47.1219176],[28.7091914,47.1219205],[28.7091891,47.121921],[28.7091869,47.1219235],[28.7091849,47.1219237],[28.709187,47.1219286],[28.7091838,47.1219312]]]}},{"type":"Feature","id":71,"properties":{"canopy_id":"siret3_r021_c012#0071","vineyard_id":"V01","row_id":"V01-R08","tile":"siret3_r021_c012","area_m2":0.572},"geometry":{"type":"Polygon","coordinates":[[[28.7091992,47.1219172],[28.7091982,47.1219165],[28.7091959,47.1219168],[28.7091945,47.1219159],[28.7091958,47.121913],[28.7091977,47.1219118],[28.7091973,47.1219103],[28.7092009,47.1219082],[28.7092049,47.121909],[28.7092058,47.1219074],[28.7092117,47.1219053],[28.7092075,47.1219099],[28.7092046,47.1219104],[28.709205,47.1219122],[28.709203,47.1219138],[28.7092011,47.121914],[28.7092011,47.1219156],[28.7091992,47.1219172]]]}},{"type":"Feature","id":72,"properties":{"canopy_id":"siret3_r021_c012#0072","vineyard_id":"V01","row_id":"V01-R08","tile":"siret3_r021_c012","area_m2":1.0632},"geometry":{"type":"Polygon","coordinates":[[[28.7092142,47.1219028],[28.7092135,47.1219015],[28.7092112,47.1219024],[28.7092096,47.1219022],[28.7092095,47.1219004],[28.7092131,47.1218994],[28.7092127,47.1218965],[28.7092189,47.121894],[28.7092195,47.1218915],[28.7092223,47.1218883],[28.7092318,47.1218852],[28.709232,47.1218834],[28.709231,47.1218819],[28.7092323,47.1218798],[28.7092349,47.1218802],[28.7092354,47.1218843],[28.7092309,47.1218882],[28.7092282,47.121888],[28.709229,47.12189],[28.7092277,47.1218914],[28.7092263,47.1218907],[28.7092244,47.1218912],[28.7092228,47.121893],[28.7092229,47.1218957],[28.7092152,47.1219028],[28.7092142,47.1219028]]]}},{"type":"Feature","id":73,"properties":{"canopy_id":"siret3_r021_c012#0073","vineyard_id":"V01","row_id":"V01-R08","tile":"siret3_r021_c012","area_m2":0.4531},"geometry":{"type":"Polygon","coordinates":[[[28.7092431,47.1218772],[28.7092416,47.1218725],[28.7092386,47.1218723],[28.7092412,47.12187],[28.7092431,47.1218695],[28.7092437,47.1218677],[28.7092479,47.1218638],[28.7092493,47.1218654],[28.709247,47.1218679],[28.7092479,47.1218728],[28.7092431,47.1218772]]]}},{"type":"Feature","id":74,"properties":{"canopy_id":"siret3_r021_c012#0074","vineyard_id":"V01","row_id":"V01-R08","tile":"siret3_r021_c012","area_m2":0.7021},"geometry":{"type":"Polygon","coordinates":[[[28.7092674,47.1218545],[28.7092631,47.1218539],[28.7092627,47.1218526],[28.7092669,47.1218487],[28.7092668,47.1218465],[28.7092703,47.1218433],[28.7092707,47.1218444],[28.7092694,47.121846],[28.7092734,47.1218464],[28.709274,47.1218445],[28.7092769,47.1218441],[28.7092769,47.1218418],[28.7092781,47.1218404],[28.7092807,47.1218397],[28.7092815,47.1218415],[28.7092792,47.121844],[28.7092712,47.1218513],[28.7092683,47.1218518],[28.7092687,47.1218536],[28.7092674,47.1218545]]]}},{"type":"Feature","id":75,"properties":{"canopy_id":"siret3_r021_c012#0075","vineyard_id":"V01","row_id":"V01-R08","tile":"siret3_r021_c012","area_m2":0.3591},"geometry":{"type":"Polygon","coordinates":[[[28.709292,47.1218321],[28.7092904,47.1218313],[28.7092913,47.1218285],[28.7092893,47.1218279],[28.7092915,47.1218247],[28.7092935,47.1218249],[28.7092942,47.1218269],[28.7092961,47.1218264],[28.7092954,47.1218233],[28.7092937,47.1218222],[28.709295,47.1218213],[28.7092983,47.1218226],[28.7092994,47.1218255],[28.7092965,47.1218273],[28.7092956,47.1218289],[28.7092926,47.1218303],[28.709292,47.1218321]]]}},{"type":"Feature","id":76,"properties":{"canopy_id":"siret3_r021_c012#0076","vineyard_id":"V01","row_id":"V01-R08","tile":"siret3_r021_c012","area_m2":0.3372},"geometry":{"type":"Polygon","coordinates":[[[28.7093122,47.1218132],[28.7093105,47.1218103],[28.7093123,47.1218064],[28.7093136,47.1218059],[28.7093132,47.1218044],[28.7093174,47.1218016],[28.7093188,47.1218027],[28.7093156,47.1218057],[28.7093156,47.121807],[28.7093177,47.1218086],[28.7093122,47.1218132]]]}},{"type":"Feature","id":77,"properties":{"canopy_id":"siret3_r021_c012#0077","vineyard_id":"V01","row_id":"V01-R08","tile":"siret3_r021_c012","area_m2":1.3569},"geometry":{"type":"Polygon","coordinates":[[[28.7093237,47.1218029],[28.7093227,47.1218002],[28.70932,47.1218],[28.709319,47.1217987],[28.7093206,47.1217975],[28.7093229,47.1217975],[28.7093229,47.1217959],[28.7093241,47.121795],[28.7093284,47.1217954],[28.7093284,47.1217929],[28.7093303,47.1217924],[28.7093368,47.1217876],[28.7093347,47.1217845],[28.7093353,47.1217836],[28.7093366,47.1217829],[28.7093409,47.1217835],[28.7093431,47.1217803],[28.7093447,47.1217796],[28.709344,47.1217776],[28.7093492,47.1217755],[28.7093492,47.1217746],[28.7093469,47.1217739],[28.7093498,47.1217719],[28.7093527,47.1217718],[28.7093529,47.121777],[28.7093503,47.1217786],[28.709348,47.1217786],[28.7093467,47.1217796],[28.7093478,47.1217811],[28.7093401,47.121788],[28.7093374,47.121788],[28.7093375,47.1217905],[28.7093314,47.1217937],[28.7093321,47.1217955],[28.7093237,47.1218029]]]}},{"type":"Feature","id":78,"properties":{"canopy_id":"siret3_r021_c012#0078","vineyard_id":"V01","row_id":"V01-R09","tile":"siret3_r021_c012","area_m2":1.1135},"geometry":{"type":"Polygon","coordinates":[[[28.7089693,47.1220779],[28.7089748,47.1220731],[28.7089829,47.1220709],[28.7089835,47.1220667],[28.7089866,47.122063],[28.7089866,47.1220619],[28.7089892,47.1220607],[28.7089895,47.1220591],[28.7089943,47.1220557],[28.7089943,47.1220548],[28.7089981,47.1220514],[28.7089992,47.1220529],[28.7089982,47.1220547],[28.708999,47.1220572],[28.708996,47.1220579],[28.7089931,47.1220598],[28.7089929,47.1220622],[28.7089906,47.1220627],[28.7089903,47.1220648],[28.7089884,47.1220655],[28.7089887,47.1220668],[28.7089878,47.122067],[28.7089872,47.1220702],[28.7089846,47.1220711],[28.7089818,47.122075],[28.7089798,47.1220746],[28.7089788,47.1220753],[28.7089789,47.1220777],[28.7089693,47.1220779]]]}},{"type":"Feature","id":79,"properties":{"canopy_id":"siret3_r021_c012#0079","vineyard_id":"V01","row_id":"V01-R09","tile":"siret3_r021_c012","area_m2":0.5461},"geometry":{"type":"Polygon","coordinates":[[[28.7090034,47.122052],[28.709003,47.122049],[28.7090069,47.1220456],[28.7090065,47.1220436],[28.7090081,47.1220433],[28.7090087,47.1220415],[28.7090177,47.1220333],[28.7090203,47.1220328],[28.709021,47.1220339],[28.7090177,47.1220346],[28.7090149,47.1220387],[28.709015,47.1220412],[28.7090134,47.1220439],[28.7090108,47.1220442],[28.7090069,47.1220479],[28.7090057,47.1220512],[28.7090034,47.122052]]]}},{"type":"Feature","id":80,"properties":{"canopy_id":"siret3_r021_c012#0080","vineyard_id":"V01","row_id":"V01-R09","tile":"siret3_r021_c012","area_m2":0.4207},"geometry":{"type":"Polygon","coordinates":[[[28.7090362,47.1220251],[28.709036,47.1220177],[28.709042,47.1220113],[28.7090434,47.122012],[28.7090437,47.1220138],[28.7090412,47.1220176],[28.7090429,47.122019],[28.7090413,47.1220206],[28.7090374,47.1220206],[28.7090377,47.1220217],[28.7090397,47.1220219],[28.7090362,47.1220251]]]}},{"type":"Feature","id":81,"properties":{"canopy_id":"siret3_r021_c012#0081","vineyard_id":"V01","row_id":"V01-R09","tile":"siret3_r021_c012","area_m2":0.2908},"geometry":{"type":"Polygon","coordinates":[[[28.7090537,47.1220044],[28.709053,47.1220033],[28.7090559,47.1220017],[28.7090558,47.1220008],[28.7090526,47.1220013],[28.709058,47.1219965],[28.709059,47.1219969],[28.7090591,47.1219992],[28.7090621,47.1220014],[28.7090592,47.122003],[28.7090537,47.1220044]]]}},{"type":"Feature","id":82,"properties":{"canopy_id":"siret3_r021_c012#0082","vineyard_id":"V01","row_id":"V01-R09","tile":"siret3_r021_c012","area_m2":0.343},"geometry":{"type":"Polygon","coordinates":[[[28.7090804,47.1219847],[28.709079,47.1219836],[28.7090748,47.1219841],[28.7090734,47.1219827],[28.709076,47.1219816],[28.7090759,47.1219798],[28.7090779,47.1219782],[28.7090852,47.1219796],[28.7090842,47.121981],[28.7090823,47.1219815],[28.7090823,47.1219828],[28.7090804,47.1219847]]]}},{"type":"Feature","id":83,"properties":{"canopy_id":"siret3_r021_c012#0083","vineyard_id":"V01","row_id":"V01-R09","tile":"siret3_r021_c012","area_m2":0.5374},"geometry":{"type":"Polygon","coordinates":[[[28.7090656,47.1219959],[28.7090642,47.1219946],[28.7090648,47.121993],[28.7090694,47.1219929],[28.709069,47.1219902],[28.709067,47.12199],[28.7090664,47.1219907],[28.7090657,47.1219892],[28.7090708,47.1219846],[28.7090738,47.1219845],[28.7090741,47.1219839],[28.7090762,47.1219874],[28.7090759,47.1219888],[28.709073,47.1219904],[28.7090727,47.1219918],[28.7090698,47.1219934],[28.7090679,47.1219959],[28.7090656,47.1219959]]]}},{"type":"Feature","id":84,"properties":{"canopy_id":"siret3_r021_c012#0084","vineyard_id":"V01","row_id":"V01-R09","tile":"siret3_r021_c012","area_m2":0.2903},"geometry":{"type":"Polygon","coordinates":[[[28.7090851,47.1219776],[28.7090834,47.1219767],[28.7090837,47.1219754],[28.709086,47.1219738],[28.7090849,47.1219716],[28.7090881,47.121969],[28.7090895,47.1219706],[28.7090897,47.121976],[28.7090881,47.1219774],[28.7090851,47.1219776]]]}},{"type":"Feature","id":85,"properties":{"canopy_id":"siret3_r021_c012#0085","vineyard_id":"V01","row_id":"V01-R09","tile":"siret3_r021_c012","area_m2":0.4189},"geometry":{"type":"Polygon","coordinates":[[[28.7090944,47.1219703],[28.7090891,47.1219679],[28.7090926,47.1219656],[28.7090926,47.1219645],[28.7090952,47.1219622],[28.7090959,47.1219635],[28.7090998,47.1219632],[28.7091008,47.1219643],[28.7090989,47.1219659],[28.7090993,47.1219673],[28.7090974,47.1219691],[28.7090961,47.1219703],[28.7090944,47.1219703]]]}},{"type":"Feature","id":86,"properties":{"canopy_id":"siret3_r021_c012#0086","vineyard_id":"V01","row_id":"V01-R09","tile":"siret3_r021_c012","area_m2":0.3708},"geometry":{"type":"Polygon","coordinates":[[[28.7091004,47.1219614],[28.7090984,47.1219606],[28.7090997,47.1219596],[28.7091033,47.1219591],[28.7091039,47.1219562],[28.7091058,47.1219548],[28.7091057,47.121953],[28.7091077,47.1219525],[28.7091093,47.1219503],[28.7091103,47.1219503],[28.709111,47.1219538],[28.7091081,47.1219561],[28.7091088,47.1219575],[28.7091056,47.1219602],[28.7091007,47.1219607],[28.7091004,47.1219614]]]}},{"type":"Feature","id":87,"properties":{"canopy_id":"siret3_r021_c012#0087","vineyard_id":"V01","row_id":"V01-R09","tile":"siret3_r021_c012","area_m2":0.9006},"geometry":{"type":"Polygon","coordinates":[[[28.7091242,47.1219444],[28.7091229,47.1219438],[28.7091173,47.1219441],[28.7091176,47.1219429],[28.7091192,47.1219427],[28.7091209,47.1219413],[28.7091211,47.1219384],[28.7091253,47.1219356],[28.7091272,47.1219329],[28.7091324,47.1219317],[28.709132,47.1219283],[28.7091336,47.121927],[28.7091379,47.1219267],[28.7091391,47.1219255],[28.7091414,47.1219253],[28.7091428,47.1219264],[28.7091422,47.121928],[28.7091389,47.1219276],[28.7091363,47.1219303],[28.7091331,47.1219317],[28.7091335,47.1219335],[28.7091345,47.1219339],[28.7091286,47.1219365],[28.7091274,47.121939],[28.7091281,47.1219405],[28.7091242,47.1219444]]]}},{"type":"Feature","id":88,"properties":{"canopy_id":"siret3_r021_c012#0088","vineyard_id":"V01","row_id":"V01-R09","tile":"siret3_r021_c012","area_m2":0.2927},"geometry":{"type":"Polygon","coordinates":[[[28.709141,47.1219232],[28.7091397,47.1219226],[28.7091397,47.1219212],[28.7091419,47.1219192],[28.7091439,47.1219189],[28.709149,47.1219159],[28.709154,47.1219168],[28.7091524,47.1219181],[28.7091508,47.1219179],[28.7091485,47.12192],[28.7091453,47.1219212],[28.7091426,47.1219207],[28.709141,47.1219232]]]}},{"type":"Feature","id":89,"properties":{"canopy_id":"siret3_r021_c012#0089","vineyard_id":"V01","row_id":"V01-R09","tile":"siret3_r021_c012","area_m2":0.71},"geometry":{"type":"Polygon","coordinates":[[[28.7091546,47.1219145],[28.7091519,47.1219139],[28.7091519,47.1219127],[28.7091535,47.1219105],[28.7091564,47.1219091],[28.7091566,47.1219057],[28.7091592,47.1219045],[28.7091598,47.1219027],[28.7091611,47.1219016],[28.7091641,47.1219011],[28.7091674,47.1219015],[28.709168,47.1218997],[28.7091696,47.1218994],[28.7091697,47.1219026],[28.7091668,47.1219042],[28.7091645,47.1219038],[28.7091625,47.1219047],[28.7091633,47.1219085],[28.7091623,47.1219094],[28.7091611,47.1219106],[28.7091594,47.1219101],[28.7091585,47.1219117],[28.7091552,47.1219134],[28.7091546,47.1219145]]]}},{"type":"Feature","id":90,"properties":{"canopy_id":"siret3_r021_c012#0090","vineyard_id":"V01","row_id":"V01-R09","tile":"siret3_r021_c012","area_m2":0.4092},"geometry":{"type":"Polygon","coordinates":[[[28.7091742,47.1218982],[28.7091718,47.1218958],[28.7091717,47.1218933],[28.7091724,47.1218924],[28.7091766,47.1218912],[28.7091765,47.1218881],[28.7091778,47.1218863],[28.7091797,47.1218855],[28.70918,47.1218932],[28.709176,47.1218944],[28.7091764,47.1218964],[28.7091742,47.1218982]]]}},{"type":"Feature","id":91,"properties":{"canopy_id":"siret3_r021_c012#0091","vineyard_id":"V01","row_id":"V01-R09","tile":"siret3_r021_c012","area_m2":0.1948},"geometry":{"type":"Polygon","coordinates":[[[28.7091876,47.1218859],[28.7091862,47.1218839],[28.7091888,47.1218825],[28.7091897,47.1218795],[28.709189,47.121878],[28.7091867,47.121878],[28.709189,47.1218764],[28.7091894,47.121878],[28.709192,47.1218782],[28.7091934,47.1218802],[28.7091876,47.1218859]]]}},{"type":"Feature","id":92,"properties":{"canopy_id":"siret3_r021_c012#0092","vineyard_id":"V01","row_id":"V01-R09","tile":"siret3_r021_c012","area_m2":0.5051},"geometry":{"type":"Polygon","coordinates":[[[28.7091936,47.1218768],[28.7091902,47.1218748],[28.7091935,47.1218734],[28.7091934,47.1218718],[28.709197,47.1218702],[28.7092003,47.1218706],[28.7092026,47.1218697],[28.7092045,47.1218683],[28.7092045,47.1218674],[28.7092025,47.121867],[28.7092022,47.1218659],[28.7092044,47.1218649],[28.7092067,47.1218649],[28.7092087,47.1218658],[28.7092091,47.1218664],[28.7092037,47.1218715],[28.7092024,47.1218724],[28.7092007,47.1218711],[28.7091994,47.1218711],[28.7091991,47.1218729],[28.7091978,47.1218734],[28.7091978,47.1218754],[28.7091936,47.1218768]]]}},{"type":"Feature","id":93,"properties":{"canopy_id":"siret3_r021_c012#0093","vineyard_id":"V01","row_id":"V01-R09","tile":"siret3_r021_c012","area_m2":0.2598},"geometry":{"type":"Polygon","coordinates":[[[28.7092378,47.1218372],[28.7092371,47.1218343],[28.709239,47.121832],[28.7092409,47.1218315],[28.7092432,47.1218295],[28.7092448,47.1218297],[28.7092459,47.121831],[28.709243,47.1218331],[28.7092414,47.121836],[28.7092378,47.1218372]]]}},{"type":"Feature","id":94,"properties":{"canopy_id":"siret3_r021_c012#0094","vineyard_id":"V01","row_id":"V01-R09","tile":"siret3_r021_c012","area_m2":1.3311},"geometry":{"type":"Polygon","coordinates":[[[28.7092117,47.1218641],[28.7092076,47.1218615],[28.7092086,47.1218604],[28.7092105,47.1218603],[28.7092134,47.1218578],[28.7092157,47.1218573],[28.709216,47.121856],[28.7092143,47.1218549],[28.7092176,47.1218528],[28.7092194,47.1218481],[28.7092239,47.1218446],[28.7092272,47.1218439],[28.7092271,47.1218428],[28.7092258,47.1218423],[28.7092264,47.1218419],[28.7092275,47.121843],[28.7092301,47.1218423],[28.7092307,47.1218405],[28.709229,47.1218403],[28.709229,47.1218394],[28.7092315,47.1218369],[28.7092316,47.1218382],[28.7092336,47.12184],[28.7092349,47.12184],[28.7092375,47.1218372],[28.7092386,47.1218395],[28.7092273,47.1218497],[28.7092201,47.1218494],[28.7092205,47.1218512],[28.7092234,47.1218516],[28.7092238,47.1218525],[28.7092117,47.1218641]]]}},{"type":"Feature","id":95,"properties":{"canopy_id":"siret3_r021_c012#0095","vineyard_id":"V01","row_id":"V01-R09","tile":"siret3_r021_c012","area_m2":0.6475},"geometry":{"type":"Polygon","coordinates":[[[28.7092485,47.1218301],[28.709247,47.121827],[28.7092496,47.1218251],[28.7092499,47.1218231],[28.7092515,47.1218219],[28.7092508,47.1218201],[28.7092527,47.1218192],[28.709252,47.1218181],[28.709254,47.1218163],[28.7092549,47.121816],[28.7092552,47.1218151],[28.7092559,47.1218149],[28.7092557,47.1218178],[28.7092576,47.121818],[28.7092658,47.1218141],[28.7092587,47.1218209],[28.7092558,47.1218212],[28.7092562,47.1218232],[28.7092485,47.1218301]]]}},{"type":"Feature","id":96,"properties":{"canopy_id":"siret3_r021_c012#0096","vineyard_id":"V01","row_id":"V01-R09","tile":"siret3_r021_c012","area_m2":0.4209},"geometry":{"type":"Polygon","coordinates":[[[28.7092686,47.1218104],[28.7092653,47.1218105],[28.7092653,47.1218098],[28.7092675,47.1218082],[28.7092675,47.1218071],[28.7092668,47.1218064],[28.7092652,47.1218064],[28.7092642,47.1218073],[28.7092639,47.1218074],[28.7092642,47.1218069],[28.7092668,47.1218053],[28.7092674,47.1218039],[28.7092714,47.1218041],[28.7092746,47.121802],[28.7092773,47.1218038],[28.7092709,47.1218097],[28.7092692,47.1218095],[28.7092686,47.1218104]]]}},{"type":"Feature","id":97,"properties":{"canopy_id":"siret3_r021_c012#0097","vineyard_id":"V01","row_id":"V01-R09","tile":"siret3_r021_c012","area_m2":0.2051},"geometry":{"type":"Polygon","coordinates":[[[28.7092808,47.1217999],[28.7092761,47.1217982],[28.7092774,47.1217964],[28.7092797,47.1217961],[28.7092803,47.1217941],[28.7092836,47.1217965],[28.7092856,47.1217962],[28.7092808,47.1217999]]]}},{"type":"Feature","id":98,"properties":{"canopy_id":"siret3_r021_c012#0098","vineyard_id":"V01","row_id":"V01-R09","tile":"siret3_r021_c012","area_m2":1.2759},"geometry":{"type":"Polygon","coordinates":[[[28.7092907,47.1217914],[28.7092925,47.1217858],[28.7092902,47.121784],[28.7092901,47.1217831],[28.7092927,47.1217808],[28.7092934,47.1217826],[28.7092967,47.121783],[28.7092977,47.1217825],[28.7092977,47.121781],[28.7093016,47.1217802],[28.7093022,47.1217782],[28.7093058,47.1217766],[28.7093054,47.1217748],[28.7093037,47.1217741],[28.7093036,47.121771],[28.7093085,47.1217711],[28.7093095,47.1217689],[28.7093131,47.1217684],[28.709314,47.1217661],[28.7093113,47.121765],[28.7093155,47.1217614],[28.7093151,47.1217602],[28.7093158,47.1217609],[28.7093187,47.1217602],[28.7093227,47.1217604],[28.7093246,47.1217574],[28.7093291,47.1217546],[28.7093301,47.1217553],[28.7093237,47.1217612],[28.7093224,47.1217622],[28.7093185,47.121762],[28.7093175,47.1217636],[28.7093153,47.1217645],[28.7093153,47.1217661],[28.7093192,47.1217654],[28.7092907,47.1217914]]]}},{"type":"Feature","id":99,"properties":{"canopy_id":"siret3_r021_c012#0099","vineyard_id":"V01","row_id":"V01-R09","tile":"siret3_r021_c012","area_m2":0.2664},"geometry":{"type":"Polygon","coordinates":[[[28.7093384,47.1217473],[28.7093377,47.1217446],[28.7093393,47.1217428],[28.7093392,47.1217414],[28.7093359,47.121741],[28.7093388,47.1217385],[28.7093405,47.1217383],[28.7093439,47.1217427],[28.7093384,47.1217473]]]}},{"type":"Feature","id":100,"properties":{"canopy_id":"siret3_r021_c012#0100","vineyard_id":"V01","row_id":"V01-R09","tile":"siret3_r021_c012","area_m2":0.1963},"geometry":{"type":"Polygon","coordinates":[[[28.7093452,47.1217411],[28.7093483,47.1217364],[28.7093495,47.1217327],[28.7093488,47.1217307],[28.7093514,47.1217291],[28.7093516,47.1217361],[28.7093452,47.1217411]]]}},{"type":"Feature","id":101,"properties":{"canopy_id":"siret3_r021_c012#0101","vineyard_id":"V01","row_id":"V01-R10","tile":"siret3_r021_c012","area_m2":0.3445},"geometry":{"type":"Polygon","coordinates":[[[28.70891,47.1220788],[28.7089103,47.1220785],[28.708911,47.122077],[28.7089139,47.1220769],[28.7089129,47.1220745],[28.7089158,47.1220728],[28.7089177,47.1220701],[28.7089193,47.1220699],[28.7089213,47.1220707],[28.7089207,47.1220739],[28.7089155,47.1220755],[28.7089156,47.1220767],[28.7089183,47.1220787],[28.70891,47.1220788]]]}},{"type":"Feature","id":102,"properties":{"canopy_id":"siret3_r021_c012#0102","vineyard_id":"V01","row_id":"V01-R10","tile":"siret3_r021_c012","area_m2":0.3242},"geometry":{"type":"Polygon","coordinates":[[[28.7089319,47.1220616],[28.7089279,47.1220612],[28.7089305,47.1220582],[28.708935,47.1220561],[28.7089399,47.1220558],[28.7089371,47.1220595],[28.7089371,47.1220608],[28.7089319,47.1220616]]]}},{"type":"Feature","id":103,"properties":{"canopy_id":"siret3_r021_c012#0103","vineyard_id":"V01","row_id":"V01-R10","tile":"siret3_r021_c012","area_m2":0.2729},"geometry":{"type":"Polygon","coordinates":[[[28.7089249,47.1220702],[28.7089226,47.1220689],[28.7089231,47.1220653],[28.708926,47.1220623],[28.7089283,47.1220614],[28.7089293,47.122063],[28.708929,47.1220648],[28.7089265,47.1220671],[28.7089265,47.1220691],[28.7089249,47.1220702]]]}},{"type":"Feature","id":104,"properties":{"canopy_id":"siret3_r021_c012#0104","vineyard_id":"V01","row_id":"V01-R10","tile":"siret3_r021_c012","area_m2":0.1909},"geometry":{"type":"Polygon","coordinates":[[[28.7089419,47.1220545],[28.7089395,47.1220536],[28.7089395,47.122052],[28.7089411,47.1220509],[28.7089428,47.1220508],[28.7089443,47.122049],[28.7089463,47.1220483],[28.708947,47.1220499],[28.7089448,47.122054],[28.7089441,47.1220528],[28.7089425,47.1220529],[28.7089419,47.1220545]]]}},{"type":"Feature","id":105,"properties":{"canopy_id":"siret3_r021_c012#0105","vineyard_id":"V01","row_id":"V01-R10","tile":"siret3_r021_c012","area_m2":0.2964},"geometry":{"type":"Polygon","coordinates":[[[28.7089544,47.1220437],[28.7089507,47.1220408],[28.7089506,47.1220397],[28.7089539,47.1220383],[28.7089585,47.122038],[28.7089602,47.1220389],[28.7089599,47.12204],[28.7089557,47.1220437],[28.7089544,47.1220437]]]}},{"type":"Feature","id":106,"properties":{"canopy_id":"siret3_r021_c012#0106","vineyard_id":"V01","row_id":"V01-R10","tile":"siret3_r021_c012","area_m2":0.9553},"geometry":{"type":"Polygon","coordinates":[[[28.7089752,47.1220234],[28.7089738,47.1220218],[28.7089709,47.122023],[28.7089695,47.1220221],[28.708975,47.1220171],[28.7089779,47.1220168],[28.7089793,47.1220179],[28.7089809,47.1220176],[28.7089799,47.1220156],[28.7089808,47.1220138],[28.7089801,47.1220125],[28.708984,47.122012],[28.7089879,47.1220094],[28.7089892,47.1220083],[28.7089891,47.1220072],[28.7089875,47.1220065],[28.7089884,47.1220052],[28.7089937,47.1220069],[28.7089938,47.1220087],[28.7089829,47.1220187],[28.7089813,47.1220197],[28.708978,47.1220197],[28.7089778,47.1220224],[28.7089752,47.1220234]]]}},{"type":"Feature","id":107,"properties":{"canopy_id":"siret3_r021_c012#0107","vineyard_id":"V01","row_id":"V01-R10","tile":"siret3_r021_c012","area_m2":0.4978},"geometry":{"type":"Polygon","coordinates":[[[28.7089666,47.1220336],[28.7089646,47.1220321],[28.7089603,47.1220328],[28.7089586,47.1220322],[28.7089641,47.1220271],[28.7089657,47.1220266],[28.7089657,47.1220257],[28.7089692,47.1220225],[28.7089705,47.1220232],[28.70897,47.1220259],[28.7089664,47.1220264],[28.7089661,47.1220275],[28.7089713,47.1220277],[28.7089714,47.1220284],[28.7089708,47.1220299],[28.7089666,47.1220336]]]}},{"type":"Feature","id":108,"properties":{"canopy_id":"siret3_r021_c012#0108","vineyard_id":"V01","row_id":"V01-R10","tile":"siret3_r021_c012","area_m2":0.5752},"geometry":{"type":"Polygon","coordinates":[[[28.7089953,47.1220042],[28.7089939,47.1220022],[28.7089913,47.1220029],[28.7089913,47.122002],[28.7089948,47.1219994],[28.7089977,47.121996],[28.7090003,47.1219951],[28.7090003,47.1219942],[28.7090049,47.1219941],[28.7090047,47.1219986],[28.7090018,47.1220011],[28.7089988,47.1220014],[28.708997,47.1220041],[28.7089953,47.1220042]]]}},{"type":"Feature","id":109,"properties":{"canopy_id":"siret3_r021_c012#0109","vineyard_id":"V01","row_id":"V01-R10","tile":"siret3_r021_c012","area_m2":0.553},"geometry":{"type":"Polygon","coordinates":[[[28.7090065,47.1219923],[28.7090058,47.1219916],[28.7090067,47.1219898],[28.7090093,47.1219887],[28.7090093,47.1219875],[28.7090076,47.1219869],[28.7090163,47.1219789],[28.7090179,47.1219789],[28.7090167,47.121982],[28.7090147,47.1219823],[28.7090148,47.1219856],[28.7090175,47.1219867],[28.7090156,47.1219886],[28.7090117,47.12199],[28.7090114,47.1219922],[28.7090065,47.1219923]]]}},{"type":"Feature","id":110,"properties":{"canopy_id":"siret3_r021_c012#0110","vineyard_id":"V01","row_id":"V01-R10","tile":"siret3_r021_c012","area_m2":0.561},"geometry":{"type":"Polygon","coordinates":[[[28.7090239,47.1219808],[28.7090232,47.1219785],[28.7090251,47.1219776],[28.7090276,47.1219731],[28.7090275,47.1219686],[28.7090291,47.1219672],[28.7090317,47.1219669],[28.7090326,47.1219658],[28.709034,47.121966],[28.709036,47.1219682],[28.7090351,47.1219705],[28.7090239,47.1219808]]]}},{"type":"Feature","id":111,"properties":{"canopy_id":"siret3_r021_c012#0111","vineyard_id":"V01","row_id":"V01-R10","tile":"siret3_r021_c012","area_m2":0.6257},"geometry":{"type":"Polygon","coordinates":[[[28.7090423,47.121958],[28.7090409,47.1219562],[28.7090444,47.121953],[28.7090468,47.1219548],[28.7090484,47.1219545],[28.7090484,47.1219532],[28.70905,47.1219521],[28.7090486,47.1219491],[28.7090496,47.1219482],[28.7090525,47.1219482],[28.7090528,47.1219453],[28.709055,47.1219439],[28.7090564,47.121945],[28.7090565,47.1219502],[28.7090543,47.1219513],[28.7090537,47.1219529],[28.7090514,47.1219534],[28.7090517,47.1219549],[28.7090495,47.121957],[28.7090452,47.1219564],[28.7090443,47.121958],[28.7090423,47.121958]]]}},{"type":"Feature","id":112,"properties":{"canopy_id":"siret3_r021_c012#0112","vineyard_id":"V01","row_id":"V01-R10","tile":"siret3_r021_c012","area_m2":0.3164},"geometry":{"type":"Polygon","coordinates":[[[28.7090369,47.121966],[28.7090339,47.121964],[28.7090342,47.1219624],[28.7090387,47.1219583],[28.709042,47.121958],[28.7090423,47.1219598],[28.709041,47.1219605],[28.7090415,47.1219634],[28.7090388,47.1219639],[28.7090369,47.121966]]]}},{"type":"Feature","id":113,"properties":{"canopy_id":"siret3_r021_c012#0113","vineyard_id":"V01","row_id":"V01-R10","tile":"siret3_r021_c012","area_m2":0.6875},"geometry":{"type":"Polygon","coordinates":[[[28.7090722,47.1219351],[28.7090686,47.1219345],[28.7090682,47.1219336],[28.7090698,47.1219311],[28.7090737,47.1219294],[28.7090736,47.1219263],[28.7090771,47.1219226],[28.7090784,47.1219226],[28.7090797,47.1219237],[28.7090821,47.1219241],[28.7090828,47.1219261],[28.7090742,47.1219344],[28.7090722,47.1219351]]]}},{"type":"Feature","id":114,"properties":{"canopy_id":"siret3_r021_c012#0114","vineyard_id":"V01","row_id":"V01-R10","tile":"siret3_r021_c012","area_m2":0.3049},"geometry":{"type":"Polygon","coordinates":[[[28.7090941,47.1219089],[28.7090928,47.1219082],[28.7090992,47.1219034],[28.7091009,47.1219038],[28.7091025,47.1219027],[28.7091065,47.121904],[28.7091052,47.1219056],[28.7091016,47.1219054],[28.7091,47.1219081],[28.7090941,47.1219089]]]}},{"type":"Feature","id":115,"properties":{"canopy_id":"siret3_r021_c012#0115","vineyard_id":"V01","row_id":"V01-R10","tile":"siret3_r021_c012","area_m2":0.4648},"geometry":{"type":"Polygon","coordinates":[[[28.7091084,47.1219015],[28.7091065,47.1218954],[28.7091097,47.1218927],[28.709116,47.1218928],[28.7091164,47.1218953],[28.70911,47.1219012],[28.7091084,47.1219015]]]}},{"type":"Feature","id":116,"properties":{"canopy_id":"siret3_r021_c012#0116","vineyard_id":"V01","row_id":"V01-R10","tile":"siret3_r021_c012","area_m2":0.5837},"geometry":{"type":"Polygon","coordinates":[[[28.7091306,47.1218764],[28.709127,47.1218773],[28.7091283,47.1218753],[28.7091315,47.1218723],[28.7091374,47.12187],[28.7091363,47.121868],[28.7091424,47.1218634],[28.7091437,47.1218611],[28.7091443,47.1218613],[28.7091449,47.1218678],[28.7091439,47.1218699],[28.70914,47.1218702],[28.7091384,47.1218718],[28.7091354,47.1218716],[28.7091345,47.1218732],[28.7091381,47.1218736],[28.7091352,47.1218738],[28.7091345,47.1218745],[28.7091319,47.1218743],[28.7091306,47.1218764]]]}},{"type":"Feature","id":117,"properties":{"canopy_id":"siret3_r021_c012#0117","vineyard_id":"V01","row_id":"V01-R10","tile":"siret3_r021_c012","area_m2":0.3665},"geometry":{"type":"Polygon","coordinates":[[[28.709157,47.1218555],[28.709154,47.1218547],[28.7091536,47.121852],[28.7091571,47.1218488],[28.7091601,47.1218483],[28.7091618,47.12185],[28.7091625,47.1218527],[28.7091606,47.1218543],[28.7091586,47.1218544],[28.709157,47.1218555]]]}},{"type":"Feature","id":118,"properties":{"canopy_id":"siret3_r021_c012#0118","vineyard_id":"V01","row_id":"V01-R10","tile":"siret3_r021_c012","area_m2":0.5508},"geometry":{"type":"Polygon","coordinates":[[[28.7091736,47.1218391],[28.7091716,47.1218382],[28.7091726,47.1218373],[28.7091722,47.1218357],[28.7091741,47.121835],[28.7091734,47.1218337],[28.7091786,47.1218289],[28.7091799,47.1218291],[28.7091839,47.1218326],[28.7091826,47.1218329],[28.7091817,47.1218349],[28.7091794,47.1218354],[28.7091798,47.1218367],[28.7091772,47.1218388],[28.7091736,47.1218391]]]}},{"type":"Feature","id":119,"properties":{"canopy_id":"siret3_r021_c012#0119","vineyard_id":"V01","row_id":"V01-R10","tile":"siret3_r021_c012","area_m2":0.5664},"geometry":{"type":"Polygon","coordinates":[[[28.709164,47.1218487],[28.7091609,47.1218451],[28.7091661,47.1218405],[28.7091684,47.1218405],[28.7091703,47.1218384],[28.7091719,47.1218384],[28.7091733,47.1218391],[28.7091731,47.1218429],[28.7091692,47.1218457],[28.7091673,47.1218482],[28.7091656,47.1218477],[28.709164,47.1218487]]]}},{"type":"Feature","id":120,"properties":{"canopy_id":"siret3_r021_c012#0120","vineyard_id":"V01","row_id":"V01-R10","tile":"siret3_r021_c012","area_m2":0.4194},"geometry":{"type":"Polygon","coordinates":[[[28.7091908,47.1218204],[28.7091888,47.1218195],[28.7091936,47.1218149],[28.7091998,47.1218135],[28.7092005,47.1218155],[28.7092022,47.1218159],[28.7091993,47.1218187],[28.709197,47.1218189],[28.7091961,47.1218198],[28.7091908,47.1218204]]]}},{"type":"Feature","id":121,"properties":{"canopy_id":"siret3_r021_c012#0121","vineyard_id":"V01","row_id":"V01-R10","tile":"siret3_r021_c012","area_m2":1.2854},"geometry":{"type":"Polygon","coordinates":[[[28.7092116,47.1218007],[28.7092099,47.1217998],[28.7092166,47.1217937],[28.7092212,47.1217909],[28.7092222,47.1217916],[28.7092245,47.1217913],[28.7092261,47.1217897],[28.7092264,47.1217879],[28.7092296,47.1217874],[28.7092286,47.1217849],[28.7092263,47.121785],[28.7092295,47.1217818],[28.7092318,47.121782],[28.7092311,47.1217804],[28.7092327,47.1217799],[28.7092349,47.1217776],[28.7092389,47.1217771],[28.7092409,47.1217793],[28.7092406,47.1217805],[28.7092333,47.1217873],[28.7092307,47.1217885],[28.7092307,47.1217896],[28.7092262,47.1217928],[28.7092259,47.121794],[28.7092239,47.1217944],[28.709224,47.1217958],[28.7092224,47.1217969],[28.70922,47.1217961],[28.7092164,47.1217966],[28.7092149,47.1217995],[28.7092116,47.1218007]]]}},{"type":"Feature","id":122,"properties":{"canopy_id":"siret3_r021_c012#0122","vineyard_id":"V01","row_id":"V01-R10","tile":"siret3_r021_c012","area_m2":0.3923},"geometry":{"type":"Polygon","coordinates":[[[28.7092461,47.1217752],[28.7092443,47.1217725],[28.7092443,47.1217714],[28.7092456,47.1217705],[28.7092455,47.1217678],[28.70925,47.1217662],[28.709253,47.1217663],[28.7092544,47.1217677],[28.7092461,47.1217752]]]}},{"type":"Feature","id":123,"properties":{"canopy_id":"siret3_r021_c012#0123","vineyard_id":"V01","row_id":"V01-R10","tile":"siret3_r021_c012","area_m2":0.4539},"geometry":{"type":"Polygon","coordinates":[[[28.7092557,47.1217663],[28.7092549,47.1217625],[28.7092575,47.1217609],[28.7092574,47.1217584],[28.7092613,47.1217579],[28.7092612,47.1217552],[28.7092625,47.1217538],[28.7092651,47.1217533],[28.7092678,47.1217542],[28.7092678,47.1217551],[28.7092662,47.1217556],[28.7092637,47.1217592],[28.7092617,47.1217601],[28.7092614,47.1217613],[28.7092557,47.1217663]]]}},{"type":"Feature","id":124,"properties":{"canopy_id":"siret3_r021_c012#0124","vineyard_id":"V01","row_id":"V01-R10","tile":"siret3_r021_c012","area_m2":0.5942},"geometry":{"type":"Polygon","coordinates":[[[28.7092667,47.1217504],[28.7092656,47.1217484],[28.7092698,47.1217447],[28.7092754,47.1217451],[28.7092756,47.1217415],[28.7092824,47.1217376],[28.7092844,47.121738],[28.7092848,47.1217395],[28.7092768,47.1217469],[28.7092705,47.1217476],[28.7092699,47.1217492],[28.7092667,47.1217504]]]}},{"type":"Feature","id":125,"properties":{"canopy_id":"siret3_r021_c012#0125","vineyard_id":"V01","row_id":"V01-R10","tile":"siret3_r021_c012","area_m2":0.6953},"geometry":{"type":"Polygon","coordinates":[[[28.7092886,47.1217361],[28.7092866,47.1217357],[28.7092872,47.1217314],[28.7092888,47.1217303],[28.7092918,47.1217311],[28.7092937,47.1217311],[28.7092944,47.1217304],[28.709294,47.1217291],[28.7092894,47.1217282],[28.7092893,47.1217269],[28.7092942,47.1217246],[28.7092938,47.121723],[28.7092948,47.1217223],[28.7092988,47.1217227],[28.709302,47.1217208],[28.7093036,47.121721],[28.709304,47.1217219],[28.7092886,47.1217361]]]}},{"type":"Feature","id":126,"properties":{"canopy_id":"siret3_r021_c012#0126","vineyard_id":"V01","row_id":"V01-R10","tile":"siret3_r021_c012","area_m2":0.9668},"geometry":{"type":"Polygon","coordinates":[[[28.7093075,47.1217183],[28.7093038,47.1217165],[28.7093054,47.1217134],[28.709307,47.1217122],[28.7093069,47.1217102],[28.7093111,47.1217065],[28.7093137,47.1217058],[28.7093167,47.121706],[28.7093178,47.1217013],[28.7093211,47.1217005],[28.709321,47.1216972],[28.7093246,47.1216955],[28.7093269,47.1216955],[28.7093247,47.1216982],[28.7093261,47.1217014],[28.7093245,47.1217027],[28.7093228,47.121703],[28.7093232,47.1217041],[28.7093213,47.1217059],[28.709316,47.1217065],[28.7093151,47.1217085],[28.7093134,47.1217078],[28.7093115,47.1217081],[28.7093113,47.1217119],[28.7093133,47.1217133],[28.7093075,47.1217183]]]}},{"type":"Feature","id":127,"properties":{"canopy_id":"siret3_r021_c012#0127","vineyard_id":"V01","row_id":"V01-R10","tile":"siret3_r021_c012","area_m2":0.7268},"geometry":{"type":"Polygon","coordinates":[[[28.7093354,47.1216848],[28.7093367,47.1216828],[28.70934,47.1216829],[28.7093406,47.1216804],[28.7093396,47.12168],[28.7093431,47.1216768],[28.7093447,47.1216766],[28.709346,47.1216741],[28.7093495,47.1216709],[28.7093498,47.1216796],[28.7093418,47.1216867],[28.7093408,47.1216867],[28.7093394,47.1216836],[28.709338,47.1216836],[28.7093374,47.1216848],[28.7093354,47.1216848]]]}},{"type":"Feature","id":128,"properties":{"canopy_id":"siret3_r021_c012#0128","vineyard_id":"V01","row_id":"V01-R11","tile":"siret3_r021_c012","area_m2":0.5156},"geometry":{"type":"Polygon","coordinates":[[[28.7088517,47.1220796],[28.7088517,47.1220785],[28.7088546,47.1220776],[28.7088552,47.1220762],[28.7088575,47.1220755],[28.7088561,47.1220731],[28.7088584,47.122071],[28.7088619,47.1220694],[28.7088619,47.1220685],[28.7088629,47.1220698],[28.7088666,47.1220709],[28.708866,47.1220727],[28.708864,47.1220732],[28.7088624,47.1220748],[28.7088595,47.1220755],[28.708859,47.1220795],[28.7088517,47.1220796]]]}},{"type":"Feature","id":129,"properties":{"canopy_id":"siret3_r021_c012#0129","vineyard_id":"V01","row_id":"V01-R11","tile":"siret3_r021_c012","area_m2":0.3589},"geometry":{"type":"Polygon","coordinates":[[[28.7088781,47.1220595],[28.7088757,47.1220563],[28.7088756,47.1220548],[28.7088798,47.1220525],[28.7088845,47.1220533],[28.7088846,47.1220555],[28.7088804,47.1220592],[28.7088781,47.1220595]]]}},{"type":"Feature","id":130,"properties":{"canopy_id":"siret3_r021_c012#0130","vineyard_id":"V01","row_id":"V01-R11","tile":"siret3_r021_c012","area_m2":0.6558},"geometry":{"type":"Polygon","coordinates":[[[28.7088858,47.1220519],[28.7088834,47.1220508],[28.7088811,47.1220509],[28.7088834,47.1220504],[28.7088833,47.1220477],[28.7088859,47.1220454],[28.7088889,47.1220469],[28.7088905,47.1220467],[28.7088905,47.1220446],[28.7088878,47.1220436],[28.7088907,47.1220408],[28.708893,47.122041],[28.7088937,47.1220435],[28.708896,47.122043],[28.7088956,47.122041],[28.7088973,47.1220407],[28.7088986,47.1220425],[28.708889,47.1220514],[28.7088858,47.1220519]]]}},{"type":"Feature","id":131,"properties":{"canopy_id":"siret3_r021_c012#0131","vineyard_id":"V01","row_id":"V01-R11","tile":"siret3_r021_c012","area_m2":0.3508},"geometry":{"type":"Polygon","coordinates":[[[28.7088992,47.1220398],[28.7088959,47.1220385],[28.7088961,47.1220358],[28.7088993,47.1220335],[28.7089047,47.1220345],[28.708905,47.1220366],[28.7089015,47.1220398],[28.7088992,47.1220398]]]}},{"type":"Feature","id":132,"properties":{"canopy_id":"siret3_r021_c012#0132","vineyard_id":"V01","row_id":"V01-R11","tile":"siret3_r021_c012","area_m2":0.677},"geometry":{"type":"Polygon","coordinates":[[[28.7089095,47.122032],[28.7089082,47.1220311],[28.7089104,47.1220297],[28.7089101,47.1220286],[28.7089088,47.1220286],[28.7089075,47.1220298],[28.7089048,47.1220296],[28.7089038,47.1220287],[28.7089067,47.122026],[28.7089116,47.1220257],[28.7089132,47.1220245],[28.7089131,47.1220207],[28.7089157,47.1220191],[28.708917,47.1220184],[28.7089213,47.122019],[28.7089217,47.122021],[28.7089198,47.1220228],[28.7089168,47.1220231],[28.7089169,47.1220256],[28.7089095,47.122032]]]}},{"type":"Feature","id":133,"properties":{"canopy_id":"siret3_r021_c012#0133","vineyard_id":"V01","row_id":"V01-R11","tile":"siret3_r021_c012","area_m2":0.731},"geometry":{"type":"Polygon","coordinates":[[[28.7089255,47.1220153],[28.7089235,47.1220142],[28.708926,47.1220122],[28.7089283,47.1220117],[28.7089283,47.1220108],[28.708927,47.1220106],[28.7089266,47.1220081],[28.7089368,47.1219981],[28.7089394,47.1219971],[28.7089381,47.1219983],[28.7089389,47.1220025],[28.7089383,47.1220032],[28.708935,47.1220035],[28.708935,47.1220044],[28.7089377,47.1220061],[28.7089347,47.1220066],[28.7089322,47.1220087],[28.7089319,47.1220116],[28.7089287,47.1220135],[28.7089278,47.1220151],[28.7089255,47.1220153]]]}},{"type":"Feature","id":134,"properties":{"canopy_id":"siret3_r021_c012#0134","vineyard_id":"V01","row_id":"V01-R11","tile":"siret3_r021_c012","area_m2":0.3337},"geometry":{"type":"Polygon","coordinates":[[[28.7089475,47.1219945],[28.7089429,47.1219926],[28.7089493,47.1219866],[28.70895,47.1219884],[28.7089527,47.1219897],[28.7089505,47.1219938],[28.7089475,47.1219945]]]}},{"type":"Feature","id":135,"properties":{"canopy_id":"siret3_r021_c012#0135","vineyard_id":"V01","row_id":"V01-R11","tile":"siret3_r021_c012","area_m2":0.9158},"geometry":{"type":"Polygon","coordinates":[[[28.7089515,47.1219855],[28.7089512,47.1219848],[28.7089557,47.1219807],[28.708959,47.1219804],[28.7089595,47.121977],[28.7089723,47.1219651],[28.7089739,47.1219649],[28.7089767,47.1219673],[28.7089728,47.1219708],[28.7089735,47.121973],[28.708969,47.1219746],[28.7089663,47.1219742],[28.7089651,47.1219756],[28.7089628,47.1219763],[28.7089635,47.1219797],[28.708962,47.1219817],[28.7089577,47.1219811],[28.7089568,47.1219849],[28.7089515,47.1219855]]]}},{"type":"Feature","id":136,"properties":{"canopy_id":"siret3_r021_c012#0136","vineyard_id":"V01","row_id":"V01-R11","tile":"siret3_r021_c012","area_m2":0.2639},"geometry":{"type":"Polygon","coordinates":[[[28.7089966,47.1219513],[28.7089919,47.1219495],[28.7089893,47.1219496],[28.7089912,47.1219478],[28.7089955,47.1219475],[28.7089954,47.1219454],[28.708997,47.1219447],[28.7090011,47.1219474],[28.7089985,47.1219479],[28.7089979,47.1219501],[28.7089966,47.1219513]]]}},{"type":"Feature","id":137,"properties":{"canopy_id":"siret3_r021_c012#0137","vineyard_id":"V01","row_id":"V01-R11","tile":"siret3_r021_c012","area_m2":0.6147},"geometry":{"type":"Polygon","coordinates":[[[28.709002,47.1219458],[28.709001,47.1219438],[28.7089973,47.1219432],[28.708997,47.1219423],[28.7090056,47.1219345],[28.7090082,47.1219345],[28.7090092,47.1219349],[28.7090091,47.1219401],[28.709002,47.1219458]]]}},{"type":"Feature","id":138,"properties":{"canopy_id":"siret3_r021_c012#0138","vineyard_id":"V01","row_id":"V01-R11","tile":"siret3_r021_c012","area_m2":0.6218},"geometry":{"type":"Polygon","coordinates":[[[28.7090145,47.1219346],[28.7090128,47.1219337],[28.7090141,47.1219332],[28.7090144,47.1219314],[28.7090131,47.1219308],[28.7090123,47.121929],[28.7090153,47.1219285],[28.7090146,47.1219263],[28.70902,47.121921],[28.7090237,47.121923],[28.7090241,47.1219259],[28.7090145,47.1219346]]]}},{"type":"Feature","id":139,"properties":{"canopy_id":"siret3_r021_c012#0139","vineyard_id":"V01","row_id":"V01-R11","tile":"siret3_r021_c012","area_m2":0.8308},"geometry":{"type":"Polygon","coordinates":[[[28.7090236,47.12192],[28.7090226,47.1219185],[28.7090334,47.1219084],[28.7090354,47.1219077],[28.7090376,47.1219045],[28.7090392,47.1219038],[28.7090393,47.121905],[28.7090412,47.1219052],[28.7090432,47.1219033],[28.7090448,47.1219035],[28.7090456,47.1219062],[28.7090414,47.121909],[28.7090381,47.1219086],[28.7090371,47.1219093],[28.7090368,47.1219113],[28.7090382,47.1219129],[28.7090337,47.1219172],[28.7090323,47.1219138],[28.7090306,47.1219136],[28.7090288,47.1219164],[28.7090258,47.1219171],[28.7090252,47.1219198],[28.7090236,47.12192]]]}},{"type":"Feature","id":140,"properties":{"canopy_id":"siret3_r021_c012#0140","vineyard_id":"V01","row_id":"V01-R11","tile":"siret3_r021_c012","area_m2":0.3037},"geometry":{"type":"Polygon","coordinates":[[[28.7090474,47.1219003],[28.7090463,47.121899],[28.709044,47.1218986],[28.7090485,47.1218945],[28.7090541,47.121896],[28.7090516,47.1219003],[28.7090474,47.1219003]]]}},{"type":"Feature","id":141,"properties":{"canopy_id":"siret3_r021_c012#0141","vineyard_id":"V01","row_id":"V01-R11","tile":"siret3_r021_c012","area_m2":0.6221},"geometry":{"type":"Polygon","coordinates":[[[28.7090524,47.1218933],[28.7090517,47.1218924],[28.709054,47.1218912],[28.7090533,47.1218901],[28.7090558,47.1218876],[28.7090581,47.1218867],[28.7090581,47.1218856],[28.7090603,47.1218835],[28.7090604,47.1218867],[28.7090617,47.1218866],[28.7090637,47.1218846],[28.7090636,47.121883],[28.7090623,47.1218817],[28.7090694,47.12188],[28.7090672,47.1218821],[28.7090682,47.1218834],[28.709068,47.1218854],[28.7090638,47.1218893],[28.7090599,47.1218896],[28.7090596,47.1218923],[28.7090583,47.1218923],[28.7090572,47.1218901],[28.7090556,47.1218901],[28.7090546,47.1218906],[28.7090554,47.1218928],[28.7090524,47.1218933]]]}},{"type":"Feature","id":142,"properties":{"canopy_id":"siret3_r021_c012#0142","vineyard_id":"V01","row_id":"V01-R11","tile":"siret3_r021_c012","area_m2":0.4922},"geometry":{"type":"Polygon","coordinates":[[[28.7090808,47.1218731],[28.7090728,47.1218721],[28.7090763,47.1218686],[28.7090783,47.1218677],[28.7090816,47.1218677],[28.7090819,47.1218665],[28.7090839,47.1218667],[28.7090861,47.121864],[28.7090894,47.1218639],[28.7090901,47.1218648],[28.7090875,47.1218662],[28.7090862,47.1218685],[28.7090833,47.1218685],[28.7090837,47.1218708],[28.7090808,47.1218731]]]}},{"type":"Feature","id":143,"properties":{"canopy_id":"siret3_r021_c012#0143","vineyard_id":"V01","row_id":"V01-R11","tile":"siret3_r021_c012","area_m2":0.2673},"geometry":{"type":"Polygon","coordinates":[[[28.7090734,47.1218799],[28.7090698,47.1218795],[28.70907,47.121878],[28.7090687,47.1218769],[28.7090687,47.121876],[28.7090706,47.1218755],[28.7090729,47.1218734],[28.7090728,47.1218723],[28.7090766,47.1218767],[28.7090734,47.1218799]]]}},{"type":"Feature","id":144,"properties":{"canopy_id":"siret3_r021_c012#0144","vineyard_id":"V01","row_id":"V01-R11","tile":"siret3_r021_c012","area_m2":0.8982},"geometry":{"type":"Polygon","coordinates":[[[28.7090883,47.1218622],[28.7090913,47.1218614],[28.7090912,47.1218605],[28.7090892,47.1218597],[28.7090889,47.1218581],[28.7090917,47.1218551],[28.709095,47.1218549],[28.7090946,47.1218517],[28.7090965,47.121851],[28.7090971,47.1218494],[28.7090994,47.1218485],[28.7091004,47.1218467],[28.7091046,47.1218471],[28.7091054,47.1218507],[28.7090939,47.1218614],[28.7090883,47.1218622]]]}},{"type":"Feature","id":145,"properties":{"canopy_id":"siret3_r021_c012#0145","vineyard_id":"V01","row_id":"V01-R11","tile":"siret3_r021_c012","area_m2":0.4336},"geometry":{"type":"Polygon","coordinates":[[[28.7091179,47.121839],[28.7091169,47.1218383],[28.7091174,47.1218347],[28.709121,47.1218322],[28.7091196,47.1218304],[28.7091215,47.121829],[28.7091208,47.1218275],[28.7091224,47.1218263],[28.7091241,47.1218279],[28.7091278,47.1218283],[28.7091278,47.1218296],[28.7091265,47.1218308],[28.7091233,47.1218313],[28.7091246,47.1218328],[28.7091179,47.121839]]]}},{"type":"Feature","id":146,"properties":{"canopy_id":"siret3_r021_c012#0146","vineyard_id":"V01","row_id":"V01-R11","tile":"siret3_r021_c012","area_m2":0.8352},"geometry":{"type":"Polygon","coordinates":[[[28.7091488,47.1218068],[28.7091478,47.1218057],[28.7091484,47.1218019],[28.7091496,47.1218007],[28.7091519,47.1218002],[28.7091538,47.1217984],[28.7091538,47.1217968],[28.7091634,47.1217886],[28.7091655,47.1217906],[28.7091642,47.1217917],[28.7091615,47.1217918],[28.7091636,47.1217942],[28.70916,47.1217945],[28.7091581,47.121797],[28.7091581,47.1217979],[28.7091605,47.1217997],[28.709155,47.1218047],[28.7091511,47.1218066],[28.7091488,47.1218068]]]}},{"type":"Feature","id":147,"properties":{"canopy_id":"siret3_r021_c012#0147","vineyard_id":"V01","row_id":"V01-R11","tile":"siret3_r021_c012","area_m2":0.4121},"geometry":{"type":"Polygon","coordinates":[[[28.7091691,47.1217901],[28.7091663,47.1217863],[28.7091692,47.1217836],[28.7091722,47.1217833],[28.7091714,47.1217806],[28.7091749,47.1217781],[28.7091765,47.1217758],[28.7091769,47.1217783],[28.7091734,47.1217819],[28.7091742,47.1217851],[28.709172,47.1217889],[28.7091691,47.1217901]]]}},{"type":"Feature","id":148,"properties":{"canopy_id":"siret3_r021_c012#0148","vineyard_id":"V01","row_id":"V01-R11","tile":"siret3_r021_c012","area_m2":0.3162},"geometry":{"type":"Polygon","coordinates":[[[28.7091788,47.1217751],[28.7091781,47.1217742],[28.7091839,47.121769],[28.7091856,47.1217705],[28.7091879,47.1217705],[28.7091889,47.1217714],[28.7091893,47.1217729],[28.7091883,47.1217738],[28.7091788,47.1217751]]]}},{"type":"Feature","id":149,"properties":{"canopy_id":"siret3_r021_c012#0149","vineyard_id":"V01","row_id":"V01-R11","tile":"siret3_r021_c012","area_m2":0.3997},"geometry":{"type":"Polygon","coordinates":[[[28.7091898,47.1217673],[28.7091868,47.1217662],[28.7092031,47.1217511],[28.7092057,47.1217502],[28.7092044,47.1217522],[28.7092006,47.1217543],[28.7092006,47.1217566],[28.7091993,47.121757],[28.7091987,47.1217591],[28.7091964,47.1217598],[28.7091962,47.1217611],[28.7091936,47.1217621],[28.7091936,47.1217641],[28.7091913,47.1217652],[28.7091898,47.1217673]]]}},{"type":"Feature","id":150,"properties":{"canopy_id":"siret3_r021_c012#0150","vineyard_id":"V01","row_id":"V01-R11","tile":"siret3_r021_c012","area_m2":0.4595},"geometry":{"type":"Polygon","coordinates":[[[28.7092136,47.1217496],[28.7092112,47.1217485],[28.7092057,47.1217488],[28.7092108,47.1217443],[28.7092131,47.121744],[28.7092137,47.1217424],[28.7092173,47.1217419],[28.7092206,47.1217437],[28.7092136,47.1217496]]]}},{"type":"Feature","id":151,"properties":{"canopy_id":"siret3_r021_c012#0151","vineyard_id":"V01","row_id":"V01-R11","tile":"siret3_r021_c012","area_m2":0.2224},"geometry":{"type":"Polygon","coordinates":[[[28.7092212,47.1217409],[28.7092159,47.1217392],[28.7092198,47.1217371],[28.7092197,47.1217358],[28.709221,47.1217347],[28.709223,47.1217362],[28.7092238,47.12174],[28.7092232,47.1217409],[28.7092212,47.1217409]]]}},{"type":"Feature","id":152,"properties":{"canopy_id":"siret3_r021_c012#0152","vineyard_id":"V01","row_id":"V01-R11","tile":"siret3_r021_c012","area_m2":0.3323},"geometry":{"type":"Polygon","coordinates":[[[28.7092306,47.1217345],[28.7092286,47.1217336],[28.7092282,47.1217321],[28.7092256,47.1217328],[28.709225,47.1217339],[28.7092236,47.1217333],[28.7092236,47.1217321],[28.7092255,47.1217303],[28.7092314,47.1217304],[28.7092297,47.1217264],[28.709236,47.1217286],[28.7092306,47.1217345]]]}},{"type":"Feature","id":153,"properties":{"canopy_id":"siret3_r021_c012#0153","vineyard_id":"V01","row_id":"V01-R11","tile":"siret3_r021_c012","area_m2":0.5859},"geometry":{"type":"Polygon","coordinates":[[[28.7092405,47.1217249],[28.7092335,47.1217234],[28.7092341,47.1217223],[28.7092368,47.121722],[28.7092364,47.1217202],[28.7092393,47.1217175],[28.7092429,47.1217177],[28.7092455,47.1217154],[28.7092504,47.1217162],[28.7092463,47.1217201],[28.7092437,47.1217213],[28.7092437,47.1217224],[28.7092405,47.1217249]]]}},{"type":"Feature","id":154,"properties":{"canopy_id":"siret3_r021_c012#0154","vineyard_id":"V01","row_id":"V01-R11","tile":"siret3_r021_c012","area_m2":0.3943},"geometry":{"type":"Polygon","coordinates":[[[28.7092574,47.1217087],[28.7092557,47.1217076],[28.709256,47.1217053],[28.7092625,47.1217028],[28.709261,47.1216981],[28.7092624,47.1216983],[28.7092627,47.1216992],[28.7092644,47.1216991],[28.7092673,47.1216975],[28.7092683,47.1216982],[28.7092674,47.1217004],[28.7092591,47.1217082],[28.7092574,47.1217087]]]}},{"type":"Feature","id":155,"properties":{"canopy_id":"siret3_r021_c012#0155","vineyard_id":"V01","row_id":"V01-R11","tile":"siret3_r021_c012","area_m2":0.6702},"geometry":{"type":"Polygon","coordinates":[[[28.7092701,47.1216932],[28.7092694,47.1216921],[28.7092713,47.1216903],[28.7092756,47.1216891],[28.7092755,47.1216866],[28.7092742,47.1216855],[28.7092767,47.1216839],[28.7092783,47.1216816],[28.7092819,47.12168],[28.7092855,47.1216806],[28.7092891,47.1216801],[28.7092872,47.1216819],[28.7092849,47.1216815],[28.7092833,47.1216822],[28.7092828,47.1216863],[28.7092796,47.1216892],[28.709277,47.1216904],[28.7092763,47.1216918],[28.7092737,47.1216918],[28.7092728,47.1216932],[28.7092701,47.1216932]]]}},{"type":"Feature","id":156,"properties":{"canopy_id":"siret3_r021_c012#0156","vineyard_id":"V01","row_id":"V01-R11","tile":"siret3_r021_c012","area_m2":1.5369},"geometry":{"type":"Polygon","coordinates":[[[28.7093119,47.1216588],[28.7093069,47.1216585],[28.7093082,47.1216582],[28.7093074,47.1216544],[28.7093107,47.1216541],[28.70931,47.1216521],[28.7093135,47.1216489],[28.7093158,47.1216491],[28.7093181,47.1216479],[28.7093207,47.1216477],[28.70932,47.1216461],[28.709317,47.1216455],[28.7093257,47.1216375],[28.7093276,47.121637],[28.7093286,47.1216347],[28.7093299,47.121634],[28.7093328,47.1216342],[28.709333,47.1216385],[28.709331,47.1216396],[28.7093308,47.1216417],[28.7093288,47.1216422],[28.7093288,47.1216435],[28.7093256,47.1216465],[28.709323,47.1216476],[28.7093224,47.1216494],[28.7093148,47.1216565],[28.7093119,47.1216588]]]}},{"type":"Feature","id":157,"properties":{"canopy_id":"siret3_r021_c012#0157","vineyard_id":"V01","row_id":"V01-R11","tile":"siret3_r021_c012","area_m2":0.3728},"geometry":{"type":"Polygon","coordinates":[[[28.7093012,47.1216666],[28.7092983,47.121666],[28.7092985,47.1216642],[28.7093001,47.1216633],[28.7093004,47.1216615],[28.7093027,47.1216599],[28.7093047,47.1216603],[28.7093056,47.1216582],[28.7093066,47.1216585],[28.7093063,47.1216609],[28.709308,47.1216627],[28.7093042,47.1216661],[28.7093012,47.1216666]]]}},{"type":"Feature","id":158,"properties":{"canopy_id":"siret3_r021_c012#0158","vineyard_id":"V01","row_id":"V01-R11","tile":"siret3_r021_c012","area_m2":0.5884},"geometry":{"type":"Polygon","coordinates":[[[28.7093388,47.1216341],[28.7093377,47.121633],[28.7093376,47.1216301],[28.7093399,47.1216296],[28.7093412,47.1216276],[28.7093401,47.121626],[28.7093382,47.1216258],[28.7093414,47.1216237],[28.7093414,47.1216228],[28.7093437,47.1216221],[28.7093443,47.1216208],[28.7093462,47.1216203],[28.7093479,47.1216212],[28.7093481,47.1216261],[28.7093388,47.1216341]]]}},{"type":"Feature","id":159,"properties":{"canopy_id":"siret3_r021_c012#0159","vineyard_id":"V01","row_id":"V01-R12","tile":"siret3_r021_c012","area_m2":0.3701},"geometry":{"type":"Polygon","coordinates":[[[28.7088121,47.1220775],[28.7088114,47.1220766],[28.708813,47.1220753],[28.7088153,47.122075],[28.7088169,47.1220716],[28.7088223,47.1220666],[28.7088211,47.1220693],[28.7088228,47.1220706],[28.7088208,47.1220716],[28.7088219,47.1220747],[28.708817,47.122077],[28.7088121,47.1220775]]]}},{"type":"Feature","id":160,"properties":{"canopy_id":"siret3_r021_c012#0160","vineyard_id":"V01","row_id":"V01-R12","tile":"siret3_r021_c012","area_m2":0.2478},"geometry":{"type":"Polygon","coordinates":[[[28.7088289,47.1220656],[28.7088275,47.1220654],[28.7088268,47.1220636],[28.7088298,47.1220631],[28.7088326,47.1220597],[28.7088366,47.1220596],[28.708837,47.1220616],[28.7088354,47.1220635],[28.7088298,47.1220647],[28.7088289,47.1220656]]]}},{"type":"Feature","id":161,"properties":{"canopy_id":"siret3_r021_c012#0161","vineyard_id":"V01","row_id":"V01-R12","tile":"siret3_r021_c012","area_m2":1.4954},"geometry":{"type":"Polygon","coordinates":[[[28.7088408,47.1220573],[28.7088385,47.1220567],[28.7088374,47.1220556],[28.7088374,47.1220544],[28.7088397,47.1220537],[28.708839,47.1220522],[28.7088458,47.12205],[28.7088463,47.1220451],[28.7088541,47.1220405],[28.7088563,47.1220373],[28.7088579,47.122037],[28.7088575,47.1220343],[28.7088601,47.1220329],[28.7088607,47.1220311],[28.7088672,47.1220279],[28.7088696,47.1220317],[28.7088613,47.122039],[28.708857,47.1220402],[28.7088559,47.1220445],[28.7088514,47.1220486],[28.7088465,47.1220512],[28.7088437,47.1220557],[28.7088408,47.1220573]]]}},{"type":"Feature","id":162,"properties":{"canopy_id":"siret3_r021_c012#0162","vineyard_id":"V01","row_id":"V01-R12","tile":"siret3_r021_c012","area_m2":0.7043},"geometry":{"type":"Polygon","coordinates":[[[28.7088779,47.1220237],[28.7088773,47.1220228],[28.708874,47.1220228],[28.7088748,47.1220195],[28.7088788,47.1220187],[28.7088791,47.1220178],[28.708881,47.1220173],[28.708882,47.1220153],[28.7088799,47.122014],[28.7088799,47.1220131],[28.7088825,47.1220108],[28.7088884,47.1220096],[28.7088904,47.1220111],[28.7088898,47.1220127],[28.7088779,47.1220237]]]}},{"type":"Feature","id":163,"properties":{"canopy_id":"siret3_r021_c012#0163","vineyard_id":"V01","row_id":"V01-R12","tile":"siret3_r021_c012","area_m2":0.6558},"geometry":{"type":"Polygon","coordinates":[[[28.7089153,47.1219867],[28.708914,47.1219865],[28.7089136,47.121984],[28.7089119,47.1219836],[28.7089122,47.1219831],[28.7089196,47.1219763],[28.7089232,47.1219764],[28.7089248,47.1219755],[28.7089248,47.1219739],[28.7089287,47.1219732],[28.7089294,47.1219748],[28.7089285,47.121977],[28.7089272,47.1219782],[28.708924,47.1219787],[28.7089227,47.1219805],[28.7089207,47.1219796],[28.7089191,47.1219799],[28.7089202,47.1219837],[28.7089153,47.1219867]]]}},{"type":"Feature","id":164,"properties":{"canopy_id":"siret3_r021_c012#0164","vineyard_id":"V01","row_id":"V01-R12","tile":"siret3_r021_c012","area_m2":0.2932},"geometry":{"type":"Polygon","coordinates":[[[28.7089608,47.1219439],[28.7089552,47.1219449],[28.7089548,47.1219436],[28.7089622,47.1219369],[28.7089639,47.1219383],[28.7089639,47.1219401],[28.7089608,47.1219439]]]}},{"type":"Feature","id":165,"properties":{"canopy_id":"siret3_r021_c012#0165","vineyard_id":"V01","row_id":"V01-R12","tile":"siret3_r021_c012","area_m2":0.2212},"geometry":{"type":"Polygon","coordinates":[[[28.7089657,47.1219349],[28.7089657,47.1219335],[28.7089759,47.1219241],[28.708975,47.1219253],[28.7089754,47.1219271],[28.7089728,47.1219291],[28.7089729,47.1219309],[28.7089709,47.1219312],[28.7089684,47.1219348],[28.7089657,47.1219349]]]}},{"type":"Feature","id":166,"properties":{"canopy_id":"siret3_r021_c012#0166","vineyard_id":"V01","row_id":"V01-R12","tile":"siret3_r021_c012","area_m2":0.239},"geometry":{"type":"Polygon","coordinates":[[[28.70898,47.1219263],[28.7089783,47.1219243],[28.7089785,47.1219232],[28.7089799,47.121923],[28.7089795,47.1219207],[28.7089817,47.1219189],[28.7089855,47.121924],[28.70898,47.1219263]]]}},{"type":"Feature","id":167,"properties":{"canopy_id":"siret3_r021_c012#0167","vineyard_id":"V01","row_id":"V01-R12","tile":"siret3_r021_c012","area_m2":0.5864},"geometry":{"type":"Polygon","coordinates":[[[28.7090005,47.1219076],[28.7089977,47.121904],[28.7089996,47.1219024],[28.7090007,47.121904],[28.7090043,47.1219035],[28.7090043,47.1219026],[28.7090023,47.1219019],[28.7090016,47.1219006],[28.7090031,47.121899],[28.7090084,47.1218978],[28.7090099,47.1218939],[28.7090119,47.1218937],[28.7090114,47.1218984],[28.7090088,47.1219014],[28.7090062,47.1219019],[28.7090076,47.1219036],[28.7090034,47.1219075],[28.7090005,47.1219076]]]}},{"type":"Feature","id":168,"properties":{"canopy_id":"siret3_r021_c012#0168","vineyard_id":"V01","row_id":"V01-R12","tile":"siret3_r021_c012","area_m2":0.3652},"geometry":{"type":"Polygon","coordinates":[[[28.7090165,47.1218952],[28.7090174,47.1218918],[28.7090135,47.1218916],[28.7090158,47.1218911],[28.7090167,47.1218898],[28.7090203,47.1218884],[28.7090215,47.1218841],[28.7090234,47.1218823],[28.7090254,47.121884],[28.7090249,47.1218874],[28.7090165,47.1218952]]]}},{"type":"Feature","id":169,"properties":{"canopy_id":"siret3_r021_c012#0169","vineyard_id":"V01","row_id":"V01-R12","tile":"siret3_r021_c012","area_m2":1.0361},"geometry":{"type":"Polygon","coordinates":[[[28.7090322,47.1218808],[28.7090318,47.1218767],[28.7090334,47.1218754],[28.7090336,47.121872],[28.7090368,47.1218706],[28.7090433,47.1218649],[28.7090442,47.1218628],[28.7090478,47.1218628],[28.7090494,47.1218618],[28.70905,47.1218585],[28.7090532,47.1218562],[28.7090581,47.1218559],[28.7090578,47.121857],[28.7090492,47.121865],[28.7090469,47.121865],[28.7090466,47.1218659],[28.7090443,47.1218669],[28.7090441,47.1218698],[28.7090322,47.1218808]]]}},{"type":"Feature","id":170,"properties":{"canopy_id":"siret3_r021_c012#0170","vineyard_id":"V01","row_id":"V01-R12","tile":"siret3_r021_c012","area_m2":0.4106},"geometry":{"type":"Polygon","coordinates":[[[28.7090607,47.121854],[28.7090593,47.1218513],[28.7090599,47.1218493],[28.7090641,47.1218477],[28.7090637,47.1218459],[28.7090663,47.1218449],[28.7090666,47.1218422],[28.7090685,47.1218415],[28.7090716,47.1218442],[28.7090664,47.1218481],[28.7090665,47.121849],[28.7090607,47.121854]]]}},{"type":"Feature","id":171,"properties":{"canopy_id":"siret3_r021_c012#0171","vineyard_id":"V01","row_id":"V01-R12","tile":"siret3_r021_c012","area_m2":0.5686},"geometry":{"type":"Polygon","coordinates":[[[28.7090862,47.1218258],[28.7090861,47.1218222],[28.7090889,47.1218192],[28.7090919,47.1218196],[28.7090945,47.1218178],[28.7090944,47.1218166],[28.7090928,47.1218155],[28.7091008,47.1218084],[28.7091011,47.1218093],[28.7091048,47.1218109],[28.7091048,47.1218117],[28.7091035,47.1218118],[28.709101,47.1218141],[28.7090993,47.1218127],[28.7090976,47.121813],[28.7090977,47.1218166],[28.7090961,47.1218173],[28.7090949,47.1218195],[28.7090953,47.121822],[28.7090937,47.1218232],[28.7090903,47.1218216],[28.7090884,47.1218219],[28.7090862,47.1218258]]]}},{"type":"Feature","id":172,"properties":{"canopy_id":"siret3_r021_c012#0172","vineyard_id":"V01","row_id":"V01-R12","tile":"siret3_r021_c012","area_m2":0.6072},"geometry":{"type":"Polygon","coordinates":[[[28.7091184,47.1217931],[28.7091184,47.1217918],[28.7091238,47.1217867],[28.7091264,47.1217856],[28.7091264,47.1217844],[28.7091293,47.1217828],[28.7091293,47.1217817],[28.7091331,47.1217785],[28.7091345,47.1217807],[28.7091342,47.1217821],[28.7091356,47.1217832],[28.7091297,47.1217862],[28.7091292,47.12179],[28.7091229,47.1217906],[28.7091204,47.1217926],[28.7091184,47.1217931]]]}},{"type":"Feature","id":173,"properties":{"canopy_id":"siret3_r021_c012#0173","vineyard_id":"V01","row_id":"V01-R12","tile":"siret3_r021_c012","area_m2":0.5508},"geometry":{"type":"Polygon","coordinates":[[[28.7091064,47.1218095],[28.709104,47.1218077],[28.7091043,47.121805],[28.7091082,47.1218023],[28.7091091,47.1218004],[28.7091174,47.1217927],[28.7091176,47.1217985],[28.709116,47.1217994],[28.7091127,47.1217995],[28.7091114,47.1218002],[28.7091122,47.1218035],[28.7091099,47.1218047],[28.7091084,47.1218088],[28.7091064,47.1218095]]]}},{"type":"Feature","id":174,"properties":{"canopy_id":"siret3_r021_c012#0174","vineyard_id":"V01","row_id":"V01-R12","tile":"siret3_r021_c012","area_m2":0.2112},"geometry":{"type":"Polygon","coordinates":[[[28.709144,47.1217693],[28.709143,47.1217689],[28.7091475,47.121765],[28.7091531,47.1217642],[28.7091531,47.1217654],[28.7091499,47.1217681],[28.709144,47.1217693]]]}},{"type":"Feature","id":175,"properties":{"canopy_id":"siret3_r021_c012#0175","vineyard_id":"V01","row_id":"V01-R12","tile":"siret3_r021_c012","area_m2":0.6414},"geometry":{"type":"Polygon","coordinates":[[[28.7091574,47.1217642],[28.709157,47.1217624],[28.7091534,47.1217636],[28.7091536,47.1217609],[28.7091559,47.1217586],[28.7091594,47.1217569],[28.709159,47.121754],[28.7091658,47.1217505],[28.7091659,47.1217532],[28.7091692,47.1217536],[28.709166,47.1217564],[28.7091627,47.1217564],[28.7091638,47.1217587],[28.7091606,47.1217616],[28.7091583,47.1217624],[28.7091574,47.1217642]]]}},{"type":"Feature","id":176,"properties":{"canopy_id":"siret3_r021_c012#0176","vineyard_id":"V01","row_id":"V01-R12","tile":"siret3_r021_c012","area_m2":1.0193},"geometry":{"type":"Polygon","coordinates":[[[28.7091743,47.1217488],[28.7091733,47.1217482],[28.7091736,47.1217464],[28.7091788,47.1217432],[28.7091787,47.121742],[28.7091747,47.1217403],[28.709179,47.1217398],[28.7091793,47.1217377],[28.7091834,47.1217334],[28.7091867,47.1217336],[28.709188,47.1217329],[28.7091886,47.1217304],[28.7091872,47.1217295],[28.7091882,47.1217291],[28.7091891,47.1217261],[28.7091914,47.1217256],[28.7091954,47.1217265],[28.7091967,47.1217256],[28.7091983,47.1217258],[28.709198,47.1217269],[28.7091919,47.1217317],[28.7091916,47.1217328],[28.7091743,47.1217488]]]}},{"type":"Feature","id":177,"properties":{"canopy_id":"siret3_r021_c012#0177","vineyard_id":"V01","row_id":"V01-R12","tile":"siret3_r021_c012","area_m2":1.6428},"geometry":{"type":"Polygon","coordinates":[[[28.7092008,47.1217217],[28.7092,47.1217179],[28.7092019,47.1217147],[28.7092084,47.1217119],[28.709208,47.1217096],[28.7092161,47.1217046],[28.7092147,47.1217026],[28.7092219,47.1216993],[28.7092255,47.1216988],[28.7092247,47.1216952],[28.7092279,47.1216925],[28.7092322,47.1216926],[28.7092329,47.121694],[28.709232,47.1216953],[28.7092236,47.1217031],[28.7092204,47.121705],[28.7092204,47.1217061],[28.7092067,47.1217189],[28.7092047,47.1217205],[28.7092008,47.1217217]]]}},{"type":"Feature","id":178,"properties":{"canopy_id":"siret3_r021_c012#0178","vineyard_id":"V01","row_id":"V01-R12","tile":"siret3_r021_c012","area_m2":0.2742},"geometry":{"type":"Polygon","coordinates":[[[28.7092347,47.1216899],[28.7092327,47.121687],[28.7092346,47.1216865],[28.7092378,47.1216833],[28.7092415,47.1216837],[28.7092428,47.1216846],[28.7092419,47.1216862],[28.7092347,47.1216899]]]}},{"type":"Feature","id":179,"properties":{"canopy_id":"siret3_r021_c012#0179","vineyard_id":"V01","row_id":"V01-R12","tile":"siret3_r021_c012","area_m2":1.7329},"geometry":{"type":"Polygon","coordinates":[[[28.709245,47.1216796],[28.7092413,47.121679],[28.7092416,47.1216774],[28.7092442,47.121676],[28.7092442,47.1216751],[28.7092477,47.1216722],[28.7092539,47.1216718],[28.7092536,47.1216705],[28.7092513,47.1216705],[28.7092528,47.1216678],[28.7092551,47.1216664],[28.7092574,47.1216664],[28.7092583,47.1216644],[28.7092606,47.1216636],[28.7092619,47.1216614],[28.7092611,47.1216594],[28.7092651,47.1216584],[28.7092643,47.1216564],[28.7092646,47.1216562],[28.7092702,47.1216561],[28.7092705,47.121654],[28.7092718,47.1216531],[28.7092718,47.1216518],[28.7092704,47.1216507],[28.7092739,47.1216475],[28.7092762,47.121647],[28.709277,47.1216499],[28.7092757,47.1216526],[28.7092771,47.1216528],[28.7092771,47.1216535],[28.7092665,47.1216624],[28.7092665,47.1216633],[28.7092639,47.1216634],[28.709262,47.1216647],[28.7092617,47.1216677],[28.7092585,47.1216695],[28.7092579,47.1216713],[28.709255,47.1216727],[28.7092547,47.1216741],[28.7092505,47.1216782],[28.709245,47.1216796]]]}},{"type":"Feature","id":180,"properties":{"canopy_id":"siret3_r021_c012#0180","vineyard_id":"V01","row_id":"V01-R12","tile":"siret3_r021_c012","area_m2":0.3118},"geometry":{"type":"Polygon","coordinates":[[[28.7092872,47.1216401],[28.7092872,47.1216387],[28.7092842,47.1216379],[28.7092919,47.1216308],[28.7092942,47.1216321],[28.7092929,47.1216339],[28.7092903,47.1216344],[28.7092903,47.1216353],[28.7092937,47.1216364],[28.7092914,47.1216371],[28.7092885,47.1216401],[28.7092872,47.1216401]]]}},{"type":"Feature","id":181,"properties":{"canopy_id":"siret3_r021_c012#0181","vineyard_id":"V01","row_id":"V01-R13","tile":"siret3_r021_c012","area_m2":0.4351},"geometry":{"type":"Polygon","coordinates":[[[28.7087703,47.1220809],[28.7087702,47.1220777],[28.7087689,47.1220771],[28.7087698,47.1220752],[28.7087721,47.1220732],[28.7087741,47.1220734],[28.708775,47.1220727],[28.7087753,47.1220702],[28.7087769,47.1220688],[28.7087782,47.122069],[28.7087789,47.1220697],[28.708777,47.1220718],[28.7087771,47.1220749],[28.7087788,47.1220758],[28.7087765,47.1220778],[28.7087723,47.122079],[28.7087713,47.1220808],[28.7087703,47.1220809]]]}},{"type":"Feature","id":182,"properties":{"canopy_id":"siret3_r021_c012#0182","vineyard_id":"V01","row_id":"V01-R13","tile":"siret3_r021_c012","area_m2":0.7664},"geometry":{"type":"Polygon","coordinates":[[[28.7087832,47.1220712],[28.7087825,47.1220683],[28.7087798,47.1220677],[28.7087804,47.1220656],[28.708782,47.122064],[28.7087843,47.1220636],[28.7087849,47.1220613],[28.7087894,47.1220583],[28.708791,47.1220556],[28.7087933,47.1220573],[28.708795,47.1220573],[28.7087955,47.1220546],[28.7087982,47.1220541],[28.7088005,47.1220557],[28.708795,47.1220591],[28.7087938,47.1220612],[28.708786,47.1220642],[28.708787,47.122066],[28.7087848,47.1220703],[28.7087832,47.1220712]]]}},{"type":"Feature","id":183,"properties":{"canopy_id":"siret3_r021_c012#0183","vineyard_id":"V01","row_id":"V01-R13","tile":"siret3_r021_c012","area_m2":0.8889},"geometry":{"type":"Polygon","coordinates":[[[28.7088098,47.1220467],[28.7088078,47.1220457],[28.7088081,47.1220441],[28.7088067,47.122043],[28.7088076,47.12204],[28.7088138,47.1220368],[28.7088134,47.1220348],[28.7088179,47.1220309],[28.7088195,47.1220306],[28.7088195,47.1220295],[28.7088207,47.1220286],[28.7088218,47.1220295],[28.7088212,47.1220311],[28.7088223,47.1220353],[28.7088175,47.1220397],[28.7088155,47.1220399],[28.7088146,47.1220422],[28.708813,47.1220429],[28.708813,47.122044],[28.7088114,47.1220443],[28.7088114,47.1220454],[28.7088098,47.1220467]]]}},{"type":"Feature","id":184,"properties":{"canopy_id":"siret3_r021_c012#0184","vineyard_id":"V01","row_id":"V01-R13","tile":"siret3_r021_c012","area_m2":0.4094},"geometry":{"type":"Polygon","coordinates":[[[28.7088034,47.1220529],[28.7087981,47.1220523],[28.7087993,47.1220478],[28.7088006,47.1220467],[28.7088032,47.1220466],[28.7088045,47.1220455],[28.7088059,47.1220473],[28.7088075,47.1220472],[28.7088078,47.1220459],[28.7088098,47.122047],[28.7088034,47.1220529]]]}},{"type":"Feature","id":185,"properties":{"canopy_id":"siret3_r021_c012#0185","vineyard_id":"V01","row_id":"V01-R13","tile":"siret3_r021_c012","area_m2":0.8076},"geometry":{"type":"Polygon","coordinates":[[[28.708836,47.1220223],[28.7088373,47.1220202],[28.7088333,47.1220192],[28.7088346,47.1220171],[28.7088342,47.1220153],[28.7088371,47.122013],[28.7088426,47.1220114],[28.7088418,47.1220083],[28.7088434,47.1220067],[28.7088457,47.1220062],[28.7088457,47.1220046],[28.7088479,47.1220032],[28.7088481,47.1220068],[28.7088494,47.1220081],[28.7088465,47.1220104],[28.7088437,47.1220154],[28.7088421,47.1220159],[28.7088418,47.1220172],[28.708836,47.1220223]]]}},{"type":"Feature","id":186,"properties":{"canopy_id":"siret3_r021_c012#0186","vineyard_id":"V01","row_id":"V01-R13","tile":"siret3_r021_c012","area_m2":0.2759},"geometry":{"type":"Polygon","coordinates":[[[28.7088724,47.1219857],[28.7088707,47.121984],[28.7088733,47.1219819],[28.7088732,47.121979],[28.7088761,47.1219769],[28.7088766,47.1219812],[28.7088783,47.1219832],[28.708876,47.1219852],[28.7088724,47.1219857]]]}},{"type":"Feature","id":187,"properties":{"canopy_id":"siret3_r021_c012#0187","vineyard_id":"V01","row_id":"V01-R13","tile":"siret3_r021_c012","area_m2":0.6899},"geometry":{"type":"Polygon","coordinates":[[[28.7089025,47.1219583],[28.7089005,47.1219561],[28.7089017,47.1219525],[28.7089056,47.1219495],[28.7089075,47.1219492],[28.7089101,47.1219476],[28.7089117,47.1219451],[28.7089173,47.1219448],[28.7089173,47.1219464],[28.7089164,47.1219471],[28.7089144,47.1219473],[28.7089105,47.1219494],[28.7089116,47.1219523],[28.7089074,47.1219562],[28.7089048,47.1219565],[28.7089045,47.1219576],[28.7089055,47.1219578],[28.7089025,47.1219583]]]}},{"type":"Feature","id":188,"properties":{"canopy_id":"siret3_r021_c012#0188","vineyard_id":"V01","row_id":"V01-R13","tile":"siret3_r021_c012","area_m2":0.6108},"geometry":{"type":"Polygon","coordinates":[[[28.7089179,47.1219443],[28.7089168,47.1219417],[28.7089191,47.1219407],[28.7089191,47.1219394],[28.708921,47.1219376],[28.7089206,47.1219358],[28.7089245,47.1219346],[28.7089231,47.1219326],[28.7089273,47.1219296],[28.7089279,47.1219282],[28.7089306,47.1219289],[28.7089304,47.1219331],[28.7089268,47.1219343],[28.708926,47.1219388],[28.7089208,47.1219418],[28.7089199,47.1219441],[28.7089179,47.1219443]]]}},{"type":"Feature","id":189,"properties":{"canopy_id":"siret3_r021_c012#0189","vineyard_id":"V01","row_id":"V01-R13","tile":"siret3_r021_c012","area_m2":0.3967},"geometry":{"type":"Polygon","coordinates":[[[28.7089355,47.1219272],[28.7089341,47.1219261],[28.7089361,47.121925],[28.708936,47.1219234],[28.708934,47.1219225],[28.7089356,47.1219209],[28.7089396,47.1219213],[28.7089415,47.1219199],[28.7089415,47.1219179],[28.7089427,47.1219168],[28.7089449,47.1219212],[28.7089401,47.1219256],[28.7089355,47.1219272]]]}},{"type":"Feature","id":190,"properties":{"canopy_id":"siret3_r021_c012#0190","vineyard_id":"V01","row_id":"V01-R13","tile":"siret3_r021_c012","area_m2":0.8679},"geometry":{"type":"Polygon","coordinates":[[[28.708949,47.1219171],[28.7089457,47.1219163],[28.7089423,47.1219147],[28.7089427,47.1219143],[28.7089439,47.1219131],[28.7089459,47.1219129],[28.7089459,47.1219113],[28.7089468,47.1219106],[28.7089527,47.1219087],[28.7089526,47.1219056],[28.7089539,47.1219053],[28.7089548,47.1219033],[28.7089591,47.1219026],[28.7089604,47.1219007],[28.7089617,47.121901],[28.7089614,47.1219023],[28.7089594,47.1219032],[28.7089602,47.121907],[28.708957,47.1219091],[28.708957,47.12191],[28.708949,47.1219171]]]}},{"type":"Feature","id":191,"properties":{"canopy_id":"siret3_r021_c012#0191","vineyard_id":"V01","row_id":"V01-R13","tile":"siret3_r021_c012","area_m2":0.2053},"geometry":{"type":"Polygon","coordinates":[[[28.7089669,47.1218993],[28.7089668,47.1218953],[28.7089648,47.1218944],[28.7089674,47.1218939],[28.7089683,47.1218923],[28.7089703,47.121892],[28.7089717,47.1218963],[28.7089669,47.1218993]]]}},{"type":"Feature","id":192,"properties":{"canopy_id":"siret3_r021_c012#0192","vineyard_id":"V01","row_id":"V01-R13","tile":"siret3_r021_c012","area_m2":0.4043},"geometry":{"type":"Polygon","coordinates":[[[28.7089785,47.1218899],[28.708977,47.1218863],[28.7089747,47.121887],[28.7089728,47.1218864],[28.7089766,47.1218827],[28.7089802,47.1218811],[28.7089842,47.1218835],[28.7089833,47.1218856],[28.7089785,47.1218899]]]}},{"type":"Feature","id":193,"properties":{"canopy_id":"siret3_r021_c012#0193","vineyard_id":"V01","row_id":"V01-R13","tile":"siret3_r021_c012","area_m2":0.3635},"geometry":{"type":"Polygon","coordinates":[[[28.7089834,47.1218804],[28.7089824,47.1218775],[28.7089913,47.121869],[28.708993,47.1218688],[28.7089933,47.1218699],[28.7089914,47.1218713],[28.7089898,47.1218744],[28.7089889,47.1218751],[28.7089862,47.1218752],[28.7089853,47.1218763],[28.7089857,47.1218776],[28.708988,47.1218774],[28.7089906,47.121878],[28.7089906,47.1218787],[28.7089874,47.1218803],[28.7089834,47.1218804]]]}},{"type":"Feature","id":194,"properties":{"canopy_id":"siret3_r021_c012#0194","vineyard_id":"V01","row_id":"V01-R13","tile":"siret3_r021_c012","area_m2":0.4802},"geometry":{"type":"Polygon","coordinates":[[[28.7090233,47.1218483],[28.7090213,47.1218474],[28.7090229,47.1218454],[28.7090228,47.1218442],[28.7090208,47.1218429],[28.7090211,47.1218416],[28.7090224,47.1218409],[28.7090267,47.1218415],[28.7090276,47.1218397],[28.7090253,47.1218393],[28.7090252,47.1218375],[28.7090268,47.1218361],[28.7090318,47.1218362],[28.7090293,47.1218394],[28.7090293,47.1218405],[28.7090306,47.1218414],[28.7090233,47.1218483]]]}},{"type":"Feature","id":195,"properties":{"canopy_id":"siret3_r021_c012#0195","vineyard_id":"V01","row_id":"V01-R13","tile":"siret3_r021_c012","area_m2":0.4854},"geometry":{"type":"Polygon","coordinates":[[[28.7090098,47.1218595],[28.7090084,47.1218586],[28.7090093,47.1218539],[28.7090106,47.1218532],[28.7090119,47.1218543],[28.7090136,47.1218541],[28.7090145,47.1218516],[28.709014,47.1218482],[28.7090157,47.121848],[28.709017,47.1218491],[28.7090187,47.121849],[28.7090209,47.1218474],[28.7090229,47.1218483],[28.7090191,47.1218522],[28.7090165,47.121854],[28.7090142,47.1218545],[28.709014,47.121857],[28.7090098,47.1218595]]]}},{"type":"Feature","id":196,"properties":{"canopy_id":"siret3_r021_c012#0196","vineyard_id":"V01","row_id":"V01-R13","tile":"siret3_r021_c012","area_m2":0.2017},"geometry":{"type":"Polygon","coordinates":[[[28.7090321,47.1218358],[28.7090324,47.1218338],[28.709034,47.1218333],[28.709034,47.1218322],[28.7090366,47.1218305],[28.7090368,47.1218287],[28.7090408,47.1218282],[28.7090411,47.1218289],[28.7090434,47.1218293],[28.7090422,47.1218307],[28.7090389,47.1218303],[28.7090372,47.1218314],[28.7090373,47.1218326],[28.7090347,47.1218339],[28.7090341,47.1218358],[28.7090321,47.1218358]]]}},{"type":"Feature","id":197,"properties":{"canopy_id":"siret3_r021_c012#0197","vineyard_id":"V01","row_id":"V01-R13","tile":"siret3_r021_c012","area_m2":0.5022},"geometry":{"type":"Polygon","coordinates":[[[28.7090459,47.1218234],[28.7090448,47.1218219],[28.7090455,47.1218203],[28.7090538,47.1218139],[28.7090547,47.1218111],[28.7090575,47.1218147],[28.7090594,47.1218147],[28.7090582,47.1218158],[28.7090552,47.1218161],[28.7090546,47.121819],[28.7090511,47.1218222],[28.7090488,47.1218223],[28.7090459,47.1218234]]]}},{"type":"Feature","id":198,"properties":{"canopy_id":"siret3_r021_c012#0198","vineyard_id":"V01","row_id":"V01-R13","tile":"siret3_r021_c012","area_m2":0.2361},"geometry":{"type":"Polygon","coordinates":[[[28.7090593,47.1218086],[28.7090585,47.1218066],[28.7090611,47.1218041],[28.7090656,47.121802],[28.7090676,47.1218026],[28.7090664,47.1218049],[28.7090644,47.1218063],[28.7090628,47.1218063],[28.7090615,47.1218083],[28.7090593,47.1218086]]]}},{"type":"Feature","id":199,"properties":{"canopy_id":"siret3_r021_c012#0199","vineyard_id":"V01","row_id":"V01-R13","tile":"siret3_r021_c012","area_m2":0.5635},"geometry":{"type":"Polygon","coordinates":[[[28.7090846,47.1217882],[28.7090843,47.1217869],[28.7090816,47.1217851],[28.7090851,47.1217819],[28.709088,47.1217816],[28.7090873,47.1217796],[28.7090886,47.1217785],[28.7090945,47.1217768],[28.7090952,47.1217777],[28.7090942,47.1217777],[28.7090929,47.1217793],[28.7090929,47.1217802],[28.7090949,47.1217809],[28.7090943,47.1217822],[28.7090914,47.1217847],[28.7090875,47.1217857],[28.7090869,47.1217875],[28.7090846,47.1217882]]]}},{"type":"Feature","id":200,"properties":{"canopy_id":"siret3_r021_c012#0200","vineyard_id":"V01","row_id":"V01-R13","tile":"siret3_r021_c012","area_m2":0.3127},"geometry":{"type":"Polygon","coordinates":[[[28.7090776,47.1217951],[28.7090779,47.1217928],[28.7090762,47.1217926],[28.7090746,47.1217935],[28.7090749,47.1217919],[28.7090778,47.1217908],[28.7090784,47.1217887],[28.7090843,47.1217882],[28.7090853,47.1217898],[28.7090847,47.1217911],[28.7090805,47.1217932],[28.7090799,47.1217948],[28.7090776,47.1217951]]]}},{"type":"Feature","id":201,"properties":{"canopy_id":"siret3_r021_c012#0201","vineyard_id":"V01","row_id":"V01-R13","tile":"siret3_r021_c012","area_m2":0.3401},"geometry":{"type":"Polygon","coordinates":[[[28.7090974,47.121775],[28.7090918,47.1217755],[28.7090957,47.1217721],[28.7090999,47.1217718],[28.7090999,47.1217704],[28.7090979,47.1217702],[28.7090982,47.1217696],[28.7090989,47.1217702],[28.7091041,47.1217688],[28.7091068,47.1217688],[28.7091074,47.1217694],[28.7091055,47.1217717],[28.7091039,47.1217713],[28.7091029,47.121772],[28.7091036,47.1217735],[28.7091013,47.1217731],[28.7090974,47.121775]]]}},{"type":"Feature","id":202,"properties":{"canopy_id":"siret3_r021_c012#0202","vineyard_id":"V01","row_id":"V01-R13","tile":"siret3_r021_c012","area_m2":0.7764},"geometry":{"type":"Polygon","coordinates":[[[28.7091123,47.1217655],[28.7091112,47.1217624],[28.7091092,47.1217622],[28.7091073,47.1217645],[28.7091065,47.1217618],[28.7091101,47.1217602],[28.709112,47.1217579],[28.7091153,47.1217574],[28.7091166,47.1217558],[28.7091161,47.1217529],[28.7091222,47.1217476],[28.7091259,47.1217475],[28.7091237,47.1217528],[28.7091214,47.1217519],[28.7091188,47.1217546],[28.7091196,47.1217587],[28.7091123,47.1217655]]]}},{"type":"Feature","id":203,"properties":{"canopy_id":"siret3_r021_c012#0203","vineyard_id":"V01","row_id":"V01-R13","tile":"siret3_r021_c012","area_m2":0.8521},"geometry":{"type":"Polygon","coordinates":[[[28.7091327,47.1217463],[28.7091307,47.1217439],[28.7091284,47.1217446],[28.7091257,47.1217439],[28.7091296,47.1217405],[28.7091338,47.1217393],[28.709136,47.1217364],[28.7091353,47.121735],[28.7091395,47.1217311],[28.7091395,47.121732],[28.7091412,47.1217327],[28.7091451,47.1217326],[28.7091459,47.1217342],[28.7091394,47.1217399],[28.7091375,47.1217404],[28.7091366,47.1217429],[28.7091327,47.1217463]]]}},{"type":"Feature","id":204,"properties":{"canopy_id":"siret3_r021_c012#0204","vineyard_id":"V01","row_id":"V01-R13","tile":"siret3_r021_c012","area_m2":0.4619},"geometry":{"type":"Polygon","coordinates":[[[28.7091548,47.1217246],[28.7091528,47.1217235],[28.7091537,47.1217224],[28.7091533,47.1217183],[28.7091552,47.1217165],[28.7091581,47.1217156],[28.7091611,47.121716],[28.7091621,47.1217164],[28.7091615,47.1217196],[28.7091564,47.1217244],[28.7091548,47.1217246]]]}},{"type":"Feature","id":205,"properties":{"canopy_id":"siret3_r021_c012#0205","vineyard_id":"V01","row_id":"V01-R13","tile":"siret3_r021_c012","area_m2":0.3147},"geometry":{"type":"Polygon","coordinates":[[[28.7091418,47.1217307],[28.7091414,47.1217293],[28.7091424,47.1217284],[28.7091447,47.1217281],[28.7091446,47.1217266],[28.7091481,47.1217234],[28.7091495,47.121724],[28.7091528,47.1217237],[28.7091545,47.1217246],[28.7091525,47.1217253],[28.7091522,47.1217274],[28.709149,47.1217285],[28.7091466,47.1217279],[28.7091438,47.1217302],[28.7091418,47.1217307]]]}},{"type":"Feature","id":206,"properties":{"canopy_id":"siret3_r021_c012#0206","vineyard_id":"V01","row_id":"V01-R13","tile":"siret3_r021_c012","area_m2":2.3923},"geometry":{"type":"Polygon","coordinates":[[[28.709167,47.1217139],[28.7091665,47.1217105],[28.7091694,47.1217086],[28.7091694,47.1217077],[28.7091654,47.1217074],[28.7091657,47.1217067],[28.7091696,47.1217032],[28.7091719,47.1217028],[28.7091718,47.121701],[28.7091737,47.1216994],[28.7091754,47.1216991],[28.7091757,47.1216975],[28.7091811,47.1216936],[28.7091817,47.1216918],[28.709185,47.1216904],[28.7091859,47.1216886],[28.7091879,47.1216881],[28.7091901,47.1216858],[28.7091901,47.121684],[28.709192,47.1216833],[28.7091949,47.1216801],[28.7091972,47.121679],[28.7091984,47.1216763],[28.7092016,47.1216733],[28.7092036,47.1216735],[28.7092055,47.1216719],[28.7092054,47.1216703],[28.709207,47.1216683],[28.7092089,47.1216664],[28.7092099,47.1216666],[28.7092103,47.1216684],[28.7092088,47.1216721],[28.7092111,47.1216734],[28.7092092,47.121675],[28.709206,47.1216759],[28.7092067,47.1216775],[28.7091996,47.1216841],[28.709197,47.1216839],[28.7091957,47.1216858],[28.7091924,47.1216858],[28.7091928,47.1216881],[28.7091919,47.1216896],[28.7091935,47.1216898],[28.7091919,47.1216901],[28.7091903,47.1216928],[28.7091897,47.121693],[28.7091886,47.1216913],[28.709187,47.1216913],[28.7091835,47.1216949],[28.7091799,47.1216963],[28.7091803,47.1216981],[28.7091816,47.1216986],[28.7091814,47.121701],[28.7091798,47.1217022],[28.7091765,47.1217022],[28.7091765,47.1217036],[28.7091785,47.1217038],[28.709167,47.1217139]]]}},{"type":"Feature","id":207,"properties":{"canopy_id":"siret3_r021_c012#0207","vineyard_id":"V01","row_id":"V01-R13","tile":"siret3_r021_c012","area_m2":0.2585},"geometry":{"type":"Polygon","coordinates":[[[28.7092162,47.1216679],[28.7092159,47.1216661],[28.7092165,47.1216648],[28.7092181,47.1216645],[28.7092181,47.1216632],[28.7092164,47.121663],[28.7092161,47.1216639],[28.7092148,47.1216639],[28.7092148,47.1216628],[28.7092167,47.1216616],[28.7092167,47.1216605],[28.7092199,47.1216598],[28.7092233,47.121662],[28.7092162,47.1216679]]]}},{"type":"Feature","id":208,"properties":{"canopy_id":"siret3_r021_c012#0208","vineyard_id":"V01","row_id":"V01-R13","tile":"siret3_r021_c012","area_m2":0.7393},"geometry":{"type":"Polygon","coordinates":[[[28.7092278,47.1216572],[28.7092228,47.1216568],[28.7092211,47.1216552],[28.7092288,47.1216486],[28.7092295,47.1216497],[28.7092328,47.1216494],[28.7092317,47.1216454],[28.7092342,47.1216429],[28.7092365,47.1216422],[28.7092386,47.1216442],[28.7092353,47.121646],[28.709235,47.1216474],[28.7092377,47.121648],[28.7092361,47.1216485],[28.7092361,47.1216501],[28.7092336,47.1216526],[28.7092322,47.1216526],[28.7092297,47.1216549],[28.709228,47.1216551],[28.7092278,47.1216572]]]}},{"type":"Feature","id":209,"properties":{"canopy_id":"siret3_r021_c012#0209","vineyard_id":"V01","row_id":"V01-R13","tile":"siret3_r021_c012","area_m2":0.8557},"geometry":{"type":"Polygon","coordinates":[[[28.7092511,47.1216341],[28.7092501,47.1216334],[28.7092499,47.1216285],[28.7092512,47.1216273],[28.7092532,47.1216275],[28.7092538,47.1216262],[28.7092554,47.1216257],[28.7092544,47.1216241],[28.7092563,47.1216223],[28.7092583,47.1216218],[28.7092586,47.1216203],[28.7092621,47.1216177],[28.7092641,47.1216186],[28.7092635,47.1216202],[28.7092648,47.1216208],[28.7092652,47.1216226],[28.7092611,47.121627],[28.7092562,47.1216277],[28.7092566,47.1216311],[28.7092534,47.1216341],[28.7092511,47.1216341]]]}},{"type":"Feature","id":210,"properties":{"canopy_id":"siret3_r021_c012#0210","vineyard_id":"V01","row_id":"V01-R13","tile":"siret3_r021_c012","area_m2":0.3445},"geometry":{"type":"Polygon","coordinates":[[[28.7092414,47.1216396],[28.709241,47.1216367],[28.7092429,47.1216351],[28.7092455,47.1216353],[28.7092494,47.1216337],[28.7092514,47.1216343],[28.7092515,47.1216359],[28.7092476,47.1216384],[28.7092467,47.12164],[28.7092414,47.1216396]]]}},{"type":"Feature","id":211,"properties":{"canopy_id":"siret3_r021_c012#0211","vineyard_id":"V01","row_id":"V01-R13","tile":"siret3_r021_c012","area_m2":0.2227},"geometry":{"type":"Polygon","coordinates":[[[28.7092693,47.1216176],[28.7092653,47.1216145],[28.7092659,47.1216129],[28.7092745,47.1216128],[28.7092742,47.1216142],[28.7092726,47.1216155],[28.7092709,47.1216158],[28.7092693,47.1216176]]]}},{"type":"Feature","id":212,"properties":{"canopy_id":"siret3_r021_c012#0212","vineyard_id":"V01","row_id":"V01-R14","tile":"siret3_r021_c012","area_m2":0.2017},"geometry":{"type":"Polygon","coordinates":[[[28.7087199,47.1220816],[28.708726,47.1220759],[28.7087293,47.1220756],[28.7087277,47.1220768],[28.7087262,47.1220815],[28.7087199,47.1220816]]]}},{"type":"Feature","id":213,"properties":{"canopy_id":"siret3_r021_c012#0213","vineyard_id":"V01","row_id":"V01-R14","tile":"siret3_r021_c012","area_m2":1.5164},"geometry":{"type":"Polygon","coordinates":[[[28.7087381,47.1220732],[28.7087345,47.1220731],[28.7087351,47.1220717],[28.708737,47.1220694],[28.7087406,47.1220678],[28.7087404,47.1220624],[28.7087446,47.1220601],[28.7087456,47.1220581],[28.7087472,47.1220578],[28.7087497,47.1220537],[28.7087555,47.1220482],[28.7087607,47.1220464],[28.7087617,47.1220477],[28.7087618,47.1220513],[28.7087599,47.1220531],[28.7087573,47.1220536],[28.7087573,47.1220556],[28.7087541,47.1220584],[28.7087518,47.1220589],[28.708749,47.1220634],[28.7087452,47.1220662],[28.708741,47.1220709],[28.7087381,47.1220732]]]}},{"type":"Feature","id":214,"properties":{"canopy_id":"siret3_r021_c012#0214","vineyard_id":"V01","row_id":"V01-R14","tile":"siret3_r021_c012","area_m2":0.4097},"geometry":{"type":"Polygon","coordinates":[[[28.7087649,47.1220452],[28.7087639,47.122045],[28.7087632,47.1220429],[28.7087638,47.1220405],[28.7087679,47.1220366],[28.708769,47.1220379],[28.7087746,47.1220389],[28.7087698,47.1220428],[28.7087649,47.1220452]]]}},{"type":"Feature","id":215,"properties":{"canopy_id":"siret3_r021_c012#0215","vineyard_id":"V01","row_id":"V01-R14","tile":"siret3_r021_c012","area_m2":0.6099},"geometry":{"type":"Polygon","coordinates":[[[28.7087849,47.1220298],[28.7087841,47.122028],[28.7087802,47.1220281],[28.7087791,47.1220263],[28.7087808,47.1220256],[28.7087811,47.1220242],[28.7087871,47.1220185],[28.7087891,47.1220174],[28.7087917,47.1220171],[28.7087924,47.1220184],[28.7087912,47.1220205],[28.7087885,47.1220207],[28.7087896,47.122023],[28.7087909,47.1220232],[28.7087906,47.1220243],[28.7087881,47.1220266],[28.7087848,47.122028],[28.7087849,47.1220298]]]}},{"type":"Feature","id":216,"properties":{"canopy_id":"siret3_r021_c012#0216","vineyard_id":"V01","row_id":"V01-R14","tile":"siret3_r021_c012","area_m2":0.3682},"geometry":{"type":"Polygon","coordinates":[[[28.7087758,47.1220358],[28.7087741,47.1220349],[28.7087744,47.1220333],[28.7087718,47.1220329],[28.7087743,47.1220306],[28.7087805,47.1220283],[28.7087826,47.1220319],[28.7087804,47.1220337],[28.7087784,47.1220342],[28.7087785,47.1220357],[28.7087758,47.1220358]]]}},{"type":"Feature","id":217,"properties":{"canopy_id":"siret3_r021_c012#0217","vineyard_id":"V01","row_id":"V01-R14","tile":"siret3_r021_c012","area_m2":0.5601},"geometry":{"type":"Polygon","coordinates":[[[28.7087976,47.1220159],[28.7087956,47.1220157],[28.7087952,47.1220141],[28.7087962,47.1220128],[28.7088014,47.1220118],[28.708802,47.1220079],[28.7088036,47.1220072],[28.7088039,47.1220054],[28.7088075,47.1220047],[28.7088071,47.1220025],[28.708809,47.1220015],[28.7088127,47.1220026],[28.7088133,47.1220031],[28.7088028,47.1220122],[28.7088012,47.1220145],[28.7087976,47.1220159]]]}},{"type":"Feature","id":218,"properties":{"canopy_id":"siret3_r021_c012#0218","vineyard_id":"V01","row_id":"V01-R14","tile":"siret3_r021_c012","area_m2":0.4456},"geometry":{"type":"Polygon","coordinates":[[[28.7088136,47.122001],[28.7088123,47.1220001],[28.7088099,47.1220002],[28.7088092,47.1219988],[28.7088147,47.1219929],[28.7088186,47.121994],[28.7088187,47.1219949],[28.7088207,47.121996],[28.7088165,47.1220001],[28.7088152,47.122001],[28.7088136,47.122001]]]}},{"type":"Feature","id":219,"properties":{"canopy_id":"siret3_r021_c012#0219","vineyard_id":"V01","row_id":"V01-R14","tile":"siret3_r021_c012","area_m2":0.448},"geometry":{"type":"Polygon","coordinates":[[[28.7088202,47.1219917],[28.7088198,47.1219879],[28.7088252,47.1219829],[28.7088275,47.1219833],[28.7088295,47.1219819],[28.7088305,47.1219834],[28.7088302,47.1219855],[28.7088283,47.1219866],[28.7088277,47.1219884],[28.7088241,47.1219892],[28.7088238,47.121991],[28.7088202,47.1219917]]]}},{"type":"Feature","id":220,"properties":{"canopy_id":"siret3_r021_c012#0220","vineyard_id":"V01","row_id":"V01-R14","tile":"siret3_r021_c012","area_m2":0.377},"geometry":{"type":"Polygon","coordinates":[[[28.7088443,47.1219702],[28.7088433,47.1219698],[28.7088425,47.1219666],[28.7088444,47.1219648],[28.708848,47.1219647],[28.708849,47.1219629],[28.7088506,47.1219625],[28.708852,47.1219636],[28.708852,47.1219663],[28.7088485,47.1219699],[28.7088459,47.121969],[28.7088443,47.1219702]]]}},{"type":"Feature","id":221,"properties":{"canopy_id":"siret3_r021_c012#0221","vineyard_id":"V01","row_id":"V01-R14","tile":"siret3_r021_c012","area_m2":0.916},"geometry":{"type":"Polygon","coordinates":[[[28.7088549,47.1219633],[28.7088529,47.121962],[28.7088525,47.1219588],[28.7088557,47.1219581],[28.708857,47.121957],[28.7088563,47.1219543],[28.7088579,47.1219536],[28.7088601,47.1219504],[28.7088621,47.1219515],[28.7088615,47.1219533],[28.7088638,47.1219539],[28.7088638,47.1219519],[28.7088666,47.1219469],[28.7088659,47.1219447],[28.7088681,47.1219431],[28.7088701,47.1219435],[28.7088724,47.1219428],[28.7088731,47.1219441],[28.7088708,47.1219453],[28.7088722,47.1219477],[28.7088665,47.1219532],[28.7088642,47.1219539],[28.7088633,47.1219562],[28.7088619,47.1219562],[28.7088616,47.1219571],[28.7088584,47.1219583],[28.7088584,47.1219605],[28.7088549,47.1219633]]]}},{"type":"Feature","id":222,"properties":{"canopy_id":"siret3_r021_c012#0222","vineyard_id":"V01","row_id":"V01-R14","tile":"siret3_r021_c012","area_m2":1.7402},"geometry":{"type":"Polygon","coordinates":[[[28.7088852,47.1219311],[28.7088845,47.1219298],[28.7088854,47.121928],[28.7088877,47.121927],[28.7088883,47.1219245],[28.7088896,47.1219243],[28.7088938,47.1219209],[28.7088937,47.1219186],[28.7088973,47.1219183],[28.7088979,47.1219154],[28.7089002,47.1219156],[28.7089014,47.1219135],[28.7089034,47.1219135],[28.7089034,47.1219115],[28.7089076,47.1219117],[28.7089092,47.1219074],[28.7089068,47.1219063],[28.7089081,47.121906],[28.708911,47.1219028],[28.708913,47.1219028],[28.7089151,47.1218987],[28.7089165,47.1218987],[28.7089194,47.1218966],[28.7089203,47.1218968],[28.7089214,47.1218984],[28.7089198,47.1218998],[28.7089205,47.1219022],[28.7089163,47.1219041],[28.7089164,47.1219064],[28.7089134,47.1219075],[28.7089132,47.1219093],[28.7089093,47.121913],[28.708907,47.1219135],[28.7089071,47.1219148],[28.7089054,47.1219151],[28.7089052,47.1219169],[28.7089016,47.1219194],[28.7088921,47.1219292],[28.7088908,47.1219299],[28.7088887,47.1219284],[28.7088874,47.1219284],[28.7088852,47.1219311]]]}},{"type":"Feature","id":223,"properties":{"canopy_id":"siret3_r021_c012#0223","vineyard_id":"V01","row_id":"V01-R14","tile":"siret3_r021_c012","area_m2":0.2747},"geometry":{"type":"Polygon","coordinates":[[[28.7089317,47.1218919],[28.7089291,47.1218913],[28.7089297,47.1218897],[28.708928,47.1218886],[28.7089279,47.1218864],[28.7089305,47.121885],[28.7089345,47.1218849],[28.7089352,47.1218858],[28.7089329,47.1218886],[28.7089333,47.1218903],[28.7089317,47.1218919]]]}},{"type":"Feature","id":224,"properties":{"canopy_id":"siret3_r021_c012#0224","vineyard_id":"V01","row_id":"V01-R14","tile":"siret3_r021_c012","area_m2":0.2837},"geometry":{"type":"Polygon","coordinates":[[[28.7089551,47.1218693],[28.7089537,47.1218673],[28.7089553,47.1218653],[28.7089535,47.1218624],[28.7089581,47.1218605],[28.7089598,47.1218616],[28.7089592,47.1218636],[28.7089605,47.1218645],[28.7089551,47.1218693]]]}},{"type":"Feature","id":225,"properties":{"canopy_id":"siret3_r021_c012#0225","vineyard_id":"V01","row_id":"V01-R14","tile":"siret3_r021_c012","area_m2":0.5122},"geometry":{"type":"Polygon","coordinates":[[[28.7089376,47.1218799],[28.7089372,47.1218784],[28.7089389,47.1218777],[28.7089404,47.1218747],[28.708943,47.1218727],[28.7089463,47.1218731],[28.7089475,47.121871],[28.7089504,47.1218689],[28.7089524,47.1218696],[28.7089541,47.1218691],[28.7089547,47.1218693],[28.7089538,47.1218696],[28.7089532,47.1218714],[28.7089499,47.1218732],[28.708948,47.1218766],[28.7089444,47.1218767],[28.7089428,47.1218783],[28.7089405,47.1218779],[28.7089389,47.1218799],[28.7089376,47.1218799]]]}},{"type":"Feature","id":226,"properties":{"canopy_id":"siret3_r021_c012#0226","vineyard_id":"V01","row_id":"V01-R14","tile":"siret3_r021_c012","area_m2":1.6699},"geometry":{"type":"Polygon","coordinates":[[[28.7089731,47.1218461],[28.7089724,47.1218448],[28.708973,47.1218441],[28.7089811,47.1218374],[28.7089836,47.1218343],[28.7089856,47.1218338],[28.7089881,47.1218317],[28.7089881,47.1218299],[28.70899,47.121829],[28.7089922,47.121826],[28.7089959,47.1218257],[28.7089955,47.1218242],[28.7089974,47.1218221],[28.7089994,47.121823],[28.709001,47.1218227],[28.7090006,47.121821],[28.7089983,47.1218205],[28.7089986,47.1218201],[28.7090012,47.1218185],[28.7090036,47.1218191],[28.7090042,47.1218178],[28.7090061,47.1218175],[28.7090095,47.1218183],[28.7090031,47.121825],[28.7090008,47.1218261],[28.708998,47.1218298],[28.708996,47.1218305],[28.7089951,47.1218325],[28.7089922,47.1218341],[28.7089919,47.1218355],[28.7089866,47.1218347],[28.7089857,47.1218374],[28.7089821,47.1218386],[28.7089819,47.1218415],[28.7089845,47.1218421],[28.7089839,47.121843],[28.7089794,47.121846],[28.7089731,47.1218461]]]}},{"type":"Feature","id":227,"properties":{"canopy_id":"siret3_r021_c012#0227","vineyard_id":"V01","row_id":"V01-R14","tile":"siret3_r021_c012","area_m2":0.6243},"geometry":{"type":"Polygon","coordinates":[[[28.7089627,47.12186],[28.7089607,47.1218587],[28.7089626,47.1218573],[28.7089612,47.1218553],[28.708967,47.1218498],[28.7089728,47.1218461],[28.7089741,47.1218477],[28.7089742,47.1218508],[28.7089726,47.1218517],[28.708972,47.121854],[28.7089695,47.1218563],[28.7089678,47.1218547],[28.7089648,47.1218548],[28.7089636,47.1218571],[28.7089663,47.1218593],[28.7089627,47.12186]]]}},{"type":"Feature","id":228,"properties":{"canopy_id":"siret3_r021_c012#0228","vineyard_id":"V01","row_id":"V01-R14","tile":"siret3_r021_c012","area_m2":0.3484},"geometry":{"type":"Polygon","coordinates":[[[28.7090077,47.1218136],[28.7090066,47.1218125],[28.7090108,47.1218089],[28.7090144,47.1218093],[28.7090166,47.1218059],[28.709019,47.1218063],[28.7090194,47.1218097],[28.7090159,47.1218129],[28.7090135,47.1218118],[28.7090099,47.1218118],[28.7090077,47.1218136]]]}},{"type":"Feature","id":229,"properties":{"canopy_id":"siret3_r021_c012#0229","vineyard_id":"V01","row_id":"V01-R14","tile":"siret3_r021_c012","area_m2":0.8157},"geometry":{"type":"Polygon","coordinates":[[[28.7090279,47.1217965],[28.7090262,47.1217956],[28.7090281,47.1217944],[28.7090278,47.1217929],[28.70903,47.1217906],[28.709031,47.1217899],[28.7090346,47.1217896],[28.7090352,47.1217876],[28.7090378,47.1217867],[28.7090377,47.1217855],[28.7090387,47.1217848],[28.709041,47.1217848],[28.70904,47.1217832],[28.7090452,47.1217805],[28.7090465,47.1217813],[28.7090466,47.1217827],[28.7090449,47.1217838],[28.7090453,47.1217852],[28.7090418,47.1217886],[28.7090376,47.1217898],[28.7090376,47.1217925],[28.7090367,47.1217934],[28.709036,47.1217939],[28.7090363,47.1217927],[28.7090343,47.1217926],[28.7090331,47.1217962],[28.7090279,47.1217965]]]}},{"type":"Feature","id":230,"properties":{"canopy_id":"siret3_r021_c012#0230","vineyard_id":"V01","row_id":"V01-R14","tile":"siret3_r021_c012","area_m2":0.5022},"geometry":{"type":"Polygon","coordinates":[[[28.7090226,47.1218062],[28.7090219,47.1218042],[28.7090159,47.1218039],[28.7090236,47.1217968],[28.7090262,47.1217958],[28.7090279,47.1217967],[28.7090249,47.1217967],[28.7090246,47.1217979],[28.7090293,47.1217985],[28.7090293,47.1217998],[28.7090226,47.1218062]]]}},{"type":"Feature","id":231,"properties":{"canopy_id":"siret3_r021_c012#0231","vineyard_id":"V01","row_id":"V01-R14","tile":"siret3_r021_c012","area_m2":1.688},"geometry":{"type":"Polygon","coordinates":[[[28.7090581,47.1217733],[28.7090557,47.1217713],[28.7090538,47.1217713],[28.7090509,47.1217727],[28.7090521,47.1217716],[28.7090518,47.1217702],[28.7090556,47.1217666],[28.7090579,47.1217668],[28.7090575,47.121765],[28.7090649,47.1217579],[28.7090678,47.1217567],[28.7090711,47.1217567],[28.7090753,47.1217535],[28.7090753,47.1217526],[28.7090733,47.1217522],[28.7090729,47.1217504],[28.7090787,47.1217467],[28.7090799,47.1217437],[28.7090841,47.1217398],[28.7090864,47.1217391],[28.7090867,47.12174],[28.7090845,47.1217441],[28.709081,47.1217462],[28.7090828,47.1217502],[28.7090798,47.1217518],[28.7090786,47.1217541],[28.7090763,47.1217546],[28.7090764,47.1217562],[28.7090735,47.1217589],[28.7090722,47.1217591],[28.7090716,47.1217607],[28.7090693,47.1217614],[28.7090683,47.121763],[28.7090663,47.1217626],[28.7090654,47.121764],[28.7090621,47.1217649],[28.7090632,47.1217672],[28.7090606,47.1217685],[28.7090613,47.1217703],[28.7090581,47.1217733]]]}},{"type":"Feature","id":232,"properties":{"canopy_id":"siret3_r021_c012#0232","vineyard_id":"V01","row_id":"V01-R14","tile":"siret3_r021_c012","area_m2":0.4407},"geometry":{"type":"Polygon","coordinates":[[[28.7090914,47.1217406],[28.7090883,47.1217382],[28.7090882,47.121736],[28.7090924,47.1217321],[28.7090976,47.1217313],[28.7090984,47.1217331],[28.7090958,47.1217343],[28.7090956,47.1217381],[28.7090914,47.1217406]]]}},{"type":"Feature","id":233,"properties":{"canopy_id":"siret3_r021_c012#0233","vineyard_id":"V01","row_id":"V01-R14","tile":"siret3_r021_c012","area_m2":0.2117},"geometry":{"type":"Polygon","coordinates":[[[28.7090986,47.1217304],[28.7090953,47.1217293],[28.7091017,47.1217234],[28.7091047,47.1217242],[28.7091053,47.1217247],[28.7091014,47.1217261],[28.7091009,47.121729],[28.7090986,47.1217304]]]}},{"type":"Feature","id":234,"properties":{"canopy_id":"siret3_r021_c012#0234","vineyard_id":"V01","row_id":"V01-R14","tile":"siret3_r021_c012","area_m2":0.8235},"geometry":{"type":"Polygon","coordinates":[[[28.7091197,47.1217089],[28.7091193,47.1217074],[28.7091255,47.1217057],[28.7091254,47.1217039],[28.7091277,47.1217025],[28.7091277,47.1217016],[28.709126,47.1217007],[28.7091298,47.1216971],[28.7091322,47.1216973],[28.7091334,47.1216964],[28.709133,47.1216941],[28.709135,47.1216939],[28.7091366,47.1216925],[28.7091439,47.1216922],[28.709141,47.1216956],[28.7091394,47.1216969],[28.7091377,47.121697],[28.7091368,47.1216983],[28.7091319,47.1216984],[28.7091319,47.1216993],[28.7091342,47.1217011],[28.7091329,47.1217013],[28.709133,47.1217029],[28.7091297,47.1217045],[28.7091282,47.1217066],[28.7091197,47.1217089]]]}},{"type":"Feature","id":235,"properties":{"canopy_id":"siret3_r021_c012#0235","vineyard_id":"V01","row_id":"V01-R14","tile":"siret3_r021_c012","area_m2":0.2668},"geometry":{"type":"Polygon","coordinates":[[[28.7091627,47.1216739],[28.70916,47.1216726],[28.7091583,47.1216706],[28.7091645,47.1216669],[28.7091668,47.1216677],[28.7091649,47.1216698],[28.7091659,47.121672],[28.7091627,47.1216739]]]}},{"type":"Feature","id":236,"properties":{"canopy_id":"siret3_r021_c012#0236","vineyard_id":"V01","row_id":"V01-R14","tile":"siret3_r021_c012","area_m2":0.7156},"geometry":{"type":"Polygon","coordinates":[[[28.7091697,47.1216657],[28.7091683,47.1216634],[28.7091692,47.1216612],[28.7091737,47.121658],[28.709174,47.1216562],[28.7091769,47.1216552],[28.7091759,47.1216539],[28.7091769,47.1216527],[28.7091836,47.1216484],[28.7091853,47.1216499],[28.709188,47.1216501],[28.7091848,47.1216544],[28.7091818,47.1216536],[28.7091796,47.1216543],[28.7091771,47.1216586],[28.7091754,47.1216593],[28.7091758,47.1216606],[28.7091732,47.1216622],[28.7091733,47.1216649],[28.7091697,47.1216657]]]}},{"type":"Feature","id":237,"properties":{"canopy_id":"siret3_r021_c012#0237","vineyard_id":"V01","row_id":"V01-R14","tile":"siret3_r021_c012","area_m2":0.79},"geometry":{"type":"Polygon","coordinates":[[[28.7091931,47.1216462],[28.7091908,47.1216449],[28.7091894,47.1216429],[28.709191,47.1216399],[28.7091966,47.1216396],[28.7091958,47.121636],[28.7091973,47.1216335],[28.7091996,47.1216319],[28.7092042,47.1216321],[28.7092046,47.121633],[28.7092072,47.1216334],[28.709204,47.1216361],[28.7092021,47.1216364],[28.7092021,47.1216382],[28.7091931,47.1216462]]]}},{"type":"Feature","id":238,"properties":{"canopy_id":"siret3_r021_c012#0238","vineyard_id":"V01","row_id":"V01-R14","tile":"siret3_r021_c012","area_m2":0.6638},"geometry":{"type":"Polygon","coordinates":[[[28.709206,47.1216271],[28.709206,47.1216255],[28.7092089,47.1216232],[28.7092108,47.1216228],[28.7092117,47.1216201],[28.7092157,47.1216195],[28.7092186,47.121617],[28.7092181,47.1216137],[28.709226,47.1216135],[28.7092248,47.1216154],[28.7092238,47.1216154],[28.7092234,47.1216145],[28.7092215,47.1216147],[28.7092215,47.1216156],[28.7092232,47.1216161],[28.7092215,47.1216165],[28.7092213,47.1216201],[28.7092181,47.1216215],[28.7092175,47.1216238],[28.7092142,47.1216232],[28.7092123,47.121627],[28.70921,47.1216264],[28.709206,47.1216271]]]}},{"type":"Feature","id":239,"properties":{"canopy_id":"siret3_r021_c012#0239","vineyard_id":"V01","row_id":"V01-R15","tile":"siret3_r021_c012","area_m2":0.4937},"geometry":{"type":"Polygon","coordinates":[[[28.7086877,47.1220742],[28.7086876,47.1220713],[28.7086906,47.1220712],[28.7086905,47.1220688],[28.7086943,47.1220644],[28.7086986,47.1220648],[28.7086993,47.1220641],[28.7087019,47.1220641],[28.7087026,47.1220652],[28.7086997,47.1220666],[28.7086991,47.1220689],[28.7086978,47.1220696],[28.7086961,47.1220694],[28.7086946,47.1220721],[28.7086903,47.1220715],[28.7086903,47.1220733],[28.7086877,47.1220742]]]}},{"type":"Feature","id":240,"properties":{"canopy_id":"siret3_r021_c012#0240","vineyard_id":"V01","row_id":"V01-R15","tile":"siret3_r021_c012","area_m2":0.6836},"geometry":{"type":"Polygon","coordinates":[[[28.7087128,47.1220556],[28.7087125,47.1220543],[28.7087098,47.1220532],[28.7087116,47.1220489],[28.7087152,47.1220482],[28.7087155,47.1220448],[28.7087204,47.1220438],[28.7087239,47.1220408],[28.7087259,47.122041],[28.7087266,47.122043],[28.7087244,47.1220444],[28.7087215,47.1220481],[28.7087208,47.1220472],[28.7087192,47.1220474],[28.7087177,47.1220517],[28.7087128,47.1220556]]]}},{"type":"Feature","id":241,"properties":{"canopy_id":"siret3_r021_c012#0241","vineyard_id":"V01","row_id":"V01-R15","tile":"siret3_r021_c012","area_m2":1.335},"geometry":{"type":"Polygon","coordinates":[[[28.7087352,47.1220337],[28.7087319,47.1220324],[28.7087308,47.1220311],[28.7087315,47.1220297],[28.7087347,47.1220267],[28.7087396,47.1220262],[28.7087395,47.1220235],[28.7087421,47.122023],[28.7087427,47.1220212],[28.7087457,47.12202],[28.7087443,47.1220183],[28.7087449,47.1220171],[28.7087475,47.1220151],[28.7087524,47.1220141],[28.708752,47.1220121],[28.7087532,47.1220093],[28.7087545,47.1220084],[28.7087611,47.1220079],[28.7087618,47.122009],[28.7087608,47.1220101],[28.7087572,47.1220113],[28.708755,47.1220145],[28.7087557,47.1220161],[28.7087544,47.1220165],[28.7087534,47.122015],[28.7087518,47.1220152],[28.7087515,47.1220179],[28.7087477,47.1220229],[28.7087471,47.1220236],[28.7087435,47.1220239],[28.708742,47.1220289],[28.7087381,47.1220325],[28.7087352,47.1220337]]]}},{"type":"Feature","id":242,"properties":{"canopy_id":"siret3_r021_c012#0242","vineyard_id":"V01","row_id":"V01-R15","tile":"siret3_r021_c012","area_m2":0.6904},"geometry":{"type":"Polygon","coordinates":[[[28.7087678,47.1220028],[28.7087662,47.1220024],[28.7087658,47.1220013],[28.7087625,47.1220007],[28.7087654,47.1219988],[28.7087687,47.121999],[28.7087699,47.1219965],[28.7087732,47.121996],[28.7087728,47.1219938],[28.7087711,47.1219927],[28.708775,47.121989],[28.7087789,47.1219887],[28.7087792,47.1219858],[28.7087815,47.1219855],[28.7087831,47.1219864],[28.7087835,47.1219864],[28.7087828,47.1219869],[28.7087825,47.1219873],[28.7087823,47.1219911],[28.7087797,47.1219928],[28.708779,47.1219907],[28.7087744,47.1219922],[28.708774,47.1219989],[28.7087714,47.1220012],[28.7087678,47.1220028]]]}},{"type":"Feature","id":243,"properties":{"canopy_id":"siret3_r021_c012#0243","vineyard_id":"V01","row_id":"V01-R15","tile":"siret3_r021_c012","area_m2":0.2461},"geometry":{"type":"Polygon","coordinates":[[[28.7087847,47.1219844],[28.7087804,47.121984],[28.7087852,47.1219796],[28.7087912,47.1219795],[28.708789,47.1219834],[28.708785,47.1219832],[28.7087847,47.1219844]]]}},{"type":"Feature","id":244,"properties":{"canopy_id":"siret3_r021_c012#0244","vineyard_id":"V01","row_id":"V01-R15","tile":"siret3_r021_c012","area_m2":0.3354},"geometry":{"type":"Polygon","coordinates":[[[28.708825,47.1219462],[28.708823,47.1219442],[28.7088281,47.1219396],[28.7088307,47.1219393],[28.7088314,47.1219405],[28.7088348,47.121942],[28.7088345,47.1219424],[28.7088315,47.1219427],[28.708829,47.1219455],[28.708825,47.1219462]]]}},{"type":"Feature","id":245,"properties":{"canopy_id":"siret3_r021_c012#0245","vineyard_id":"V01","row_id":"V01-R15","tile":"siret3_r021_c012","area_m2":1.1682},"geometry":{"type":"Polygon","coordinates":[[[28.7088052,47.1219658],[28.7088032,47.1219654],[28.7088041,47.1219618],[28.708807,47.1219593],[28.7088103,47.1219588],[28.7088105,47.1219558],[28.7088131,47.1219542],[28.7088172,47.1219495],[28.7088195,47.1219487],[28.7088221,47.1219462],[28.7088244,47.121946],[28.7088261,47.1219502],[28.7088239,47.1219523],[28.7088207,47.1219537],[28.7088207,47.1219552],[28.7088194,47.1219564],[28.708818,47.1219546],[28.7088161,47.1219549],[28.7088156,47.12196],[28.7088101,47.1219651],[28.7088091,47.1219642],[28.7088075,47.1219642],[28.7088052,47.1219658]]]}},{"type":"Feature","id":246,"properties":{"canopy_id":"siret3_r021_c012#0246","vineyard_id":"V01","row_id":"V01-R15","tile":"siret3_r021_c012","area_m2":0.2842},"geometry":{"type":"Polygon","coordinates":[[[28.7088539,47.1219221],[28.7088532,47.1219203],[28.7088505,47.1219184],[28.7088547,47.1219151],[28.7088584,47.1219173],[28.7088585,47.1219198],[28.7088562,47.1219221],[28.7088539,47.1219221]]]}},{"type":"Feature","id":247,"properties":{"canopy_id":"siret3_r021_c012#0247","vineyard_id":"V01","row_id":"V01-R15","tile":"siret3_r021_c012","area_m2":1.2446},"geometry":{"type":"Polygon","coordinates":[[[28.7088735,47.1219054],[28.7088725,47.1219048],[28.7088744,47.1219025],[28.7088743,47.1219009],[28.7088703,47.1218998],[28.7088716,47.1218987],[28.7088753,47.1218993],[28.7088756,47.1218982],[28.7088732,47.1218973],[28.7088742,47.1218962],[28.7088791,47.1218954],[28.7088846,47.1218927],[28.7088842,47.12189],[28.7088871,47.1218888],[28.7088871,47.1218874],[28.7088835,47.1218875],[28.7088886,47.1218829],[28.7088932,47.1218815],[28.708894,47.1218777],[28.708896,47.1218767],[28.7088973,47.1218769],[28.7088961,47.1218794],[28.7088961,47.121881],[28.7088974,47.1218814],[28.7088975,47.121883],[28.7088962,47.1218833],[28.7088965,47.1218844],[28.7088952,47.1218846],[28.7088953,47.1218855],[28.7088815,47.1218976],[28.7088767,47.1219029],[28.7088744,47.1219032],[28.7088735,47.1219054]]]}},{"type":"Feature","id":248,"properties":{"canopy_id":"siret3_r021_c012#0248","vineyard_id":"V01","row_id":"V01-R15","tile":"siret3_r021_c012","area_m2":0.3677},"geometry":{"type":"Polygon","coordinates":[[[28.7088648,47.1219125],[28.7088657,47.1219105],[28.7088637,47.1219089],[28.7088617,47.1219092],[28.7088615,47.1219117],[28.7088592,47.1219106],[28.7088598,47.1219097],[28.7088649,47.1219053],[28.7088709,47.1219061],[28.7088722,47.1219059],[28.7088725,47.121905],[28.7088725,47.1219068],[28.7088706,47.1219084],[28.7088686,47.1219082],[28.708869,47.12191],[28.7088665,47.1219125],[28.7088648,47.1219125]]]}},{"type":"Feature","id":249,"properties":{"canopy_id":"siret3_r021_c012#0249","vineyard_id":"V01","row_id":"V01-R15","tile":"siret3_r021_c012","area_m2":1.1492},"geometry":{"type":"Polygon","coordinates":[[[28.7089096,47.1218698],[28.7089094,47.1218646],[28.7089136,47.1218616],[28.7089139,47.1218596],[28.7089181,47.1218571],[28.7089201,47.121857],[28.7089207,47.1218557],[28.7089226,47.121855],[28.7089222,47.1218532],[28.7089241,47.1218502],[28.7089251,47.1218498],[28.7089268,47.1218509],[28.7089284,47.1218506],[28.708927,47.1218477],[28.708929,47.121847],[28.7089297,47.1218486],[28.708933,47.1218501],[28.7089327,47.1218505],[28.7089279,47.1218549],[28.7089259,47.1218547],[28.7089243,47.1218554],[28.7089253,47.1218574],[28.7089202,47.1218622],[28.7089179,47.1218629],[28.7089177,47.1218645],[28.7089151,47.1218659],[28.7089151,47.121867],[28.7089122,47.1218695],[28.7089096,47.1218698]]]}},{"type":"Feature","id":250,"properties":{"canopy_id":"siret3_r021_c012#0250","vineyard_id":"V01","row_id":"V01-R15","tile":"siret3_r021_c012","area_m2":0.8398},"geometry":{"type":"Polygon","coordinates":[[[28.7089402,47.1218387],[28.7089392,47.1218372],[28.7089395,47.1218351],[28.7089433,47.1218315],[28.7089462,47.1218303],[28.7089459,47.1218292],[28.7089475,47.1218276],[28.7089501,47.1218271],[28.7089513,47.1218251],[28.7089523,47.121825],[28.7089537,47.1218271],[28.7089554,47.1218273],[28.7089554,47.1218293],[28.7089525,47.1218302],[28.7089522,47.1218323],[28.7089487,47.1218355],[28.7089471,47.1218357],[28.7089452,47.1218387],[28.7089402,47.1218387]]]}},{"type":"Feature","id":251,"properties":{"canopy_id":"siret3_r021_c012#0251","vineyard_id":"V01","row_id":"V01-R15","tile":"siret3_r021_c012","area_m2":0.405},"geometry":{"type":"Polygon","coordinates":[[[28.7089372,47.121846],[28.7089319,47.1218454],[28.7089312,47.1218436],[28.7089343,47.1218399],[28.7089396,47.1218385],[28.7089413,47.121841],[28.708941,47.1218421],[28.7089372,47.121846]]]}},{"type":"Feature","id":252,"properties":{"canopy_id":"siret3_r021_c012#0252","vineyard_id":"V01","row_id":"V01-R15","tile":"siret3_r021_c012","area_m2":0.4668},"geometry":{"type":"Polygon","coordinates":[[[28.7089581,47.1218209],[28.7089574,47.1218191],[28.7089641,47.1218121],[28.7089657,47.1218116],[28.7089684,47.1218127],[28.7089673,47.1218181],[28.7089647,47.1218206],[28.7089624,47.1218191],[28.708961,47.1218191],[28.7089581,47.1218209]]]}},{"type":"Feature","id":253,"properties":{"canopy_id":"siret3_r021_c012#0253","vineyard_id":"V01","row_id":"V01-R15","tile":"siret3_r021_c012","area_m2":0.3486},"geometry":{"type":"Polygon","coordinates":[[[28.7089765,47.1218083],[28.7089755,47.1218065],[28.7089728,47.1218054],[28.7089728,47.1218045],[28.7089772,47.1217999],[28.7089802,47.1218001],[28.7089823,47.1218023],[28.7089823,47.1218041],[28.7089797,47.1218062],[28.708978,47.1218046],[28.7089767,47.1218047],[28.7089761,47.1218065],[28.7089778,47.1218082],[28.7089765,47.1218083]]]}},{"type":"Feature","id":254,"properties":{"canopy_id":"siret3_r021_c012#0254","vineyard_id":"V01","row_id":"V01-R15","tile":"siret3_r021_c012","area_m2":0.1907},"geometry":{"type":"Polygon","coordinates":[[[28.7089726,47.121811],[28.708969,47.1218109],[28.708968,47.1218102],[28.7089676,47.1218088],[28.7089702,47.1218063],[28.7089713,47.1218088],[28.7089755,47.1218078],[28.7089762,47.1218083],[28.7089759,47.1218101],[28.7089726,47.121811]]]}},{"type":"Feature","id":255,"properties":{"canopy_id":"siret3_r021_c012#0255","vineyard_id":"V01","row_id":"V01-R15","tile":"siret3_r021_c012","area_m2":1.2188},"geometry":{"type":"Polygon","coordinates":[[[28.708985,47.1217946],[28.7089843,47.1217933],[28.7089865,47.1217912],[28.7089888,47.1217912],[28.7089894,47.1217885],[28.708991,47.1217869],[28.7089966,47.1217857],[28.7089961,47.1217821],[28.7090012,47.1217773],[28.7090038,47.1217761],[28.7090067,47.1217723],[28.7090096,47.1217707],[28.7090095,47.1217695],[28.7090118,47.1217681],[28.7090125,47.1217693],[28.7090099,47.1217715],[28.70901,47.1217738],[28.7090051,47.1217761],[28.7090052,47.1217779],[28.7090039,47.1217786],[28.709006,47.121782],[28.709005,47.1217826],[28.7090027,47.1217825],[28.7090008,47.1217836],[28.7090008,47.1217845],[28.7090028,47.1217849],[28.7090009,47.1217868],[28.7090002,47.1217859],[28.7089985,47.1217861],[28.7089986,47.1217888],[28.7089964,47.1217909],[28.7089941,47.1217914],[28.7089929,47.1217938],[28.7089906,47.1217946],[28.708985,47.1217946]]]}},{"type":"Feature","id":256,"properties":{"canopy_id":"siret3_r021_c012#0256","vineyard_id":"V01","row_id":"V01-R15","tile":"siret3_r021_c012","area_m2":0.3501},"geometry":{"type":"Polygon","coordinates":[[[28.7090144,47.1217677],[28.7090137,47.1217656],[28.7090176,47.1217624],[28.7090264,47.1217607],[28.7090217,47.1217673],[28.7090207,47.1217676],[28.7090194,47.1217669],[28.709019,47.1217656],[28.7090173,47.1217654],[28.7090144,47.1217677]]]}},{"type":"Feature","id":257,"properties":{"canopy_id":"siret3_r021_c012#0257","vineyard_id":"V01","row_id":"V01-R15","tile":"siret3_r021_c012","area_m2":0.7729},"geometry":{"type":"Polygon","coordinates":[[[28.7090237,47.1217592],[28.7090237,47.1217576],[28.7090256,47.1217567],[28.7090252,47.1217549],[28.7090303,47.1217501],[28.7090352,47.1217484],[28.7090375,47.1217462],[28.7090391,47.1217464],[28.7090415,47.1217486],[28.7090357,47.1217536],[28.7090341,47.1217527],[28.7090324,47.121753],[28.7090325,47.121755],[28.7090338,47.1217557],[28.709031,47.1217586],[28.7090237,47.1217592]]]}},{"type":"Feature","id":258,"properties":{"canopy_id":"siret3_r021_c012#0258","vineyard_id":"V01","row_id":"V01-R15","tile":"siret3_r021_c012","area_m2":0.425},"geometry":{"type":"Polygon","coordinates":[[[28.7090873,47.1217054],[28.7090866,47.1217043],[28.7090823,47.1217043],[28.7090819,47.1217032],[28.7090838,47.1217018],[28.7090854,47.1216987],[28.7090886,47.1216973],[28.7090926,47.1216976],[28.7090933,47.1216999],[28.7090917,47.1217013],[28.7090894,47.1217017],[28.7090901,47.1217031],[28.7090873,47.1217054]]]}},{"type":"Feature","id":259,"properties":{"canopy_id":"siret3_r021_c012#0259","vineyard_id":"V01","row_id":"V01-R15","tile":"siret3_r021_c012","area_m2":2.0991},"geometry":{"type":"Polygon","coordinates":[[[28.7090387,47.1217446],[28.7090384,47.1217435],[28.7090396,47.1217414],[28.7090409,47.1217403],[28.7090429,47.12174],[28.7090428,47.1217387],[28.7090441,47.1217377],[28.709048,47.1217366],[28.709048,47.1217345],[28.7090505,47.1217325],[28.7090525,47.1217324],[28.7090528,47.1217306],[28.7090553,47.1217279],[28.7090599,47.1217272],[28.7090599,47.1217263],[28.7090579,47.1217256],[28.7090579,47.1217245],[28.7090633,47.1217192],[28.7090662,47.1217183],[28.7090673,47.1217192],[28.7090689,47.1217189],[28.7090688,47.1217144],[28.7090707,47.1217124],[28.7090716,47.1217117],[28.7090753,47.1217123],[28.7090765,47.1217107],[28.7090768,47.1217069],[28.7090784,47.1217066],[28.7090819,47.1217043],[28.7090817,47.1217061],[28.7090837,47.1217066],[28.7090847,47.1217081],[28.7090821,47.1217086],[28.7090805,47.12171],[28.7090799,47.1217127],[28.7090776,47.121712],[28.7090766,47.1217134],[28.709074,47.1217134],[28.7090748,47.1217175],[28.709071,47.1217211],[28.7090667,47.1217221],[28.7090681,47.1217239],[28.7090623,47.1217287],[28.7090597,47.1217287],[28.7090574,47.1217297],[28.7090575,47.1217321],[28.7090562,47.1217337],[28.7090546,47.1217347],[28.7090536,47.121734],[28.7090519,47.1217342],[28.709053,47.1217365],[28.7090524,47.1217381],[28.7090507,47.1217385],[28.7090508,47.1217399],[28.7090486,47.1217422],[28.7090473,47.1217431],[28.709043,47.1217423],[28.7090407,47.1217445],[28.7090387,47.1217446]]]}},{"type":"Feature","id":260,"properties":{"canopy_id":"siret3_r021_c012#0260","vineyard_id":"V01","row_id":"V01-R15","tile":"siret3_r021_c012","area_m2":0.9204},"geometry":{"type":"Polygon","coordinates":[[[28.7090949,47.1216969],[28.7090939,47.1216967],[28.7090938,47.1216952],[28.7090955,47.1216945],[28.7090953,47.1216895],[28.7090973,47.1216886],[28.7090976,47.1216872],[28.7091001,47.1216858],[28.709102,47.1216831],[28.7091047,47.1216826],[28.7091049,47.1216804],[28.7091078,47.1216776],[28.7091107,47.1216774],[28.7091118,47.121678],[28.7091076,47.1216817],[28.7091076,47.1216826],[28.70911,47.1216841],[28.709106,47.1216848],[28.7091061,47.1216862],[28.7091081,47.1216864],[28.709101,47.1216921],[28.7090991,47.1216949],[28.7090949,47.1216969]]]}},{"type":"Feature","id":261,"properties":{"canopy_id":"siret3_r021_c012#0261","vineyard_id":"V01","row_id":"V01-R15","tile":"siret3_r021_c012","area_m2":0.2246},"geometry":{"type":"Polygon","coordinates":[[[28.7091157,47.1216773],[28.7091146,47.1216737],[28.7091178,47.1216709],[28.7091198,47.1216711],[28.7091201,47.1216696],[28.7091217,47.1216691],[28.7091214,47.1216711],[28.7091234,47.121672],[28.7091221,47.1216731],[28.7091202,47.1216729],[28.7091157,47.1216773]]]}},{"type":"Feature","id":262,"properties":{"canopy_id":"siret3_r021_c012#0262","vineyard_id":"V01","row_id":"V01-R15","tile":"siret3_r021_c012","area_m2":0.4897},"geometry":{"type":"Polygon","coordinates":[[[28.709121,47.1216675],[28.7091203,47.121666],[28.7091228,47.1216637],[28.7091281,47.1216634],[28.7091277,47.121662],[28.7091251,47.1216616],[28.7091296,47.1216573],[28.7091315,47.1216563],[28.7091348,47.1216565],[28.7091355,47.1216579],[28.7091316,47.1216608],[28.7091317,47.1216633],[28.7091288,47.1216634],[28.7091259,47.1216666],[28.709121,47.1216675]]]}},{"type":"Feature","id":263,"properties":{"canopy_id":"siret3_r021_c012#0263","vineyard_id":"V01","row_id":"V01-R15","tile":"siret3_r021_c012","area_m2":1.3252},"geometry":{"type":"Polygon","coordinates":[[[28.7091387,47.1216558],[28.7091367,47.1216551],[28.7091347,47.1216525],[28.7091388,47.1216486],[28.7091412,47.121649],[28.7091434,47.1216478],[28.7091444,47.1216467],[28.7091436,47.1216447],[28.7091462,47.1216433],[28.7091472,47.1216408],[28.7091545,47.1216342],[28.7091568,47.1216346],[28.7091609,47.121637],[28.7091529,47.1216443],[28.7091493,47.1216451],[28.7091497,47.1216475],[28.7091481,47.1216489],[28.7091454,47.1216492],[28.7091446,47.1216523],[28.7091429,47.1216537],[28.709141,47.1216531],[28.7091407,47.1216551],[28.7091387,47.1216558]]]}},{"type":"Feature","id":264,"properties":{"canopy_id":"siret3_r021_c012#0264","vineyard_id":"V01","row_id":"V01-R15","tile":"siret3_r021_c012","area_m2":0.4143},"geometry":{"type":"Polygon","coordinates":[[[28.7091611,47.1216339],[28.7091591,47.1216328],[28.709159,47.1216312],[28.7091613,47.1216298],[28.7091612,47.1216278],[28.7091648,47.1216244],[28.7091674,47.1216257],[28.7091666,47.1216315],[28.709165,47.1216331],[28.7091611,47.1216339]]]}},{"type":"Feature","id":265,"properties":{"canopy_id":"siret3_r021_c012#0265","vineyard_id":"V01","row_id":"V01-R16","tile":"siret3_r021_c012","area_m2":0.3635},"geometry":{"type":"Polygon","coordinates":[[[28.7087064,47.1220204],[28.7087051,47.1220193],[28.7087021,47.1220198],[28.7087008,47.1220189],[28.7087031,47.1220175],[28.7087033,47.1220162],[28.7087069,47.1220127],[28.7087091,47.1220118],[28.7087105,47.1220122],[28.7087105,47.1220134],[28.7087089,47.1220147],[28.70871,47.1220176],[28.7087094,47.122019],[28.7087064,47.1220204]]]}},{"type":"Feature","id":266,"properties":{"canopy_id":"siret3_r021_c012#0266","vineyard_id":"V01","row_id":"V01-R16","tile":"siret3_r021_c012","area_m2":0.7449},"geometry":{"type":"Polygon","coordinates":[[[28.7087154,47.1220106],[28.7087121,47.1220111],[28.7087107,47.1220093],[28.7087184,47.122002],[28.7087222,47.121999],[28.7087268,47.1219978],[28.7087278,47.1219965],[28.708731,47.1219955],[28.7087324,47.1219962],[28.7087324,47.1219971],[28.7087288,47.1219989],[28.7087282,47.1220007],[28.7087259,47.1220003],[28.708723,47.1220019],[28.7087228,47.1220058],[28.7087205,47.1220074],[28.7087166,47.1220083],[28.7087154,47.1220106]]]}},{"type":"Feature","id":267,"properties":{"canopy_id":"siret3_r021_c012#0267","vineyard_id":"V01","row_id":"V01-R16","tile":"siret3_r021_c012","area_m2":0.6797},"geometry":{"type":"Polygon","coordinates":[[[28.7087377,47.1219875],[28.708737,47.121986],[28.7087412,47.121983],[28.7087408,47.1219812],[28.7087443,47.1219789],[28.7087449,47.1219771],[28.7087456,47.1219766],[28.7087492,47.1219772],[28.7087514,47.1219745],[28.7087541,47.1219745],[28.7087548,47.1219765],[28.7087539,47.1219778],[28.708751,47.1219804],[28.708748,47.1219804],[28.7087474,47.121982],[28.7087451,47.1219827],[28.7087439,47.1219861],[28.708742,47.1219875],[28.7087377,47.1219875]]]}},{"type":"Feature","id":268,"properties":{"canopy_id":"siret3_r021_c012#0268","vineyard_id":"V01","row_id":"V01-R16","tile":"siret3_r021_c012","area_m2":0.2939},"geometry":{"type":"Polygon","coordinates":[[[28.7087556,47.1219713],[28.7087523,47.1219702],[28.7087581,47.1219652],[28.7087594,47.1219652],[28.7087601,47.1219674],[28.7087621,47.121968],[28.7087628,47.1219694],[28.7087615,47.1219703],[28.7087556,47.1219713]]]}},{"type":"Feature","id":269,"properties":{"canopy_id":"siret3_r021_c012#0269","vineyard_id":"V01","row_id":"V01-R16","tile":"siret3_r021_c012","area_m2":0.2935},"geometry":{"type":"Polygon","coordinates":[[[28.708763,47.1219658],[28.7087613,47.1219642],[28.7087613,47.121962],[28.7087667,47.1219567],[28.708768,47.1219565],[28.7087694,47.1219583],[28.7087681,47.1219587],[28.7087681,47.1219603],[28.7087655,47.1219617],[28.708766,47.1219646],[28.708763,47.1219658]]]}},{"type":"Feature","id":270,"properties":{"canopy_id":"siret3_r021_c012#0270","vineyard_id":"V01","row_id":"V01-R16","tile":"siret3_r021_c012","area_m2":0.8232},"geometry":{"type":"Polygon","coordinates":[[[28.7087755,47.1219525],[28.7087741,47.1219517],[28.7087753,47.1219487],[28.7087776,47.1219467],[28.7087805,47.1219459],[28.7087811,47.1219432],[28.7087862,47.1219387],[28.7087882,47.1219393],[28.7087889,47.1219406],[28.7087935,47.1219406],[28.7087868,47.1219461],[28.7087859,47.1219479],[28.7087836,47.1219482],[28.7087823,47.1219511],[28.7087797,47.1219509],[28.7087755,47.1219525]]]}},{"type":"Feature","id":271,"properties":{"canopy_id":"siret3_r021_c012#0271","vineyard_id":"V01","row_id":"V01-R16","tile":"siret3_r021_c012","area_m2":0.4075},"geometry":{"type":"Polygon","coordinates":[[[28.7088038,47.1219305],[28.7087994,47.1219295],[28.7088004,47.1219279],[28.7087997,47.1219259],[28.7088052,47.1219251],[28.7088055,47.1219222],[28.7088124,47.121923],[28.7088086,47.1219264],[28.7088069,47.1219267],[28.7088054,47.1219296],[28.7088038,47.1219305]]]}},{"type":"Feature","id":272,"properties":{"canopy_id":"siret3_r021_c012#0272","vineyard_id":"V01","row_id":"V01-R16","tile":"siret3_r021_c012","area_m2":0.6887},"geometry":{"type":"Polygon","coordinates":[[[28.708813,47.1219214],[28.708811,47.1219201],[28.7088129,47.121918],[28.7088135,47.1219151],[28.7088154,47.1219139],[28.708815,47.1219115],[28.7088189,47.1219103],[28.7088218,47.1219084],[28.7088235,47.1219084],[28.7088254,47.1219064],[28.7088277,47.1219063],[28.708829,47.1219045],[28.7088313,47.1219045],[28.7088319,47.1219031],[28.7088308,47.1219011],[28.7088351,47.1219017],[28.7088217,47.1219143],[28.7088181,47.1219146],[28.7088158,47.121916],[28.7088133,47.1219194],[28.708813,47.1219214]]]}},{"type":"Feature","id":273,"properties":{"canopy_id":"siret3_r021_c012#0273","vineyard_id":"V01","row_id":"V01-R16","tile":"siret3_r021_c012","area_m2":0.2991},"geometry":{"type":"Polygon","coordinates":[[[28.7088486,47.1218891],[28.7088441,47.1218928],[28.7088454,47.1218914],[28.7088443,47.1218888],[28.7088452,47.1218878],[28.7088482,47.1218876],[28.7088471,47.1218849],[28.7088494,47.1218835],[28.7088489,47.1218799],[28.7088499,47.1218797],[28.708852,47.1218812],[28.70885,47.1218828],[28.7088504,47.1218844],[28.7088524,47.1218844],[28.7088543,47.1218832],[28.7088546,47.1218821],[28.7088575,47.1218807],[28.7088505,47.1218873],[28.7088485,47.1218876],[28.7088486,47.1218891]]]}},{"type":"Feature","id":274,"properties":{"canopy_id":"siret3_r021_c012#0274","vineyard_id":"V01","row_id":"V01-R16","tile":"siret3_r021_c012","area_m2":0.3435},"geometry":{"type":"Polygon","coordinates":[[[28.7088836,47.121851],[28.7088829,47.121849],[28.7088848,47.1218465],[28.7088894,47.1218458],[28.7088913,47.1218435],[28.7088949,47.1218437],[28.7088956,47.121845],[28.7088914,47.1218478],[28.7088915,47.1218489],[28.7088892,47.121851],[28.7088881,47.1218474],[28.7088865,47.1218476],[28.7088865,47.1218492],[28.7088849,47.121851],[28.7088836,47.121851]]]}},{"type":"Feature","id":275,"properties":{"canopy_id":"siret3_r021_c012#0275","vineyard_id":"V01","row_id":"V01-R16","tile":"siret3_r021_c012","area_m2":0.6123},"geometry":{"type":"Polygon","coordinates":[[[28.7088958,47.1218407],[28.7088944,47.1218394],[28.7088976,47.1218355],[28.7089005,47.1218337],[28.7089045,47.121833],[28.708903,47.1218296],[28.7089063,47.1218287],[28.7089079,47.1218271],[28.7089093,47.1218282],[28.7089145,47.1218274],[28.7089097,47.1218318],[28.7089087,47.1218311],[28.7089064,47.1218316],[28.7089071,47.1218331],[28.7089038,47.1218343],[28.7089036,47.1218359],[28.7089016,47.1218373],[28.7089017,47.1218382],[28.7089027,47.1218384],[28.7089013,47.1218386],[28.7089011,47.12184],[28.7088991,47.1218396],[28.7088978,47.1218407],[28.7088958,47.1218407]]]}},{"type":"Feature","id":276,"properties":{"canopy_id":"siret3_r021_c012#0276","vineyard_id":"V01","row_id":"V01-R16","tile":"siret3_r021_c012","area_m2":1.3052},"geometry":{"type":"Polygon","coordinates":[[[28.7089121,47.121825],[28.7089095,47.1218241],[28.7089097,47.1218228],[28.708913,47.1218214],[28.7089126,47.12182],[28.7089191,47.1218152],[28.7089193,47.1218138],[28.7089232,47.1218102],[28.7089271,47.1218081],[28.708927,47.1218065],[28.7089283,47.1218054],[28.7089306,47.1218054],[28.7089312,47.1218026],[28.7089325,47.1218015],[28.7089331,47.1218024],[28.7089348,47.1218021],[28.7089353,47.1217988],[28.7089402,47.1217978],[28.7089433,47.1218004],[28.7089379,47.1218055],[28.7089359,47.1218059],[28.7089356,47.1218071],[28.7089343,47.1218071],[28.7089326,47.1218058],[28.7089306,47.121806],[28.7089288,47.1218108],[28.7089256,47.1218133],[28.708923,47.1218138],[28.7089224,47.1218174],[28.7089189,47.1218192],[28.7089173,47.1218213],[28.7089173,47.1218222],[28.7089176,47.1218224],[28.708919,47.1218224],[28.7089193,47.1218228],[28.7089187,47.1218233],[28.7089173,47.1218229],[28.708917,47.1218218],[28.7089156,47.1218218],[28.7089138,47.1218247],[28.7089121,47.121825]]]}},{"type":"Feature","id":277,"properties":{"canopy_id":"siret3_r021_c012#0277","vineyard_id":"V01","row_id":"V01-R16","tile":"siret3_r021_c012","area_m2":0.241},"geometry":{"type":"Polygon","coordinates":[[[28.7089439,47.1217991],[28.7089428,47.1217955],[28.7089411,47.1217937],[28.7089434,47.1217923],[28.7089444,47.1217928],[28.7089448,47.1217948],[28.7089464,47.121795],[28.7089474,47.1217941],[28.7089473,47.1217916],[28.7089486,47.1217909],[28.7089503,47.1217916],[28.7089506,47.1217929],[28.7089439,47.1217991]]]}},{"type":"Feature","id":278,"properties":{"canopy_id":"siret3_r021_c012#0278","vineyard_id":"V01","row_id":"V01-R16","tile":"siret3_r021_c012","area_m2":0.6658},"geometry":{"type":"Polygon","coordinates":[[[28.708957,47.1217872],[28.7089563,47.1217858],[28.708954,47.1217852],[28.708952,47.1217832],[28.7089549,47.1217807],[28.7089578,47.1217802],[28.708961,47.121777],[28.708964,47.1217763],[28.7089649,47.1217736],[28.7089688,47.1217742],[28.7089695,47.1217757],[28.7089657,47.1217792],[28.7089621,47.1217799],[28.7089619,47.1217828],[28.708957,47.1217872]]]}},{"type":"Feature","id":279,"properties":{"canopy_id":"siret3_r021_c012#0279","vineyard_id":"V01","row_id":"V01-R16","tile":"siret3_r021_c012","area_m2":0.3567},"geometry":{"type":"Polygon","coordinates":[[[28.7089807,47.1217643],[28.7089797,47.1217632],[28.7089764,47.1217626],[28.7089763,47.121761],[28.7089783,47.1217599],[28.7089795,47.1217574],[28.7089835,47.1217575],[28.7089865,47.1217595],[28.7089833,47.1217629],[28.7089807,47.1217643]]]}},{"type":"Feature","id":280,"properties":{"canopy_id":"siret3_r021_c012#0280","vineyard_id":"V01","row_id":"V01-R16","tile":"siret3_r021_c012","area_m2":0.2783},"geometry":{"type":"Polygon","coordinates":[[[28.7089961,47.1217497],[28.7089957,47.1217477],[28.7089975,47.1217445],[28.7090028,47.1217435],[28.709004,47.1217395],[28.7090063,47.121739],[28.709006,47.1217417],[28.7089977,47.1217495],[28.7089961,47.1217497]]]}},{"type":"Feature","id":281,"properties":{"canopy_id":"siret3_r021_c012#0281","vineyard_id":"V01","row_id":"V01-R16","tile":"siret3_r021_c012","area_m2":0.7756},"geometry":{"type":"Polygon","coordinates":[[[28.7090108,47.1217369],[28.7090107,47.1217335],[28.7090077,47.1217331],[28.7090077,47.121732],[28.7090102,47.1217292],[28.7090161,47.1217271],[28.709016,47.1217233],[28.7090195,47.1217203],[28.7090205,47.1217217],[28.7090225,47.1217219],[28.7090235,47.121723],[28.7090233,47.1217255],[28.7090204,47.1217282],[28.7090184,47.1217284],[28.7090182,47.1217303],[28.7090153,47.121733],[28.709014,47.1217332],[28.7090108,47.1217369]]]}},{"type":"Feature","id":282,"properties":{"canopy_id":"siret3_r021_c012#0282","vineyard_id":"V01","row_id":"V01-R16","tile":"siret3_r021_c012","area_m2":0.3721},"geometry":{"type":"Polygon","coordinates":[[[28.7090415,47.1217079],[28.7090388,47.1217063],[28.7090372,47.1217068],[28.7090359,47.1217061],[28.7090368,47.1217059],[28.7090361,47.1217043],[28.7090409,47.1217002],[28.7090429,47.1216997],[28.7090449,47.1217011],[28.709045,47.1217035],[28.7090415,47.1217079]]]}},{"type":"Feature","id":283,"properties":{"canopy_id":"siret3_r021_c012#0283","vineyard_id":"V01","row_id":"V01-R16","tile":"siret3_r021_c012","area_m2":0.8684},"geometry":{"type":"Polygon","coordinates":[[[28.7090284,47.1217204],[28.7090241,47.1217196],[28.7090224,47.1217176],[28.7090249,47.1217149],[28.7090272,47.1217139],[28.7090272,47.1217128],[28.7090333,47.1217071],[28.7090355,47.1217061],[28.7090372,47.121707],[28.7090369,47.1217086],[28.709039,47.1217108],[28.7090345,47.1217149],[28.7090316,47.1217159],[28.7090313,47.1217179],[28.7090284,47.1217204]]]}},{"type":"Feature","id":284,"properties":{"canopy_id":"siret3_r021_c012#0284","vineyard_id":"V01","row_id":"V01-R16","tile":"siret3_r021_c012","area_m2":0.2964},"geometry":{"type":"Polygon","coordinates":[[[28.7090482,47.1216999],[28.7090458,47.1216986],[28.7090445,47.1216966],[28.709048,47.1216934],[28.7090519,47.1216933],[28.7090533,47.1216958],[28.7090494,47.1216978],[28.7090495,47.1216987],[28.7090515,47.1216989],[28.7090511,47.1216994],[28.7090482,47.1216999]]]}},{"type":"Feature","id":285,"properties":{"canopy_id":"siret3_r021_c012#0285","vineyard_id":"V01","row_id":"V01-R16","tile":"siret3_r021_c012","area_m2":0.2815},"geometry":{"type":"Polygon","coordinates":[[[28.7090569,47.121693],[28.7090542,47.1216915],[28.7090502,47.1216913],[28.7090519,47.1216913],[28.7090535,47.1216895],[28.7090603,47.121688],[28.7090606,47.1216855],[28.7090636,47.1216862],[28.7090636,47.1216877],[28.7090569,47.121693]]]}},{"type":"Feature","id":286,"properties":{"canopy_id":"siret3_r021_c012#0286","vineyard_id":"V01","row_id":"V01-R16","tile":"siret3_r021_c012","area_m2":0.4272},"geometry":{"type":"Polygon","coordinates":[[[28.7090757,47.1216736],[28.7090747,47.1216727],[28.7090714,47.1216725],[28.7090713,47.1216714],[28.7090742,47.1216687],[28.7090758,47.1216682],[28.7090781,47.1216659],[28.7090876,47.1216651],[28.7090818,47.1216686],[28.7090805,47.1216686],[28.7090785,47.12167],[28.709078,47.1216731],[28.7090757,47.1216736]]]}},{"type":"Feature","id":287,"properties":{"canopy_id":"siret3_r021_c012#0287","vineyard_id":"V01","row_id":"V01-R16","tile":"siret3_r021_c012","area_m2":0.5073},"geometry":{"type":"Polygon","coordinates":[[[28.7090849,47.1216629],[28.7090825,47.1216609],[28.7090896,47.1216543],[28.7090912,47.1216529],[28.7090932,47.1216535],[28.7090958,47.1216528],[28.7090958,47.121654],[28.7090935,47.1216544],[28.7090936,47.1216558],[28.7090956,47.1216571],[28.7090943,47.1216589],[28.7090934,47.1216596],[28.7090914,47.1216594],[28.7090901,47.121661],[28.7090868,47.1216608],[28.7090849,47.1216629]]]}},{"type":"Feature","id":288,"properties":{"canopy_id":"siret3_r021_c012#0288","vineyard_id":"V01","row_id":"V01-R16","tile":"siret3_r021_c012","area_m2":1.3157},"geometry":{"type":"Polygon","coordinates":[[[28.7090999,47.121646],[28.7091011,47.1216442],[28.7091028,47.1216442],[28.7091057,47.1216421],[28.709105,47.1216408],[28.7091069,47.1216396],[28.7091072,47.1216378],[28.7091111,47.1216378],[28.7091114,47.1216364],[28.7091147,47.1216352],[28.7091146,47.1216341],[28.7091127,47.1216339],[28.7091123,47.121633],[28.7091235,47.1216236],[28.7091257,47.1216204],[28.7091274,47.12162],[28.7091277,47.1216186],[28.7091312,47.121615],[28.7091328,47.1216149],[28.7091319,47.1216172],[28.7091277,47.1216191],[28.7091277,47.1216202],[28.7091304,47.1216217],[28.7091288,47.1216222],[28.7091268,47.1216242],[28.7091269,47.1216256],[28.7091282,47.121626],[28.7091253,47.121627],[28.7091247,47.121629],[28.7091208,47.1216297],[28.7091218,47.1216326],[28.7091202,47.1216336],[28.7091203,47.1216347],[28.7091183,47.1216363],[28.709117,47.1216363],[28.7091164,47.1216374],[28.7091141,47.1216375],[28.7091132,47.1216397],[28.7091085,47.1216396],[28.7091089,47.1216407],[28.7091126,47.1216418],[28.7091103,47.1216438],[28.7091074,47.1216452],[28.7091038,47.1216451],[28.7090999,47.121646]]]}},{"type":"Feature","id":289,"properties":{"canopy_id":"siret3_r021_c012#0289","vineyard_id":"V01","row_id":"V01-R17","tile":"siret3_r021_c012","area_m2":0.7822},"geometry":{"type":"Polygon","coordinates":[[[28.7086912,47.1219885],[28.7086906,47.1219873],[28.7086921,47.1219853],[28.7086937,47.1219839],[28.7086973,47.1219832],[28.7086986,47.1219816],[28.7087006,47.1219809],[28.7087024,47.1219766],[28.708706,47.1219747],[28.7087056,47.1219727],[28.7087078,47.1219716],[28.7087104,47.1219681],[28.7087117,47.1219679],[28.7087125,47.1219728],[28.7087142,47.1219735],[28.7087122,47.1219751],[28.7087076,47.1219749],[28.7087051,47.1219772],[28.7087048,47.1219786],[28.7087035,47.1219793],[28.7087052,47.1219819],[28.7087036,47.1219835],[28.708702,47.1219833],[28.7087004,47.1219856],[28.7086958,47.1219859],[28.7086912,47.1219885]]]}},{"type":"Feature","id":290,"properties":{"canopy_id":"siret3_r021_c012#0290","vineyard_id":"V01","row_id":"V01-R17","tile":"siret3_r021_c012","area_m2":0.3442},"geometry":{"type":"Polygon","coordinates":[[[28.7087126,47.1219672],[28.7087136,47.1219652],[28.7087219,47.1219574],[28.7087245,47.1219567],[28.7087246,47.1219589],[28.708722,47.1219599],[28.7087223,47.1219612],[28.7087204,47.1219626],[28.7087208,47.1219644],[28.7087172,47.1219656],[28.7087169,47.1219665],[28.7087126,47.1219672]]]}},{"type":"Feature","id":291,"properties":{"canopy_id":"siret3_r021_c012#0291","vineyard_id":"V01","row_id":"V01-R17","tile":"siret3_r021_c012","area_m2":0.2058},"geometry":{"type":"Polygon","coordinates":[[[28.7087265,47.1219564],[28.7087252,47.1219562],[28.7087248,47.1219547],[28.7087337,47.1219464],[28.7087312,47.1219498],[28.7087326,47.1219532],[28.7087284,47.1219542],[28.7087265,47.1219564]]]}},{"type":"Feature","id":292,"properties":{"canopy_id":"siret3_r021_c012#0292","vineyard_id":"V01","row_id":"V01-R17","tile":"siret3_r021_c012","area_m2":0.5847},"geometry":{"type":"Polygon","coordinates":[[[28.7087644,47.1219246],[28.7087627,47.1219239],[28.7087597,47.1219244],[28.7087581,47.1219236],[28.7087638,47.1219181],[28.7087661,47.121918],[28.708767,47.1219151],[28.7087693,47.1219133],[28.7087732,47.1219137],[28.7087746,47.121915],[28.7087733,47.1219168],[28.7087708,47.1219186],[28.7087662,47.1219192],[28.708767,47.1219237],[28.7087644,47.1219246]]]}},{"type":"Feature","id":293,"properties":{"canopy_id":"siret3_r021_c012#0293","vineyard_id":"V01","row_id":"V01-R17","tile":"siret3_r021_c012","area_m2":0.4526},"geometry":{"type":"Polygon","coordinates":[[[28.7087561,47.121933],[28.708753,47.1219317],[28.7087497,47.1219313],[28.7087517,47.1219295],[28.7087549,47.1219288],[28.7087545,47.1219268],[28.7087581,47.1219238],[28.7087601,47.1219247],[28.7087581,47.1219256],[28.7087581,47.1219265],[28.7087611,47.1219267],[28.7087631,47.1219278],[28.7087593,47.1219314],[28.7087561,47.121933]]]}},{"type":"Feature","id":294,"properties":{"canopy_id":"siret3_r021_c012#0294","vineyard_id":"V01","row_id":"V01-R17","tile":"siret3_r021_c012","area_m2":0.2261},"geometry":{"type":"Polygon","coordinates":[[[28.7087804,47.1219115],[28.7087804,47.1219104],[28.7087777,47.1219095],[28.708781,47.1219079],[28.7087815,47.1219059],[28.7087799,47.1219043],[28.7087785,47.1219044],[28.7087792,47.1219037],[28.7087802,47.1219046],[28.7087835,47.1219038],[28.7087861,47.1219051],[28.7087862,47.121906],[28.7087804,47.1219115]]]}},{"type":"Feature","id":295,"properties":{"canopy_id":"siret3_r021_c012#0295","vineyard_id":"V01","row_id":"V01-R17","tile":"siret3_r021_c012","area_m2":0.3462},"geometry":{"type":"Polygon","coordinates":[[[28.7087932,47.121899],[28.7087912,47.1218974],[28.7087917,47.1218947],[28.7087976,47.1218922],[28.7087985,47.1218899],[28.7088008,47.1218899],[28.7088034,47.1218882],[28.7088041,47.1218894],[28.7087932,47.121899]]]}},{"type":"Feature","id":296,"properties":{"canopy_id":"siret3_r021_c012#0296","vineyard_id":"V01","row_id":"V01-R17","tile":"siret3_r021_c012","area_m2":0.1985},"geometry":{"type":"Polygon","coordinates":[[[28.7088063,47.1218873],[28.7088039,47.121884],[28.7088061,47.1218812],[28.7088088,47.1218807],[28.7088108,47.1218823],[28.7088063,47.1218873]]]}},{"type":"Feature","id":297,"properties":{"canopy_id":"siret3_r021_c012#0297","vineyard_id":"V01","row_id":"V01-R17","tile":"siret3_r021_c012","area_m2":0.3496},"geometry":{"type":"Polygon","coordinates":[[[28.7088213,47.1218724],[28.7088213,47.12187],[28.7088257,47.1218654],[28.7088233,47.1218625],[28.7088252,47.1218605],[28.7088262,47.1218605],[28.7088279,47.1218625],[28.7088326,47.1218622],[28.7088213,47.1218724]]]}},{"type":"Feature","id":298,"properties":{"canopy_id":"siret3_r021_c012#0298","vineyard_id":"V01","row_id":"V01-R17","tile":"siret3_r021_c012","area_m2":0.854},"geometry":{"type":"Polygon","coordinates":[[[28.7088358,47.1218594],[28.708835,47.1218576],[28.7088373,47.1218562],[28.7088373,47.1218551],[28.7088333,47.1218545],[28.7088339,47.1218529],[28.7088391,47.1218517],[28.7088401,47.1218499],[28.708839,47.1218479],[28.7088445,47.1218453],[28.7088441,47.1218429],[28.7088507,47.1218412],[28.708853,47.1218414],[28.7088534,47.1218432],[28.7088473,47.1218489],[28.7088424,47.1218496],[28.7088431,47.1218528],[28.7088358,47.1218594]]]}},{"type":"Feature","id":299,"properties":{"canopy_id":"siret3_r021_c012#0299","vineyard_id":"V01","row_id":"V01-R17","tile":"siret3_r021_c012","area_m2":1.5383},"geometry":{"type":"Polygon","coordinates":[[[28.7088562,47.1218402],[28.7088552,47.12184],[28.7088545,47.1218384],[28.7088558,47.1218362],[28.7088594,47.1218348],[28.7088593,47.1218334],[28.7088573,47.1218328],[28.7088579,47.1218314],[28.7088612,47.1218309],[28.7088615,47.1218289],[28.7088645,47.1218293],[28.7088654,47.1218286],[28.7088644,47.1218259],[28.708867,47.1218256],[28.7088679,47.1218238],[28.7088679,47.1218227],[28.7088665,47.1218218],[28.7088694,47.12182],[28.7088694,47.1218191],[28.7088743,47.1218179],[28.7088743,47.1218161],[28.7088732,47.1218154],[28.7088749,47.1218141],[28.7088778,47.1218147],[28.7088801,47.121814],[28.7088801,47.1218131],[28.7088774,47.1218115],[28.7088794,47.1218106],[28.7088825,47.121807],[28.7088866,47.1218114],[28.708885,47.1218117],[28.7088831,47.1218153],[28.7088771,47.121821],[28.7088744,47.1218215],[28.7088729,47.1218249],[28.7088706,47.1218265],[28.7088673,47.1218263],[28.7088674,47.1218272],[28.7088694,47.1218281],[28.7088562,47.1218402]]]}},{"type":"Feature","id":300,"properties":{"canopy_id":"siret3_r021_c012#0300","vineyard_id":"V01","row_id":"V01-R17","tile":"siret3_r021_c012","area_m2":0.2256},"geometry":{"type":"Polygon","coordinates":[[[28.7088901,47.1218069],[28.7088874,47.1218049],[28.7088835,47.1218058],[28.7088877,47.1218022],[28.7088909,47.1218019],[28.7088943,47.1218048],[28.7088901,47.1218069]]]}},{"type":"Feature","id":301,"properties":{"canopy_id":"siret3_r021_c012#0301","vineyard_id":"V01","row_id":"V01-R17","tile":"siret3_r021_c012","area_m2":0.2068},"geometry":{"type":"Polygon","coordinates":[[[28.7088972,47.1218007],[28.7088928,47.1217992],[28.7088928,47.1217971],[28.708896,47.1217942],[28.7088976,47.1217946],[28.7088964,47.1217975],[28.7089004,47.1217986],[28.7088972,47.1218007]]]}},{"type":"Feature","id":302,"properties":{"canopy_id":"siret3_r021_c012#0302","vineyard_id":"V01","row_id":"V01-R17","tile":"siret3_r021_c012","area_m2":0.4709},"geometry":{"type":"Polygon","coordinates":[[[28.7089036,47.1217959],[28.7089026,47.1217947],[28.7089032,47.1217925],[28.7089018,47.1217916],[28.7089014,47.1217896],[28.7089062,47.1217848],[28.7089102,47.1217845],[28.7089109,47.121787],[28.7089122,47.1217879],[28.708911,47.1217892],[28.7089048,47.1217911],[28.7089048,47.121792],[28.7089068,47.1217931],[28.7089036,47.1217959]]]}},{"type":"Feature","id":303,"properties":{"canopy_id":"siret3_r021_c012#0303","vineyard_id":"V01","row_id":"V01-R17","tile":"siret3_r021_c012","area_m2":0.5542},"geometry":{"type":"Polygon","coordinates":[[[28.7089128,47.1217845],[28.7089108,47.1217838],[28.7089113,47.1217798],[28.7089143,47.121779],[28.7089139,47.1217775],[28.7089148,47.1217766],[28.7089171,47.1217763],[28.7089174,47.1217747],[28.708921,47.1217717],[28.708922,47.1217731],[28.7089204,47.1217751],[28.7089209,47.1217789],[28.7089196,47.1217794],[28.7089196,47.121781],[28.7089164,47.1217837],[28.7089128,47.1217845]]]}},{"type":"Feature","id":304,"properties":{"canopy_id":"siret3_r021_c012#0304","vineyard_id":"V01","row_id":"V01-R17","tile":"siret3_r021_c012","area_m2":0.7317},"geometry":{"type":"Polygon","coordinates":[[[28.7089324,47.1217689],[28.7089311,47.1217682],[28.7089313,47.1217657],[28.7089277,47.1217647],[28.7089309,47.1217635],[28.7089319,47.1217626],[28.7089318,47.1217606],[28.7089379,47.1217548],[28.7089402,47.1217539],[28.7089396,47.1217564],[28.7089432,47.1217563],[28.7089429,47.1217577],[28.708941,47.1217607],[28.7089378,47.1217618],[28.7089385,47.1217634],[28.7089324,47.1217689]]]}},{"type":"Feature","id":305,"properties":{"canopy_id":"siret3_r021_c012#0305","vineyard_id":"V01","row_id":"V01-R17","tile":"siret3_r021_c012","area_m2":0.2031},"geometry":{"type":"Polygon","coordinates":[[[28.7089249,47.1217719],[28.7089229,47.1217713],[28.7089228,47.121769],[28.7089248,47.1217672],[28.7089277,47.1217676],[28.7089285,47.1217707],[28.7089308,47.12177],[28.7089311,47.1217684],[28.7089324,47.1217691],[28.7089305,47.1217709],[28.7089249,47.1217719]]]}},{"type":"Feature","id":306,"properties":{"canopy_id":"siret3_r021_c012#0306","vineyard_id":"V01","row_id":"V01-R17","tile":"siret3_r021_c012","area_m2":0.7754},"geometry":{"type":"Polygon","coordinates":[[[28.7089467,47.1217529],[28.7089463,47.1217507],[28.7089489,47.1217488],[28.7089485,47.1217473],[28.7089511,47.1217461],[28.7089501,47.1217443],[28.7089513,47.1217423],[28.7089546,47.1217402],[28.7089556,47.1217418],[28.7089572,47.121742],[28.7089601,47.1217388],[28.708959,47.1217352],[28.7089636,47.1217353],[28.7089662,47.1217337],[28.7089672,47.1217351],[28.7089659,47.1217353],[28.7089653,47.1217371],[28.7089627,47.1217369],[28.7089621,47.1217405],[28.7089583,47.1217424],[28.7089577,47.1217449],[28.7089532,47.1217481],[28.7089519,47.1217508],[28.7089494,47.1217529],[28.7089467,47.1217529]]]}},{"type":"Feature","id":307,"properties":{"canopy_id":"siret3_r021_c012#0307","vineyard_id":"V01","row_id":"V01-R17","tile":"siret3_r021_c012","area_m2":0.7971},"geometry":{"type":"Polygon","coordinates":[[[28.7089732,47.1217242],[28.7089737,47.1217215],[28.7089773,47.1217205],[28.7089763,47.121719],[28.7089782,47.1217171],[28.7089802,47.1217169],[28.7089801,47.1217153],[28.708983,47.1217126],[28.7089849,47.121711],[28.7089863,47.1217118],[28.7089879,47.1217118],[28.7089882,47.12171],[28.7089901,47.1217091],[28.7089898,47.1217075],[28.7089921,47.1217075],[28.7089908,47.1217088],[28.7089922,47.1217104],[28.7089893,47.121714],[28.7089894,47.1217156],[28.7089871,47.1217177],[28.7089855,47.1217179],[28.7089846,47.1217202],[28.7089835,47.1217193],[28.7089806,47.1217193],[28.7089801,47.1217234],[28.7089771,47.1217237],[28.7089767,47.1217223],[28.7089751,47.1217221],[28.7089732,47.1217242]]]}},{"type":"Feature","id":308,"properties":{"canopy_id":"siret3_r021_c012#0308","vineyard_id":"V01","row_id":"V01-R17","tile":"siret3_r021_c012","area_m2":0.3406},"geometry":{"type":"Polygon","coordinates":[[[28.708996,47.1217081],[28.7089913,47.1217048],[28.7089955,47.1217009],[28.7089968,47.1217022],[28.7089988,47.1217015],[28.7090011,47.1217017],[28.7090012,47.1217046],[28.7089989,47.1217051],[28.708998,47.1217072],[28.708996,47.1217081]]]}},{"type":"Feature","id":309,"properties":{"canopy_id":"siret3_r021_c012#0309","vineyard_id":"V01","row_id":"V01-R17","tile":"siret3_r021_c012","area_m2":0.2632},"geometry":{"type":"Polygon","coordinates":[[[28.7090172,47.1216882],[28.7090151,47.1216853],[28.7090131,47.1216847],[28.7090163,47.1216815],[28.7090219,47.1216827],[28.7090204,47.1216857],[28.7090172,47.1216882]]]}},{"type":"Feature","id":310,"properties":{"canopy_id":"siret3_r021_c012#0310","vineyard_id":"V01","row_id":"V01-R17","tile":"siret3_r021_c012","area_m2":0.1938},"geometry":{"type":"Polygon","coordinates":[[[28.7090229,47.1216818],[28.7090222,47.1216809],[28.7090238,47.1216798],[28.7090241,47.121678],[28.7090224,47.1216775],[28.709022,47.121676],[28.7090246,47.1216741],[28.7090247,47.1216773],[28.709028,47.121677],[28.7090287,47.1216779],[28.7090249,47.1216818],[28.7090229,47.1216818]]]}},{"type":"Feature","id":311,"properties":{"canopy_id":"siret3_r021_c012#0311","vineyard_id":"V01","row_id":"V01-R17","tile":"siret3_r021_c012","area_m2":1.4622},"geometry":{"type":"Polygon","coordinates":[[[28.7090326,47.1216751],[28.7090302,47.1216745],[28.7090295,47.1216725],[28.7090304,47.1216702],[28.7090294,47.1216691],[28.7090358,47.1216632],[28.7090385,47.1216643],[28.7090401,47.121664],[28.709042,47.1216602],[28.7090396,47.1216595],[28.7090467,47.1216529],[28.709051,47.1216526],[28.7090526,47.1216517],[28.7090519,47.1216499],[28.7090502,47.1216497],[28.7090544,47.1216465],[28.7090547,47.1216453],[28.7090563,47.1216444],[28.7090593,47.1216448],[28.7090606,47.1216457],[28.7090607,47.1216468],[28.7090558,47.1216503],[28.7090566,47.1216527],[28.7090507,47.1216551],[28.7090511,47.1216578],[28.7090472,47.1216594],[28.7090473,47.1216612],[28.709044,47.1216624],[28.7090431,47.1216644],[28.7090408,47.1216647],[28.7090408,47.1216658],[28.7090392,47.1216672],[28.7090375,47.1216661],[28.7090343,47.1216666],[28.7090351,47.1216724],[28.7090338,47.1216727],[28.7090326,47.1216751]]]}},{"type":"Feature","id":312,"properties":{"canopy_id":"siret3_r021_c012#0312","vineyard_id":"V01","row_id":"V01-R17","tile":"siret3_r021_c012","area_m2":0.2913},"geometry":{"type":"Polygon","coordinates":[[[28.7090602,47.1216423],[28.7090588,47.1216415],[28.7090624,47.1216383],[28.7090627,47.1216396],[28.7090654,47.1216391],[28.7090647,47.1216378],[28.709063,47.1216378],[28.7090649,47.1216362],[28.7090662,47.1216357],[28.7090699,47.121637],[28.7090696,47.1216386],[28.7090664,47.1216398],[28.7090667,47.1216411],[28.7090655,47.1216423],[28.7090635,47.1216423],[28.7090628,47.1216416],[28.7090602,47.1216423]]]}},{"type":"Feature","id":313,"properties":{"canopy_id":"siret3_r021_c012#0313","vineyard_id":"V01","row_id":"V01-R18","tile":"siret3_r021_c012","area_m2":0.4397},"geometry":{"type":"Polygon","coordinates":[[[28.7086962,47.1219364],[28.7086955,47.1219357],[28.7086974,47.1219344],[28.7086974,47.1219332],[28.7087044,47.1219266],[28.7087077,47.1219254],[28.7087081,47.1219281],[28.7087102,47.1219304],[28.7087019,47.1219311],[28.7087021,47.1219356],[28.7086962,47.1219364]]]}},{"type":"Feature","id":314,"properties":{"canopy_id":"siret3_r021_c012#0314","vineyard_id":"V01","row_id":"V01-R18","tile":"siret3_r021_c012","area_m2":0.5642},"geometry":{"type":"Polygon","coordinates":[[[28.7087367,47.1219043],[28.7087337,47.121903],[28.7087359,47.1219005],[28.7087355,47.1218978],[28.7087364,47.1218969],[28.7087401,47.1218968],[28.70874,47.1218935],[28.7087419,47.1218928],[28.7087428,47.1218907],[28.7087451,47.1218891],[28.7087464,47.1218891],[28.7087474,47.1218904],[28.7087449,47.121892],[28.7087449,47.1218932],[28.7087462,47.121894],[28.708741,47.1218961],[28.7087411,47.1218973],[28.7087437,47.1218981],[28.7087437,47.1218988],[28.7087367,47.1219043]]]}},{"type":"Feature","id":315,"properties":{"canopy_id":"siret3_r021_c012#0315","vineyard_id":"V01","row_id":"V01-R18","tile":"siret3_r021_c012","area_m2":0.2883},"geometry":{"type":"Polygon","coordinates":[[[28.7087687,47.121875],[28.7087667,47.1218748],[28.7087667,47.1218742],[28.7087693,47.121873],[28.7087693,47.1218721],[28.7087653,47.1218722],[28.7087656,47.1218708],[28.7087679,47.1218701],[28.7087678,47.1218683],[28.7087705,47.1218687],[28.7087711,47.1218678],[28.7087741,47.1218678],[28.7087751,47.1218695],[28.7087731,47.1218698],[28.7087726,47.1218721],[28.7087687,47.121875]]]}},{"type":"Feature","id":316,"properties":{"canopy_id":"siret3_r021_c012#0316","vineyard_id":"V01","row_id":"V01-R18","tile":"siret3_r021_c012","area_m2":0.2896},"geometry":{"type":"Polygon","coordinates":[[[28.7087789,47.1218659],[28.7087776,47.121865],[28.7087743,47.1218655],[28.7087733,47.121863],[28.7087749,47.1218617],[28.7087791,47.1218603],[28.70878,47.1218584],[28.708781,47.1218584],[28.7087805,47.121862],[28.7087828,47.1218624],[28.7087789,47.1218659]]]}},{"type":"Feature","id":317,"properties":{"canopy_id":"siret3_r021_c012#0317","vineyard_id":"V01","row_id":"V01-R18","tile":"siret3_r021_c012","area_m2":0.3584},"geometry":{"type":"Polygon","coordinates":[[[28.7087993,47.1218433],[28.7087983,47.1218426],[28.7087986,47.1218415],[28.7088015,47.1218401],[28.7088008,47.1218386],[28.7088025,47.1218383],[28.7088043,47.1218333],[28.7088062,47.1218324],[28.7088076,47.1218331],[28.7088077,47.121838],[28.7088048,47.1218396],[28.7088042,47.1218419],[28.7088016,47.1218421],[28.7087993,47.1218433]]]}},{"type":"Feature","id":318,"properties":{"canopy_id":"siret3_r021_c012#0318","vineyard_id":"V01","row_id":"V01-R18","tile":"siret3_r021_c012","area_m2":0.2483},"geometry":{"type":"Polygon","coordinates":[[[28.7087959,47.1218499],[28.7087955,47.1218488],[28.7087915,47.1218468],[28.7087941,47.1218438],[28.708798,47.1218436],[28.7087983,47.1218429],[28.7087993,47.1218435],[28.7087983,47.1218438],[28.7087984,47.1218449],[28.7087998,47.1218464],[28.7087959,47.1218499]]]}},{"type":"Feature","id":319,"properties":{"canopy_id":"siret3_r021_c012#0319","vineyard_id":"V01","row_id":"V01-R18","tile":"siret3_r021_c012","area_m2":0.6357},"geometry":{"type":"Polygon","coordinates":[[[28.7088199,47.1218277],[28.7088195,47.1218255],[28.708815,47.1218271],[28.7088146,47.1218249],[28.7088207,47.1218214],[28.7088227,47.1218211],[28.7088226,47.12182],[28.7088203,47.1218189],[28.7088219,47.1218169],[28.7088281,47.1218152],[28.7088291,47.1218156],[28.7088298,47.1218183],[28.7088199,47.1218277]]]}},{"type":"Feature","id":320,"properties":{"canopy_id":"siret3_r021_c012#0320","vineyard_id":"V01","row_id":"V01-R18","tile":"siret3_r021_c012","area_m2":0.251},"geometry":{"type":"Polygon","coordinates":[[[28.7088345,47.1218108],[28.7088319,47.1218111],[28.7088319,47.1218104],[28.7088325,47.1218091],[28.7088341,47.1218086],[28.7088344,47.121807],[28.7088402,47.1218036],[28.7088436,47.1218042],[28.7088436,47.1218053],[28.708841,47.1218062],[28.708841,47.1218074],[28.7088387,47.1218072],[28.7088377,47.1218081],[28.7088358,47.1218083],[28.7088345,47.1218108]]]}},{"type":"Feature","id":321,"properties":{"canopy_id":"siret3_r021_c012#0321","vineyard_id":"V01","row_id":"V01-R18","tile":"siret3_r021_c012","area_m2":0.7568},"geometry":{"type":"Polygon","coordinates":[[[28.7088402,47.1218015],[28.7088401,47.1218002],[28.7088414,47.1217986],[28.7088456,47.1217951],[28.7088485,47.1217947],[28.7088484,47.1217924],[28.7088514,47.1217917],[28.7088513,47.1217897],[28.7088543,47.1217892],[28.7088548,47.1217862],[28.7088565,47.1217858],[28.7088564,47.1217849],[28.70886,47.1217814],[28.7088614,47.1217846],[28.7088575,47.1217873],[28.7088573,47.1217918],[28.7088544,47.1217916],[28.7088537,47.1217923],[28.7088538,47.1217939],[28.7088558,47.1217941],[28.7088554,47.1217945],[28.7088531,47.121795],[28.7088532,47.1217962],[28.7088506,47.1217989],[28.7088493,47.1217978],[28.7088496,47.1217964],[28.7088476,47.1217962],[28.7088473,47.1217978],[28.7088447,47.1217985],[28.7088434,47.1218004],[28.7088402,47.1218015]]]}},{"type":"Feature","id":322,"properties":{"canopy_id":"siret3_r021_c012#0322","vineyard_id":"V01","row_id":"V01-R18","tile":"siret3_r021_c012","area_m2":0.3855},"geometry":{"type":"Polygon","coordinates":[[[28.7088644,47.1217847],[28.7088629,47.12178],[28.7088641,47.1217773],[28.7088677,47.1217748],[28.7088711,47.1217799],[28.7088686,47.1217822],[28.7088669,47.1217825],[28.7088666,47.121784],[28.7088644,47.1217847]]]}},{"type":"Feature","id":323,"properties":{"canopy_id":"siret3_r021_c012#0323","vineyard_id":"V01","row_id":"V01-R18","tile":"siret3_r021_c012","area_m2":1.5129},"geometry":{"type":"Polygon","coordinates":[[[28.7088742,47.1217747],[28.7088716,47.1217741],[28.7088696,47.1217723],[28.7088731,47.1217702],[28.7088737,47.1217689],[28.7088764,47.1217699],[28.7088784,47.1217695],[28.708879,47.1217677],[28.708877,47.1217666],[28.7088769,47.1217657],[28.7088795,47.121764],[28.7088818,47.1217638],[28.7088817,47.1217609],[28.70889,47.1217533],[28.7088927,47.1217535],[28.7088923,47.121751],[28.7088968,47.1217471],[28.7088972,47.1217501],[28.7088998,47.1217502],[28.7089005,47.1217518],[28.7088979,47.121753],[28.7088986,47.1217541],[28.708898,47.1217545],[28.7088976,47.121753],[28.7088937,47.1217537],[28.708894,47.1217548],[28.708896,47.1217548],[28.7088954,47.1217559],[28.7088964,47.1217561],[28.7088944,47.1217571],[28.7088945,47.121758],[28.7088913,47.1217609],[28.7088879,47.1217596],[28.708886,47.1217599],[28.7088857,47.1217617],[28.7088894,47.1217628],[28.7088865,47.1217655],[28.7088845,47.1217658],[28.7088846,47.1217673],[28.7088807,47.1217701],[28.7088772,47.1217742],[28.7088742,47.1217747]]]}},{"type":"Feature","id":324,"properties":{"canopy_id":"siret3_r021_c012#0324","vineyard_id":"V01","row_id":"V01-R18","tile":"siret3_r021_c012","area_m2":0.3672},"geometry":{"type":"Polygon","coordinates":[[[28.708921,47.1217328],[28.7089193,47.1217315],[28.7089196,47.1217297],[28.7089209,47.1217288],[28.7089205,47.1217277],[28.7089182,47.1217277],[28.7089163,47.1217291],[28.7089161,47.1217318],[28.708914,47.1217307],[28.7089201,47.121725],[28.7089244,47.1217245],[28.7089271,47.1217273],[28.7089232,47.1217299],[28.7089226,47.1217317],[28.708921,47.1217328]]]}},{"type":"Feature","id":325,"properties":{"canopy_id":"siret3_r021_c012#0325","vineyard_id":"V01","row_id":"V01-R18","tile":"siret3_r021_c012","area_m2":0.615},"geometry":{"type":"Polygon","coordinates":[[[28.708907,47.1217461],[28.7089056,47.1217452],[28.7089065,47.1217429],[28.7089061,47.1217405],[28.7089041,47.1217407],[28.7089036,47.1217443],[28.7089019,47.1217441],[28.7089009,47.121743],[28.7089067,47.1217375],[28.7089087,47.1217375],[28.7089093,47.1217366],[28.7089116,47.1217375],[28.7089133,47.1217372],[28.7089132,47.1217361],[28.7089108,47.1217337],[28.7089137,47.1217311],[28.7089154,47.121732],[28.7089138,47.1217347],[28.7089162,47.1217349],[28.7089178,47.121736],[28.708914,47.1217397],[28.7089107,47.1217402],[28.7089108,47.1217415],[28.7089088,47.1217429],[28.7089089,47.1217445],[28.708907,47.1217461]]]}},{"type":"Feature","id":326,"properties":{"canopy_id":"siret3_r021_c012#0326","vineyard_id":"V01","row_id":"V01-R18","tile":"siret3_r021_c012","area_m2":0.3298},"geometry":{"type":"Polygon","coordinates":[[[28.7089388,47.1217103],[28.7089371,47.1217092],[28.7089432,47.1217035],[28.7089484,47.1217036],[28.7089468,47.1217041],[28.7089466,47.1217093],[28.708942,47.1217084],[28.7089404,47.12171],[28.7089388,47.1217103]]]}},{"type":"Feature","id":327,"properties":{"canopy_id":"siret3_r021_c012#0327","vineyard_id":"V01","row_id":"V01-R18","tile":"siret3_r021_c012","area_m2":0.7793},"geometry":{"type":"Polygon","coordinates":[[[28.7089533,47.1217],[28.7089519,47.1216995],[28.7089512,47.121698],[28.7089532,47.1216968],[28.7089537,47.1216936],[28.7089557,47.1216929],[28.7089556,47.1216918],[28.7089579,47.1216898],[28.7089605,47.1216899],[28.7089621,47.1216888],[28.7089631,47.1216895],[28.7089648,47.1216892],[28.7089648,47.1216881],[28.7089627,47.1216868],[28.7089611,47.121687],[28.7089636,47.1216843],[28.708968,47.1216858],[28.7089683,47.1216871],[28.7089651,47.1216892],[28.7089652,47.1216919],[28.7089633,47.1216935],[28.7089603,47.1216942],[28.7089604,47.1216951],[28.7089614,47.1216953],[28.7089607,47.121696],[28.7089584,47.1216958],[28.7089591,47.1216976],[28.7089572,47.1216992],[28.7089533,47.1217]]]}},{"type":"Feature","id":328,"properties":{"canopy_id":"siret3_r021_c012#0328","vineyard_id":"V01","row_id":"V01-R18","tile":"siret3_r021_c012","area_m2":1.2234},"geometry":{"type":"Polygon","coordinates":[[[28.7089712,47.1216837],[28.7089692,47.1216824],[28.7089708,47.121681],[28.70897,47.1216783],[28.7089727,47.1216781],[28.7089746,47.1216762],[28.7089785,47.1216757],[28.7089807,47.1216721],[28.708983,47.1216709],[28.7089832,47.1216662],[28.7089876,47.1216619],[28.7089906,47.121662],[28.7089916,47.1216605],[28.7089939,47.1216604],[28.7089951,47.1216591],[28.7089978,47.1216588],[28.7089981,47.1216599],[28.7089927,47.1216643],[28.7089921,47.1216668],[28.7089882,47.1216704],[28.7089838,47.1216745],[28.7089789,47.1216775],[28.7089777,47.1216793],[28.7089744,47.1216798],[28.7089745,47.1216832],[28.7089712,47.1216837]]]}},{"type":"Feature","id":329,"properties":{"canopy_id":"siret3_r021_c012#0329","vineyard_id":"V01","row_id":"V01-R18","tile":"siret3_r021_c012","area_m2":0.5513},"geometry":{"type":"Polygon","coordinates":[[[28.7090042,47.1216546],[28.7090022,47.1216536],[28.7090002,47.1216538],[28.7089992,47.1216525],[28.7090025,47.1216508],[28.709003,47.1216475],[28.7090066,47.1216465],[28.7090062,47.1216447],[28.7090081,47.1216436],[28.7090112,47.1216446],[28.7090109,47.1216467],[28.7090129,47.1216473],[28.7090042,47.1216546]]]}},{"type":"Feature","id":330,"properties":{"canopy_id":"siret3_r021_c012#0330","vineyard_id":"V01","row_id":"V01-R18","tile":"siret3_r021_c012","area_m2":0.637},"geometry":{"type":"Polygon","coordinates":[[[28.7090164,47.1216437],[28.7090144,47.1216426],[28.7090114,47.1216428],[28.7090126,47.1216385],[28.7090168,47.1216356],[28.7090201,47.1216362],[28.7090197,47.121633],[28.7090209,47.1216308],[28.7090262,47.1216296],[28.7090265,47.1216314],[28.7090239,47.1216323],[28.709024,47.1216334],[28.7090211,47.1216362],[28.7090215,47.1216373],[28.7090234,47.1216375],[28.7090209,47.1216391],[28.7090202,47.1216405],[28.7090186,47.1216409],[28.7090183,47.1216423],[28.7090164,47.1216437]]]}},{"type":"Feature","id":331,"properties":{"canopy_id":"siret3_r021_c012#0331","vineyard_id":"V01","row_id":"V01-R19","tile":"siret3_r021_c012","area_m2":0.2515},"geometry":{"type":"Polygon","coordinates":[[[28.7086937,47.1218989],[28.7086887,47.1218989],[28.7086886,47.1218958],[28.7086909,47.1218955],[28.7086934,47.1218924],[28.7086957,47.1218923],[28.7086962,47.1218946],[28.7086949,47.1218953],[28.7086937,47.1218989]]]}},{"type":"Feature","id":332,"properties":{"canopy_id":"siret3_r021_c012#0332","vineyard_id":"V01","row_id":"V01-R19","tile":"siret3_r021_c012","area_m2":0.1902},"geometry":{"type":"Polygon","coordinates":[[[28.7087173,47.1218745],[28.7087162,47.1218738],[28.7087162,47.1218724],[28.7087178,47.1218715],[28.7087171,47.1218693],[28.7087181,47.1218684],[28.70872,47.1218683],[28.708721,47.1218672],[28.7087226,47.1218674],[28.708723,47.1218681],[28.7087198,47.121871],[28.7087199,47.121874],[28.7087173,47.1218745]]]}},{"type":"Feature","id":333,"properties":{"canopy_id":"siret3_r021_c012#0333","vineyard_id":"V01","row_id":"V01-R19","tile":"siret3_r021_c012","area_m2":0.554},"geometry":{"type":"Polygon","coordinates":[[[28.7087398,47.121857],[28.7087391,47.1218561],[28.7087416,47.1218536],[28.7087416,47.1218523],[28.7087385,47.1218494],[28.7087408,47.1218473],[28.7087424,47.1218471],[28.7087424,47.1218457],[28.708744,47.1218441],[28.7087466,47.1218434],[28.7087476,47.1218457],[28.7087507,47.121847],[28.7087398,47.121857]]]}},{"type":"Feature","id":334,"properties":{"canopy_id":"siret3_r021_c012#0334","vineyard_id":"V01","row_id":"V01-R19","tile":"siret3_r021_c012","area_m2":0.3088},"geometry":{"type":"Polygon","coordinates":[[[28.7087501,47.1218395],[28.7087494,47.1218391],[28.7087513,47.1218373],[28.7087536,47.1218366],[28.7087572,47.1218336],[28.7087628,47.1218355],[28.7087606,47.1218376],[28.7087567,47.121839],[28.7087524,47.1218386],[28.7087501,47.1218395]]]}},{"type":"Feature","id":335,"properties":{"canopy_id":"siret3_r021_c012#0335","vineyard_id":"V01","row_id":"V01-R19","tile":"siret3_r021_c012","area_m2":0.4314},"geometry":{"type":"Polygon","coordinates":[[[28.7087663,47.1218323],[28.708766,47.121831],[28.7087614,47.1218315],[28.7087607,47.1218302],[28.7087616,47.1218281],[28.7087668,47.1218253],[28.708767,47.1218235],[28.7087697,47.1218231],[28.7087704,47.1218262],[28.7087718,47.1218273],[28.7087663,47.1218323]]]}},{"type":"Feature","id":336,"properties":{"canopy_id":"siret3_r021_c012#0336","vineyard_id":"V01","row_id":"V01-R19","tile":"siret3_r021_c012","area_m2":0.5596},"geometry":{"type":"Polygon","coordinates":[[[28.708775,47.1218241],[28.708774,47.1218234],[28.7087748,47.1218198],[28.7087732,47.1218194],[28.7087725,47.1218176],[28.7087741,47.1218165],[28.7087796,47.1218153],[28.7087796,47.121813],[28.7087818,47.1218107],[28.7087857,47.12181],[28.7087881,47.121812],[28.7087868,47.1218131],[28.7087838,47.1218129],[28.7087839,47.1218159],[28.708783,47.1218168],[28.708781,47.1218157],[28.7087777,47.1218169],[28.7087777,47.1218178],[28.7087797,47.1218182],[28.7087801,47.1218195],[28.708775,47.1218241]]]}},{"type":"Feature","id":337,"properties":{"canopy_id":"siret3_r021_c012#0337","vineyard_id":"V01","row_id":"V01-R19","tile":"siret3_r021_c012","area_m2":0.6243},"geometry":{"type":"Polygon","coordinates":[[[28.70879,47.1218083],[28.7087869,47.1218057],[28.7087881,47.121803],[28.7087933,47.1217984],[28.7087966,47.1217986],[28.7087982,47.1217972],[28.7087998,47.121797],[28.7087999,47.1217994],[28.7088012,47.1217996],[28.7088009,47.1218001],[28.7087935,47.1218065],[28.7087922,47.1218065],[28.7087919,47.1218058],[28.7087899,47.1218063],[28.7087899,47.1218072],[28.7087919,47.1218081],[28.70879,47.1218083]]]}},{"type":"Feature","id":338,"properties":{"canopy_id":"siret3_r021_c012#0338","vineyard_id":"V01","row_id":"V01-R19","tile":"siret3_r021_c012","area_m2":0.2249},"geometry":{"type":"Polygon","coordinates":[[[28.7088037,47.1217953],[28.7087991,47.1217943],[28.7087987,47.1217931],[28.7088003,47.1217918],[28.7088046,47.1217906],[28.7088076,47.121793],[28.708806,47.1217946],[28.7088037,47.1217953]]]}},{"type":"Feature","id":339,"properties":{"canopy_id":"siret3_r021_c012#0339","vineyard_id":"V01","row_id":"V01-R19","tile":"siret3_r021_c012","area_m2":0.541},"geometry":{"type":"Polygon","coordinates":[[[28.7088105,47.12179],[28.7088103,47.1217862],[28.708808,47.1217854],[28.7088106,47.121784],[28.7088115,47.1217813],[28.7088154,47.121778],[28.7088167,47.1217789],[28.7088203,47.1217789],[28.7088207,47.1217804],[28.7088188,47.1217818],[28.7088182,47.1217839],[28.7088162,47.1217848],[28.7088153,47.1217866],[28.708813,47.1217871],[28.7088127,47.1217887],[28.7088105,47.12179]]]}},{"type":"Feature","id":340,"properties":{"canopy_id":"siret3_r021_c012#0340","vineyard_id":"V01","row_id":"V01-R19","tile":"siret3_r021_c012","area_m2":0.5454},"geometry":{"type":"Polygon","coordinates":[[[28.7088255,47.1217754],[28.7088231,47.1217743],[28.708823,47.121771],[28.7088265,47.1217671],[28.7088292,47.1217675],[28.7088357,47.1217663],[28.7088361,47.1217672],[28.7088303,47.1217727],[28.7088271,47.1217752],[28.7088255,47.1217754]]]}},{"type":"Feature","id":341,"properties":{"canopy_id":"siret3_r021_c012#0341","vineyard_id":"V01","row_id":"V01-R19","tile":"siret3_r021_c012","area_m2":0.3096},"geometry":{"type":"Polygon","coordinates":[[[28.7088419,47.1217615],[28.7088408,47.1217597],[28.7088359,47.1217597],[28.7088361,47.1217582],[28.7088388,47.1217572],[28.7088384,47.1217561],[28.7088406,47.1217543],[28.7088436,47.1217547],[28.7088434,47.1217567],[28.7088463,47.1217576],[28.7088419,47.1217615]]]}},{"type":"Feature","id":342,"properties":{"canopy_id":"siret3_r021_c012#0342","vineyard_id":"V01","row_id":"V01-R19","tile":"siret3_r021_c012","area_m2":1.3992},"geometry":{"type":"Polygon","coordinates":[[[28.7088642,47.12174],[28.7088622,47.1217382],[28.7088583,47.1217383],[28.7088619,47.1217375],[28.7088615,47.1217353],[28.7088633,47.1217328],[28.7088659,47.1217314],[28.7088689,47.1217311],[28.7088691,47.1217287],[28.7088714,47.121727],[28.708873,47.1217239],[28.7088749,47.1217223],[28.7088768,47.121722],[28.7088774,47.12172],[28.7088787,47.1217191],[28.708879,47.1217182],[28.70888,47.1217175],[28.70888,47.1217172],[28.708881,47.1217166],[28.7088809,47.1217163],[28.7088816,47.1217159],[28.7088813,47.1217174],[28.7088846,47.1217178],[28.7088863,47.1217176],[28.7088872,47.1217158],[28.7088888,47.1217158],[28.7088873,47.1217194],[28.7088831,47.121721],[28.7088825,47.121724],[28.7088809,47.1217244],[28.7088809,47.1217253],[28.7088774,47.1217288],[28.7088751,47.1217292],[28.7088751,47.1217304],[28.7088715,47.1217315],[28.7088719,47.1217338],[28.7088687,47.1217354],[28.7088691,47.1217365],[28.7088668,47.1217377],[28.7088659,47.1217395],[28.7088642,47.12174]]]}},{"type":"Feature","id":343,"properties":{"canopy_id":"siret3_r021_c012#0343","vineyard_id":"V01","row_id":"V01-R19","tile":"siret3_r021_c012","area_m2":0.5142},"geometry":{"type":"Polygon","coordinates":[[[28.7088458,47.1217522],[28.7088448,47.1217511],[28.7088454,47.1217495],[28.7088528,47.1217426],[28.7088547,47.1217419],[28.7088569,47.1217387],[28.7088593,47.1217389],[28.7088583,47.1217405],[28.7088591,47.1217446],[28.7088575,47.1217448],[28.7088561,47.1217435],[28.7088548,47.1217435],[28.7088535,47.1217455],[28.7088539,47.1217467],[28.7088506,47.1217478],[28.7088507,47.121749],[28.7088527,47.1217498],[28.7088524,47.121751],[28.7088458,47.1217522]]]}},{"type":"Feature","id":344,"properties":{"canopy_id":"siret3_r021_c012#0344","vineyard_id":"V01","row_id":"V01-R19","tile":"siret3_r021_c012","area_m2":0.4897},"geometry":{"type":"Polygon","coordinates":[[[28.7088953,47.1217116],[28.7088922,47.1217085],[28.7088896,47.1217083],[28.708896,47.1217026],[28.7088983,47.1217026],[28.7089016,47.1217034],[28.7089014,47.1217063],[28.7088953,47.1217116]]]}},{"type":"Feature","id":345,"properties":{"canopy_id":"siret3_r021_c012#0345","vineyard_id":"V01","row_id":"V01-R19","tile":"siret3_r021_c012","area_m2":0.3167},"geometry":{"type":"Polygon","coordinates":[[[28.7089029,47.1217021],[28.7089022,47.1217009],[28.7088986,47.1217001],[28.7089024,47.1216967],[28.7089031,47.1216973],[28.7089057,47.1216966],[28.7089107,47.121697],[28.7089065,47.1217013],[28.7089029,47.1217021]]]}},{"type":"Feature","id":346,"properties":{"canopy_id":"siret3_r021_c012#0346","vineyard_id":"V01","row_id":"V01-R19","tile":"siret3_r021_c012","area_m2":1.6213},"geometry":{"type":"Polygon","coordinates":[[[28.7089125,47.1216945],[28.7089125,47.1216927],[28.7089092,47.1216925],[28.7089085,47.1216912],[28.7089131,47.1216911],[28.7089137,47.1216895],[28.7089157,47.1216888],[28.7089149,47.1216857],[28.7089172,47.1216852],[28.7089168,47.1216832],[28.70892,47.1216815],[28.7089206,47.1216793],[28.7089261,47.1216743],[28.708928,47.1216736],[28.708929,47.1216715],[28.7089316,47.121671],[28.7089354,47.1216683],[28.708939,47.1216673],[28.708939,47.1216655],[28.7089406,47.1216646],[28.7089439,47.1216654],[28.7089438,47.1216618],[28.7089484,47.1216618],[28.708944,47.1216666],[28.7089416,47.1216662],[28.7089394,47.1216671],[28.7089394,47.121668],[28.7089414,47.1216689],[28.7089356,47.1216743],[28.7089343,47.121673],[28.708932,47.121673],[28.7089291,47.1216751],[28.7089302,47.1216794],[28.7089203,47.1216887],[28.7089193,47.1216876],[28.708917,47.1216883],[28.708918,47.1216908],[28.7089139,47.1216945],[28.7089125,47.1216945]]]}},{"type":"Feature","id":347,"properties":{"canopy_id":"siret3_r021_c012#0347","vineyard_id":"V01","row_id":"V01-R19","tile":"siret3_r021_c012","area_m2":0.2322},"geometry":{"type":"Polygon","coordinates":[[[28.7089661,47.1216388],[28.7089648,47.1216381],[28.708968,47.1216354],[28.70897,47.1216356],[28.7089755,47.1216335],[28.7089762,47.1216341],[28.7089747,47.1216378],[28.7089694,47.1216385],[28.7089687,47.1216372],[28.7089671,47.121637],[28.7089661,47.1216388]]]}},{"type":"Feature","id":348,"properties":{"canopy_id":"siret3_r021_c012#0348","vineyard_id":"V01","row_id":"V01-R19","tile":"siret3_r021_c012","area_m2":0.3042},"geometry":{"type":"Polygon","coordinates":[[[28.7089651,47.1216467],[28.7089627,47.1216458],[28.7089637,47.1216451],[28.7089633,47.121644],[28.7089604,47.1216441],[28.7089594,47.1216452],[28.7089581,47.1216445],[28.7089645,47.1216384],[28.7089658,47.1216388],[28.7089642,47.1216393],[28.7089642,47.1216404],[28.7089669,47.1216413],[28.7089683,47.1216439],[28.7089651,47.1216467]]]}},{"type":"Feature","id":349,"properties":{"canopy_id":"siret3_r021_c012#0349","vineyard_id":"V01","row_id":"V01-R19","tile":"siret3_r021_c012","area_m2":0.4666},"geometry":{"type":"Polygon","coordinates":[[[28.7089532,47.1216579],[28.7089521,47.1216538],[28.7089508,47.1216532],[28.7089504,47.1216516],[28.7089584,47.1216448],[28.7089594,47.1216456],[28.7089578,47.1216466],[28.7089578,47.1216475],[28.7089625,47.1216483],[28.7089628,47.121649],[28.7089603,47.1216513],[28.7089563,47.1216511],[28.7089544,47.1216529],[28.7089544,47.121654],[28.7089561,47.1216551],[28.7089532,47.1216579]]]}},{"type":"Feature","id":350,"properties":{"canopy_id":"siret3_r021_c012#0350","vineyard_id":"V01","row_id":"V01-R19","tile":"siret3_r021_c012","area_m2":0.375},"geometry":{"type":"Polygon","coordinates":[[[28.7089771,47.1216303],[28.7089731,47.1216304],[28.7089792,47.1216255],[28.7089792,47.1216246],[28.7089821,47.1216221],[28.7089857,47.1216223],[28.7089912,47.12162],[28.7089932,47.1216204],[28.7089881,47.1216254],[28.7089867,47.1216232],[28.7089838,47.1216237],[28.7089802,47.1216262],[28.70898,47.1216278],[28.7089771,47.1216303]]]}},{"type":"Feature","id":351,"properties":{"canopy_id":"siret3_r021_c012#0351","vineyard_id":"V01","row_id":"V01-R20","tile":"siret3_r021_c012","area_m2":0.355},"geometry":{"type":"Polygon","coordinates":[[[28.7086939,47.1218537],[28.7086925,47.121853],[28.7086925,47.1218519],[28.7086935,47.1218516],[28.7086931,47.1218496],[28.7086963,47.121848],[28.7086972,47.1218453],[28.7086989,47.1218462],[28.7087009,47.1218461],[28.7087026,47.1218477],[28.7087026,47.1218492],[28.7086984,47.121852],[28.7086951,47.1218516],[28.7086939,47.1218537]]]}},{"type":"Feature","id":352,"properties":{"canopy_id":"siret3_r021_c012#0352","vineyard_id":"V01","row_id":"V01-R20","tile":"siret3_r021_c012","area_m2":0.3752},"geometry":{"type":"Polygon","coordinates":[[[28.7086855,47.1218614],[28.7086835,47.121861],[28.7086831,47.121859],[28.7086857,47.121856],[28.7086896,47.1218555],[28.7086905,47.1218533],[28.7086935,47.1218537],[28.7086922,47.1218541],[28.708693,47.1218582],[28.7086914,47.1218598],[28.7086898,47.1218609],[28.7086878,47.1218596],[28.7086865,47.1218596],[28.7086855,47.1218614]]]}},{"type":"Feature","id":353,"properties":{"canopy_id":"siret3_r021_c012#0353","vineyard_id":"V01","row_id":"V01-R20","tile":"siret3_r021_c012","area_m2":0.2107},"geometry":{"type":"Polygon","coordinates":[[[28.7087044,47.1218434],[28.7087024,47.1218414],[28.7087036,47.12184],[28.7087079,47.1218381],[28.7087115,47.1218394],[28.7087106,47.1218413],[28.708708,47.1218415],[28.7087044,47.1218434]]]}},{"type":"Feature","id":354,"properties":{"canopy_id":"siret3_r021_c012#0354","vineyard_id":"V01","row_id":"V01-R20","tile":"siret3_r021_c012","area_m2":0.2188},"geometry":{"type":"Polygon","coordinates":[[[28.7087252,47.121823],[28.7087241,47.1218206],[28.7087254,47.1218188],[28.7087316,47.1218187],[28.708734,47.1218193],[28.7087317,47.1218216],[28.7087284,47.1218214],[28.7087252,47.121823]]]}},{"type":"Feature","id":355,"properties":{"canopy_id":"siret3_r021_c012#0355","vineyard_id":"V01","row_id":"V01-R20","tile":"siret3_r021_c012","area_m2":0.324},"geometry":{"type":"Polygon","coordinates":[[[28.7087516,47.1218031],[28.7087508,47.1218008],[28.7087521,47.1217979],[28.7087487,47.1217973],[28.708752,47.121795],[28.7087569,47.1217942],[28.7087576,47.1217976],[28.7087516,47.1218031]]]}},{"type":"Feature","id":356,"properties":{"canopy_id":"siret3_r021_c012#0356","vineyard_id":"V01","row_id":"V01-R20","tile":"siret3_r021_c012","area_m2":0.5657},"geometry":{"type":"Polygon","coordinates":[[[28.7087326,47.1218171],[28.7087319,47.1218162],[28.7087348,47.121815],[28.7087348,47.1218134],[28.7087377,47.1218127],[28.7087376,47.1218105],[28.708739,47.1218111],[28.7087409,47.1218109],[28.7087409,47.12181],[28.7087372,47.121808],[28.7087398,47.1218053],[28.7087411,47.1218044],[28.7087437,47.1218048],[28.7087454,47.1218061],[28.708747,47.1218061],[28.7087486,47.121804],[28.7087516,47.1218033],[28.7087474,47.1218072],[28.7087454,47.1218074],[28.7087455,47.121809],[28.7087404,47.1218138],[28.7087371,47.121815],[28.7087351,47.1218148],[28.7087349,47.121817],[28.7087326,47.1218171]]]}},{"type":"Feature","id":357,"properties":{"canopy_id":"siret3_r021_c012#0357","vineyard_id":"V01","row_id":"V01-R20","tile":"siret3_r021_c012","area_m2":1.3752},"geometry":{"type":"Polygon","coordinates":[[[28.7087845,47.121772],[28.7087842,47.1217711],[28.7087822,47.1217718],[28.7087805,47.1217709],[28.7087814,47.1217664],[28.7087843,47.121765],[28.7087843,47.1217641],[28.7087865,47.1217623],[28.7087908,47.121762],[28.7087904,47.1217604],[28.7087881,47.12176],[28.7087923,47.121759],[28.7087919,47.1217568],[28.7087932,47.1217554],[28.7087939,47.1217552],[28.7087949,47.1217563],[28.7087965,47.1217561],[28.7087958,47.1217527],[28.708797,47.1217516],[28.7087984,47.1217515],[28.7088006,47.1217492],[28.7088032,47.1217494],[28.7088053,47.1217508],[28.7088056,47.1217525],[28.7087964,47.1217612],[28.7087944,47.1217622],[28.7087935,47.121764],[28.7087912,47.1217642],[28.7087912,47.121766],[28.7087845,47.121772]]]}},{"type":"Feature","id":358,"properties":{"canopy_id":"siret3_r021_c012#0358","vineyard_id":"V01","row_id":"V01-R20","tile":"siret3_r021_c012","area_m2":0.3599},"geometry":{"type":"Polygon","coordinates":[[[28.7087771,47.1217784],[28.7087768,47.1217775],[28.7087748,47.1217775],[28.7087728,47.1217769],[28.7087728,47.1217762],[28.708775,47.1217746],[28.708775,47.1217724],[28.7087766,47.121771],[28.7087783,47.1217721],[28.7087805,47.1217711],[28.7087826,47.1217727],[28.7087816,47.121775],[28.7087781,47.1217784],[28.7087771,47.1217784]]]}},{"type":"Feature","id":359,"properties":{"canopy_id":"siret3_r021_c012#0359","vineyard_id":"V01","row_id":"V01-R20","tile":"siret3_r021_c012","area_m2":1.0945},"geometry":{"type":"Polygon","coordinates":[[[28.7088104,47.121748],[28.7088104,47.1217464],[28.7088068,47.1217471],[28.7088044,47.121746],[28.7088028,47.1217463],[28.7088054,47.1217456],[28.7088054,47.1217442],[28.7088092,47.1217401],[28.7088214,47.1217287],[28.7088237,47.1217282],[28.7088246,47.1217264],[28.7088259,47.1217257],[28.7088275,47.1217259],[28.7088291,47.1217245],[28.7088344,47.1217247],[28.7088312,47.1217283],[28.7088289,47.1217277],[28.7088202,47.1217323],[28.7088206,47.121735],[28.7088216,47.1217357],[28.7088229,47.1217356],[28.7088235,47.1217347],[28.7088255,47.1217338],[28.7088223,47.1217368],[28.7088193,47.1217359],[28.7088183,47.1217366],[28.7088184,47.1217384],[28.7088144,47.1217387],[28.7088128,47.1217398],[28.7088142,47.1217418],[28.708812,47.1217446],[28.7088127,47.1217459],[28.7088104,47.121748]]]}},{"type":"Feature","id":360,"properties":{"canopy_id":"siret3_r021_c012#0360","vineyard_id":"V01","row_id":"V01-R20","tile":"siret3_r021_c012","area_m2":0.2661},"geometry":{"type":"Polygon","coordinates":[[[28.7088365,47.1217172],[28.7088345,47.1217166],[28.7088406,47.1217109],[28.708841,47.1217127],[28.7088446,47.1217146],[28.7088447,47.1217157],[28.7088434,47.1217171],[28.7088414,47.1217162],[28.7088365,47.1217172]]]}},{"type":"Feature","id":361,"properties":{"canopy_id":"siret3_r021_c012#0361","vineyard_id":"V01","row_id":"V01-R20","tile":"siret3_r021_c012","area_m2":1.0605},"geometry":{"type":"Polygon","coordinates":[[[28.7088652,47.1216891],[28.7088652,47.1216875],[28.7088668,47.1216871],[28.7088668,47.1216862],[28.7088713,47.1216818],[28.7088729,47.1216823],[28.7088759,47.1216815],[28.7088759,47.1216806],[28.7088739,47.1216802],[28.7088738,47.1216795],[28.7088783,47.1216754],[28.7088803,47.1216752],[28.7088806,47.1216731],[28.7088873,47.121667],[28.7088883,47.1216685],[28.7088867,47.1216703],[28.7088868,47.1216742],[28.7088895,47.1216739],[28.7088818,47.1216796],[28.7088791,47.1216801],[28.7088788,47.1216815],[28.7088805,47.1216821],[28.7088779,47.1216829],[28.7088783,47.1216844],[28.7088757,47.1216867],[28.7088744,47.1216867],[28.7088744,47.1216854],[28.7088688,47.1216857],[28.7088681,47.121687],[28.7088692,47.1216882],[28.7088652,47.1216891]]]}},{"type":"Feature","id":362,"properties":{"canopy_id":"siret3_r021_c012#0362","vineyard_id":"V01","row_id":"V01-R20","tile":"siret3_r021_c012","area_m2":1.969},"geometry":{"type":"Polygon","coordinates":[[[28.7088909,47.1216671],[28.7088906,47.1216662],[28.7088886,47.1216658],[28.7088927,47.1216617],[28.7088956,47.1216608],[28.7088959,47.1216596],[28.7088985,47.1216587],[28.7088994,47.1216555],[28.7089023,47.1216537],[28.7089023,47.1216528],[28.7089065,47.1216489],[28.7089085,47.1216491],[28.7089097,47.1216468],[28.708912,47.1216477],[28.7089137,47.1216474],[28.7089139,47.1216447],[28.7089119,47.1216439],[28.7089183,47.1216377],[28.7089213,47.1216386],[28.7089227,47.1216397],[28.7089217,47.121641],[28.7089228,47.1216426],[28.7089212,47.1216442],[28.7089198,47.1216444],[28.7089189,47.1216462],[28.7088975,47.1216664],[28.7088909,47.1216671]]]}},{"type":"Feature","id":363,"properties":{"canopy_id":"siret3_r021_c012#0363","vineyard_id":"V01","row_id":"V01-R20","tile":"siret3_r021_c012","area_m2":0.6079},"geometry":{"type":"Polygon","coordinates":[[[28.708931,47.1216339],[28.7089316,47.1216321],[28.7089303,47.1216315],[28.7089264,47.1216324],[28.708925,47.121632],[28.7089286,47.1216281],[28.7089311,47.1216267],[28.7089346,47.1216224],[28.7089363,47.1216221],[28.708937,47.121623],[28.7089367,47.1216242],[28.7089354,47.1216244],[28.7089357,47.1216255],[28.708937,47.1216255],[28.7089396,47.1216237],[28.7089413,47.1216239],[28.7089416,47.1216248],[28.7089378,47.1216284],[28.7089335,47.1216289],[28.7089352,47.1216309],[28.7089324,47.1216337],[28.708931,47.1216339]]]}},{"type":"Feature","id":364,"properties":{"canopy_id":"siret3_r021_c012#0364","vineyard_id":"V01","row_id":"V01-R20","tile":"siret3_r021_c012","area_m2":0.1995},"geometry":{"type":"Polygon","coordinates":[[[28.7089439,47.1216225],[28.7089402,47.1216216],[28.7089408,47.1216207],[28.7089435,47.12162],[28.7089434,47.1216191],[28.7089394,47.1216185],[28.7089394,47.1216178],[28.7089493,47.1216177],[28.7089439,47.1216225]]]}},{"type":"Feature","id":365,"properties":{"canopy_id":"siret3_r021_c012#0365","vineyard_id":"V01","row_id":"V01-R21","tile":"siret3_r021_c012","area_m2":2.5442},"geometry":{"type":"Polygon","coordinates":[[[28.7086814,47.1218266],[28.7086811,47.1218257],[28.7086798,47.1218255],[28.7086796,47.1218197],[28.7086822,47.1218183],[28.7086855,47.1218207],[28.7086875,47.1218205],[28.7086875,47.1218196],[28.7086834,47.1218165],[28.7086886,47.1218117],[28.7086905,47.1218119],[28.7086938,47.1218102],[28.7086934,47.1218087],[28.7087012,47.1218058],[28.7087012,47.1218043],[28.7087066,47.1217999],[28.7087052,47.1217977],[28.7087062,47.1217952],[28.7087142,47.1217879],[28.7087168,47.1217878],[28.7087168,47.1217867],[28.7087154,47.1217865],[28.7087177,47.1217856],[28.7087177,47.1217845],[28.7087234,47.121779],[28.7087241,47.1217785],[28.7087251,47.1217803],[28.7087271,47.1217805],[28.7087255,47.1217807],[28.7087255,47.1217821],[28.7087268,47.1217823],[28.708726,47.1217857],[28.7087221,47.1217884],[28.7087214,47.1217873],[28.7087198,47.1217876],[28.7087205,47.1217905],[28.7087189,47.1217923],[28.708716,47.1217939],[28.7087157,47.1217953],[28.7087068,47.1218037],[28.7087051,47.121804],[28.7087042,47.1218056],[28.7087012,47.1218061],[28.7087013,47.1218088],[28.7087,47.1218099],[28.7086974,47.1218102],[28.7086975,47.1218124],[28.7086962,47.1218136],[28.7086939,47.1218141],[28.708694,47.1218156],[28.7086924,47.1218172],[28.7086881,47.1218173],[28.7086882,47.1218211],[28.7086846,47.1218225],[28.7086853,47.1218239],[28.7086814,47.1218266]]]}},{"type":"Feature","id":366,"properties":{"canopy_id":"siret3_r021_c012#0366","vineyard_id":"V01","row_id":"V01-R21","tile":"siret3_r021_c012","area_m2":2.9353},"geometry":{"type":"Polygon","coordinates":[[[28.7087421,47.1217652],[28.7087408,47.1217645],[28.7087407,47.1217627],[28.7087477,47.1217561],[28.7087529,47.1217533],[28.7087529,47.1217513],[28.708758,47.1217465],[28.708759,47.1217472],[28.7087606,47.1217469],[28.7087615,47.1217433],[28.7087641,47.1217408],[28.708767,47.1217387],[28.7087693,47.1217394],[28.7087699,47.1217382],[28.7087719,47.121738],[28.7087719,47.1217369],[28.7087695,47.1217358],[28.7087759,47.1217305],[28.7087762,47.1217294],[28.7087804,47.1217271],[28.7087807,47.1217252],[28.7087855,47.1217207],[28.7087878,47.1217204],[28.7087888,47.1217218],[28.7087889,47.1217247],[28.7087847,47.1217263],[28.7087844,47.1217277],[28.7087854,47.1217281],[28.7087841,47.1217295],[28.7087842,47.121731],[28.708779,47.1217343],[28.7087787,47.1217352],[28.7087771,47.1217354],[28.7087768,47.1217379],[28.7087739,47.1217406],[28.7087713,47.1217411],[28.7087704,47.1217438],[28.7087628,47.1217512],[28.7087605,47.1217521],[28.7087595,47.1217541],[28.7087569,47.1217551],[28.7087563,47.1217571],[28.7087516,47.1217617],[28.7087496,47.1217617],[28.7087499,47.1217631],[28.7087484,47.1217647],[28.7087421,47.1217652]]]}},{"type":"Feature","id":367,"properties":{"canopy_id":"siret3_r021_c012#0367","vineyard_id":"V01","row_id":"V01-R21","tile":"siret3_r021_c012","area_m2":0.5723},"geometry":{"type":"Polygon","coordinates":[[[28.7087323,47.1217786],[28.7087326,47.1217768],[28.7087339,47.1217761],[28.7087324,47.1217723],[28.7087337,47.1217694],[28.7087378,47.1217655],[28.7087408,47.1217648],[28.7087425,47.1217663],[28.7087422,47.1217697],[28.7087393,47.1217713],[28.7087381,47.1217743],[28.7087358,47.1217747],[28.7087343,47.1217779],[28.7087323,47.1217786]]]}},{"type":"Feature","id":368,"properties":{"canopy_id":"siret3_r021_c012#0368","vineyard_id":"V01","row_id":"V01-R21","tile":"siret3_r021_c012","area_m2":0.28},"geometry":{"type":"Polygon","coordinates":[[[28.7087963,47.1217196],[28.7087926,47.1217145],[28.7087945,47.121714],[28.7087957,47.1217111],[28.7087977,47.1217099],[28.7087987,47.1217113],[28.7087971,47.1217124],[28.7087971,47.1217135],[28.7087991,47.1217139],[28.7087999,47.1217162],[28.7087963,47.1217196]]]}},{"type":"Feature","id":369,"properties":{"canopy_id":"siret3_r021_c012#0369","vineyard_id":"V01","row_id":"V01-R21","tile":"siret3_r021_c012","area_m2":0.5632},"geometry":{"type":"Polygon","coordinates":[[[28.7088299,47.1216869],[28.7088282,47.1216861],[28.7088278,47.1216829],[28.7088291,47.1216822],[28.7088297,47.1216793],[28.7088351,47.1216747],[28.7088381,47.1216765],[28.7088368,47.1216769],[28.7088382,47.1216794],[28.7088369,47.1216799],[28.708836,47.1216824],[28.7088331,47.1216851],[28.7088309,47.1216858],[28.7088299,47.1216869]]]}},{"type":"Feature","id":370,"properties":{"canopy_id":"siret3_r021_c012#0370","vineyard_id":"V01","row_id":"V01-R21","tile":"siret3_r021_c012","area_m2":0.8528},"geometry":{"type":"Polygon","coordinates":[[[28.7088145,47.1217011],[28.7088132,47.1217002],[28.7088138,47.1216982],[28.7088115,47.1216978],[28.7088124,47.1216955],[28.7088204,47.121688],[28.7088263,47.1216877],[28.7088279,47.1216863],[28.7088292,47.1216867],[28.7088303,47.1216876],[28.7088264,47.1216913],[28.7088228,47.1216911],[28.7088215,47.1216918],[28.7088216,47.1216938],[28.7088229,47.1216947],[28.7088165,47.1217006],[28.7088145,47.1217011]]]}},{"type":"Feature","id":371,"properties":{"canopy_id":"siret3_r021_c012#0371","vineyard_id":"V01","row_id":"V01-R21","tile":"siret3_r021_c012","area_m2":1.8823},"geometry":{"type":"Polygon","coordinates":[[[28.708842,47.1216748],[28.7088397,47.1216724],[28.7088377,47.1216718],[28.7088476,47.1216624],[28.7088505,47.121661],[28.7088508,47.1216599],[28.7088547,47.1216587],[28.7088553,47.1216562],[28.7088573,47.1216557],[28.7088572,47.1216546],[28.7088588,47.1216539],[28.708861,47.1216498],[28.708862,47.1216491],[28.7088656,47.1216488],[28.7088658,47.1216455],[28.7088719,47.1216397],[28.708874,47.1216422],[28.7088737,47.1216438],[28.708876,47.1216449],[28.7088737,47.1216458],[28.7088738,47.1216469],[28.7088719,47.1216487],[28.7088699,47.121649],[28.7088696,47.1216508],[28.7088671,47.1216531],[28.7088628,47.1216532],[28.7088616,47.1216583],[28.7088587,47.1216609],[28.7088561,47.1216607],[28.7088555,47.1216618],[28.7088532,47.1216621],[28.7088533,47.1216661],[28.7088516,47.1216659],[28.7088477,47.1216676],[28.7088478,47.1216685],[28.7088465,47.1216687],[28.7088468,47.1216698],[28.7088442,47.1216712],[28.7088443,47.1216741],[28.708842,47.1216748]]]}},{"type":"Feature","id":372,"properties":{"canopy_id":"siret3_r021_c012#0372","vineyard_id":"V01","row_id":"V01-R21","tile":"siret3_r021_c012","area_m2":0.28},"geometry":{"type":"Polygon","coordinates":[[[28.7088798,47.1216403],[28.7088775,47.1216394],[28.7088774,47.121637],[28.70888,47.121636],[28.7088822,47.1216324],[28.7088865,47.1216328],[28.7088866,47.1216344],[28.7088836,47.1216357],[28.7088824,47.1216369],[28.7088821,47.1216391],[28.7088798,47.1216403]]]}},{"type":"Feature","id":373,"properties":{"canopy_id":"siret3_r021_c012#0373","vineyard_id":"V01","row_id":"V01-R21","tile":"siret3_r021_c012","area_m2":0.7351},"geometry":{"type":"Polygon","coordinates":[[[28.7088891,47.1216325],[28.7088884,47.1216305],[28.7088854,47.1216303],[28.7088853,47.1216269],[28.7088882,47.1216244],[28.7088905,47.1216246],[28.7088915,47.1216233],[28.7088948,47.1216228],[28.708895,47.1216185],[28.7089012,47.1216184],[28.7089023,47.1216202],[28.708899,47.121622],[28.7088984,47.1216238],[28.7088952,47.1216268],[28.7088916,47.121628],[28.7088917,47.12163],[28.7088891,47.1216325]]]}},{"type":"Feature","id":374,"properties":{"canopy_id":"siret3_r021_c012#0374","vineyard_id":"V01","row_id":"V01-R22","tile":"siret3_r021_c012","area_m2":0.5542},"geometry":{"type":"Polygon","coordinates":[[[28.7086783,47.1217801],[28.7086783,47.1217785],[28.7086802,47.1217783],[28.7086799,47.1217767],[28.7086811,47.1217749],[28.7086869,47.1217692],[28.7086917,47.1217673],[28.7086941,47.1217677],[28.7086922,47.1217716],[28.7086876,47.121773],[28.7086864,47.1217757],[28.7086847,47.121775],[28.7086828,47.1217753],[28.7086828,47.1217762],[28.7086845,47.1217764],[28.7086855,47.121778],[28.7086829,47.1217789],[28.7086826,47.1217798],[28.7086783,47.1217801]]]}},{"type":"Feature","id":375,"properties":{"canopy_id":"siret3_r021_c012#0375","vineyard_id":"V01","row_id":"V01-R22","tile":"siret3_r021_c012","area_m2":0.3093},"geometry":{"type":"Polygon","coordinates":[[[28.7086973,47.1217663],[28.708696,47.1217652],[28.7086962,47.1217639],[28.7086942,47.1217625],[28.7086978,47.1217593],[28.7087007,47.1217591],[28.7087021,47.1217608],[28.7087018,47.1217635],[28.708699,47.1217661],[28.7086973,47.1217663]]]}},{"type":"Feature","id":376,"properties":{"canopy_id":"siret3_r021_c012#0376","vineyard_id":"V01","row_id":"V01-R22","tile":"siret3_r021_c012","area_m2":0.6721},"geometry":{"type":"Polygon","coordinates":[[[28.7087122,47.1217488],[28.7087125,47.1217472],[28.7087142,47.1217465],[28.7087178,47.1217464],[28.7087181,47.1217449],[28.708717,47.121744],[28.7087154,47.121744],[28.7087154,47.1217431],[28.7087163,47.1217429],[28.708717,47.1217437],[28.7087193,47.1217435],[28.7087189,47.1217399],[28.7087235,47.1217394],[28.7087231,47.1217369],[28.7087247,47.1217355],[28.7087273,47.1217362],[28.7087275,47.1217409],[28.7087169,47.1217505],[28.7087159,47.1217485],[28.7087122,47.1217488]]]}},{"type":"Feature","id":377,"properties":{"canopy_id":"siret3_r021_c012#0377","vineyard_id":"V01","row_id":"V01-R22","tile":"siret3_r021_c012","area_m2":0.4053},"geometry":{"type":"Polygon","coordinates":[[[28.7087319,47.1217361],[28.7087289,47.1217332],[28.7087266,47.1217328],[28.7087311,47.12173],[28.7087314,47.1217285],[28.708733,47.1217271],[28.7087353,47.1217289],[28.7087393,47.1217299],[28.7087319,47.1217361]]]}},{"type":"Feature","id":378,"properties":{"canopy_id":"siret3_r021_c012#0378","vineyard_id":"V01","row_id":"V01-R22","tile":"siret3_r021_c012","area_m2":0.4946},"geometry":{"type":"Polygon","coordinates":[[[28.7087635,47.1217037],[28.7087619,47.1217028],[28.7087621,47.1217015],[28.7087647,47.1216985],[28.7087663,47.1216976],[28.7087686,47.1216975],[28.7087705,47.1216959],[28.7087695,47.1216941],[28.7087714,47.1216916],[28.7087727,47.1216914],[28.7087754,47.1216932],[28.7087765,47.1216954],[28.7087729,47.121697],[28.7087697,47.1217007],[28.7087661,47.1217012],[28.7087635,47.1217037]]]}},{"type":"Feature","id":379,"properties":{"canopy_id":"siret3_r021_c012#0379","vineyard_id":"V01","row_id":"V01-R22","tile":"siret3_r021_c012","area_m2":0.4092},"geometry":{"type":"Polygon","coordinates":[[[28.7087546,47.1217135],[28.7087542,47.1217108],[28.7087525,47.1217104],[28.7087522,47.1217093],[28.7087551,47.1217081],[28.7087554,47.1217063],[28.7087576,47.1217044],[28.7087612,47.1217039],[28.7087619,47.121703],[28.7087632,47.1217037],[28.7087629,47.1217053],[28.7087606,47.121706],[28.7087607,47.1217075],[28.7087621,47.1217089],[28.7087581,47.1217096],[28.7087579,47.1217123],[28.7087546,47.1217135]]]}},{"type":"Feature","id":380,"properties":{"canopy_id":"siret3_r021_c012#0380","vineyard_id":"V01","row_id":"V01-R22","tile":"siret3_r021_c012","area_m2":0.4075},"geometry":{"type":"Polygon","coordinates":[[[28.7087793,47.1216931],[28.7087783,47.1216922],[28.7087793,47.1216902],[28.7087776,47.1216893],[28.7087775,47.1216873],[28.7087765,47.1216871],[28.7087782,47.1216868],[28.7087778,47.1216857],[28.70878,47.1216839],[28.7087824,47.1216841],[28.7087846,47.121682],[28.7087859,47.1216827],[28.7087867,47.1216849],[28.708788,47.1216851],[28.7087812,47.1216888],[28.7087813,47.1216915],[28.7087793,47.1216931]]]}},{"type":"Feature","id":381,"properties":{"canopy_id":"siret3_r021_c012#0381","vineyard_id":"V01","row_id":"V01-R22","tile":"siret3_r021_c012","area_m2":0.4609},"geometry":{"type":"Polygon","coordinates":[[[28.7087902,47.1216826],[28.7087872,47.1216813],[28.7087865,47.1216786],[28.7087884,47.1216774],[28.7087884,47.1216761],[28.7087912,47.1216736],[28.7087946,47.121674],[28.708797,47.1216771],[28.7087902,47.1216826]]]}},{"type":"Feature","id":382,"properties":{"canopy_id":"siret3_r021_c012#0382","vineyard_id":"V01","row_id":"V01-R22","tile":"siret3_r021_c012","area_m2":0.5176},"geometry":{"type":"Polygon","coordinates":[[[28.7087985,47.1216748],[28.7087972,47.1216737],[28.7087971,47.1216721],[28.7087997,47.1216707],[28.7087997,47.1216685],[28.7087973,47.1216679],[28.708799,47.1216676],[28.7088006,47.1216658],[28.7088009,47.1216676],[28.7088033,47.1216678],[28.7088032,47.121666],[28.7088012,47.1216656],[28.7088021,47.1216635],[28.7088034,47.121663],[28.7088038,47.1216639],[28.7088054,47.1216639],[28.7088077,47.121663],[28.708811,47.1216638],[28.708805,47.1216698],[28.7088017,47.1216707],[28.7088021,47.1216723],[28.7087985,47.1216748]]]}},{"type":"Feature","id":383,"properties":{"canopy_id":"siret3_r021_c012#0383","vineyard_id":"V01","row_id":"V01-R22","tile":"siret3_r021_c012","area_m2":0.2751},"geometry":{"type":"Polygon","coordinates":[[[28.7088283,47.1216483],[28.7088242,47.1216432],[28.70883,47.1216397],[28.7088318,47.1216433],[28.7088283,47.1216483]]]}},{"type":"Feature","id":384,"properties":{"canopy_id":"siret3_r021_c012#0384","vineyard_id":"V01","row_id":"V01-R22","tile":"siret3_r021_c012","area_m2":0.5996},"geometry":{"type":"Polygon","coordinates":[[[28.708835,47.1216401],[28.7088327,47.1216392],[28.7088332,47.1216349],[28.7088373,47.121631],[28.7088393,47.1216312],[28.7088409,47.1216303],[28.7088446,47.1216309],[28.708845,47.1216327],[28.7088437,47.1216332],[28.7088431,47.1216348],[28.7088376,47.1216396],[28.708835,47.1216401]]]}},{"type":"Feature","id":385,"properties":{"canopy_id":"siret3_r021_c012#0385","vineyard_id":"V01","row_id":"V01-R22","tile":"siret3_r021_c012","area_m2":0.6846},"geometry":{"type":"Polygon","coordinates":[[[28.7088459,47.1216302],[28.7088459,47.1216291],[28.7088435,47.1216287],[28.7088428,47.1216276],[28.7088455,47.1216269],[28.7088441,47.1216249],[28.7088476,47.1216217],[28.7088502,47.1216212],[28.7088498,47.1216192],[28.708859,47.121619],[28.7088588,47.1216204],[28.7088542,47.1216231],[28.7088543,47.1216245],[28.7088504,47.121627],[28.7088488,47.1216295],[28.7088459,47.1216302]]]}},{"type":"Feature","id":386,"properties":{"canopy_id":"siret3_r021_c012#0386","vineyard_id":"V01","row_id":"V01-R23","tile":"siret3_r021_c012","area_m2":1.4236},"geometry":{"type":"Polygon","coordinates":[[[28.7086798,47.121743],[28.7086796,47.1217391],[28.7086835,47.1217361],[28.7086831,47.121735],[28.7086801,47.1217344],[28.708684,47.1217307],[28.7086859,47.1217303],[28.7086869,47.121728],[28.7086895,47.1217275],[28.7086888,47.1217262],[28.7086926,47.1217225],[28.7086956,47.1217222],[28.7086955,47.1217198],[28.7086987,47.121717],[28.7086991,47.1217181],[28.7087024,47.1217197],[28.7086993,47.1217253],[28.7086957,47.1217276],[28.7086955,47.121729],[28.7086811,47.1217427],[28.7086798,47.121743]]]}},{"type":"Feature","id":387,"properties":{"canopy_id":"siret3_r021_c012#0387","vineyard_id":"V01","row_id":"V01-R23","tile":"siret3_r021_c012","area_m2":1.2073},"geometry":{"type":"Polygon","coordinates":[[[28.7087101,47.1217119],[28.7087081,47.1217115],[28.7087064,47.1217095],[28.708708,47.1217083],[28.7087122,47.1217076],[28.7087142,47.1217062],[28.7087134,47.121704],[28.708719,47.1217019],[28.7087198,47.121698],[28.7087244,47.1216966],[28.7087279,47.1216932],[28.7087279,47.1216916],[28.7087266,47.1216912],[28.7087268,47.1216901],[28.7087307,47.1216864],[28.708733,47.1216859],[28.7087349,47.1216834],[28.7087362,47.1216832],[28.7087366,47.1216852],[28.708735,47.1216861],[28.7087335,47.1216929],[28.7087309,47.1216945],[28.7087306,47.1216956],[28.7087261,47.1216982],[28.7087242,47.1217009],[28.70872,47.1217037],[28.7087185,47.1217062],[28.7087172,47.1217064],[28.7087172,47.1217073],[28.7087136,47.1217087],[28.7087123,47.1217107],[28.7087101,47.1217119]]]}},{"type":"Feature","id":388,"properties":{"canopy_id":"siret3_r021_c012#0388","vineyard_id":"V01","row_id":"V01-R23","tile":"siret3_r021_c012","area_m2":0.5273},"geometry":{"type":"Polygon","coordinates":[[[28.7087428,47.1216837],[28.7087364,47.1216809],[28.7087419,47.1216759],[28.7087468,47.1216763],[28.7087471,47.1216742],[28.7087494,47.1216737],[28.7087504,47.1216746],[28.7087498,47.1216773],[28.7087482,47.1216789],[28.7087453,47.121679],[28.7087454,47.1216817],[28.7087428,47.1216837]]]}},{"type":"Feature","id":389,"properties":{"canopy_id":"siret3_r021_c012#0389","vineyard_id":"V01","row_id":"V01-R23","tile":"siret3_r021_c012","area_m2":0.2886},"geometry":{"type":"Polygon","coordinates":[[[28.7087556,47.1216716],[28.7087516,47.1216703],[28.7087509,47.1216688],[28.7087512,47.121667],[28.7087556,47.1216629],[28.708757,47.1216644],[28.70876,47.1216648],[28.7087555,47.1216676],[28.7087549,47.1216705],[28.7087569,47.1216707],[28.7087556,47.1216716]]]}},{"type":"Feature","id":390,"properties":{"canopy_id":"siret3_r021_c012#0390","vineyard_id":"V01","row_id":"V01-R23","tile":"siret3_r021_c012","area_m2":1.3452},"geometry":{"type":"Polygon","coordinates":[[[28.7087622,47.1216616],[28.7087612,47.121661],[28.7087611,47.1216576],[28.7087691,47.1216501],[28.7087717,47.12165],[28.708774,47.1216486],[28.7087739,47.1216475],[28.7087792,47.1216468],[28.7087797,47.1216411],[28.7087809,47.1216395],[28.7087836,47.1216395],[28.7087835,47.1216366],[28.7087845,47.1216366],[28.7087848,47.1216354],[28.708787,47.1216343],[28.708791,47.1216347],[28.7087926,47.1216328],[28.7087939,47.121633],[28.7087949,47.1216346],[28.708793,47.1216364],[28.7087871,47.121637],[28.7087889,47.1216403],[28.7087879,47.1216412],[28.7087837,47.1216422],[28.7087837,47.1216433],[28.7087821,47.1216438],[28.7087811,47.1216454],[28.7087818,47.1216469],[28.7087745,47.121654],[28.7087735,47.1216547],[28.7087719,47.1216545],[28.7087714,47.1216516],[28.7087675,47.1216528],[28.7087675,47.1216539],[28.7087709,47.1216548],[28.7087709,47.1216554],[28.7087703,47.1216561],[28.7087663,47.1216564],[28.7087651,47.1216607],[28.7087671,47.1216607],[28.7087668,47.1216613],[28.7087622,47.1216616]]]}},{"type":"Feature","id":391,"properties":{"canopy_id":"siret3_r021_c012#0391","vineyard_id":"V01","row_id":"V01-R23","tile":"siret3_r021_c012","area_m2":0.6174},"geometry":{"type":"Polygon","coordinates":[[[28.7087968,47.1216305],[28.7087941,47.1216294],[28.7087925,47.1216295],[28.7087918,47.1216304],[28.7087905,47.1216297],[28.7087979,47.1216226],[28.7088008,47.1216217],[28.7088008,47.1216208],[28.7088048,47.1216219],[28.7088047,47.1216198],[28.7088093,47.1216198],[28.7088087,47.1216213],[28.7088051,47.1216216],[28.7088031,47.1216232],[28.7088035,47.1216248],[28.7087997,47.12163],[28.7087968,47.1216305]]]}},{"type":"Feature","id":392,"properties":{"canopy_id":"siret3_r021_c012#0392","vineyard_id":"V01","row_id":"V01-R24","tile":"siret3_r021_c012","area_m2":0.3257},"geometry":{"type":"Polygon","coordinates":[[[28.7086795,47.1217036],[28.7086781,47.1217018],[28.7086758,47.1217012],[28.7086757,47.1216994],[28.7086787,47.1216986],[28.7086786,47.121696],[28.7086838,47.1216956],[28.7086833,47.1216997],[28.7086814,47.1217024],[28.7086795,47.1217036]]]}},{"type":"Feature","id":393,"properties":{"canopy_id":"siret3_r021_c012#0393","vineyard_id":"V01","row_id":"V01-R24","tile":"siret3_r021_c012","area_m2":1.0417},"geometry":{"type":"Polygon","coordinates":[[[28.7086897,47.1216931],[28.7086863,47.1216911],[28.7086863,47.12169],[28.7086898,47.1216868],[28.7086928,47.1216863],[28.7086927,47.1216849],[28.7086914,47.1216838],[28.7086962,47.1216795],[28.7086978,47.1216792],[28.7086998,47.1216803],[28.7087018,47.1216801],[28.7087014,47.1216765],[28.7087046,47.1216762],[28.7087056,47.1216753],[28.7087056,47.121674],[28.7087029,47.1216731],[28.7087045,47.1216715],[28.7087078,47.1216708],[28.7087082,47.1216732],[28.7087102,47.1216743],[28.7087099,47.1216752],[28.7087076,47.1216762],[28.708707,47.121678],[28.7087044,47.1216803],[28.7087021,47.1216805],[28.7087016,47.121683],[28.708699,47.1216842],[28.7086974,47.1216871],[28.7086948,47.1216885],[28.7086922,47.1216885],[28.7086913,47.1216924],[28.7086897,47.1216931]]]}},{"type":"Feature","id":394,"properties":{"canopy_id":"siret3_r021_c012#0394","vineyard_id":"V01","row_id":"V01-R24","tile":"siret3_r021_c012","area_m2":0.8577},"geometry":{"type":"Polygon","coordinates":[[[28.7087134,47.1216714],[28.7087114,47.1216696],[28.7087077,47.1216683],[28.7087157,47.1216617],[28.7087157,47.1216608],[28.7087177,47.1216605],[28.7087195,47.1216569],[28.7087221,47.1216555],[28.7087268,47.121659],[28.7087233,47.1216615],[28.7087197,47.1216623],[28.7087208,47.1216647],[28.7087134,47.1216714]]]}},{"type":"Feature","id":395,"properties":{"canopy_id":"siret3_r021_c012#0395","vineyard_id":"V01","row_id":"V01-R24","tile":"siret3_r021_c012","area_m2":0.3953},"geometry":{"type":"Polygon","coordinates":[[[28.7087342,47.1216517],[28.7087291,47.1216486],[28.7087339,47.1216432],[28.7087389,47.1216453],[28.7087384,47.121648],[28.7087342,47.1216517]]]}},{"type":"Feature","id":396,"properties":{"canopy_id":"siret3_r021_c012#0396","vineyard_id":"V01","row_id":"V01-R24","tile":"siret3_r021_c012","area_m2":0.4375},"geometry":{"type":"Polygon","coordinates":[[[28.7087441,47.1216408],[28.708743,47.1216394],[28.7087407,47.121639],[28.7087413,47.1216361],[28.7087442,47.1216336],[28.7087491,47.1216328],[28.7087521,47.1216346],[28.7087505,47.1216353],[28.7087499,47.1216371],[28.708746,47.1216401],[28.7087441,47.1216408]]]}},{"type":"Feature","id":397,"properties":{"canopy_id":"siret3_r021_c012#0397","vineyard_id":"V01","row_id":"V01-R25","tile":"siret3_r021_c012","area_m2":1.2605},"geometry":{"type":"Polygon","coordinates":[[[28.7086747,47.1216683],[28.7086745,47.1216598],[28.7086838,47.1216527],[28.7086902,47.1216458],[28.7086925,47.1216467],[28.7086955,47.1216467],[28.7086935,47.1216485],[28.7086943,47.1216505],[28.7086904,47.1216546],[28.7086853,47.1216592],[28.7086843,47.1216585],[28.7086817,47.1216588],[28.7086818,47.1216626],[28.7086747,47.1216683]]]}},{"type":"Feature","id":398,"properties":{"canopy_id":"siret3_r021_c012#0398","vineyard_id":"V01","row_id":"V01-R25","tile":"siret3_r021_c012","area_m2":0.707},"geometry":{"type":"Polygon","coordinates":[[[28.7087095,47.1216325],[28.7087085,47.1216318],[28.7087094,47.1216287],[28.7087124,47.1216286],[28.7087123,47.1216275],[28.7087106,47.1216269],[28.7087149,47.1216243],[28.7087164,47.1216211],[28.708725,47.121621],[28.7087247,47.1216219],[28.7087221,47.1216231],[28.7087225,47.1216249],[28.708716,47.1216299],[28.7087148,47.121632],[28.7087095,47.1216325]]]}},{"type":"Feature","id":399,"properties":{"canopy_id":"siret3_r021_c012#0399","vineyard_id":"V01","row_id":"V01-R25","tile":"siret3_r021_c012","area_m2":0.6228},"geometry":{"type":"Polygon","coordinates":[[[28.7086997,47.1216446],[28.7086983,47.1216426],[28.7086953,47.121641],[28.7086994,47.1216371],[28.7087008,47.1216369],[28.7087049,47.1216323],[28.7087085,47.1216321],[28.7087099,47.1216334],[28.7087069,47.1216339],[28.7087063,47.1216355],[28.7087093,47.1216357],[28.7087096,47.1216368],[28.7087055,47.1216404],[28.7087038,47.1216405],[28.7087012,47.1216418],[28.7086997,47.1216446]]]}},{"type":"Feature","id":400,"properties":{"canopy_id":"siret3_r006_c004#0400","vineyard_id":"V02","row_id":"V02-R01","tile":"siret3_r006_c004","area_m2":0.5605},"geometry":{"type":"Polygon","coordinates":[[[28.7041568,47.1290607],[28.704157,47.129058],[28.7041599,47.1290557],[28.7041598,47.1290526],[28.7041621,47.1290512],[28.7041636,47.1290467],[28.7041655,47.1290462],[28.7041676,47.1290473],[28.7041676,47.1290489],[28.7041655,47.1290539],[28.7041638,47.1290541],[28.7041642,47.1290568],[28.704161,47.1290598],[28.7041568,47.1290607]]]}},{"type":"Feature","id":401,"properties":{"canopy_id":"siret3_r006_c004#0401","vineyard_id":"V02","row_id":"V02-R01","tile":"siret3_r006_c004","area_m2":0.8577},"geometry":{"type":"Polygon","coordinates":[[[28.7041699,47.1290473],[28.7041698,47.1290455],[28.7041714,47.1290452],[28.7041713,47.1290421],[28.704173,47.1290414],[28.7041715,47.1290367],[28.704173,47.1290328],[28.7041756,47.1290301],[28.7041748,47.1290269],[28.704179,47.1290251],[28.7041824,47.129016],[28.704184,47.1290153],[28.7041841,47.1290171],[28.7041831,47.1290174],[28.7041831,47.1290183],[28.7041841,47.1290185],[28.7041842,47.1290216],[28.7041816,47.129023],[28.7041817,47.129025],[28.7041791,47.1290255],[28.7041792,47.1290289],[28.7041812,47.1290304],[28.7041803,47.129032],[28.7041773,47.1290325],[28.7041777,47.1290359],[28.7041758,47.1290373],[28.7041731,47.1290443],[28.7041712,47.129047],[28.7041699,47.1290473]]]}},{"type":"Feature","id":402,"properties":{"canopy_id":"siret3_r006_c004#0402","vineyard_id":"V02","row_id":"V02-R02","tile":"siret3_r006_c004","area_m2":0.6772},"geometry":{"type":"Polygon","coordinates":[[[28.7041232,47.1290612],[28.7041231,47.1290592],[28.704126,47.1290574],[28.7041263,47.1290562],[28.7041259,47.1290551],[28.704124,47.1290551],[28.7041249,47.1290536],[28.7041272,47.1290526],[28.7041294,47.1290494],[28.7041293,47.1290472],[28.7041309,47.1290456],[28.7041345,47.1290453],[28.7041352,47.1290464],[28.7041336,47.1290478],[28.7041337,47.1290489],[28.704135,47.1290503],[28.7041341,47.1290512],[28.7041318,47.1290514],[28.7041308,47.1290526],[28.7041313,47.1290571],[28.7041303,47.1290586],[28.7041265,47.1290612],[28.7041232,47.1290612]]]}},{"type":"Feature","id":403,"properties":{"canopy_id":"siret3_r006_c004#0403","vineyard_id":"V02","row_id":"V02-R02","tile":"siret3_r006_c004","area_m2":0.4736},"geometry":{"type":"Polygon","coordinates":[[[28.7041341,47.1290424],[28.7041337,47.129041],[28.7041376,47.1290385],[28.7041374,47.1290327],[28.7041429,47.1290281],[28.7041445,47.1290287],[28.7041453,47.1290308],[28.7041437,47.1290328],[28.7041411,47.129034],[28.7041406,47.1290391],[28.7041371,47.1290419],[28.7041341,47.1290424]]]}},{"type":"Feature","id":404,"properties":{"canopy_id":"siret3_r006_c004#0404","vineyard_id":"V02","row_id":"V02-R02","tile":"siret3_r006_c004","area_m2":0.4475},"geometry":{"type":"Polygon","coordinates":[[[28.7041498,47.1290174],[28.7041478,47.1290163],[28.7041483,47.1290129],[28.7041503,47.1290118],[28.7041505,47.1290093],[28.7041508,47.1290091],[28.7041515,47.1290091],[28.7041525,47.1290086],[28.7041535,47.1290086],[28.7041538,47.1290084],[28.7041538,47.129009],[28.7041541,47.1290092],[28.7041561,47.1290092],[28.7041571,47.1290101],[28.7041563,47.1290137],[28.704155,47.1290153],[28.7041498,47.1290174]]]}},{"type":"Feature","id":405,"properties":{"canopy_id":"siret3_r006_c004#0405","vineyard_id":"V02","row_id":"V02-R02","tile":"siret3_r006_c004","area_m2":0.8499},"geometry":{"type":"Polygon","coordinates":[[[28.7041645,47.1289922],[28.7041625,47.1289909],[28.704163,47.1289882],[28.7041653,47.1289866],[28.7041655,47.1289846],[28.7041681,47.1289832],[28.7041678,47.1289814],[28.704169,47.1289793],[28.7041722,47.1289775],[28.7041728,47.1289743],[28.7041754,47.1289734],[28.7041778,47.1289752],[28.7041775,47.1289758],[28.7041755,47.1289761],[28.7041759,47.1289797],[28.7041737,47.1289804],[28.7041738,47.1289835],[28.7041693,47.1289892],[28.7041658,47.1289922],[28.7041645,47.1289922]]]}},{"type":"Feature","id":406,"properties":{"canopy_id":"siret3_r006_c004#0406","vineyard_id":"V02","row_id":"V02-R03","tile":"siret3_r006_c004","area_m2":0.6775},"geometry":{"type":"Polygon","coordinates":[[[28.7041076,47.1290288],[28.704106,47.129028],[28.7041059,47.1290271],[28.7041065,47.1290255],[28.7041088,47.1290241],[28.7041083,47.1290201],[28.7041109,47.1290189],[28.7041109,47.1290175],[28.7041125,47.1290159],[28.7041124,47.1290123],[28.7041179,47.12901],[28.704119,47.1290122],[28.7041157,47.1290139],[28.7041149,47.12902],[28.7041111,47.1290252],[28.7041119,47.129027],[28.7041103,47.1290286],[28.7041076,47.1290288]]]}},{"type":"Feature","id":407,"properties":{"canopy_id":"siret3_r006_c004#0407","vineyard_id":"V02","row_id":"V02-R03","tile":"siret3_r006_c004","area_m2":0.6323},"geometry":{"type":"Polygon","coordinates":[[[28.7041179,47.1290087],[28.7041158,47.1290069],[28.7041161,47.129006],[28.7041178,47.1290053],[28.7041183,47.129003],[28.7041206,47.1290019],[28.7041205,47.1289992],[28.7041228,47.1289969],[28.704123,47.1289951],[28.7041247,47.1289942],[28.7041246,47.128993],[28.7041259,47.1289919],[28.7041279,47.1289921],[28.7041296,47.128993],[28.70413,47.1289952],[28.704127,47.1289962],[28.7041259,47.1290013],[28.7041201,47.1290055],[28.7041198,47.1290082],[28.7041179,47.1290087]]]}},{"type":"Feature","id":408,"properties":{"canopy_id":"siret3_r006_c004#0408","vineyard_id":"V02","row_id":"V02-R03","tile":"siret3_r006_c004","area_m2":0.835},"geometry":{"type":"Polygon","coordinates":[[[28.7041304,47.1289878],[28.7041297,47.1289867],[28.7041313,47.1289844],[28.7041309,47.1289828],[28.7041345,47.1289819],[28.7041344,47.1289796],[28.7041367,47.128978],[28.7041359,47.128976],[28.7041392,47.1289753],[28.7041392,47.1289739],[28.7041368,47.1289735],[28.7041365,47.1289724],[28.7041404,47.128971],[28.7041393,47.1289679],[28.7041442,47.1289667],[28.7041449,47.1289687],[28.7041435,47.1289739],[28.7041422,47.1289759],[28.7041409,47.1289762],[28.7041403,47.1289793],[28.7041381,47.1289805],[28.7041384,47.1289823],[28.7041355,47.1289837],[28.7041356,47.1289864],[28.7041324,47.1289878],[28.7041304,47.1289878]]]}},{"type":"Feature","id":409,"properties":{"canopy_id":"siret3_r006_c004#0409","vineyard_id":"V02","row_id":"V02-R03","tile":"siret3_r006_c004","area_m2":0.9585},"geometry":{"type":"Polygon","coordinates":[[[28.7041514,47.1289544],[28.7041501,47.128954],[28.704149,47.1289515],[28.7041516,47.1289494],[28.7041515,47.1289479],[28.7041531,47.1289458],[28.7041544,47.1289456],[28.7041565,47.1289399],[28.7041613,47.1289336],[28.7041606,47.1289315],[28.7041625,47.1289308],[28.7041631,47.1289288],[28.7041657,47.1289274],[28.7041659,47.1289243],[28.7041699,47.1289233],[28.7041706,47.1289255],[28.7041683,47.1289271],[28.7041688,47.1289301],[28.7041661,47.1289301],[28.7041636,47.1289328],[28.7041633,47.1289362],[28.7041604,47.1289374],[28.7041593,47.1289446],[28.7041542,47.128949],[28.7041537,47.1289537],[28.7041514,47.1289544]]]}},{"type":"Feature","id":410,"properties":{"canopy_id":"siret3_r006_c004#0410","vineyard_id":"V02","row_id":"V02-R04","tile":"siret3_r006_c004","area_m2":0.6309},"geometry":{"type":"Polygon","coordinates":[[[28.704049,47.1290617],[28.7040476,47.129059],[28.7040531,47.1290539],[28.704053,47.129053],[28.7040507,47.1290515],[28.704051,47.1290506],[28.7040545,47.129049],[28.7040561,47.1290469],[28.7040554,47.1290445],[28.704058,47.1290435],[28.7040604,47.1290453],[28.7040601,47.1290475],[28.7040572,47.1290503],[28.7040573,47.129053],[28.7040535,47.1290566],[28.7040526,47.1290596],[28.7040503,47.1290616],[28.704049,47.1290617]]]}},{"type":"Feature","id":411,"properties":{"canopy_id":"siret3_r006_c004#0411","vineyard_id":"V02","row_id":"V02-R04","tile":"siret3_r006_c004","area_m2":1.5073},"geometry":{"type":"Polygon","coordinates":[[[28.7040616,47.1290426],[28.7040583,47.1290419],[28.7040576,47.1290411],[28.7040595,47.1290397],[28.7040615,47.1290394],[28.7040613,47.1290347],[28.7040636,47.1290331],[28.7040632,47.1290306],[28.7040658,47.1290297],[28.7040647,47.1290263],[28.7040669,47.1290229],[28.7040715,47.129022],[28.7040704,47.129019],[28.7040729,47.1290156],[28.7040725,47.1290132],[28.7040735,47.1290116],[28.7040744,47.1290104],[28.7040764,47.12901],[28.7040756,47.1290079],[28.7040779,47.1290077],[28.7040805,47.1290045],[28.7040844,47.1290033],[28.7040848,47.1290047],[28.7040828,47.1290054],[28.7040809,47.1290085],[28.704077,47.129009],[28.7040772,47.1290142],[28.7040751,47.129023],[28.7040733,47.1290262],[28.7040703,47.1290278],[28.7040662,47.1290337],[28.704066,47.1290378],[28.7040635,47.1290392],[28.7040639,47.1290414],[28.7040616,47.1290426]]]}},{"type":"Feature","id":412,"properties":{"canopy_id":"siret3_r006_c004#0412","vineyard_id":"V02","row_id":"V02-R04","tile":"siret3_r006_c004","area_m2":1.1021},"geometry":{"type":"Polygon","coordinates":[[[28.7040863,47.1290004],[28.7040849,47.1289997],[28.7040849,47.1289977],[28.7040835,47.1289973],[28.7040831,47.1289952],[28.7040864,47.1289932],[28.704087,47.1289909],[28.7040908,47.1289886],[28.7040905,47.1289875],[28.7040923,47.1289838],[28.7040936,47.1289834],[28.7040936,47.1289809],[28.7040958,47.1289788],[28.7040954,47.1289748],[28.7040985,47.1289696],[28.7041008,47.1289695],[28.7041009,47.1289736],[28.704102,47.1289754],[28.7040994,47.1289765],[28.7041001,47.1289786],[28.7040995,47.1289799],[28.7040975,47.1289808],[28.7040964,47.1289858],[28.7040938,47.1289872],[28.7040942,47.1289894],[28.7040929,47.1289897],[28.7040916,47.1289913],[28.704091,47.1289944],[28.7040881,47.1289952],[28.7040885,47.1289983],[28.7040863,47.1290004]]]}},{"type":"Feature","id":413,"properties":{"canopy_id":"siret3_r006_c004#0413","vineyard_id":"V02","row_id":"V02-R04","tile":"siret3_r006_c004","area_m2":0.2559},"geometry":{"type":"Polygon","coordinates":[[[28.7041084,47.1289604],[28.7041071,47.1289593],[28.7041076,47.1289564],[28.7041101,47.128953],[28.7041131,47.1289525],[28.7041144,47.1289531],[28.7041135,47.1289556],[28.7041112,47.1289563],[28.7041113,47.1289588],[28.7041084,47.1289604]]]}},{"type":"Feature","id":414,"properties":{"canopy_id":"siret3_r006_c004#0414","vineyard_id":"V02","row_id":"V02-R04","tile":"siret3_r006_c004","area_m2":1.5444},"geometry":{"type":"Polygon","coordinates":[[[28.7041137,47.1289505],[28.7041133,47.1289489],[28.7041153,47.128948],[28.7041146,47.1289464],[28.7041164,47.1289437],[28.7041157,47.1289405],[28.7041176,47.1289394],[28.7041182,47.1289373],[28.7041215,47.1289362],[28.7041239,47.128931],[28.7041229,47.1289283],[28.7041248,47.128926],[28.7041267,47.1289257],[28.7041267,47.1289242],[28.7041296,47.128921],[28.7041301,47.1289176],[28.7041321,47.1289173],[28.7041317,47.128916],[28.7041336,47.1289128],[28.7041365,47.1289116],[28.7041348,47.1289083],[28.704138,47.128906],[28.7041389,47.1289026],[28.7041422,47.128903],[28.7041426,47.1289053],[28.7041384,47.1289089],[28.7041391,47.1289103],[28.7041371,47.1289107],[28.7041375,47.1289119],[28.7041398,47.1289121],[28.7041375,47.1289128],[28.7041377,47.1289161],[28.7041347,47.1289175],[28.7041301,47.1289273],[28.7041268,47.1289271],[28.7041276,47.1289318],[28.7041254,47.1289339],[28.7041254,47.1289352],[28.7041234,47.1289359],[28.7041235,47.1289386],[28.7041222,47.1289395],[28.7041196,47.1289398],[28.7041207,47.1289425],[28.7041189,47.128947],[28.7041159,47.1289473],[28.7041156,47.1289495],[28.7041137,47.1289505]]]}},{"type":"Feature","id":415,"properties":{"canopy_id":"siret3_r006_c004#0415","vineyard_id":"V02","row_id":"V02-R04","tile":"siret3_r006_c004","area_m2":0.2786},"geometry":{"type":"Polygon","coordinates":[[[28.7041428,47.1289023],[28.7041424,47.1289003],[28.7041404,47.1288997],[28.7041404,47.1288988],[28.7041449,47.1288962],[28.7041452,47.1288937],[28.7041478,47.1288928],[28.7041494,47.128893],[28.7041504,47.1288937],[28.7041498,47.128895],[28.7041462,47.1288949],[28.7041467,47.1289],[28.7041428,47.1289023]]]}},{"type":"Feature","id":416,"properties":{"canopy_id":"siret3_r006_c004#0416","vineyard_id":"V02","row_id":"V02-R04","tile":"siret3_r006_c004","area_m2":0.5308},"geometry":{"type":"Polygon","coordinates":[[[28.7041552,47.1288862],[28.7041528,47.1288853],[28.7041528,47.1288837],[28.704155,47.1288812],[28.7041539,47.1288788],[28.7041582,47.128878],[28.7041574,47.1288751],[28.704159,47.1288737],[28.704159,47.1288713],[28.7041628,47.1288687],[28.7041633,47.1288737],[28.704162,47.1288746],[28.7041624,47.1288759],[28.7041611,47.1288775],[28.7041585,47.128878],[28.704158,47.1288832],[28.7041565,47.1288857],[28.7041552,47.1288862]]]}},{"type":"Feature","id":417,"properties":{"canopy_id":"siret3_r006_c004#0417","vineyard_id":"V02","row_id":"V02-R04","tile":"siret3_r006_c004","area_m2":0.6833},"geometry":{"type":"Polygon","coordinates":[[[28.7041669,47.1288624],[28.7041659,47.1288608],[28.7041672,47.1288597],[28.7041674,47.1288576],[28.7041697,47.1288556],[28.7041709,47.1288524],[28.7041705,47.1288495],[28.7041727,47.1288488],[28.704176,47.1288463],[28.7041752,47.1288429],[28.7041765,47.1288424],[28.7041768,47.1288409],[28.7041757,47.1288393],[28.7041773,47.1288377],[28.7041783,47.1288379],[28.7041784,47.1288393],[28.7041774,47.1288395],[28.7041774,47.1288404],[28.7041784,47.1288406],[28.7041786,47.128846],[28.7041766,47.1288467],[28.7041768,47.1288505],[28.7041748,47.1288519],[28.7041749,47.1288548],[28.7041737,47.1288569],[28.7041704,47.1288583],[28.7041688,47.1288601],[28.7041689,47.1288619],[28.7041669,47.1288624]]]}},{"type":"Feature","id":418,"properties":{"canopy_id":"siret3_r006_c004#0418","vineyard_id":"V02","row_id":"V02-R05","tile":"siret3_r006_c004","area_m2":0.3147},"geometry":{"type":"Polygon","coordinates":[[[28.7040166,47.1290572],[28.7040152,47.1290565],[28.7040155,47.129055],[28.7040203,47.129049],[28.7040232,47.1290485],[28.7040239,47.1290508],[28.7040217,47.1290526],[28.7040214,47.1290544],[28.7040189,47.1290569],[28.7040166,47.1290572]]]}},{"type":"Feature","id":419,"properties":{"canopy_id":"siret3_r006_c004#0419","vineyard_id":"V02","row_id":"V02-R05","tile":"siret3_r006_c004","area_m2":0.8494},"geometry":{"type":"Polygon","coordinates":[[[28.7040235,47.129047],[28.7040218,47.1290463],[28.7040217,47.1290441],[28.7040208,47.1290439],[28.7040214,47.1290423],[28.704023,47.1290413],[28.7040233,47.12904],[28.7040262,47.1290386],[28.7040264,47.1290363],[28.7040277,47.1290357],[28.7040277,47.1290348],[28.7040264,47.1290343],[28.7040293,47.1290338],[28.7040316,47.1290322],[28.7040315,47.1290286],[28.7040337,47.1290272],[28.7040343,47.1290254],[28.7040363,47.129025],[28.704037,47.1290263],[28.704034,47.1290347],[28.7040304,47.1290358],[28.7040315,47.129039],[28.7040266,47.1290415],[28.7040281,47.1290453],[28.7040271,47.1290465],[28.7040235,47.129047]]]}},{"type":"Feature","id":420,"properties":{"canopy_id":"siret3_r006_c004#0420","vineyard_id":"V02","row_id":"V02-R05","tile":"siret3_r006_c004","area_m2":0.324},"geometry":{"type":"Polygon","coordinates":[[[28.7040453,47.1290064],[28.7040445,47.1290044],[28.7040458,47.1290032],[28.7040458,47.1290016],[28.7040487,47.1289991],[28.7040513,47.1289993],[28.7040533,47.1290013],[28.7040515,47.1290047],[28.7040495,47.1290047],[28.7040482,47.1290059],[28.7040456,47.1290057],[28.7040453,47.1290064]]]}},{"type":"Feature","id":421,"properties":{"canopy_id":"siret3_r006_c004#0421","vineyard_id":"V02","row_id":"V02-R05","tile":"siret3_r006_c004","area_m2":0.5798},"geometry":{"type":"Polygon","coordinates":[[[28.7040382,47.1290224],[28.7040372,47.129022],[28.7040368,47.1290189],[28.7040384,47.129017],[28.7040389,47.1290141],[28.7040421,47.1290107],[28.704042,47.1290082],[28.7040449,47.1290064],[28.7040463,47.1290079],[28.7040467,47.1290106],[28.7040435,47.1290143],[28.7040436,47.1290172],[28.7040405,47.1290213],[28.7040382,47.1290224]]]}},{"type":"Feature","id":422,"properties":{"canopy_id":"siret3_r006_c004#0422","vineyard_id":"V02","row_id":"V02-R05","tile":"siret3_r006_c004","area_m2":0.5095},"geometry":{"type":"Polygon","coordinates":[[[28.7040541,47.1289948],[28.7040528,47.1289941],[28.7040517,47.1289901],[28.7040555,47.1289866],[28.7040555,47.1289855],[28.704059,47.1289837],[28.7040589,47.1289798],[28.7040609,47.1289782],[28.7040635,47.1289782],[28.7040642,47.1289802],[28.7040633,47.1289825],[28.7040581,47.1289864],[28.7040566,47.1289889],[28.7040557,47.1289938],[28.7040541,47.1289948]]]}},{"type":"Feature","id":423,"properties":{"canopy_id":"siret3_r006_c004#0423","vineyard_id":"V02","row_id":"V02-R05","tile":"siret3_r006_c004","area_m2":0.4548},"geometry":{"type":"Polygon","coordinates":[[[28.7040627,47.1289757],[28.7040614,47.1289751],[28.7040629,47.1289703],[28.7040658,47.1289678],[28.7040678,47.1289673],[28.7040686,47.1289644],[28.7040716,47.1289644],[28.7040733,47.1289655],[28.704073,47.128967],[28.7040682,47.1289696],[28.7040676,47.1289736],[28.7040627,47.1289757]]]}},{"type":"Feature","id":424,"properties":{"canopy_id":"siret3_r006_c004#0424","vineyard_id":"V02","row_id":"V02-R05","tile":"siret3_r006_c004","area_m2":0.3032},"geometry":{"type":"Polygon","coordinates":[[[28.7040709,47.1289628],[28.7040701,47.1289585],[28.7040746,47.1289546],[28.7040762,47.1289544],[28.7040762,47.1289533],[28.7040783,47.1289564],[28.7040767,47.1289589],[28.7040734,47.1289598],[28.7040732,47.1289625],[28.7040709,47.1289628]]]}},{"type":"Feature","id":425,"properties":{"canopy_id":"siret3_r006_c004#0425","vineyard_id":"V02","row_id":"V02-R05","tile":"siret3_r006_c004","area_m2":0.3596},"geometry":{"type":"Polygon","coordinates":[[[28.7040841,47.1289424],[28.7040821,47.1289408],[28.704083,47.1289374],[28.7040878,47.1289331],[28.7040894,47.128933],[28.7040908,47.1289339],[28.7040892,47.1289355],[28.7040896,47.1289387],[28.7040841,47.1289424]]]}},{"type":"Feature","id":426,"properties":{"canopy_id":"siret3_r006_c004#0426","vineyard_id":"V02","row_id":"V02-R05","tile":"siret3_r006_c004","area_m2":1.3184},"geometry":{"type":"Polygon","coordinates":[[[28.7040921,47.1289251],[28.7040917,47.1289227],[28.7040943,47.1289213],[28.7040929,47.128919],[28.7040955,47.1289174],[28.7040986,47.1289129],[28.7040979,47.1289097],[28.7041034,47.1289054],[28.7041029,47.1289014],[28.7041055,47.1288995],[28.7041061,47.1288973],[28.7041074,47.128897],[28.7041089,47.1288932],[28.7041115,47.1288922],[28.7041116,47.128894],[28.7041129,47.1288956],[28.7041127,47.1288985],[28.7041079,47.1289017],[28.7041067,47.1289065],[28.7041051,47.1289072],[28.7041055,47.1289103],[28.7041049,47.1289114],[28.7041023,47.1289126],[28.7041017,47.1289151],[28.7040979,47.1289203],[28.7040986,47.1289228],[28.7040967,47.1289239],[28.7040927,47.1289238],[28.7040921,47.1289251]]]}},{"type":"Feature","id":427,"properties":{"canopy_id":"siret3_r006_c004#0427","vineyard_id":"V02","row_id":"V02-R05","tile":"siret3_r006_c004","area_m2":1.4268},"geometry":{"type":"Polygon","coordinates":[[[28.7041166,47.1288856],[28.7041141,47.1288816],[28.7041164,47.1288802],[28.7041167,47.1288784],[28.7041199,47.1288757],[28.7041198,47.128873],[28.704122,47.1288711],[28.7041216,47.1288689],[28.7041233,47.128868],[28.7041238,47.1288648],[28.7041281,47.1288645],[28.7041285,47.1288582],[28.7041314,47.1288548],[28.7041307,47.1288528],[28.704132,47.1288519],[28.7041322,47.1288501],[28.7041352,47.1288494],[28.7041358,47.1288471],[28.704138,47.1288444],[28.704139,47.1288443],[28.70414,47.1288466],[28.7041378,47.1288498],[28.7041379,47.1288513],[28.7041369,47.1288523],[28.704134,47.1288527],[28.7041348,47.128857],[28.7041329,47.1288597],[28.704133,47.1288622],[28.7041307,47.1288634],[28.7041301,47.1288654],[28.7041278,47.1288657],[28.7041282,47.1288684],[28.704126,47.1288713],[28.704124,47.1288718],[28.7041242,47.1288756],[28.7041206,47.128879],[28.7041207,47.1288804],[28.7041188,47.1288818],[28.7041185,47.1288838],[28.7041166,47.1288856]]]}},{"type":"Feature","id":428,"properties":{"canopy_id":"siret3_r006_c004#0428","vineyard_id":"V02","row_id":"V02-R05","tile":"siret3_r006_c004","area_m2":0.6985},"geometry":{"type":"Polygon","coordinates":[[[28.7041509,47.1288262],[28.7041476,47.1288253],[28.7041476,47.1288246],[28.7041505,47.128823],[28.7041514,47.1288208],[28.7041514,47.1288192],[28.7041504,47.1288188],[28.7041513,47.1288172],[28.7041549,47.1288162],[28.7041565,47.1288137],[28.7041591,47.1288128],[28.704159,47.1288114],[28.7041577,47.1288103],[28.7041579,47.1288083],[28.7041602,47.1288076],[28.7041616,47.128808],[28.7041626,47.1288102],[28.7041617,47.1288136],[28.7041585,47.1288164],[28.7041577,47.1288204],[28.7041534,47.1288225],[28.7041509,47.1288262]]]}},{"type":"Feature","id":429,"properties":{"canopy_id":"siret3_r006_c004#0429","vineyard_id":"V02","row_id":"V02-R05","tile":"siret3_r006_c004","area_m2":0.2227},"geometry":{"type":"Polygon","coordinates":[[[28.7041635,47.1288066],[28.7041608,47.1288058],[28.7041617,47.1288037],[28.7041637,47.1288026],[28.7041636,47.128801],[28.7041662,47.1287996],[28.7041679,47.1287996],[28.7041689,47.1288007],[28.7041666,47.1288019],[28.7041661,47.1288055],[28.7041635,47.1288066]]]}},{"type":"Feature","id":430,"properties":{"canopy_id":"siret3_r006_c004#0430","vineyard_id":"V02","row_id":"V02-R05","tile":"siret3_r006_c004","area_m2":0.2983},"geometry":{"type":"Polygon","coordinates":[[[28.7041699,47.1287917],[28.7041686,47.1287899],[28.7041689,47.1287888],[28.7041731,47.1287876],[28.704173,47.1287833],[28.7041746,47.1287819],[28.7041766,47.1287821],[28.7041767,47.128788],[28.7041738,47.1287889],[28.7041719,47.1287912],[28.7041699,47.1287917]]]}},{"type":"Feature","id":431,"properties":{"canopy_id":"siret3_r006_c004#0431","vineyard_id":"V02","row_id":"V02-R06","tile":"siret3_r006_c004","area_m2":0.3364},"geometry":{"type":"Polygon","coordinates":[[[28.7039772,47.1290634],[28.7039771,47.1290614],[28.7039823,47.1290566],[28.7039822,47.1290548],[28.7039802,47.1290532],[28.7039818,47.1290519],[28.7039838,47.1290534],[28.7039861,47.1290538],[28.7039865,47.1290547],[28.7039849,47.1290581],[28.7039833,47.1290588],[28.7039792,47.1290634],[28.7039772,47.1290634]]]}},{"type":"Feature","id":432,"properties":{"canopy_id":"siret3_r006_c004#0432","vineyard_id":"V02","row_id":"V02-R06","tile":"siret3_r006_c004","area_m2":0.8708},"geometry":{"type":"Polygon","coordinates":[[[28.703991,47.1290407],[28.7039896,47.1290391],[28.7039876,47.1290389],[28.7039879,47.1290383],[28.7039936,47.1290285],[28.7039955,47.1290278],[28.7039965,47.1290264],[28.7039981,47.1290264],[28.7040011,47.1290284],[28.7039999,47.129032],[28.7039953,47.1290402],[28.703991,47.1290407]]]}},{"type":"Feature","id":433,"properties":{"canopy_id":"siret3_r006_c004#0433","vineyard_id":"V02","row_id":"V02-R06","tile":"siret3_r006_c004","area_m2":1.2559},"geometry":{"type":"Polygon","coordinates":[[[28.7040012,47.1290214],[28.7039999,47.1290208],[28.7039995,47.129019],[28.7040011,47.1290174],[28.7040014,47.1290149],[28.7040067,47.1290058],[28.7040083,47.1290053],[28.7040079,47.1290036],[28.7040086,47.1290024],[28.7040102,47.1290019],[28.7040101,47.1289997],[28.7040123,47.1289958],[28.7040146,47.1289949],[28.7040156,47.1289962],[28.7040147,47.1289987],[28.704018,47.1289991],[28.7040184,47.129],[28.7040171,47.1290016],[28.7040148,47.1290023],[28.7040148,47.1290032],[28.7040119,47.1290042],[28.7040124,47.1290102],[28.7040099,47.1290145],[28.7040047,47.1290162],[28.7040048,47.1290182],[28.7040012,47.1290214]]]}},{"type":"Feature","id":434,"properties":{"canopy_id":"siret3_r006_c004#0434","vineyard_id":"V02","row_id":"V02-R06","tile":"siret3_r006_c004","area_m2":0.5286},"geometry":{"type":"Polygon","coordinates":[[[28.7040175,47.1289935],[28.7040148,47.1289915],[28.7040183,47.1289888],[28.7040182,47.1289856],[28.7040202,47.1289845],[28.7040228,47.1289844],[28.7040228,47.1289829],[28.7040208,47.1289827],[28.7040207,47.1289813],[28.7040237,47.1289819],[28.7040244,47.1289813],[28.704027,47.128981],[28.7040283,47.1289819],[28.704028,47.1289826],[28.7040264,47.1289826],[28.7040225,47.1289851],[28.7040243,47.1289885],[28.704023,47.1289919],[28.7040175,47.1289935]]]}},{"type":"Feature","id":435,"properties":{"canopy_id":"siret3_r006_c004#0435","vineyard_id":"V02","row_id":"V02-R06","tile":"siret3_r006_c004","area_m2":0.4092},"geometry":{"type":"Polygon","coordinates":[[[28.7040494,47.1289381],[28.7040473,47.1289361],[28.7040509,47.1289352],[28.7040498,47.1289314],[28.7040514,47.1289296],[28.704055,47.1289293],[28.7040573,47.1289299],[28.704058,47.1289308],[28.7040552,47.1289358],[28.7040526,47.1289356],[28.704052,47.1289374],[28.7040494,47.1289381]]]}},{"type":"Feature","id":436,"properties":{"canopy_id":"siret3_r006_c004#0436","vineyard_id":"V02","row_id":"V02-R06","tile":"siret3_r006_c004","area_m2":2.5757},"geometry":{"type":"Polygon","coordinates":[[[28.7040757,47.1288959],[28.7040711,47.1288964],[28.7040717,47.1288953],[28.704074,47.1288946],[28.7040781,47.1288896],[28.7040781,47.1288884],[28.7040751,47.128888],[28.7040748,47.1288871],[28.7040783,47.1288835],[28.7040779,47.1288817],[28.7040788,47.1288801],[28.7040828,47.1288796],[28.7040824,47.1288785],[28.7040801,47.1288783],[28.7040804,47.1288774],[28.7040819,47.1288747],[28.7040845,47.128874],[28.7040835,47.1288719],[28.7040847,47.1288699],[28.7040889,47.1288667],[28.7040882,47.1288638],[28.7040898,47.1288626],[28.7040907,47.1288595],[28.7040949,47.1288563],[28.7040948,47.1288536],[28.704097,47.1288522],[28.7040967,47.1288506],[28.7040979,47.1288497],[28.7040985,47.1288461],[28.7040994,47.1288449],[28.7041011,47.1288451],[28.7041031,47.1288458],[28.7041052,47.1288489],[28.7041029,47.1288512],[28.7041014,47.1288553],[28.7040978,47.1288569],[28.7040979,47.1288578],[28.7040996,47.1288587],[28.7040979,47.1288594],[28.7040967,47.1288634],[28.7040941,47.1288648],[28.7040949,47.1288668],[28.7040921,47.1288716],[28.7040878,47.1288735],[28.7040889,47.1288752],[28.7040866,47.1288759],[28.7040866,47.1288773],[28.7040886,47.1288777],[28.7040871,47.1288804],[28.7040838,47.1288803],[28.7040838,47.1288812],[28.7040858,47.1288825],[28.7040835,47.1288836],[28.704083,47.1288875],[28.7040801,47.1288884],[28.7040805,47.1288911],[28.7040779,47.1288943],[28.7040757,47.1288959]]]}},{"type":"Feature","id":437,"properties":{"canopy_id":"siret3_r006_c004#0437","vineyard_id":"V02","row_id":"V02-R06","tile":"siret3_r006_c004","area_m2":0.4602},"geometry":{"type":"Polygon","coordinates":[[[28.7041098,47.1288272],[28.7041157,47.1288161],[28.7041186,47.1288161],[28.7041196,47.128817],[28.7041187,47.1288179],[28.7041191,47.1288206],[28.7041162,47.1288226],[28.7041162,47.1288238],[28.7041186,47.1288242],[28.7041186,47.1288255],[28.7041098,47.1288272]]]}},{"type":"Feature","id":438,"properties":{"canopy_id":"siret3_r006_c004#0438","vineyard_id":"V02","row_id":"V02-R06","tile":"siret3_r006_c004","area_m2":0.5713},"geometry":{"type":"Polygon","coordinates":[[[28.7041212,47.1288138],[28.7041175,47.1288127],[28.7041188,47.1288107],[28.704122,47.1288091],[28.7041207,47.1288073],[28.7041216,47.1288057],[28.7041249,47.1288047],[28.7041238,47.1288018],[28.7041251,47.1288007],[28.704129,47.1288013],[28.7041311,47.1288033],[28.7041308,47.1288042],[28.7041285,47.128804],[28.7041269,47.1288065],[28.7041237,47.1288081],[28.704124,47.1288095],[28.7041267,47.1288094],[28.7041254,47.1288128],[28.7041212,47.1288138]]]}},{"type":"Feature","id":439,"properties":{"canopy_id":"siret3_r006_c004#0439","vineyard_id":"V02","row_id":"V02-R06","tile":"siret3_r006_c004","area_m2":0.4399},"geometry":{"type":"Polygon","coordinates":[[[28.7041323,47.1288008],[28.7041313,47.1287992],[28.704127,47.1287998],[28.7041257,47.1287987],[28.7041282,47.1287961],[28.7041285,47.1287941],[28.7041304,47.1287939],[28.7041346,47.1287911],[28.7041367,47.128794],[28.7041323,47.1288008]]]}},{"type":"Feature","id":440,"properties":{"canopy_id":"siret3_r006_c004#0440","vineyard_id":"V02","row_id":"V02-R06","tile":"siret3_r006_c004","area_m2":0.3967},"geometry":{"type":"Polygon","coordinates":[[[28.7041416,47.1287809],[28.7041389,47.12878],[28.7041375,47.128778],[28.7041385,47.1287771],[28.7041408,47.1287771],[28.7041424,47.1287752],[28.7041426,47.1287732],[28.7041403,47.128773],[28.7041413,47.1287714],[28.7041429,47.1287712],[28.7041459,47.1287718],[28.7041469,47.1287734],[28.7041447,47.1287768],[28.7041458,47.1287781],[28.7041448,47.1287797],[28.7041416,47.1287809]]]}},{"type":"Feature","id":441,"properties":{"canopy_id":"siret3_r006_c004#0441","vineyard_id":"V02","row_id":"V02-R06","tile":"siret3_r006_c004","area_m2":0.426},"geometry":{"type":"Polygon","coordinates":[[[28.7041501,47.1287695],[28.7041474,47.128768],[28.7041483,47.1287657],[28.704145,47.1287651],[28.7041488,47.1287587],[28.7041514,47.1287593],[28.7041515,47.1287611],[28.7041542,47.1287631],[28.7041501,47.1287695]]]}},{"type":"Feature","id":442,"properties":{"canopy_id":"siret3_r006_c004#0442","vineyard_id":"V02","row_id":"V02-R06","tile":"siret3_r006_c004","area_m2":0.365},"geometry":{"type":"Polygon","coordinates":[[[28.7041672,47.128738],[28.7041655,47.128736],[28.7041635,47.1287355],[28.7041635,47.1287346],[28.7041647,47.1287317],[28.7041664,47.1287315],[28.7041683,47.1287292],[28.7041702,47.1287285],[28.7041726,47.1287298],[28.704171,47.1287316],[28.704171,47.128733],[28.7041697,47.1287337],[28.7041698,47.1287357],[28.7041672,47.128738]]]}},{"type":"Feature","id":443,"properties":{"canopy_id":"siret3_r006_c004#0443","vineyard_id":"V02","row_id":"V02-R07","tile":"siret3_r006_c004","area_m2":0.6086},"geometry":{"type":"Polygon","coordinates":[[[28.7039917,47.1289687],[28.703991,47.1289678],[28.7039919,47.1289662],[28.7039939,47.1289657],[28.7039961,47.1289639],[28.7039961,47.128963],[28.7039941,47.1289626],[28.7039953,47.1289605],[28.7039983,47.1289598],[28.7039983,47.1289589],[28.7039969,47.1289585],[28.7039978,47.1289562],[28.7040028,47.1289562],[28.7040052,47.1289581],[28.7040042,47.1289597],[28.7040019,47.1289602],[28.7040023,47.1289629],[28.7039988,47.128965],[28.7039962,47.1289677],[28.7039917,47.1289687]]]}},{"type":"Feature","id":444,"properties":{"canopy_id":"siret3_r006_c004#0444","vineyard_id":"V02","row_id":"V02-R07","tile":"siret3_r006_c004","area_m2":0.3489},"geometry":{"type":"Polygon","coordinates":[[[28.7040021,47.1289539],[28.704,47.1289526],[28.704002,47.1289512],[28.7040016,47.1289499],[28.7040041,47.1289462],[28.7040064,47.1289458],[28.7040091,47.128948],[28.7040111,47.1289479],[28.7040108,47.1289486],[28.7040098,47.12895],[28.7040095,47.1289486],[28.7040069,47.1289493],[28.7040063,47.1289532],[28.7040021,47.1289539]]]}},{"type":"Feature","id":445,"properties":{"canopy_id":"siret3_r006_c004#0445","vineyard_id":"V02","row_id":"V02-R07","tile":"siret3_r006_c004","area_m2":0.7312},"geometry":{"type":"Polygon","coordinates":[[[28.7040157,47.1289366],[28.7040114,47.1289362],[28.704011,47.1289342],[28.7040129,47.1289335],[28.7040129,47.1289313],[28.7040142,47.1289301],[28.7040181,47.1289289],[28.704018,47.128928],[28.7040157,47.1289269],[28.7040169,47.1289238],[28.7040185,47.1289233],[28.7040195,47.1289213],[28.7040235,47.1289226],[28.7040248,47.1289225],[28.7040267,47.1289212],[28.7040258,47.128923],[28.7040232,47.1289232],[28.7040219,47.1289246],[28.7040219,47.1289264],[28.7040203,47.1289278],[28.7040217,47.12893],[28.7040192,47.1289341],[28.7040182,47.1289341],[28.7040179,47.1289355],[28.7040157,47.1289366]]]}},{"type":"Feature","id":446,"properties":{"canopy_id":"siret3_r006_c004#0446","vineyard_id":"V02","row_id":"V02-R07","tile":"siret3_r006_c004","area_m2":0.3765},"geometry":{"type":"Polygon","coordinates":[[[28.704029,47.128909],[28.7040266,47.1289074],[28.7040279,47.1289054],[28.7040327,47.1289031],[28.704031,47.1289004],[28.7040333,47.1288997],[28.7040366,47.1289012],[28.7040367,47.1289023],[28.7040354,47.1289033],[28.7040361,47.1289046],[28.7040306,47.128909],[28.704029,47.128909]]]}},{"type":"Feature","id":447,"properties":{"canopy_id":"siret3_r006_c004#0447","vineyard_id":"V02","row_id":"V02-R07","tile":"siret3_r006_c004","area_m2":0.3689},"geometry":{"type":"Polygon","coordinates":[[[28.7040466,47.1288815],[28.7040429,47.1288797],[28.7040444,47.1288775],[28.7040474,47.1288772],[28.7040467,47.1288754],[28.7040479,47.1288736],[28.7040506,47.1288736],[28.7040516,47.1288753],[28.7040542,47.1288746],[28.7040517,47.1288789],[28.7040494,47.1288785],[28.7040485,47.128881],[28.7040466,47.1288815]]]}},{"type":"Feature","id":448,"properties":{"canopy_id":"siret3_r006_c004#0448","vineyard_id":"V02","row_id":"V02-R07","tile":"siret3_r006_c004","area_m2":0.4048},"geometry":{"type":"Polygon","coordinates":[[[28.7040575,47.1288629],[28.7040548,47.1288604],[28.7040551,47.1288591],[28.704058,47.1288584],[28.7040579,47.1288557],[28.7040598,47.1288538],[28.7040601,47.1288511],[28.7040643,47.12885],[28.7040654,47.1288513],[28.7040638,47.1288527],[28.7040638,47.128854],[28.7040664,47.1288542],[28.7040652,47.128856],[28.7040645,47.1288547],[28.7040615,47.1288552],[28.7040593,47.1288588],[28.7040601,47.1288622],[28.7040575,47.1288629]]]}},{"type":"Feature","id":449,"properties":{"canopy_id":"siret3_r006_c004#0449","vineyard_id":"V02","row_id":"V02-R07","tile":"siret3_r006_c004","area_m2":0.2817},"geometry":{"type":"Polygon","coordinates":[[[28.7040688,47.1288452],[28.7040665,47.1288443],[28.7040667,47.1288407],[28.704069,47.1288398],[28.7040689,47.1288382],[28.7040705,47.1288368],[28.7040725,47.1288368],[28.7040732,47.1288393],[28.7040749,47.1288397],[28.7040739,47.1288413],[28.7040726,47.1288395],[28.7040693,47.1288398],[28.7040697,47.128842],[28.7040733,47.1288424],[28.7040724,47.128844],[28.7040688,47.1288452]]]}},{"type":"Feature","id":450,"properties":{"canopy_id":"siret3_r006_c004#0450","vineyard_id":"V02","row_id":"V02-R07","tile":"siret3_r006_c004","area_m2":0.2524},"geometry":{"type":"Polygon","coordinates":[[[28.7040783,47.1288333],[28.7040763,47.1288316],[28.7040765,47.128828],[28.7040784,47.128827],[28.7040767,47.1288246],[28.7040783,47.1288228],[28.7040799,47.1288227],[28.7040801,47.1288266],[28.7040811,47.1288279],[28.7040783,47.1288333]]]}},{"type":"Feature","id":451,"properties":{"canopy_id":"siret3_r006_c004#0451","vineyard_id":"V02","row_id":"V02-R07","tile":"siret3_r006_c004","area_m2":0.4089},"geometry":{"type":"Polygon","coordinates":[[[28.704084,47.1288166],[28.704083,47.1288159],[28.704083,47.1288144],[28.7040839,47.1288137],[28.7040832,47.1288114],[28.7040858,47.1288096],[28.7040867,47.1288069],[28.7040893,47.1288064],[28.70409,47.128808],[28.7040888,47.1288111],[28.7040905,47.1288113],[28.7040924,47.1288095],[28.7040924,47.1288102],[28.7040892,47.1288145],[28.704084,47.1288166]]]}},{"type":"Feature","id":452,"properties":{"canopy_id":"siret3_r006_c004#0452","vineyard_id":"V02","row_id":"V02-R07","tile":"siret3_r006_c004","area_m2":0.3176},"geometry":{"type":"Polygon","coordinates":[[[28.7041046,47.1287891],[28.7041032,47.1287884],[28.7041045,47.1287859],[28.7041024,47.1287835],[28.704102,47.1287801],[28.7041049,47.1287774],[28.7041062,47.1287773],[28.7041072,47.128778],[28.7041063,47.1287794],[28.7041064,47.1287832],[28.704108,47.1287836],[28.7041046,47.1287891]]]}},{"type":"Feature","id":453,"properties":{"canopy_id":"siret3_r006_c004#0453","vineyard_id":"V02","row_id":"V02-R07","tile":"siret3_r006_c004","area_m2":0.4526},"geometry":{"type":"Polygon","coordinates":[[[28.7041121,47.1287752],[28.704108,47.1287735],[28.7041073,47.1287708],[28.7041108,47.1287685],[28.7041118,47.1287669],[28.7041114,47.1287642],[28.704115,47.1287628],[28.704116,47.1287641],[28.7041141,47.1287664],[28.7041149,47.1287718],[28.704113,47.128775],[28.7041121,47.1287752]]]}},{"type":"Feature","id":454,"properties":{"canopy_id":"siret3_r006_c004#0454","vineyard_id":"V02","row_id":"V02-R07","tile":"siret3_r006_c004","area_m2":0.2974},"geometry":{"type":"Polygon","coordinates":[[[28.7041244,47.1287476],[28.7041233,47.1287467],[28.7041242,47.1287433],[28.7041271,47.1287401],[28.704129,47.1287397],[28.7041308,47.1287417],[28.7041324,47.1287421],[28.7041321,47.1287428],[28.7041315,47.1287437],[28.7041282,47.1287444],[28.7041266,47.1287469],[28.7041244,47.1287476]]]}},{"type":"Feature","id":455,"properties":{"canopy_id":"siret3_r006_c004#0455","vineyard_id":"V02","row_id":"V02-R07","tile":"siret3_r006_c004","area_m2":0.5989},"geometry":{"type":"Polygon","coordinates":[[[28.7041318,47.1287326],[28.7041311,47.1287309],[28.7041333,47.1287297],[28.7041358,47.1287243],[28.704138,47.128722],[28.7041383,47.1287184],[28.7041428,47.1287176],[28.7041429,47.1287199],[28.7041449,47.128721],[28.7041437,47.1287228],[28.7041423,47.1287221],[28.7041404,47.1287224],[28.7041395,47.128726],[28.7041415,47.1287269],[28.7041396,47.1287298],[28.7041373,47.1287294],[28.7041357,47.1287301],[28.7041341,47.1287326],[28.7041318,47.1287326]]]}},{"type":"Feature","id":456,"properties":{"canopy_id":"siret3_r006_c004#0456","vineyard_id":"V02","row_id":"V02-R07","tile":"siret3_r006_c004","area_m2":0.344},"geometry":{"type":"Polygon","coordinates":[[[28.7041536,47.1287028],[28.7041526,47.1287022],[28.7041496,47.1287025],[28.7041486,47.1287013],[28.7041515,47.1286988],[28.7041508,47.1286968],[28.7041533,47.1286934],[28.7041553,47.1286938],[28.7041573,47.1286958],[28.7041561,47.1286983],[28.7041538,47.1286995],[28.7041545,47.1287022],[28.7041536,47.1287028]]]}},{"type":"Feature","id":457,"properties":{"canopy_id":"siret3_r006_c004#0457","vineyard_id":"V02","row_id":"V02-R08","tile":"siret3_r006_c004","area_m2":0.3132},"geometry":{"type":"Polygon","coordinates":[[[28.7039112,47.1290498],[28.7039084,47.1290467],[28.7039087,47.1290455],[28.7039113,47.1290435],[28.7039165,47.1290411],[28.7039169,47.1290438],[28.703914,47.1290452],[28.7039144,47.1290486],[28.7039128,47.1290497],[28.7039112,47.1290498]]]}},{"type":"Feature","id":458,"properties":{"canopy_id":"siret3_r006_c004#0458","vineyard_id":"V02","row_id":"V02-R08","tile":"siret3_r006_c004","area_m2":0.7764},"geometry":{"type":"Polygon","coordinates":[[[28.7039513,47.1289756],[28.70395,47.1289747],[28.7039541,47.1289699],[28.7039547,47.1289679],[28.7039609,47.1289644],[28.7039611,47.1289606],[28.70396,47.128959],[28.7039629,47.1289572],[28.7039659,47.1289576],[28.7039659,47.1289587],[28.7039643,47.1289597],[28.7039654,47.1289626],[28.703962,47.1289685],[28.70396,47.1289701],[28.7039598,47.1289719],[28.7039585,47.1289728],[28.7039555,47.1289726],[28.7039543,47.1289747],[28.703953,47.1289756],[28.7039513,47.1289756]]]}},{"type":"Feature","id":459,"properties":{"canopy_id":"siret3_r006_c004#0459","vineyard_id":"V02","row_id":"V02-R08","tile":"siret3_r006_c004","area_m2":0.2483},"geometry":{"type":"Polygon","coordinates":[[[28.7039804,47.1289275],[28.7039791,47.1289268],[28.7039794,47.1289257],[28.7039839,47.1289236],[28.7039826,47.1289218],[28.7039835,47.1289198],[28.7039868,47.1289202],[28.7039878,47.1289211],[28.7039872,47.1289224],[28.7039856,47.1289231],[28.7039854,47.1289263],[28.7039804,47.1289275]]]}},{"type":"Feature","id":460,"properties":{"canopy_id":"siret3_r006_c004#0460","vineyard_id":"V02","row_id":"V02-R08","tile":"siret3_r006_c004","area_m2":0.3066},"geometry":{"type":"Polygon","coordinates":[[[28.7040325,47.128843],[28.7040315,47.1288423],[28.7040307,47.1288385],[28.7040319,47.1288354],[28.7040335,47.1288349],[28.7040372,47.128836],[28.7040379,47.1288378],[28.7040366,47.1288396],[28.7040347,47.1288398],[28.7040347,47.1288414],[28.7040325,47.128843]]]}},{"type":"Feature","id":461,"properties":{"canopy_id":"siret3_r006_c004#0461","vineyard_id":"V02","row_id":"V02-R08","tile":"siret3_r006_c004","area_m2":0.2891},"geometry":{"type":"Polygon","coordinates":[[[28.7040493,47.1288128],[28.7040473,47.128812],[28.7040502,47.1288092],[28.7040488,47.128807],[28.7040507,47.1288065],[28.7040536,47.1288033],[28.7040556,47.1288024],[28.7040576,47.1288039],[28.7040566,47.1288051],[28.7040547,47.1288056],[28.7040516,47.1288112],[28.7040493,47.1288128]]]}},{"type":"Feature","id":462,"properties":{"canopy_id":"siret3_r006_c004#0462","vineyard_id":"V02","row_id":"V02-R08","tile":"siret3_r006_c004","area_m2":0.2222},"geometry":{"type":"Polygon","coordinates":[[[28.7040765,47.1287674],[28.7040741,47.128765],[28.7040748,47.1287636],[28.7040776,47.1287611],[28.7040822,47.1287606],[28.7040807,47.128764],[28.7040771,47.1287652],[28.7040778,47.1287667],[28.7040765,47.1287674]]]}},{"type":"Feature","id":463,"properties":{"canopy_id":"siret3_r006_c004#0463","vineyard_id":"V02","row_id":"V02-R08","tile":"siret3_r006_c004","area_m2":0.2131},"geometry":{"type":"Polygon","coordinates":[[[28.7040937,47.1287364],[28.7040923,47.128735],[28.7040926,47.1287335],[28.7040952,47.1287325],[28.7040945,47.1287305],[28.7040961,47.1287296],[28.7040981,47.1287298],[28.7040998,47.1287311],[28.7040991,47.1287325],[28.7040965,47.1287334],[28.7040963,47.1287356],[28.7040937,47.1287364]]]}},{"type":"Feature","id":464,"properties":{"canopy_id":"siret3_r006_c004#0464","vineyard_id":"V02","row_id":"V02-R08","tile":"siret3_r006_c004","area_m2":0.2131},"geometry":{"type":"Polygon","coordinates":[[[28.7041129,47.128708],[28.7041082,47.1287067],[28.7041078,47.1287053],[28.7041108,47.1287037],[28.7041117,47.1287014],[28.7041133,47.128701],[28.7041153,47.1287027],[28.7041125,47.1287053],[28.7041138,47.128707],[28.7041129,47.128708]]]}},{"type":"Feature","id":465,"properties":{"canopy_id":"siret3_r006_c004#0465","vineyard_id":"V02","row_id":"V02-R08","tile":"siret3_r006_c004","area_m2":1.4167},"geometry":{"type":"Polygon","coordinates":[[[28.7041542,47.1286288],[28.7041515,47.128628],[28.7041631,47.128608],[28.704167,47.1286082],[28.704169,47.1286075],[28.704171,47.1286083],[28.704171,47.1286099],[28.7041694,47.128611],[28.7041604,47.1286272],[28.7041588,47.1286281],[28.7041551,47.1286281],[28.7041542,47.1286288]]]}},{"type":"Feature","id":466,"properties":{"canopy_id":"siret3_r006_c004#0466","vineyard_id":"V02","row_id":"V02-R08","tile":"siret3_r006_c004","area_m2":0.7693},"geometry":{"type":"Polygon","coordinates":[[[28.7041503,47.1286424],[28.7041496,47.1286408],[28.704147,47.1286411],[28.7041446,47.1286398],[28.7041515,47.1286282],[28.7041539,47.1286288],[28.7041536,47.12863],[28.7041572,47.1286317],[28.7041573,47.1286324],[28.704152,47.1286417],[28.7041503,47.1286424]]]}},{"type":"Feature","id":467,"properties":{"canopy_id":"siret3_r006_c004#0467","vineyard_id":"V02","row_id":"V02-R09","tile":"siret3_r006_c004","area_m2":0.2771},"geometry":{"type":"Polygon","coordinates":[[[28.7038857,47.1290272],[28.7038851,47.1290268],[28.7038872,47.1290231],[28.7038895,47.1290226],[28.7038908,47.1290206],[28.7038931,47.1290197],[28.7038964,47.1290201],[28.7038967,47.1290212],[28.7038955,47.1290225],[28.7038919,47.1290228],[28.703889,47.1290265],[28.7038857,47.1290272]]]}},{"type":"Feature","id":468,"properties":{"canopy_id":"siret3_r006_c004#0468","vineyard_id":"V02","row_id":"V02-R09","tile":"siret3_r006_c004","area_m2":0.3413},"geometry":{"type":"Polygon","coordinates":[[[28.7038962,47.1290151],[28.7038949,47.1290138],[28.7038954,47.1290095],[28.7038983,47.1290072],[28.7039016,47.1290072],[28.7039011,47.1290128],[28.7038985,47.1290149],[28.7038962,47.1290151]]]}},{"type":"Feature","id":469,"properties":{"canopy_id":"siret3_r006_c004#0469","vineyard_id":"V02","row_id":"V02-R09","tile":"siret3_r006_c004","area_m2":0.5002},"geometry":{"type":"Polygon","coordinates":[[[28.7039647,47.1288989],[28.7039607,47.1288983],[28.7039604,47.1288974],[28.7039659,47.1288948],[28.7039682,47.128895],[28.7039684,47.1288919],[28.7039661,47.1288908],[28.703968,47.1288896],[28.7039669,47.1288861],[28.7039676,47.1288851],[28.7039692,47.1288849],[28.7039712,47.128886],[28.7039726,47.1288882],[28.7039716,47.1288891],[28.703972,47.1288916],[28.7039695,47.1288959],[28.7039647,47.1288989]]]}},{"type":"Feature","id":470,"properties":{"canopy_id":"siret3_r006_c004#0470","vineyard_id":"V02","row_id":"V02-R09","tile":"siret3_r006_c004","area_m2":0.1895},"geometry":{"type":"Polygon","coordinates":[[[28.7040087,47.12882],[28.704007,47.1288186],[28.7040073,47.1288175],[28.7040112,47.1288157],[28.7040135,47.1288156],[28.7040142,47.1288192],[28.7040087,47.12882]]]}},{"type":"Feature","id":471,"properties":{"canopy_id":"siret3_r006_c004#0471","vineyard_id":"V02","row_id":"V02-R09","tile":"siret3_r006_c004","area_m2":0.3271},"geometry":{"type":"Polygon","coordinates":[[[28.7040258,47.1287905],[28.7040248,47.1287889],[28.7040257,47.1287857],[28.7040309,47.1287839],[28.7040309,47.128783],[28.7040292,47.1287821],[28.7040318,47.1287811],[28.7040328,47.1287827],[28.7040349,47.1287836],[28.7040345,47.1287843],[28.7040326,47.1287852],[28.7040285,47.12879],[28.7040258,47.1287905]]]}},{"type":"Feature","id":472,"properties":{"canopy_id":"siret3_r006_c004#0472","vineyard_id":"V02","row_id":"V02-R09","tile":"siret3_r006_c004","area_m2":0.2288},"geometry":{"type":"Polygon","coordinates":[[[28.7040421,47.1287619],[28.7040404,47.1287599],[28.7040423,47.1287585],[28.7040426,47.1287567],[28.7040439,47.1287558],[28.7040478,47.1287555],[28.7040482,47.1287575],[28.7040456,47.1287589],[28.7040453,47.1287609],[28.7040421,47.1287619]]]}},{"type":"Feature","id":473,"properties":{"canopy_id":"siret3_r006_c004#0473","vineyard_id":"V02","row_id":"V02-R09","tile":"siret3_r006_c004","area_m2":0.2041},"geometry":{"type":"Polygon","coordinates":[[[28.7040534,47.1287442],[28.7040517,47.1287431],[28.7040529,47.1287394],[28.7040545,47.1287381],[28.7040562,47.1287383],[28.7040575,47.1287398],[28.7040572,47.1287416],[28.7040563,47.1287432],[28.7040534,47.1287442]]]}},{"type":"Feature","id":474,"properties":{"canopy_id":"siret3_r006_c004#0474","vineyard_id":"V02","row_id":"V02-R09","tile":"siret3_r006_c004","area_m2":1.5076},"geometry":{"type":"Polygon","coordinates":[[[28.704122,47.1286334],[28.7041166,47.1286287],[28.7041272,47.1286103],[28.7041285,47.1286085],[28.7041358,47.1286097],[28.704122,47.1286334]]]}},{"type":"Feature","id":475,"properties":{"canopy_id":"siret3_r006_c004#0475","vineyard_id":"V02","row_id":"V02-R09","tile":"siret3_r006_c004","area_m2":0.3943},"geometry":{"type":"Polygon","coordinates":[[[28.7041373,47.1286075],[28.7041353,47.1286062],[28.7041304,47.1286053],[28.7041328,47.1286006],[28.7041414,47.1286004],[28.7041373,47.1286075]]]}},{"type":"Feature","id":476,"properties":{"canopy_id":"siret3_r006_c004#0476","vineyard_id":"V02","row_id":"V02-R10","tile":"siret3_r006_c004","area_m2":1.1348},"geometry":{"type":"Polygon","coordinates":[[[28.7038303,47.1290656],[28.7038302,47.1290649],[28.7038319,47.1290649],[28.7038348,47.1290624],[28.7038336,47.1290583],[28.7038362,47.1290565],[28.7038368,47.1290529],[28.7038403,47.1290506],[28.7038406,47.1290477],[28.7038444,47.1290447],[28.7038474,47.1290446],[28.7038488,47.1290462],[28.7038384,47.1290639],[28.7038362,47.1290655],[28.7038303,47.1290656]]]}},{"type":"Feature","id":477,"properties":{"canopy_id":"siret3_r006_c004#0477","vineyard_id":"V02","row_id":"V02-R10","tile":"siret3_r006_c004","area_m2":1.0803},"geometry":{"type":"Polygon","coordinates":[[[28.7038487,47.1290437],[28.7038476,47.1290417],[28.703844,47.1290418],[28.7038436,47.1290404],[28.7038461,47.1290366],[28.7038488,47.1290363],[28.7038513,47.129034],[28.7038509,47.1290318],[28.7038489,47.1290313],[28.7038511,47.1290277],[28.7038544,47.1290281],[28.703855,47.1290252],[28.7038533,47.1290243],[28.7038536,47.1290236],[28.7038592,47.1290224],[28.7038592,47.1290233],[28.7038616,47.129024],[28.70386,47.1290267],[28.7038574,47.1290276],[28.7038575,47.129031],[28.7038513,47.1290419],[28.7038487,47.1290437]]]}},{"type":"Feature","id":478,"properties":{"canopy_id":"siret3_r006_c004#0478","vineyard_id":"V02","row_id":"V02-R10","tile":"siret3_r006_c004","area_m2":1.6929},"geometry":{"type":"Polygon","coordinates":[[[28.7038571,47.1290175],[28.7038577,47.1290161],[28.7038596,47.1290154],[28.7038589,47.1290139],[28.7038615,47.1290102],[28.7038641,47.1290091],[28.7038655,47.1290027],[28.7038671,47.1290027],[28.7038684,47.1290016],[28.7038674,47.1289996],[28.7038693,47.1289993],[28.7038683,47.1289978],[28.7038725,47.1289948],[28.703873,47.1289907],[28.7038785,47.1289877],[28.7038781,47.128985],[28.7038801,47.1289845],[28.7038869,47.1289799],[28.7038781,47.1289951],[28.7038761,47.1289952],[28.7038768,47.1289963],[28.7038743,47.1289988],[28.703875,47.1290001],[28.7038737,47.1290004],[28.7038744,47.1290017],[28.7038734,47.1290033],[28.7038709,47.1290054],[28.7038689,47.1290058],[28.7038696,47.1290074],[28.7038673,47.1290081],[28.7038674,47.1290101],[28.7038687,47.1290115],[28.7038662,47.1290135],[28.7038656,47.129016],[28.7038587,47.1290161],[28.7038571,47.1290175]]]}},{"type":"Feature","id":479,"properties":{"canopy_id":"siret3_r006_c004#0479","vineyard_id":"V02","row_id":"V02-R10","tile":"siret3_r006_c004","area_m2":0.5767},"geometry":{"type":"Polygon","coordinates":[[[28.7038875,47.1289786],[28.7038871,47.1289768],[28.7038854,47.1289761],[28.7038864,47.1289757],[28.7038855,47.128968],[28.7038874,47.1289673],[28.7038877,47.1289655],[28.703892,47.1289655],[28.7038926,47.1289645],[28.7038953,47.1289643],[28.7038959,47.1289634],[28.7038965,47.1289631],[28.7038875,47.1289786]]]}},{"type":"Feature","id":480,"properties":{"canopy_id":"siret3_r006_c004#0480","vineyard_id":"V02","row_id":"V02-R10","tile":"siret3_r006_c004","area_m2":2.179},"geometry":{"type":"Polygon","coordinates":[[[28.7038981,47.1289604],[28.7038977,47.1289568],[28.7038937,47.1289567],[28.7038927,47.1289553],[28.7039161,47.1289145],[28.7039177,47.1289138],[28.7039191,47.1289153],[28.7039192,47.1289187],[28.7039215,47.1289196],[28.7039203,47.1289218],[28.7039147,47.1289244],[28.7039162,47.1289273],[28.7039135,47.128928],[28.7039136,47.1289309],[28.7039127,47.1289312],[28.7039124,47.1289325],[28.7039104,47.1289323],[28.7039065,47.1289351],[28.7039076,47.1289371],[28.7039059,47.1289378],[28.7039044,47.1289416],[28.7039064,47.1289421],[28.7039074,47.1289407],[28.7039093,47.1289409],[28.7039074,47.1289432],[28.7039051,47.1289428],[28.7039035,47.1289444],[28.7039036,47.1289457],[28.7039056,47.128947],[28.7038981,47.1289604]]]}},{"type":"Feature","id":481,"properties":{"canopy_id":"siret3_r006_c004#0481","vineyard_id":"V02","row_id":"V02-R10","tile":"siret3_r006_c004","area_m2":0.2004},"geometry":{"type":"Polygon","coordinates":[[[28.703922,47.1289155],[28.7039199,47.1289115],[28.7039225,47.1289103],[28.7039255,47.1289103],[28.7039258,47.1289092],[28.7039274,47.1289091],[28.703924,47.1289153],[28.703922,47.1289155]]]}},{"type":"Feature","id":482,"properties":{"canopy_id":"siret3_r006_c004#0482","vineyard_id":"V02","row_id":"V02-R10","tile":"siret3_r006_c004","area_m2":0.8047},"geometry":{"type":"Polygon","coordinates":[[[28.7039278,47.1289085],[28.7039277,47.128906],[28.7039267,47.1289053],[28.7039247,47.128906],[28.7039224,47.1289061],[28.7039214,47.1289054],[28.703927,47.1288956],[28.7039306,47.1288931],[28.7039298,47.1288907],[28.7039323,47.1288863],[28.7039336,47.1288861],[28.7039328,47.1288911],[28.7039315,47.1288922],[28.7039323,47.1288947],[28.7039355,47.1288944],[28.7039364,47.1288915],[28.7039378,47.1288914],[28.7039343,47.1288973],[28.7039336,47.1288967],[28.7039317,47.1288967],[28.7039304,47.1288976],[28.7039289,47.1289017],[28.7039292,47.128903],[28.7039309,47.1289035],[28.7039278,47.1289085]]]}},{"type":"Feature","id":483,"properties":{"canopy_id":"siret3_r006_c004#0483","vineyard_id":"V02","row_id":"V02-R10","tile":"siret3_r006_c004","area_m2":1.1626},"geometry":{"type":"Polygon","coordinates":[[[28.7039403,47.1288871],[28.703937,47.1288869],[28.7039389,47.1288853],[28.7039385,47.1288842],[28.7039356,47.1288849],[28.7039336,47.1288843],[28.7039361,47.1288811],[28.7039401,47.1288727],[28.7039424,47.1288711],[28.703942,47.1288695],[28.7039457,47.128863],[28.7039493,47.1288598],[28.7039526,47.1288595],[28.7039539,47.1288604],[28.703953,47.1288638],[28.7039521,47.1288647],[28.703952,47.1288636],[28.7039504,47.1288634],[28.7039498,47.1288649],[28.7039459,47.1288677],[28.7039473,47.1288695],[28.703945,47.1288718],[28.7039451,47.1288738],[28.7039478,47.1288742],[28.7039468,47.1288756],[28.7039461,47.1288749],[28.7039435,47.1288754],[28.703944,47.1288796],[28.7039427,47.1288797],[28.703942,47.1288812],[28.7039388,47.1288829],[28.7039388,47.1288842],[28.7039412,47.1288855],[28.7039403,47.1288871]]]}},{"type":"Feature","id":484,"properties":{"canopy_id":"siret3_r006_c004#0484","vineyard_id":"V02","row_id":"V02-R10","tile":"siret3_r006_c004","area_m2":0.3762},"geometry":{"type":"Polygon","coordinates":[[[28.7039531,47.1288572],[28.7039511,47.1288564],[28.7039508,47.128855],[28.7039549,47.1288502],[28.7039545,47.1288478],[28.7039591,47.128847],[28.7039599,47.1288513],[28.7039572,47.1288513],[28.7039573,47.1288533],[28.7039557,47.1288558],[28.7039531,47.1288572]]]}},{"type":"Feature","id":485,"properties":{"canopy_id":"siret3_r006_c004#0485","vineyard_id":"V02","row_id":"V02-R10","tile":"siret3_r006_c004","area_m2":0.208},"geometry":{"type":"Polygon","coordinates":[[[28.7039571,47.1288455],[28.7039584,47.1288448],[28.7039586,47.128841],[28.7039605,47.1288389],[28.7039621,47.1288387],[28.7039628,47.1288382],[28.7039634,47.1288382],[28.7039621,47.1288396],[28.7039622,47.1288405],[28.7039635,47.1288409],[28.7039629,47.1288436],[28.70396,47.1288452],[28.7039571,47.1288455]]]}},{"type":"Feature","id":486,"properties":{"canopy_id":"siret3_r006_c004#0486","vineyard_id":"V02","row_id":"V02-R10","tile":"siret3_r006_c004","area_m2":0.3545},"geometry":{"type":"Polygon","coordinates":[[[28.703969,47.1288278],[28.7039686,47.1288235],[28.7039714,47.128821],[28.7039711,47.1288192],[28.7039733,47.1288182],[28.7039787,47.1288202],[28.7039771,47.1288222],[28.7039725,47.128823],[28.7039723,47.1288268],[28.703969,47.1288278]]]}},{"type":"Feature","id":487,"properties":{"canopy_id":"siret3_r006_c004#0487","vineyard_id":"V02","row_id":"V02-R10","tile":"siret3_r006_c004","area_m2":2.1294},"geometry":{"type":"Polygon","coordinates":[[[28.7039779,47.1288164],[28.7039778,47.1288143],[28.7039758,47.1288126],[28.7039774,47.1288103],[28.7039773,47.1288085],[28.7039805,47.128806],[28.7039804,47.1288035],[28.703982,47.1288001],[28.7039853,47.1287994],[28.7039855,47.1287965],[28.703991,47.1287928],[28.7039899,47.1287908],[28.7039915,47.1287898],[28.7039914,47.128786],[28.7039931,47.1287856],[28.703992,47.1287833],[28.7039939,47.1287826],[28.7039942,47.1287799],[28.7039964,47.1287783],[28.7039957,47.1287763],[28.7039973,47.1287751],[28.7039988,47.1287708],[28.7040008,47.1287699],[28.704001,47.1287674],[28.7040026,47.1287658],[28.7040046,47.128766],[28.7040042,47.1287645],[28.7040059,47.1287633],[28.7040072,47.128764],[28.7040065,47.1287719],[28.7040035,47.1287732],[28.7040017,47.1287766],[28.7040002,47.128783],[28.703995,47.1287844],[28.7039964,47.128786],[28.7039943,47.1287932],[28.7039904,47.1287959],[28.7039905,47.1287975],[28.7039882,47.1287987],[28.7039886,47.1288023],[28.703987,47.1288027],[28.7039864,47.128805],[28.7039838,47.1288062],[28.7039816,47.1288098],[28.7039797,47.1288107],[28.7039801,47.1288145],[28.7039818,47.1288147],[28.7039818,47.128815],[28.7039788,47.128815],[28.7039779,47.1288164]]]}},{"type":"Feature","id":488,"properties":{"canopy_id":"siret3_r006_c004#0488","vineyard_id":"V02","row_id":"V02-R10","tile":"siret3_r006_c004","area_m2":2.0017},"geometry":{"type":"Polygon","coordinates":[[[28.7040116,47.1287565],[28.7040093,47.1287561],[28.7040079,47.128755],[28.7040092,47.1287529],[28.704013,47.1287506],[28.7040136,47.1287483],[28.7040126,47.1287472],[28.7040142,47.128747],[28.7040138,47.1287447],[28.7040171,47.1287424],[28.7040173,47.1287402],[28.7040199,47.1287372],[28.7040204,47.1287336],[28.7040237,47.1287325],[28.7040236,47.1287313],[28.7040223,47.1287304],[28.7040258,47.1287272],[28.704026,47.1287236],[28.7040279,47.1287223],[28.7040276,47.1287209],[28.7040326,47.1287121],[28.7040352,47.1287114],[28.7040369,47.128712],[28.7040376,47.128714],[28.7040374,47.1287183],[28.7040358,47.128721],[28.7040341,47.1287199],[28.7040325,47.1287199],[28.7040309,47.128722],[28.704031,47.1287242],[28.7040336,47.1287247],[28.7040291,47.1287281],[28.7040286,47.1287315],[28.7040257,47.1287329],[28.7040261,47.1287376],[28.7040229,47.1287401],[28.7040206,47.1287401],[28.7040214,47.128744],[28.7040172,47.1287478],[28.7040164,47.1287521],[28.7040141,47.1287528],[28.7040138,47.1287549],[28.7040116,47.1287565]]]}},{"type":"Feature","id":489,"properties":{"canopy_id":"siret3_r006_c004#0489","vineyard_id":"V02","row_id":"V02-R10","tile":"siret3_r006_c004","area_m2":0.467},"geometry":{"type":"Polygon","coordinates":[[[28.7040361,47.1287091],[28.7040344,47.1287089],[28.704036,47.1287075],[28.7040376,47.1287034],[28.7040395,47.1287032],[28.7040391,47.128701],[28.7040404,47.1286987],[28.704042,47.1286982],[28.7040451,47.1287022],[28.7040452,47.1287038],[28.7040435,47.1287049],[28.7040443,47.1287063],[28.7040361,47.1287091]]]}},{"type":"Feature","id":490,"properties":{"canopy_id":"siret3_r006_c004#0490","vineyard_id":"V02","row_id":"V02-R10","tile":"siret3_r006_c004","area_m2":0.616},"geometry":{"type":"Polygon","coordinates":[[[28.7040707,47.1286577],[28.7040676,47.1286522],[28.7040685,47.1286497],[28.7040713,47.1286454],[28.7040776,47.1286446],[28.7040789,47.1286461],[28.7040763,47.1286473],[28.7040758,47.1286516],[28.7040745,47.1286534],[28.7040722,47.1286537],[28.704072,47.1286575],[28.7040707,47.1286577]]]}},{"type":"Feature","id":491,"properties":{"canopy_id":"siret3_r006_c004#0491","vineyard_id":"V02","row_id":"V02-R10","tile":"siret3_r006_c004","area_m2":0.4741},"geometry":{"type":"Polygon","coordinates":[[[28.7040664,47.1286677],[28.704065,47.1286659],[28.7040634,47.1286659],[28.7040628,47.1286675],[28.7040615,47.1286673],[28.7040601,47.1286649],[28.7040626,47.1286603],[28.7040639,47.1286603],[28.7040658,47.1286585],[28.7040691,47.1286591],[28.7040704,47.1286577],[28.7040714,47.128658],[28.7040711,47.1286589],[28.7040685,47.1286611],[28.7040686,47.1286641],[28.7040664,47.1286677]]]}},{"type":"Feature","id":492,"properties":{"canopy_id":"siret3_r006_c004#0492","vineyard_id":"V02","row_id":"V02-R10","tile":"siret3_r006_c004","area_m2":1.4473},"geometry":{"type":"Polygon","coordinates":[[[28.7040489,47.1286979],[28.7040482,47.1286968],[28.7040469,47.1286968],[28.7040462,47.1286952],[28.7040449,47.1286952],[28.7040439,47.1286964],[28.7040426,47.1286957],[28.7040432,47.1286941],[28.7040458,47.1286916],[28.7040454,47.1286898],[28.7040463,47.1286882],[28.7040483,47.1286873],[28.7040488,47.1286842],[28.7040523,47.1286796],[28.7040532,47.1286762],[28.7040582,47.1286676],[28.7040611,47.1286673],[28.7040621,47.1286675],[28.7040612,47.1286682],[28.7040606,47.1286714],[28.704063,47.1286738],[28.7040597,47.1286743],[28.7040584,47.1286755],[28.7040585,47.1286775],[28.7040602,47.1286786],[28.7040592,47.1286804],[28.704056,47.1286814],[28.7040546,47.1286883],[28.7040529,47.1286893],[28.7040496,47.1286895],[28.7040497,47.1286904],[28.704051,47.1286909],[28.7040511,47.1286933],[28.7040491,47.1286943],[28.7040499,47.1286965],[28.7040489,47.1286979]]]}},{"type":"Feature","id":493,"properties":{"canopy_id":"siret3_r006_c004#0493","vineyard_id":"V02","row_id":"V02-R10","tile":"siret3_r006_c004","area_m2":2.4175},"geometry":{"type":"Polygon","coordinates":[[[28.7040809,47.1286369],[28.704077,47.1286365],[28.7040785,47.1286324],[28.7040807,47.1286304],[28.7040819,47.1286263],[28.704086,47.1286204],[28.7040963,47.1286011],[28.7041038,47.128601],[28.7041045,47.1286017],[28.7040855,47.1286348],[28.7040845,47.1286362],[28.7040809,47.1286369]]]}},{"type":"Feature","id":494,"properties":{"canopy_id":"siret3_r006_c004#0494","vineyard_id":"V02","row_id":"V02-R11","tile":"siret3_r006_c004","area_m2":5.2983},"geometry":{"type":"Polygon","coordinates":[[[28.7037887,47.1290662],[28.7037919,47.1290605],[28.7037938,47.1290596],[28.7037934,47.1290578],[28.7037959,47.1290537],[28.7037985,47.129053],[28.7037978,47.1290503],[28.7038013,47.1290464],[28.7038012,47.1290444],[28.7038078,47.1290331],[28.7038101,47.1290324],[28.7038094,47.1290304],[28.7038147,47.1290213],[28.7038169,47.1290199],[28.7038165,47.1290181],[28.7038198,47.1290158],[28.703819,47.1290138],[28.70382,47.1290126],[28.703822,47.1290126],[28.7038223,47.1290115],[28.7038239,47.129011],[28.7038239,47.1290101],[28.7038219,47.1290092],[28.7038237,47.1290056],[28.7038253,47.1290047],[28.703825,47.1290033],[28.70383,47.1289947],[28.7038306,47.128994],[28.7038332,47.128994],[28.7038341,47.1289913],[28.703837,47.1289892],[28.703836,47.1289861],[28.7038369,47.1289858],[28.7038372,47.1289825],[28.7038414,47.1289813],[28.7038434,47.1289815],[28.7038444,47.128983],[28.7038428,47.1289851],[28.7038426,47.1289876],[28.7038151,47.129035],[28.7038128,47.1290364],[28.7038135,47.1290377],[28.7038126,47.1290393],[28.7038103,47.12904],[28.7038113,47.1290413],[28.7038101,47.1290436],[28.7038095,47.1290443],[28.7038084,47.1290425],[28.7038068,47.1290425],[28.7038058,47.1290437],[28.7038059,47.1290459],[28.7038089,47.1290457],[28.7038067,47.1290495],[28.7038044,47.1290504],[28.7038023,47.129057],[28.7037998,47.1290613],[28.7037988,47.1290616],[28.7037973,47.1290661],[28.703792,47.1290662],[28.7037917,47.129065],[28.7037887,47.1290662]]]}},{"type":"Feature","id":495,"properties":{"canopy_id":"siret3_r006_c004#0495","vineyard_id":"V02","row_id":"V02-R11","tile":"siret3_r006_c004","area_m2":5.2466},"geometry":{"type":"Polygon","coordinates":[[[28.7038437,47.1289799],[28.703842,47.1289777],[28.7038438,47.1289743],[28.7038437,47.1289718],[28.703847,47.1289706],[28.7038463,47.1289679],[28.7038475,47.1289666],[28.7038475,47.1289645],[28.7038575,47.1289473],[28.7038601,47.1289475],[28.7038617,47.1289454],[28.7038606,47.1289439],[28.7038652,47.1289411],[28.7038651,47.12894],[28.7038638,47.1289398],[28.7038638,47.1289393],[28.7038658,47.1289398],[28.7038667,47.1289386],[28.703867,47.1289368],[28.7038653,47.1289359],[28.703867,47.1289357],[28.7038669,47.1289343],[28.7038682,47.1289336],[28.7038682,47.1289321],[28.7038672,47.1289316],[28.7038691,47.12893],[28.7038684,47.1289285],[28.7038697,47.1289284],[28.7038733,47.1289264],[28.7038719,47.1289232],[28.7038748,47.1289223],[28.7038737,47.1289194],[28.7038756,47.128916],[28.7038753,47.1289185],[28.7038766,47.1289184],[28.7038782,47.1289166],[28.7038788,47.1289128],[28.7038807,47.128911],[28.7038803,47.1289085],[28.7038829,47.1289082],[28.7038835,47.1289051],[28.7038821,47.1289049],[28.703884,47.1289015],[28.7038883,47.1289014],[28.7038903,47.1288908],[28.7038935,47.1288901],[28.7038941,47.1288867],[28.703897,47.1288853],[28.703897,47.1288844],[28.7038947,47.1288844],[28.7038947,47.1288835],[28.7038959,47.1288828],[28.7038975,47.1288785],[28.703901,47.1288756],[28.7039,47.128874],[28.7039012,47.128872],[28.703901,47.1288744],[28.7039039,47.1288744],[28.7039053,47.1288753],[28.7039057,47.1288773],[28.7039021,47.1288787],[28.7039028,47.1288807],[28.7039002,47.128883],[28.7038997,47.128888],[28.7038978,47.1288902],[28.7038979,47.128892],[28.7038934,47.1288946],[28.7038934,47.128897],[28.7038899,47.1289011],[28.7038897,47.1289036],[28.7038881,47.1289045],[28.7038888,47.1289077],[28.7038851,47.128914],[28.7038835,47.1289147],[28.7038823,47.1289188],[28.7038797,47.1289202],[28.7038807,47.1289218],[28.7038788,47.1289236],[28.7038788,47.1289249],[28.7038717,47.1289374],[28.7038684,47.1289393],[28.7038685,47.1289426],[28.7038667,47.128946],[28.703864,47.1289463],[28.7038621,47.1289486],[28.7038623,47.1289535],[28.7038566,47.1289619],[28.7038551,47.128966],[28.7038535,47.1289681],[28.7038522,47.1289683],[28.7038523,47.1289708],[28.7038495,47.1289755],[28.7038479,47.1289771],[28.7038446,47.1289781],[28.703845,47.1289799],[28.7038437,47.1289799]]]}},{"type":"Feature","id":496,"properties":{"canopy_id":"siret3_r006_c004#0496","vineyard_id":"V02","row_id":"V02-R11","tile":"siret3_r006_c004","area_m2":1.5923},"geometry":{"type":"Polygon","coordinates":[[[28.703912,47.1288592],[28.7039109,47.1288552],[28.7039131,47.1288515],[28.7039157,47.1288501],[28.7039149,47.1288481],[28.7039174,47.1288438],[28.7039191,47.1288433],[28.7039187,47.1288416],[28.7039237,47.1288329],[28.7039246,47.1288318],[28.7039269,47.1288313],[28.7039265,47.1288286],[28.703929,47.1288252],[28.7039327,47.1288245],[28.7039327,47.128826],[28.7039337,47.1288265],[28.7039334,47.1288281],[28.7039331,47.1288272],[28.7039308,47.1288279],[28.7039305,47.1288292],[28.7039315,47.1288301],[28.7039299,47.1288306],[28.7039258,47.1288356],[28.7039258,47.1288365],[28.7039278,47.1288367],[28.7039285,47.128838],[28.7039269,47.128841],[28.7039243,47.1288417],[28.7039254,47.1288444],[28.7039228,47.1288462],[28.7039223,47.12885],[28.7039197,47.1288519],[28.7039181,47.1288544],[28.7039158,47.1288542],[28.7039136,47.1288589],[28.703912,47.1288592]]]}},{"type":"Feature","id":497,"properties":{"canopy_id":"siret3_r006_c004#0497","vineyard_id":"V02","row_id":"V02-R11","tile":"siret3_r006_c004","area_m2":2.561},"geometry":{"type":"Polygon","coordinates":[[[28.7039326,47.1288231],[28.7039309,47.1288225],[28.7039306,47.1288214],[28.7039319,47.1288204],[28.7039352,47.1288208],[28.7039364,47.1288195],[28.7039364,47.1288183],[28.7039337,47.128817],[28.7039337,47.1288159],[28.703935,47.1288154],[28.7039353,47.128813],[28.7039427,47.1288],[28.7039434,47.1287991],[28.7039453,47.1287989],[28.7039452,47.1287957],[28.7039527,47.1287828],[28.7039547,47.1287816],[28.7039551,47.1287827],[28.703959,47.1287831],[28.7039586,47.1287813],[28.703955,47.1287812],[28.7039546,47.1287796],[28.7039612,47.1287696],[28.703961,47.1287721],[28.703964,47.1287741],[28.7039651,47.1287761],[28.7039602,47.1287773],[28.7039612,47.1287788],[28.703961,47.1287827],[28.7039594,47.1287836],[28.7039594,47.1287856],[28.7039572,47.1287868],[28.7039566,47.1287886],[28.7039553,47.1287893],[28.703955,47.128792],[28.7039524,47.1287913],[28.7039501,47.1287923],[28.7039513,47.1287979],[28.703947,47.1288002],[28.7039471,47.1288015],[28.7039491,47.1288022],[28.7039475,47.1288033],[28.7039476,47.1288063],[28.7039462,47.1288056],[28.7039458,47.1288038],[28.7039419,47.1288052],[28.703942,47.1288063],[28.703946,47.1288081],[28.7039394,47.1288203],[28.7039378,47.1288217],[28.7039326,47.1288231]]]}},{"type":"Feature","id":498,"properties":{"canopy_id":"siret3_r006_c004#0498","vineyard_id":"V02","row_id":"V02-R11","tile":"siret3_r006_c004","area_m2":1.2971},"geometry":{"type":"Polygon","coordinates":[[[28.7039651,47.1287657],[28.7039637,47.1287644],[28.7039653,47.1287635],[28.7039656,47.1287608],[28.7039684,47.128758],[28.7039687,47.128756],[28.7039716,47.1287541],[28.7039718,47.1287499],[28.703975,47.1287482],[28.703975,47.1287471],[28.7039782,47.1287448],[28.7039771,47.1287408],[28.703979,47.1287376],[28.7039794,47.1287396],[28.7039843,47.1287391],[28.7039841,47.1287425],[28.7039821,47.128743],[28.7039803,47.1287486],[28.7039784,47.1287486],[28.7039785,47.1287529],[28.7039743,47.1287555],[28.7039751,47.1287588],[28.7039729,47.1287625],[28.7039702,47.1287618],[28.7039703,47.1287641],[28.7039651,47.1287657]]]}},{"type":"Feature","id":499,"properties":{"canopy_id":"siret3_r006_c004#0499","vineyard_id":"V02","row_id":"V02-R11","tile":"siret3_r006_c004","area_m2":0.6365},"geometry":{"type":"Polygon","coordinates":[[[28.7039836,47.1287375],[28.7039813,47.1287369],[28.7039812,47.1287356],[28.7039825,47.1287349],[28.7039818,47.1287326],[28.703984,47.1287294],[28.703987,47.1287287],[28.7039885,47.1287267],[28.7039871,47.1287238],[28.703992,47.1287228],[28.7039934,47.1287237],[28.7039934,47.1287248],[28.7039902,47.128726],[28.7039916,47.1287302],[28.7039884,47.1287325],[28.7039884,47.1287341],[28.7039868,47.1287352],[28.7039866,47.1287371],[28.7039836,47.1287375]]]}},{"type":"Feature","id":500,"properties":{"canopy_id":"siret3_r006_c004#0500","vineyard_id":"V02","row_id":"V02-R11","tile":"siret3_r006_c004","area_m2":0.3955},"geometry":{"type":"Polygon","coordinates":[[[28.7039923,47.1287212],[28.7039909,47.1287197],[28.7039942,47.128718],[28.7039937,47.1287122],[28.7039963,47.1287106],[28.7040016,47.1287119],[28.7040016,47.1287125],[28.7039996,47.1287132],[28.704,47.128715],[28.703999,47.1287153],[28.7039985,47.1287175],[28.7039962,47.1287176],[28.703994,47.128721],[28.7039923,47.1287212]]]}},{"type":"Feature","id":501,"properties":{"canopy_id":"siret3_r006_c004#0501","vineyard_id":"V02","row_id":"V02-R11","tile":"siret3_r006_c004","area_m2":1.0178},"geometry":{"type":"Polygon","coordinates":[[[28.7040021,47.1287067],[28.704002,47.1287031],[28.7040006,47.1287017],[28.7040012,47.1286993],[28.7040049,47.1286929],[28.7040075,47.1286922],[28.7040078,47.1286904],[28.7040068,47.1286895],[28.704009,47.1286859],[28.7040126,47.1286856],[28.7040146,47.1286874],[28.704015,47.1286898],[28.7040115,47.1286933],[28.70401,47.1286982],[28.7040052,47.1287003],[28.7040052,47.1287015],[28.7040065,47.1287017],[28.7040052,47.1287026],[28.7040053,47.1287053],[28.7040021,47.1287067]]]}},{"type":"Feature","id":502,"properties":{"canopy_id":"siret3_r006_c004#0502","vineyard_id":"V02","row_id":"V02-R11","tile":"siret3_r006_c004","area_m2":0.5271},"geometry":{"type":"Polygon","coordinates":[[[28.7040146,47.1286849],[28.7040129,47.1286831],[28.7040112,47.1286829],[28.7040118,47.1286811],[28.7040122,47.1286818],[28.7040138,47.1286815],[28.7040134,47.1286802],[28.704015,47.1286788],[28.704015,47.1286779],[28.7040137,47.1286777],[28.7040169,47.1286759],[28.7040165,47.1286734],[28.7040181,47.1286729],[28.7040225,47.128676],[28.7040196,47.128679],[28.70402,47.128681],[28.7040191,47.1286812],[28.7040191,47.1286828],[28.7040165,47.1286849],[28.7040146,47.1286849]]]}},{"type":"Feature","id":503,"properties":{"canopy_id":"siret3_r006_c004#0503","vineyard_id":"V02","row_id":"V02-R11","tile":"siret3_r006_c004","area_m2":1.0649},"geometry":{"type":"Polygon","coordinates":[[[28.7040414,47.1286368],[28.7040397,47.1286359],[28.7040406,47.1286346],[28.7040399,47.1286323],[28.7040459,47.1286232],[28.7040465,47.128621],[28.7040497,47.1286191],[28.7040504,47.12862],[28.7040517,47.12862],[28.7040527,47.1286186],[28.7040536,47.1286186],[28.7040531,47.1286211],[28.7040544,47.1286218],[28.7040475,47.1286338],[28.7040447,47.1286363],[28.7040414,47.1286368]]]}},{"type":"Feature","id":504,"properties":{"canopy_id":"siret3_r006_c004#0504","vineyard_id":"V02","row_id":"V02-R11","tile":"siret3_r006_c004","area_m2":1.1406},"geometry":{"type":"Polygon","coordinates":[[[28.7040303,47.1286604],[28.7040272,47.1286577],[28.7040268,47.1286561],[28.7040287,47.1286541],[28.7040284,47.1286525],[28.7040315,47.1286471],[28.7040325,47.1286473],[28.7040332,47.1286493],[28.7040358,47.1286493],[28.7040368,47.1286486],[28.7040368,47.1286472],[28.7040344,47.1286446],[28.7040373,47.1286432],[28.7040359,47.1286403],[28.7040359,47.1286396],[28.7040375,47.1286391],[28.7040371,47.1286375],[28.7040401,47.1286375],[28.7040404,47.1286366],[28.704042,47.128637],[28.7040418,47.1286399],[28.7040428,47.1286417],[28.7040332,47.1286585],[28.7040315,47.1286585],[28.7040303,47.1286604]]]}},{"type":"Feature","id":505,"properties":{"canopy_id":"siret3_r006_c004#0505","vineyard_id":"V02","row_id":"V02-R11","tile":"siret3_r006_c004","area_m2":0.3323},"geometry":{"type":"Polygon","coordinates":[[[28.7040207,47.1286713],[28.7040219,47.1286679],[28.7040242,47.1286659],[28.7040231,47.1286636],[28.7040261,47.1286631],[28.7040289,47.1286602],[28.7040299,47.1286604],[28.7040303,47.1286622],[28.7040284,47.1286649],[28.7040271,47.1286654],[28.7040272,47.1286672],[28.7040256,47.1286681],[28.7040253,47.1286694],[28.7040227,47.1286713],[28.7040207,47.1286713]]]}},{"type":"Feature","id":506,"properties":{"canopy_id":"siret3_r006_c004#0506","vineyard_id":"V02","row_id":"V02-R11","tile":"siret3_r006_c004","area_m2":0.9917},"geometry":{"type":"Polygon","coordinates":[[[28.7040526,47.1286173],[28.7040522,47.1286162],[28.7040496,47.1286158],[28.7040558,47.1286049],[28.7040578,47.1286044],[28.7040578,47.1286035],[28.7040568,47.1286033],[28.7040574,47.1286017],[28.704066,47.1286016],[28.7040585,47.1286147],[28.7040526,47.1286173]]]}},{"type":"Feature","id":507,"properties":{"canopy_id":"siret3_r006_c004#0507","vineyard_id":"V02","row_id":"V02-R12","tile":"siret3_r006_c004","area_m2":0.969},"geometry":{"type":"Polygon","coordinates":[[[28.7037561,47.1290667],[28.7037548,47.1290651],[28.7037591,47.1290576],[28.7037617,47.129056],[28.7037613,47.1290538],[28.7037626,47.1290517],[28.7037655,47.1290506],[28.7037655,47.1290497],[28.7037638,47.1290495],[28.7037657,47.1290461],[28.7037696,47.1290449],[28.7037705,47.129051],[28.7037685,47.1290521],[28.7037673,47.1290546],[28.703764,47.1290567],[28.7037644,47.1290585],[28.7037616,47.1290641],[28.7037591,47.1290666],[28.7037561,47.1290667]]]}},{"type":"Feature","id":508,"properties":{"canopy_id":"siret3_r006_c004#0508","vineyard_id":"V02","row_id":"V02-R12","tile":"siret3_r006_c004","area_m2":0.561},"geometry":{"type":"Polygon","coordinates":[[[28.7037695,47.1290433],[28.7037685,47.1290429],[28.7037685,47.1290415],[28.7037734,47.1290388],[28.7037733,47.1290379],[28.7037713,47.129037],[28.7037736,47.1290349],[28.7037738,47.129032],[28.7037757,47.12903],[28.7037783,47.1290292],[28.7037801,47.1290339],[28.7037782,47.1290355],[28.7037774,47.1290405],[28.7037751,47.1290403],[28.7037695,47.1290433]]]}},{"type":"Feature","id":509,"properties":{"canopy_id":"siret3_r006_c004#0509","vineyard_id":"V02","row_id":"V02-R12","tile":"siret3_r006_c004","area_m2":0.8411},"geometry":{"type":"Polygon","coordinates":[[[28.703782,47.1290204],[28.7037819,47.1290179],[28.7037838,47.1290161],[28.7037841,47.1290141],[28.7037882,47.129007],[28.7037891,47.1290057],[28.7037907,47.1290052],[28.7037904,47.1290034],[28.7037916,47.1290025],[28.7037922,47.129],[28.7037929,47.1289993],[28.7037952,47.1289995],[28.7037965,47.1290011],[28.703796,47.129004],[28.7037944,47.1290067],[28.7037921,47.1290074],[28.7037919,47.1290106],[28.70379,47.1290115],[28.7037907,47.1290144],[28.703783,47.1290204],[28.703782,47.1290204]]]}},{"type":"Feature","id":510,"properties":{"canopy_id":"siret3_r006_c004#0510","vineyard_id":"V02","row_id":"V02-R12","tile":"siret3_r006_c004","area_m2":1.4868},"geometry":{"type":"Polygon","coordinates":[[[28.7037958,47.1289986],[28.7037944,47.1289973],[28.7037966,47.128993],[28.7038008,47.1289902],[28.7038026,47.1289855],[28.7038052,47.1289841],[28.7038061,47.1289811],[28.7038087,47.1289795],[28.7038087,47.1289779],[28.7038103,47.128977],[28.7038099,47.1289739],[28.7038115,47.1289732],[28.7038143,47.1289691],[28.7038145,47.1289644],[28.7038168,47.1289634],[28.7038177,47.1289618],[28.7038213,47.1289616],[28.703822,47.1289629],[28.7038157,47.1289724],[28.7038073,47.1289883],[28.7038051,47.1289913],[28.7038016,47.1289936],[28.7038007,47.1289963],[28.7037971,47.1289986],[28.7037958,47.1289986]]]}},{"type":"Feature","id":511,"properties":{"canopy_id":"siret3_r006_c004#0511","vineyard_id":"V02","row_id":"V02-R12","tile":"siret3_r006_c004","area_m2":0.3301},"geometry":{"type":"Polygon","coordinates":[[[28.7038231,47.1289559],[28.7038218,47.1289546],[28.7038237,47.1289534],[28.703824,47.1289518],[28.7038236,47.1289507],[28.7038223,47.1289505],[28.7038222,47.1289483],[28.7038254,47.1289457],[28.7038271,47.1289455],[28.7038284,47.1289462],[28.7038288,47.1289475],[28.7038275,47.1289486],[28.7038264,47.1289543],[28.7038231,47.1289559]]]}},{"type":"Feature","id":512,"properties":{"canopy_id":"siret3_r006_c004#0512","vineyard_id":"V02","row_id":"V02-R12","tile":"siret3_r006_c004","area_m2":0.4526},"geometry":{"type":"Polygon","coordinates":[[[28.7038386,47.1289341],[28.7038352,47.1289319],[28.7038358,47.1289298],[28.7038381,47.1289294],[28.7038383,47.1289253],[28.7038363,47.128924],[28.7038385,47.1289219],[28.7038435,47.1289216],[28.7038451,47.1289227],[28.7038414,47.1289284],[28.7038391,47.1289293],[28.7038398,47.128932],[28.7038386,47.1289341]]]}},{"type":"Feature","id":513,"properties":{"canopy_id":"siret3_r006_c004#0513","vineyard_id":"V02","row_id":"V02-R12","tile":"siret3_r006_c004","area_m2":0.2339},"geometry":{"type":"Polygon","coordinates":[[[28.7038465,47.1289133],[28.7038448,47.1289126],[28.7038497,47.1289098],[28.7038486,47.1289069],[28.7038525,47.1289058],[28.7038536,47.1289078],[28.7038511,47.1289123],[28.7038465,47.1289133]]]}},{"type":"Feature","id":514,"properties":{"canopy_id":"siret3_r006_c004#0514","vineyard_id":"V02","row_id":"V02-R12","tile":"siret3_r006_c004","area_m2":0.1914},"geometry":{"type":"Polygon","coordinates":[[[28.7038591,47.128896],[28.7038574,47.1288944],[28.7038574,47.1288926],[28.7038587,47.1288924],[28.7038586,47.1288904],[28.7038615,47.1288894],[28.7038629,47.1288898],[28.7038619,47.1288912],[28.7038623,47.128893],[28.7038608,47.1288957],[28.7038591,47.128896]]]}},{"type":"Feature","id":515,"properties":{"canopy_id":"siret3_r006_c004#0515","vineyard_id":"V02","row_id":"V02-R12","tile":"siret3_r006_c004","area_m2":0.6897},"geometry":{"type":"Polygon","coordinates":[[[28.7038624,47.1288847],[28.7038614,47.1288838],[28.7038626,47.128882],[28.7038678,47.1288785],[28.7038678,47.1288776],[28.7038654,47.1288768],[28.7038647,47.1288747],[28.7038702,47.1288715],[28.7038698,47.1288686],[28.7038707,47.1288679],[28.7038734,47.1288681],[28.7038751,47.1288708],[28.7038711,47.1288778],[28.7038698,47.1288783],[28.7038698,47.1288801],[28.7038647,47.1288846],[28.7038624,47.1288847]]]}},{"type":"Feature","id":516,"properties":{"canopy_id":"siret3_r006_c004#0516","vineyard_id":"V02","row_id":"V02-R12","tile":"siret3_r006_c004","area_m2":0.8206},"geometry":{"type":"Polygon","coordinates":[[[28.7038756,47.1288651],[28.7038723,47.1288638],[28.7038733,47.1288638],[28.7038742,47.1288625],[28.7038734,47.1288593],[28.7038757,47.1288584],[28.703877,47.1288561],[28.7038789,47.1288554],[28.7038788,47.1288532],[28.7038811,47.1288522],[28.7038803,47.1288473],[28.7038826,47.1288457],[28.7038859,47.1288454],[28.7038882,47.1288481],[28.7038866,47.1288492],[28.7038864,47.1288513],[28.7038834,47.1288526],[28.7038819,47.1288547],[28.7038823,47.1288567],[28.7038794,47.1288595],[28.7038782,47.1288644],[28.7038756,47.1288651]]]}},{"type":"Feature","id":517,"properties":{"canopy_id":"siret3_r006_c004#0517","vineyard_id":"V02","row_id":"V02-R12","tile":"siret3_r006_c004","area_m2":1.4531},"geometry":{"type":"Polygon","coordinates":[[[28.703886,47.1288405],[28.7038853,47.1288396],[28.7038882,47.1288375],[28.7038882,47.1288357],[28.7038908,47.1288343],[28.7038913,47.1288309],[28.7038954,47.128825],[28.703895,47.1288232],[28.7038979,47.1288214],[28.7038979,47.1288203],[28.7038959,47.1288201],[28.7038978,47.1288169],[28.7039001,47.1288164],[28.7039013,47.1288135],[28.7039009,47.1288114],[28.7039058,47.1288082],[28.703906,47.1288057],[28.7039083,47.1288048],[28.7039082,47.1288028],[28.7039089,47.1288041],[28.7039122,47.1288043],[28.7039126,47.1288056],[28.7039068,47.1288082],[28.7039075,47.1288107],[28.7039063,47.128815],[28.703905,47.1288166],[28.7039015,47.1288184],[28.7039015,47.1288193],[28.7039035,47.1288197],[28.7039036,47.1288215],[28.7038984,47.1288257],[28.7038985,47.1288286],[28.7038966,47.1288304],[28.7038954,47.1288342],[28.7038937,47.1288345],[28.7038935,47.1288365],[28.7038899,47.1288377],[28.703889,47.1288402],[28.703886,47.1288405]]]}},{"type":"Feature","id":518,"properties":{"canopy_id":"siret3_r006_c004#0518","vineyard_id":"V02","row_id":"V02-R12","tile":"siret3_r006_c004","area_m2":0.8154},"geometry":{"type":"Polygon","coordinates":[[[28.7039208,47.1287826],[28.7039187,47.1287813],[28.7039203,47.1287799],[28.7039203,47.1287779],[28.7039218,47.1287751],[28.7039245,47.1287744],[28.7039234,47.1287729],[28.703924,47.1287715],[28.7039286,47.1287696],[28.7039285,47.1287674],[28.7039324,47.1287662],[28.7039338,47.1287675],[28.7039312,47.1287696],[28.7039317,47.1287727],[28.7039288,47.1287775],[28.7039234,47.1287819],[28.7039208,47.1287826]]]}},{"type":"Feature","id":519,"properties":{"canopy_id":"siret3_r006_c004#0519","vineyard_id":"V02","row_id":"V02-R12","tile":"siret3_r006_c004","area_m2":0.5144},"geometry":{"type":"Polygon","coordinates":[[[28.7039377,47.128754],[28.703936,47.1287524],[28.7039382,47.1287515],[28.7039372,47.1287493],[28.703941,47.1287465],[28.703941,47.1287452],[28.7039393,47.1287447],[28.7039409,47.128742],[28.7039468,47.1287406],[28.7039472,47.1287426],[28.7039442,47.1287438],[28.7039441,47.1287494],[28.7039431,47.1287498],[28.7039425,47.1287523],[28.7039377,47.128754]]]}},{"type":"Feature","id":520,"properties":{"canopy_id":"siret3_r006_c004#0520","vineyard_id":"V02","row_id":"V02-R12","tile":"siret3_r006_c004","area_m2":1.6833},"geometry":{"type":"Polygon","coordinates":[[[28.7039477,47.128737],[28.7039463,47.1287365],[28.7039465,47.1287323],[28.7039488,47.1287311],[28.7039484,47.1287291],[28.7039513,47.1287279],[28.7039519,47.1287254],[28.7039509,47.1287248],[28.7039525,47.128722],[28.7039557,47.1287204],[28.7039566,47.1287184],[28.7039586,47.1287172],[28.7039582,47.1287154],[28.7039598,47.1287141],[28.7039591,47.1287127],[28.7039617,47.1287116],[28.7039619,47.1287086],[28.7039609,47.1287075],[28.7039644,47.1287048],[28.7039647,47.1287016],[28.7039669,47.1286989],[28.7039674,47.1286959],[28.7039681,47.1286953],[28.7039711,47.1286957],[28.7039738,47.1286976],[28.7039735,47.1287001],[28.7039684,47.1287052],[28.7039669,47.1287099],[28.7039646,47.1287108],[28.703965,47.1287126],[28.7039621,47.1287158],[28.7039616,47.1287192],[28.7039587,47.1287204],[28.7039584,47.1287224],[28.7039571,47.1287235],[28.7039542,47.1287238],[28.7039556,47.1287274],[28.7039537,47.128729],[28.7039515,47.1287338],[28.7039477,47.128737]]]}},{"type":"Feature","id":521,"properties":{"canopy_id":"siret3_r006_c004#0521","vineyard_id":"V02","row_id":"V02-R12","tile":"siret3_r006_c004","area_m2":0.3118},"geometry":{"type":"Polygon","coordinates":[[[28.7039759,47.1286909],[28.7039722,47.12869],[28.7039715,47.1286889],[28.7039743,47.1286841],[28.7039756,47.1286832],[28.7039782,47.128683],[28.7039789,47.1286838],[28.703977,47.1286866],[28.7039787,47.1286879],[28.7039772,47.1286904],[28.7039759,47.1286909]]]}},{"type":"Feature","id":522,"properties":{"canopy_id":"siret3_r006_c004#0522","vineyard_id":"V02","row_id":"V02-R12","tile":"siret3_r006_c004","area_m2":1.3157},"geometry":{"type":"Polygon","coordinates":[[[28.7039876,47.1286664],[28.7039868,47.1286624],[28.703991,47.1286585],[28.7039909,47.1286558],[28.7039938,47.1286542],[28.7039943,47.1286494],[28.7039956,47.1286474],[28.7039982,47.128646],[28.7039981,47.128644],[28.7039997,47.1286426],[28.703999,47.1286413],[28.7040025,47.1286378],[28.7040027,47.1286347],[28.7040037,47.1286338],[28.704006,47.1286337],[28.7040046,47.1286315],[28.7040062,47.1286303],[28.7040086,47.1286314],[28.7040089,47.1286328],[28.7040084,47.1286353],[28.7040061,47.1286373],[28.7040059,47.1286403],[28.7040069,47.128642],[28.7040036,47.1286421],[28.7040027,47.1286448],[28.7040001,47.128646],[28.7039971,47.1286541],[28.7039949,47.1286568],[28.7039946,47.1286593],[28.7039927,47.1286609],[28.7039931,47.1286636],[28.7039902,47.1286661],[28.7039876,47.1286664]]]}},{"type":"Feature","id":523,"properties":{"canopy_id":"siret3_r006_c004#0523","vineyard_id":"V02","row_id":"V02-R12","tile":"siret3_r006_c004","area_m2":0.4731},"geometry":{"type":"Polygon","coordinates":[[[28.7039811,47.1286784],[28.7039787,47.1286773],[28.70398,47.1286771],[28.7039803,47.1286739],[28.7039835,47.1286732],[28.7039831,47.1286712],[28.7039821,47.1286708],[28.7039827,47.1286694],[28.7039837,47.128668],[28.7039876,47.1286666],[28.7039876,47.1286673],[28.7039903,47.1286684],[28.7039887,47.1286691],[28.7039897,47.1286709],[28.7039874,47.1286711],[28.7039861,47.1286725],[28.7039862,47.1286741],[28.7039879,47.1286752],[28.7039872,47.1286761],[28.7039843,47.1286761],[28.7039833,47.1286775],[28.7039811,47.1286784]]]}},{"type":"Feature","id":524,"properties":{"canopy_id":"siret3_r006_c004#0524","vineyard_id":"V02","row_id":"V02-R12","tile":"siret3_r006_c004","area_m2":0.1953},"geometry":{"type":"Polygon","coordinates":[[[28.704009,47.1286242],[28.7040134,47.1286179],[28.7040164,47.1286176],[28.7040151,47.1286196],[28.7040155,47.1286217],[28.7040139,47.1286235],[28.704009,47.1286242]]]}},{"type":"Feature","id":525,"properties":{"canopy_id":"siret3_r006_c004#0525","vineyard_id":"V02","row_id":"V02-R12","tile":"siret3_r006_c004","area_m2":0.7249},"geometry":{"type":"Polygon","coordinates":[[[28.7040213,47.1286171],[28.7040205,47.1286137],[28.7040192,47.1286137],[28.7040163,47.128616],[28.7040146,47.1286149],[28.7040149,47.1286136],[28.7040184,47.1286086],[28.7040213,47.1286085],[28.7040243,47.1286074],[28.7040243,47.1286065],[28.7040219,47.1286049],[28.7040215,47.1286022],[28.7040297,47.1286021],[28.7040213,47.1286171]]]}},{"type":"Feature","id":526,"properties":{"canopy_id":"siret3_r006_c004#0526","vineyard_id":"V02","row_id":"V02-R13","tile":"siret3_r006_c004","area_m2":0.2263},"geometry":{"type":"Polygon","coordinates":[[[28.7037222,47.1290672],[28.7037185,47.1290643],[28.7037194,47.1290625],[28.703722,47.1290616],[28.7037257,47.1290624],[28.7037257,47.1290635],[28.7037241,47.1290649],[28.7037248,47.1290672],[28.7037222,47.1290672]]]}},{"type":"Feature","id":527,"properties":{"canopy_id":"siret3_r006_c004#0527","vineyard_id":"V02","row_id":"V02-R13","tile":"siret3_r006_c004","area_m2":0.199},"geometry":{"type":"Polygon","coordinates":[[[28.7037239,47.1290586],[28.7037229,47.1290577],[28.7037268,47.1290554],[28.7037267,47.1290539],[28.7037297,47.1290534],[28.7037317,47.1290551],[28.7037301,47.129057],[28.7037272,47.1290583],[28.7037239,47.1290586]]]}},{"type":"Feature","id":528,"properties":{"canopy_id":"siret3_r006_c004#0528","vineyard_id":"V02","row_id":"V02-R13","tile":"siret3_r006_c004","area_m2":0.4526},"geometry":{"type":"Polygon","coordinates":[[[28.7037293,47.1290516],[28.7037279,47.1290505],[28.7037304,47.1290457],[28.703733,47.1290441],[28.7037349,47.1290407],[28.7037381,47.1290404],[28.7037395,47.129042],[28.7037386,47.1290433],[28.7037369,47.1290438],[28.7037367,47.1290463],[28.7037344,47.1290474],[28.7037322,47.1290513],[28.7037293,47.1290516]]]}},{"type":"Feature","id":529,"properties":{"canopy_id":"siret3_r006_c004#0529","vineyard_id":"V02","row_id":"V02-R13","tile":"siret3_r006_c004","area_m2":1.7576},"geometry":{"type":"Polygon","coordinates":[[[28.7037686,47.1289815],[28.7037666,47.1289808],[28.7037669,47.1289801],[28.7037706,47.1289738],[28.7037742,47.128971],[28.7037734,47.1289688],[28.7037747,47.1289668],[28.7037769,47.1289654],[28.7037775,47.1289631],[28.7037792,47.1289624],[28.7037794,47.1289586],[28.7037848,47.1289545],[28.7037838,47.1289513],[28.7037864,47.1289502],[28.7037872,47.1289472],[28.7037909,47.1289469],[28.7037922,47.1289478],[28.703792,47.1289501],[28.7037904,47.1289517],[28.7037901,47.1289535],[28.7037888,47.1289542],[28.7037885,47.1289564],[28.7037853,47.1289585],[28.7037841,47.128961],[28.7037848,47.1289637],[28.7037819,47.1289655],[28.7037798,47.128971],[28.7037782,47.1289721],[28.7037773,47.1289766],[28.7037731,47.12898],[28.7037686,47.1289815]]]}},{"type":"Feature","id":530,"properties":{"canopy_id":"siret3_r006_c004#0530","vineyard_id":"V02","row_id":"V02-R13","tile":"siret3_r006_c004","area_m2":2.4412},"geometry":{"type":"Polygon","coordinates":[[[28.7037361,47.1290382],[28.7037354,47.129036],[28.7037369,47.1290341],[28.7037383,47.1290339],[28.7037398,47.1290294],[28.7037423,47.1290273],[28.7037413,47.1290244],[28.7037426,47.1290237],[28.7037447,47.1290185],[28.703748,47.1290178],[28.7037515,47.1290137],[28.7037514,47.1290125],[28.7037498,47.1290123],[28.7037494,47.1290112],[28.7037503,47.1290094],[28.7037526,47.1290085],[28.7037519,47.129006],[28.7037573,47.1290017],[28.7037572,47.1289987],[28.7037582,47.1289974],[28.7037621,47.1289953],[28.7037604,47.1289928],[28.7037609,47.1289904],[28.7037641,47.1289869],[28.7037637,47.1289856],[28.7037653,47.1289829],[28.7037676,47.1289824],[28.7037666,47.128981],[28.7037682,47.1289815],[28.7037703,47.1289832],[28.7037694,47.128986],[28.7037711,47.1289875],[28.7037681,47.1289884],[28.7037678,47.12899],[28.7037634,47.1289946],[28.7037638,47.1289964],[28.7037616,47.1290002],[28.7037617,47.1290029],[28.7037585,47.1290057],[28.7037582,47.1290088],[28.7037563,47.1290089],[28.7037548,47.1290143],[28.7037494,47.1290218],[28.7037486,47.1290263],[28.7037453,47.1290282],[28.7037461,47.1290306],[28.7037419,47.1290332],[28.703739,47.129037],[28.7037361,47.1290382]]]}},{"type":"Feature","id":531,"properties":{"canopy_id":"siret3_r006_c004#0531","vineyard_id":"V02","row_id":"V02-R13","tile":"siret3_r006_c004","area_m2":0.9363},"geometry":{"type":"Polygon","coordinates":[[[28.7038082,47.1289129],[28.7038069,47.1289121],[28.7038101,47.1289093],[28.7038097,47.1289073],[28.7038113,47.1289052],[28.7038129,47.1289045],[28.7038119,47.128903],[28.7038148,47.1289009],[28.7038171,47.1289004],[28.7038163,47.128898],[28.7038179,47.1288968],[28.7038169,47.1288944],[28.7038192,47.1288934],[28.7038191,47.1288914],[28.7038203,47.1288896],[28.7038253,47.1288891],[28.7038263,47.1288897],[28.7038253,47.1288904],[28.7038248,47.1288936],[28.7038219,47.1288965],[28.7038217,47.1289001],[28.703818,47.1289002],[28.7038179,47.1289047],[28.7038139,47.1289054],[28.7038147,47.1289074],[28.7038128,47.1289108],[28.7038082,47.1289129]]]}},{"type":"Feature","id":532,"properties":{"canopy_id":"siret3_r006_c004#0532","vineyard_id":"V02","row_id":"V02-R13","tile":"siret3_r006_c004","area_m2":1.1021},"geometry":{"type":"Polygon","coordinates":[[[28.7037939,47.1289386],[28.7037919,47.1289377],[28.7037941,47.1289363],[28.7037947,47.1289332],[28.7037973,47.128932],[28.7037976,47.1289302],[28.7037998,47.1289284],[28.7037991,47.1289254],[28.7038007,47.1289238],[28.7038009,47.1289214],[28.7038029,47.1289209],[28.7038028,47.1289191],[28.7038051,47.1289182],[28.7038047,47.1289159],[28.7038076,47.1289141],[28.703812,47.128916],[28.7038117,47.1289174],[28.7038095,47.1289203],[28.7038081,47.1289197],[28.7038042,47.1289202],[28.7038045,47.1289213],[28.7038078,47.128921],[28.7038082,47.1289226],[28.7038031,47.1289274],[28.7038038,47.1289296],[28.7038016,47.1289328],[28.7037997,47.128934],[28.7037998,47.1289362],[28.7037981,47.1289376],[28.7037939,47.1289386]]]}},{"type":"Feature","id":533,"properties":{"canopy_id":"siret3_r006_c004#0533","vineyard_id":"V02","row_id":"V02-R13","tile":"siret3_r006_c004","area_m2":0.2017},"geometry":{"type":"Polygon","coordinates":[[[28.7038258,47.1288843],[28.7038251,47.1288837],[28.7038271,47.128883],[28.7038289,47.1288791],[28.7038288,47.1288769],[28.7038311,47.1288761],[28.7038332,47.1288793],[28.7038306,47.1288802],[28.703831,47.1288827],[28.7038258,47.1288843]]]}},{"type":"Feature","id":534,"properties":{"canopy_id":"siret3_r006_c004#0534","vineyard_id":"V02","row_id":"V02-R13","tile":"siret3_r006_c004","area_m2":0.8174},"geometry":{"type":"Polygon","coordinates":[[[28.7038395,47.1288612],[28.7038375,47.1288599],[28.7038378,47.1288578],[28.7038413,47.1288555],[28.7038422,47.1288521],[28.7038451,47.1288492],[28.7038441,47.1288476],[28.7038447,47.1288458],[28.7038515,47.1288426],[28.7038529,47.1288455],[28.7038514,47.1288489],[28.7038485,47.1288518],[28.7038479,47.1288541],[28.7038414,47.1288582],[28.7038415,47.1288605],[28.7038395,47.1288612]]]}},{"type":"Feature","id":535,"properties":{"canopy_id":"siret3_r006_c004#0535","vineyard_id":"V02","row_id":"V02-R13","tile":"siret3_r006_c004","area_m2":0.627},"geometry":{"type":"Polygon","coordinates":[[[28.7038578,47.1288344],[28.7038571,47.1288326],[28.7038535,47.1288324],[28.7038531,47.1288315],[28.7038544,47.1288306],[28.7038547,47.1288288],[28.7038563,47.1288279],[28.7038565,47.1288254],[28.7038604,47.128824],[28.70386,47.1288206],[28.7038636,47.1288203],[28.703865,47.1288219],[28.7038644,47.1288237],[28.7038628,47.1288244],[28.7038638,47.1288273],[28.703862,47.1288305],[28.7038581,47.1288321],[28.7038591,47.1288343],[28.7038578,47.1288344]]]}},{"type":"Feature","id":536,"properties":{"canopy_id":"siret3_r006_c004#0536","vineyard_id":"V02","row_id":"V02-R13","tile":"siret3_r006_c004","area_m2":0.4907},"geometry":{"type":"Polygon","coordinates":[[[28.7038659,47.1288194],[28.7038616,47.1288183],[28.703864,47.1288127],[28.703867,47.128811],[28.7038685,47.128809],[28.7038734,47.1288076],[28.7038742,47.1288094],[28.7038715,47.1288103],[28.7038706,47.1288123],[28.7038687,47.1288135],[28.7038691,47.1288153],[28.7038678,47.1288178],[28.7038659,47.1288194]]]}},{"type":"Feature","id":537,"properties":{"canopy_id":"siret3_r006_c004#0537","vineyard_id":"V02","row_id":"V02-R13","tile":"siret3_r006_c004","area_m2":0.4768},"geometry":{"type":"Polygon","coordinates":[[[28.7038739,47.1288013],[28.7038722,47.1287997],[28.7038755,47.1287985],[28.703875,47.128795],[28.7038789,47.128794],[28.7038782,47.1287904],[28.7038791,47.1287893],[28.7038821,47.128789],[28.7038834,47.1287901],[28.7038822,47.1287922],[28.7038823,47.1287955],[28.7038806,47.128796],[28.7038788,47.1287998],[28.7038765,47.128801],[28.7038739,47.1288013]]]}},{"type":"Feature","id":538,"properties":{"canopy_id":"siret3_r006_c004#0538","vineyard_id":"V02","row_id":"V02-R13","tile":"siret3_r006_c004","area_m2":0.7839},"geometry":{"type":"Polygon","coordinates":[[[28.703885,47.1287874],[28.7038823,47.1287867],[28.7038826,47.1287849],[28.7038845,47.1287836],[28.7038837,47.1287789],[28.7038844,47.1287779],[28.7038876,47.1287772],[28.7038862,47.1287741],[28.7038875,47.128772],[28.7038891,47.1287718],[28.7038887,47.12877],[28.7038927,47.1287693],[28.7038944,47.1287715],[28.7038911,47.1287731],[28.7038925,47.1287751],[28.7038922,47.1287765],[28.7038909,47.1287769],[28.7038913,47.1287794],[28.7038885,47.1287844],[28.703885,47.1287874]]]}},{"type":"Feature","id":539,"properties":{"canopy_id":"siret3_r006_c004#0539","vineyard_id":"V02","row_id":"V02-R13","tile":"siret3_r006_c004","area_m2":0.7063},"geometry":{"type":"Polygon","coordinates":[[[28.7038968,47.128764],[28.7038948,47.1287632],[28.7038944,47.1287618],[28.7038986,47.1287604],[28.7038992,47.1287588],[28.7038953,47.1287587],[28.7038962,47.1287568],[28.703903,47.1287513],[28.7039042,47.1287495],[28.7039038,47.1287475],[28.7039061,47.1287475],[28.7039085,47.1287501],[28.7039079,47.1287513],[28.7039038,47.1287583],[28.7039029,47.1287585],[28.7039022,47.1287577],[28.7038995,47.1287579],[28.7038996,47.1287588],[28.7039016,47.1287592],[28.7039013,47.1287619],[28.7038968,47.128764]]]}},{"type":"Feature","id":540,"properties":{"canopy_id":"siret3_r006_c004#0540","vineyard_id":"V02","row_id":"V02-R13","tile":"siret3_r006_c004","area_m2":0.4387},"geometry":{"type":"Polygon","coordinates":[[[28.7039086,47.1287423],[28.7039072,47.1287412],[28.7039102,47.1287393],[28.7039101,47.1287371],[28.7039117,47.1287361],[28.7039103,47.1287335],[28.7039148,47.1287305],[28.7039169,47.1287325],[28.7039163,47.1287367],[28.7039148,47.1287392],[28.7039135,47.1287402],[28.7039115,47.1287402],[28.7039109,47.1287413],[28.7039086,47.1287423]]]}},{"type":"Feature","id":541,"properties":{"canopy_id":"siret3_r006_c004#0541","vineyard_id":"V02","row_id":"V02-R13","tile":"siret3_r006_c004","area_m2":0.6609},"geometry":{"type":"Polygon","coordinates":[[[28.7039167,47.1287282],[28.7039151,47.1287275],[28.7039143,47.1287258],[28.7039166,47.1287241],[28.7039199,47.1287234],[28.7039192,47.1287219],[28.7039211,47.1287205],[28.7039204,47.1287187],[28.7039216,47.128716],[28.7039248,47.1287143],[28.7039272,47.1287143],[28.7039279,47.1287168],[28.7039235,47.1287243],[28.7039219,47.1287245],[28.7039216,47.1287274],[28.7039167,47.1287282]]]}},{"type":"Feature","id":542,"properties":{"canopy_id":"siret3_r006_c004#0542","vineyard_id":"V02","row_id":"V02-R13","tile":"siret3_r006_c004","area_m2":0.2312},"geometry":{"type":"Polygon","coordinates":[[[28.7039279,47.1287076],[28.7039288,47.1287051],[28.7039278,47.1287024],[28.7039303,47.1286999],[28.7039323,47.1286998],[28.7039328,47.128705],[28.7039312,47.1287068],[28.7039279,47.1287076]]]}},{"type":"Feature","id":543,"properties":{"canopy_id":"siret3_r006_c004#0543","vineyard_id":"V02","row_id":"V02-R13","tile":"siret3_r006_c004","area_m2":0.708},"geometry":{"type":"Polygon","coordinates":[[[28.7039473,47.1286735],[28.7039453,47.1286722],[28.7039471,47.128669],[28.7039513,47.1286656],[28.7039518,47.1286609],[28.7039531,47.1286606],[28.7039534,47.1286588],[28.703955,47.1286574],[28.7039549,47.1286556],[28.7039569,47.1286547],[28.7039582,47.1286549],[28.7039589,47.1286565],[28.703957,47.1286572],[28.7039578,47.128663],[28.7039556,47.1286644],[28.7039547,47.1286673],[28.7039511,47.1286705],[28.7039496,47.1286735],[28.7039473,47.1286735]]]}},{"type":"Feature","id":544,"properties":{"canopy_id":"siret3_r006_c004#0544","vineyard_id":"V02","row_id":"V02-R13","tile":"siret3_r006_c004","area_m2":0.5449},"geometry":{"type":"Polygon","coordinates":[[[28.7039729,47.1286299],[28.70397,47.1286302],[28.7039703,47.1286291],[28.7039728,47.1286248],[28.7039744,47.1286241],[28.7039747,47.1286225],[28.7039766,47.1286216],[28.7039759,47.1286193],[28.7039781,47.1286157],[28.7039807,47.1286154],[28.7039806,47.1286136],[28.7039832,47.12861],[28.7039852,47.1286136],[28.7039839,47.1286138],[28.7039828,47.1286179],[28.7039805,47.1286186],[28.7039786,47.1286215],[28.7039773,47.1286218],[28.7039776,47.1286231],[28.7039803,47.1286224],[28.7039806,47.1286233],[28.7039783,47.1286238],[28.7039751,47.1286261],[28.7039721,47.1286264],[28.7039729,47.1286299]]]}},{"type":"Feature","id":545,"properties":{"canopy_id":"siret3_r006_c004#0545","vineyard_id":"V02","row_id":"V02-R14","tile":"siret3_r006_c004","area_m2":0.3071},"geometry":{"type":"Polygon","coordinates":[[[28.7036836,47.1290678],[28.7036823,47.1290662],[28.7036829,47.1290646],[28.7036848,47.1290639],[28.7036877,47.1290607],[28.7036903,47.12906],[28.7036911,47.1290632],[28.7036885,47.1290648],[28.7036882,47.1290677],[28.7036836,47.1290678]]]}},{"type":"Feature","id":546,"properties":{"canopy_id":"siret3_r006_c004#0546","vineyard_id":"V02","row_id":"V02-R14","tile":"siret3_r006_c004","area_m2":0.3247},"geometry":{"type":"Polygon","coordinates":[[[28.7036895,47.1290558],[28.7036878,47.1290547],[28.7036897,47.1290522],[28.7036972,47.1290473],[28.7036985,47.1290493],[28.7036983,47.1290509],[28.7036963,47.1290516],[28.7036925,47.1290553],[28.7036895,47.1290558]]]}},{"type":"Feature","id":547,"properties":{"canopy_id":"siret3_r006_c004#0547","vineyard_id":"V02","row_id":"V02-R14","tile":"siret3_r006_c004","area_m2":0.7466},"geometry":{"type":"Polygon","coordinates":[[[28.7036951,47.1290458],[28.7036948,47.1290444],[28.703697,47.1290428],[28.7036973,47.1290401],[28.7036995,47.1290385],[28.7037001,47.1290367],[28.7037021,47.1290358],[28.7037017,47.1290342],[28.703703,47.1290335],[28.7037019,47.129032],[28.7037022,47.1290299],[28.7037035,47.129029],[28.7037044,47.1290258],[28.7037079,47.1290231],[28.7037096,47.1290231],[28.7037106,47.1290239],[28.7037096,47.1290255],[28.7037048,47.1290283],[28.7037048,47.1290299],[28.7037069,47.1290319],[28.703705,47.1290339],[28.7037061,47.1290373],[28.7037028,47.1290382],[28.7037029,47.1290405],[28.7037007,47.1290441],[28.7036974,47.1290457],[28.7036951,47.1290458]]]}},{"type":"Feature","id":548,"properties":{"canopy_id":"siret3_r006_c004#0548","vineyard_id":"V02","row_id":"V02-R14","tile":"siret3_r006_c004","area_m2":0.3733},"geometry":{"type":"Polygon","coordinates":[[[28.7037253,47.1289997],[28.7037225,47.1289961],[28.7037231,47.1289934],[28.703726,47.1289911],[28.7037303,47.1289901],[28.7037297,47.1289944],[28.7037278,47.1289965],[28.7037279,47.1289983],[28.7037253,47.1289997]]]}},{"type":"Feature","id":549,"properties":{"canopy_id":"siret3_r006_c004#0549","vineyard_id":"V02","row_id":"V02-R14","tile":"siret3_r006_c004","area_m2":0.8879},"geometry":{"type":"Polygon","coordinates":[[[28.7037289,47.1289884],[28.7037275,47.128987],[28.7037288,47.1289848],[28.7037336,47.1289822],[28.7037328,47.1289775],[28.7037373,47.1289738],[28.7037359,47.1289714],[28.7037389,47.1289707],[28.7037378,47.1289691],[28.7037385,47.1289682],[28.7037424,47.1289672],[28.7037435,47.1289701],[28.7037422,47.1289715],[28.7037426,47.1289738],[28.703741,47.1289767],[28.7037391,47.1289781],[28.7037389,47.1289808],[28.7037359,47.1289817],[28.7037353,47.128984],[28.7037309,47.1289879],[28.7037289,47.1289884]]]}},{"type":"Feature","id":550,"properties":{"canopy_id":"siret3_r006_c004#0550","vineyard_id":"V02","row_id":"V02-R14","tile":"siret3_r006_c004","area_m2":1.0454},"geometry":{"type":"Polygon","coordinates":[[[28.7037518,47.1289509],[28.70375,47.1289475],[28.7037548,47.1289425],[28.7037544,47.128941],[28.7037599,47.1289375],[28.7037598,47.1289346],[28.7037608,47.1289341],[28.7037597,47.1289323],[28.7037603,47.1289303],[28.7037629,47.1289278],[28.7037668,47.1289268],[28.7037682,47.1289286],[28.7037653,47.1289307],[28.7037664,47.1289331],[28.7037623,47.1289399],[28.70376,47.1289406],[28.7037584,47.1289422],[28.7037584,47.1289434],[28.7037598,47.1289436],[28.7037598,47.1289443],[28.7037569,47.1289468],[28.7037557,47.1289497],[28.7037518,47.1289509]]]}},{"type":"Feature","id":551,"properties":{"canopy_id":"siret3_r006_c004#0551","vineyard_id":"V02","row_id":"V02-R14","tile":"siret3_r006_c004","area_m2":0.719},"geometry":{"type":"Polygon","coordinates":[[[28.7037673,47.1289225],[28.7037673,47.128921],[28.7037653,47.1289205],[28.7037675,47.1289178],[28.7037708,47.1289164],[28.7037707,47.1289151],[28.703769,47.128914],[28.7037712,47.1289103],[28.7037738,47.1289083],[28.7037778,47.1289082],[28.7037795,47.1289104],[28.7037782,47.1289125],[28.7037766,47.128913],[28.7037767,47.128915],[28.7037731,47.1289173],[28.703771,47.1289223],[28.7037673,47.1289225]]]}},{"type":"Feature","id":552,"properties":{"canopy_id":"siret3_r006_c004#0552","vineyard_id":"V02","row_id":"V02-R14","tile":"siret3_r006_c004","area_m2":0.8452},"geometry":{"type":"Polygon","coordinates":[[[28.7037826,47.1289048],[28.7037819,47.1289034],[28.7037769,47.1289033],[28.7037782,47.1289024],[28.7037782,47.1289012],[28.7037768,47.1289004],[28.7037794,47.1288985],[28.7037807,47.128896],[28.7037839,47.1288946],[28.7037822,47.128892],[28.7037841,47.1288912],[28.7037867,47.1288887],[28.703786,47.1288865],[28.7037895,47.1288835],[28.7037912,47.1288844],[28.7037909,47.1288873],[28.703792,47.1288889],[28.7037898,47.1288925],[28.7037878,47.1288932],[28.7037872,47.1288955],[28.7037843,47.1288962],[28.7037834,47.1289],[28.7037842,47.1289023],[28.7037826,47.1289048]]]}},{"type":"Feature","id":553,"properties":{"canopy_id":"siret3_r006_c004#0553","vineyard_id":"V02","row_id":"V02-R14","tile":"siret3_r006_c004","area_m2":0.3879},"geometry":{"type":"Polygon","coordinates":[[[28.7037984,47.1288733],[28.7037967,47.1288715],[28.7037944,47.1288708],[28.7037962,47.128867],[28.7038005,47.1288669],[28.7038024,47.1288656],[28.7038041,47.1288658],[28.7038048,47.1288666],[28.7038013,47.1288725],[28.7037984,47.1288733]]]}},{"type":"Feature","id":554,"properties":{"canopy_id":"siret3_r006_c004#0554","vineyard_id":"V02","row_id":"V02-R14","tile":"siret3_r006_c004","area_m2":0.3218},"geometry":{"type":"Polygon","coordinates":[[[28.7038052,47.1288581],[28.7038035,47.1288574],[28.7038048,47.1288558],[28.7038047,47.1288522],[28.7038102,47.1288495],[28.7038125,47.1288494],[28.7038132,47.1288508],[28.7038112,47.1288517],[28.7038097,47.1288549],[28.7038052,47.1288581]]]}},{"type":"Feature","id":555,"properties":{"canopy_id":"siret3_r006_c004#0555","vineyard_id":"V02","row_id":"V02-R14","tile":"siret3_r006_c004","area_m2":0.6462},"geometry":{"type":"Polygon","coordinates":[[[28.703822,47.1288263],[28.7038209,47.1288255],[28.7038212,47.1288239],[28.7038238,47.1288232],[28.7038267,47.1288211],[28.7038256,47.1288173],[28.7038285,47.1288157],[28.7038281,47.128813],[28.7038297,47.1288123],[28.7038334,47.1288127],[28.7038348,47.1288147],[28.7038328,47.1288163],[28.7038288,47.1288249],[28.703822,47.1288263]]]}},{"type":"Feature","id":556,"properties":{"canopy_id":"siret3_r006_c004#0556","vineyard_id":"V02","row_id":"V02-R14","tile":"siret3_r006_c004","area_m2":2.4485},"geometry":{"type":"Polygon","coordinates":[[[28.703834,47.12881],[28.7038319,47.1288066],[28.7038328,47.1288041],[28.7038347,47.1288032],[28.7038353,47.1288003],[28.7038369,47.1287987],[28.7038398,47.1287982],[28.7038381,47.1287944],[28.7038423,47.128793],[28.7038415,47.1287892],[28.7038428,47.1287882],[28.7038428,47.1287864],[28.7038492,47.1287809],[28.7038481,47.1287787],[28.7038494,47.1287778],[28.7038497,47.1287751],[28.7038523,47.1287744],[28.7038542,47.1287725],[28.7038528,47.1287696],[28.703857,47.1287671],[28.7038572,47.1287648],[28.7038562,47.1287631],[28.7038598,47.1287619],[28.7038613,47.1287587],[28.7038633,47.1287576],[28.7038622,47.128756],[28.7038628,47.1287546],[28.7038671,47.1287526],[28.7038684,47.1287534],[28.7038684,47.1287546],[28.7038669,47.1287591],[28.703865,47.1287593],[28.7038631,47.1287621],[28.7038602,47.1287639],[28.7038605,47.128765],[28.7038635,47.1287648],[28.7038629,47.1287661],[28.7038619,47.1287677],[28.7038603,47.128768],[28.7038585,47.1287725],[28.7038559,47.1287741],[28.7038553,47.1287773],[28.7038517,47.1287775],[28.7038527,47.1287791],[28.7038551,47.1287795],[28.703851,47.128785],[28.7038474,47.1287866],[28.7038472,47.1287897],[28.7038446,47.1287914],[28.7038451,47.1287963],[28.7038441,47.1287983],[28.7038419,47.1287999],[28.7038423,47.1288017],[28.7038407,47.1288045],[28.7038384,47.1288054],[28.7038353,47.1288095],[28.703834,47.12881]]]}},{"type":"Feature","id":557,"properties":{"canopy_id":"siret3_r006_c004#0557","vineyard_id":"V02","row_id":"V02-R14","tile":"siret3_r006_c004","area_m2":0.4541},"geometry":{"type":"Polygon","coordinates":[[[28.703867,47.1287492],[28.7038653,47.1287474],[28.7038665,47.1287451],[28.7038695,47.1287449],[28.7038697,47.1287408],[28.7038726,47.1287401],[28.7038725,47.1287365],[28.7038754,47.1287353],[28.7038764,47.128736],[28.7038762,47.1287389],[28.7038759,47.1287396],[28.7038729,47.1287403],[28.7038737,47.1287421],[28.7038721,47.1287464],[28.7038693,47.1287491],[28.703867,47.1287492]]]}},{"type":"Feature","id":558,"properties":{"canopy_id":"siret3_r006_c004#0558","vineyard_id":"V02","row_id":"V02-R14","tile":"siret3_r006_c004","area_m2":0.1938},"geometry":{"type":"Polygon","coordinates":[[[28.703887,47.1287165],[28.7038837,47.1287154],[28.7038868,47.1287106],[28.7038891,47.1287104],[28.7038902,47.1287135],[28.703887,47.1287165]]]}},{"type":"Feature","id":559,"properties":{"canopy_id":"siret3_r006_c004#0559","vineyard_id":"V02","row_id":"V02-R14","tile":"siret3_r006_c004","area_m2":0.2998},"geometry":{"type":"Polygon","coordinates":[[[28.7038931,47.1287121],[28.7038917,47.128709],[28.7038881,47.1287079],[28.7038906,47.1287054],[28.7038906,47.1287038],[28.7038942,47.1287031],[28.7038958,47.1287042],[28.7038959,47.1287074],[28.7038934,47.1287092],[28.7038944,47.1287114],[28.7038931,47.1287121]]]}},{"type":"Feature","id":560,"properties":{"canopy_id":"siret3_r006_c004#0560","vineyard_id":"V02","row_id":"V02-R14","tile":"siret3_r006_c004","area_m2":0.3799},"geometry":{"type":"Polygon","coordinates":[[[28.7039173,47.1286643],[28.7039166,47.1286636],[28.7039182,47.1286616],[28.7039174,47.1286575],[28.7039197,47.1286555],[28.703923,47.1286552],[28.7039247,47.1286568],[28.7039238,47.1286606],[28.7039222,47.1286613],[28.7039212,47.1286631],[28.7039173,47.1286643]]]}},{"type":"Feature","id":561,"properties":{"canopy_id":"siret3_r006_c004#0561","vineyard_id":"V02","row_id":"V02-R14","tile":"siret3_r006_c004","area_m2":1.2664},"geometry":{"type":"Polygon","coordinates":[[[28.7039023,47.1286893],[28.7039002,47.1286868],[28.7039044,47.1286816],[28.7039046,47.1286793],[28.7039065,47.1286759],[28.7039075,47.1286757],[28.7039074,47.1286743],[28.7039097,47.128673],[28.703909,47.1286716],[28.7039102,47.1286696],[28.7039135,47.1286691],[28.7039131,47.1286668],[28.7039163,47.1286641],[28.7039173,47.1286645],[28.7039175,47.1286701],[28.7039152,47.1286708],[28.7039146,47.1286736],[28.703916,47.128674],[28.7039157,47.1286747],[28.7039144,47.1286765],[28.7039124,47.1286767],[28.7039125,47.1286779],[28.7039109,47.1286792],[28.7039113,47.1286822],[28.7039091,47.128686],[28.7039075,47.1286863],[28.7039043,47.128689],[28.7039023,47.1286893]]]}},{"type":"Feature","id":562,"properties":{"canopy_id":"siret3_r006_c004#0562","vineyard_id":"V02","row_id":"V02-R14","tile":"siret3_r006_c004","area_m2":0.2285},"geometry":{"type":"Polygon","coordinates":[[[28.7039345,47.1286348],[28.7039334,47.128631],[28.7039382,47.1286271],[28.7039399,47.128628],[28.7039384,47.1286327],[28.7039345,47.1286348]]]}},{"type":"Feature","id":563,"properties":{"canopy_id":"siret3_r006_c004#0563","vineyard_id":"V02","row_id":"V02-R14","tile":"siret3_r006_c004","area_m2":0.4663},"geometry":{"type":"Polygon","coordinates":[[[28.7039271,47.1286506],[28.703924,47.1286471],[28.7039263,47.1286459],[28.7039262,47.1286426],[28.7039271,47.1286414],[28.7039311,47.1286409],[28.7039317,47.1286387],[28.7039303,47.1286367],[28.7039345,47.128635],[28.7039349,47.1286375],[28.703933,47.1286391],[28.7039337,47.1286404],[28.7039315,47.1286429],[28.7039319,47.1286452],[28.7039283,47.1286464],[28.703929,47.1286488],[28.7039271,47.1286506]]]}},{"type":"Feature","id":564,"properties":{"canopy_id":"siret3_r006_c004#0564","vineyard_id":"V02","row_id":"V02-R14","tile":"siret3_r006_c004","area_m2":0.3447},"geometry":{"type":"Polygon","coordinates":[[[28.7039439,47.1286207],[28.7039426,47.1286203],[28.7039438,47.1286153],[28.7039447,47.1286139],[28.7039467,47.1286132],[28.703947,47.1286121],[28.7039489,47.1286116],[28.7039507,47.1286141],[28.7039475,47.1286193],[28.7039439,47.1286207]]]}},{"type":"Feature","id":565,"properties":{"canopy_id":"siret3_r006_c004#0565","vineyard_id":"V02","row_id":"V02-R15","tile":"siret3_r006_c004","area_m2":1.314},"geometry":{"type":"Polygon","coordinates":[[[28.7036505,47.1290523],[28.7036524,47.1290491],[28.703655,47.1290484],[28.7036549,47.1290448],[28.7036558,47.1290432],[28.7036594,47.1290418],[28.7036593,47.1290396],[28.7036583,47.1290389],[28.7036615,47.1290348],[28.7036618,47.129033],[28.7036644,47.1290327],[28.7036656,47.1290298],[28.7036679,47.1290291],[28.7036662,47.1290264],[28.7036664,47.1290251],[28.7036687,47.1290241],[28.7036753,47.1290233],[28.7036728,47.1290283],[28.7036682,47.1290289],[28.7036689,47.1290306],[28.7036716,47.1290304],[28.7036697,47.1290333],[28.7036658,47.1290352],[28.7036662,47.1290374],[28.7036646,47.1290408],[28.7036611,47.1290431],[28.7036618,47.1290454],[28.7036602,47.1290467],[28.7036603,47.1290492],[28.7036564,47.1290497],[28.7036557,47.1290506],[28.7036528,47.1290507],[28.7036505,47.1290523]]]}},{"type":"Feature","id":566,"properties":{"canopy_id":"siret3_r006_c004#0566","vineyard_id":"V02","row_id":"V02-R15","tile":"siret3_r006_c004","area_m2":0.3457},"geometry":{"type":"Polygon","coordinates":[[[28.7036774,47.129008],[28.7036768,47.1290074],[28.703678,47.1290051],[28.7036851,47.129],[28.7036864,47.129],[28.7036878,47.1290011],[28.7036878,47.1290027],[28.7036827,47.129007],[28.7036797,47.1290069],[28.7036774,47.129008]]]}},{"type":"Feature","id":567,"properties":{"canopy_id":"siret3_r006_c004#0567","vineyard_id":"V02","row_id":"V02-R15","tile":"siret3_r006_c004","area_m2":1.8691},"geometry":{"type":"Polygon","coordinates":[[[28.7036992,47.1289771],[28.7036982,47.1289764],[28.7036981,47.128974],[28.703699,47.1289706],[28.7037013,47.1289692],[28.7037012,47.1289676],[28.7037002,47.1289672],[28.703703,47.1289629],[28.7037063,47.1289612],[28.7037062,47.1289603],[28.7037046,47.1289597],[28.7037061,47.128957],[28.7037078,47.1289563],[28.7037077,47.1289549],[28.7037103,47.1289533],[28.7037102,47.1289499],[28.7037128,47.1289483],[28.7037127,47.1289461],[28.7037176,47.1289433],[28.7037169,47.1289417],[28.7037178,47.1289397],[28.7037214,47.1289396],[28.7037238,47.1289412],[28.7037225,47.1289432],[28.7037183,47.1289462],[28.7037178,47.1289514],[28.703714,47.1289564],[28.7037134,47.1289589],[28.7037068,47.1289664],[28.7037059,47.12897],[28.7037043,47.1289721],[28.7036992,47.1289771]]]}},{"type":"Feature","id":568,"properties":{"canopy_id":"siret3_r006_c004#0568","vineyard_id":"V02","row_id":"V02-R15","tile":"siret3_r006_c004","area_m2":0.6663},"geometry":{"type":"Polygon","coordinates":[[[28.7036857,47.1289969],[28.7036846,47.128996],[28.7036853,47.1289949],[28.7036901,47.1289907],[28.7036896,47.1289874],[28.7036912,47.1289853],[28.7036935,47.1289842],[28.7036931,47.1289824],[28.703696,47.128981],[28.7036989,47.1289771],[28.7037009,47.1289802],[28.7036978,47.1289857],[28.7036942,47.1289866],[28.7036921,47.1289925],[28.703687,47.1289966],[28.7036857,47.1289969]]]}},{"type":"Feature","id":569,"properties":{"canopy_id":"siret3_r006_c004#0569","vineyard_id":"V02","row_id":"V02-R15","tile":"siret3_r006_c004","area_m2":0.2051},"geometry":{"type":"Polygon","coordinates":[[[28.7037262,47.1289362],[28.7037209,47.1289352],[28.7037199,47.1289334],[28.7037215,47.1289315],[28.7037244,47.1289317],[28.7037278,47.1289339],[28.7037262,47.1289362]]]}},{"type":"Feature","id":570,"properties":{"canopy_id":"siret3_r006_c004#0570","vineyard_id":"V02","row_id":"V02-R15","tile":"siret3_r006_c004","area_m2":0.9973},"geometry":{"type":"Polygon","coordinates":[[[28.7037247,47.1289304],[28.703724,47.1289284],[28.7037256,47.1289254],[28.7037285,47.1289236],[28.703728,47.12892],[28.703729,47.1289179],[28.7037315,47.1289166],[28.7037315,47.1289145],[28.703735,47.1289115],[28.7037376,47.1289106],[28.7037416,47.1289108],[28.7037385,47.128916],[28.7037355,47.1289174],[28.7037327,47.1289219],[28.7037331,47.1289251],[28.7037319,47.1289273],[28.7037277,47.1289301],[28.7037247,47.1289304]]]}},{"type":"Feature","id":571,"properties":{"canopy_id":"siret3_r006_c004#0571","vineyard_id":"V02","row_id":"V02-R15","tile":"siret3_r006_c004","area_m2":0.2236},"geometry":{"type":"Polygon","coordinates":[[[28.7037386,47.128909],[28.7037408,47.1289058],[28.7037403,47.1289018],[28.7037449,47.1289017],[28.7037433,47.1289031],[28.7037433,47.128904],[28.703745,47.1289049],[28.7037425,47.128909],[28.7037386,47.128909]]]}},{"type":"Feature","id":572,"properties":{"canopy_id":"siret3_r006_c004#0572","vineyard_id":"V02","row_id":"V02-R15","tile":"siret3_r006_c004","area_m2":1.0989},"geometry":{"type":"Polygon","coordinates":[[[28.7037494,47.128896],[28.703748,47.1288949],[28.7037447,47.1288952],[28.7037427,47.1288943],[28.7037436,47.128893],[28.7037469,47.1288922],[28.7037456,47.1288907],[28.7037484,47.1288866],[28.703749,47.1288837],[28.7037525,47.1288814],[28.7037515,47.1288794],[28.7037533,47.1288764],[28.7037586,47.1288754],[28.7037606,47.1288761],[28.7037603,47.1288781],[28.7037594,47.1288792],[28.7037571,47.12888],[28.7037578,47.1288822],[28.7037539,47.1288845],[28.7037547,47.1288883],[28.7037519,47.1288931],[28.7037503,47.1288938],[28.7037503,47.1288958],[28.7037494,47.128896]]]}},{"type":"Feature","id":573,"properties":{"canopy_id":"siret3_r006_c004#0573","vineyard_id":"V02","row_id":"V02-R15","tile":"siret3_r006_c004","area_m2":0.8276},"geometry":{"type":"Polygon","coordinates":[[[28.7037594,47.1288714],[28.7037581,47.1288705],[28.7037597,47.1288693],[28.7037596,47.1288675],[28.7037625,47.128865],[28.7037628,47.128863],[28.7037654,47.1288616],[28.703765,47.1288594],[28.7037659,47.1288573],[28.7037688,47.1288553],[28.7037688,47.1288539],[28.703772,47.128853],[28.70377,47.1288498],[28.7037709,47.1288489],[28.7037739,47.1288484],[28.7037725,47.1288462],[28.7037748,47.1288455],[28.7037775,47.1288493],[28.7037766,47.1288506],[28.7037743,47.1288509],[28.7037723,47.1288523],[28.7037724,47.1288532],[28.7037747,47.128854],[28.7037695,47.1288555],[28.7037702,47.1288577],[28.703767,47.1288607],[28.7037678,47.1288658],[28.7037669,47.1288674],[28.7037636,47.1288688],[28.7037614,47.1288711],[28.7037594,47.1288714]]]}},{"type":"Feature","id":574,"properties":{"canopy_id":"siret3_r006_c004#0574","vineyard_id":"V02","row_id":"V02-R15","tile":"siret3_r006_c004","area_m2":0.4854},"geometry":{"type":"Polygon","coordinates":[[[28.7038096,47.1287894],[28.7038062,47.1287868],[28.7038094,47.1287847],[28.70381,47.1287813],[28.7038116,47.1287804],[28.7038115,47.128779],[28.7038145,47.1287776],[28.7038158,47.1287781],[28.703816,47.128783],[28.7038128,47.1287876],[28.7038096,47.1287894]]]}},{"type":"Feature","id":575,"properties":{"canopy_id":"siret3_r006_c004#0575","vineyard_id":"V02","row_id":"V02-R15","tile":"siret3_r006_c004","area_m2":0.5737},"geometry":{"type":"Polygon","coordinates":[[[28.7037988,47.1288035],[28.7037978,47.1288017],[28.7037994,47.1288006],[28.703799,47.1287992],[28.7038032,47.1287956],[28.7038037,47.1287913],[28.7038093,47.1287903],[28.7038096,47.1287896],[28.7038106,47.1287921],[28.7038084,47.1287928],[28.7038084,47.1287937],[28.7038097,47.1287941],[28.7038069,47.1287989],[28.7038043,47.1288005],[28.703802,47.1288008],[28.7037988,47.1288035]]]}},{"type":"Feature","id":576,"properties":{"canopy_id":"siret3_r006_c004#0576","vineyard_id":"V02","row_id":"V02-R15","tile":"siret3_r006_c004","area_m2":0.3455},"geometry":{"type":"Polygon","coordinates":[[[28.703817,47.1287747],[28.703816,47.128774],[28.7038166,47.1287709],[28.7038192,47.1287699],[28.7038187,47.128767],[28.7038223,47.128764],[28.703824,47.1287656],[28.703824,47.1287669],[28.703823,47.1287674],[28.7038219,47.1287719],[28.7038193,47.1287742],[28.703817,47.1287747]]]}},{"type":"Feature","id":577,"properties":{"canopy_id":"siret3_r006_c004#0577","vineyard_id":"V02","row_id":"V02-R15","tile":"siret3_r006_c004","area_m2":0.3777},"geometry":{"type":"Polygon","coordinates":[[[28.7038244,47.1287599],[28.7038228,47.1287593],[28.7038224,47.1287582],[28.703823,47.128757],[28.7038243,47.1287568],[28.7038255,47.1287527],[28.7038262,47.128752],[28.7038308,47.1287517],[28.7038318,47.1287524],[28.70383,47.1287569],[28.7038277,47.1287583],[28.7038277,47.1287594],[28.7038244,47.1287599]]]}},{"type":"Feature","id":578,"properties":{"canopy_id":"siret3_r006_c004#0578","vineyard_id":"V02","row_id":"V02-R15","tile":"siret3_r006_c004","area_m2":0.5483},"geometry":{"type":"Polygon","coordinates":[[[28.7038524,47.1287179],[28.7038504,47.128715],[28.7038526,47.128713],[28.7038529,47.1287111],[28.7038552,47.1287107],[28.7038547,47.1287066],[28.7038563,47.1287034],[28.7038579,47.128703],[28.7038582,47.1287021],[28.7038599,47.1287023],[28.7038616,47.1287054],[28.7038578,47.1287099],[28.7038578,47.1287117],[28.7038559,47.1287134],[28.703855,47.1287165],[28.7038524,47.1287179]]]}},{"type":"Feature","id":579,"properties":{"canopy_id":"siret3_r006_c004#0579","vineyard_id":"V02","row_id":"V02-R15","tile":"siret3_r006_c004","area_m2":0.2224},"geometry":{"type":"Polygon","coordinates":[[[28.7038471,47.128725],[28.7038461,47.1287243],[28.703846,47.128722],[28.7038479,47.12872],[28.7038524,47.1287181],[28.7038538,47.1287186],[28.7038519,47.128722],[28.7038506,47.128722],[28.703849,47.1287243],[28.7038471,47.128725]]]}},{"type":"Feature","id":580,"properties":{"canopy_id":"siret3_r006_c004#0580","vineyard_id":"V02","row_id":"V02-R15","tile":"siret3_r006_c004","area_m2":0.8145},"geometry":{"type":"Polygon","coordinates":[[[28.7038591,47.1286994],[28.7038584,47.1286973],[28.7038632,47.1286948],[28.7038632,47.1286921],[28.7038621,47.128691],[28.7038627,47.1286894],[28.7038679,47.1286869],[28.7038674,47.128681],[28.7038684,47.1286799],[28.70387,47.1286801],[28.7038708,47.1286834],[28.7038732,47.1286856],[28.7038715,47.1286866],[28.7038713,47.1286888],[28.7038684,47.128692],[28.7038666,47.1286968],[28.7038637,47.1286988],[28.7038591,47.1286994]]]}},{"type":"Feature","id":581,"properties":{"canopy_id":"siret3_r006_c004#0581","vineyard_id":"V02","row_id":"V02-R15","tile":"siret3_r006_c004","area_m2":0.4834},"geometry":{"type":"Polygon","coordinates":[[[28.7038895,47.1286499],[28.7038875,47.1286485],[28.7038914,47.1286462],[28.70389,47.128644],[28.7038912,47.1286424],[28.7038902,47.128642],[28.7038932,47.1286413],[28.7038931,47.1286397],[28.7038954,47.1286385],[28.7038954,47.1286374],[28.7038977,47.1286369],[28.7038988,47.1286409],[28.7038965,47.1286421],[28.7038956,47.1286455],[28.7038933,47.1286467],[28.7038931,47.1286494],[28.7038895,47.1286499]]]}},{"type":"Feature","id":582,"properties":{"canopy_id":"siret3_r006_c004#0582","vineyard_id":"V02","row_id":"V02-R15","tile":"siret3_r006_c004","area_m2":0.7463},"geometry":{"type":"Polygon","coordinates":[[[28.7039064,47.1286208],[28.7039062,47.1286156],[28.7039104,47.1286138],[28.7039104,47.1286127],[28.7039087,47.128612],[28.703909,47.12861],[28.7039113,47.1286095],[28.7039138,47.1286072],[28.7039151,47.1286038],[28.7039203,47.1286037],[28.7039197,47.128606],[28.7039172,47.1286083],[28.7039169,47.1286096],[28.703914,47.128611],[28.7039153,47.128613],[28.7039141,47.1286155],[28.7039083,47.1286206],[28.7039064,47.1286208]]]}},{"type":"Feature","id":583,"properties":{"canopy_id":"siret3_r006_c004#0583","vineyard_id":"V02","row_id":"V02-R16","tile":"siret3_r006_c004","area_m2":7.9138},"geometry":{"type":"Polygon","coordinates":[[[28.7036497,47.1290066],[28.7036487,47.1290046],[28.7036447,47.1290051],[28.7036437,47.1290031],[28.7036452,47.1290004],[28.7036478,47.128999],[28.7036468,47.1289977],[28.7036615,47.1289725],[28.7036631,47.128972],[28.7036627,47.1289704],[28.703665,47.1289702],[28.7036643,47.1289677],[28.7036668,47.1289634],[28.7036706,47.1289604],[28.7036721,47.1289543],[28.7036803,47.1289416],[28.7036815,47.1289382],[28.7036821,47.1289378],[28.7036845,47.1289386],[28.7036857,47.1289379],[28.7036857,47.128937],[28.7036844,47.1289368],[28.7036837,47.1289357],[28.7036843,47.1289335],[28.7036855,47.1289314],[28.7036872,47.1289307],[28.7036868,47.1289291],[28.7036902,47.1289237],[28.7036942,47.1289227],[28.7036941,47.1289216],[28.7036918,47.128921],[28.7036921,47.1289201],[28.7037027,47.1289019],[28.703706,47.1289014],[28.7037059,47.1288994],[28.7037075,47.1288971],[28.7037059,47.1288969],[28.7037056,47.1288976],[28.7037052,47.1288976],[28.7037084,47.1288921],[28.7037116,47.128891],[28.7037116,47.1288901],[28.7037099,47.1288897],[28.7037127,47.1288847],[28.7037137,47.1288846],[28.7037151,47.1288857],[28.7037138,47.1288867],[28.7037145,47.128888],[28.7037184,47.128887],[28.7037197,47.128887],[28.7037194,47.1288877],[28.7037175,47.1288893],[28.7037172,47.1288913],[28.7037038,47.1289145],[28.7037022,47.1289152],[28.7037022,47.1289172],[28.7036553,47.1289975],[28.7036547,47.1289982],[28.7036527,47.128998],[28.7036521,47.1290005],[28.7036535,47.1290007],[28.7036497,47.1290066]]]}},{"type":"Feature","id":584,"properties":{"canopy_id":"siret3_r006_c004#0584","vineyard_id":"V02","row_id":"V02-R16","tile":"siret3_r006_c004","area_m2":3.8823},"geometry":{"type":"Polygon","coordinates":[[[28.7036052,47.1290689],[28.703613,47.1290555],[28.7036156,47.1290535],[28.7036152,47.1290519],[28.7036174,47.1290481],[28.7036203,47.1290458],[28.7036212,47.1290417],[28.7036418,47.1290063],[28.7036444,47.129006],[28.7036451,47.1290069],[28.7036468,47.1290071],[28.7036494,47.1290066],[28.7036475,47.1290107],[28.7036478,47.1290085],[28.7036464,47.1290076],[28.7036445,47.1290078],[28.7036442,47.1290094],[28.7036462,47.129011],[28.7036466,47.1290125],[28.7036378,47.1290275],[28.7036356,47.1290282],[28.7036363,47.1290302],[28.703631,47.1290393],[28.70363,47.1290404],[28.703628,47.1290405],[28.7036274,47.1290412],[28.7036288,47.1290429],[28.7036241,47.1290511],[28.7036208,47.1290512],[28.7036205,47.129053],[28.7036228,47.1290532],[28.7036222,47.1290543],[28.7036202,47.1290545],[28.7036161,47.1290578],[28.7036171,47.1290602],[28.7036152,47.1290616],[28.7036146,47.1290638],[28.7036163,47.129064],[28.7036166,47.1290638],[28.7036166,47.1290634],[28.7036169,47.1290631],[28.7036169,47.1290634],[28.703616,47.129065],[28.703615,47.1290643],[28.703613,47.129065],[28.7036128,47.1290679],[28.7036141,47.1290681],[28.7036138,47.1290688],[28.7036052,47.1290689]]]}},{"type":"Feature","id":585,"properties":{"canopy_id":"siret3_r006_c004#0585","vineyard_id":"V02","row_id":"V02-R16","tile":"siret3_r006_c004","area_m2":1.1543},"geometry":{"type":"Polygon","coordinates":[[[28.70372,47.1288866],[28.7037196,47.1288846],[28.703718,47.1288837],[28.7037147,47.1288837],[28.7037143,47.1288822],[28.7037224,47.1288681],[28.7037234,47.1288667],[28.7037244,47.1288667],[28.7037257,47.1288676],[28.7037283,47.1288673],[28.7037307,47.1288684],[28.7037238,47.1288802],[28.7037222,47.1288816],[28.70372,47.1288866]]]}},{"type":"Feature","id":586,"properties":{"canopy_id":"siret3_r006_c004#0586","vineyard_id":"V02","row_id":"V02-R16","tile":"siret3_r006_c004","area_m2":2.4492},"geometry":{"type":"Polygon","coordinates":[[[28.7038454,47.1286719],[28.703843,47.1286712],[28.703843,47.1286685],[28.7038409,47.1286672],[28.7038422,47.1286652],[28.7038421,47.1286629],[28.703847,47.1286613],[28.7038456,47.128657],[28.7038474,47.1286539],[28.7038513,47.1286516],[28.7038513,47.1286502],[28.7038532,47.1286479],[28.7038518,47.1286464],[28.7038531,47.1286459],[28.7038543,47.1286423],[28.703856,47.1286423],[28.7038563,47.1286411],[28.7038585,47.1286397],[28.7038577,47.1286362],[28.7038593,47.1286337],[28.7038623,47.1286334],[28.7038622,47.128632],[28.7038609,47.1286309],[28.7038631,47.1286271],[28.7038647,47.1286271],[28.7038648,47.1286289],[28.7038671,47.1286295],[28.7038688,47.1286317],[28.7038647,47.1286385],[28.7038611,47.128639],[28.7038615,47.1286402],[28.7038638,47.1286401],[28.7038635,47.1286408],[28.7038454,47.1286719]]]}},{"type":"Feature","id":587,"properties":{"canopy_id":"siret3_r006_c004#0587","vineyard_id":"V02","row_id":"V02-R16","tile":"siret3_r006_c004","area_m2":7.3801},"geometry":{"type":"Polygon","coordinates":[[[28.7037744,47.1287929],[28.7037743,47.1287911],[28.7037674,47.1287909],[28.7037821,47.128766],[28.7037857,47.128765],[28.7037849,47.128761],[28.7037893,47.1287542],[28.7037913,47.1287532],[28.7037902,47.1287519],[28.7037928,47.1287492],[28.7037943,47.1287451],[28.7037959,47.1287442],[28.7037965,47.1287412],[28.7038012,47.1287344],[28.7038093,47.1287192],[28.7038119,47.1287183],[28.7038118,47.1287149],[28.7038222,47.1286986],[28.7038246,47.1286929],[28.7038272,47.1286915],[28.7038265,47.1286897],[28.7038297,47.1286874],[28.7038293,47.128685],[28.7038302,47.1286834],[28.7038322,47.1286831],[28.7038335,47.1286815],[28.7038334,47.1286779],[28.7038362,47.1286731],[28.7038371,47.128672],[28.7038421,47.1286728],[28.703843,47.1286715],[28.7038444,47.1286717],[28.7038451,47.1286723],[28.7038441,47.1286739],[28.7038428,47.1286742],[28.7038426,47.1286767],[28.7038376,47.1286853],[28.7038359,47.1286855],[28.7038366,47.1286869],[28.7038357,47.1286882],[28.7038334,47.1286892],[28.7038338,47.1286916],[28.703821,47.1287136],[28.703819,47.1287148],[28.7038194,47.1287161],[28.7038176,47.1287195],[28.7038136,47.1287192],[28.7038129,47.1287198],[28.703813,47.1287212],[28.703816,47.128722],[28.703801,47.1287479],[28.7037994,47.1287488],[28.7037985,47.1287522],[28.7037979,47.1287531],[28.7037981,47.1287509],[28.7037961,47.1287507],[28.7037933,47.1287561],[28.7037901,47.1287571],[28.7037905,47.1287593],[28.7037921,47.1287595],[28.7037944,47.1287586],[28.7037941,47.1287597],[28.7037911,47.1287598],[28.7037892,47.1287611],[28.7037896,47.1287625],[28.7037919,47.1287633],[28.7037916,47.128764],[28.7037894,47.128767],[28.7037877,47.1287666],[28.7037858,47.1287679],[28.7037858,47.1287688],[28.7037882,47.1287699],[28.7037854,47.1287747],[28.7037837,47.1287749],[28.7037838,47.1287774],[28.7037744,47.1287929]]]}},{"type":"Feature","id":588,"properties":{"canopy_id":"siret3_r006_c004#0588","vineyard_id":"V02","row_id":"V02-R16","tile":"siret3_r006_c004","area_m2":0.3877},"geometry":{"type":"Polygon","coordinates":[[[28.7037691,47.1288013],[28.7037687,47.128799],[28.7037627,47.1287991],[28.7037674,47.1287912],[28.7037694,47.1287925],[28.7037695,47.1287954],[28.7037718,47.1287954],[28.7037728,47.1287936],[28.7037744,47.1287931],[28.7037691,47.1288013]]]}},{"type":"Feature","id":589,"properties":{"canopy_id":"siret3_r006_c004#0589","vineyard_id":"V02","row_id":"V02-R16","tile":"siret3_r006_c004","area_m2":4.2603},"geometry":{"type":"Polygon","coordinates":[[[28.7037247,47.1288658],[28.7037249,47.1288638],[28.7037405,47.128837],[28.7037448,47.1288349],[28.7037447,47.128834],[28.7037427,47.1288336],[28.703743,47.1288327],[28.7037571,47.1288086],[28.7037587,47.1288073],[28.7037612,47.1288018],[28.7037697,47.1288015],[28.703756,47.1288251],[28.7037537,47.128826],[28.7037544,47.1288276],[28.7037532,47.1288298],[28.7037509,47.1288308],[28.7037516,47.1288326],[28.7037507,47.1288342],[28.7037481,47.1288351],[28.7037481,47.1288364],[28.7037491,47.1288369],[28.7037463,47.1288416],[28.703744,47.1288417],[28.7037447,47.1288444],[28.7037441,47.128845],[28.7037408,47.1288453],[28.7037408,47.1288462],[28.7037428,47.1288466],[28.7037429,47.1288475],[28.7037404,47.1288519],[28.703739,47.1288521],[28.7037394,47.1288534],[28.7037329,47.1288646],[28.7037312,47.1288637],[28.7037279,47.1288637],[28.7037266,47.1288656],[28.7037247,47.1288658]]]}},{"type":"Feature","id":590,"properties":{"canopy_id":"siret3_r006_c004#0590","vineyard_id":"V02","row_id":"V02-R16","tile":"siret3_r006_c004","area_m2":1.2761},"geometry":{"type":"Polygon","coordinates":[[[28.703869,47.1286277],[28.7038673,47.128627],[28.7038663,47.1286239],[28.7038675,47.1286227],[28.7038705,47.1286225],[28.7038714,47.1286209],[28.7038674,47.1286196],[28.703869,47.1286171],[28.703872,47.128617],[28.7038738,47.1286141],[28.7038758,47.1286134],[28.7038758,47.1286125],[28.7038724,47.128611],[28.7038762,47.1286044],[28.7038847,47.1286043],[28.7038713,47.1286274],[28.703869,47.1286277]]]}},{"type":"Feature","id":591,"properties":{"canopy_id":"siret3_r006_c004#0591","vineyard_id":"V02","row_id":"V02-R17","tile":"siret3_r006_c004","area_m2":31.4512},"geometry":{"type":"Polygon","coordinates":[[[28.7035706,47.1290695],[28.7035769,47.1290586],[28.7035785,47.1290579],[28.7035784,47.1290558],[28.7035819,47.1290499],[28.7035845,47.1290497],[28.7035855,47.1290488],[28.7035853,47.1290452],[28.7035873,47.129044],[28.7035872,47.1290427],[28.7035862,47.1290424],[28.7035884,47.1290386],[28.7035932,47.1290345],[28.7035922,47.1290327],[28.7035956,47.1290263],[28.7035969,47.1290252],[28.7035992,47.1290247],[28.7035991,47.1290234],[28.7035975,47.1290232],[28.7035978,47.1290225],[28.7036003,47.1290184],[28.7036039,47.1290161],[28.7036028,47.1290139],[28.703605,47.1290113],[28.7036059,47.1290084],[28.7036085,47.1290079],[28.7036085,47.129007],[28.7036069,47.1290068],[28.7036109,47.1289998],[28.7036129,47.1289991],[28.7036122,47.1289977],[28.7036172,47.1289891],[28.7036191,47.1289882],[28.7036187,47.1289864],[28.7036228,47.1289794],[28.7036244,47.128978],[28.703627,47.1289775],[28.7036267,47.1289764],[28.7036247,47.1289764],[28.7036253,47.128975],[28.7036281,47.1289703],[28.7036301,47.1289698],[28.7036313,47.1289684],[28.7036319,47.1289637],[28.7036412,47.1289476],[28.7036441,47.128946],[28.7036431,47.1289446],[28.7036437,47.1289433],[28.7036497,47.1289331],[28.7036516,47.1289321],[28.7036512,47.1289303],[28.7037056,47.1288366],[28.7037062,47.1288359],[28.7037089,47.1288361],[28.7037102,47.1288352],[28.7037094,47.1288336],[28.7037078,47.1288332],[28.7037081,47.1288323],[28.70373,47.1287946],[28.7037306,47.1287937],[28.7037322,47.1287935],[28.7037318,47.1287915],[28.7037359,47.1287844],[28.7037375,47.1287842],[28.7037371,47.1287824],[28.7037408,47.1287817],[28.7037407,47.1287808],[28.7037387,47.1287801],[28.70374,47.1287774],[28.7037803,47.128708],[28.7037832,47.1287079],[28.7037818,47.1287052],[28.7038078,47.1286605],[28.703809,47.1286596],[28.7038127,47.1286596],[28.7038129,47.1286571],[28.7038106,47.1286558],[28.7038124,47.1286526],[28.703815,47.128651],[28.7038149,47.1286483],[28.7038246,47.1286315],[28.7038284,47.1286271],[28.7038281,47.1286256],[28.7038296,47.1286229],[28.7038342,47.1286201],[28.7038341,47.1286187],[28.7038324,47.1286183],[28.7038331,47.128617],[28.7038373,47.1286155],[28.7038366,47.1286142],[28.7038346,47.1286142],[28.7038388,47.1286121],[28.7038388,47.1286112],[28.7038368,47.1286106],[28.7038399,47.1286049],[28.7038485,47.1286048],[28.7038019,47.1286851],[28.7038013,47.128686],[28.7038013,47.1286842],[28.7037996,47.128684],[28.703797,47.1286861],[28.7037971,47.1286879],[28.7038001,47.1286883],[28.7037751,47.1287314],[28.7037738,47.1287323],[28.7037726,47.1287357],[28.703771,47.1287371],[28.7037701,47.12874],[28.7037681,47.1287401],[28.7037672,47.1287417],[28.7037646,47.1287426],[28.7037649,47.1287437],[28.7037682,47.1287432],[28.703767,47.1287455],[28.7037647,47.1287455],[28.7037654,47.1287469],[28.7037631,47.1287485],[28.7037641,47.1287503],[28.7037538,47.1287668],[28.7037485,47.1287773],[28.703746,47.1287793],[28.7037414,47.1287805],[28.7037417,47.1287816],[28.703746,47.1287816],[28.7037432,47.1287852],[28.7037301,47.128809],[28.7037282,47.1288109],[28.7037267,47.1288149],[28.7037244,47.1288168],[28.7037248,47.1288181],[28.7037167,47.1288322],[28.7037137,47.1288334],[28.7037138,47.1288343],[28.7037151,47.1288347],[28.7037142,47.1288365],[28.7036779,47.1288989],[28.7036763,47.1288998],[28.7036763,47.1289016],[28.7035826,47.1290632],[28.7035804,47.1290668],[28.7035781,47.1290678],[28.7035792,47.1290693],[28.7035706,47.1290695]]]}},{"type":"Feature","id":592,"properties":{"canopy_id":"siret3_r006_c004#0592","vineyard_id":"V02","row_id":"V02-R18","tile":"siret3_r006_c004","area_m2":17.8069},"geometry":{"type":"Polygon","coordinates":[[[28.7035337,47.12907],[28.7035365,47.1290648],[28.7035378,47.1290645],[28.7035394,47.1290627],[28.7035393,47.12906],[28.7035425,47.1290546],[28.7035479,47.1290493],[28.7035465,47.1290478],[28.7035468,47.1290471],[28.7035488,47.1290468],[28.7035478,47.1290455],[28.7035484,47.1290444],[28.7035526,47.1290425],[28.7035542,47.1290409],[28.7035534,47.1290375],[28.7035573,47.1290341],[28.7035562,47.129031],[28.7035581,47.1290298],[28.7035581,47.1290285],[28.7035607,47.129028],[28.7035619,47.129025],[28.7035612,47.1290228],[28.7035651,47.1290196],[28.7035646,47.1290164],[28.7035678,47.129013],[28.7035675,47.1290119],[28.7035698,47.1290121],[28.703571,47.1290101],[28.703573,47.1290093],[28.703573,47.1290084],[28.7035706,47.1290071],[28.7035725,47.1290046],[28.7035728,47.1290024],[28.7035759,47.1289972],[28.7035772,47.1289965],[28.7035771,47.1289949],[28.7035846,47.128982],[28.7035882,47.1289801],[28.7035881,47.1289783],[28.7035871,47.1289776],[28.70359,47.1289729],[28.7035922,47.1289722],[28.7035941,47.1289685],[28.703594,47.1289658],[28.7035973,47.1289649],[28.7035972,47.1289638],[28.7035956,47.1289633],[28.7035965,47.1289615],[28.703602,47.1289581],[28.7036016,47.128957],[28.703599,47.1289572],[28.7036403,47.1288862],[28.7036435,47.1288834],[28.7036431,47.1288814],[28.7036453,47.1288789],[28.7036456,47.1288771],[28.7036581,47.1288556],[28.7036587,47.1288546],[28.7036623,47.1288539],[28.7036625,47.1288505],[28.7036612,47.1288503],[28.7036615,47.1288497],[28.7036909,47.128799],[28.7036944,47.1287958],[28.7037006,47.1287928],[28.7037026,47.1287935],[28.7037019,47.1287946],[28.7037006,47.1287955],[28.7036757,47.1288398],[28.7036721,47.1288414],[28.7036723,47.1288457],[28.7036679,47.1288532],[28.7036659,47.1288536],[28.7036666,47.1288552],[28.7036644,47.1288591],[28.7036625,47.1288593],[28.7036612,47.1288611],[28.7036616,47.1288638],[28.7036548,47.1288758],[28.7036544,47.1288763],[28.7036541,47.1288756],[28.7036524,47.1288757],[28.7036515,47.1288766],[28.7036515,47.1288781],[28.7036532,47.1288783],[28.7036523,47.1288802],[28.7036506,47.1288804],[28.7036491,47.1288829],[28.7036488,47.1288861],[28.7036379,47.1289049],[28.7036369,47.1289051],[28.7036354,47.1289092],[28.7035988,47.1289709],[28.7035973,47.1289748],[28.703596,47.1289757],[28.7035957,47.1289775],[28.7035735,47.1290156],[28.7035706,47.1290173],[28.7035716,47.1290188],[28.7035679,47.1290252],[28.7035663,47.1290261],[28.7035651,47.1290302],[28.7035535,47.1290501],[28.7035526,47.129051],[28.7035503,47.1290513],[28.7035503,47.1290522],[28.703552,47.1290526],[28.7035478,47.1290583],[28.7035476,47.1290603],[28.7035438,47.1290658],[28.7035423,47.1290699],[28.7035337,47.12907]]]}},{"type":"Feature","id":593,"properties":{"canopy_id":"siret3_r006_c004#0593","vineyard_id":"V02","row_id":"V02-R18","tile":"siret3_r006_c004","area_m2":4.2185},"geometry":{"type":"Polygon","coordinates":[[[28.7037078,47.128772],[28.7037068,47.1287718],[28.7037077,47.12877],[28.7037418,47.1287126],[28.7037449,47.128706],[28.7037482,47.1287048],[28.7037475,47.1287035],[28.7037488,47.128703],[28.703749,47.1287001],[28.7037509,47.1286983],[28.7037509,47.1286958],[28.7037538,47.1286937],[28.7037561,47.1286935],[28.7037594,47.1286957],[28.7037566,47.1287004],[28.703755,47.1287005],[28.7037537,47.1287018],[28.7037529,47.1287066],[28.7037506,47.1287068],[28.703751,47.1287093],[28.7037471,47.1287116],[28.7037471,47.1287125],[28.7037491,47.1287134],[28.7037469,47.1287165],[28.7037436,47.1287166],[28.7037421,47.1287209],[28.7037395,47.1287212],[28.7037395,47.1287225],[28.7037409,47.1287236],[28.7037357,47.1287282],[28.7037365,47.1287304],[28.7037346,47.1287334],[28.7037346,47.1287345],[28.7037366,47.1287349],[28.7037357,47.1287365],[28.7037334,47.1287365],[28.7037328,47.1287395],[28.7037338,47.1287397],[28.7037304,47.1287456],[28.7037284,47.1287465],[28.7037281,47.1287481],[28.7037259,47.1287488],[28.7037259,47.1287502],[28.7037272,47.1287506],[28.7037263,47.1287526],[28.7037247,47.1287529],[28.7037237,47.1287549],[28.7037205,47.128755],[28.7037215,47.1287565],[28.7037238,47.1287569],[28.7037232,47.1287578],[28.7037209,47.1287579],[28.7037222,47.1287597],[28.7037197,47.1287624],[28.7037163,47.1287699],[28.7037143,47.1287697],[28.7037127,47.1287706],[28.7037091,47.1287709],[28.7037078,47.128772]]]}},{"type":"Feature","id":594,"properties":{"canopy_id":"siret3_r006_c004#0594","vineyard_id":"V02","row_id":"V02-R18","tile":"siret3_r006_c004","area_m2":0.8193},"geometry":{"type":"Polygon","coordinates":[[[28.7036963,47.1287927],[28.7036949,47.1287925],[28.7036952,47.1287916],[28.7037062,47.1287727],[28.7037075,47.128772],[28.7037069,47.1287745],[28.7037086,47.1287752],[28.7037132,47.1287751],[28.7037129,47.1287758],[28.7037113,47.1287783],[28.7037083,47.128777],[28.7037067,47.1287772],[28.7037081,47.1287808],[28.7037072,47.1287831],[28.7037062,47.1287831],[28.7037046,47.1287849],[28.703702,47.1287847],[28.703701,47.1287872],[28.7037015,47.128791],[28.7036963,47.1287927]]]}},{"type":"Feature","id":595,"properties":{"canopy_id":"siret3_r006_c004#0595","vineyard_id":"V02","row_id":"V02-R18","tile":"siret3_r006_c004","area_m2":4.8115},"geometry":{"type":"Polygon","coordinates":[[[28.7037607,47.1286934],[28.7037576,47.1286914],[28.7037579,47.1286889],[28.7037559,47.1286872],[28.7037572,47.1286862],[28.7037578,47.1286871],[28.7037595,47.1286869],[28.7037625,47.1286787],[28.703766,47.1286742],[28.7037656,47.1286731],[28.703764,47.1286733],[28.7037643,47.1286726],[28.7037672,47.1286713],[28.7037672,47.1286699],[28.7037714,47.1286665],[28.7037722,47.1286617],[28.7037735,47.128661],[28.7037779,47.1286538],[28.7037781,47.1286508],[28.7037804,47.1286492],[28.70378,47.128647],[28.7037822,47.1286452],[28.7037837,47.1286402],[28.703786,47.1286395],[28.7037873,47.1286381],[28.7037875,47.1286354],[28.7037888,47.1286347],[28.7037884,47.1286318],[28.7037944,47.1286247],[28.703795,47.1286216],[28.7037969,47.1286197],[28.7037974,47.1286157],[28.7038034,47.1286068],[28.7038034,47.1286055],[28.7038106,47.1286054],[28.7038096,47.1286063],[28.7038101,47.1286085],[28.7038041,47.1286187],[28.7038022,47.1286201],[28.7038007,47.1286246],[28.7037987,47.128626],[28.7037988,47.1286278],[28.7037897,47.1286435],[28.7037875,47.1286449],[28.7037872,47.1286478],[28.7037607,47.1286934]]]}},{"type":"Feature","id":596,"properties":{"canopy_id":"siret3_r006_c004#0596","vineyard_id":"V02","row_id":"V02-R19","tile":"siret3_r006_c004","area_m2":5.3228},"geometry":{"type":"Polygon","coordinates":[[[28.7036672,47.1287904],[28.7036632,47.12879],[28.7036625,47.1287889],[28.703665,47.1287848],[28.7036721,47.1287789],[28.703672,47.1287757],[28.7036762,47.1287732],[28.7036774,47.128768],[28.703675,47.1287676],[28.7036757,47.1287664],[28.7036773,47.1287662],[28.7036775,47.1287632],[28.7036829,47.1287555],[28.7036828,47.1287542],[28.7036851,47.1287532],[28.7036847,47.1287512],[28.703686,47.1287501],[28.7036883,47.1287496],[28.7036889,47.1287471],[28.7036902,47.1287466],[28.7036898,47.1287455],[28.7036882,47.1287455],[28.7036885,47.1287446],[28.7036898,47.1287437],[28.7036941,47.1287439],[28.7036927,47.1287421],[28.703693,47.1287405],[28.7036955,47.1287367],[28.7036981,47.1287355],[28.7036992,47.1287283],[28.7037008,47.1287269],[28.703702,47.1287237],[28.7037033,47.128723],[28.7037025,47.1287206],[28.7037035,47.128719],[28.703708,47.1287171],[28.7037093,47.1287146],[28.7037092,47.1287137],[28.7037076,47.1287129],[28.7037082,47.1287113],[28.7037111,47.1287092],[28.7037104,47.1287074],[28.7037135,47.1287026],[28.7037167,47.1287003],[28.7037169,47.1286961],[28.7037208,47.1286938],[28.7037233,47.1286901],[28.7037235,47.1286863],[28.7037278,47.1286869],[28.7037301,47.1286869],[28.7037308,47.1286862],[28.7037311,47.1286862],[28.7037286,47.1286905],[28.7037257,47.1286921],[28.7037261,47.1286948],[28.7037239,47.1286984],[28.7037217,47.1286998],[28.7037207,47.1287016],[28.7037214,47.1287028],[28.7037174,47.1287098],[28.7037148,47.1287119],[28.7037118,47.1287126],[28.7037133,47.1287159],[28.7037102,47.128722],[28.7037051,47.12873],[28.7037035,47.1287311],[28.703703,47.1287343],[28.7036977,47.1287434],[28.7036947,47.1287439],[28.7036945,47.1287484],[28.7036886,47.1287581],[28.7036863,47.12876],[28.7036867,47.1287618],[28.7036851,47.1287618],[28.7036848,47.1287631],[28.7036832,47.1287641],[28.7036832,47.128765],[28.7036848,47.1287652],[28.7036829,47.1287656],[28.703682,47.1287697],[28.7036788,47.1287731],[28.7036792,47.1287747],[28.703677,47.1287786],[28.7036755,47.1287808],[28.7036703,47.1287836],[28.7036703,47.128785],[28.7036723,47.1287865],[28.7036708,47.1287892],[28.7036702,47.1287901],[28.7036707,47.128787],[28.7036687,47.1287868],[28.7036672,47.1287904]]]}},{"type":"Feature","id":597,"properties":{"canopy_id":"siret3_r006_c004#0597","vineyard_id":"V02","row_id":"V02-R19","tile":"siret3_r006_c004","area_m2":0.8315},"geometry":{"type":"Polygon","coordinates":[[[28.7036601,47.1288056],[28.70366,47.128804],[28.7036577,47.1288038],[28.7036567,47.1288027],[28.7036544,47.1288027],[28.7036607,47.1287921],[28.703662,47.1287918],[28.7036632,47.1287902],[28.7036633,47.1287911],[28.7036663,47.128792],[28.703668,47.128794],[28.7036617,47.1288047],[28.7036601,47.1288056]]]}},{"type":"Feature","id":598,"properties":{"canopy_id":"siret3_r006_c004#0598","vineyard_id":"V02","row_id":"V02-R19","tile":"siret3_r006_c004","area_m2":15.1858},"geometry":{"type":"Polygon","coordinates":[[[28.7035106,47.1290586],[28.7035103,47.1290476],[28.7035112,47.1290474],[28.7035256,47.1290224],[28.7035269,47.1290222],[28.7035298,47.1290192],[28.7035284,47.1290177],[28.70353,47.1290167],[28.70353,47.1290149],[28.703539,47.1289995],[28.703541,47.1289979],[28.7035406,47.1289968],[28.7035656,47.1289541],[28.7035683,47.1289547],[28.7035685,47.1289527],[28.7035702,47.1289527],[28.7035721,47.1289506],[28.7035717,47.1289491],[28.7035736,47.1289459],[28.703571,47.1289457],[28.7035707,47.1289468],[28.7035703,47.1289462],[28.70359,47.1289126],[28.703592,47.1289119],[28.7035916,47.1289099],[28.7035929,47.1289092],[28.7035934,47.1289067],[28.7036088,47.1288806],[28.7036126,47.128878],[28.7036126,47.1288765],[28.7036151,47.128874],[28.7036141,47.1288715],[28.7036188,47.1288636],[28.7036214,47.1288628],[28.7036207,47.1288613],[28.703622,47.128861],[28.703622,47.1288601],[28.703621,47.1288599],[28.7036251,47.1288542],[28.7036256,47.1288518],[28.7036273,47.1288511],[28.7036298,47.1288463],[28.7036337,47.1288453],[28.7036313,47.1288422],[28.7036363,47.1288336],[28.7036385,47.128832],[28.7036391,47.1288288],[28.7036417,47.1288272],[28.703641,47.1288257],[28.7036444,47.1288198],[28.7036473,47.1288179],[28.7036469,47.1288159],[28.7036516,47.1288075],[28.7036575,47.1288067],[28.7036591,47.1288056],[28.7036608,47.1288058],[28.7036589,47.1288092],[28.7036566,47.1288083],[28.7036553,47.1288113],[28.7036517,47.128812],[28.7036518,47.1288134],[28.7036554,47.1288144],[28.7036555,47.1288153],[28.7036538,47.1288162],[28.7036509,47.1288163],[28.703653,47.1288196],[28.7036511,47.1288219],[28.7036513,47.1288197],[28.703649,47.1288197],[28.7036484,47.1288224],[28.7036462,47.1288245],[28.7036469,47.128826],[28.7036446,47.1288276],[28.7036441,47.1288297],[28.7036421,47.1288313],[28.7036419,47.128834],[28.7036435,47.1288342],[28.7036448,47.1288335],[28.7036439,47.1288346],[28.7036422,47.1288344],[28.7036416,47.1288351],[28.703641,47.128838],[28.703642,47.1288382],[28.703638,47.1288451],[28.7036353,47.128846],[28.7036348,47.1288489],[28.7036335,47.1288498],[28.7036333,47.1288532],[28.7036317,47.1288544],[28.7036298,47.1288589],[28.7036279,47.1288601],[28.7036273,47.1288632],[28.7036257,47.1288637],[28.7036261,47.1288655],[28.7035973,47.1289145],[28.7035954,47.1289157],[28.7035958,47.1289172],[28.7035939,47.1289204],[28.7035896,47.1289214],[28.7035897,47.1289225],[28.7035917,47.128924],[28.7035895,47.1289279],[28.7035878,47.1289275],[28.7035846,47.1289289],[28.7035846,47.1289307],[28.7035873,47.1289308],[28.7035867,47.1289327],[28.7035842,47.1289358],[28.7035789,47.1289377],[28.7035796,47.1289391],[28.703582,47.1289392],[28.703582,47.1289406],[28.7035797,47.128942],[28.7035804,47.1289433],[28.7035732,47.1289556],[28.7035716,47.1289563],[28.7035707,47.1289599],[28.7035532,47.1289896],[28.7035526,47.1289905],[28.7035503,47.1289906],[28.7035501,47.1289951],[28.7035465,47.1289969],[28.7035473,47.1289998],[28.7035395,47.1290132],[28.7035356,47.1290149],[28.7035356,47.129016],[28.7035376,47.1290164],[28.7035366,47.1290166],[28.7035354,47.1290198],[28.7035331,47.1290196],[28.7035325,47.1290203],[28.7035328,47.1290214],[28.7035348,47.1290212],[28.7035304,47.1290287],[28.7035279,47.1290312],[28.703527,47.1290343],[28.703525,47.1290339],[28.703524,47.1290348],[28.7035248,47.1290382],[28.7035238,47.1290393],[28.7035177,47.1290419],[28.7035174,47.1290437],[28.7035204,47.1290457],[28.7035185,47.1290484],[28.703514,47.1290512],[28.7035141,47.1290543],[28.7035122,47.1290566],[28.7035122,47.1290582],[28.7035106,47.1290586]]]}},{"type":"Feature","id":599,"properties":{"canopy_id":"siret3_r006_c004#0599","vineyard_id":"V02","row_id":"V02-R19","tile":"siret3_r006_c004","area_m2":2.5767},"geometry":{"type":"Polygon","coordinates":[[[28.7037301,47.1286853],[28.7037281,47.1286842],[28.7037258,47.1286842],[28.7037247,47.1286827],[28.7037277,47.128682],[28.7037293,47.1286801],[28.7037292,47.1286788],[28.7037275,47.1286779],[28.7037288,47.1286759],[28.7037301,47.1286759],[28.7037317,47.1286743],[28.7037322,47.12867],[28.7037357,47.1286641],[28.703737,47.1286641],[28.7037373,47.1286631],[28.7037406,47.1286629],[28.7037391,47.1286582],[28.7037443,47.1286545],[28.7037436,47.1286534],[28.7037475,47.1286513],[28.7037451,47.1286482],[28.7037472,47.1286443],[28.7037482,47.1286441],[28.7037491,47.1286411],[28.7037514,47.1286393],[28.7037544,47.1286399],[28.7037566,47.1286395],[28.7037565,47.1286345],[28.7037578,47.1286345],[28.7037598,47.1286354],[28.7037602,47.1286365],[28.7037586,47.1286374],[28.7037583,47.1286394],[28.7037557,47.128642],[28.7037561,47.1286435],[28.7037517,47.128651],[28.7037504,47.1286513],[28.7037505,47.1286524],[28.7037482,47.1286524],[28.7037479,47.1286533],[28.7037466,47.1286536],[28.703748,47.1286574],[28.7037427,47.1286581],[28.7037445,47.1286601],[28.7037435,47.1286606],[28.7037442,47.1286637],[28.7037383,47.1286739],[28.7037367,47.1286744],[28.703737,47.128676],[28.7037324,47.1286841],[28.7037301,47.1286853]]]}},{"type":"Feature","id":600,"properties":{"canopy_id":"siret3_r006_c004#0600","vineyard_id":"V02","row_id":"V02-R19","tile":"siret3_r006_c004","area_m2":0.7644},"geometry":{"type":"Polygon","coordinates":[[[28.7037609,47.1286275],[28.7037592,47.1286253],[28.7037601,47.1286241],[28.7037621,47.1286236],[28.7037623,47.1286189],[28.7037651,47.1286141],[28.7037667,47.1286137],[28.7037666,47.1286114],[28.7037694,47.128606],[28.7037734,47.1286059],[28.7037741,47.128607],[28.7037716,47.1286129],[28.7037703,47.1286138],[28.7037677,47.1286139],[28.7037687,47.1286157],[28.7037682,47.128619],[28.7037656,47.1286209],[28.7037657,47.1286231],[28.7037624,47.1286239],[28.7037625,47.1286259],[28.7037609,47.1286275]]]}},{"type":"Feature","id":601,"properties":{"canopy_id":"siret3_r006_c004#0601","vineyard_id":"V02","row_id":"V02-R20","tile":"siret3_r006_c004","area_m2":0.585},"geometry":{"type":"Polygon","coordinates":[[[28.7035295,47.1289596],[28.7035288,47.128958],[28.7035307,47.128956],[28.703531,47.1289533],[28.7035336,47.1289512],[28.7035389,47.1289428],[28.7035415,47.128941],[28.7035428,47.1289419],[28.7035429,47.1289432],[28.7035407,47.1289473],[28.7035394,47.1289478],[28.7035382,47.1289509],[28.703534,47.128955],[28.7035328,47.1289587],[28.7035298,47.1289587],[28.7035295,47.1289596]]]}},{"type":"Feature","id":602,"properties":{"canopy_id":"siret3_r006_c004#0602","vineyard_id":"V02","row_id":"V02-R20","tile":"siret3_r006_c004","area_m2":0.877},"geometry":{"type":"Polygon","coordinates":[[[28.7035144,47.1289828],[28.7035124,47.128981],[28.7035177,47.1289719],[28.7035197,47.1289703],[28.7035205,47.1289672],[28.7035228,47.1289656],[28.7035238,47.1289662],[28.7035258,47.128966],[28.7035264,47.1289637],[28.7035295,47.1289598],[28.7035303,47.1289643],[28.7035271,47.1289662],[28.7035275,47.1289693],[28.703522,47.1289725],[28.7035218,47.128975],[28.7035186,47.128978],[28.7035171,47.1289818],[28.7035144,47.1289828]]]}},{"type":"Feature","id":603,"properties":{"canopy_id":"siret3_r006_c004#0603","vineyard_id":"V02","row_id":"V02-R20","tile":"siret3_r006_c004","area_m2":0.7979},"geometry":{"type":"Polygon","coordinates":[[[28.7035482,47.1289236],[28.7035468,47.1289224],[28.7035484,47.1289213],[28.703549,47.1289186],[28.7035509,47.1289154],[28.7035522,47.1289149],[28.7035521,47.1289134],[28.7035544,47.1289115],[28.7035543,47.1289095],[28.7035565,47.128907],[28.7035582,47.1289088],[28.703557,47.1289101],[28.703557,47.1289122],[28.7035597,47.1289133],[28.7035601,47.1289142],[28.703556,47.128921],[28.7035514,47.1289231],[28.7035482,47.1289236]]]}},{"type":"Feature","id":604,"properties":{"canopy_id":"siret3_r006_c004#0604","vineyard_id":"V02","row_id":"V02-R20","tile":"siret3_r006_c004","area_m2":0.825},"geometry":{"type":"Polygon","coordinates":[[[28.7035617,47.1289031],[28.7035584,47.1289032],[28.7035587,47.128902],[28.7035687,47.128885],[28.70357,47.1288861],[28.703572,47.1288861],[28.7035755,47.128882],[28.7035757,47.128879],[28.703577,47.1288779],[28.7035787,47.1288779],[28.7035797,47.1288799],[28.7035772,47.1288838],[28.7035756,47.1288856],[28.7035727,47.128887],[28.7035724,47.1288888],[28.7035657,47.1288943],[28.7035664,47.1288967],[28.7035632,47.1288999],[28.7035617,47.1289031]]]}},{"type":"Feature","id":605,"properties":{"canopy_id":"siret3_r006_c004#0605","vineyard_id":"V02","row_id":"V02-R20","tile":"siret3_r006_c004","area_m2":0.415},"geometry":{"type":"Polygon","coordinates":[[[28.7035775,47.1288716],[28.7035768,47.1288712],[28.7035796,47.1288664],[28.7035832,47.1288643],[28.7035832,47.1288632],[28.7035818,47.1288628],[28.7035846,47.1288578],[28.7035859,47.1288577],[28.7035863,47.1288575],[28.7035863,47.1288584],[28.7035873,47.1288604],[28.7035854,47.1288623],[28.7035862,47.1288654],[28.7035846,47.1288679],[28.7035817,47.1288688],[28.7035775,47.1288716]]]}},{"type":"Feature","id":606,"properties":{"canopy_id":"siret3_r006_c004#0606","vineyard_id":"V02","row_id":"V02-R20","tile":"siret3_r006_c004","area_m2":0.6897},"geometry":{"type":"Polygon","coordinates":[[[28.703601,47.1288438],[28.7035937,47.1288423],[28.7035996,47.1288326],[28.7036019,47.1288312],[28.7036085,47.1288309],[28.7036076,47.1288329],[28.7036053,47.1288332],[28.7036033,47.1288348],[28.7036034,47.1288368],[28.7036048,47.1288379],[28.7036029,47.1288411],[28.7036018,47.1288393],[28.7035999,47.1288395],[28.7036016,47.1288427],[28.703601,47.1288438]]]}},{"type":"Feature","id":607,"properties":{"canopy_id":"siret3_r006_c004#0607","vineyard_id":"V02","row_id":"V02-R20","tile":"siret3_r006_c004","area_m2":1.6147},"geometry":{"type":"Polygon","coordinates":[[[28.7036157,47.1288186],[28.703615,47.1288166],[28.7036119,47.1288151],[28.7036122,47.1288139],[28.7036158,47.1288132],[28.7036155,47.1288114],[28.7036208,47.128803],[28.703621,47.1288008],[28.7036226,47.1287989],[28.7036249,47.128798],[28.7036261,47.1287924],[28.7036286,47.1287907],[28.7036311,47.1287844],[28.7036358,47.1287787],[28.7036364,47.1287751],[28.7036409,47.1287712],[28.7036421,47.128769],[28.7036454,47.1287676],[28.7036413,47.128775],[28.7036387,47.1287766],[28.7036385,47.1287803],[28.7036329,47.1287898],[28.7036303,47.1287916],[28.7036304,47.1287941],[28.7036241,47.1288048],[28.7036222,47.1288064],[28.7036207,47.1288107],[28.7036162,47.1288134],[28.7036176,47.1288159],[28.7036157,47.1288186]]]}},{"type":"Feature","id":608,"properties":{"canopy_id":"siret3_r006_c004#0608","vineyard_id":"V02","row_id":"V02-R20","tile":"siret3_r006_c004","area_m2":0.3687},"geometry":{"type":"Polygon","coordinates":[[[28.7036459,47.1287635],[28.7036452,47.1287628],[28.7036477,47.1287585],[28.7036482,47.1287545],[28.7036515,47.1287517],[28.7036528,47.1287517],[28.7036538,47.1287533],[28.703652,47.1287573],[28.7036485,47.128763],[28.7036459,47.1287635]]]}},{"type":"Feature","id":609,"properties":{"canopy_id":"siret3_r006_c004#0609","vineyard_id":"V02","row_id":"V02-R20","tile":"siret3_r006_c004","area_m2":0.5078},"geometry":{"type":"Polygon","coordinates":[[[28.7036556,47.128746],[28.7036545,47.128744],[28.7036568,47.1287424],[28.7036573,47.1287395],[28.7036593,47.1287383],[28.7036592,47.1287372],[28.7036572,47.1287359],[28.7036621,47.1287345],[28.7036636,47.1287284],[28.7036658,47.1287277],[28.7036666,47.1287297],[28.7036654,47.1287337],[28.7036621,47.1287347],[28.7036623,47.1287394],[28.7036578,47.1287455],[28.7036556,47.128746]]]}},{"type":"Feature","id":610,"properties":{"canopy_id":"siret3_r006_c004#0610","vineyard_id":"V02","row_id":"V02-R20","tile":"siret3_r006_c004","area_m2":0.3489},"geometry":{"type":"Polygon","coordinates":[[[28.7036792,47.1287027],[28.7036789,47.1287014],[28.7036808,47.1287007],[28.7036803,47.1286966],[28.7036813,47.1286957],[28.7036812,47.128693],[28.7036838,47.1286907],[28.7036858,47.1286907],[28.7036865,47.1286925],[28.703685,47.1286979],[28.7036792,47.1287027]]]}},{"type":"Feature","id":611,"properties":{"canopy_id":"siret3_r006_c004#0611","vineyard_id":"V02","row_id":"V02-R20","tile":"siret3_r006_c004","area_m2":0.3943},"geometry":{"type":"Polygon","coordinates":[[[28.7036705,47.1287197],[28.7036708,47.1287175],[28.7036733,47.1287138],[28.7036733,47.128712],[28.7036716,47.1287116],[28.7036725,47.1287084],[28.7036734,47.1287073],[28.7036757,47.1287066],[28.7036789,47.1287027],[28.7036794,47.1287077],[28.7036752,47.1287109],[28.7036744,47.1287167],[28.7036705,47.1287197]]]}},{"type":"Feature","id":612,"properties":{"canopy_id":"siret3_r006_c004#0612","vineyard_id":"V02","row_id":"V02-R20","tile":"siret3_r006_c004","area_m2":0.4995},"geometry":{"type":"Polygon","coordinates":[[[28.7036931,47.128682],[28.7036911,47.1286812],[28.7036906,47.1286782],[28.7036935,47.1286764],[28.7036941,47.1286717],[28.7036966,47.1286687],[28.7036965,47.1286669],[28.7037008,47.1286657],[28.7037018,47.1286666],[28.7036996,47.1286689],[28.7036997,47.1286716],[28.7036961,47.128675],[28.7036947,47.1286807],[28.7036931,47.128682]]]}},{"type":"Feature","id":613,"properties":{"canopy_id":"siret3_r006_c004#0613","vineyard_id":"V02","row_id":"V02-R20","tile":"siret3_r006_c004","area_m2":0.2212},"geometry":{"type":"Polygon","coordinates":[[[28.7037078,47.1286568],[28.7037051,47.1286576],[28.7037047,47.1286555],[28.703706,47.1286521],[28.7037076,47.1286508],[28.7037075,47.1286481],[28.7037084,47.1286469],[28.7037104,47.1286471],[28.703712,47.1286464],[28.7037131,47.1286475],[28.7037094,47.1286478],[28.7037085,47.1286485],[28.7037082,47.1286508],[28.7037096,47.1286534],[28.7037087,47.1286539],[28.7037078,47.1286568]]]}},{"type":"Feature","id":614,"properties":{"canopy_id":"siret3_r006_c004#0614","vineyard_id":"V02","row_id":"V02-R20","tile":"siret3_r006_c004","area_m2":1.2373},"geometry":{"type":"Polygon","coordinates":[[[28.7037164,47.1286387],[28.7037144,47.1286376],[28.7037147,47.1286358],[28.7037204,47.1286294],[28.7037216,47.1286249],[28.7037235,47.1286235],[28.7037244,47.1286192],[28.7037275,47.128614],[28.7037294,47.1286133],[28.7037297,47.1286102],[28.7037325,47.1286065],[28.7037361,47.1286065],[28.7037373,47.1286103],[28.703734,47.1286117],[28.7037321,47.1286142],[28.7037305,47.1286149],[28.7037307,47.1286205],[28.7037278,47.1286223],[28.7037272,47.1286246],[28.7037233,47.1286265],[28.7037241,47.1286314],[28.7037215,47.128633],[28.7037203,47.1286357],[28.7037164,47.1286387]]]}},{"type":"Feature","id":615,"properties":{"canopy_id":"siret3_r006_c004#0615","vineyard_id":"V02","row_id":"V02-R21","tile":"siret3_r006_c004","area_m2":0.9709},"geometry":{"type":"Polygon","coordinates":[[[28.703507,47.1289453],[28.7035066,47.1289336],[28.7035082,47.1289329],[28.7035082,47.1289316],[28.7035157,47.1289189],[28.7035174,47.1289204],[28.7035197,47.1289206],[28.703521,47.1289183],[28.7035229,47.1289172],[28.7035239,47.128919],[28.7035227,47.128921],[28.7035165,47.1289236],[28.7035153,47.1289267],[28.7035124,47.1289295],[28.7035128,47.1289315],[28.7035158,47.1289328],[28.7035143,47.1289355],[28.7035084,47.128939],[28.7035089,47.1289419],[28.7035079,47.1289428],[28.703508,47.1289451],[28.703507,47.1289453]]]}},{"type":"Feature","id":616,"properties":{"canopy_id":"siret3_r006_c004#0616","vineyard_id":"V02","row_id":"V02-R21","tile":"siret3_r006_c004","area_m2":0.6487},"geometry":{"type":"Polygon","coordinates":[[[28.7035235,47.1289154],[28.7035234,47.1289109],[28.7035262,47.1289066],[28.7035245,47.1289039],[28.7035282,47.1288987],[28.7035305,47.1288984],[28.7035323,47.1289024],[28.7035314,47.128906],[28.7035296,47.1289092],[28.7035276,47.1289099],[28.7035264,47.1289135],[28.7035235,47.1289154]]]}},{"type":"Feature","id":617,"properties":{"canopy_id":"siret3_r006_c004#0617","vineyard_id":"V02","row_id":"V02-R21","tile":"siret3_r006_c004","area_m2":0.4368},"geometry":{"type":"Polygon","coordinates":[[[28.7035318,47.1288964],[28.7035307,47.1288934],[28.7035317,47.1288928],[28.7035343,47.1288927],[28.7035356,47.1288913],[28.7035352,47.1288889],[28.7035403,47.1288847],[28.7035427,47.1288865],[28.7035415,47.1288892],[28.7035376,47.1288933],[28.7035331,47.1288963],[28.7035318,47.1288964]]]}},{"type":"Feature","id":618,"properties":{"canopy_id":"siret3_r006_c004#0618","vineyard_id":"V02","row_id":"V02-R21","tile":"siret3_r006_c004","area_m2":0.4761},"geometry":{"type":"Polygon","coordinates":[[[28.7035427,47.1288777],[28.7035417,47.1288753],[28.703543,47.1288741],[28.7035435,47.1288712],[28.7035452,47.128871],[28.7035454,47.128868],[28.703547,47.1288667],[28.7035506,47.1288657],[28.7035511,47.1288706],[28.7035498,47.1288729],[28.703545,47.1288759],[28.7035437,47.1288777],[28.7035427,47.1288777]]]}},{"type":"Feature","id":619,"properties":{"canopy_id":"siret3_r006_c004#0619","vineyard_id":"V02","row_id":"V02-R21","tile":"siret3_r006_c004","area_m2":0.3611},"geometry":{"type":"Polygon","coordinates":[[[28.7035519,47.1288637],[28.7035518,47.1288614],[28.703555,47.12886],[28.703555,47.1288575],[28.7035566,47.1288564],[28.7035578,47.1288537],[28.7035563,47.1288494],[28.7035583,47.1288476],[28.7035614,47.1288538],[28.7035608,47.1288556],[28.7035579,47.128857],[28.7035567,47.1288602],[28.7035547,47.1288614],[28.7035541,47.1288629],[28.7035519,47.1288637]]]}},{"type":"Feature","id":620,"properties":{"canopy_id":"siret3_r006_c004#0620","vineyard_id":"V02","row_id":"V02-R21","tile":"siret3_r006_c004","area_m2":0.3904},"geometry":{"type":"Polygon","coordinates":[[[28.7035602,47.1288471],[28.7035586,47.1288465],[28.7035615,47.1288444],[28.7035646,47.1288385],[28.7035672,47.1288371],[28.7035688,47.1288373],[28.7035695,47.1288384],[28.7035676,47.1288407],[28.7035677,47.1288436],[28.7035648,47.1288461],[28.7035602,47.1288471]]]}},{"type":"Feature","id":621,"properties":{"canopy_id":"siret3_r006_c004#0621","vineyard_id":"V02","row_id":"V02-R21","tile":"siret3_r006_c004","area_m2":1.7717},"geometry":{"type":"Polygon","coordinates":[[[28.7035694,47.1288355],[28.7035687,47.1288339],[28.7035731,47.1288273],[28.7035746,47.128821],[28.7035781,47.1288192],[28.7035783,47.1288156],[28.7035818,47.1288099],[28.7035854,47.1287997],[28.7035899,47.1287949],[28.7035951,47.1287933],[28.703593,47.1287998],[28.7035901,47.1288021],[28.7035892,47.1288055],[28.7035866,47.1288067],[28.7035851,47.1288105],[28.7035858,47.1288134],[28.7035768,47.1288289],[28.7035748,47.1288298],[28.7035717,47.1288348],[28.7035694,47.1288355]]]}},{"type":"Feature","id":622,"properties":{"canopy_id":"siret3_r006_c004#0622","vineyard_id":"V02","row_id":"V02-R21","tile":"siret3_r006_c004","area_m2":0.6748},"geometry":{"type":"Polygon","coordinates":[[[28.703597,47.1287896],[28.7035959,47.1287865],[28.7036005,47.1287765],[28.7036024,47.1287754],[28.7036043,47.1287713],[28.7036056,47.1287713],[28.7036066,47.128772],[28.7036067,47.1287751],[28.7036077,47.128776],[28.7036068,47.1287776],[28.7036045,47.1287785],[28.703604,47.1287823],[28.7035998,47.1287853],[28.7035986,47.1287894],[28.703597,47.1287896]]]}},{"type":"Feature","id":623,"properties":{"canopy_id":"siret3_r006_c004#0623","vineyard_id":"V02","row_id":"V02-R21","tile":"siret3_r006_c004","area_m2":1.4871},"geometry":{"type":"Polygon","coordinates":[[[28.7036084,47.1287677],[28.7036077,47.1287638],[28.7036096,47.1287625],[28.7036085,47.1287602],[28.7036105,47.1287595],[28.7036134,47.1287568],[28.7036152,47.1287511],[28.7036193,47.1287454],[28.7036195,47.1287416],[28.7036217,47.12874],[28.7036239,47.1287357],[28.7036275,47.1287338],[28.7036264,47.1287298],[28.7036298,47.1287239],[28.7036304,47.1287232],[28.7036341,47.1287232],[28.7036335,47.1287272],[28.7036303,47.1287286],[28.7036304,47.1287329],[28.7036285,47.1287347],[28.7036276,47.1287383],[28.7036254,47.1287395],[28.7036251,47.128742],[28.7036219,47.1287463],[28.7036217,47.1287481],[28.7036191,47.1287506],[28.7036189,47.1287531],[28.7036166,47.1287554],[28.7036142,47.1287619],[28.7036123,47.1287633],[28.703612,47.1287653],[28.7036084,47.1287677]]]}},{"type":"Feature","id":624,"properties":{"canopy_id":"siret3_r006_c004#0624","vineyard_id":"V02","row_id":"V02-R21","tile":"siret3_r006_c004","area_m2":0.2671},"geometry":{"type":"Polygon","coordinates":[[[28.7036366,47.1287191],[28.7036351,47.1287148],[28.7036377,47.1287128],[28.7036376,47.1287114],[28.7036415,47.1287098],[28.7036426,47.1287111],[28.7036403,47.1287132],[28.7036404,47.1287152],[28.7036379,47.1287188],[28.7036366,47.1287191]]]}},{"type":"Feature","id":625,"properties":{"canopy_id":"siret3_r006_c004#0625","vineyard_id":"V02","row_id":"V02-R21","tile":"siret3_r006_c004","area_m2":0.3218},"geometry":{"type":"Polygon","coordinates":[[[28.7036435,47.1287084],[28.7036428,47.1287068],[28.703644,47.1287037],[28.7036456,47.128703],[28.7036452,47.1287001],[28.7036442,47.1286994],[28.7036506,47.128695],[28.7036516,47.1286957],[28.7036517,47.1286977],[28.7036498,47.1286989],[28.7036479,47.1287025],[28.7036456,47.1287037],[28.7036454,47.1287073],[28.7036435,47.1287084]]]}},{"type":"Feature","id":626,"properties":{"canopy_id":"siret3_r006_c004#0626","vineyard_id":"V02","row_id":"V02-R21","tile":"siret3_r006_c004","area_m2":0.3462},"geometry":{"type":"Polygon","coordinates":[[[28.7036585,47.1286819],[28.7036589,47.128676],[28.7036605,47.1286744],[28.7036605,47.1286731],[28.7036614,47.1286724],[28.7036644,47.1286723],[28.7036655,47.1286748],[28.7036633,47.1286773],[28.7036633,47.1286791],[28.7036611,47.1286816],[28.7036585,47.1286819]]]}},{"type":"Feature","id":627,"properties":{"canopy_id":"siret3_r006_c004#0627","vineyard_id":"V02","row_id":"V02-R21","tile":"siret3_r006_c004","area_m2":1.2859},"geometry":{"type":"Polygon","coordinates":[[[28.703666,47.1286703],[28.703665,47.1286687],[28.7036681,47.1286653],[28.7036681,47.1286628],[28.7036709,47.1286581],[28.7036705,47.1286565],[28.7036718,47.1286551],[28.703672,47.128652],[28.7036749,47.1286506],[28.7036765,47.1286492],[28.7036768,47.1286469],[28.7036794,47.1286458],[28.703679,47.1286431],[28.7036812,47.1286415],[28.7036795,47.1286393],[28.7036821,47.1286381],[28.7036817,47.1286354],[28.7036833,47.1286354],[28.7036859,47.1286329],[28.7036859,47.1286315],[28.7036871,47.1286304],[28.7036867,47.1286284],[28.7036897,47.1286274],[28.7036913,47.1286276],[28.7036917,47.1286285],[28.7036894,47.1286297],[28.7036902,47.1286326],[28.7036882,47.1286331],[28.7036853,47.128636],[28.7036821,47.1286367],[28.7036821,47.1286376],[28.7036847,47.1286381],[28.7036851,47.128639],[28.7036815,47.1286406],[28.703683,47.1286442],[28.7036791,47.128648],[28.7036779,47.1286517],[28.7036763,47.128653],[28.7036764,47.1286548],[28.7036781,47.1286559],[28.7036759,47.1286596],[28.7036746,47.1286598],[28.7036733,47.1286623],[28.7036714,47.1286632],[28.7036718,47.1286648],[28.7036708,47.128665],[28.7036696,47.1286684],[28.703666,47.1286703]]]}},{"type":"Feature","id":628,"properties":{"canopy_id":"siret3_r006_c004#0628","vineyard_id":"V02","row_id":"V02-R21","tile":"siret3_r006_c004","area_m2":0.4509},"geometry":{"type":"Polygon","coordinates":[[[28.7036942,47.1286231],[28.7036931,47.1286206],[28.7036947,47.1286192],[28.7036943,47.1286179],[28.7036959,47.1286145],[28.7036978,47.1286129],[28.7036996,47.128607],[28.7037035,47.128607],[28.7037011,47.1286137],[28.7036979,47.1286165],[28.7036983,47.1286183],[28.7036963,47.1286192],[28.7036961,47.1286219],[28.7036942,47.1286231]]]}},{"type":"Feature","id":629,"properties":{"canopy_id":"siret3_r006_c004#0629","vineyard_id":"V02","row_id":"V02-R22","tile":"siret3_r006_c004","area_m2":0.2788},"geometry":{"type":"Polygon","coordinates":[[[28.7035184,47.12887],[28.7035174,47.1288673],[28.7035192,47.1288637],[28.7035205,47.128863],[28.7035201,47.1288596],[28.7035217,47.1288589],[28.7035244,47.1288611],[28.7035244,47.1288623],[28.7035225,47.1288636],[28.7035197,47.1288695],[28.7035184,47.12887]]]}},{"type":"Feature","id":630,"properties":{"canopy_id":"siret3_r006_c004#0630","vineyard_id":"V02","row_id":"V02-R22","tile":"siret3_r006_c004","area_m2":0.3418},"geometry":{"type":"Polygon","coordinates":[[[28.7035284,47.1288516],[28.7035274,47.1288501],[28.7035294,47.1288424],[28.7035356,47.1288403],[28.7035357,47.1288425],[28.7035315,47.1288448],[28.7035316,47.1288498],[28.70353,47.1288516],[28.7035284,47.1288516]]]}},{"type":"Feature","id":631,"properties":{"canopy_id":"siret3_r006_c004#0631","vineyard_id":"V02","row_id":"V02-R22","tile":"siret3_r006_c004","area_m2":0.9038},"geometry":{"type":"Polygon","coordinates":[[[28.7035362,47.1288376],[28.7035351,47.1288356],[28.703537,47.1288331],[28.7035378,47.1288261],[28.7035407,47.1288238],[28.7035425,47.1288188],[28.7035457,47.128817],[28.7035459,47.1288118],[28.7035475,47.1288097],[28.7035504,47.1288086],[28.7035515,47.1288103],[28.7035503,47.128814],[28.7035487,47.1288153],[28.7035488,47.1288192],[28.7035462,47.1288201],[28.7035424,47.1288251],[28.7035419,47.1288303],[28.7035396,47.1288326],[28.7035388,47.1288355],[28.7035362,47.1288376]]]}},{"type":"Feature","id":632,"properties":{"canopy_id":"siret3_r006_c004#0632","vineyard_id":"V02","row_id":"V02-R22","tile":"siret3_r006_c004","area_m2":0.5283},"geometry":{"type":"Polygon","coordinates":[[[28.7035598,47.1287924],[28.7035584,47.1287911],[28.70356,47.1287879],[28.7035616,47.1287868],[28.7035634,47.1287811],[28.7035673,47.1287791],[28.7035678,47.1287752],[28.7035701,47.128775],[28.7035711,47.1287763],[28.7035699,47.1287774],[28.7035699,47.1287788],[28.7035686,47.1287795],[28.7035683,47.1287815],[28.7035654,47.1287831],[28.7035662,47.1287879],[28.703565,47.1287894],[28.7035627,47.1287902],[28.7035598,47.1287924]]]}},{"type":"Feature","id":633,"properties":{"canopy_id":"siret3_r006_c004#0633","vineyard_id":"V02","row_id":"V02-R22","tile":"siret3_r006_c004","area_m2":0.4407},"geometry":{"type":"Polygon","coordinates":[[[28.703554,47.1288067],[28.703551,47.1288068],[28.70355,47.1288047],[28.7035502,47.1288025],[28.7035543,47.1287955],[28.7035595,47.1287925],[28.7035599,47.1287947],[28.7035574,47.1287988],[28.7035564,47.1287997],[28.7035534,47.1288002],[28.703554,47.1288067]]]}},{"type":"Feature","id":634,"properties":{"canopy_id":"siret3_r006_c004#0634","vineyard_id":"V02","row_id":"V02-R22","tile":"siret3_r006_c004","area_m2":0.6443},"geometry":{"type":"Polygon","coordinates":[[[28.7035701,47.1287734],[28.7035697,47.1287716],[28.7035712,47.128768],[28.7035757,47.1287652],[28.7035759,47.1287603],[28.7035804,47.1287555],[28.7035821,47.1287581],[28.70358,47.1287634],[28.7035777,47.1287647],[28.7035781,47.1287674],[28.703575,47.1287722],[28.7035701,47.1287734]]]}},{"type":"Feature","id":635,"properties":{"canopy_id":"siret3_r006_c004#0635","vineyard_id":"V02","row_id":"V02-R22","tile":"siret3_r006_c004","area_m2":0.9497},"geometry":{"type":"Polygon","coordinates":[[[28.7035851,47.1287498],[28.7035828,47.1287485],[28.7035856,47.1287453],[28.7035855,47.1287412],[28.7035891,47.1287385],[28.7035902,47.1287324],[28.7035953,47.1287276],[28.7035971,47.1287228],[28.7036001,47.1287223],[28.7036011,47.1287228],[28.7036011,47.1287241],[28.7035995,47.1287255],[28.7035986,47.1287289],[28.7035951,47.1287323],[28.7035942,47.1287355],[28.7035898,47.1287425],[28.7035899,47.1287443],[28.7035861,47.1287495],[28.7035851,47.1287498]]]}},{"type":"Feature","id":636,"properties":{"canopy_id":"siret3_r006_c004#0636","vineyard_id":"V02","row_id":"V02-R22","tile":"siret3_r006_c004","area_m2":1.4751},"geometry":{"type":"Polygon","coordinates":[[[28.7036016,47.1287198],[28.7036,47.128719],[28.7035999,47.1287163],[28.7036021,47.1287149],[28.7036027,47.1287117],[28.7036046,47.1287103],[28.7036058,47.1287067],[28.7036084,47.1287042],[28.7036098,47.1286979],[28.7036134,47.1286958],[28.7036134,47.1286942],[28.7036162,47.1286899],[28.7036158,47.1286881],[28.7036173,47.1286847],[28.7036212,47.1286833],[28.7036224,47.1286795],[28.7036247,47.1286783],[28.7036261,47.1286792],[28.7036249,47.1286826],[28.703623,47.1286853],[28.70362,47.128686],[28.7036211,47.1286898],[28.7036129,47.1287005],[28.7036117,47.1287046],[28.7036095,47.1287071],[28.7036096,47.1287103],[28.7036067,47.1287132],[28.7036065,47.1287168],[28.7036016,47.1287198]]]}},{"type":"Feature","id":637,"properties":{"canopy_id":"siret3_r006_c004#0637","vineyard_id":"V02","row_id":"V02-R22","tile":"siret3_r006_c004","area_m2":0.5715},"geometry":{"type":"Polygon","coordinates":[[[28.7036329,47.1286665],[28.7036312,47.1286661],[28.7036318,47.1286643],[28.7036298,47.1286632],[28.7036301,47.1286623],[28.703635,47.1286586],[28.7036355,47.1286554],[28.7036384,47.1286534],[28.7036387,47.128652],[28.703642,47.1286511],[28.7036424,47.1286526],[28.7036411,47.1286536],[28.7036415,47.1286567],[28.7036376,47.1286583],[28.7036374,47.1286631],[28.7036329,47.1286665]]]}},{"type":"Feature","id":638,"properties":{"canopy_id":"siret3_r006_c004#0638","vineyard_id":"V02","row_id":"V02-R22","tile":"siret3_r006_c004","area_m2":0.3142},"geometry":{"type":"Polygon","coordinates":[[[28.703626,47.1286763],[28.703623,47.128675],[28.7036233,47.1286743],[28.7036249,47.1286729],[28.7036275,47.1286724],[28.7036284,47.1286684],[28.7036319,47.1286663],[28.7036326,47.128667],[28.7036317,47.1286712],[28.7036288,47.1286733],[28.7036286,47.128676],[28.703626,47.1286763]]]}},{"type":"Feature","id":639,"properties":{"canopy_id":"siret3_r006_c004#0639","vineyard_id":"V02","row_id":"V02-R22","tile":"siret3_r006_c004","area_m2":0.261},"geometry":{"type":"Polygon","coordinates":[[[28.7036442,47.1286474],[28.7036431,47.1286463],[28.7036441,47.1286452],[28.7036429,47.1286403],[28.7036465,47.1286391],[28.7036498,47.1286368],[28.7036511,47.1286377],[28.7036511,47.1286388],[28.7036453,47.1286413],[28.7036474,47.128644],[28.7036455,47.128647],[28.7036442,47.1286474]]]}},{"type":"Feature","id":640,"properties":{"canopy_id":"siret3_r006_c004#0640","vineyard_id":"V02","row_id":"V02-R22","tile":"siret3_r006_c004","area_m2":0.3728},"geometry":{"type":"Polygon","coordinates":[[[28.70365,47.128635],[28.7036505,47.1286305],[28.7036531,47.1286282],[28.7036531,47.1286266],[28.7036517,47.128626],[28.7036524,47.128625],[28.7036579,47.1286243],[28.7036586,47.1286258],[28.7036568,47.1286299],[28.7036535,47.1286315],[28.703652,47.1286347],[28.70365,47.128635]]]}},{"type":"Feature","id":641,"properties":{"canopy_id":"siret3_r006_c004#0641","vineyard_id":"V02","row_id":"V02-R22","tile":"siret3_r006_c004","area_m2":0.2388},"geometry":{"type":"Polygon","coordinates":[[[28.7036586,47.1286231],[28.7036575,47.1286225],[28.7036578,47.1286205],[28.7036603,47.1286164],[28.7036635,47.1286143],[28.7036642,47.128615],[28.7036627,47.1286175],[28.7036627,47.1286197],[28.7036612,47.1286224],[28.7036586,47.1286231]]]}},{"type":"Feature","id":642,"properties":{"canopy_id":"siret3_r006_c004#0642","vineyard_id":"V02","row_id":"V02-R23","tile":"siret3_r006_c004","area_m2":0.2896},"geometry":{"type":"Polygon","coordinates":[[[28.7035117,47.1288127],[28.703509,47.1288132],[28.7035076,47.1288103],[28.7035153,47.1288014],[28.7035163,47.1288034],[28.7035157,47.128805],[28.7035134,47.1288069],[28.7035119,47.1288094],[28.7035117,47.1288127]]]}},{"type":"Feature","id":643,"properties":{"canopy_id":"siret3_r006_c004#0643","vineyard_id":"V02","row_id":"V02-R23","tile":"siret3_r006_c004","area_m2":0.2415},"geometry":{"type":"Polygon","coordinates":[[[28.7035381,47.1287622],[28.7035374,47.1287606],[28.7035392,47.1287556],[28.7035414,47.1287527],[28.7035427,47.1287522],[28.7035437,47.1287531],[28.7035428,47.1287563],[28.7035415,47.1287572],[28.70354,47.1287617],[28.7035381,47.1287622]]]}},{"type":"Feature","id":644,"properties":{"canopy_id":"siret3_r006_c004#0644","vineyard_id":"V02","row_id":"V02-R23","tile":"siret3_r006_c004","area_m2":0.1899},"geometry":{"type":"Polygon","coordinates":[[[28.7035466,47.1287494],[28.7035455,47.1287479],[28.7035471,47.128747],[28.7035467,47.1287434],[28.703548,47.1287418],[28.7035516,47.1287413],[28.7035526,47.1287422],[28.7035496,47.1287431],[28.7035487,47.1287442],[28.7035498,47.1287481],[28.7035479,47.1287494],[28.7035466,47.1287494]]]}},{"type":"Feature","id":645,"properties":{"canopy_id":"siret3_r006_c004#0645","vineyard_id":"V02","row_id":"V02-R23","tile":"siret3_r006_c004","area_m2":0.5308},"geometry":{"type":"Polygon","coordinates":[[[28.7035522,47.1287401],[28.7035508,47.1287393],[28.7035508,47.1287381],[28.7035553,47.1287333],[28.7035548,47.1287304],[28.7035577,47.1287284],[28.7035577,47.1287259],[28.7035593,47.128725],[28.7035589,47.1287232],[28.7035601,47.1287205],[28.7035624,47.12872],[28.7035628,47.128722],[28.7035609,47.1287252],[28.7035598,47.128731],[28.7035566,47.1287347],[28.7035561,47.1287372],[28.7035522,47.1287401]]]}},{"type":"Feature","id":646,"properties":{"canopy_id":"siret3_r006_c004#0646","vineyard_id":"V02","row_id":"V02-R23","tile":"siret3_r006_c004","area_m2":0.7026},"geometry":{"type":"Polygon","coordinates":[[[28.703572,47.1287014],[28.7035736,47.1286978],[28.7035732,47.1286953],[28.703577,47.1286921],[28.7035776,47.1286898],[28.7035808,47.1286862],[28.703581,47.1286828],[28.7035829,47.1286814],[28.7035829,47.1286789],[28.7035858,47.1286764],[28.7035871,47.1286764],[28.7035851,47.1286866],[28.7035835,47.1286884],[28.7035819,47.1286889],[28.703581,47.1286913],[28.7035761,47.1286955],[28.7035756,47.1286995],[28.703572,47.1287014]]]}},{"type":"Feature","id":647,"properties":{"canopy_id":"siret3_r006_c004#0647","vineyard_id":"V02","row_id":"V02-R23","tile":"siret3_r006_c004","area_m2":0.2913},"geometry":{"type":"Polygon","coordinates":[[[28.703588,47.1286757],[28.703587,47.1286737],[28.7035879,47.1286717],[28.7035905,47.1286701],[28.7035917,47.1286653],[28.703594,47.1286646],[28.7035953,47.1286668],[28.7035934,47.1286689],[28.7035932,47.1286714],[28.703588,47.1286757]]]}},{"type":"Feature","id":648,"properties":{"canopy_id":"siret3_r006_c004#0648","vineyard_id":"V02","row_id":"V02-R24","tile":"siret3_r006_c004","area_m2":10.0674},"geometry":{"type":"Polygon","coordinates":[[[28.7035015,47.1287722],[28.703501,47.1287587],[28.7035027,47.1287584],[28.703502,47.1287573],[28.7035054,47.1287525],[28.703512,47.1287398],[28.7035142,47.1287378],[28.7035151,47.1287344],[28.703516,47.128733],[28.703518,47.1287323],[28.7035183,47.1287303],[28.7035199,47.1287296],[28.7035191,47.1287274],[28.7035285,47.128711],[28.7035314,47.1287092],[28.7035307,47.1287072],[28.7035339,47.1287033],[28.7035338,47.1287017],[28.7035441,47.1286838],[28.7035464,47.1286815],[28.7035463,47.1286802],[28.7035496,47.1286783],[28.7035488,47.1286756],[28.7035498,47.128674],[28.7035527,47.1286724],[28.7035526,47.1286695],[28.703556,47.1286645],[28.7035566,47.128662],[28.7035594,47.1286572],[28.7035614,47.128657],[28.7035613,47.1286538],[28.7035633,47.1286531],[28.7035639,47.1286516],[28.7035661,47.1286502],[28.7035674,47.1286472],[28.7035672,47.1286436],[28.7035691,47.1286402],[28.7035721,47.12864],[28.7035716,47.1286359],[28.7035835,47.1286153],[28.7035854,47.1286137],[28.7035872,47.1286087],[28.7035941,47.1286086],[28.7035936,47.1286122],[28.7035896,47.128612],[28.7035897,47.1286143],[28.7035914,47.1286149],[28.7035902,47.1286183],[28.703582,47.1286324],[28.7035804,47.1286335],[28.7035777,47.1286397],[28.7035738,47.1286413],[28.7035748,47.1286435],[28.7035736,47.1286471],[28.7035711,47.1286501],[28.7035696,47.1286542],[28.7035673,47.1286558],[28.7035674,47.128658],[28.7035642,47.1286635],[28.703561,47.128666],[28.7035611,47.1286689],[28.7035564,47.1286771],[28.7035529,47.1286807],[28.7035518,47.1286853],[28.7035498,47.1286873],[28.7035468,47.1286939],[28.7035445,47.1286959],[28.7035446,47.1286977],[28.7035383,47.1287086],[28.7035364,47.1287093],[28.7035368,47.1287113],[28.7035243,47.1287331],[28.703522,47.1287354],[28.7035196,47.1287413],[28.703517,47.1287422],[28.7035174,47.1287447],[28.7035151,47.1287465],[28.7035152,47.1287488],[28.7035015,47.1287722]]]}},{"type":"Feature","id":649,"properties":{"canopy_id":"siret3_r006_c004#0649","vineyard_id":"V02","row_id":"V02-R25","tile":"siret3_r006_c004","area_m2":6.3752},"geometry":{"type":"Polygon","coordinates":[[[28.7034997,47.1287166],[28.7034993,47.1287061],[28.703501,47.1287056],[28.703501,47.1287047],[28.7034993,47.1287045],[28.7034992,47.1287018],[28.7035002,47.1287015],[28.7035024,47.1286972],[28.703505,47.128697],[28.7035056,47.1286949],[28.7035039,47.1286945],[28.7035067,47.1286897],[28.703508,47.1286893],[28.7035077,47.1286882],[28.7035099,47.1286854],[28.7035102,47.1286836],[28.7035134,47.1286825],[28.7035121,47.1286809],[28.7035133,47.1286782],[28.7035169,47.1286768],[28.7035155,47.1286745],[28.7035174,47.1286738],[28.703518,47.12867],[28.7035208,47.1286652],[28.7035234,47.128663],[28.7035247,47.1286645],[28.7035264,47.1286643],[28.7035269,47.1286607],[28.7035249,47.1286602],[28.703523,47.1286614],[28.703528,47.1286528],[28.7035293,47.1286525],[28.7035292,47.1286505],[28.7035336,47.1286428],[28.7035342,47.1286419],[28.7035362,47.1286416],[28.7035361,47.1286385],[28.7035395,47.1286326],[28.7035408,47.1286321],[28.7035414,47.1286294],[28.703543,47.1286285],[28.703543,47.1286264],[28.703547,47.1286194],[28.703549,47.1286183],[28.7035492,47.1286156],[28.7035526,47.1286092],[28.7035612,47.1286091],[28.7035506,47.1286279],[28.703548,47.1286295],[28.7035475,47.1286334],[28.7035459,47.1286361],[28.7035443,47.1286368],[28.7035446,47.1286381],[28.7035428,47.1286415],[28.7035411,47.1286418],[28.7035409,47.1286447],[28.7035374,47.1286483],[28.7035365,47.1286524],[28.7035359,47.1286533],[28.7035336,47.1286536],[28.703534,47.1286567],[28.7035331,47.1286579],[28.7035314,47.1286581],[28.7035318,47.1286606],[28.7035262,47.1286703],[28.703524,47.1286722],[28.7035244,47.1286735],[28.7035225,47.1286769],[28.7035196,47.1286794],[28.7035181,47.1286837],[28.7035155,47.1286856],[28.7035144,47.128691],[28.7035091,47.1287003],[28.7035065,47.1287028],[28.7035069,47.1287041],[28.7035028,47.1287112],[28.7035019,47.1287125],[28.7035006,47.1287128],[28.7034997,47.1287166]]]}},{"type":"Feature","id":650,"properties":{"canopy_id":"siret3_r006_c004#0650","vineyard_id":"V02","row_id":"V02-R26","tile":"siret3_r006_c004","area_m2":2.8364},"geometry":{"type":"Polygon","coordinates":[[[28.7034978,47.1286561],[28.7034973,47.1286431],[28.7034989,47.1286419],[28.7035164,47.1286097],[28.7035246,47.1286096],[28.7035038,47.1286479],[28.7035015,47.1286505],[28.7035009,47.1286529],[28.703499,47.1286545],[28.7034991,47.1286557],[28.7034978,47.1286561]]]}}]}