{"type":"FeatureCollection","features":[{"type":"Feature","id":1,"properties":{"vineyard_id":"V01","farm_id":"F01","area_m2":25357.062,"n_parcels":40,"cadastral_codes":["80371110041","80371110180","80371110181","80371110182","80371110183","80371110184","80371110185","80371110186","80371110187","80371110188","80371110189","80371110190","80371110191","80371110192","80371110193","80371110194","80371110195","80371110196","80371110197","80371110198","80371110199","80371110200","80371110201","80371110202","80371110203","80371110204","80371110205","80371110206","80371110207","80371110208","80371110209","80371110210","80371110211","80371110212","80371110213","80371110214","80371110215","80371110216","80371110217","80372090189"],"landuse_counts":{"Teren pentru grădini":38,"Cale de comunicaţie":1,"Nu este indicat":1}},"geometry":{"type":"Polygon","coordinates":[[[28.7021716,47.1284644],[28.702172,47.1284633],[28.702195,47.1284228],[28.7021957,47.1284218],[28.7021972,47.1284201],[28.7021988,47.1284177],[28.7021999,47.1284153],[28.7022008,47.1284132],[28.7022093,47.1283977],[28.7022098,47.128397],[28.702211,47.1283951],[28.702212,47.1283931],[28.702212,47.1283929],[28.7023407,47.1281675],[28.7023413,47.1281666],[28.702342,47.1281665],[28.7023444,47.1281664],[28.7023461,47.1281663],[28.7023478,47.1281663],[28.7023511,47.1281661],[28.7023516,47.1281661],[28.7024082,47.1281653],[28.7024114,47.1281651],[28.7024146,47.1281647],[28.7024177,47.1281642],[28.7024207,47.1281634],[28.7024236,47.1281624],[28.7024263,47.1281612],[28.7024289,47.1281599],[28.7024312,47.1281583],[28.7024333,47.1281567],[28.7024352,47.1281549],[28.7024368,47.128153],[28.7024382,47.128151],[28.7024628,47.128108],[28.7024634,47.1281071],[28.7024647,47.1281051],[28.7024657,47.128103],[28.7024658,47.1281028],[28.7025099,47.1280256],[28.7025117,47.1280231],[28.7025129,47.1280214],[28.7025135,47.1280202],[28.7025135,47.1280202],[28.7025149,47.1280174],[28.7025152,47.1280171],[28.7025164,47.1280152],[28.7025168,47.1280144],[28.7025168,47.1280144],[28.7025188,47.1280105],[28.7025218,47.1280066],[28.7025232,47.1280044],[28.7025242,47.1280021],[28.7025253,47.1279993],[28.7025277,47.1279946],[28.702529,47.1279926],[28.7025306,47.1279898],[28.7025312,47.1279885],[28.7025427,47.1279684],[28.7025439,47.1279667],[28.7025451,47.1279649],[28.702546,47.1279631],[28.7025465,47.127962],[28.7025473,47.1279604],[28.7025488,47.1279583],[28.70255,47.1279564],[28.702551,47.1279544],[28.7025516,47.1279528],[28.7025592,47.1279396],[28.7025599,47.1279385],[28.7025605,47.1279373],[28.7026229,47.1278285],[28.7026241,47.1278267],[28.7026251,47.1278247],[28.7026253,47.1278242],[28.7026326,47.1278119],[28.7026327,47.1278118],[28.7026341,47.1278097],[28.7026351,47.1278075],[28.7026359,47.1278056],[28.702637,47.1278038],[28.7026371,47.1278037],[28.7026381,47.127802],[28.7026387,47.1278009],[28.7026399,47.127799],[28.7026413,47.127797],[28.7026425,47.1277946],[28.7026431,47.1277931],[28.7026461,47.127788],[28.7026472,47.1277863],[28.702648,47.1277847],[28.7026643,47.1277569],[28.7026654,47.1277546],[28.7026659,47.1277534],[28.7026848,47.1277204],[28.702686,47.1277186],[28.7026866,47.1277172],[28.7026956,47.1277015],[28.7026963,47.1277006],[28.7026987,47.1277004],[28.7027001,47.1277003],[28.7027006,47.1277002],[28.7027024,47.1277003],[28.7027056,47.1277001],[28.7027062,47.1277001],[28.7027123,47.1277],[28.7027155,47.1276998],[28.7027187,47.1276995],[28.7027218,47.1276989],[28.7027249,47.1276981],[28.7027278,47.1276971],[28.7027305,47.1276959],[28.7027331,47.1276945],[28.7027354,47.127693],[28.7027376,47.1276913],[28.7027394,47.1276895],[28.702741,47.1276875],[28.7027423,47.1276855],[28.7027634,47.1276477],[28.7027647,47.1276461],[28.7027661,47.1276439],[28.7027671,47.1276417],[28.7027678,47.12764],[28.7027713,47.1276339],[28.7027724,47.1276322],[28.7027734,47.1276303],[28.7027739,47.1276291],[28.7027817,47.1276156],[28.7027822,47.1276148],[28.7027827,47.1276138],[28.7027857,47.1276083],[28.7027864,47.1276073],[28.702788,47.1276056],[28.7027896,47.1276035],[28.7027904,47.1276022],[28.7027917,47.1275998],[28.7027925,47.1275978],[28.7027934,47.1275956],[28.7027978,47.1275879],[28.7027981,47.1275875],[28.7027994,47.1275855],[28.7028004,47.1275835],[28.7028011,47.1275819],[28.7028056,47.1275739],[28.702806,47.1275736],[28.7028072,47.1275719],[28.7028083,47.1275701],[28.7028091,47.1275683],[28.7028099,47.1275664],[28.70281,47.1275662],[28.7028104,47.1275656],[28.7028116,47.1275637],[28.7028126,47.1275618],[28.7028127,47.1275614],[28.7028147,47.127558],[28.7028154,47.127557],[28.7028166,47.1275551],[28.7028176,47.1275531],[28.7028184,47.1275513],[28.7028242,47.1275419],[28.7028248,47.1275411],[28.7028252,47.1275402],[28.7028262,47.1275386],[28.7028268,47.1275377],[28.70284,47.1275132],[28.7028403,47.1275126],[28.702841,47.1275112],[28.7028415,47.1275103],[28.7028417,47.1275101],[28.7028431,47.127508],[28.7028441,47.1275058],[28.7028442,47.1275056],[28.702847,47.1275005],[28.7028472,47.1275003],[28.7028491,47.1274973],[28.70285,47.1274954],[28.7028506,47.1274947],[28.7028522,47.1274928],[28.7028534,47.1274908],[28.7028543,47.1274887],[28.7028556,47.1274854],[28.7028699,47.1274599],[28.70287,47.1274597],[28.7028713,47.1274578],[28.7028722,47.1274559],[28.7028723,47.1274557],[28.702875,47.1274509],[28.7028756,47.1274501],[28.7028767,47.1274483],[28.7028776,47.1274464],[28.7028779,47.1274457],[28.7028924,47.1274202],[28.7028929,47.1274196],[28.7028929,47.1274195],[28.7028929,47.1274195],[28.7029317,47.1273503],[28.7029331,47.1273484],[28.7029344,47.1273462],[28.7029354,47.127344],[28.7029358,47.1273431],[28.7029396,47.1273363],[28.7029408,47.1273346],[28.7029419,47.1273329],[28.7029427,47.1273311],[28.702943,47.1273303],[28.7029467,47.1273237],[28.7029475,47.1273226],[28.7029486,47.1273208],[28.7029495,47.1273189],[28.7029496,47.1273187],[28.7029538,47.1273112],[28.7029542,47.1273106],[28.7029555,47.1273086],[28.7029565,47.1273066],[28.7029568,47.1273057],[28.7029649,47.1272915],[28.7029656,47.1272906],[28.7029668,47.1272888],[28.7029679,47.127287],[28.7029682,47.1272862],[28.7029692,47.1272839],[28.7029735,47.1272766],[28.7029735,47.1272766],[28.702975,47.1272743],[28.7029755,47.1272733],[28.7029829,47.1272596],[28.702983,47.1272594],[28.7029842,47.1272575],[28.7029847,47.1272563],[28.7029884,47.1272497],[28.7029887,47.1272493],[28.7029899,47.1272475],[28.7029908,47.1272457],[28.7029911,47.127245],[28.7029968,47.1272354],[28.702998,47.1272328],[28.702999,47.1272304],[28.7030051,47.1272205],[28.7030064,47.1272181],[28.7030072,47.1272158],[28.7030077,47.1272148],[28.7030095,47.1272122],[28.7030106,47.1272105],[28.7030115,47.1272087],[28.7030117,47.1272078],[28.7030124,47.1272067],[28.7030126,47.1272064],[28.7030127,47.1272063],[28.7030139,47.1272048],[28.703015,47.1272032],[28.7030154,47.1272024],[28.7030164,47.1272006],[28.7030172,47.1271986],[28.7030174,47.1271979],[28.7030175,47.1271976],[28.7030183,47.1271967],[28.7030198,47.1271944],[28.7030209,47.1271921],[28.7030214,47.1271909],[28.7030219,47.1271903],[28.7030229,47.1271882],[28.7030229,47.1271881],[28.7030243,47.1271857],[28.7030248,47.127185],[28.7030259,47.1271827],[28.7030264,47.1271816],[28.7030316,47.1271724],[28.7030332,47.12717],[28.7030344,47.1271681],[28.7030349,47.127167],[28.7030585,47.1271245],[28.7030593,47.1271235],[28.7030609,47.1271227],[28.7030626,47.1271219],[28.7030646,47.1271208],[28.7030652,47.1271204],[28.7030655,47.1271205],[28.703067,47.1271209],[28.7030701,47.1271216],[28.7030716,47.1271219],[28.7030749,47.1271224],[28.7030782,47.1271227],[28.7030815,47.1271227],[28.7030848,47.1271225],[28.7030881,47.1271221],[28.7030913,47.1271214],[28.7030944,47.1271206],[28.7030973,47.1271195],[28.7031001,47.1271183],[28.7031001,47.1271183],[28.7031022,47.1271175],[28.7031024,47.1271175],[28.7031042,47.1271181],[28.7031072,47.1271187],[28.7031073,47.1271188],[28.7031167,47.1271213],[28.7031198,47.127122],[28.703123,47.1271225],[28.7031263,47.1271228],[28.7031296,47.1271229],[28.7031329,47.1271227],[28.7031348,47.1271226],[28.7031368,47.1271227],[28.703137,47.1271227],[28.703138,47.1271231],[28.70314,47.1271239],[28.7031414,47.1271245],[28.703141,47.1271255],[28.7031348,47.1271369],[28.7031339,47.1271381],[28.7031324,47.1271394],[28.7031308,47.1271412],[28.7031294,47.1271432],[28.7031282,47.1271452],[28.7031272,47.1271475],[28.7031256,47.1271498],[28.7031242,47.1271515],[28.7031227,47.1271533],[28.7031215,47.1271553],[28.7031206,47.1271573],[28.7031199,47.1271593],[28.7031195,47.1271614],[28.7031195,47.1271634],[28.7031193,47.1271645],[28.7031183,47.127166],[28.7031168,47.1271683],[28.7031157,47.1271707],[28.7031156,47.1271709],[28.703115,47.1271718],[28.7031123,47.1271751],[28.7031111,47.1271768],[28.7031101,47.1271785],[28.7031093,47.1271802],[28.7031066,47.1271871],[28.7031058,47.1271885],[28.7031048,47.1271896],[28.7031034,47.1271916],[28.7031022,47.1271936],[28.7031013,47.1271958],[28.7031011,47.1271966],[28.703101,47.127197],[28.7031008,47.1271971],[28.703099,47.1271989],[28.7030974,47.1272007],[28.7030961,47.1272026],[28.703095,47.1272046],[28.7030938,47.1272074],[28.7030931,47.1272087],[28.7030923,47.1272109],[28.7030918,47.1272131],[28.7030916,47.1272153],[28.7030918,47.1272175],[28.7030922,47.1272198],[28.703093,47.1272219],[28.7030941,47.127224],[28.7030955,47.1272261],[28.7030972,47.127228],[28.7030992,47.1272298],[28.7031014,47.1272314],[28.7031038,47.1272329],[28.7031065,47.1272342],[28.7031093,47.1272354],[28.7031123,47.1272363],[28.7031154,47.127237],[28.7031186,47.1272375],[28.7031218,47.1272378],[28.7031251,47.1272379],[28.7031284,47.1272378],[28.7031316,47.1272374],[28.7031348,47.1272368],[28.7031378,47.127236],[28.7031408,47.127235],[28.7031435,47.1272338],[28.703145,47.127233],[28.7031453,47.1272329],[28.7031455,47.1272329],[28.7031474,47.1272329],[28.7031506,47.1272328],[28.7031511,47.1272327],[28.7031558,47.1272327],[28.7031591,47.1272325],[28.7031623,47.1272321],[28.7031654,47.1272315],[28.7031685,47.1272307],[28.7031714,47.1272297],[28.7031741,47.1272285],[28.7031767,47.1272271],[28.7031791,47.1272256],[28.7031812,47.1272239],[28.703183,47.1272221],[28.7031846,47.1272201],[28.7031854,47.127219],[28.7031882,47.1272155],[28.7031893,47.1272144],[28.7031909,47.1272123],[28.7031922,47.1272102],[28.7031932,47.1272079],[28.7031949,47.1272031],[28.7031955,47.1272019],[28.7031957,47.1272015],[28.7031967,47.1271998],[28.7031975,47.127198],[28.7031978,47.1271972],[28.7031979,47.127197],[28.7031989,47.1271954],[28.7031998,47.1271936],[28.7032001,47.1271928],[28.7032071,47.1271802],[28.703208,47.1271788],[28.703209,47.1271771],[28.7032098,47.1271761],[28.703211,47.1271744],[28.703212,47.1271726],[28.7032125,47.1271711],[28.7032131,47.12717],[28.7032133,47.1271696],[28.703214,47.1271691],[28.7032156,47.1271672],[28.7032157,47.127167],[28.7032171,47.127165],[28.7032181,47.127163],[28.7032189,47.1271609],[28.7032193,47.1271587],[28.7032193,47.1271586],[28.7032198,47.1271576],[28.7032258,47.1271472],[28.7032265,47.1271462],[28.7032274,47.1271462],[28.7032292,47.1271463],[28.7032321,47.1271473],[28.7032352,47.1271482],[28.7032569,47.1271539],[28.7032573,47.127154],[28.7032602,47.1271549],[28.703262,47.1271553],[28.7032642,47.127156],[28.7032672,47.1271567],[28.7032673,47.1271567],[28.7032895,47.1271625],[28.7032898,47.1271626],[28.7032928,47.1271635],[28.7032943,47.1271639],[28.7032946,47.127164],[28.7032957,47.1271646],[28.703298,47.1271657],[28.7032982,47.1271658],[28.7032993,47.1271663],[28.7033023,47.1271675],[28.7033055,47.1271685],[28.7033196,47.1271723],[28.7033199,47.1271724],[28.7033229,47.1271733],[28.7033244,47.1271736],[28.7033258,47.1271741],[28.7033285,47.1271749],[28.7033293,47.1271752],[28.7033316,47.1271758],[28.7033498,47.1271806],[28.7033501,47.1271807],[28.7033531,47.1271816],[28.7033546,47.1271819],[28.7033549,47.127182],[28.7033553,47.1271825],[28.7033553,47.1271826],[28.7033569,47.1271846],[28.7033577,47.1271856],[28.7033572,47.1271866],[28.7033515,47.1271968],[28.7033515,47.1271968],[28.7033502,47.1271989],[28.7033492,47.1272009],[28.7033485,47.1272031],[28.7033482,47.1272053],[28.7033481,47.1272075],[28.7033484,47.1272097],[28.7033489,47.1272118],[28.7033498,47.1272139],[28.703351,47.127216],[28.7033524,47.1272179],[28.7033542,47.1272198],[28.7033561,47.1272215],[28.7033584,47.1272231],[28.7033608,47.1272245],[28.7033634,47.1272258],[28.7033662,47.1272269],[28.7033692,47.1272278],[28.7033722,47.1272285],[28.7033754,47.127229],[28.7033786,47.1272292],[28.7033818,47.1272293],[28.7033976,47.1272291],[28.7033981,47.1272291],[28.7034013,47.1272291],[28.7034034,47.127229],[28.7034056,47.1272291],[28.7034088,47.1272289],[28.7034093,47.1272289],[28.7034128,47.1272288],[28.7034161,47.1272287],[28.7034193,47.1272283],[28.7034224,47.1272277],[28.7034255,47.1272269],[28.7034284,47.1272259],[28.7034312,47.1272247],[28.7034337,47.1272233],[28.7034361,47.1272217],[28.7034382,47.12722],[28.70344,47.1272184],[28.7034415,47.1272187],[28.7034429,47.1272191],[28.7034442,47.1272194],[28.7034455,47.1272197],[28.7034458,47.1272198],[28.7034472,47.1272203],[28.7034494,47.1272219],[28.7034518,47.1272233],[28.7034544,47.1272246],[28.7034573,47.1272257],[28.7034602,47.1272266],[28.7034633,47.1272273],[28.7034664,47.1272277],[28.7034696,47.127228],[28.7034729,47.1272281],[28.7034742,47.127228],[28.7034747,47.127228],[28.7034758,47.1272282],[28.7034761,47.1272283],[28.7034778,47.1272289],[28.7034794,47.1272301],[28.7034817,47.1272316],[28.7034841,47.127233],[28.7034867,47.1272342],[28.7034895,47.1272353],[28.7034924,47.1272361],[28.7034968,47.1272372],[28.7034969,47.1272373],[28.7035007,47.1272383],[28.7035012,47.1272384],[28.7035028,47.1272388],[28.7035037,47.127239],[28.7035047,47.1272392],[28.7035062,47.1272397],[28.7035064,47.1272398],[28.7035076,47.1272406],[28.7035099,47.1272419],[28.7035124,47.1272431],[28.703515,47.1272441],[28.7035178,47.1272449],[28.7035293,47.1272479],[28.703531,47.1272484],[28.703533,47.127249],[28.7035339,47.1272492],[28.7035347,47.1272494],[28.7035361,47.1272497],[28.7035375,47.1272502],[28.7035391,47.1272511],[28.7035403,47.1272518],[28.703543,47.1272531],[28.7035459,47.1272542],[28.7035489,47.1272551],[28.7035572,47.1272572],[28.7035588,47.1272577],[28.7035596,47.1272579],[28.7035601,47.127258],[28.703561,47.1272582],[28.7035624,47.1272587],[28.7035641,47.1272595],[28.7035652,47.1272599],[28.7035657,47.1272601],[28.7035653,47.1272611],[28.703558,47.1272745],[28.7035565,47.1272767],[28.7035553,47.1272787],[28.7035543,47.1272808],[28.7035537,47.127283],[28.7035533,47.1272852],[28.7035533,47.1272874],[28.7035536,47.1272896],[28.7035543,47.1272918],[28.7035552,47.1272939],[28.7035564,47.127296],[28.7035579,47.1272979],[28.7035597,47.1272997],[28.7035618,47.1273015],[28.7035641,47.127303],[28.7035666,47.1273044],[28.7035693,47.1273057],[28.703571,47.1273063],[28.7035729,47.1273071],[28.7035732,47.1273073],[28.703574,47.1273082],[28.703576,47.1273101],[28.7035783,47.1273118],[28.7035809,47.1273134],[28.7035837,47.1273148],[28.7035867,47.127316],[28.7035898,47.1273169],[28.7035921,47.1273175],[28.7035924,47.1273176],[28.7035954,47.1273185],[28.7035973,47.1273189],[28.7035991,47.1273195],[28.7036022,47.1273202],[28.7036025,47.1273202],[28.7036067,47.1273213],[28.70361,47.127322],[28.7036134,47.1273225],[28.7036168,47.1273228],[28.7036203,47.1273228],[28.7036238,47.1273225],[28.7036271,47.127322],[28.7036301,47.1273213],[28.7036302,47.1273213],[28.7036305,47.1273213],[28.7036306,47.1273213],[28.7036312,47.1273214],[28.7036323,47.1273217],[28.7036333,47.1273218],[28.7036346,47.1273221],[28.7036377,47.1273226],[28.7036408,47.1273229],[28.703644,47.1273229],[28.7036472,47.1273228],[28.7036503,47.1273224],[28.7036534,47.1273218],[28.7036564,47.1273211],[28.7036592,47.1273201],[28.7036619,47.127319],[28.7036645,47.1273177],[28.7036668,47.1273162],[28.7036689,47.1273146],[28.7036708,47.1273128],[28.7036724,47.1273109],[28.7036738,47.127309],[28.7036746,47.1273074],[28.7036747,47.1273072],[28.703676,47.1273054],[28.7036769,47.1273036],[28.7036774,47.1273024],[28.703679,47.1273027],[28.7036804,47.127303],[28.7036815,47.1273032],[28.7036832,47.1273036],[28.7036839,47.1273038],[28.7036843,47.1273039],[28.703686,47.1273043],[28.7036947,47.1273066],[28.7036977,47.1273073],[28.7037008,47.1273077],[28.7037038,47.127308],[28.703707,47.1273081],[28.7037097,47.127308],[28.7037098,47.127308],[28.7037113,47.1273083],[28.7037121,47.1273085],[28.703713,47.1273087],[28.7037141,47.1273091],[28.7037153,47.1273094],[28.7037167,47.1273099],[28.7037178,47.1273112],[28.7037195,47.1273131],[28.7037215,47.1273149],[28.7037238,47.1273165],[28.7037263,47.127318],[28.703729,47.1273193],[28.7037319,47.1273204],[28.7037349,47.1273213],[28.7037352,47.1273214],[28.7037356,47.1273215],[28.7037385,47.1273224],[28.70374,47.1273227],[28.7037403,47.1273228],[28.7037399,47.1273238],[28.7037398,47.1273238],[28.7037389,47.1273258],[28.7037382,47.1273279],[28.7037378,47.12733],[28.7037377,47.1273321],[28.7037379,47.1273342],[28.7037379,47.1273342],[28.7037375,47.1273352],[28.7037324,47.1273444],[28.7037314,47.1273465],[28.7037307,47.1273486],[28.7037303,47.1273508],[28.7037302,47.127353],[28.7037305,47.1273552],[28.703731,47.1273574],[28.7037319,47.1273595],[28.7037324,47.1273604],[28.7037321,47.1273605],[28.7037291,47.1273614],[28.7037263,47.1273626],[28.7037238,47.1273639],[28.7037214,47.1273654],[28.7037196,47.1273668],[28.7037186,47.1273675],[28.7037163,47.1273692],[28.7037143,47.1273711],[28.7037126,47.1273731],[28.7037113,47.1273752],[28.7037105,47.1273765],[28.7037096,47.1273785],[28.7037089,47.1273805],[28.7037085,47.1273826],[28.7037084,47.1273847],[28.7037086,47.1273868],[28.7037087,47.1273879],[28.7037092,47.1273901],[28.7037095,47.1273908],[28.7037084,47.1273914],[28.7037062,47.127393],[28.7037043,47.1273947],[28.7037042,47.1273948],[28.7037024,47.1273969],[28.7037009,47.127399],[28.7036997,47.1274013],[28.7036989,47.1274036],[28.7036984,47.127406],[28.7036984,47.1274061],[28.7036984,47.1274083],[28.7036986,47.1274105],[28.7036992,47.1274127],[28.7037,47.1274148],[28.7037012,47.1274168],[28.7037027,47.1274188],[28.7037044,47.1274207],[28.7037064,47.1274224],[28.7037086,47.127424],[28.7037111,47.1274254],[28.7037137,47.1274267],[28.7037166,47.1274278],[28.7037195,47.1274287],[28.7037226,47.1274294],[28.7037257,47.1274298],[28.703729,47.1274301],[28.7037322,47.1274302],[28.7037354,47.12743],[28.7037386,47.1274296],[28.7037417,47.127429],[28.7037447,47.1274282],[28.7037476,47.1274272],[28.7037503,47.127426],[28.7037529,47.1274247],[28.7037552,47.1274232],[28.7037573,47.1274215],[28.7037592,47.1274197],[28.7037608,47.1274178],[28.7037621,47.1274158],[28.7037621,47.1274156],[28.7037631,47.1274136],[28.7037638,47.1274114],[28.7037642,47.1274093],[28.7037643,47.1274071],[28.7037641,47.1274049],[28.7037636,47.1274028],[28.7037635,47.1274024],[28.7037645,47.1274018],[28.7037667,47.1274002],[28.7037686,47.1273985],[28.7037703,47.1273966],[28.7037704,47.1273965],[28.7037722,47.1273946],[28.7037737,47.1273924],[28.7037753,47.12739],[28.7037764,47.1273879],[28.7037772,47.1273857],[28.7037777,47.1273835],[28.7037779,47.1273813],[28.7037778,47.1273791],[28.7037773,47.1273769],[28.7037765,47.1273747],[28.7037757,47.1273732],[28.7037766,47.1273729],[28.7037795,47.1273719],[28.7037822,47.1273708],[28.7037847,47.1273694],[28.7037871,47.1273679],[28.7037892,47.1273662],[28.7037892,47.1273662],[28.7037911,47.1273646],[28.7037913,47.1273647],[28.7037922,47.1273654],[28.7037947,47.1273668],[28.7037974,47.1273681],[28.7038002,47.1273692],[28.7038032,47.1273701],[28.7038153,47.1273732],[28.7038156,47.1273733],[28.7038185,47.1273742],[28.7038211,47.1273748],[28.7038211,47.1273748],[28.7038242,47.1273755],[28.7038274,47.127376],[28.7038306,47.1273762],[28.7038338,47.1273763],[28.7038371,47.1273761],[28.7038403,47.1273757],[28.7038434,47.1273751],[28.7038464,47.1273743],[28.7038493,47.1273733],[28.703852,47.1273721],[28.7038542,47.1273709],[28.7038543,47.1273709],[28.7038558,47.1273711],[28.7038569,47.1273714],[28.7038573,47.1273715],[28.7038577,47.1273717],[28.7038601,47.1273723],[28.7038614,47.1273727],[28.7038615,47.1273728],[28.7038625,47.1273745],[28.7038639,47.1273765],[28.7038656,47.1273783],[28.7038676,47.12738],[28.7038699,47.1273816],[28.7038723,47.127383],[28.7038749,47.1273843],[28.7038777,47.1273854],[28.7038784,47.1273856],[28.7038798,47.1273861],[28.7038828,47.127387],[28.7038846,47.1273874],[28.7038863,47.1273879],[28.7038892,47.1273886],[28.7038913,47.127389],[28.7038945,47.1273895],[28.7038978,47.1273898],[28.7039011,47.1273899],[28.7039044,47.1273897],[28.7039076,47.1273894],[28.7039108,47.1273888],[28.7039139,47.127388],[28.7039161,47.1273872],[28.7039174,47.1273868],[28.7039192,47.1273872],[28.7039195,47.1273873],[28.7039208,47.1273877],[28.703923,47.1273884],[28.7039243,47.1273889],[28.7039251,47.1273894],[28.703928,47.1273909],[28.7039312,47.1273922],[28.7039346,47.1273932],[28.7039434,47.1273955],[28.7039437,47.1273956],[28.7039467,47.1273965],[28.7039494,47.1273971],[28.7039506,47.1273974],[28.7039523,47.127398],[28.7039526,47.1273981],[28.7039534,47.1273986],[28.7039557,47.1274],[28.7039583,47.1274011],[28.7039609,47.1274021],[28.7039637,47.1274029],[28.7039732,47.1274054],[28.7039735,47.1274055],[28.7039764,47.1274064],[28.7039765,47.1274064],[28.7039779,47.1274067],[28.703979,47.1274071],[28.7039791,47.1274071],[28.7039793,47.1274072],[28.7039819,47.1274083],[28.703983,47.1274094],[28.7039835,47.1274101],[28.7039853,47.1274118],[28.7039873,47.1274134],[28.7039895,47.1274149],[28.7039918,47.1274162],[28.7039944,47.1274174],[28.7039971,47.1274184],[28.7039989,47.1274189],[28.7039995,47.1274191],[28.7040034,47.1274202],[28.704004,47.1274204],[28.7040055,47.1274207],[28.7040063,47.1274209],[28.7040066,47.127421],[28.7040081,47.1274214],[28.7040082,47.1274215],[28.7040098,47.1274226],[28.7040122,47.1274239],[28.7040147,47.1274251],[28.7040174,47.1274261],[28.7040202,47.1274269],[28.7040335,47.1274304],[28.7040337,47.1274305],[28.7040374,47.1274315],[28.7040378,47.1274316],[28.7040382,47.1274317],[28.7040407,47.1274326],[28.7040424,47.1274333],[28.7040446,47.1274345],[28.704047,47.1274356],[28.7040497,47.1274366],[28.7040524,47.1274374],[28.7040627,47.12744],[28.7040639,47.1274404],[28.7040648,47.1274406],[28.7040668,47.1274411],[28.7040672,47.1274412],[28.7040696,47.1274418],[28.704071,47.1274423],[28.7040725,47.1274441],[28.7040743,47.1274459],[28.7040763,47.1274476],[28.7040785,47.1274492],[28.704081,47.1274506],[28.7040836,47.1274519],[28.7040864,47.127453],[28.7040866,47.127453],[28.704087,47.1274531],[28.70409,47.127454],[28.7040909,47.1274542],[28.7040928,47.1274547],[28.7040931,47.1274548],[28.7040961,47.1274556],[28.7040975,47.1274561],[28.7040975,47.1274565],[28.7040975,47.1274566],[28.7040978,47.1274588],[28.7040984,47.127461],[28.7040993,47.1274631],[28.7041005,47.1274652],[28.704102,47.1274671],[28.7041037,47.127469],[28.7041058,47.1274707],[28.704108,47.1274723],[28.7041105,47.1274737],[28.7041132,47.127475],[28.7041161,47.1274761],[28.7041191,47.1274769],[28.7041206,47.1274773],[28.7041338,47.1274806],[28.7041352,47.127481],[28.7041353,47.1274821],[28.7041356,47.1274908],[28.7041359,47.127493],[28.7041364,47.1274952],[28.7041373,47.1274974],[28.7041385,47.1274994],[28.7041399,47.1275014],[28.7041417,47.1275033],[28.7041437,47.1275051],[28.704146,47.1275067],[28.7041485,47.1275081],[28.7041512,47.1275094],[28.7041541,47.1275105],[28.704157,47.1275113],[28.7041602,47.127512],[28.7041634,47.1275125],[28.7041666,47.1275127],[28.7041693,47.1275128],[28.7041698,47.1275129],[28.7041712,47.1275133],[28.7041745,47.127514],[28.7041762,47.1275143],[28.7041792,47.1275147],[28.7041824,47.1275149],[28.7041855,47.127515],[28.7041887,47.1275148],[28.7041918,47.1275144],[28.7041948,47.1275138],[28.7041977,47.127513],[28.7042006,47.127512],[28.7042019,47.1275115],[28.7042035,47.1275113],[28.7042037,47.1275113],[28.7042037,47.1275113],[28.704206,47.127512],[28.7042086,47.1275125],[28.704209,47.1275126],[28.7042232,47.1275163],[28.7042263,47.127517],[28.7042295,47.1275175],[28.7042327,47.1275177],[28.7042359,47.1275178],[28.7042381,47.1275177],[28.7042383,47.1275177],[28.7042407,47.1275181],[28.7042416,47.1275183],[28.7042441,47.1275191],[28.7042455,47.1275196],[28.7042458,47.1275198],[28.7042475,47.1275217],[28.7042495,47.1275234],[28.7042517,47.127525],[28.7042542,47.1275264],[28.7042568,47.1275277],[28.7042596,47.1275288],[28.7042625,47.1275297],[28.7042665,47.1275307],[28.7042694,47.1275316],[28.7042705,47.1275319],[28.7042718,47.1275321],[28.7042728,47.1275324],[28.7042743,47.1275328],[28.7042757,47.1275333],[28.704277,47.1275348],[28.7042787,47.1275365],[28.7042807,47.1275382],[28.7042829,47.1275397],[28.7042853,47.127541],[28.7042879,47.1275422],[28.7042906,47.1275433],[28.7042935,47.1275441],[28.7043027,47.1275465],[28.7043033,47.1275467],[28.7043035,47.1275467],[28.7043035,47.1275467],[28.704307,47.1275476],[28.7043087,47.127548],[28.7043101,47.1275485],[28.7043122,47.1275501],[28.7043144,47.1275517],[28.7043168,47.1275531],[28.7043195,47.1275544],[28.7043222,47.1275554],[28.7043252,47.1275563],[28.7043381,47.1275597],[28.7043397,47.1275601],[28.7043412,47.1275605],[28.7043422,47.1275608],[28.7043425,47.1275609],[28.704345,47.1275618],[28.704347,47.1275626],[28.70435,47.1275638],[28.7043532,47.1275648],[28.7043623,47.1275671],[28.7043642,47.1275677],[28.7043665,47.1275683],[28.7043673,47.1275685],[28.7043678,47.1275688],[28.7043684,47.1275692],[28.7043711,47.1275704],[28.7043739,47.1275715],[28.7043769,47.1275724],[28.704392,47.1275763],[28.7043922,47.1275763],[28.7043958,47.1275774],[28.7043961,47.1275774],[28.7043978,47.1275778],[28.7043989,47.1275781],[28.7043993,47.1275782],[28.7044007,47.1275787],[28.7044018,47.1275792],[28.7044043,47.1275804],[28.7044069,47.1275814],[28.7044096,47.1275822],[28.704422,47.1275854],[28.7044232,47.1275858],[28.704426,47.1275865],[28.7044262,47.1275866],[28.7044277,47.1275871],[28.7044286,47.1275875],[28.7044298,47.1275884],[28.7044299,47.1275887],[28.7044318,47.1275903],[28.7044339,47.1275919],[28.7044361,47.1275933],[28.7044386,47.1275945],[28.7044412,47.1275956],[28.704444,47.1275965],[28.7044468,47.1275972],[28.7044673,47.1276018],[28.7044685,47.1276021],[28.7044711,47.1276027],[28.7044717,47.1276028],[28.7044722,47.1276029],[28.7044736,47.1276032],[28.7044749,47.1276036],[28.7044747,47.1276046],[28.7044657,47.1276243],[28.7044645,47.1276263],[28.7044635,47.1276282],[28.7044627,47.1276302],[28.7044626,47.1276305],[28.7044562,47.1276442],[28.7044553,47.1276463],[28.7044548,47.1276486],[28.7044546,47.1276508],[28.7044547,47.1276531],[28.7044551,47.1276553],[28.7044559,47.1276575],[28.704457,47.1276596],[28.7044584,47.1276617],[28.7044601,47.1276636],[28.7044621,47.1276654],[28.7044643,47.1276671],[28.7044668,47.1276686],[28.7044695,47.1276699],[28.7044723,47.127671],[28.7044753,47.127672],[28.7044784,47.1276727],[28.7044816,47.1276732],[28.7044849,47.1276735],[28.7044882,47.1276736],[28.7045085,47.1276733],[28.704509,47.1276733],[28.7045123,47.1276734],[28.7045142,47.1276733],[28.7045166,47.1276733],[28.7045197,47.1276731],[28.7045203,47.1276731],[28.7045442,47.1276727],[28.7045448,47.1276728],[28.7045481,47.1276728],[28.70455,47.1276727],[28.7045523,47.1276728],[28.7045555,47.1276726],[28.704556,47.1276726],[28.7045779,47.1276722],[28.7045784,47.1276723],[28.7045817,47.1276723],[28.7045835,47.1276722],[28.704586,47.1276723],[28.7045891,47.1276721],[28.7045896,47.1276721],[28.7046101,47.1276718],[28.7046106,47.1276718],[28.7046139,47.1276718],[28.7046157,47.1276717],[28.7046182,47.1276718],[28.7046213,47.1276716],[28.7046219,47.1276716],[28.704649,47.1276712],[28.7046495,47.1276712],[28.7046528,47.1276713],[28.7046545,47.1276712],[28.7046547,47.1276712],[28.704655,47.1276726],[28.7046555,47.1276747],[28.7046564,47.1276769],[28.7046576,47.1276789],[28.704659,47.1276809],[28.7046608,47.1276827],[28.7046627,47.1276845],[28.704665,47.1276861],[28.7046674,47.1276875],[28.7046701,47.1276888],[28.7046729,47.1276899],[28.7046734,47.12769],[28.7046749,47.1276905],[28.7046779,47.1276914],[28.7046794,47.1276918],[28.7046797,47.1276919],[28.7046804,47.1276927],[28.7046814,47.1276942],[28.7046832,47.127696],[28.7046852,47.1276978],[28.7046874,47.1276994],[28.7046899,47.1277008],[28.7046925,47.1277021],[28.7046954,47.1277032],[28.7046983,47.1277041],[28.7047005,47.1277046],[28.7047008,47.1277047],[28.7047038,47.1277056],[28.7047056,47.1277061],[28.7047075,47.1277066],[28.7047105,47.1277073],[28.7047109,47.1277074],[28.7047333,47.1277132],[28.7047364,47.1277139],[28.7047368,47.127714],[28.7047367,47.127715],[28.7047366,47.1277171],[28.7047368,47.1277192],[28.7047372,47.1277212],[28.7047377,47.1277234],[28.7047386,47.1277256],[28.7047397,47.1277277],[28.7047412,47.1277296],[28.7047429,47.1277315],[28.704745,47.1277333],[28.7047472,47.1277349],[28.7047497,47.1277364],[28.7047524,47.1277376],[28.7047552,47.1277387],[28.7047558,47.1277389],[28.7047559,47.127739],[28.7047566,47.1277399],[28.7047569,47.1277407],[28.7047571,47.1277416],[28.704757,47.1277427],[28.7047565,47.1277437],[28.7047537,47.1277487],[28.7047517,47.1277513],[28.7047501,47.1277537],[28.704749,47.1277563],[28.7047478,47.1277594],[28.7047455,47.1277638],[28.7047454,47.1277641],[28.7047442,47.127766],[28.7047433,47.127768],[28.7047432,47.1277682],[28.7047418,47.1277707],[28.7047405,47.1277726],[28.7047394,47.1277739],[28.7047382,47.1277758],[28.7047373,47.1277778],[28.704737,47.1277787],[28.704736,47.1277811],[28.7047326,47.1277875],[28.7047322,47.127788],[28.7047308,47.1277902],[28.7047297,47.1277925],[28.7047296,47.1277928],[28.7047294,47.1277931],[28.7047286,47.1277939],[28.704727,47.1277959],[28.7047258,47.127798],[28.7047249,47.1278001],[28.7047243,47.1278023],[28.7047237,47.1278034],[28.704723,47.1278043],[28.7047217,47.1278066],[28.7047207,47.127809],[28.7047202,47.1278103],[28.7047071,47.1278344],[28.7047063,47.1278356],[28.7047059,47.127836],[28.7047046,47.1278379],[28.7047035,47.1278399],[28.7047027,47.1278419],[28.7047022,47.1278434],[28.7046042,47.1280231],[28.7046033,47.1280243],[28.7046021,47.1280262],[28.7046011,47.1280283],[28.7046005,47.1280298],[28.7045977,47.1280347],[28.7045966,47.128037],[28.7045965,47.1280372],[28.704592,47.1280453],[28.7045913,47.1280464],[28.7045902,47.128048],[28.7045893,47.1280498],[28.7045884,47.1280519],[28.7045839,47.1280594],[28.7045824,47.1280624],[28.7045822,47.1280631],[28.7045792,47.1280688],[28.7045781,47.1280705],[28.7045773,47.1280724],[28.7045772,47.1280726],[28.7045744,47.1280776],[28.7045736,47.128079],[28.704573,47.1280803],[28.7045724,47.1280813],[28.7045715,47.1280826],[28.7045706,47.1280843],[28.7045696,47.1280864],[28.7045689,47.1280874],[28.7045674,47.128089],[28.7045659,47.1280908],[28.7045648,47.1280928],[28.7045639,47.1280948],[28.7045633,47.1280968],[28.704563,47.1280981],[28.7045626,47.1280993],[28.7045594,47.1281053],[28.7045587,47.1281063],[28.7045587,47.1281064],[28.7045556,47.128112],[28.7045544,47.1281136],[28.7045533,47.1281154],[28.7045524,47.1281172],[28.7045509,47.1281205],[28.7045498,47.1281225],[28.7045492,47.1281236],[28.7045491,47.1281236],[28.7045475,47.1281267],[28.7045468,47.1281275],[28.7045463,47.1281279],[28.7045461,47.128128],[28.7045439,47.1281295],[28.7045419,47.1281312],[28.7045401,47.1281329],[28.7045399,47.1281331],[28.7045396,47.1281335],[28.7045394,47.1281335],[28.7045373,47.1281334],[28.7045343,47.1281336],[28.7045338,47.1281336],[28.7045067,47.128134],[28.7045037,47.128134],[28.7045035,47.128134],[28.7045024,47.128134],[28.7045022,47.128134],[28.7044995,47.128134],[28.7044964,47.1281342],[28.7044959,47.1281342],[28.7044712,47.1281346],[28.7044707,47.1281345],[28.7044674,47.1281345],[28.7044655,47.1281346],[28.7044631,47.1281345],[28.7044599,47.1281347],[28.7044594,47.1281347],[28.7044353,47.1281351],[28.7044348,47.1281351],[28.7044315,47.128135],[28.7044295,47.1281351],[28.7044273,47.1281351],[28.7044241,47.1281352],[28.7044236,47.1281353],[28.7043979,47.1281357],[28.7043978,47.1281357],[28.7043962,47.1281357],[28.7043941,47.1281357],[28.7043938,47.1281357],[28.704391,47.1281356],[28.7043878,47.1281358],[28.7043873,47.1281358],[28.7043615,47.1281362],[28.7043611,47.1281362],[28.7043591,47.1281362],[28.7043582,47.1281362],[28.7043551,47.1281362],[28.704352,47.1281363],[28.7043514,47.1281363],[28.7043315,47.1281366],[28.704331,47.1281366],[28.7043276,47.1281366],[28.7043259,47.1281367],[28.7043233,47.1281366],[28.7043202,47.1281368],[28.7043197,47.1281368],[28.7042938,47.1281372],[28.7042915,47.1281372],[28.7042905,47.1281372],[28.7042902,47.1281372],[28.7042891,47.1281372],[28.704287,47.1281372],[28.7042868,47.1281372],[28.7042827,47.1281373],[28.7042822,47.1281374],[28.7042596,47.1281377],[28.7042591,47.1281377],[28.7042558,47.1281376],[28.7042539,47.1281377],[28.7042515,47.1281377],[28.7042484,47.1281378],[28.7042478,47.1281379],[28.7042222,47.1281383],[28.7042217,47.1281382],[28.7042184,47.1281382],[28.7042165,47.1281383],[28.7042141,47.1281382],[28.704211,47.1281384],[28.7042105,47.1281384],[28.7041893,47.1281388],[28.7041861,47.1281389],[28.7041829,47.1281393],[28.7041798,47.1281399],[28.7041767,47.1281407],[28.7041738,47.1281416],[28.7041711,47.1281428],[28.7041686,47.1281442],[28.7041662,47.1281457],[28.7041641,47.1281474],[28.7041622,47.1281492],[28.7041606,47.1281511],[28.7041593,47.1281531],[28.7041583,47.1281552],[28.7041576,47.1281573],[28.7041571,47.1281595],[28.7041571,47.1281617],[28.7041573,47.1281684],[28.704157,47.128171],[28.7041569,47.1281733],[28.7041572,47.1281756],[28.7041574,47.1281767],[28.7041573,47.1281779],[28.7041572,47.12818],[28.7041574,47.128182],[28.7041574,47.1281822],[28.7041576,47.1281838],[28.7041578,47.128185],[28.7041593,47.1282313],[28.704159,47.1282339],[28.7041589,47.1282362],[28.7041592,47.1282384],[28.7041594,47.1282396],[28.7041592,47.1282411],[28.7041592,47.1282433],[28.7041594,47.1282454],[28.7041598,47.1282478],[28.7041612,47.1282918],[28.7041609,47.1282944],[28.7041609,47.1282966],[28.7041611,47.1282988],[28.7041613,47.1283001],[28.7041613,47.1283002],[28.7041612,47.1283023],[28.7041613,47.1283049],[28.7041615,47.1283071],[28.7041617,47.1283083],[28.7041632,47.128354],[28.7041629,47.1283564],[28.7041628,47.1283585],[28.7041631,47.1283607],[28.7041633,47.1283621],[28.7041632,47.1283644],[28.7041633,47.1283668],[28.7041635,47.128369],[28.7041637,47.1283702],[28.7041655,47.1284268],[28.7041652,47.1284297],[28.7041652,47.128432],[28.7041655,47.1284344],[28.7041656,47.1284353],[28.7041656,47.1284359],[28.7041655,47.1284376],[28.7041656,47.1284404],[28.7041659,47.1284426],[28.7041661,47.1284438],[28.704167,47.1284734],[28.7041667,47.1284759],[28.7041667,47.1284781],[28.7041669,47.1284803],[28.7041671,47.1284816],[28.704167,47.128483],[28.7041669,47.1284852],[28.7041671,47.1284874],[28.7041675,47.1284898],[28.7041689,47.1285332],[28.7041686,47.128536],[28.7041686,47.1285383],[28.7041689,47.1285407],[28.704169,47.1285416],[28.7041686,47.1285426],[28.7041671,47.1285454],[28.7041662,47.1285473],[28.7041656,47.1285492],[28.7041652,47.1285512],[28.7041651,47.1285528],[28.7041651,47.1285528],[28.7041641,47.1285542],[28.704163,47.1285561],[28.7041621,47.1285581],[28.7041615,47.1285601],[28.7041613,47.1285606],[28.704161,47.1285626],[28.7041609,47.1285645],[28.7041609,47.1285646],[28.70416,47.1285655],[28.7041596,47.1285658],[28.7041576,47.1285677],[28.7041559,47.1285698],[28.7041545,47.128572],[28.7041544,47.1285722],[28.7041544,47.1285722],[28.7041541,47.1285728],[28.7041531,47.1285749],[28.7041525,47.128577],[28.7041522,47.1285792],[28.7041521,47.1285814],[28.7041524,47.1285835],[28.704153,47.1285857],[28.7041539,47.1285877],[28.704155,47.1285898],[28.7041565,47.1285917],[28.7041582,47.1285935],[28.7041602,47.1285952],[28.7041624,47.1285968],[28.7041648,47.1285982],[28.7041674,47.1285995],[28.7041678,47.1285996],[28.7041683,47.1285999],[28.7041685,47.1286],[28.7041695,47.1286011],[28.7041709,47.1286024],[28.704171,47.1286025],[28.7041709,47.1286035],[28.7041707,47.1286058],[28.704171,47.1286081],[28.7041714,47.1286105],[28.7041728,47.1286559],[28.7041726,47.1286582],[28.7041725,47.1286603],[28.7041727,47.1286624],[28.7041729,47.128664],[28.7041728,47.128665],[28.7041727,47.1286673],[28.7041729,47.1286696],[28.7041734,47.128672],[28.7041747,47.128713],[28.7041744,47.1287153],[28.7041743,47.1287174],[28.7041745,47.1287196],[28.7041748,47.128721],[28.7041746,47.1287221],[28.7041745,47.1287244],[28.7041748,47.1287267],[28.7041752,47.1287291],[28.7041765,47.1287717],[28.7041763,47.128774],[28.7041762,47.1287762],[28.7041764,47.1287784],[28.7041766,47.1287798],[28.7041766,47.1287798],[28.7041765,47.1287821],[28.7041766,47.1287821],[28.7041766,47.1287821],[28.7041766,47.1287845],[28.7041769,47.1287867],[28.7041771,47.1287879],[28.7041785,47.1288322],[28.7041782,47.1288344],[28.7041781,47.1288366],[28.7041783,47.1288387],[28.7041786,47.1288403],[28.7041785,47.1288426],[28.7041786,47.1288449],[28.7041788,47.1288471],[28.704179,47.1288483],[28.7041805,47.1288951],[28.7041802,47.1288973],[28.7041801,47.1288995],[28.7041803,47.1289016],[28.7041806,47.1289032],[28.7041805,47.1289041],[28.7041804,47.1289065],[28.7041806,47.1289088],[28.704181,47.1289112],[28.7041823,47.1289529],[28.7041821,47.1289552],[28.704182,47.1289573],[28.7041822,47.1289595],[28.7041824,47.128961],[28.7041823,47.128962],[28.7041822,47.1289643],[28.7041824,47.1289666],[28.7041829,47.128969],[28.7041841,47.1290073],[28.7041838,47.1290098],[28.7041837,47.1290121],[28.704184,47.1290143],[28.7041842,47.1290155],[28.704184,47.1290169],[28.704184,47.1290197],[28.704184,47.1290199],[28.7041839,47.1290206],[28.7041837,47.1290216],[28.7041835,47.1290221],[28.7041831,47.1290227],[28.7041819,47.129025],[28.7041811,47.1290274],[28.7041807,47.1290299],[28.7041807,47.1290304],[28.7041803,47.1290313],[28.7041798,47.129032],[28.7041786,47.1290338],[28.7041776,47.1290357],[28.7041768,47.1290373],[28.704176,47.1290395],[28.7041755,47.1290417],[28.7041754,47.129044],[28.7041755,47.1290462],[28.7041761,47.1290484],[28.7041769,47.1290506],[28.704178,47.1290528],[28.7041795,47.1290548],[28.7041812,47.1290567],[28.7041832,47.1290585],[28.7041841,47.1290591],[28.7041856,47.1290603],[28.7041858,47.1290614],[28.704186,47.1290663],[28.7041857,47.1290687],[28.7041856,47.1290709],[28.7041858,47.1290731],[28.7041861,47.1290744],[28.7041861,47.1290745],[28.704186,47.1290767],[28.704186,47.1290792],[28.7041863,47.1290814],[28.7041865,47.1290826],[28.7041877,47.1291209],[28.7041874,47.1291233],[28.7041873,47.1291254],[28.7041876,47.1291276],[28.7041878,47.129129],[28.7041877,47.1291302],[28.7041876,47.1291325],[28.7041878,47.1291347],[28.7041882,47.1291371],[28.7041895,47.1291777],[28.7041892,47.1291802],[28.7041892,47.1291824],[28.7041894,47.1291846],[28.7041896,47.1291859],[28.7041896,47.129186],[28.7041895,47.1291882],[28.7041896,47.1291907],[28.7041898,47.1291929],[28.70419,47.129194],[28.7041915,47.1292393],[28.7041912,47.1292417],[28.7041911,47.129244],[28.7041914,47.1292462],[28.7041916,47.1292475],[28.7041916,47.1292476],[28.7041915,47.1292497],[28.7041916,47.1292522],[28.7041918,47.1292544],[28.704192,47.1292556],[28.7041934,47.1292978],[28.7041931,47.1293005],[28.704193,47.1293028],[28.7041933,47.1293051],[28.7041935,47.1293061],[28.7041933,47.129308],[28.7041932,47.12931],[28.7041935,47.1293121],[28.7041939,47.1293145],[28.7041953,47.1293582],[28.704195,47.1293606],[28.7041949,47.1293628],[28.7041951,47.1293649],[28.7041954,47.1293663],[28.7041954,47.1293664],[28.7041953,47.1293686],[28.7041954,47.1293711],[28.7041956,47.1293733],[28.7041958,47.1293744],[28.7041971,47.1294149],[28.7041968,47.1294175],[28.7041967,47.1294198],[28.704197,47.1294221],[28.7041972,47.1294232],[28.7041968,47.1294242],[28.7041913,47.1294341],[28.7041903,47.1294364],[28.7041896,47.1294387],[28.7041892,47.1294411],[28.7041893,47.1294434],[28.7041893,47.1294444],[28.7041893,47.1294451],[28.704189,47.1294463],[28.7041884,47.1294474],[28.7041868,47.1294495],[28.7041853,47.1294518],[28.7041842,47.1294542],[28.7041831,47.1294573],[28.7041825,47.1294583],[28.7041813,47.1294599],[28.7041801,47.1294618],[28.7041792,47.1294637],[28.7041781,47.1294666],[28.7041779,47.1294669],[28.7041773,47.1294678],[28.7041747,47.1294689],[28.7041711,47.1294708],[28.7041709,47.12947],[28.7041704,47.1294679],[28.7041695,47.1294658],[28.7041683,47.1294637],[28.7041668,47.1294617],[28.7041651,47.1294599],[28.7041631,47.1294582],[28.7041608,47.1294566],[28.7041584,47.1294551],[28.7041557,47.1294539],[28.7041529,47.1294528],[28.7041517,47.1294524],[28.7041489,47.1294516],[28.7041467,47.1294511],[28.7041451,47.1294506],[28.704142,47.1294499],[28.7041417,47.1294498],[28.7041277,47.1294461],[28.7041245,47.1294453],[28.7041212,47.1294448],[28.7041178,47.1294446],[28.7041177,47.1294446],[28.7041177,47.129444],[28.7041178,47.1294436],[28.7041182,47.129441],[28.7041183,47.129437],[28.7041185,47.1294361],[28.7041188,47.1294352],[28.7041244,47.129425],[28.7041254,47.1294229],[28.7041261,47.1294208],[28.7041265,47.1294186],[28.7041265,47.1294164],[28.7041263,47.1294142],[28.7041257,47.129412],[28.7041248,47.1294099],[28.7041237,47.1294079],[28.7041222,47.1294059],[28.7041205,47.1294041],[28.7041185,47.1294024],[28.7041163,47.1294008],[28.7041139,47.1293994],[28.7041113,47.1293981],[28.7041085,47.129397],[28.7041081,47.1293969],[28.7041052,47.129396],[28.7041022,47.1293953],[28.7041002,47.1293949],[28.704097,47.1293945],[28.7040937,47.1293942],[28.7040905,47.1293941],[28.7040872,47.1293943],[28.7040839,47.1293947],[28.7040808,47.1293953],[28.7040777,47.1293961],[28.7040748,47.1293971],[28.7040732,47.1293977],[28.704072,47.1293976],[28.7040705,47.1293974],[28.7040694,47.1293972],[28.7040676,47.1293966],[28.7040643,47.1293956],[28.7040444,47.1293889],[28.7040423,47.129388],[28.7040397,47.1293871],[28.7040387,47.1293864],[28.7040381,47.1293858],[28.7040382,47.1293856],[28.7040392,47.1293845],[28.7040407,47.1293825],[28.7040418,47.1293804],[28.7040427,47.1293782],[28.7040431,47.1293759],[28.7040433,47.1293737],[28.7040432,47.1293714],[28.7040427,47.1293692],[28.7040419,47.129367],[28.7040407,47.1293649],[28.7040393,47.1293629],[28.7040376,47.1293609],[28.7040356,47.1293592],[28.7040333,47.1293575],[28.7040308,47.129356],[28.7040281,47.1293547],[28.7040275,47.1293545],[28.7040271,47.1293542],[28.7040266,47.1293532],[28.7040253,47.1293509],[28.7040237,47.1293488],[28.7040218,47.1293468],[28.7040196,47.129345],[28.7040171,47.1293433],[28.7040156,47.1293424],[28.7040134,47.1293409],[28.7040115,47.1293396],[28.7040094,47.1293384],[28.7040069,47.1293372],[28.7040058,47.1293364],[28.7040045,47.1293356],[28.7040042,47.1293354],[28.7040039,47.1293349],[28.7040028,47.1293335],[28.7040021,47.1293325],[28.7040019,47.1293312],[28.7040014,47.129329],[28.7040006,47.1293268],[28.7039994,47.1293246],[28.703998,47.1293226],[28.7039963,47.1293207],[28.7039943,47.1293189],[28.703992,47.1293173],[28.7039895,47.1293158],[28.7039868,47.1293145],[28.7039839,47.1293134],[28.7039835,47.1293132],[28.7039807,47.1293124],[28.7039786,47.1293119],[28.7039769,47.1293114],[28.7039739,47.1293106],[28.7039735,47.1293106],[28.7039711,47.1293099],[28.7039682,47.1293092],[28.7039652,47.1293087],[28.7039621,47.1293084],[28.703959,47.1293083],[28.7039559,47.1293084],[28.7039529,47.1293087],[28.7039499,47.1293092],[28.7039469,47.1293099],[28.7039435,47.1293108],[28.7039431,47.129311],[28.703942,47.1293112],[28.7039398,47.12931],[28.7039371,47.1293087],[28.7039343,47.1293076],[28.7039314,47.1293067],[28.703914,47.1293019],[28.7039137,47.1293018],[28.7039108,47.1293009],[28.7039089,47.1293005],[28.7039071,47.1292999],[28.703904,47.1292992],[28.7039037,47.1292991],[28.7038811,47.129293],[28.7038791,47.1292922],[28.7038787,47.1292921],[28.7038763,47.1292911],[28.7038758,47.1292908],[28.7038749,47.1292901],[28.7038723,47.1292885],[28.7038719,47.1292884],[28.7038574,47.1292788],[28.703857,47.1292785],[28.7038548,47.1292769],[28.7038534,47.1292761],[28.7038531,47.1292758],[28.7038518,47.1292744],[28.7038516,47.1292742],[28.7038512,47.1292738],[28.7038509,47.1292732],[28.7038508,47.1292727],[28.7038514,47.1292718],[28.703854,47.1292687],[28.7038553,47.1292669],[28.7038563,47.1292649],[28.7038572,47.129263],[28.7038577,47.1292609],[28.7038577,47.1292609],[28.7038582,47.12926],[28.70386,47.129257],[28.7038615,47.129255],[28.7038628,47.1292527],[28.7038631,47.1292519],[28.7038633,47.1292514],[28.7038643,47.1292507],[28.7038645,47.1292506],[28.703867,47.1292488],[28.7038692,47.1292468],[28.703871,47.1292447],[28.7038726,47.1292424],[28.7038737,47.1292405],[28.7038748,47.1292384],[28.7038755,47.1292362],[28.7038759,47.1292341],[28.703876,47.1292319],[28.7038758,47.1292297],[28.7038753,47.1292275],[28.7038745,47.1292254],[28.7038733,47.1292233],[28.7038719,47.1292213],[28.7038702,47.1292194],[28.7038682,47.1292177],[28.703866,47.1292161],[28.7038636,47.1292146],[28.703861,47.1292133],[28.7038582,47.1292122],[28.7038553,47.1292113],[28.7038529,47.1292107],[28.7038525,47.1292106],[28.7038495,47.1292099],[28.7038463,47.1292094],[28.7038431,47.1292091],[28.7038399,47.129209],[28.7038366,47.1292092],[28.7038334,47.1292095],[28.7038303,47.1292101],[28.7038273,47.1292109],[28.7038244,47.1292118],[28.7038216,47.129213],[28.7038191,47.1292143],[28.7038167,47.1292158],[28.7038146,47.1292175],[28.7038127,47.1292193],[28.703811,47.1292212],[28.7038097,47.1292232],[28.7038065,47.1292287],[28.7038065,47.1292287],[28.7038069,47.1292277],[28.7038077,47.1292255],[28.7038081,47.1292233],[28.7038082,47.1292211],[28.703808,47.1292189],[28.7038075,47.1292167],[28.7038066,47.1292146],[28.7038055,47.1292125],[28.703804,47.1292105],[28.7038023,47.1292087],[28.7038003,47.1292069],[28.7037981,47.1292053],[28.7037957,47.1292038],[28.703793,47.1292025],[28.7037902,47.1292014],[28.7037873,47.1292005],[28.7037842,47.1291998],[28.703781,47.1291993],[28.7037778,47.129199],[28.7037745,47.129199],[28.7037713,47.1291991],[28.7037681,47.1291995],[28.703765,47.1292001],[28.7037619,47.1292009],[28.703759,47.1292019],[28.7037578,47.1292024],[28.7037551,47.1292035],[28.7037548,47.1292037],[28.7037543,47.1292039],[28.7037538,47.1292037],[28.7037529,47.1292032],[28.7037498,47.1292021],[28.7037495,47.129202],[28.7037493,47.1292019],[28.7037473,47.1292009],[28.703745,47.1291998],[28.7037448,47.1291997],[28.7037431,47.1291987],[28.7037404,47.1291974],[28.7037376,47.1291962],[28.7037346,47.1291952],[28.7037314,47.1291944],[28.7037282,47.1291939],[28.7037249,47.1291936],[28.7037215,47.1291935],[28.7037186,47.1291936],[28.7037186,47.1291936],[28.7037185,47.1291936],[28.7037165,47.1291926],[28.7037141,47.1291913],[28.7037137,47.129191],[28.7037112,47.1291896],[28.7037086,47.1291883],[28.7037058,47.1291872],[28.7037028,47.1291863],[28.7036997,47.1291856],[28.7036966,47.1291851],[28.7036934,47.1291848],[28.7036901,47.1291848],[28.7036869,47.1291849],[28.7036837,47.1291853],[28.7036806,47.1291859],[28.7036776,47.1291867],[28.7036747,47.1291877],[28.7036719,47.1291889],[28.7036694,47.1291902],[28.703667,47.1291917],[28.7036649,47.1291934],[28.703663,47.1291952],[28.7036614,47.1291971],[28.7036601,47.1291992],[28.7036601,47.1291992],[28.7036573,47.1292031],[28.7036565,47.129204],[28.7036556,47.1292047],[28.7036538,47.1292059],[28.7036526,47.1292065],[28.7036524,47.1292066],[28.7036502,47.1292071],[28.7036495,47.1292073],[28.7036475,47.1292078],[28.7036468,47.1292079],[28.7036435,47.1292084],[28.7036419,47.1292086],[28.7036389,47.1292091],[28.7036367,47.1292096],[28.7036357,47.1292092],[28.7036349,47.1292088],[28.7036349,47.1292085],[28.703635,47.1292079],[28.703635,47.1292057],[28.7036347,47.1292035],[28.703634,47.1292013],[28.7036331,47.1291992],[28.7036319,47.1291972],[28.7036304,47.1291953],[28.7036287,47.1291935],[28.7036266,47.1291917],[28.7036244,47.1291902],[28.7036219,47.1291888],[28.7036193,47.1291875],[28.7036165,47.1291865],[28.7036135,47.1291856],[28.7036105,47.129185],[28.7036073,47.1291845],[28.7036041,47.1291843],[28.7036009,47.1291842],[28.7035977,47.1291844],[28.7035946,47.1291848],[28.7035915,47.1291854],[28.7035885,47.1291862],[28.7035856,47.1291872],[28.7035829,47.1291884],[28.7035804,47.1291897],[28.7035781,47.1291913],[28.703576,47.1291929],[28.7035742,47.1291947],[28.7035719,47.1291972],[28.7035703,47.129199],[28.70357,47.1291996],[28.7035692,47.1292008],[28.703568,47.1292027],[28.703567,47.1292046],[28.7035664,47.1292066],[28.703566,47.1292087],[28.703566,47.1292094],[28.7035657,47.1292108],[28.7035653,47.1292118],[28.7035636,47.1292145],[28.703563,47.1292153],[28.7035622,47.129216],[28.7035598,47.1292179],[28.7035575,47.1292199],[28.7035555,47.1292221],[28.7035539,47.1292244],[28.7035526,47.1292266],[28.7035519,47.1292276],[28.7035503,47.1292279],[28.703549,47.1292281],[28.7035462,47.1292288],[28.703546,47.1292288],[28.7035446,47.129229],[28.7035433,47.1292283],[28.7035431,47.1292282],[28.7035422,47.1292275],[28.7035415,47.1292267],[28.7035396,47.1292248],[28.7035374,47.1292231],[28.7035351,47.1292215],[28.7035349,47.1292213],[28.7035324,47.1292193],[28.7035318,47.129219],[28.703531,47.1292183],[28.7035293,47.129217],[28.7035274,47.1292158],[28.7035269,47.1292156],[28.7035228,47.1292126],[28.703521,47.129211],[28.7035189,47.1292094],[28.703517,47.129208],[28.7035169,47.1292078],[28.7035163,47.1292055],[28.7035162,47.1292053],[28.7035162,47.1292053],[28.7035159,47.1292046],[28.7035154,47.1292033],[28.7035153,47.1292028],[28.7035153,47.1292026],[28.7035154,47.1291999],[28.7035154,47.1291981],[28.7035152,47.1291964],[28.703515,47.1291953],[28.7035138,47.1291574],[28.703514,47.129155],[28.7035141,47.1291529],[28.7035139,47.1291507],[28.7035139,47.1291505],[28.7035135,47.129148],[28.7035133,47.129143],[28.7035134,47.1291419],[28.7035139,47.1291408],[28.7035305,47.1291116],[28.703531,47.1291108],[28.7035323,47.1291088],[28.7035334,47.1291067],[28.7035335,47.1291063],[28.703536,47.1291018],[28.7035367,47.1291008],[28.7035377,47.1290987],[28.7035384,47.1290966],[28.7035388,47.1290944],[28.7035389,47.1290922],[28.7035387,47.12909],[28.7035382,47.1290879],[28.7035373,47.1290858],[28.7035362,47.1290837],[28.7035348,47.1290818],[28.7035331,47.1290799],[28.7035312,47.1290782],[28.703529,47.1290766],[28.7035266,47.1290751],[28.703524,47.1290739],[28.7035213,47.1290728],[28.7035184,47.1290718],[28.7035154,47.1290711],[28.7035123,47.1290706],[28.7035091,47.1290703],[28.7035059,47.1290702],[28.7035027,47.1290703],[28.7035004,47.1290705],[28.7034997,47.1290704],[28.7034981,47.1290704],[28.7034953,47.1290706],[28.7034697,47.129071],[28.7034672,47.1290709],[28.7034662,47.1290709],[28.7034651,47.1290709],[28.7034639,47.129071],[28.7034627,47.129071],[28.7034613,47.129071],[28.7034583,47.1290711],[28.7034348,47.1290715],[28.7034342,47.1290714],[28.7034311,47.1290714],[28.7034285,47.1290715],[28.7034268,47.1290715],[28.7034234,47.1290716],[28.7034229,47.1290716],[28.7034021,47.129072],[28.7034015,47.1290719],[28.7033986,47.1290719],[28.7033956,47.129072],[28.7033956,47.129072],[28.7033942,47.1290719],[28.7033908,47.1290721],[28.7033903,47.1290721],[28.703366,47.1290725],[28.703366,47.1290725],[28.7033631,47.1290724],[28.7033622,47.1290724],[28.7033605,47.1290725],[28.703358,47.1290725],[28.7033548,47.1290726],[28.7033543,47.1290727],[28.7033301,47.129073],[28.7033296,47.129073],[28.7033264,47.1290729],[28.7033241,47.129073],[28.7033221,47.129073],[28.7033188,47.1290732],[28.7033183,47.1290732],[28.7033173,47.1290732],[28.7033158,47.1290731],[28.7033145,47.1290725],[28.7033066,47.1290673],[28.7033037,47.1290656],[28.7033006,47.1290642],[28.7032992,47.1290636],[28.703299,47.1290635],[28.7032963,47.1290623],[28.7032933,47.1290613],[28.7032903,47.1290605],[28.7032871,47.1290599],[28.7032838,47.1290595],[28.7032806,47.1290594],[28.7032773,47.1290595],[28.7032738,47.1290596],[28.7032646,47.1290595],[28.7032613,47.1290596],[28.7032581,47.1290599],[28.7032549,47.1290604],[28.7032545,47.1290605],[28.7032529,47.1290606],[28.7032484,47.1290605],[28.7032453,47.1290605],[28.7032422,47.1290608],[28.7032393,47.1290612],[28.7032377,47.1290613],[28.7032329,47.1290612],[28.7032292,47.1290613],[28.7032256,47.1290617],[28.7032227,47.1290622],[28.7032222,47.1290622],[28.7032213,47.1290622],[28.7032189,47.1290622],[28.7032165,47.1290623],[28.7032142,47.1290623],[28.7032109,47.1290623],[28.7032076,47.1290626],[28.7032055,47.1290628],[28.703204,47.1290629],[28.7032029,47.1290622],[28.7031957,47.129057],[28.7031955,47.1290569],[28.7031929,47.1290548],[28.7031924,47.1290545],[28.7031916,47.1290539],[28.7031904,47.1290526],[28.7031885,47.1290509],[28.7031863,47.1290493],[28.7031834,47.1290474],[28.7031819,47.1290461],[28.7031818,47.129046],[28.7031798,47.1290442],[28.7031775,47.1290426],[28.7031748,47.1290408],[28.7031739,47.1290402],[28.7031732,47.1290394],[28.7031711,47.1290374],[28.7031686,47.1290355],[28.703168,47.1290352],[28.7031663,47.1290338],[28.7031657,47.1290332],[28.7031625,47.1290306],[28.703161,47.1290294],[28.7031459,47.1290184],[28.7031457,47.1290183],[28.7031431,47.1290162],[28.7031426,47.1290159],[28.7031416,47.1290151],[28.7031399,47.1290139],[28.7031381,47.1290127],[28.7031377,47.1290125],[28.7031261,47.129004],[28.703125,47.1290031],[28.7031241,47.1290021],[28.7031221,47.1290004],[28.7031203,47.1289991],[28.7031198,47.1289987],[28.7031176,47.1289971],[28.7031158,47.128996],[28.7031145,47.1289951],[28.703112,47.1289936],[28.7031116,47.1289934],[28.7031093,47.1289919],[28.7031075,47.1289905],[28.7031051,47.1289882],[28.7031035,47.1289869],[28.7031017,47.1289856],[28.7030941,47.1289804],[28.7030938,47.1289802],[28.7030915,47.1289785],[28.7030903,47.1289778],[28.7030884,47.1289764],[28.7030862,47.128975],[28.7030857,47.1289748],[28.7030857,47.1289747],[28.7030846,47.1289739],[28.7030835,47.1289727],[28.7030817,47.1289711],[28.7030797,47.1289696],[28.7030682,47.1289619],[28.7030679,47.1289617],[28.7030656,47.12896],[28.7030643,47.1289592],[28.7030626,47.1289579],[28.7030602,47.1289565],[28.7030598,47.1289563],[28.7030589,47.1289557],[28.7030574,47.1289545],[28.703057,47.128954],[28.703055,47.1289522],[28.7030527,47.1289504],[28.7030466,47.1289463],[28.7030456,47.1289455],[28.7030455,47.1289445],[28.7030454,47.1289416],[28.7030457,47.1289388],[28.7030459,47.1289367],[28.7030457,47.1289346],[28.7030453,47.1289325],[28.7030445,47.1289304],[28.7030435,47.1289284],[28.7030421,47.1289264],[28.7030406,47.1289246],[28.7030387,47.1289228],[28.7030367,47.1289212],[28.7030344,47.1289198],[28.7030319,47.1289184],[28.7030289,47.128917],[28.7030258,47.1289151],[28.7030237,47.1289139],[28.7030214,47.1289129],[28.7030194,47.1289121],[28.7030173,47.128911],[28.7030143,47.1289096],[28.7030092,47.1289074],[28.703006,47.1289056],[28.7030031,47.1289041],[28.7030001,47.128903],[28.7029988,47.1289024],[28.7029981,47.128902],[28.7029947,47.1289002],[28.7029926,47.1288992],[28.7029918,47.1288988],[28.7029893,47.1288976],[28.7029868,47.1288965],[28.7029861,47.1288963],[28.7029849,47.1288956],[28.7029824,47.1288943],[28.7029814,47.1288938],[28.7029812,47.1288937],[28.7029791,47.1288925],[28.7029767,47.1288914],[28.7029761,47.1288912],[28.702975,47.1288906],[28.7029728,47.1288897],[28.7029726,47.1288896],[28.7029708,47.1288885],[28.7029687,47.1288874],[28.7029664,47.1288864],[28.7029587,47.1288832],[28.7029568,47.1288821],[28.702954,47.1288807],[28.7029519,47.1288799],[28.7029503,47.128879],[28.7029495,47.1288785],[28.7029472,47.1288773],[28.7029472,47.1288773],[28.7029432,47.1288757],[28.7029426,47.1288755],[28.7029391,47.1288738],[28.7029372,47.1288724],[28.7029352,47.1288713],[28.702934,47.1288704],[28.7029315,47.1288689],[28.7029311,47.1288687],[28.7029235,47.1288638],[28.7029213,47.1288625],[28.7029189,47.1288614],[28.7029181,47.128861],[28.7029165,47.1288601],[28.7029124,47.1288573],[28.7029121,47.1288571],[28.7029097,47.1288552],[28.7029088,47.1288547],[28.7029084,47.1288543],[28.7029079,47.1288537],[28.7029079,47.1288537],[28.7029066,47.128852],[28.7029064,47.1288517],[28.7029061,47.1288503],[28.7029052,47.1288482],[28.7029041,47.1288462],[28.7029026,47.1288442],[28.7029009,47.1288424],[28.702899,47.1288406],[28.7028968,47.1288391],[28.7028944,47.1288376],[28.7028918,47.1288364],[28.702889,47.1288353],[28.7028861,47.1288344],[28.7028854,47.1288342],[28.7028851,47.1288341],[28.7028823,47.1288332],[28.7028806,47.1288328],[28.7028804,47.1288327],[28.7028799,47.1288317],[28.7028791,47.1288301],[28.7028789,47.1288298],[28.702878,47.1288273],[28.702877,47.1288252],[28.7028758,47.1288232],[28.7028744,47.1288213],[28.7028726,47.1288195],[28.7028706,47.1288178],[28.7028684,47.1288163],[28.702866,47.1288149],[28.7028633,47.1288136],[28.7028606,47.1288126],[28.7028577,47.1288117],[28.7028547,47.1288111],[28.7028516,47.1288106],[28.7028484,47.1288103],[28.7028452,47.1288103],[28.7028421,47.1288104],[28.702839,47.1288108],[28.7028359,47.1288114],[28.7028329,47.1288121],[28.7028301,47.1288131],[28.7028274,47.1288142],[28.7028249,47.1288155],[28.7028225,47.128817],[28.7028204,47.1288186],[28.7028196,47.1288193],[28.7028187,47.1288193],[28.7028186,47.1288192],[28.7028183,47.1288192],[28.7028175,47.128819],[28.7028169,47.1288188],[28.702816,47.1288184],[28.7028129,47.1288172],[28.7028126,47.1288171],[28.7028096,47.1288162],[28.7028096,47.1288162],[28.7028088,47.1288159],[28.7028081,47.1288156],[28.7028051,47.1288142],[28.7028032,47.1288135],[28.7028017,47.1288128],[28.7027997,47.1288118],[28.7027967,47.1288104],[28.7027936,47.1288093],[28.7027924,47.1288089],[28.7027898,47.1288075],[28.7027877,47.1288065],[28.7027854,47.1288056],[28.7027852,47.1288055],[28.7027823,47.1288046],[28.7027756,47.1288021],[28.7027742,47.1288014],[28.7027709,47.1288],[28.7027673,47.1287988],[28.702767,47.1287987],[28.7027665,47.1287985],[28.7027658,47.1287982],[28.7027632,47.1287969],[28.7027606,47.128796],[28.7027595,47.1287954],[28.7027583,47.1287947],[28.7027566,47.1287938],[28.7027564,47.1287936],[28.7027554,47.128793],[28.702755,47.1287927],[28.7027546,47.128791],[28.702754,47.1287889],[28.702753,47.1287868],[28.7027518,47.1287847],[28.7027503,47.1287827],[28.7027485,47.1287809],[28.7027464,47.1287792],[28.7027441,47.1287776],[28.7027416,47.1287762],[28.7027389,47.128775],[28.702736,47.1287739],[28.702733,47.1287731],[28.7027299,47.1287725],[28.7027267,47.128772],[28.7027235,47.1287718],[28.7027203,47.1287718],[28.702717,47.1287721],[28.7027139,47.1287725],[28.7027108,47.1287732],[28.7027099,47.1287734],[28.7027094,47.1287735],[28.7027092,47.1287735],[28.7027082,47.1287733],[28.7027069,47.1287731],[28.7027057,47.1287724],[28.702704,47.1287714],[28.7027013,47.1287702],[28.7026985,47.1287691],[28.7026955,47.1287683],[28.7026924,47.1287676],[28.7026892,47.1287672],[28.702686,47.1287669],[28.7026853,47.1287669],[28.7026828,47.1287655],[28.70268,47.1287642],[28.7026772,47.1287631],[28.7026736,47.1287619],[28.702671,47.1287612],[28.702671,47.1287611],[28.7026522,47.1287547],[28.7026508,47.1287541],[28.7026436,47.128751],[28.7026433,47.1287509],[28.7026422,47.1287504],[28.702639,47.1287492],[28.7026381,47.128749],[28.7026375,47.1287487],[28.7026372,47.1287485],[28.7026352,47.1287474],[28.7026345,47.128747],[28.7026343,47.1287466],[28.7026341,47.1287462],[28.7026329,47.1287441],[28.7026315,47.1287421],[28.7026298,47.1287402],[28.7026277,47.1287384],[28.7026255,47.1287368],[28.702623,47.1287354],[28.7026204,47.1287341],[28.7026175,47.128733],[28.7026145,47.1287321],[28.7026114,47.1287314],[28.7026082,47.1287309],[28.702605,47.1287307],[28.7026017,47.1287306],[28.7025985,47.1287308],[28.7025953,47.1287312],[28.7025921,47.1287318],[28.70259,47.1287323],[28.70259,47.1287323],[28.7025898,47.1287323],[28.7025871,47.1287322],[28.702587,47.128732],[28.7025865,47.1287312],[28.702586,47.1287304],[28.7025859,47.1287302],[28.7025859,47.1287299],[28.7025859,47.1287277],[28.7025857,47.1287255],[28.7025851,47.1287233],[28.7025842,47.1287212],[28.7025831,47.1287192],[28.7025816,47.1287172],[28.7025799,47.1287154],[28.7025779,47.1287137],[28.7025757,47.1287121],[28.7025732,47.1287107],[28.7025706,47.1287094],[28.7025678,47.1287083],[28.7025649,47.1287074],[28.7025619,47.1287068],[28.7025587,47.1287063],[28.7025556,47.128706],[28.7025524,47.1287059],[28.7025492,47.1287061],[28.702546,47.1287064],[28.7025429,47.128707],[28.7025399,47.1287078],[28.702537,47.1287087],[28.7025343,47.1287099],[28.7025318,47.1287112],[28.7025294,47.1287127],[28.7025273,47.1287143],[28.7025254,47.1287161],[28.7025238,47.128718],[28.7025238,47.128718],[28.7025223,47.1287202],[28.7025214,47.128722],[28.7025214,47.1287221],[28.7025204,47.1287225],[28.7025182,47.1287232],[28.7025158,47.1287242],[28.7025157,47.1287242],[28.7025134,47.1287241],[28.7025105,47.1287242],[28.7025099,47.1287243],[28.7025043,47.1287243],[28.7025026,47.1287241],[28.7025014,47.1287234],[28.7024952,47.1287187],[28.7024927,47.1287163],[28.7024908,47.1287147],[28.7024902,47.1287143],[28.7024886,47.128713],[28.7024879,47.1287115],[28.7024872,47.1287102],[28.702487,47.1287098],[28.702487,47.1287087],[28.7024871,47.128708],[28.7024876,47.1287066],[28.702488,47.1287044],[28.702488,47.1287022],[28.7024878,47.1287],[28.7024872,47.1286979],[28.7024863,47.1286957],[28.7024851,47.1286937],[28.7024836,47.1286917],[28.7024819,47.1286899],[28.7024799,47.1286881],[28.7024776,47.1286865],[28.7024752,47.1286851],[28.7024725,47.1286839],[28.7024697,47.1286828],[28.7024667,47.1286819],[28.7024636,47.1286812],[28.7024605,47.1286808],[28.7024573,47.1286805],[28.702454,47.1286805],[28.7024508,47.1286807],[28.7024476,47.128681],[28.7024445,47.1286816],[28.7024415,47.1286825],[28.7024386,47.1286835],[28.7024359,47.1286847],[28.7024334,47.128686],[28.702431,47.1286876],[28.7024289,47.1286892],[28.7024271,47.1286911],[28.7024255,47.128693],[28.7024243,47.128695],[28.7024235,47.1286954],[28.7024231,47.1286955],[28.7024227,47.1286957],[28.7024215,47.1286961],[28.7024205,47.1286964],[28.7024197,47.1286965],[28.7024166,47.1286965],[28.7024162,47.1286965],[28.7024147,47.1286962],[28.7023947,47.1286899],[28.7023924,47.1286891],[28.7023906,47.1286887],[28.7023885,47.128688],[28.7023855,47.1286873],[28.7023852,47.1286872],[28.7023839,47.1286867],[28.7023844,47.1286857],[28.7023852,47.1286842],[28.7023868,47.1286809],[28.7023909,47.1286744],[28.7023922,47.1286722],[28.702393,47.1286698],[28.7023931,47.1286696],[28.7023945,47.1286668],[28.702397,47.1286633],[28.7023984,47.128661],[28.7023994,47.1286587],[28.7023996,47.1286582],[28.7024002,47.128656],[28.7024005,47.1286537],[28.7024005,47.1286515],[28.7024001,47.1286492],[28.7023994,47.128647],[28.7023984,47.1286448],[28.702397,47.1286428],[28.7023954,47.1286408],[28.7023935,47.1286389],[28.7023913,47.1286372],[28.7023896,47.128636],[28.7023878,47.1286341],[28.702386,47.1286324],[28.7023839,47.1286307],[28.7023817,47.1286293],[28.7023793,47.1286279],[28.7023767,47.1286268],[28.7023764,47.1286267],[28.7023759,47.1286264],[28.7023738,47.1286244],[28.7023713,47.1286226],[28.7023652,47.1286185],[28.7023649,47.1286183],[28.7023626,47.1286166],[28.7023614,47.1286159],[28.7023606,47.1286153],[28.7023597,47.1286146],[28.7023561,47.1286117],[28.7023542,47.1286103],[28.7023405,47.128601],[28.7023394,47.1286001],[28.7023394,47.1285994],[28.7023395,47.1285991],[28.70234,47.1285979],[28.7023407,47.1285965],[28.7023414,47.1285943],[28.7023418,47.1285921],[28.7023419,47.1285899],[28.7023417,47.1285879],[28.7023417,47.1285879],[28.702342,47.128587],[28.7023428,47.1285849],[28.7023432,47.1285827],[28.7023433,47.1285805],[28.702343,47.1285783],[28.702343,47.1285779],[28.7023424,47.1285756],[28.7023415,47.1285733],[28.7023402,47.1285712],[28.7023386,47.1285691],[28.7023367,47.1285672],[28.7023345,47.1285654],[28.7023321,47.1285637],[28.7023294,47.1285623],[28.7023291,47.1285621],[28.7023262,47.1285604],[28.702324,47.1285592],[28.7023215,47.1285581],[28.7023193,47.1285573],[28.7023193,47.1285573],[28.7023193,47.1285573],[28.7023191,47.1285572],[28.7023161,47.1285559],[28.702312,47.1285536],[28.7023101,47.1285526],[28.702308,47.1285516],[28.7023031,47.1285496],[28.7023004,47.1285482],[28.7022976,47.1285468],[28.7022953,47.1285459],[28.7022937,47.128545],[28.7022905,47.1285435],[28.7022905,47.1285435],[28.7022856,47.128541],[28.7022824,47.1285395],[28.7022801,47.1285387],[28.7022786,47.128538],[28.7022755,47.1285362],[28.7022725,47.1285347],[28.7022693,47.1285335],[28.7022682,47.1285331],[28.702267,47.1285326],[28.7022653,47.1285316],[28.7022625,47.1285301],[28.7022594,47.1285288],[28.7022582,47.1285283],[28.7022473,47.1285232],[28.7022458,47.1285225],[28.7022448,47.1285218],[28.702242,47.1285204],[28.702239,47.1285191],[28.7022389,47.1285191],[28.7022368,47.1285182],[28.7022358,47.1285177],[28.7022336,47.1285165],[28.7022327,47.128516],[28.7022314,47.1285153],[28.7022312,47.1285152],[28.7022305,47.1285144],[28.7022294,47.1285133],[28.7022289,47.1285128],[28.7022293,47.1285117],[28.7022321,47.1285068],[28.7022332,47.1285047],[28.7022339,47.1285026],[28.7022343,47.1285004],[28.7022344,47.1284982],[28.7022342,47.128496],[28.7022337,47.1284938],[28.7022328,47.1284917],[28.7022317,47.1284896],[28.7022303,47.1284876],[28.7022285,47.1284858],[28.7022266,47.128484],[28.7022244,47.1284824],[28.7022219,47.128481],[28.7022193,47.1284797],[28.7022165,47.1284786],[28.7022136,47.1284777],[28.7021792,47.1284684],[28.702179,47.1284683],[28.702176,47.1284674],[28.7021745,47.128467],[28.7021741,47.1284669],[28.7021739,47.1284667],[28.7021724,47.1284652],[28.7021721,47.1284649],[28.7021716,47.1284644]],[[28.7037773,47.1285742],[28.7037769,47.1285749],[28.7037759,47.128577],[28.7037753,47.1285791],[28.7037749,47.1285813],[28.7037748,47.1285835],[28.7037751,47.1285856],[28.7037757,47.1285878],[28.7037765,47.1285899],[28.7037777,47.1285919],[28.7037791,47.1285939],[28.7037809,47.1285957],[28.7037828,47.1285974],[28.703785,47.128599],[28.7037875,47.1286004],[28.7037901,47.1286017],[28.7037929,47.1286028],[28.7037958,47.1286037],[28.7037988,47.1286044],[28.7038019,47.1286049],[28.7038051,47.1286051],[28.7038064,47.1286052],[28.7038097,47.1286053],[28.703813,47.1286051],[28.7038135,47.1286051],[28.7038384,47.1286047],[28.703839,47.1286048],[28.7038421,47.1286048],[28.7038446,47.1286047],[28.7038464,47.1286047],[28.7038497,47.1286046],[28.7038503,47.1286045],[28.7038562,47.1286045],[28.7038595,47.1286043],[28.7038626,47.1286039],[28.7038658,47.1286033],[28.7038688,47.1286026],[28.7038717,47.1286016],[28.7038744,47.1286004],[28.703877,47.128599],[28.7038793,47.1285975],[28.7038814,47.1285958],[28.7038833,47.128594],[28.7038849,47.1285921],[28.7038862,47.1285901],[28.7038982,47.128569],[28.7038989,47.1285681],[28.7038989,47.1285681],[28.7039007,47.1285663],[28.7039022,47.1285645],[28.7039035,47.1285625],[28.7039045,47.1285605],[28.7039052,47.1285584],[28.7039053,47.1285575],[28.7039059,47.1285562],[28.7039404,47.1284943],[28.703941,47.1284935],[28.7039417,47.1284927],[28.7039435,47.1284909],[28.703945,47.1284889],[28.7039462,47.1284868],[28.7039471,47.1284846],[28.7039477,47.1284824],[28.7039479,47.1284814],[28.7039482,47.1284809],[28.7039498,47.128479],[28.7039514,47.1284769],[28.7039527,47.1284748],[28.7039527,47.1284747],[28.7039544,47.1284723],[28.7039555,47.1284705],[28.7039564,47.1284685],[28.703957,47.1284667],[28.7039579,47.1284657],[28.7039582,47.1284655],[28.7039603,47.1284635],[28.7039622,47.1284614],[28.7039637,47.1284592],[28.7039654,47.1284561],[28.7039664,47.1284541],[28.7039671,47.1284521],[28.7039675,47.1284501],[28.7039678,47.1284478],[28.7039686,47.1284449],[28.7039691,47.1284438],[28.7039707,47.1284419],[28.7039721,47.1284399],[28.7039733,47.1284378],[28.7039736,47.1284371],[28.7039739,47.1284366],[28.7039752,47.1284351],[28.7039766,47.1284329],[28.7039778,47.1284306],[28.7039785,47.1284283],[28.7039787,47.1284274],[28.7039791,47.1284265],[28.7039802,47.1284248],[28.7039807,47.1284241],[28.7039819,47.1284219],[28.7039827,47.1284197],[28.7039828,47.1284195],[28.7039832,47.1284186],[28.7039854,47.1284155],[28.7039866,47.1284135],[28.7039876,47.1284114],[28.703988,47.1284101],[28.7039886,47.1284088],[28.704047,47.1283056],[28.7040479,47.1283045],[28.7040492,47.1283024],[28.7040499,47.1283009],[28.704079,47.1282492],[28.7040803,47.1282473],[28.7040814,47.1282453],[28.7040823,47.1282433],[28.7040825,47.128243],[28.7040845,47.1282393],[28.7040851,47.1282384],[28.7040862,47.1282366],[28.7040871,47.1282348],[28.7040872,47.1282347],[28.7040881,47.1282329],[28.7040893,47.1282313],[28.7040906,47.1282293],[28.7040917,47.1282273],[28.7040927,47.1282247],[28.7040997,47.1282124],[28.7040998,47.1282124],[28.704101,47.1282104],[28.704102,47.1282084],[28.7041022,47.1282081],[28.7041075,47.1281988],[28.7041079,47.1281983],[28.7041093,47.1281962],[28.7041104,47.128194],[28.7041109,47.1281926],[28.7041122,47.1281904],[28.7041126,47.1281899],[28.7041136,47.1281884],[28.7041145,47.1281869],[28.7041155,47.1281848],[28.7041168,47.1281829],[28.7041179,47.1281811],[28.7041188,47.1281794],[28.7041196,47.1281772],[28.7041233,47.1281708],[28.7041243,47.1281687],[28.7041251,47.1281665],[28.7041255,47.1281643],[28.7041256,47.1281621],[28.7041254,47.1281599],[28.7041248,47.1281578],[28.704124,47.1281556],[28.7041228,47.1281536],[28.7041214,47.1281516],[28.7041197,47.1281497],[28.7041177,47.128148],[28.7041154,47.1281464],[28.704113,47.1281449],[28.7041104,47.1281436],[28.7041076,47.1281425],[28.7041046,47.1281416],[28.7041015,47.1281409],[28.7040984,47.1281404],[28.7040952,47.1281402],[28.7040919,47.1281401],[28.7040887,47.1281403],[28.7040887,47.1281403],[28.7040782,47.1281404],[28.7040777,47.1281404],[28.7040765,47.1281404],[28.7040739,47.1281404],[28.7040734,47.1281404],[28.7040709,47.1281404],[28.7040677,47.1281405],[28.7040672,47.1281406],[28.7040436,47.1281409],[28.7040403,47.1281411],[28.704037,47.1281415],[28.7040337,47.1281421],[28.7040306,47.128143],[28.7040276,47.128144],[28.7040248,47.1281453],[28.7040222,47.1281467],[28.7040199,47.1281483],[28.7040178,47.1281501],[28.7040159,47.128152],[28.7040144,47.1281541],[28.7040131,47.1281562],[28.7040126,47.1281574],[28.7040118,47.128159],[28.7040113,47.1281598],[28.7040097,47.1281629],[28.7040095,47.1281633],[28.7039484,47.1282716],[28.7039481,47.128272],[28.7039466,47.1282742],[28.7039455,47.1282764],[28.7039452,47.128277],[28.7039333,47.1282983],[28.703933,47.1282987],[28.7039317,47.1283007],[28.7039307,47.1283028],[28.7039306,47.1283031],[28.7038804,47.128392],[28.7038799,47.1283927],[28.7038792,47.1283941],[28.7038779,47.1283961],[28.7038777,47.1283967],[28.7038774,47.1283973],[28.7038767,47.1283982],[28.7038761,47.1283986],[28.703874,47.1284001],[28.7038721,47.1284017],[28.7038704,47.1284034],[28.703869,47.1284052],[28.7038677,47.128407],[28.7038446,47.1284481],[28.7038435,47.1284502],[28.7038428,47.1284525],[28.7038424,47.1284547],[28.7038424,47.128457],[28.7038425,47.1284577],[28.7038425,47.1284579],[28.7038423,47.1284591],[28.7038418,47.1284602],[28.7038416,47.1284606],[28.7038406,47.1284618],[28.70384,47.1284624],[28.7038384,47.1284641],[28.7038371,47.1284659],[28.7038366,47.1284667],[28.7038356,47.1284685],[28.7038348,47.1284704],[28.7038342,47.1284723],[28.703834,47.1284737],[28.7038335,47.1284749],[28.7038329,47.1284761],[28.7038321,47.1284771],[28.7038306,47.1284795],[28.7038295,47.1284819],[28.7038287,47.1284834],[28.7038285,47.1284838],[28.7038274,47.1284855],[28.7038267,47.128487],[28.7038247,47.1284906],[28.7038242,47.1284915],[28.7038241,47.1284916],[28.7038026,47.1285295],[28.7038019,47.1285307],[28.7038008,47.1285329],[28.7038008,47.128533],[28.7037913,47.1285498],[28.7037913,47.1285498],[28.70379,47.1285518],[28.703789,47.1285538],[28.7037889,47.1285541],[28.7037885,47.1285547],[28.7037878,47.1285557],[28.7037874,47.1285561],[28.7037869,47.1285564],[28.7037847,47.1285582],[28.7037827,47.1285601],[28.7037811,47.1285621],[28.7037798,47.1285642],[28.7037788,47.1285664],[28.7037781,47.1285687],[28.7037778,47.128571],[28.7037777,47.1285732],[28.7037773,47.1285742]],[[28.7036662,47.1274584],[28.7036661,47.1274586],[28.7036656,47.1274608],[28.7036653,47.127463],[28.7036654,47.1274652],[28.7036658,47.1274674],[28.7036665,47.1274696],[28.7036676,47.1274717],[28.7036689,47.1274737],[28.7036705,47.1274757],[28.7036724,47.1274775],[28.7036745,47.1274791],[28.7036769,47.1274807],[28.7036795,47.127482],[28.7036823,47.1274832],[28.7036852,47.1274842],[28.7036882,47.127485],[28.7036914,47.1274855],[28.7036946,47.1274859],[28.7036979,47.127486],[28.7037011,47.127486],[28.7037043,47.1274857],[28.7037075,47.1274851],[28.7037106,47.1274844],[28.7037136,47.1274835],[28.7037164,47.1274823],[28.703719,47.127481],[28.7037214,47.1274795],[28.7037236,47.1274779],[28.7037256,47.1274761],[28.7037261,47.1274756],[28.7037262,47.1274755],[28.7037264,47.1274753],[28.7037265,47.1274752],[28.703728,47.1274735],[28.7037285,47.1274729],[28.70373,47.1274707],[28.7037312,47.1274685],[28.703732,47.1274662],[28.7037325,47.1274639],[28.7037325,47.1274639],[28.7037326,47.1274617],[28.7037324,47.1274595],[28.7037319,47.1274573],[28.7037311,47.1274552],[28.70373,47.1274531],[28.7037285,47.1274512],[28.7037269,47.1274493],[28.7037249,47.1274475],[28.7037227,47.1274459],[28.7037203,47.1274445],[28.7037177,47.1274432],[28.703715,47.1274421],[28.7037121,47.1274411],[28.703709,47.1274404],[28.7037059,47.1274399],[28.7037027,47.1274396],[28.7036995,47.1274395],[28.7036963,47.1274396],[28.7036931,47.1274399],[28.70369,47.1274405],[28.703687,47.1274412],[28.7036841,47.1274422],[28.7036813,47.1274433],[28.7036787,47.1274446],[28.7036764,47.1274461],[28.7036742,47.1274477],[28.7036723,47.1274495],[28.7036714,47.1274505],[28.703671,47.1274509],[28.7036694,47.1274526],[28.7036681,47.1274545],[28.703667,47.1274564],[28.7036662,47.1274584]],[[28.7035855,47.127608],[28.7035855,47.1276094],[28.7035859,47.1276116],[28.7035866,47.1276137],[28.7035875,47.1276158],[28.7035888,47.1276178],[28.7035903,47.1276197],[28.7035921,47.1276215],[28.7035942,47.1276231],[28.7035965,47.1276247],[28.7035989,47.127626],[28.7036016,47.1276272],[28.7036044,47.1276282],[28.7036073,47.1276291],[28.7036104,47.1276297],[28.7036135,47.1276301],[28.7036167,47.1276303],[28.7036199,47.1276304],[28.703623,47.1276302],[28.7036261,47.1276297],[28.7036292,47.1276291],[28.7036321,47.1276283],[28.703635,47.1276273],[28.7036376,47.1276261],[28.7036401,47.1276248],[28.7036424,47.1276233],[28.7036445,47.1276216],[28.7036463,47.1276198],[28.7036479,47.1276179],[28.7036491,47.127616],[28.7036538,47.1276077],[28.7036548,47.1276056],[28.7036555,47.1276035],[28.7036559,47.1276014],[28.703656,47.1275992],[28.703656,47.1275982],[28.7036557,47.127596],[28.7036552,47.1275939],[28.7036544,47.1275918],[28.7036533,47.1275898],[28.7036519,47.1275878],[28.7036502,47.127586],[28.7036483,47.1275842],[28.7036462,47.1275826],[28.7036457,47.1275823],[28.7036486,47.1275821],[28.7036518,47.1275817],[28.7036549,47.1275811],[28.7036579,47.1275802],[28.7036608,47.1275792],[28.7036635,47.1275779],[28.703666,47.1275765],[28.7036683,47.127575],[28.7036704,47.1275732],[28.7036722,47.1275714],[28.7036723,47.1275712],[28.7036739,47.1275692],[28.7036751,47.127567],[28.7036761,47.1275648],[28.7036761,47.1275646],[28.7036767,47.1275625],[28.703677,47.1275603],[28.7036769,47.1275581],[28.7036766,47.127556],[28.7036759,47.1275538],[28.7036749,47.1275517],[28.7036737,47.1275497],[28.7036722,47.1275478],[28.7036704,47.127546],[28.7036683,47.1275443],[28.703666,47.1275428],[28.7036636,47.1275414],[28.7036609,47.1275402],[28.7036581,47.1275392],[28.7036551,47.1275384],[28.7036521,47.1275377],[28.7036489,47.1275373],[28.7036458,47.1275371],[28.7036426,47.1275371],[28.7036394,47.1275373],[28.7036363,47.1275377],[28.7036332,47.1275383],[28.7036302,47.1275391],[28.7036274,47.1275401],[28.7036247,47.1275413],[28.7036222,47.1275427],[28.7036199,47.1275442],[28.7036179,47.1275459],[28.7036161,47.1275477],[28.7036145,47.1275496],[28.7036132,47.1275516],[28.703613,47.1275519],[28.703612,47.127554],[28.7036113,47.1275562],[28.703611,47.1275584],[28.7036109,47.1275606],[28.7036112,47.1275628],[28.7036118,47.127565],[28.7036127,47.1275672],[28.7036139,47.1275692],[28.7036154,47.1275712],[28.7036171,47.1275731],[28.7036192,47.1275748],[28.7036212,47.1275762],[28.7036201,47.1275762],[28.703617,47.1275765],[28.7036139,47.127577],[28.7036109,47.1275777],[28.703608,47.1275786],[28.7036053,47.1275797],[28.7036027,47.127581],[28.7036003,47.1275824],[28.7035991,47.1275831],[28.7035971,47.1275846],[28.7035953,47.1275861],[28.7035936,47.1275878],[28.7035922,47.1275896],[28.7035911,47.1275914],[28.7035875,47.1275979],[28.7035865,47.1275998],[28.7035859,47.1276018],[28.7035855,47.1276039],[28.7035853,47.1276059],[28.7035855,47.127608],[28.7035855,47.127608]],[[28.703293,47.1285697],[28.703293,47.1285698],[28.7032914,47.1285719],[28.7032902,47.128574],[28.7032893,47.1285762],[28.7032892,47.1285766],[28.7032879,47.128579],[28.7032869,47.1285804],[28.7032857,47.1285824],[28.7032848,47.1285845],[28.7032841,47.1285866],[28.7032838,47.1285888],[28.7032838,47.128591],[28.7032841,47.1285931],[28.7032847,47.1285953],[28.7032856,47.1285974],[28.7032868,47.1285994],[28.7032883,47.1286013],[28.70329,47.1286031],[28.703292,47.1286048],[28.7032942,47.1286064],[28.7032966,47.1286078],[28.7032993,47.1286091],[28.703302,47.1286101],[28.703305,47.128611],[28.703308,47.1286117],[28.7033111,47.1286121],[28.7033143,47.1286124],[28.7033175,47.1286125],[28.703333,47.1286122],[28.7033336,47.1286123],[28.7033367,47.1286123],[28.7033392,47.1286122],[28.703341,47.1286123],[28.7033443,47.1286121],[28.7033448,47.1286121],[28.7033506,47.128612],[28.703354,47.1286118],[28.7033573,47.1286114],[28.7033605,47.1286108],[28.7033636,47.12861],[28.7033666,47.1286089],[28.7033694,47.1286077],[28.703372,47.1286062],[28.7033743,47.1286046],[28.7033764,47.1286028],[28.7033783,47.1286009],[28.7033798,47.1285989],[28.7033811,47.1285968],[28.703382,47.1285946],[28.7033826,47.1285924],[28.7033828,47.1285915],[28.7033835,47.1285906],[28.7033848,47.1285889],[28.7033858,47.128587],[28.7033866,47.1285851],[28.7033869,47.1285843],[28.7033892,47.1285799],[28.7033899,47.1285789],[28.703392,47.128577],[28.7033939,47.1285752],[28.7033955,47.1285732],[28.7033968,47.1285711],[28.7033978,47.128569],[28.7033985,47.1285668],[28.7033989,47.1285646],[28.703399,47.1285629],[28.7033994,47.1285619],[28.7033998,47.1285611],[28.703402,47.128558],[28.703403,47.1285564],[28.7034038,47.1285552],[28.7034046,47.1285535],[28.7034052,47.1285521],[28.7034054,47.1285517],[28.7034058,47.1285512],[28.7034071,47.1285493],[28.7034081,47.1285474],[28.7034087,47.1285459],[28.7034133,47.1285379],[28.7034135,47.1285377],[28.7034148,47.1285356],[28.7034158,47.1285335],[28.7034166,47.1285314],[28.7034183,47.1285285],[28.7034191,47.1285274],[28.7034203,47.1285255],[28.7034212,47.1285235],[28.7034216,47.1285226],[28.7034254,47.1285159],[28.7034264,47.1285146],[28.7034278,47.1285124],[28.7034289,47.1285102],[28.7034289,47.12851],[28.7034297,47.1285084],[28.7034321,47.128505],[28.7034331,47.1285032],[28.7034339,47.1285014],[28.7034347,47.1284994],[28.7034448,47.1284815],[28.7034452,47.1284811],[28.7034468,47.1284788],[28.7034481,47.1284763],[28.7034487,47.1284748],[28.7034729,47.128432],[28.7034735,47.1284311],[28.7034747,47.1284301],[28.7034764,47.1284284],[28.7034779,47.1284266],[28.7034791,47.1284247],[28.7034801,47.1284227],[28.7034808,47.1284207],[28.7034812,47.1284187],[28.7034814,47.1284175],[28.7034817,47.1284165],[28.7034818,47.1284164],[28.7034842,47.1284132],[28.7034854,47.1284114],[28.7034863,47.1284095],[28.7034875,47.1284068],[28.7034883,47.1284046],[28.7034888,47.1284024],[28.7034889,47.1284002],[28.7034887,47.1283979],[28.7034882,47.1283957],[28.7034874,47.1283935],[28.7034862,47.1283914],[28.7034848,47.1283894],[28.703483,47.1283875],[28.703481,47.1283857],[28.7034787,47.1283841],[28.7034763,47.1283826],[28.7034736,47.1283813],[28.703471,47.1283803],[28.703471,47.1283803],[28.7034702,47.1283787],[28.703469,47.1283767],[28.7034676,47.1283747],[28.7034658,47.1283729],[28.7034639,47.1283711],[28.7034616,47.1283695],[28.7034592,47.1283681],[28.7034565,47.1283668],[28.7034537,47.1283657],[28.703452,47.1283652],[28.7034511,47.1283649],[28.7034481,47.128364],[28.703445,47.1283634],[28.7034439,47.1283631],[28.7034407,47.1283627],[28.7034375,47.1283624],[28.7034343,47.1283624],[28.7034311,47.1283625],[28.7034279,47.1283629],[28.7034248,47.1283635],[28.7034218,47.1283643],[28.703419,47.1283653],[28.7034162,47.1283665],[28.7034137,47.1283678],[28.7034114,47.1283693],[28.7034093,47.128371],[28.7034074,47.1283728],[28.7034058,47.1283747],[28.7034045,47.1283767],[28.7034035,47.1283787],[28.7034023,47.1283808],[28.7034015,47.1283819],[28.7034012,47.1283821],[28.7034005,47.1283825],[28.7033984,47.128384],[28.7033964,47.1283856],[28.7033947,47.1283873],[28.7033932,47.128389],[28.703392,47.1283909],[28.7033902,47.1283939],[28.7033892,47.1283961],[28.7033884,47.1283983],[28.703388,47.1284005],[28.7033879,47.1284028],[28.703388,47.1284047],[28.703388,47.128405],[28.7033878,47.1284058],[28.7033875,47.1284066],[28.7033494,47.1284725],[28.7033481,47.1284743],[28.7033481,47.1284743],[28.7033464,47.1284763],[28.7033451,47.1284785],[28.7033441,47.1284807],[28.7033436,47.1284821],[28.7033425,47.1284842],[28.7033392,47.128489],[28.703338,47.128491],[28.7033306,47.128505],[28.7033293,47.1285069],[28.7033281,47.128509],[28.7033277,47.1285098],[28.7033273,47.1285105],[28.7033268,47.128511],[28.7033255,47.1285128],[28.7033244,47.1285147],[28.7033236,47.1285166],[28.7033236,47.1285168],[28.7033228,47.1285183],[28.7033218,47.1285196],[28.7033205,47.1285217],[28.7033194,47.1285239],[28.7033188,47.1285254],[28.7033179,47.1285271],[28.7033164,47.128529],[28.703315,47.1285308],[28.7033136,47.1285331],[28.7033126,47.1285354],[28.7033122,47.1285367],[28.7033117,47.1285376],[28.7033101,47.1285397],[28.7033088,47.1285416],[28.7033078,47.1285435],[28.7033075,47.1285443],[28.7033064,47.1285468],[28.703305,47.1285492],[28.7033033,47.1285515],[28.7033021,47.1285534],[28.7033011,47.1285555],[28.7033008,47.1285564],[28.7033004,47.128557],[28.7032999,47.1285576],[28.7032986,47.1285595],[28.7032976,47.1285615],[28.7032968,47.1285635],[28.7032941,47.1285683],[28.703293,47.1285697]],[[28.7031655,47.1282868],[28.7031655,47.1282869],[28.7031657,47.1282891],[28.7031662,47.1282913],[28.7031671,47.1282934],[28.7031682,47.1282955],[28.7031697,47.1282975],[28.7031714,47.1282994],[28.7031734,47.1283011],[28.7031756,47.1283027],[28.703178,47.1283042],[28.7031807,47.1283054],[28.7031835,47.1283065],[28.7031865,47.1283074],[28.7031895,47.1283081],[28.7031927,47.1283086],[28.7031959,47.1283089],[28.7031991,47.128309],[28.7032024,47.1283088],[28.7032056,47.1283084],[28.7032087,47.1283079],[28.7032117,47.1283071],[28.7032146,47.1283061],[28.7032174,47.1283049],[28.7032199,47.1283035],[28.7032223,47.128302],[28.7032244,47.1283003],[28.7032263,47.1282985],[28.7032279,47.1282966],[28.7032292,47.1282946],[28.7032298,47.1282934],[28.7032308,47.1282914],[28.7032315,47.1282893],[28.7032318,47.1282882],[28.7032321,47.1282875],[28.703233,47.1282851],[28.7032335,47.1282826],[28.7032335,47.1282826],[28.7032337,47.1282824],[28.7032354,47.1282807],[28.7032369,47.1282788],[28.7032381,47.1282769],[28.703239,47.1282749],[28.7032397,47.1282728],[28.7032401,47.1282707],[28.7032403,47.128269],[28.7032403,47.1282677],[28.7032421,47.1282664],[28.7032441,47.1282647],[28.7032458,47.1282628],[28.7032486,47.1282594],[28.7032498,47.128258],[28.7032507,47.1282564],[28.7032556,47.1282478],[28.7032566,47.1282457],[28.7032573,47.1282436],[28.7032577,47.1282414],[28.7032578,47.1282403],[28.7032584,47.1282385],[28.7032588,47.1282363],[28.7032589,47.1282341],[28.7032587,47.1282319],[28.7032581,47.1282297],[28.7032573,47.1282276],[28.7032561,47.1282256],[28.7032547,47.1282236],[28.703253,47.1282218],[28.703251,47.12822],[28.7032488,47.1282184],[28.7032464,47.128217],[28.7032437,47.1282157],[28.7032409,47.1282146],[28.703238,47.1282137],[28.703235,47.128213],[28.7032318,47.1282125],[28.7032287,47.1282122],[28.7032254,47.1282122],[28.7032222,47.1282123],[28.7032191,47.1282127],[28.7032159,47.1282132],[28.7032129,47.128214],[28.7032101,47.128215],[28.7032073,47.1282161],[28.7032048,47.1282174],[28.7032024,47.1282189],[28.7032003,47.1282206],[28.7031984,47.1282224],[28.7031968,47.1282243],[28.7031962,47.128225],[28.7031947,47.1282273],[28.7031906,47.1282346],[28.7031895,47.1282368],[28.7031891,47.1282381],[28.7031886,47.1282394],[28.7031874,47.128241],[28.7031864,47.1282429],[28.7031856,47.1282449],[28.703185,47.1282469],[28.7031844,47.1282491],[28.7031842,47.1282513],[28.7031842,47.1282513],[28.7031836,47.1282517],[28.7031814,47.1282534],[28.7031796,47.1282552],[28.703178,47.1282572],[28.7031767,47.1282592],[28.7031748,47.1282624],[28.7031738,47.1282645],[28.7031731,47.1282667],[28.7031731,47.1282668],[28.703173,47.1282669],[28.7031714,47.1282688],[28.7031701,47.1282708],[28.7031674,47.1282756],[28.7031664,47.1282777],[28.7031657,47.1282798],[28.7031653,47.1282819],[28.7031652,47.1282841],[28.7031654,47.1282862],[28.7031655,47.1282868]],[[28.7028236,47.1285788],[28.7028215,47.1285798],[28.702819,47.1285811],[28.7028167,47.1285827],[28.7028147,47.1285844],[28.7028129,47.1285862],[28.7028114,47.1285881],[28.7028101,47.1285901],[28.7028084,47.1285932],[28.7028075,47.1285953],[28.7028068,47.1285974],[28.7028065,47.1285996],[28.7028065,47.1286018],[28.7028067,47.1286039],[28.7028073,47.1286061],[28.7028082,47.1286082],[28.7028093,47.1286102],[28.7028108,47.1286121],[28.7028125,47.128614],[28.7028144,47.1286157],[28.7028166,47.1286173],[28.702819,47.1286187],[28.7028216,47.12862],[28.7028243,47.1286213],[28.7028272,47.1286225],[28.7028303,47.1286234],[28.7028334,47.1286241],[28.7028367,47.1286245],[28.70284,47.1286248],[28.7028434,47.1286248],[28.7028467,47.1286246],[28.70285,47.1286242],[28.7028532,47.1286235],[28.7028562,47.1286226],[28.7028592,47.1286215],[28.7028619,47.1286202],[28.7028636,47.1286193],[28.7028648,47.1286193],[28.7028665,47.1286193],[28.7028692,47.1286192],[28.7028695,47.1286191],[28.7028785,47.128619],[28.7028817,47.1286188],[28.7028849,47.1286185],[28.702888,47.1286179],[28.702891,47.1286171],[28.7028939,47.1286161],[28.7028966,47.128615],[28.7028992,47.1286136],[28.7029015,47.1286121],[28.7029036,47.1286104],[28.7029055,47.1286086],[28.7029071,47.1286067],[28.7029084,47.1286047],[28.7029246,47.1285765],[28.7029257,47.1285743],[28.7029264,47.1285721],[28.7029268,47.1285698],[28.7029269,47.1285675],[28.7029267,47.1285661],[28.7029267,47.1285659],[28.7029271,47.1285653],[28.7029274,47.1285651],[28.702929,47.1285633],[28.7029304,47.1285615],[28.7029315,47.1285596],[28.7029324,47.1285576],[28.702933,47.1285556],[28.7029332,47.1285539],[28.7029337,47.1285528],[28.7029338,47.1285527],[28.7029351,47.1285507],[28.7029363,47.1285489],[28.7029372,47.1285474],[28.7029381,47.1285462],[28.7029391,47.1285443],[28.7029411,47.1285401],[28.7029426,47.1285377],[28.7029439,47.1285352],[28.702944,47.1285349],[28.7029446,47.1285339],[28.7029455,47.1285328],[28.7029459,47.1285324],[28.702948,47.1285306],[28.7029497,47.1285287],[28.7029511,47.1285266],[28.7029523,47.1285245],[28.7029531,47.1285223],[28.7029536,47.1285201],[28.7029539,47.128518],[28.7029543,47.128517],[28.7029584,47.1285098],[28.7029595,47.1285084],[28.7029598,47.1285081],[28.7029616,47.1285061],[28.702963,47.128504],[28.7029641,47.1285019],[28.7029649,47.1284997],[28.702965,47.1284994],[28.7029652,47.128499],[28.7029653,47.1284988],[28.702967,47.1284974],[28.702969,47.1284951],[28.702969,47.1284951],[28.7029698,47.1284944],[28.702971,47.1284932],[28.7029726,47.1284915],[28.7029739,47.1284897],[28.702975,47.1284878],[28.7029758,47.1284858],[28.7029764,47.128484],[28.702977,47.128482],[28.7029773,47.1284799],[28.7029773,47.1284778],[28.7029773,47.1284776],[28.7029773,47.1284772],[28.7029777,47.1284761],[28.7029799,47.1284722],[28.7029808,47.128471],[28.7029822,47.1284689],[28.7029833,47.1284667],[28.7029834,47.1284666],[28.7030184,47.1284053],[28.7030191,47.1284044],[28.7030197,47.128404],[28.703022,47.1284025],[28.703024,47.1284009],[28.7030258,47.1283992],[28.7030273,47.1283973],[28.7030286,47.1283954],[28.7030302,47.1283925],[28.7030313,47.1283903],[28.703032,47.1283882],[28.7030324,47.128386],[28.7030325,47.1283846],[28.7030327,47.128383],[28.7030327,47.1283829],[28.7030338,47.1283816],[28.7030349,47.1283796],[28.7030358,47.1283777],[28.703036,47.1283772],[28.7030374,47.1283752],[28.7030387,47.1283731],[28.7030397,47.1283708],[28.7030403,47.1283685],[28.7030407,47.1283667],[28.7030411,47.1283657],[28.7030411,47.1283657],[28.7030419,47.1283647],[28.7030422,47.1283645],[28.703043,47.128364],[28.7030451,47.1283626],[28.703047,47.128361],[28.7030487,47.1283593],[28.7030501,47.1283575],[28.7030513,47.1283557],[28.7030602,47.1283402],[28.7030613,47.128338],[28.703062,47.1283358],[28.7030624,47.1283335],[28.7030625,47.1283312],[28.7030622,47.1283293],[28.7030623,47.1283292],[28.7030627,47.1283281],[28.7030637,47.1283263],[28.7030644,47.1283254],[28.7030652,47.1283249],[28.7030674,47.1283234],[28.7030694,47.1283218],[28.7030711,47.1283201],[28.7030727,47.1283183],[28.7030739,47.1283164],[28.7030761,47.1283125],[28.7030772,47.1283104],[28.7030779,47.1283082],[28.7030783,47.128306],[28.7030783,47.1283055],[28.7030786,47.1283028],[28.7030786,47.1283027],[28.7030788,47.1283018],[28.7030788,47.1283018],[28.7030791,47.1282997],[28.7030795,47.1282988],[28.7030813,47.1282958],[28.7030823,47.1282936],[28.7030831,47.1282915],[28.7030835,47.1282893],[28.7030836,47.128287],[28.7030834,47.1282848],[28.7030828,47.1282826],[28.703082,47.1282804],[28.7030808,47.1282784],[28.7030794,47.1282764],[28.7030776,47.1282745],[28.7030756,47.1282727],[28.7030733,47.1282711],[28.7030709,47.1282697],[28.7030688,47.1282687],[28.7030677,47.1282681],[28.7030675,47.1282678],[28.7030668,47.1282666],[28.7030667,47.1282662],[28.703066,47.128264],[28.7030649,47.1282619],[28.7030636,47.1282599],[28.7030619,47.1282579],[28.70306,47.1282561],[28.7030578,47.1282544],[28.7030554,47.1282529],[28.7030528,47.1282515],[28.70305,47.1282503],[28.703047,47.1282494],[28.7030439,47.1282486],[28.7030407,47.1282481],[28.7030374,47.1282477],[28.7030341,47.1282476],[28.7030308,47.1282478],[28.7030276,47.1282481],[28.7030244,47.1282487],[28.7030213,47.1282494],[28.7030183,47.1282504],[28.7030155,47.1282516],[28.7030129,47.128253],[28.7030105,47.1282545],[28.7030084,47.1282562],[28.7030064,47.1282581],[28.7030048,47.12826],[28.7030035,47.1282621],[28.7030007,47.128267],[28.7030001,47.1282679],[28.7029988,47.1282699],[28.7029978,47.1282718],[28.7029965,47.1282736],[28.7029949,47.1282761],[28.7029872,47.1282907],[28.7029863,47.1282921],[28.7029855,47.1282937],[28.7029832,47.1282978],[28.7029826,47.1282986],[28.7029813,47.1283006],[28.7029803,47.1283027],[28.7029799,47.1283039],[28.7029215,47.1284072],[28.7029212,47.1284076],[28.7029199,47.1284096],[28.7029189,47.1284117],[28.7029187,47.128412],[28.7029156,47.1284176],[28.7029152,47.1284181],[28.7029139,47.1284201],[28.7029132,47.1284215],[28.7029121,47.1284235],[28.7029101,47.1284263],[28.7029088,47.1284282],[28.7029079,47.1284302],[28.7029077,47.1284307],[28.7029066,47.1284335],[28.7028967,47.128451],[28.7028958,47.1284523],[28.7028946,47.1284543],[28.702894,47.1284554],[28.7028929,47.128457],[28.7028916,47.1284592],[28.7028906,47.1284614],[28.7028905,47.1284615],[28.7028898,47.1284631],[28.7028768,47.1284855],[28.7028756,47.1284871],[28.7028742,47.1284894],[28.7028731,47.1284917],[28.7028725,47.1284936],[28.7028721,47.1284946],[28.7028361,47.128558],[28.7028355,47.1285589],[28.7028344,47.128561],[28.7028342,47.1285615],[28.7028303,47.1285681],[28.7028287,47.1285703],[28.7028272,47.1285726],[28.7028261,47.128575],[28.7028258,47.1285762],[28.7028253,47.1285773],[28.7028247,47.1285781],[28.7028236,47.1285788]],[[28.7028101,47.1282683],[28.7028101,47.1282684],[28.70281,47.1282706],[28.7028101,47.1282731],[28.7028103,47.1282753],[28.7028107,47.1282772],[28.7028112,47.1282794],[28.7028121,47.1282816],[28.7028132,47.1282836],[28.7028147,47.1282856],[28.7028164,47.1282875],[28.7028184,47.1282892],[28.7028207,47.1282908],[28.7028231,47.1282923],[28.7028258,47.1282936],[28.7028286,47.1282947],[28.7028316,47.1282956],[28.7028346,47.1282962],[28.7028378,47.1282967],[28.7028396,47.1282969],[28.7028377,47.1282971],[28.7028345,47.1282977],[28.7028315,47.1282985],[28.7028286,47.1282995],[28.7028259,47.1283006],[28.7028234,47.128302],[28.702821,47.1283035],[28.7028189,47.1283052],[28.702817,47.128307],[28.7028154,47.1283089],[28.7028141,47.1283109],[28.7028131,47.128313],[28.7028124,47.1283151],[28.702812,47.1283173],[28.7028119,47.1283195],[28.7028122,47.1283301],[28.702812,47.1283323],[28.7028119,47.1283344],[28.7028121,47.1283365],[28.7028123,47.1283381],[28.7028122,47.1283404],[28.7028123,47.1283427],[28.7028125,47.1283449],[28.7028126,47.1283451],[28.7028131,47.1283473],[28.702814,47.1283494],[28.7028151,47.1283515],[28.7028166,47.1283535],[28.7028183,47.1283553],[28.7028203,47.1283571],[28.7028225,47.1283587],[28.702825,47.1283601],[28.7028276,47.1283614],[28.7028304,47.1283625],[28.7028334,47.1283634],[28.7028364,47.1283641],[28.7028396,47.1283646],[28.7028428,47.1283649],[28.702846,47.1283649],[28.7028492,47.1283648],[28.7028524,47.1283644],[28.7028555,47.1283638],[28.7028586,47.128363],[28.7028615,47.1283621],[28.7028642,47.1283609],[28.7028668,47.1283595],[28.7028691,47.128358],[28.7028712,47.1283564],[28.7028731,47.1283546],[28.7028747,47.1283526],[28.702876,47.1283506],[28.7028872,47.1283311],[28.7028882,47.128329],[28.7028889,47.1283269],[28.7028893,47.1283247],[28.7028894,47.1283225],[28.7028892,47.1283203],[28.7028886,47.1283181],[28.7028878,47.1283159],[28.7028866,47.1283139],[28.7028852,47.1283119],[28.7028834,47.12831],[28.7028814,47.1283083],[28.7028792,47.1283067],[28.7028768,47.1283052],[28.7028741,47.128304],[28.7028713,47.1283029],[28.7028683,47.128302],[28.7028673,47.1283017],[28.7028652,47.1283011],[28.7028647,47.128301],[28.7028638,47.1283007],[28.7028625,47.1283],[28.7028597,47.128299],[28.7028567,47.1282981],[28.7028536,47.1282974],[28.7028505,47.1282969],[28.7028486,47.1282967],[28.7028507,47.1282965],[28.7028538,47.1282959],[28.7028569,47.1282951],[28.7028598,47.1282941],[28.7028625,47.1282929],[28.702865,47.1282915],[28.7028674,47.12829],[28.7028695,47.1282883],[28.7028713,47.1282865],[28.7028729,47.1282845],[28.7028732,47.1282841],[28.7028742,47.1282827],[28.7028754,47.1282808],[28.7028764,47.1282788],[28.7028765,47.1282786],[28.7028947,47.1282462],[28.7028952,47.1282456],[28.7028963,47.1282438],[28.7028972,47.1282419],[28.7028974,47.1282416],[28.702909,47.1282209],[28.7029109,47.1282184],[28.702912,47.1282168],[28.7029129,47.128215],[28.7029143,47.1282119],[28.7029181,47.1282065],[28.7029192,47.1282047],[28.7029201,47.1282027],[28.7029207,47.1282009],[28.7029215,47.1281996],[28.7029223,47.128198],[28.7029227,47.1281969],[28.7029234,47.1281959],[28.7029238,47.1281953],[28.7029254,47.1281931],[28.7029265,47.1281907],[28.7029273,47.1281888],[28.7029275,47.1281884],[28.7029285,47.1281863],[28.7029292,47.1281842],[28.7029295,47.128182],[28.7029296,47.1281798],[28.7029293,47.1281776],[28.7029287,47.1281754],[28.7029279,47.1281733],[28.7029267,47.1281713],[28.7029252,47.1281693],[28.7029235,47.1281675],[28.7029215,47.1281657],[28.7029193,47.1281642],[28.7029169,47.1281627],[28.7029142,47.1281615],[28.7029114,47.1281604],[28.7029085,47.1281595],[28.7029055,47.1281588],[28.7029023,47.1281583],[28.7028991,47.1281581],[28.7028959,47.128158],[28.7028806,47.1281582],[28.7028804,47.1281582],[28.7028757,47.1281582],[28.7028748,47.1281582],[28.7028725,47.1281582],[28.7028693,47.1281584],[28.7028688,47.1281584],[28.7028641,47.1281585],[28.7028609,47.1281586],[28.7028577,47.128159],[28.7028546,47.1281596],[28.7028516,47.1281604],[28.7028487,47.1281613],[28.702846,47.1281625],[28.7028435,47.1281638],[28.7028411,47.1281653],[28.702839,47.128167],[28.7028371,47.1281688],[28.7028355,47.1281707],[28.7028342,47.1281727],[28.7028324,47.1281759],[28.7028315,47.1281776],[28.7028308,47.1281794],[28.7028305,47.1281807],[28.7028303,47.1281809],[28.7028293,47.1281823],[28.7028281,47.1281845],[28.7028273,47.1281866],[28.702827,47.1281876],[28.7028267,47.1281881],[28.7028264,47.1281883],[28.7028249,47.1281905],[28.7028237,47.1281928],[28.7028235,47.1281931],[28.7028235,47.1281931],[28.7028222,47.1281964],[28.7028209,47.1281986],[28.7028203,47.1281993],[28.702819,47.1282013],[28.702818,47.1282034],[28.7028178,47.1282038],[28.7028166,47.128206],[28.7028162,47.1282064],[28.7028148,47.1282084],[28.7028137,47.1282106],[28.7028132,47.1282119],[28.7028111,47.1282155],[28.7028101,47.1282176],[28.7028094,47.1282198],[28.702809,47.128222],[28.7028089,47.1282242],[28.70281,47.1282601],[28.7028097,47.1282626],[28.7028096,47.1282648],[28.7028099,47.128267],[28.7028101,47.1282683]]]}},{"type":"Feature","id":2,"properties":{"vineyard_id":"V02","farm_id":"F01","area_m2":1255.011,"n_parcels":3,"cadastral_codes":["80371110019","80371110040","80371110041"],"landuse_counts":{"Teren pentru obținerea producției agricole":2,"Nu este indicat":1}},"geometry":{"type":"Polygon","coordinates":[[[28.7021249,47.1279456],[28.702125,47.1279416],[28.7021247,47.1279387],[28.7021246,47.1279382],[28.7021227,47.1278783],[28.702123,47.127876],[28.7021231,47.1278738],[28.7021229,47.1278717],[28.7021226,47.1278702],[28.7021227,47.1278699],[28.702123,47.1278689],[28.7021234,47.1278666],[28.7021235,47.1278643],[28.7021234,47.1278628],[28.7021234,47.1278626],[28.7021238,47.1278616],[28.7021286,47.1278532],[28.7021304,47.1278507],[28.7021315,47.1278491],[28.7021324,47.1278475],[28.702133,47.1278461],[28.702134,47.1278449],[28.7021353,47.1278431],[28.7021363,47.1278413],[28.7021366,47.1278405],[28.7021368,47.1278402],[28.7021377,47.1278393],[28.7021386,47.1278384],[28.7021401,47.1278367],[28.7021413,47.1278349],[28.7021422,47.1278336],[28.7021438,47.127832],[28.7021457,47.1278299],[28.7021473,47.1278276],[28.7021905,47.1277533],[28.7021915,47.1277512],[28.7021923,47.1277491],[28.7021927,47.1277469],[28.7021928,47.1277448],[28.7021927,47.1277435],[28.7021927,47.1277433],[28.7021932,47.1277423],[28.7021975,47.1277347],[28.7021975,47.1277347],[28.702199,47.1277325],[28.7022,47.1277306],[28.7022014,47.1277282],[28.7022028,47.1277261],[28.7022035,47.1277246],[28.7022045,47.1277227],[28.7022052,47.1277218],[28.7022062,47.1277209],[28.7022081,47.1277189],[28.7022098,47.1277167],[28.7022109,47.127715],[28.7022128,47.1277131],[28.7022149,47.1277108],[28.7022166,47.1277084],[28.7022173,47.1277074],[28.7022177,47.1277074],[28.7022193,47.1277075],[28.7022226,47.1277073],[28.7022231,47.1277073],[28.7022535,47.1277068],[28.702254,47.1277068],[28.7022573,47.1277069],[28.702259,47.1277068],[28.7022594,47.1277068],[28.7022598,47.1277069],[28.7022608,47.1277072],[28.7022623,47.1277076],[28.7022626,47.1277077],[28.7022634,47.1277081],[28.702266,47.1277094],[28.7022688,47.1277105],[28.7022718,47.1277114],[28.7022748,47.1277121],[28.702278,47.1277126],[28.7022812,47.1277129],[28.7022845,47.1277129],[28.7022877,47.1277128],[28.7022909,47.1277124],[28.702294,47.1277118],[28.7022971,47.127711],[28.7023,47.12771],[28.7023027,47.1277089],[28.7023053,47.1277075],[28.7023076,47.1277061],[28.7023079,47.1277061],[28.7023097,47.1277061],[28.7023129,47.127706],[28.7023135,47.1277059],[28.7023489,47.1277054],[28.7023495,47.1277054],[28.7023527,47.1277055],[28.7023545,47.1277054],[28.7023548,47.1277054],[28.702355,47.1277054],[28.7023561,47.1277058],[28.7023576,47.1277062],[28.7023577,47.1277062],[28.7023574,47.1277072],[28.7023523,47.1277173],[28.7023512,47.1277187],[28.7023501,47.1277206],[28.70235,47.1277208],[28.70235,47.1277208],[28.7023488,47.1277227],[28.7023478,47.1277246],[28.7023476,47.127725],[28.7023469,47.1277272],[28.7023464,47.1277294],[28.7023463,47.1277316],[28.7023465,47.1277338],[28.702347,47.127736],[28.7023479,47.1277382],[28.702349,47.1277403],[28.7023505,47.1277423],[28.7023522,47.1277442],[28.7023542,47.1277459],[28.7023565,47.1277475],[28.7023589,47.127749],[28.7023608,47.12775],[28.7023618,47.1277513],[28.7023624,47.1277521],[28.7023642,47.127754],[28.7023662,47.1277557],[28.7023684,47.1277574],[28.7023708,47.1277588],[28.7023735,47.1277601],[28.7023763,47.1277612],[28.7023792,47.1277621],[28.7023823,47.1277628],[28.7023855,47.1277633],[28.7023887,47.1277635],[28.7023919,47.1277636],[28.7023951,47.1277634],[28.7023983,47.1277631],[28.7024014,47.1277625],[28.7024045,47.1277617],[28.7024073,47.1277607],[28.7024101,47.1277595],[28.7024126,47.1277582],[28.702415,47.1277566],[28.7024171,47.127755],[28.702419,47.1277532],[28.7024206,47.1277513],[28.7024219,47.1277492],[28.7024229,47.1277471],[28.7024236,47.127745],[28.702424,47.1277428],[28.7024241,47.1277421],[28.7024245,47.127741],[28.7024339,47.1277244],[28.7024364,47.1277211],[28.7024376,47.1277193],[28.7024386,47.1277173],[28.7024394,47.1277153],[28.7024394,47.1277151],[28.7024399,47.1277147],[28.70244,47.1277146],[28.7024422,47.1277127],[28.702444,47.1277107],[28.7024456,47.1277086],[28.7024459,47.127708],[28.7024459,47.127708],[28.702447,47.1277062],[28.7024477,47.1277054],[28.7024482,47.127705],[28.7024492,47.1277042],[28.7024493,47.1277042],[28.7024501,47.127704],[28.7024508,47.1277041],[28.7024516,47.1277044],[28.702452,47.1277045],[28.7024533,47.127705],[28.7024529,47.1277059],[28.7024499,47.127711],[28.7024487,47.1277127],[28.7024471,47.1277152],[28.7024463,47.1277171],[28.7024455,47.1277187],[28.7024442,47.1277207],[28.702443,47.1277228],[28.7024422,47.127725],[28.7024416,47.1277272],[28.7024414,47.1277295],[28.7024416,47.1277318],[28.7024421,47.127734],[28.7024429,47.1277362],[28.702444,47.1277384],[28.7024454,47.1277404],[28.7024472,47.1277424],[28.7024492,47.1277442],[28.7024515,47.1277459],[28.702454,47.1277474],[28.7024556,47.1277482],[28.7024561,47.1277489],[28.7024562,47.1277491],[28.7024572,47.1277502],[28.7024576,47.1277509],[28.7024577,47.1277515],[28.7024572,47.1277526],[28.7024532,47.1277594],[28.702453,47.1277596],[28.7024516,47.1277617],[28.7024505,47.1277638],[28.7024497,47.1277659],[28.7024493,47.1277682],[28.7024491,47.1277704],[28.7024493,47.1277726],[28.7024498,47.1277749],[28.7024506,47.127777],[28.7024518,47.1277791],[28.7024532,47.1277811],[28.702455,47.127783],[28.702457,47.1277848],[28.7024592,47.1277865],[28.7024617,47.1277879],[28.7024644,47.1277892],[28.7024672,47.1277903],[28.7024702,47.1277912],[28.7024715,47.1277915],[28.7024754,47.1277926],[28.7024785,47.1277933],[28.7024817,47.1277937],[28.7024849,47.127794],[28.7024881,47.1277941],[28.7024913,47.1277939],[28.7024945,47.1277935],[28.7024976,47.1277929],[28.7025006,47.1277921],[28.7025035,47.1277911],[28.7025055,47.1277904],[28.7025059,47.1277903],[28.7025075,47.1277904],[28.7025107,47.1277902],[28.7025139,47.1277898],[28.702517,47.1277892],[28.70252,47.1277884],[28.7025229,47.1277875],[28.7025256,47.1277863],[28.7025282,47.1277849],[28.7025305,47.1277834],[28.7025326,47.1277817],[28.7025345,47.1277799],[28.7025361,47.127778],[28.7025374,47.127776],[28.7025378,47.1277754],[28.7025387,47.1277734],[28.7025394,47.1277714],[28.7025399,47.1277694],[28.70254,47.1277674],[28.7025399,47.1277653],[28.7025399,47.1277651],[28.7025403,47.1277641],[28.7025438,47.127758],[28.7025441,47.1277577],[28.7025456,47.1277553],[28.7025462,47.1277541],[28.7025491,47.1277485],[28.7025495,47.1277479],[28.7025508,47.127746],[28.7025513,47.1277449],[28.7025514,47.1277447],[28.7025521,47.1277441],[28.7025538,47.1277425],[28.7025553,47.1277408],[28.7025566,47.1277389],[28.7025576,47.1277371],[28.7025583,47.1277352],[28.7025584,47.127735],[28.702559,47.127734],[28.702559,47.1277339],[28.7025606,47.1277327],[28.7025624,47.1277309],[28.702564,47.1277291],[28.7025652,47.1277271],[28.7025789,47.127703],[28.7025796,47.1277021],[28.7025799,47.127702],[28.7025817,47.1277021],[28.7025849,47.1277019],[28.7025854,47.1277019],[28.702628,47.1277012],[28.7026285,47.1277013],[28.7026318,47.1277013],[28.7026335,47.1277012],[28.7026339,47.1277013],[28.7026342,47.1277013],[28.7026349,47.1277014],[28.7026349,47.1277015],[28.7026356,47.1277017],[28.7026364,47.1277021],[28.702636,47.1277031],[28.7026279,47.1277178],[28.7026254,47.1277212],[28.7026241,47.1277231],[28.7026231,47.1277251],[28.7026225,47.1277266],[28.7026217,47.1277286],[28.7026139,47.1277426],[28.7026124,47.1277445],[28.7026111,47.1277466],[28.70261,47.1277487],[28.7026096,47.1277496],[28.7026092,47.1277502],[28.702608,47.127752],[28.702607,47.1277539],[28.7026063,47.1277557],[28.7026041,47.1277591],[28.7026034,47.1277603],[28.7025976,47.1277712],[28.7025968,47.1277723],[28.7025956,47.1277742],[28.7025947,47.1277761],[28.7025942,47.1277772],[28.7025918,47.1277814],[28.7025895,47.1277843],[28.7025879,47.1277866],[28.7025869,47.1277885],[28.7025867,47.1277889],[28.7025858,47.1277897],[28.7025844,47.1277915],[28.7025832,47.1277933],[28.702583,47.1277936],[28.7025814,47.1277953],[28.7025795,47.1277974],[28.702578,47.1277997],[28.7025768,47.1278017],[28.7025759,47.1278037],[28.7025752,47.1278058],[28.7025747,47.1278078],[28.7025747,47.1278092],[28.7025746,47.1278093],[28.7025743,47.1278096],[28.7025736,47.1278102],[28.7025717,47.127812],[28.7025701,47.1278139],[28.7025688,47.127816],[28.702399,47.1281153],[28.7023981,47.1281172],[28.7023974,47.1281191],[28.702397,47.128121],[28.7023968,47.128123],[28.7023967,47.1281247],[28.7023965,47.1281253],[28.7023962,47.1281256],[28.7023957,47.1281261],[28.7023939,47.1281278],[28.7023924,47.1281296],[28.7023911,47.1281315],[28.7023901,47.1281335],[28.7023901,47.1281335],[28.7023893,47.1281349],[28.7023884,47.1281362],[28.7023874,47.1281381],[28.7023867,47.1281402],[28.7023866,47.1281404],[28.7023864,47.1281408],[28.7023861,47.1281413],[28.7023858,47.1281415],[28.7023841,47.1281436],[28.7023827,47.1281458],[28.7023817,47.1281481],[28.702381,47.1281504],[28.7023807,47.1281526],[28.7023807,47.1281529],[28.7023797,47.1281554],[28.7023771,47.1281599],[28.7023761,47.1281621],[28.7023754,47.1281642],[28.7023751,47.1281658],[28.7023746,47.128167],[28.702373,47.1281698],[28.7023724,47.1281707],[28.7023709,47.1281729],[28.7023698,47.1281752],[28.7023692,47.1281766],[28.7023638,47.1281862],[28.702363,47.1281873],[28.702362,47.1281883],[28.7023605,47.1281904],[28.7023593,47.1281924],[28.7023591,47.1281929],[28.702358,47.1281937],[28.7023578,47.1281939],[28.7023566,47.1281945],[28.7023547,47.1281941],[28.7023532,47.1281936],[28.7023528,47.1281935],[28.7023528,47.1281924],[28.7023529,47.1281907],[28.702353,47.12819],[28.7023529,47.1281878],[28.7023526,47.1281857],[28.702352,47.1281836],[28.7023511,47.1281815],[28.7023499,47.1281795],[28.7023484,47.1281776],[28.7023467,47.1281758],[28.7023447,47.1281741],[28.7023425,47.1281726],[28.7023401,47.1281712],[28.7023375,47.12817],[28.7023347,47.1281689],[28.7023318,47.128168],[28.7023288,47.1281674],[28.7023257,47.1281669],[28.7023226,47.1281666],[28.7023214,47.1281666],[28.7023186,47.1281665],[28.7023178,47.1281665],[28.7023157,47.1281665],[28.7023153,47.1281666],[28.702313,47.1281665],[28.7023098,47.1281667],[28.7023093,47.1281667],[28.7022971,47.1281669],[28.7022966,47.1281669],[28.7022946,47.1281669],[28.702293,47.1281669],[28.7022921,47.1281667],[28.7022906,47.1281663],[28.7022893,47.1281658],[28.7022893,47.1281658],[28.7022898,47.1281642],[28.7022902,47.128162],[28.7022902,47.1281598],[28.7022899,47.1281576],[28.7022893,47.1281554],[28.7022884,47.1281533],[28.7022872,47.1281512],[28.7022857,47.1281493],[28.7022839,47.1281474],[28.7022819,47.1281457],[28.7022796,47.1281441],[28.7022772,47.1281427],[28.7022745,47.1281415],[28.7022717,47.1281404],[28.7022687,47.1281395],[28.7022656,47.1281389],[28.7022625,47.1281384],[28.7022592,47.1281382],[28.702256,47.1281382],[28.7022528,47.1281384],[28.7022496,47.1281388],[28.7022465,47.1281394],[28.7022435,47.1281402],[28.7022406,47.1281412],[28.7022379,47.1281424],[28.7022354,47.1281438],[28.7022331,47.1281453],[28.702231,47.128147],[28.7022292,47.1281488],[28.7022283,47.1281499],[28.7022273,47.1281506],[28.7022254,47.1281525],[28.7022238,47.1281544],[28.7022225,47.1281565],[28.7022215,47.1281586],[28.7022208,47.1281608],[28.7022204,47.1281631],[28.7022204,47.128164],[28.70222,47.128165],[28.7022189,47.128167],[28.7022182,47.128168],[28.7022168,47.1281681],[28.7022159,47.1281681],[28.7022156,47.1281681],[28.7022123,47.128168],[28.702209,47.1281682],[28.7022085,47.1281682],[28.7021911,47.1281685],[28.7021906,47.1281685],[28.7021873,47.1281684],[28.7021852,47.1281685],[28.702183,47.1281685],[28.7021798,47.1281686],[28.7021793,47.1281687],[28.7021578,47.128169],[28.7021573,47.1281689],[28.7021541,47.1281689],[28.7021518,47.128169],[28.7021498,47.128169],[28.7021465,47.1281691],[28.702146,47.1281692],[28.7021336,47.1281693],[28.7021322,47.1281693],[28.702132,47.1281683],[28.7021317,47.1281603],[28.702132,47.1281579],[28.7021321,47.1281557],[28.7021319,47.1281535],[28.7021316,47.1281522],[28.7021318,47.1281509],[28.7021319,47.1281487],[28.7021316,47.1281464],[28.7021312,47.128144],[28.7021301,47.1281091],[28.7021304,47.1281067],[28.7021305,47.1281045],[28.7021302,47.1281023],[28.70213,47.128101],[28.7021301,47.1280996],[28.7021302,47.1280974],[28.70213,47.1280953],[28.7021296,47.1280927],[28.7021276,47.1280319],[28.7021279,47.1280295],[28.702128,47.1280273],[28.7021278,47.128025],[28.7021275,47.1280238],[28.7021277,47.1280224],[28.7021278,47.1280202],[28.7021275,47.128018],[28.7021271,47.1280156],[28.7021263,47.1279915],[28.7021266,47.1279888],[28.7021267,47.1279867],[28.7021265,47.1279846],[28.702126,47.1279819],[28.7021259,47.127978],[28.702126,47.1279769],[28.7021258,47.1279753],[28.7021252,47.1279546],[28.7021254,47.1279522],[28.7021255,47.1279503],[28.7021254,47.1279484],[28.7021252,47.1279475],[28.7021251,47.1279468],[28.7021249,47.1279456]],[[28.7022688,47.1280804],[28.7022677,47.1280823],[28.7022667,47.1280844],[28.7022659,47.1280865],[28.7022655,47.1280887],[28.7022654,47.1280909],[28.7022656,47.128093],[28.7022661,47.1280952],[28.7022669,47.1280973],[28.702268,47.1280993],[28.7022694,47.1281013],[28.7022711,47.1281031],[28.702273,47.1281049],[28.7022752,47.1281065],[28.7022775,47.128108],[28.7022801,47.1281093],[28.7022828,47.1281104],[28.7022857,47.1281113],[28.7022887,47.128112],[28.7022918,47.1281126],[28.702295,47.1281129],[28.7022982,47.128113],[28.7023014,47.1281129],[28.7023045,47.1281126],[28.7023076,47.1281121],[28.7023107,47.1281114],[28.7023136,47.1281105],[28.7023163,47.1281094],[28.7023189,47.1281081],[28.7023213,47.1281067],[28.7023235,47.1281051],[28.7023251,47.1281038],[28.7023252,47.1281037],[28.7023273,47.1281023],[28.7023291,47.1281007],[28.7023307,47.128099],[28.7023321,47.1280973],[28.7023333,47.1280955],[28.7023356,47.1280914],[28.7023366,47.1280893],[28.7023373,47.1280871],[28.7023377,47.1280849],[28.7023378,47.1280827],[28.7023376,47.1280805],[28.702337,47.1280784],[28.7023361,47.1280762],[28.702335,47.1280742],[28.7023335,47.1280722],[28.7023318,47.1280703],[28.7023298,47.1280686],[28.7023275,47.128067],[28.7023251,47.1280656],[28.7023225,47.1280643],[28.7023196,47.1280632],[28.7023167,47.1280623],[28.702316,47.1280621],[28.7023148,47.1280618],[28.7023117,47.1280611],[28.7023086,47.1280606],[28.7023054,47.1280603],[28.7023021,47.1280603],[28.7022989,47.1280604],[28.7022957,47.1280608],[28.7022926,47.1280614],[28.7022896,47.1280622],[28.7022867,47.1280632],[28.702284,47.1280643],[28.7022814,47.1280657],[28.7022791,47.1280672],[28.702277,47.1280688],[28.7022751,47.1280706],[28.7022735,47.1280726],[28.7022722,47.1280746],[28.7022711,47.1280765],[28.7022709,47.1280768],[28.7022696,47.1280787],[28.7022688,47.1280804]]]}},{"type":"Feature","id":3,"properties":{"vineyard_id":"V03","farm_id":"F01","area_m2":11891.344,"n_parcels":8,"cadastral_codes":["80371110019","80371110020","80371110021","80371110022","80371110023","80371110037","80371110038","80371110040"],"landuse_counts":{"Teren pentru obținerea producției agricole":8}},"geometry":{"type":"Polygon","coordinates":[[[28.7009388,47.1277246],[28.7009388,47.1277231],[28.7009386,47.1277209],[28.7009381,47.1277188],[28.7009373,47.1277167],[28.7009368,47.1277158],[28.7009367,47.1277147],[28.7009366,47.1277109],[28.7009367,47.1277101],[28.700937,47.1277092],[28.7009374,47.1277083],[28.700938,47.1277073],[28.7009392,47.1277067],[28.7009466,47.1277037],[28.7009497,47.1277023],[28.7009526,47.1277006],[28.700953,47.1277004],[28.7009553,47.1276994],[28.7009559,47.1276992],[28.7009584,47.1276981],[28.7009608,47.1276968],[28.700961,47.1276967],[28.7009627,47.127696],[28.7009667,47.1276941],[28.7009674,47.1276938],[28.70097,47.1276924],[28.7009724,47.1276908],[28.7009746,47.1276891],[28.7009765,47.1276872],[28.7009982,47.1276631],[28.7009997,47.1276612],[28.7010009,47.1276592],[28.7010019,47.1276572],[28.7010026,47.1276551],[28.701003,47.127653],[28.701003,47.1276508],[28.7010028,47.1276487],[28.7010023,47.1276466],[28.7010015,47.1276445],[28.7010004,47.1276425],[28.7009991,47.1276406],[28.7009974,47.1276387],[28.7009956,47.127637],[28.7009935,47.1276354],[28.7009911,47.127634],[28.700991,47.1276339],[28.7009907,47.1276338],[28.7009882,47.1276323],[28.7009854,47.127631],[28.7009813,47.1276293],[28.700979,47.127628],[28.7009757,47.1276263],[28.7009725,47.1276248],[28.7009691,47.1276236],[28.7009676,47.127623],[28.7009653,47.1276217],[28.7009628,47.1276206],[28.7009583,47.1276188],[28.7009519,47.1276155],[28.7009497,47.1276144],[28.7009474,47.1276135],[28.7009473,47.1276135],[28.7009471,47.1276133],[28.7009433,47.1276119],[28.7009424,47.1276116],[28.7009424,47.1276115],[28.7009407,47.1276098],[28.70094,47.1276091],[28.7009398,47.1276089],[28.7009405,47.127608],[28.7009541,47.1275929],[28.7009551,47.127592],[28.7009568,47.1275903],[28.7009986,47.1275443],[28.7010002,47.1275424],[28.7010015,47.1275404],[28.7010024,47.1275383],[28.7010031,47.1275361],[28.7010035,47.127534],[28.7010036,47.1275318],[28.7010033,47.1275296],[28.7010027,47.1275274],[28.7010019,47.1275253],[28.7010007,47.1275233],[28.7009992,47.1275213],[28.7009975,47.1275194],[28.7009955,47.1275177],[28.7009933,47.1275161],[28.7009909,47.1275147],[28.7009903,47.1275144],[28.7009876,47.1275131],[28.7009862,47.1275126],[28.700986,47.1275125],[28.7009863,47.1275121],[28.7009878,47.1275097],[28.7009889,47.1275072],[28.7009889,47.1275069],[28.7009893,47.1275063],[28.7009896,47.1275058],[28.7009898,47.1275056],[28.7009914,47.1275037],[28.7009928,47.1275016],[28.7009938,47.1274994],[28.7009943,47.1274983],[28.700995,47.1274974],[28.7010071,47.127484],[28.7010085,47.1274827],[28.70101,47.1274808],[28.7010103,47.1274805],[28.7010124,47.1274782],[28.7010124,47.1274782],[28.7010146,47.1274761],[28.7010158,47.1274751],[28.7010177,47.1274735],[28.7010193,47.1274718],[28.7010207,47.12747],[28.7010209,47.1274698],[28.7010231,47.1274667],[28.7010244,47.1274647],[28.7010254,47.1274626],[28.7010261,47.1274605],[28.7010265,47.1274583],[28.7010265,47.1274561],[28.7010263,47.1274539],[28.7010257,47.1274517],[28.7010249,47.1274496],[28.7010237,47.1274476],[28.7010223,47.1274456],[28.7010205,47.1274437],[28.7010185,47.127442],[28.7010163,47.1274404],[28.7010139,47.127439],[28.7010112,47.1274377],[28.7010109,47.1274376],[28.7010088,47.1274366],[28.7010058,47.1274354],[28.7010057,47.1274354],[28.7010018,47.1274338],[28.700999,47.1274327],[28.7009962,47.1274318],[28.7009932,47.1274312],[28.7009901,47.1274307],[28.7009869,47.1274304],[28.7009838,47.1274304],[28.7009806,47.1274305],[28.7009775,47.1274309],[28.7009745,47.1274314],[28.7009715,47.1274322],[28.7009703,47.1274326],[28.70097,47.1274326],[28.7009676,47.1274321],[28.7009664,47.1274319],[28.7009655,47.1274317],[28.7009642,47.1274313],[28.7009641,47.1274312],[28.7009607,47.1274298],[28.7009575,47.1274282],[28.7009542,47.1274268],[28.7009508,47.1274256],[28.7009498,47.1274254],[28.7009484,47.1274249],[28.7009473,47.1274242],[28.7009473,47.1274242],[28.7009445,47.1274226],[28.7009416,47.1274212],[28.7009387,47.1274201],[28.7009374,47.1274194],[28.7009373,47.1274187],[28.7009373,47.1274179],[28.7009371,47.1274155],[28.7009369,47.1274145],[28.7009372,47.1274136],[28.7009378,47.1274118],[28.7009382,47.1274099],[28.7009384,47.127408],[28.7009384,47.127408],[28.7009387,47.1274072],[28.7009395,47.1274061],[28.7009427,47.1274026],[28.7009443,47.1274007],[28.7009456,47.1273987],[28.7009467,47.1273966],[28.7009474,47.1273944],[28.7009478,47.1273922],[28.7009479,47.12739],[28.7009476,47.1273878],[28.7009471,47.1273856],[28.7009462,47.1273834],[28.700945,47.1273813],[28.7009435,47.1273794],[28.7009418,47.1273775],[28.7009398,47.1273757],[28.7009375,47.1273741],[28.7009354,47.1273729],[28.7009354,47.1273729],[28.7009368,47.1273708],[28.7009378,47.1273685],[28.7009382,47.1273671],[28.7009383,47.1273669],[28.7009385,47.1273667],[28.7009399,47.1273649],[28.7009411,47.1273629],[28.700942,47.1273609],[28.7009421,47.1273605],[28.7009429,47.1273595],[28.7009538,47.1273475],[28.700954,47.1273474],[28.7009559,47.1273455],[28.7009573,47.1273437],[28.7009586,47.1273423],[28.7009586,47.1273423],[28.7009602,47.1273407],[28.7009607,47.1273402],[28.7009623,47.1273387],[28.7009639,47.1273368],[28.7009648,47.1273357],[28.7009829,47.1273167],[28.7009849,47.1273143],[28.7009871,47.1273112],[28.700996,47.1273015],[28.7009985,47.1272993],[28.7010018,47.1272971],[28.7010037,47.1272958],[28.7010054,47.1272943],[28.701007,47.1272928],[28.7010074,47.1272923],[28.7010082,47.1272917],[28.7010092,47.127291],[28.7010117,47.1272891],[28.7010138,47.127287],[28.7010347,47.1272642],[28.7010395,47.1272589],[28.701041,47.1272571],[28.7010423,47.1272551],[28.7010433,47.1272531],[28.701044,47.1272511],[28.7010443,47.1272495],[28.7010447,47.1272481],[28.7010453,47.1272476],[28.7010469,47.1272462],[28.7010486,47.1272445],[28.7010501,47.1272427],[28.7010512,47.1272409],[28.7010524,47.1272394],[28.7010584,47.1272329],[28.7010593,47.1272321],[28.7010611,47.1272304],[28.7010626,47.1272286],[28.7010638,47.1272268],[28.7010672,47.1272232],[28.7010695,47.1272212],[28.7010709,47.1272201],[28.7010727,47.1272184],[28.7010743,47.1272165],[28.7010749,47.1272157],[28.7010765,47.1272143],[28.7010782,47.1272127],[28.7010797,47.1272109],[28.701081,47.127209],[28.7010819,47.1272073],[28.7010826,47.1272064],[28.7010828,47.1272061],[28.7010843,47.1272048],[28.7010857,47.1272032],[28.7010862,47.1272025],[28.7010871,47.1272017],[28.7010877,47.1272011],[28.7010895,47.1271998],[28.701091,47.1271987],[28.7010932,47.1271969],[28.701095,47.1271949],[28.7010966,47.1271928],[28.7010978,47.1271906],[28.701098,47.1271901],[28.7010997,47.1271876],[28.7011084,47.1271781],[28.70111,47.1271762],[28.7011113,47.1271741],[28.7011123,47.1271721],[28.701113,47.1271699],[28.7011134,47.1271677],[28.7011134,47.1271655],[28.7011132,47.1271633],[28.7011126,47.1271612],[28.7011118,47.127159],[28.7011106,47.127157],[28.7011091,47.127155],[28.7011089,47.1271548],[28.7011087,47.1271537],[28.7011087,47.1271531],[28.7011089,47.1271518],[28.7011089,47.1271518],[28.7011092,47.1271511],[28.7011101,47.1271491],[28.7011116,47.1271483],[28.7011141,47.1271471],[28.7011168,47.1271453],[28.7011314,47.1271351],[28.7011332,47.1271341],[28.7011339,47.1271338],[28.7011366,47.1271325],[28.701139,47.1271309],[28.7011643,47.1271135],[28.701166,47.1271125],[28.7011673,47.127112],[28.7011701,47.1271105],[28.7011713,47.1271099],[28.7011737,47.1271084],[28.7011758,47.1271067],[28.7011778,47.1271049],[28.7011794,47.127103],[28.7011807,47.1271009],[28.7011818,47.1270988],[28.7011825,47.1270967],[28.7011829,47.1270945],[28.701183,47.1270922],[28.7011828,47.12709],[28.7011823,47.1270878],[28.7011814,47.1270857],[28.7011803,47.1270836],[28.7011788,47.1270816],[28.7011771,47.1270797],[28.7011751,47.127078],[28.7011728,47.1270764],[28.7011704,47.1270749],[28.7011677,47.1270736],[28.7011651,47.1270726],[28.7011647,47.1270724],[28.7011634,47.1270715],[28.7011623,47.1270708],[28.7011631,47.12707],[28.7011652,47.127068],[28.7011686,47.1270657],[28.7011697,47.1270652],[28.701172,47.1270639],[28.7011741,47.1270625],[28.7011756,47.1270613],[28.7011757,47.1270612],[28.7011764,47.1270609],[28.7011792,47.1270597],[28.7011818,47.1270584],[28.7011841,47.1270568],[28.7011844,47.1270566],[28.7011862,47.1270555],[28.7011884,47.1270542],[28.7011896,47.1270537],[28.7011917,47.1270527],[28.7011937,47.1270517],[28.7012042,47.1270456],[28.7012068,47.1270444],[28.701209,47.1270433],[28.7012111,47.127042],[28.7012122,47.1270412],[28.7012141,47.1270401],[28.7012162,47.1270391],[28.7012188,47.1270376],[28.7012219,47.1270359],[28.7012236,47.127035],[28.7012248,47.1270342],[28.7012269,47.1270329],[28.7012286,47.1270321],[28.701231,47.1270308],[28.7012313,47.1270305],[28.7012337,47.1270291],[28.7012356,47.1270283],[28.7012381,47.1270269],[28.7012405,47.1270254],[28.701243,47.1270236],[28.7012445,47.1270227],[28.7012457,47.1270222],[28.7012482,47.1270209],[28.7012506,47.1270193],[28.7012528,47.1270178],[28.7012539,47.1270171],[28.7012552,47.1270166],[28.7012577,47.1270157],[28.7012603,47.1270145],[28.7012627,47.1270132],[28.7012648,47.1270117],[28.7012668,47.1270101],[28.7012687,47.1270085],[28.701269,47.1270086],[28.7012704,47.1270092],[28.7012704,47.1270092],[28.7012704,47.1270101],[28.70127,47.127012],[28.7012698,47.1270142],[28.7012699,47.1270164],[28.70127,47.1270169],[28.7012691,47.1270172],[28.7012663,47.1270183],[28.7012636,47.1270197],[28.7012635,47.1270197],[28.7012611,47.1270212],[28.7012589,47.1270228],[28.701257,47.1270245],[28.7012553,47.1270264],[28.7012539,47.1270283],[28.7012534,47.1270291],[28.7012518,47.1270314],[28.7012496,47.1270338],[28.7012481,47.1270357],[28.7012468,47.1270378],[28.7012458,47.1270398],[28.7012451,47.127042],[28.7012447,47.1270442],[28.7012446,47.1270464],[28.7012449,47.1270486],[28.7012454,47.1270507],[28.7012463,47.1270529],[28.7012475,47.1270549],[28.7012489,47.1270569],[28.7012507,47.1270587],[28.7012526,47.1270605],[28.7012549,47.1270621],[28.7012573,47.1270635],[28.7012589,47.1270643],[28.7012589,47.1270643],[28.7012616,47.1270656],[28.7012644,47.1270666],[28.7012674,47.1270675],[28.7012704,47.1270682],[28.7012736,47.1270687],[28.7012768,47.127069],[28.7012801,47.127069],[28.7012833,47.1270689],[28.7012865,47.1270685],[28.7012896,47.1270679],[28.7012926,47.1270671],[28.7012955,47.1270661],[28.7012983,47.1270649],[28.7013008,47.1270635],[28.7013031,47.127062],[28.7013053,47.1270603],[28.7013071,47.1270585],[28.7013116,47.1270536],[28.7013132,47.1270516],[28.7013146,47.1270495],[28.7013156,47.1270472],[28.7013162,47.127045],[28.7013166,47.1270426],[28.7013167,47.1270412],[28.7013168,47.1270406],[28.7013172,47.1270383],[28.7013172,47.1270361],[28.701317,47.1270347],[28.7013173,47.1270346],[28.7013201,47.1270336],[28.7013227,47.1270324],[28.7013252,47.127031],[28.7013274,47.1270294],[28.7013294,47.1270277],[28.7013312,47.1270259],[28.7013329,47.1270239],[28.701333,47.1270238],[28.7013348,47.127022],[28.7013363,47.1270201],[28.7013365,47.1270198],[28.7013383,47.1270178],[28.7013392,47.127017],[28.7013394,47.1270168],[28.7013413,47.1270159],[28.701344,47.1270143],[28.7013464,47.1270126],[28.7013484,47.1270106],[28.7013488,47.1270102],[28.7013489,47.1270102],[28.7013511,47.1270078],[28.7013525,47.1270061],[28.7013538,47.1270042],[28.7013543,47.1270034],[28.7013549,47.1270024],[28.7013551,47.1270023],[28.7013567,47.1270015],[28.7013591,47.1270002],[28.7013613,47.1269987],[28.7013633,47.1269971],[28.7013651,47.1269953],[28.7013685,47.1269917],[28.70137,47.1269898],[28.7013712,47.1269879],[28.7013722,47.1269859],[28.7013729,47.1269839],[28.7013734,47.1269818],[28.7013734,47.1269809],[28.7013736,47.1269795],[28.7013743,47.1269786],[28.7013836,47.1269686],[28.7013848,47.1269676],[28.701387,47.1269655],[28.7013888,47.1269632],[28.7013899,47.1269617],[28.7013927,47.1269586],[28.7013948,47.1269566],[28.7013974,47.1269539],[28.7013996,47.1269512],[28.7014003,47.1269505],[28.7014005,47.1269503],[28.7014028,47.1269483],[28.7014048,47.126946],[28.7014068,47.1269432],[28.7014163,47.1269332],[28.7014173,47.1269323],[28.7014197,47.1269308],[28.7014221,47.1269288],[28.7014241,47.1269266],[28.7014242,47.1269266],[28.7014251,47.1269257],[28.7014262,47.1269248],[28.7014283,47.1269238],[28.701431,47.1269223],[28.7014333,47.1269206],[28.7014355,47.1269188],[28.7014373,47.1269168],[28.7014388,47.1269148],[28.70144,47.1269126],[28.7014409,47.1269104],[28.7014411,47.1269093],[28.7014413,47.126909],[28.701442,47.1269081],[28.701452,47.1268978],[28.7014536,47.1268965],[28.7014536,47.1268965],[28.7014559,47.1268948],[28.7014579,47.126893],[28.7014596,47.126891],[28.7014611,47.1268889],[28.7014614,47.1268882],[28.7014625,47.1268868],[28.7014698,47.1268792],[28.701471,47.1268782],[28.7014728,47.1268766],[28.7014744,47.1268748],[28.7014757,47.1268732],[28.7014773,47.1268718],[28.7014793,47.12687],[28.7014809,47.126868],[28.7014823,47.1268662],[28.7014894,47.1268589],[28.7014927,47.1268563],[28.701494,47.1268554],[28.7014963,47.1268535],[28.701497,47.1268528],[28.7014984,47.1268517],[28.7015036,47.1268481],[28.7015059,47.1268464],[28.7015079,47.1268445],[28.7015446,47.1268065],[28.7015464,47.1268044],[28.7015478,47.1268023],[28.7015484,47.1268012],[28.7015501,47.1267989],[28.7015515,47.1267968],[28.7015517,47.1267965],[28.701552,47.1267961],[28.701553,47.126796],[28.7015554,47.1267958],[28.7015572,47.1267958],[28.7015606,47.1267957],[28.7015614,47.1267956],[28.7015905,47.1267952],[28.7015913,47.1267952],[28.7015946,47.1267953],[28.7015967,47.1267952],[28.7015993,47.1267952],[28.7016025,47.1267951],[28.7016032,47.126795],[28.7016384,47.1267945],[28.7016391,47.1267945],[28.7016425,47.1267946],[28.7016445,47.1267945],[28.7016472,47.1267945],[28.7016503,47.1267943],[28.7016511,47.1267943],[28.7016859,47.1267938],[28.7016867,47.1267938],[28.70169,47.1267939],[28.7016921,47.1267938],[28.7016947,47.1267938],[28.7016979,47.1267936],[28.7016987,47.1267936],[28.7017331,47.1267931],[28.7017338,47.1267931],[28.7017372,47.1267932],[28.7017391,47.1267931],[28.7017419,47.1267931],[28.701745,47.1267929],[28.7017458,47.1267929],[28.7017862,47.1267923],[28.701787,47.1267923],[28.7017903,47.1267924],[28.7017924,47.1267923],[28.701795,47.1267923],[28.7017982,47.1267922],[28.7017989,47.1267921],[28.7018328,47.1267916],[28.7018336,47.1267916],[28.7018369,47.1267917],[28.7018389,47.1267916],[28.7018417,47.1267916],[28.7018448,47.1267915],[28.7018455,47.1267914],[28.7018819,47.1267909],[28.7018827,47.1267909],[28.701886,47.1267909],[28.7018881,47.1267908],[28.7018907,47.1267909],[28.7018939,47.1267907],[28.7018946,47.1267907],[28.7019272,47.1267902],[28.7019279,47.1267902],[28.7019312,47.1267903],[28.7019332,47.1267902],[28.701936,47.1267902],[28.7019391,47.1267901],[28.7019399,47.12679],[28.701971,47.1267895],[28.7019717,47.1267896],[28.7019751,47.1267896],[28.701977,47.1267895],[28.7019798,47.1267896],[28.7019829,47.1267894],[28.7019837,47.1267893],[28.7020197,47.1267888],[28.7020204,47.1267888],[28.7020238,47.1267889],[28.7020257,47.1267888],[28.702026,47.1267888],[28.7020263,47.1267889],[28.7020284,47.1267899],[28.7020289,47.1267901],[28.7020294,47.1267904],[28.7020296,47.1267906],[28.7020318,47.1267921],[28.7020342,47.1267935],[28.7020368,47.1267948],[28.7020548,47.1268025],[28.7020551,47.1268026],[28.7020578,47.1268039],[28.7020595,47.1268046],[28.70206,47.1268048],[28.7020607,47.1268051],[28.7020641,47.1268065],[28.7020643,47.1268065],[28.7020875,47.1268165],[28.7020887,47.1268171],[28.7020889,47.1268182],[28.7020889,47.1268193],[28.7020888,47.1268207],[28.7020887,47.126823],[28.702089,47.1268252],[28.702089,47.1268253],[28.702089,47.1268256],[28.7020889,47.1268276],[28.7020889,47.1268279],[28.7020891,47.1268302],[28.7020893,47.1268313],[28.7020897,47.1268441],[28.70209,47.1268463],[28.7020905,47.1268485],[28.7020914,47.1268506],[28.7020925,47.1268527],[28.702094,47.1268547],[28.7020957,47.1268566],[28.7020977,47.1268583],[28.7021,47.1268599],[28.7021024,47.1268613],[28.7021051,47.1268626],[28.7021079,47.1268637],[28.7021109,47.1268646],[28.702114,47.1268653],[28.7021172,47.1268658],[28.7021204,47.126866],[28.7021236,47.1268661],[28.7021269,47.1268659],[28.7021301,47.1268655],[28.7021332,47.1268649],[28.7021362,47.1268641],[28.7021391,47.1268631],[28.7021419,47.1268619],[28.7021444,47.1268605],[28.7021467,47.126859],[28.7021488,47.1268573],[28.7021507,47.1268554],[28.7021523,47.1268535],[28.7021528,47.1268528],[28.7021549,47.1268506],[28.7021555,47.1268498],[28.7021559,47.1268494],[28.7021586,47.1268491],[28.70216,47.1268488],[28.7021603,47.1268488],[28.7021604,47.1268488],[28.7021626,47.1268498],[28.7021626,47.1268498],[28.7021633,47.1268502],[28.7021635,47.1268506],[28.7021636,47.1268508],[28.7021645,47.1268529],[28.7021657,47.1268549],[28.7021671,47.1268568],[28.7021689,47.1268586],[28.7021709,47.1268603],[28.7021731,47.1268618],[28.7021755,47.1268632],[28.7021781,47.1268645],[28.7021853,47.1268675],[28.7021855,47.1268677],[28.7021882,47.1268689],[28.7021899,47.1268696],[28.7021916,47.1268704],[28.7021944,47.1268715],[28.7021947,47.1268716],[28.7021994,47.1268736],[28.7022023,47.1268747],[28.7022052,47.1268755],[28.7022083,47.1268762],[28.7022115,47.1268767],[28.7022147,47.1268769],[28.7022179,47.126877],[28.7022211,47.1268768],[28.7022243,47.1268764],[28.7022274,47.1268758],[28.7022305,47.126875],[28.7022321,47.1268744],[28.7022323,47.1268744],[28.7022323,47.1268748],[28.7022323,47.1268749],[28.7022326,47.1268771],[28.7022332,47.1268793],[28.702234,47.1268814],[28.7022352,47.1268835],[28.7022367,47.1268854],[28.7022385,47.1268873],[28.7022405,47.126889],[28.7022427,47.1268906],[28.7022452,47.126892],[28.7022478,47.1268933],[28.7022538,47.1268958],[28.7022541,47.126896],[28.7022567,47.1268972],[28.7022584,47.1268979],[28.7022601,47.1268987],[28.7022629,47.1268998],[28.7022632,47.1268999],[28.7022645,47.1269004],[28.7022675,47.1269015],[28.7022705,47.1269024],[28.7022737,47.1269031],[28.702277,47.1269036],[28.7022804,47.1269038],[28.7022837,47.1269038],[28.702287,47.1269036],[28.7022903,47.1269031],[28.7022935,47.1269024],[28.7022966,47.1269015],[28.7022995,47.1269004],[28.7023003,47.1269],[28.7023042,47.1268987],[28.7023054,47.1268982],[28.7023054,47.1268982],[28.7023057,47.1268983],[28.7023065,47.1268987],[28.7023089,47.1268997],[28.7023098,47.1269],[28.7023101,47.1269001],[28.7023228,47.1269055],[28.7023256,47.1269065],[28.7023286,47.1269074],[28.7023317,47.1269081],[28.7023348,47.1269085],[28.7023381,47.1269088],[28.7023413,47.1269088],[28.7023431,47.1269087],[28.7023433,47.1269087],[28.7023429,47.1269098],[28.7023421,47.1269116],[28.7023414,47.126914],[28.7023413,47.1269145],[28.7023413,47.1269146],[28.7023403,47.1269158],[28.7023392,47.1269175],[28.7023388,47.1269181],[28.7023386,47.1269182],[28.7023365,47.1269202],[28.7023347,47.1269224],[28.7023333,47.1269247],[28.7023331,47.1269251],[28.702332,47.1269267],[28.7023163,47.1269439],[28.7023152,47.1269448],[28.7023136,47.1269464],[28.7023122,47.1269481],[28.702311,47.1269496],[28.7023093,47.1269515],[28.7023083,47.1269523],[28.7023061,47.1269544],[28.7023042,47.1269567],[28.7023029,47.1269586],[28.7023003,47.126961],[28.7022984,47.1269629],[28.7022967,47.1269649],[28.7022951,47.1269672],[28.7022913,47.1269715],[28.7022898,47.1269728],[28.7022879,47.1269746],[28.7022863,47.1269766],[28.7022846,47.1269788],[28.7022838,47.1269797],[28.7022821,47.1269813],[28.7022803,47.1269835],[28.7022799,47.126984],[28.7022685,47.1269965],[28.7022672,47.1269977],[28.7022662,47.1269984],[28.7022639,47.1270003],[28.7022619,47.1270023],[28.7022603,47.1270045],[28.7022586,47.1270071],[28.7022554,47.1270109],[28.7022545,47.1270118],[28.7022531,47.1270132],[28.7022519,47.1270148],[28.7022519,47.1270148],[28.70225,47.1270169],[28.7022486,47.1270182],[28.7022469,47.1270203],[28.7022467,47.1270206],[28.7022453,47.1270221],[28.7022448,47.1270225],[28.7022431,47.1270242],[28.7022416,47.127026],[28.7022408,47.1270271],[28.7022381,47.1270293],[28.7022379,47.1270294],[28.7022348,47.127031],[28.7022326,47.1270323],[28.7022305,47.1270337],[28.7022286,47.1270353],[28.7022269,47.127037],[28.7022006,47.1270659],[28.7021989,47.127068],[28.7021976,47.1270702],[28.7021966,47.1270724],[28.702196,47.1270747],[28.7021956,47.1270766],[28.7021949,47.1270775],[28.7021912,47.1270812],[28.7021902,47.127082],[28.7021896,47.1270823],[28.7021872,47.1270834],[28.7021849,47.1270848],[28.7021828,47.1270862],[28.7021809,47.1270878],[28.7021792,47.1270895],[28.7021721,47.1270973],[28.7021707,47.1270991],[28.7021694,47.1271009],[28.7021685,47.1271029],[28.7021678,47.1271049],[28.7021674,47.127107],[28.7021672,47.1271078],[28.7021666,47.1271087],[28.7021511,47.1271257],[28.70215,47.1271267],[28.7021496,47.1271269],[28.7021492,47.1271271],[28.7021467,47.1271282],[28.7021443,47.1271296],[28.7021421,47.1271311],[28.7021402,47.1271327],[28.7021384,47.1271344],[28.7021361,47.1271369],[28.7021346,47.1271388],[28.7021333,47.1271407],[28.7021324,47.1271427],[28.7021317,47.1271448],[28.7021312,47.1271466],[28.7021306,47.1271476],[28.702128,47.1271511],[28.702127,47.1271521],[28.7021252,47.1271535],[28.7021232,47.1271553],[28.7021215,47.1271573],[28.7021202,47.1271594],[28.7021201,47.1271595],[28.7021181,47.1271616],[28.7021158,47.1271642],[28.7021141,47.1271667],[28.7021127,47.1271682],[28.7021112,47.1271696],[28.7021096,47.1271712],[28.7021083,47.1271728],[28.7021079,47.1271733],[28.7021036,47.127178],[28.7021026,47.1271789],[28.7021018,47.1271794],[28.7020996,47.1271808],[28.7020975,47.1271824],[28.7020959,47.1271839],[28.7020952,47.1271844],[28.702095,47.1271845],[28.7020923,47.1271862],[28.7020899,47.1271881],[28.7020878,47.1271901],[28.7020841,47.1271942],[28.7020825,47.1271962],[28.7020812,47.1271983],[28.7020802,47.1272005],[28.7020795,47.1272027],[28.7020794,47.1272035],[28.7020793,47.1272038],[28.7020785,47.1272049],[28.7020771,47.1272064],[28.702077,47.1272065],[28.7020751,47.1272083],[28.7020735,47.1272103],[28.7020734,47.1272103],[28.7020727,47.1272112],[28.7020717,47.127212],[28.7020698,47.1272138],[28.7020682,47.1272157],[28.7020669,47.1272178],[28.7020659,47.1272198],[28.7020652,47.127222],[28.7020648,47.1272242],[28.7020647,47.1272264],[28.7020649,47.1272286],[28.7020655,47.1272308],[28.7020663,47.1272329],[28.7020675,47.127235],[28.7020689,47.1272369],[28.7020707,47.1272388],[28.7020726,47.1272405],[28.7020749,47.1272421],[28.7020773,47.1272436],[28.7020799,47.1272449],[28.7020827,47.127246],[28.7020857,47.1272469],[28.7020888,47.1272475],[28.7020919,47.127248],[28.7020951,47.1272483],[28.7020984,47.1272484],[28.702101,47.1272483],[28.7021026,47.1272484],[28.702104,47.1272487],[28.7021072,47.1272492],[28.7021104,47.1272495],[28.7021137,47.1272495],[28.702117,47.1272493],[28.7021202,47.1272489],[28.7021234,47.1272483],[28.7021244,47.1272481],[28.7021246,47.1272481],[28.7021269,47.1272481],[28.70213,47.127248],[28.7021308,47.1272479],[28.7021755,47.1272472],[28.7021762,47.1272473],[28.7021796,47.1272473],[28.7021814,47.1272472],[28.7021844,47.1272473],[28.7021874,47.1272471],[28.7021881,47.127247],[28.7022009,47.1272469],[28.7022042,47.1272467],[28.7022074,47.1272463],[28.7022106,47.1272457],[28.7022136,47.1272449],[28.7022166,47.1272439],[28.7022193,47.1272427],[28.7022219,47.1272413],[28.7022243,47.1272398],[28.7022264,47.1272381],[28.7022282,47.1272362],[28.7022295,47.1272346],[28.702234,47.1272297],[28.7022361,47.1272278],[28.702238,47.127226],[28.7022395,47.1272241],[28.7022414,47.1272215],[28.7022594,47.1272018],[28.7022596,47.1272016],[28.7022615,47.1271998],[28.702263,47.127198],[28.7022639,47.1271968],[28.7022683,47.127192],[28.7022698,47.1271907],[28.702272,47.1271885],[28.7022738,47.1271862],[28.7022745,47.1271851],[28.7022799,47.1271793],[28.7022813,47.127178],[28.7022827,47.1271764],[28.7022828,47.1271762],[28.7022843,47.1271748],[28.7022857,47.1271733],[28.7022869,47.1271718],[28.7022882,47.12717],[28.7022932,47.1271645],[28.7022954,47.1271626],[28.7022973,47.1271607],[28.7022989,47.1271587],[28.7023,47.1271572],[28.7023051,47.1271514],[28.702307,47.1271497],[28.702308,47.1271488],[28.7023096,47.1271471],[28.7023109,47.1271454],[28.7023117,47.1271442],[28.7023133,47.1271424],[28.7023146,47.1271412],[28.7023149,47.127141],[28.7023169,47.1271394],[28.7023187,47.1271376],[28.7023202,47.1271357],[28.7023215,47.1271338],[28.7023216,47.1271334],[28.7023226,47.1271321],[28.7023241,47.1271305],[28.7023255,47.1271293],[28.7023257,47.1271292],[28.7023278,47.1271275],[28.7023297,47.1271258],[28.7023313,47.1271239],[28.7023326,47.1271219],[28.7023332,47.1271207],[28.702334,47.1271196],[28.7023361,47.1271173],[28.7023363,47.1271171],[28.702338,47.1271156],[28.7023395,47.1271141],[28.7023408,47.1271124],[28.702341,47.1271121],[28.7023428,47.1271104],[28.7023452,47.1271078],[28.7023466,47.127106],[28.7023474,47.1271053],[28.702349,47.1271036],[28.7023504,47.1271019],[28.702351,47.1271011],[28.7023552,47.1270962],[28.7023585,47.1270933],[28.7023601,47.1270917],[28.7023615,47.1270901],[28.7023627,47.1270883],[28.7023628,47.1270882],[28.7023639,47.1270869],[28.7023657,47.1270852],[28.7023672,47.1270837],[28.7023685,47.1270822],[28.70237,47.1270802],[28.7023708,47.1270798],[28.7023728,47.1270788],[28.7023751,47.1270775],[28.7023772,47.127076],[28.7023792,47.1270745],[28.7023809,47.1270728],[28.7023824,47.1270711],[28.7023838,47.1270693],[28.702385,47.1270675],[28.702386,47.1270656],[28.7023867,47.1270637],[28.7023875,47.1270611],[28.7023878,47.1270605],[28.702388,47.1270603],[28.7023892,47.1270594],[28.702391,47.1270576],[28.7023926,47.1270557],[28.7023946,47.127053],[28.7023996,47.1270475],[28.7024013,47.127046],[28.7024029,47.1270444],[28.7024043,47.1270428],[28.7024045,47.1270426],[28.702405,47.1270421],[28.702406,47.1270413],[28.7024081,47.1270396],[28.7024099,47.1270377],[28.7024113,47.1270356],[28.7024125,47.1270335],[28.7024127,47.1270332],[28.7024135,47.1270322],[28.7024145,47.1270313],[28.702416,47.1270301],[28.7024181,47.1270283],[28.7024198,47.1270264],[28.7024213,47.1270245],[28.7024221,47.1270237],[28.7024229,47.127023],[28.702425,47.1270211],[28.7024268,47.127019],[28.7024272,47.1270184],[28.7024272,47.1270184],[28.7024286,47.1270165],[28.7024289,47.1270163],[28.7024296,47.1270158],[28.7024316,47.1270141],[28.7024334,47.1270124],[28.7024348,47.1270105],[28.7024361,47.1270086],[28.7024371,47.1270066],[28.7024372,47.1270063],[28.7024379,47.1270053],[28.7024391,47.127004],[28.702441,47.1270022],[28.7024423,47.127001],[28.7024437,47.1269996],[28.7024455,47.1269981],[28.7024475,47.1269962],[28.7024492,47.1269941],[28.7024506,47.1269919],[28.702451,47.126991],[28.7024518,47.1269901],[28.7024535,47.1269893],[28.702457,47.1269874],[28.7024574,47.1269871],[28.7024594,47.1269857],[28.7024612,47.1269842],[28.7024628,47.1269826],[28.7024712,47.1269733],[28.7024721,47.1269725],[28.7024724,47.1269726],[28.7024737,47.1269732],[28.7024766,47.1269743],[28.7024768,47.1269744],[28.7024847,47.1269776],[28.7024875,47.1269787],[28.7024905,47.1269796],[28.7024936,47.1269802],[28.7024967,47.1269807],[28.7024999,47.1269809],[28.7025032,47.126981],[28.7025064,47.1269808],[28.7025084,47.1269806],[28.7025087,47.1269807],[28.702509,47.1269808],[28.7025111,47.1269817],[28.7025124,47.1269822],[28.7025128,47.1269823],[28.7025156,47.1269834],[28.7025185,47.1269843],[28.7025216,47.1269849],[28.7025247,47.1269854],[28.7025279,47.1269857],[28.7025311,47.1269857],[28.7025343,47.1269855],[28.7025374,47.1269852],[28.7025405,47.1269846],[28.7025435,47.1269838],[28.7025464,47.1269828],[28.7025491,47.1269816],[28.7025517,47.1269803],[28.7025519,47.1269801],[28.7025535,47.1269807],[28.7025548,47.1269811],[28.7025549,47.1269812],[28.7025549,47.1269813],[28.7025564,47.1269828],[28.7025569,47.1269832],[28.7025572,47.1269835],[28.7025574,47.1269848],[28.7025581,47.126987],[28.702559,47.126989],[28.7025602,47.126991],[28.7025617,47.126993],[28.7025634,47.1269948],[28.7025654,47.1269965],[28.7025676,47.126998],[28.70257,47.1269994],[28.7025727,47.1270006],[28.7025773,47.1270026],[28.7025776,47.1270028],[28.7025803,47.127004],[28.7025816,47.1270045],[28.7025819,47.1270047],[28.7025819,47.1270047],[28.7025831,47.1270068],[28.7025846,47.1270087],[28.7025864,47.1270106],[28.7025884,47.1270123],[28.7025906,47.1270139],[28.7025931,47.1270153],[28.7025958,47.1270166],[28.7026078,47.1270217],[28.702608,47.1270218],[28.7026107,47.1270231],[28.702611,47.1270232],[28.7026126,47.1270238],[28.7026138,47.1270244],[28.7026166,47.1270254],[28.7026196,47.1270263],[28.7026226,47.127027],[28.7026258,47.1270274],[28.702629,47.1270277],[28.7026322,47.1270277],[28.7026354,47.1270276],[28.7026385,47.1270272],[28.7026417,47.1270266],[28.7026446,47.1270258],[28.7026475,47.1270248],[28.7026502,47.1270236],[28.7026528,47.1270223],[28.7026551,47.1270208],[28.7026572,47.1270191],[28.702659,47.1270173],[28.7026609,47.1270153],[28.7026619,47.1270145],[28.7026619,47.1270145],[28.7026631,47.1270149],[28.7026648,47.1270154],[28.702665,47.1270157],[28.7026654,47.1270173],[28.7026658,47.1270184],[28.7026661,47.1270194],[28.7026654,47.1270204],[28.7026643,47.1270216],[28.7026632,47.1270226],[28.7026626,47.127023],[28.7026604,47.127024],[28.702658,47.1270254],[28.7026559,47.127027],[28.702654,47.1270286],[28.7026523,47.1270304],[28.7026509,47.1270323],[28.7026497,47.1270342],[28.7026488,47.1270363],[28.7026484,47.1270374],[28.7026472,47.1270398],[28.7026453,47.1270423],[28.7026452,47.1270424],[28.7026441,47.1270435],[28.7026421,47.1270458],[28.7026409,47.127047],[28.7026392,47.127049],[28.702639,47.1270493],[28.7026102,47.1270809],[28.7026091,47.1270819],[28.7026073,47.1270836],[28.7026058,47.1270854],[28.7026052,47.1270862],[28.7026046,47.1270869],[28.7026045,47.127087],[28.7026028,47.1270887],[28.7026013,47.1270905],[28.7026011,47.1270909],[28.7025987,47.1270935],[28.7025969,47.1270951],[28.7025953,47.1270962],[28.7025935,47.1270979],[28.7025919,47.1270997],[28.7025905,47.1271016],[28.7025893,47.1271036],[28.7025884,47.1271045],[28.7025875,47.1271052],[28.7025855,47.1271069],[28.7025838,47.1271087],[28.7025833,47.1271095],[28.7025816,47.1271111],[28.7025796,47.1271133],[28.702578,47.1271156],[28.7025776,47.1271163],[28.7025765,47.1271178],[28.7025751,47.1271193],[28.7025733,47.1271209],[28.7025717,47.1271221],[28.7025699,47.1271238],[28.7025683,47.1271257],[28.702567,47.1271276],[28.7025667,47.1271284],[28.7025657,47.1271296],[28.7025604,47.1271353],[28.7025592,47.1271363],[28.7025575,47.1271374],[28.7025552,47.1271393],[28.7025532,47.1271413],[28.702552,47.1271426],[28.7025506,47.1271445],[28.70255,47.1271455],[28.7025499,47.1271455],[28.7025472,47.1271499],[28.7025471,47.12715],[28.7025458,47.1271512],[28.7025442,47.1271528],[28.7025427,47.1271544],[28.702542,47.1271554],[28.7025411,47.1271564],[28.70254,47.1271574],[28.7025383,47.1271591],[28.702537,47.1271609],[28.7025365,47.1271616],[28.7025262,47.127173],[28.7025227,47.127176],[28.702521,47.1271775],[28.7025196,47.1271792],[28.7025183,47.1271809],[28.7025179,47.1271815],[28.7025167,47.1271829],[28.702514,47.1271855],[28.7025121,47.1271876],[28.7025107,47.1271895],[28.7025093,47.1271915],[28.7025037,47.1271971],[28.7025014,47.1271991],[28.7024992,47.1272011],[28.7024974,47.1272033],[28.7024967,47.1272044],[28.7024949,47.127206],[28.7024931,47.1272078],[28.7024915,47.1272097],[28.7024902,47.1272117],[28.7024893,47.1272138],[28.7024886,47.127216],[28.7024882,47.1272181],[28.7024882,47.1272203],[28.7024884,47.1272225],[28.702489,47.1272247],[28.7024899,47.1272268],[28.702491,47.1272288],[28.7024925,47.1272308],[28.7024942,47.1272326],[28.7024962,47.1272343],[28.7024984,47.1272359],[28.7025009,47.1272374],[28.7025035,47.1272386],[28.7025063,47.1272397],[28.7025092,47.1272406],[28.7025123,47.1272413],[28.7025154,47.1272418],[28.7025186,47.127242],[28.7025218,47.1272421],[28.7025432,47.1272418],[28.7025439,47.1272418],[28.7025473,47.1272419],[28.702549,47.1272418],[28.7025521,47.1272418],[28.7025551,47.1272416],[28.7025559,47.1272416],[28.7025751,47.1272413],[28.7025783,47.1272411],[28.7025815,47.1272408],[28.7025847,47.1272402],[28.7025877,47.1272394],[28.7025906,47.1272384],[28.7025934,47.1272372],[28.7025959,47.1272358],[28.7025983,47.1272343],[28.7026004,47.1272326],[28.7026023,47.1272308],[28.7026035,47.1272293],[28.7026069,47.1272257],[28.7026086,47.1272242],[28.7026104,47.1272225],[28.702612,47.1272207],[28.7026133,47.1272188],[28.702614,47.1272176],[28.7026149,47.1272167],[28.7026173,47.1272148],[28.7026185,47.127214],[28.7026208,47.1272122],[28.7026229,47.1272104],[28.7026247,47.1272083],[28.7026261,47.1272062],[28.7026272,47.127204],[28.7026277,47.1272028],[28.7026278,47.1272027],[28.7026297,47.1272015],[28.7026317,47.1272],[28.7026336,47.1271983],[28.7026352,47.1271965],[28.7026365,47.1271946],[28.7026371,47.1271937],[28.7026382,47.1271924],[28.7026395,47.1271907],[28.7026407,47.1271888],[28.7026409,47.1271882],[28.7026419,47.1271869],[28.7026449,47.1271838],[28.7026471,47.1271819],[28.7026494,47.1271796],[28.7026495,47.1271796],[28.70265,47.1271791],[28.7026506,47.1271787],[28.7026525,47.1271771],[28.7026542,47.1271754],[28.7026556,47.1271736],[28.7026568,47.1271717],[28.7026578,47.1271697],[28.702658,47.1271692],[28.7026587,47.1271683],[28.702663,47.1271635],[28.702666,47.1271609],[28.7026676,47.1271594],[28.702669,47.1271578],[28.7026702,47.1271562],[28.7026707,47.1271553],[28.7026709,47.1271551],[28.7026721,47.1271542],[28.702674,47.1271523],[28.7026756,47.1271503],[28.7026775,47.1271477],[28.7026869,47.1271373],[28.7026888,47.1271356],[28.7026905,47.127134],[28.7026919,47.1271323],[28.7026941,47.1271295],[28.7027025,47.1271209],[28.7027046,47.1271191],[28.7027067,47.1271172],[28.7027085,47.1271151],[28.7027099,47.1271129],[28.7027099,47.1271129],[28.7027118,47.1271113],[28.7027136,47.1271095],[28.7027151,47.1271076],[28.7027162,47.1271057],[28.7027174,47.1271041],[28.7027177,47.1271038],[28.7027184,47.1271031],[28.7027193,47.1271025],[28.7027196,47.1271023],[28.702722,47.1271008],[28.7027242,47.1270991],[28.7027261,47.1270973],[28.7027278,47.1270953],[28.7027292,47.1270933],[28.7027302,47.1270912],[28.7027303,47.1270908],[28.7027311,47.1270894],[28.702732,47.1270881],[28.7027332,47.1270867],[28.7027332,47.1270867],[28.7027349,47.127085],[28.7027363,47.1270833],[28.7027405,47.1270786],[28.7027419,47.1270773],[28.7027433,47.1270756],[28.7027438,47.127075],[28.7027454,47.1270733],[28.7027465,47.1270724],[28.7027488,47.1270711],[28.7027514,47.1270696],[28.7027537,47.1270679],[28.7027557,47.1270661],[28.7027574,47.1270641],[28.7027589,47.127062],[28.70276,47.1270599],[28.7027608,47.1270576],[28.7027611,47.1270563],[28.7027612,47.1270561],[28.7027619,47.1270552],[28.7027675,47.1270492],[28.7027684,47.1270484],[28.7027697,47.1270488],[28.7027707,47.1270493],[28.7027712,47.1270495],[28.7027712,47.12705],[28.7027711,47.1270521],[28.7027713,47.1270542],[28.7027716,47.1270555],[28.7027722,47.1270745],[28.7027724,47.1270767],[28.7027729,47.1270789],[28.7027738,47.127081],[28.7027749,47.127083],[28.7027764,47.127085],[28.7027781,47.1270869],[28.7027801,47.1270886],[28.7027823,47.1270902],[28.7027848,47.1270917],[28.7027874,47.127093],[28.7027902,47.1270941],[28.7027932,47.1270949],[28.7027963,47.1270956],[28.7027994,47.1270961],[28.7028026,47.1270964],[28.7028059,47.1270965],[28.7028091,47.1270963],[28.7028123,47.1270959],[28.7028154,47.1270954],[28.7028177,47.1270948],[28.7028189,47.1270945],[28.7028206,47.1270951],[28.7028208,47.1270951],[28.7028232,47.1270963],[28.7028258,47.1270973],[28.7028268,47.1270976],[28.7028298,47.1270985],[28.7028329,47.1270992],[28.702836,47.1270997],[28.7028392,47.1271],[28.7028425,47.1271001],[28.7028457,47.1270999],[28.7028489,47.1270996],[28.702852,47.127099],[28.7028551,47.1270982],[28.702858,47.1270972],[28.7028607,47.127096],[28.7028633,47.1270947],[28.7028656,47.1270932],[28.7028677,47.1270915],[28.7028696,47.1270897],[28.7028702,47.127089],[28.7028722,47.1270868],[28.7028732,47.127086],[28.7028737,47.1270858],[28.702874,47.1270857],[28.7028767,47.1270847],[28.7028793,47.1270836],[28.7028796,47.1270835],[28.7028801,47.1270833],[28.7028801,47.1270833],[28.7028818,47.1270841],[28.702883,47.1270846],[28.7028831,47.1270847],[28.7028824,47.1270855],[28.7028777,47.1270907],[28.702877,47.1270914],[28.7028752,47.1270932],[28.7028737,47.1270951],[28.7028724,47.1270971],[28.7028714,47.1270992],[28.7028707,47.1271013],[28.7028704,47.1271035],[28.7028703,47.1271057],[28.7028706,47.1271079],[28.7028712,47.1271101],[28.702872,47.1271122],[28.7028732,47.1271142],[28.7028747,47.1271162],[28.7028764,47.127118],[28.7028784,47.1271197],[28.7028806,47.1271213],[28.7028831,47.1271228],[28.7028833,47.1271229],[28.7028859,47.1271241],[28.7028877,47.1271248],[28.7028894,47.1271256],[28.7028921,47.1271267],[28.7028932,47.1271271],[28.7028944,47.1271276],[28.7028974,47.1271285],[28.7029004,47.1271292],[28.7029036,47.1271298],[28.7029068,47.12713],[28.70291,47.1271301],[28.7029132,47.12713],[28.7029164,47.1271297],[28.7029195,47.1271291],[28.7029225,47.1271283],[28.7029254,47.1271274],[28.7029282,47.1271262],[28.7029308,47.1271249],[28.7029331,47.1271234],[28.7029353,47.1271218],[28.7029372,47.12712],[28.7029793,47.1270762],[28.7029802,47.1270754],[28.7029806,47.1270756],[28.7029813,47.1270759],[28.7029827,47.1270765],[28.702983,47.1270766],[28.7029831,47.1270767],[28.7029848,47.127078],[28.7029857,47.1270786],[28.702985,47.1270796],[28.70295,47.1271161],[28.7029483,47.1271177],[28.7029466,47.1271197],[28.7029461,47.1271204],[28.7029217,47.1271459],[28.7029207,47.1271468],[28.7029204,47.1271469],[28.7029177,47.127148],[28.7029152,47.1271493],[28.7029129,47.1271508],[28.7029109,47.1271524],[28.702909,47.1271542],[28.7028775,47.1271872],[28.7028758,47.1271891],[28.7028745,47.1271912],[28.7028734,47.1271933],[28.7028732,47.127194],[28.7028726,47.1271952],[28.7028718,47.1271975],[28.7028718,47.1271976],[28.7028716,47.1271981],[28.7028708,47.1271991],[28.7028662,47.1272041],[28.702865,47.1272052],[28.7028638,47.127206],[28.7028618,47.1272076],[28.70286,47.1272093],[28.7028584,47.1272112],[28.7028572,47.1272132],[28.7028569,47.1272136],[28.7028568,47.1272138],[28.7028553,47.1272149],[28.7028534,47.1272167],[28.7028518,47.1272186],[28.7028498,47.1272212],[28.7028388,47.1272328],[28.7028384,47.1272332],[28.7028366,47.1272348],[28.7028352,47.1272365],[28.7028343,47.1272373],[28.7028328,47.1272374],[28.7028305,47.1272374],[28.7028295,47.1272374],[28.7028272,47.1272374],[28.7028239,47.1272375],[28.7028231,47.1272376],[28.7028103,47.1272378],[28.7028071,47.1272379],[28.7028039,47.1272383],[28.7028008,47.1272389],[28.7027978,47.1272397],[28.7027949,47.1272407],[28.7027922,47.1272419],[28.7027896,47.1272432],[28.7027872,47.1272447],[28.7027851,47.1272464],[28.7027833,47.1272482],[28.7027817,47.1272501],[28.7027803,47.1272521],[28.7027793,47.1272542],[28.7027786,47.1272564],[28.7027782,47.1272586],[28.7027781,47.1272608],[28.702779,47.127288],[28.7027788,47.1272895],[28.7027787,47.1272918],[28.702779,47.127294],[28.702779,47.1272947],[28.7027789,47.1272968],[28.7027791,47.1272988],[28.7027794,47.1273001],[28.7027805,47.1273359],[28.7027804,47.1273373],[28.7027803,47.1273397],[28.7027805,47.1273419],[28.7027805,47.1273426],[28.7027804,47.1273446],[28.7027807,47.1273467],[28.7027809,47.127348],[28.702782,47.1273827],[28.7027818,47.1273842],[28.7027818,47.1273866],[28.702782,47.1273887],[28.702782,47.1273895],[28.7027819,47.1273915],[28.7027821,47.1273936],[28.7027824,47.1273949],[28.7027836,47.1274337],[28.7027835,47.1274352],[28.7027834,47.1274375],[28.7027837,47.1274397],[28.7027837,47.1274397],[28.7027836,47.1274399],[28.7027828,47.1274412],[28.7027818,47.1274432],[28.7027811,47.1274452],[28.7027806,47.1274472],[28.7027806,47.1274472],[28.7027785,47.1274491],[28.7027767,47.1274512],[28.7027751,47.1274534],[28.7027746,47.1274544],[28.7027746,47.1274544],[28.7027737,47.1274561],[28.7027731,47.1274568],[28.7027658,47.1274642],[28.7027636,47.1274668],[28.7027618,47.1274694],[28.7027511,47.1274812],[28.7027509,47.1274813],[28.7027491,47.127483],[28.7027476,47.1274849],[28.7027471,47.1274855],[28.7027405,47.1274927],[28.7027388,47.1274943],[28.7027372,47.1274962],[28.702736,47.1274979],[28.7027358,47.127498],[28.7027348,47.127499],[28.702733,47.1275006],[28.7027315,47.1275023],[28.7027312,47.1275028],[28.7027309,47.127503],[28.7027295,47.1275046],[28.7027282,47.1275062],[28.7027276,47.1275071],[28.7027215,47.1275137],[28.7027205,47.1275146],[28.7027202,47.1275148],[28.7027186,47.1275155],[28.7027159,47.1275169],[28.7027134,47.1275185],[28.7027112,47.1275203],[28.7027092,47.1275222],[28.7026741,47.1275611],[28.7026726,47.1275629],[28.7026713,47.1275648],[28.7026704,47.1275668],[28.7026697,47.1275688],[28.7026696,47.1275694],[28.7026693,47.1275699],[28.702669,47.1275703],[28.7026679,47.1275722],[28.7026675,47.1275731],[28.7026673,47.1275733],[28.702667,47.1275734],[28.7026644,47.1275753],[28.7026621,47.1275774],[28.7026593,47.1275802],[28.7026569,47.127583],[28.7026551,47.1275854],[28.7026521,47.1275888],[28.7026514,47.1275895],[28.7026509,47.1275899],[28.7026488,47.1275915],[28.7026469,47.1275933],[28.7026453,47.1275951],[28.702644,47.1275971],[28.702643,47.1275991],[28.7026421,47.1276011],[28.7026408,47.1276021],[28.7026391,47.1276037],[28.7026381,47.1276048],[28.702636,47.1276067],[28.7026339,47.1276088],[28.7026322,47.1276111],[28.702632,47.1276116],[28.7026307,47.1276131],[28.7026299,47.1276138],[28.7026264,47.1276165],[28.7026242,47.1276184],[28.7026225,47.12762],[28.7026209,47.1276212],[28.7026189,47.1276231],[28.7026171,47.1276251],[28.7026157,47.1276272],[28.7026146,47.1276294],[28.7026141,47.1276308],[28.7026134,47.1276317],[28.7026068,47.1276388],[28.7026049,47.1276405],[28.7026027,47.1276426],[28.702601,47.1276448],[28.7025996,47.1276471],[28.7025994,47.1276475],[28.7025962,47.1276522],[28.7025954,47.1276531],[28.7025949,47.1276534],[28.7025931,47.127655],[28.7025914,47.1276567],[28.70259,47.1276585],[28.7025895,47.1276593],[28.7025887,47.1276604],[28.7025882,47.1276607],[28.7025866,47.1276623],[28.7025852,47.1276639],[28.7025826,47.1276672],[28.7025823,47.1276676],[28.7025818,47.1276681],[28.702579,47.1276707],[28.7025773,47.1276724],[28.7025759,47.1276742],[28.7025755,47.1276747],[28.7025746,47.1276759],[28.7025743,47.1276762],[28.7025726,47.1276776],[28.7025711,47.1276791],[28.7025698,47.1276808],[28.7025679,47.1276833],[28.7025667,47.1276846],[28.7025657,47.1276854],[28.7025636,47.1276874],[28.7025619,47.1276896],[28.7025603,47.1276919],[28.7025559,47.1276969],[28.7025549,47.1276978],[28.7025538,47.1276985],[28.7025526,47.1276991],[28.7025506,47.1277],[28.7025485,47.127701],[28.7025465,47.1277021],[28.702546,47.1277024],[28.702546,47.1277024],[28.7025435,47.1277023],[28.7025405,47.1277025],[28.7025397,47.1277026],[28.7025067,47.127703],[28.7025061,47.127703],[28.7025026,47.127703],[28.7025009,47.1277031],[28.7025007,47.127703],[28.7024978,47.127703],[28.7024948,47.1277032],[28.7024941,47.1277032],[28.7024596,47.1277037],[28.7024589,47.1277037],[28.7024555,47.1277037],[28.7024538,47.1277038],[28.7024537,47.1277038],[28.7024507,47.1277037],[28.7024477,47.1277039],[28.7024469,47.1277039],[28.7024139,47.1277044],[28.7024119,47.1277044],[28.7024116,47.1277044],[28.7024101,47.1277044],[28.702409,47.1277045],[28.7024071,47.1277044],[28.702406,47.1277044],[28.702402,47.1277046],[28.7024017,47.1277046],[28.7023661,47.1277051],[28.7023644,47.1277051],[28.7023638,47.1277051],[28.702363,47.1277051],[28.7023609,47.1277051],[28.7023607,47.1277051],[28.7023577,47.1277051],[28.7023546,47.1277053],[28.7023539,47.1277053],[28.7023207,47.1277058],[28.7023182,47.1277058],[28.702316,47.1277058],[28.7023142,47.1277058],[28.7023137,47.1277058],[28.7023107,47.1277058],[28.7023077,47.127706],[28.702307,47.127706],[28.7022716,47.1277065],[28.7022709,47.1277065],[28.7022675,47.1277065],[28.7022657,47.1277066],[28.7022627,47.1277065],[28.7022597,47.1277067],[28.7022589,47.1277067],[28.7022255,47.1277072],[28.7022233,47.1277072],[28.7022208,47.1277072],[28.7022203,47.1277073],[28.7022199,47.1277072],[28.7022168,47.1277072],[28.7022138,47.1277073],[28.702213,47.1277074],[28.7021772,47.1277079],[28.7021767,47.1277079],[28.7021719,47.1277079],[28.7021714,47.1277079],[28.7021711,47.1277079],[28.7021684,47.1277079],[28.7021653,47.1277081],[28.7021645,47.1277081],[28.7021503,47.1277083],[28.702147,47.1277085],[28.7021439,47.1277089],[28.7021407,47.1277095],[28.7021377,47.1277102],[28.7021348,47.1277112],[28.7021321,47.1277124],[28.7021295,47.1277138],[28.7021272,47.1277153],[28.7021251,47.1277169],[28.7021232,47.1277187],[28.7021216,47.1277207],[28.7021203,47.1277227],[28.7021193,47.1277248],[28.7021185,47.1277269],[28.7021181,47.1277291],[28.702118,47.1277313],[28.702119,47.1277612],[28.7021189,47.1277625],[28.7021188,47.1277647],[28.702119,47.1277668],[28.702119,47.1277672],[28.7021189,47.1277695],[28.7021189,47.1277697],[28.7021192,47.1277719],[28.7021194,47.1277731],[28.7021207,47.1278149],[28.7021206,47.1278162],[28.7021205,47.1278183],[28.7021207,47.1278205],[28.7021207,47.1278209],[28.7021206,47.1278232],[28.7021207,47.1278243],[28.7021206,47.1278253],[28.7021199,47.1278262],[28.7021126,47.1278344],[28.7021116,47.1278354],[28.7021099,47.1278366],[28.7021079,47.1278382],[28.7021061,47.12784],[28.702106,47.1278402],[28.7021039,47.1278421],[28.7021021,47.1278439],[28.7021005,47.1278458],[28.7020969,47.1278508],[28.7020947,47.1278532],[28.7020934,47.1278547],[28.7020934,47.1278547],[28.7020872,47.1278613],[28.7020855,47.1278627],[28.7020836,47.1278646],[28.7020819,47.1278666],[28.7020806,47.1278682],[28.7020756,47.1278735],[28.702075,47.1278741],[28.7020732,47.1278758],[28.7020717,47.1278776],[28.7020717,47.1278776],[28.702069,47.1278804],[28.7020678,47.1278815],[28.7020665,47.1278831],[28.7020626,47.1278871],[28.7020617,47.127888],[28.7020592,47.1278894],[28.7020568,47.1278908],[28.7020547,47.1278925],[28.7020529,47.1278942],[28.7020513,47.1278961],[28.7020499,47.127898],[28.7020488,47.1279],[28.7020484,47.1279013],[28.7020479,47.1279024],[28.7020471,47.1279033],[28.7020288,47.1279223],[28.7020278,47.1279231],[28.7020257,47.1279243],[28.7020232,47.1279259],[28.7020209,47.1279277],[28.7020189,47.1279296],[28.7020172,47.1279317],[28.7020158,47.1279339],[28.7020148,47.1279361],[28.7020141,47.127938],[28.7020134,47.127939],[28.7020132,47.1279392],[28.7020103,47.1279419],[28.702009,47.127943],[28.7020072,47.1279448],[28.7020057,47.1279468],[28.7020047,47.1279482],[28.7019331,47.1280236],[28.7019326,47.128024],[28.7019306,47.128026],[28.70193,47.1280267],[28.7019236,47.1280336],[28.7019226,47.1280345],[28.7019213,47.1280352],[28.7019189,47.1280368],[28.7019167,47.1280385],[28.7019148,47.1280403],[28.7019132,47.1280423],[28.7019119,47.1280443],[28.7019109,47.128046],[28.7019088,47.1280488],[28.7019078,47.1280498],[28.7019061,47.1280519],[28.7019059,47.1280521],[28.701892,47.1280669],[28.7018909,47.1280679],[28.7018888,47.1280692],[28.7018867,47.1280708],[28.7018848,47.1280726],[28.7018831,47.1280745],[28.7018818,47.1280766],[28.7018808,47.1280785],[28.70188,47.1280795],[28.7018728,47.1280871],[28.7018715,47.1280882],[28.7018697,47.1280903],[28.7018692,47.1280909],[28.701868,47.1280921],[28.7018671,47.1280929],[28.7018659,47.1280936],[28.7018636,47.1280951],[28.7018615,47.1280968],[28.7018596,47.1280986],[28.701858,47.1281005],[28.7018567,47.1281025],[28.7018557,47.1281046],[28.7018555,47.128105],[28.7018548,47.128106],[28.7018507,47.1281104],[28.7018491,47.1281118],[28.7018477,47.1281134],[28.7018468,47.1281144],[28.7018467,47.1281146],[28.7018437,47.1281173],[28.7018424,47.1281186],[28.7018413,47.1281197],[28.7018398,47.1281215],[28.7018394,47.1281221],[28.7018316,47.1281299],[28.7018297,47.1281322],[28.7018292,47.1281328],[28.7018272,47.1281351],[28.701827,47.1281353],[28.701825,47.1281375],[28.7018249,47.1281376],[28.7018231,47.1281393],[28.701822,47.1281405],[28.7018181,47.1281448],[28.7018172,47.1281455],[28.7018152,47.1281471],[28.701813,47.1281491],[28.7018127,47.1281495],[28.7018119,47.1281502],[28.7018101,47.128152],[28.7018085,47.128154],[28.7018081,47.1281548],[28.7018065,47.1281569],[28.7018047,47.1281584],[28.7018027,47.1281604],[28.7018009,47.1281625],[28.7018008,47.1281627],[28.7017995,47.1281642],[28.701799,47.1281646],[28.7017972,47.1281663],[28.7017957,47.1281681],[28.7017949,47.1281692],[28.7017913,47.128173],[28.7017902,47.1281739],[28.7017892,47.1281742],[28.7017884,47.1281743],[28.7017854,47.1281744],[28.7017829,47.1281744],[28.7017796,47.1281745],[28.7017788,47.1281746],[28.7017403,47.1281752],[28.7017395,47.1281751],[28.7017363,47.1281751],[28.7017337,47.1281752],[28.7017316,47.1281751],[28.7017283,47.1281753],[28.7017275,47.1281754],[28.7016889,47.1281759],[28.7016888,47.1281759],[28.701685,47.128176],[28.7016848,47.128176],[28.7016814,47.1281759],[28.7016781,47.1281761],[28.7016773,47.1281761],[28.7016395,47.1281767],[28.7016394,47.1281767],[28.701636,47.1281767],[28.7016347,47.1281766],[28.7016337,47.1281763],[28.7016323,47.1281756],[28.7016326,47.1281746],[28.7016332,47.1281737],[28.7016338,47.1281733],[28.7016361,47.1281718],[28.7016382,47.1281702],[28.7016401,47.1281684],[28.7016418,47.1281665],[28.7016431,47.1281645],[28.7016442,47.1281624],[28.7016444,47.1281618],[28.7016452,47.1281608],[28.7016465,47.1281595],[28.7016493,47.1281572],[28.701651,47.1281557],[28.7016525,47.1281541],[28.7016538,47.1281524],[28.7016556,47.1281498],[28.7016615,47.1281436],[28.7016631,47.1281423],[28.7016651,47.1281404],[28.7016668,47.1281383],[28.7016681,47.1281366],[28.7016762,47.128128],[28.7016766,47.1281276],[28.7016785,47.1281259],[28.7016801,47.128124],[28.7016801,47.1281239],[28.7016823,47.1281216],[28.7016853,47.128119],[28.7016868,47.1281176],[28.7016882,47.128116],[28.7016892,47.1281147],[28.7016901,47.1281138],[28.7016906,47.1281132],[28.7016906,47.1281132],[28.7016925,47.1281108],[28.7016938,47.1281095],[28.7016959,47.1281074],[28.7016989,47.1281042],[28.7016998,47.1281034],[28.7016999,47.1281034],[28.7017025,47.1281022],[28.7017049,47.1281009],[28.7017071,47.1280995],[28.7017091,47.1280979],[28.7017108,47.1280962],[28.7017231,47.1280832],[28.7017249,47.1280812],[28.7017263,47.128079],[28.7017273,47.1280768],[28.701728,47.1280745],[28.7017282,47.1280736],[28.7017283,47.1280733],[28.701729,47.1280722],[28.7017359,47.128065],[28.7017368,47.1280642],[28.7017369,47.1280642],[28.7017395,47.128063],[28.7017419,47.1280617],[28.7017442,47.1280602],[28.7017463,47.1280586],[28.7017481,47.1280569],[28.7017567,47.1280478],[28.7017583,47.1280459],[28.7017596,47.128044],[28.7017606,47.1280419],[28.7017614,47.1280398],[28.7017617,47.1280383],[28.7017617,47.1280381],[28.7017624,47.1280372],[28.7017729,47.1280259],[28.7017736,47.1280253],[28.7017754,47.1280236],[28.7017769,47.1280218],[28.7017771,47.1280214],[28.7017775,47.1280211],[28.701779,47.1280195],[28.7017802,47.1280181],[28.7017844,47.1280137],[28.7017853,47.128013],[28.7017871,47.1280114],[28.7017886,47.1280098],[28.70179,47.128008],[28.7017903,47.1280075],[28.7018003,47.1279972],[28.7018012,47.1279964],[28.7018031,47.1279946],[28.7018048,47.1279927],[28.7018065,47.1279904],[28.7018156,47.1279808],[28.7018161,47.1279804],[28.7018184,47.1279782],[28.7018202,47.1279759],[28.7019017,47.1278899],[28.7019034,47.1278884],[28.701905,47.1278866],[28.7019057,47.1278857],[28.7019104,47.1278808],[28.701912,47.1278788],[28.7019134,47.1278768],[28.7019145,47.1278747],[28.7019153,47.1278725],[28.7019157,47.1278703],[28.7019158,47.127868],[28.7019156,47.1278658],[28.701915,47.1278636],[28.7019142,47.1278614],[28.701913,47.1278593],[28.7019115,47.1278573],[28.7019098,47.1278554],[28.7019077,47.1278536],[28.7019054,47.127852],[28.7019029,47.1278506],[28.7019028,47.1278505],[28.7019033,47.1278493],[28.7019039,47.1278474],[28.7019043,47.1278457],[28.7019052,47.1278436],[28.701906,47.1278414],[28.7019064,47.1278392],[28.7019065,47.1278369],[28.7019063,47.1278347],[28.7019058,47.1278324],[28.7019049,47.1278303],[28.7019037,47.1278282],[28.7019023,47.1278262],[28.7019005,47.1278243],[28.7018985,47.1278225],[28.7018962,47.1278209],[28.7018937,47.1278194],[28.7018923,47.1278187],[28.7018898,47.1278175],[28.7018878,47.1278167],[28.7018864,47.127816],[28.7018835,47.1278149],[28.7018826,47.1278146],[28.701881,47.127814],[28.7018781,47.1278131],[28.701875,47.1278124],[28.7018719,47.1278119],[28.7018687,47.1278116],[28.7018654,47.1278115],[28.7018622,47.1278117],[28.701859,47.127812],[28.7018559,47.1278126],[28.7018529,47.1278134],[28.70185,47.1278144],[28.7018473,47.1278155],[28.7018457,47.1278164],[28.7018454,47.1278165],[28.7018453,47.1278165],[28.7018425,47.1278168],[28.7018408,47.1278171],[28.7018403,47.1278171],[28.7018395,47.1278165],[28.7018379,47.1278151],[28.7018357,47.1278135],[28.7018332,47.127812],[28.7018305,47.1278107],[28.7018117,47.1278026],[28.7018116,47.1278025],[28.7018088,47.1278012],[28.7018071,47.1278005],[28.7018054,47.1277998],[28.7018026,47.1277987],[28.7018023,47.1277986],[28.7017917,47.1277941],[28.7017889,47.127793],[28.7017859,47.1277921],[28.7017827,47.1277915],[28.7017796,47.127791],[28.7017771,47.1277908],[28.7017769,47.1277908],[28.7017765,47.1277907],[28.7017753,47.12779],[28.7017724,47.127789],[28.7017721,47.1277889],[28.7017539,47.1277812],[28.7017511,47.1277802],[28.7017481,47.1277793],[28.7017451,47.1277786],[28.7017419,47.1277782],[28.7017405,47.1277781],[28.7017401,47.127778],[28.7017398,47.1277779],[28.7017385,47.1277773],[28.7017357,47.1277762],[28.701734,47.1277756],[28.701731,47.1277748],[28.7017279,47.1277741],[28.7017247,47.1277736],[28.7017214,47.1277734],[28.7017182,47.1277734],[28.7017149,47.1277736],[28.7017117,47.127774],[28.7017085,47.1277746],[28.7017078,47.1277748],[28.7017067,47.1277751],[28.7017051,47.1277754],[28.7017049,47.1277754],[28.7017027,47.1277755],[28.7017024,47.1277755],[28.7017024,47.1277755],[28.701702,47.1277753],[28.7017014,47.1277751],[28.7017008,47.1277748],[28.7016997,47.1277742],[28.7017003,47.1277733],[28.7017031,47.1277703],[28.701704,47.1277695],[28.7017043,47.1277693],[28.7017058,47.1277687],[28.7017083,47.1277673],[28.7017105,47.1277658],[28.7017126,47.1277641],[28.7017144,47.1277623],[28.7017185,47.1277578],[28.7017199,47.127756],[28.7017211,47.1277543],[28.7017221,47.1277524],[28.7017225,47.1277514],[28.7017227,47.1277511],[28.7017232,47.1277504],[28.7017242,47.1277487],[28.701725,47.1277469],[28.7017257,47.127745],[28.7017265,47.1277433],[28.7017272,47.1277411],[28.7017275,47.1277389],[28.7017276,47.1277367],[28.7017273,47.1277346],[28.7017267,47.1277324],[28.7017258,47.1277303],[28.7017247,47.1277283],[28.7017232,47.1277263],[28.7017215,47.1277245],[28.7017195,47.1277227],[28.7017173,47.1277212],[28.7017148,47.1277197],[28.7017122,47.1277185],[28.7017094,47.1277174],[28.7017064,47.1277165],[28.7017034,47.1277158],[28.7017003,47.1277154],[28.7016971,47.1277151],[28.7016939,47.127715],[28.7016909,47.1277152],[28.7016565,47.1277157],[28.7016563,47.1277157],[28.7016534,47.1277157],[28.7016532,47.1277157],[28.7016523,47.1277157],[28.7016492,47.1277156],[28.701646,47.1277158],[28.7016453,47.1277159],[28.7016115,47.1277164],[28.7016108,47.1277163],[28.7016075,47.1277163],[28.7016055,47.1277164],[28.7016027,47.1277163],[28.7015996,47.1277165],[28.7015988,47.1277165],[28.7015878,47.1277167],[28.7015846,47.1277169],[28.7015814,47.1277172],[28.7015783,47.1277178],[28.7015753,47.1277186],[28.7015724,47.1277196],[28.7015697,47.1277207],[28.7015672,47.1277221],[28.7015648,47.1277236],[28.7015627,47.1277252],[28.7015608,47.127727],[28.7015557,47.1277324],[28.7015537,47.1277343],[28.7015527,47.1277355],[28.7015509,47.1277375],[28.7015499,47.1277383],[28.7015498,47.1277384],[28.7015473,47.1277394],[28.7015448,47.1277408],[28.7015424,47.1277423],[28.7015403,47.1277439],[28.7015384,47.1277457],[28.7015233,47.1277616],[28.7015216,47.1277636],[28.7015202,47.1277658],[28.7015191,47.127768],[28.7015184,47.1277703],[28.701518,47.1277719],[28.7015173,47.1277727],[28.7014762,47.127816],[28.7014753,47.1278168],[28.7014735,47.1278185],[28.7014719,47.1278204],[28.7014716,47.1278208],[28.7014661,47.1278267],[28.7014652,47.1278274],[28.7014635,47.127829],[28.701462,47.1278306],[28.7014608,47.1278321],[28.7014504,47.1278427],[28.7014495,47.1278435],[28.7014481,47.127843],[28.7014474,47.1278427],[28.7014466,47.1278423],[28.7014466,47.1278419],[28.7014466,47.1278417],[28.7014465,47.1278412],[28.7014464,47.1278375],[28.7014463,47.1278374],[28.7014456,47.1278143],[28.7014458,47.1278129],[28.7014458,47.1278106],[28.7014456,47.1278084],[28.7014456,47.1278083],[28.7014456,47.1278079],[28.7014457,47.1278057],[28.7014455,47.1278036],[28.7014452,47.1278023],[28.7014433,47.1277424],[28.7014434,47.1277418],[28.7014435,47.1277395],[28.7014432,47.1277373],[28.7014427,47.1277352],[28.7014418,47.127733],[28.7014406,47.127731],[28.7014392,47.127729],[28.7014375,47.1277271],[28.7014355,47.1277254],[28.7014332,47.1277238],[28.7014308,47.1277223],[28.7014281,47.1277211],[28.7014253,47.12772],[28.7014223,47.1277191],[28.7014193,47.1277184],[28.7014161,47.1277179],[28.7014129,47.1277176],[28.7014096,47.1277176],[28.7014064,47.1277178],[28.7014032,47.1277181],[28.7014001,47.1277187],[28.7014,47.1277188],[28.7013971,47.1277194],[28.7013955,47.1277196],[28.7013943,47.1277196],[28.7013933,47.1277195],[28.7013901,47.1277195],[28.701387,47.1277197],[28.7013864,47.1277197],[28.7013626,47.12772],[28.7013624,47.1277201],[28.7013594,47.1277201],[28.7013582,47.12772],[28.7013551,47.12772],[28.701352,47.1277202],[28.7013513,47.1277202],[28.7013179,47.1277207],[28.7013154,47.1277207],[28.7013127,47.1277207],[28.7013123,47.1277207],[28.7013092,47.1277207],[28.7013061,47.1277208],[28.7013053,47.1277209],[28.7012706,47.1277214],[28.7012699,47.1277214],[28.7012665,47.1277213],[28.7012644,47.1277214],[28.7012618,47.1277214],[28.7012586,47.1277215],[28.7012579,47.1277216],[28.7012225,47.1277221],[28.7012219,47.1277221],[28.7012174,47.1277221],[28.7012169,47.1277221],[28.7012156,47.1277222],[28.7012142,47.1277221],[28.7012102,47.1277223],[28.7012098,47.1277223],[28.7011786,47.1277228],[28.7011761,47.1277227],[28.7011739,47.1277228],[28.7011732,47.1277228],[28.7011729,47.1277228],[28.7011698,47.1277228],[28.7011668,47.1277229],[28.701166,47.127723],[28.7011288,47.1277235],[28.7011272,47.1277235],[28.701127,47.1277235],[28.7011259,47.1277235],[28.7011256,47.1277235],[28.7011255,47.1277235],[28.7011242,47.1277235],[28.7011239,47.1277235],[28.7011239,47.1277235],[28.7011208,47.1277235],[28.7011178,47.1277236],[28.701117,47.1277237],[28.7010836,47.1277242],[28.7010811,47.1277241],[28.7010797,47.1277242],[28.7010779,47.1277242],[28.7010749,47.1277242],[28.7010718,47.1277243],[28.701071,47.1277244],[28.7010366,47.1277249],[28.7010341,47.1277248],[28.701032,47.1277249],[28.7010312,47.1277249],[28.7010308,47.1277249],[28.7010278,47.1277249],[28.7010247,47.127725],[28.701024,47.1277251],[28.7009924,47.1277256],[28.70099,47.1277255],[28.7009889,47.1277255],[28.7009888,47.1277255],[28.7009879,47.1277256],[28.7009875,47.1277256],[28.7009868,47.1277256],[28.700985,47.1277255],[28.7009849,47.1277255],[28.7009807,47.1277257],[28.7009799,47.1277257],[28.7009475,47.1277262],[28.7009451,47.1277262],[28.700943,47.1277262],[28.7009423,47.1277262],[28.7009415,47.1277262],[28.7009414,47.1277262],[28.7009403,47.1277259],[28.7009402,47.1277258],[28.7009389,47.1277252],[28.7009388,47.1277246]]]}},{"type":"Feature","id":4,"properties":{"vineyard_id":"V04","farm_id":"F02","area_m2":341.674,"n_parcels":2,"cadastral_codes":["80371130298","80371130299"],"landuse_counts":{"Teren pentru grădini":2}},"geometry":{"type":"Polygon","coordinates":[[[28.7055351,47.1262761],[28.7055357,47.126276],[28.7055367,47.1262758],[28.7055394,47.1262758],[28.7055423,47.1262757],[28.7055423,47.1262757],[28.7055698,47.1262752],[28.7055734,47.1262753],[28.7055785,47.1262752],[28.7055813,47.1262751],[28.70561,47.1262746],[28.7056136,47.1262747],[28.7056162,47.1262747],[28.7056174,47.1262748],[28.7056202,47.1262748],[28.7056208,47.1262757],[28.7056412,47.1263168],[28.7056422,47.1263194],[28.7056433,47.1263212],[28.7056472,47.126329],[28.7056474,47.1263295],[28.7056483,47.1263316],[28.7056494,47.1263336],[28.7056497,47.1263341],[28.7056514,47.1263376],[28.7056516,47.1263382],[28.7056524,47.1263403],[28.7056535,47.1263424],[28.7056544,47.1263438],[28.7056547,47.1263447],[28.7056547,47.1263449],[28.7056553,47.1263469],[28.7056561,47.1263488],[28.7056572,47.1263506],[28.705658,47.1263517],[28.7056589,47.1263533],[28.7056593,47.1263545],[28.7056602,47.1263564],[28.7056613,47.1263582],[28.7056624,47.12636],[28.7056681,47.1263713],[28.7056691,47.1263742],[28.7056702,47.1263767],[28.7056716,47.1263791],[28.705672,47.1263796],[28.7056727,47.1263811],[28.7056734,47.1263822],[28.7056741,47.1263841],[28.7056746,47.1263857],[28.7056756,47.1263879],[28.7056769,47.1263899],[28.7056772,47.1263904],[28.7056774,47.1263914],[28.705678,47.1263933],[28.7056788,47.1263952],[28.7056799,47.1263971],[28.7056812,47.1263989],[28.7056816,47.1263993],[28.7056828,47.1264012],[28.7056971,47.1264302],[28.7056979,47.1264325],[28.7056989,47.1264347],[28.7057003,47.1264369],[28.7057006,47.1264374],[28.705708,47.1264524],[28.7057084,47.1264534],[28.7057094,47.1264555],[28.7057104,47.1264572],[28.7057204,47.1264774],[28.7057208,47.1264784],[28.7057217,47.1264806],[28.7057227,47.1264822],[28.7057235,47.1264838],[28.7057244,47.1264863],[28.7057255,47.1264886],[28.7057258,47.1264891],[28.7057276,47.1264924],[28.7057279,47.1264932],[28.705729,47.1264951],[28.7058336,47.1267071],[28.7058341,47.1267084],[28.7058344,47.1267095],[28.7058347,47.1267107],[28.7058354,47.1267127],[28.7058363,47.1267146],[28.7058375,47.1267164],[28.7058387,47.1267178],[28.7058387,47.1267179],[28.7058393,47.1267196],[28.7058402,47.1267215],[28.7058413,47.1267233],[28.7058419,47.1267243],[28.7058433,47.126727],[28.7058436,47.1267281],[28.7058433,47.1267285],[28.705843,47.126729],[28.7058415,47.1267313],[28.7058411,47.1267318],[28.7058383,47.1267319],[28.7058357,47.126732],[28.7058059,47.1267325],[28.7058024,47.1267324],[28.7057972,47.1267325],[28.7057945,47.1267326],[28.7057656,47.1267331],[28.7057622,47.126733],[28.7057599,47.126733],[28.7057593,47.1267321],[28.7057389,47.1266902],[28.7057377,47.1266881],[28.7057362,47.1266861],[28.7057345,47.1266842],[28.7057336,47.1266833],[28.7057336,47.1266832],[28.7057331,47.1266826],[28.7057315,47.1266801],[28.7057302,47.1266784],[28.7057287,47.1266768],[28.7057284,47.1266765],[28.7057282,47.1266762],[28.7057274,47.1266743],[28.7057272,47.1266738],[28.7057261,47.1266717],[28.7057258,47.1266711],[28.7057251,47.1266692],[28.7057243,47.1266674],[28.7057232,47.1266656],[28.7057222,47.1266643],[28.705722,47.1266638],[28.7057208,47.1266604],[28.7057199,47.1266583],[28.7057187,47.1266564],[28.7057181,47.1266555],[28.705718,47.1266553],[28.705718,47.1266548],[28.7057179,47.1266526],[28.7057175,47.1266504],[28.7057167,47.1266483],[28.7057157,47.1266462],[28.7057144,47.1266442],[28.7057128,47.1266423],[28.7057114,47.1266409],[28.7057105,47.12664],[28.70571,47.1266392],[28.7057085,47.1266363],[28.7057081,47.1266348],[28.7057079,47.1266338],[28.7057074,47.1266315],[28.7057064,47.1266292],[28.7057052,47.126627],[28.7057036,47.126625],[28.7057032,47.1266246],[28.7057018,47.1266224],[28.7057003,47.1266194],[28.7057003,47.1266193],[28.7056992,47.1266168],[28.7056985,47.1266156],[28.7056979,47.1266146],[28.7056974,47.1266129],[28.7056973,47.1266128],[28.7056967,47.1266105],[28.7056957,47.1266083],[28.7056943,47.1266062],[28.7056936,47.1266052],[28.7056934,47.1266048],[28.7056933,47.1266043],[28.7056925,47.1266022],[28.7056914,47.1266002],[28.7056912,47.1265998],[28.7056896,47.1265971],[28.7056891,47.1265961],[28.7056888,47.1265938],[28.7056882,47.1265908],[28.7056874,47.1265884],[28.7056873,47.1265872],[28.7056868,47.126585],[28.7056859,47.1265828],[28.7056847,47.1265807],[28.7056832,47.1265786],[28.7056814,47.1265767],[28.7056793,47.126575],[28.7056791,47.1265748],[28.7056791,47.1265747],[28.7056784,47.1265727],[28.7056772,47.1265704],[28.705677,47.1265701],[28.7056757,47.1265673],[28.7056747,47.1265654],[28.7056735,47.1265636],[28.7056728,47.1265628],[28.7056723,47.1265616],[28.7056711,47.1265592],[28.7056705,47.1265582],[28.7056661,47.1265489],[28.7056657,47.1265474],[28.7056648,47.1265452],[28.7056645,47.1265447],[28.7056637,47.1265422],[28.7056629,47.1265401],[28.7056618,47.1265381],[28.7056605,47.1265362],[28.7056591,47.1265347],[28.7056585,47.1265336],[28.7056474,47.1265101],[28.7056471,47.1265093],[28.7056458,47.1265071],[28.705645,47.1265059],[28.7056171,47.1264489],[28.7056168,47.1264479],[28.705616,47.1264459],[28.705615,47.126444],[28.7056137,47.126442],[28.7055787,47.1263702],[28.7055785,47.1263697],[28.7055776,47.1263675],[28.7055763,47.1263653],[28.7055762,47.1263651],[28.7055688,47.1263499],[28.7055687,47.1263496],[28.7055679,47.1263476],[28.7055678,47.1263475],[28.7055635,47.1263384],[28.7055623,47.1263361],[28.7055614,47.1263349],[28.7055532,47.1263181],[28.7055531,47.1263176],[28.7055523,47.1263157],[28.7055513,47.1263138],[28.7055509,47.1263133],[28.7055481,47.1263074],[28.7055477,47.1263067],[28.7055391,47.1262889],[28.7055385,47.1262874],[28.7055377,47.1262861],[28.7055339,47.1262783],[28.7055335,47.1262774],[28.7055336,47.126277],[28.7055338,47.1262765],[28.7055351,47.1262761]]]}},{"type":"Feature","id":5,"properties":{"vineyard_id":"V05","farm_id":"F03","area_m2":41.854,"n_parcels":1,"cadastral_codes":["80372170062"],"landuse_counts":{"Pentru construcţii":1}},"geometry":{"type":"Polygon","coordinates":[[[28.7069176,47.1262292],[28.7069194,47.1262283],[28.7069204,47.1262277],[28.706922,47.126227],[28.7069246,47.1262262],[28.7069275,47.1262251],[28.7069302,47.1262238],[28.7069327,47.1262223],[28.706935,47.1262206],[28.706937,47.1262188],[28.7069387,47.1262169],[28.7069402,47.1262148],[28.7069409,47.1262136],[28.7069439,47.1262128],[28.7069469,47.1262117],[28.7069473,47.1262116],[28.7069504,47.1262113],[28.7069532,47.1262109],[28.7069552,47.1262109],[28.7069592,47.1262112],[28.706964,47.1262119],[28.7069674,47.1262122],[28.7069708,47.1262124],[28.7069753,47.1262124],[28.7070058,47.1262143],[28.7070085,47.1262147],[28.7070112,47.126215],[28.7070139,47.1262151],[28.7070155,47.1262152],[28.7070163,47.1262152],[28.7070163,47.1262152],[28.707028,47.126216],[28.7070287,47.1262161],[28.707032,47.1262165],[28.7070354,47.1262166],[28.7070365,47.1262165],[28.7070386,47.1262166],[28.7070396,47.1262168],[28.7070415,47.126217],[28.7070443,47.1262173],[28.7070471,47.1262173],[28.7070487,47.1262173],[28.7070593,47.126218],[28.7070608,47.1262183],[28.7070626,47.1262196],[28.7070653,47.1262212],[28.7070665,47.1262219],[28.7070669,47.1262221],[28.707067,47.1262224],[28.7070674,47.1262234],[28.7070685,47.1262255],[28.7070699,47.1262275],[28.7070716,47.1262295],[28.7070736,47.1262313],[28.7070758,47.1262329],[28.7070783,47.1262344],[28.7070809,47.1262357],[28.7070838,47.1262368],[28.7070868,47.1262378],[28.7070899,47.1262385],[28.7070924,47.1262389],[28.7070924,47.1262389],[28.7070936,47.1262409],[28.7070949,47.1262427],[28.7070964,47.1262445],[28.7070981,47.1262461],[28.7071,47.1262477],[28.7071021,47.1262491],[28.7071044,47.1262504],[28.7071053,47.1262508],[28.7071053,47.126252],[28.7071052,47.1262523],[28.7071052,47.1262523],[28.7071036,47.1262524],[28.7070688,47.1262525],[28.7070673,47.1262524],[28.7070645,47.126252],[28.7070616,47.1262517],[28.7070587,47.1262516],[28.7070544,47.1262516],[28.7070409,47.1262508],[28.7070384,47.1262504],[28.707035,47.1262501],[28.7070316,47.12625],[28.7070297,47.12625],[28.7070144,47.1262491],[28.7070101,47.1262486],[28.7070073,47.1262483],[28.707005,47.1262482],[28.707005,47.1262482],[28.7070003,47.1262482],[28.7069998,47.1262481],[28.7069983,47.1262479],[28.7069944,47.1262478],[28.7069937,47.1262478],[28.7069874,47.1262475],[28.7069858,47.1262473],[28.7069856,47.1262472],[28.7069824,47.1262465],[28.7069791,47.1262459],[28.7069757,47.1262456],[28.7069724,47.1262455],[28.706969,47.1262457],[28.7069663,47.1262459],[28.7069652,47.1262459],[28.7069637,47.1262458],[28.7069608,47.1262448],[28.706958,47.126244],[28.7069551,47.1262433],[28.7069521,47.1262428],[28.706949,47.1262425],[28.7069489,47.1262425],[28.7069473,47.1262423],[28.7069464,47.1262414],[28.7069444,47.1262396],[28.7069421,47.1262379],[28.7069396,47.1262364],[28.7069369,47.126235],[28.7069339,47.1262339],[28.7069309,47.126233],[28.7069277,47.1262323],[28.7069244,47.1262318],[28.7069211,47.1262315],[28.7069202,47.1262315],[28.7069175,47.1262315],[28.7069174,47.1262305],[28.7069175,47.12623],[28.7069175,47.1262295],[28.7069176,47.1262292]]]}},{"type":"Feature","id":6,"properties":{"vineyard_id":"V06","farm_id":"F04","area_m2":96.991,"n_parcels":1,"cadastral_codes":["80371130333"],"landuse_counts":{"Teren pentru grădini":1}},"geometry":{"type":"Polygon","coordinates":[[[28.7042188,47.126201],[28.7042209,47.1261997],[28.7042218,47.126199],[28.7042239,47.1261973],[28.7042258,47.1261955],[28.7042274,47.1261935],[28.7042287,47.1261915],[28.7042296,47.1261893],[28.7042303,47.1261871],[28.7042307,47.1261849],[28.7042307,47.1261827],[28.7042304,47.1261804],[28.7042297,47.1261782],[28.7042288,47.1261761],[28.7042275,47.126174],[28.704226,47.126172],[28.7042242,47.1261702],[28.7042234,47.1261695],[28.7042231,47.1261689],[28.7042231,47.1261686],[28.7042221,47.1261662],[28.7042219,47.1261658],[28.7042213,47.1261642],[28.7042212,47.1261641],[28.7042215,47.1261639],[28.7042227,47.1261633],[28.704225,47.1261617],[28.7042252,47.1261615],[28.7042262,47.126161],[28.7042284,47.1261594],[28.7042305,47.1261577],[28.7042323,47.1261559],[28.7042338,47.126154],[28.7042351,47.126152],[28.704236,47.1261499],[28.7042367,47.1261477],[28.704237,47.1261456],[28.704237,47.1261434],[28.7042368,47.1261412],[28.7042362,47.126139],[28.7042353,47.1261369],[28.7042341,47.1261349],[28.7042334,47.126134],[28.704233,47.1261333],[28.7042316,47.1261314],[28.7042299,47.1261296],[28.7042291,47.1261288],[28.7042293,47.1261287],[28.7042305,47.126128],[28.7042329,47.1261265],[28.7042336,47.1261259],[28.7042353,47.1261249],[28.7042376,47.126123],[28.7042396,47.1261209],[28.7042412,47.1261187],[28.7042415,47.1261185],[28.7042431,47.1261174],[28.7042433,47.1261173],[28.7042434,47.1261173],[28.7042435,47.1261173],[28.7042445,47.1261177],[28.7042447,47.1261178],[28.7042449,47.126118],[28.7042471,47.1261192],[28.7042477,47.1261195],[28.7042498,47.1261209],[28.7042521,47.1261221],[28.7042546,47.1261232],[28.7042551,47.1261234],[28.704257,47.1261241],[28.7042582,47.1261249],[28.7042605,47.1261266],[28.7042616,47.1261276],[28.7042624,47.1261286],[28.7042642,47.1261304],[28.7042663,47.1261321],[28.7042686,47.1261337],[28.7042711,47.126135],[28.7042718,47.1261353],[28.7042734,47.1261363],[28.7042845,47.1261446],[28.7042858,47.1261459],[28.704288,47.1261478],[28.7042904,47.1261495],[28.7042923,47.1261507],[28.7043159,47.1261685],[28.7043169,47.1261694],[28.704318,47.1261708],[28.7043198,47.1261726],[28.7043219,47.1261743],[28.7043231,47.1261751],[28.7043252,47.1261765],[28.7043274,47.1261778],[28.7043283,47.1261782],[28.7043298,47.1261791],[28.7043354,47.1261835],[28.7043371,47.1261851],[28.7043391,47.1261867],[28.7043412,47.1261882],[28.7043422,47.1261887],[28.7043434,47.1261897],[28.7043456,47.1261914],[28.7043468,47.1261922],[28.7043469,47.1261923],[28.7043488,47.1261937],[28.7043511,47.1261953],[28.7043519,47.1261961],[28.7043539,47.1261977],[28.704356,47.1261992],[28.7043575,47.1262001],[28.7043592,47.1262015],[28.7043614,47.1262031],[28.7043625,47.1262038],[28.7043641,47.1262051],[28.7043656,47.1262065],[28.7043677,47.1262082],[28.70437,47.1262099],[28.7043717,47.1262109],[28.7043719,47.1262111],[28.7043739,47.1262128],[28.7043761,47.1262143],[28.7043771,47.1262149],[28.704392,47.1262262],[28.7043934,47.1262274],[28.7043961,47.1262297],[28.7044029,47.1262346],[28.7044033,47.1262349],[28.7044056,47.1262368],[28.7044078,47.1262383],[28.7044078,47.1262384],[28.7044086,47.1262392],[28.7044077,47.1262399],[28.7044072,47.1262402],[28.7044061,47.126241],[28.7044052,47.1262415],[28.7044045,47.1262419],[28.7044033,47.1262425],[28.7044027,47.1262423],[28.7044025,47.1262422],[28.7043998,47.1262409],[28.7043968,47.1262399],[28.7043937,47.126239],[28.7043905,47.1262384],[28.7043873,47.1262379],[28.704384,47.1262378],[28.7043806,47.1262378],[28.7043773,47.1262381],[28.7043741,47.1262386],[28.7043709,47.1262393],[28.7043679,47.1262402],[28.7043671,47.1262405],[28.7043666,47.1262406],[28.7043655,47.1262406],[28.7043647,47.1262405],[28.7043645,47.1262403],[28.7043618,47.1262392],[28.704359,47.1262383],[28.7043561,47.1262375],[28.704353,47.1262369],[28.7043499,47.1262366],[28.7043468,47.1262364],[28.7043437,47.1262365],[28.7043406,47.1262367],[28.7043375,47.1262371],[28.7043345,47.1262378],[28.7043316,47.1262386],[28.7043289,47.1262396],[28.7043263,47.1262408],[28.7043254,47.1262413],[28.7043226,47.1262428],[28.7043224,47.1262429],[28.7043213,47.1262435],[28.7043197,47.1262425],[28.7043172,47.1262411],[28.7043145,47.1262399],[28.7043116,47.1262389],[28.7043086,47.126238],[28.7043055,47.1262374],[28.7043024,47.126237],[28.7042992,47.1262367],[28.7042959,47.1262368],[28.7042927,47.126237],[28.7042895,47.1262374],[28.7042865,47.126238],[28.7042835,47.1262389],[28.7042806,47.1262399],[28.7042779,47.1262411],[28.7042754,47.1262425],[28.7042751,47.1262427],[28.7042747,47.126243],[28.7042739,47.1262435],[28.7042728,47.1262441],[28.7042721,47.1262441],[28.7042712,47.1262441],[28.7042705,47.1262434],[28.7042693,47.1262423],[28.7042673,47.1262407],[28.7042483,47.1262267],[28.7042479,47.1262264],[28.7042463,47.1262251],[28.7042446,47.1262238],[28.7042441,47.1262235],[28.7042412,47.1262211],[28.70424,47.1262201],[28.704238,47.1262187],[28.7042232,47.1262075],[28.7042222,47.1262065],[28.7042199,47.1262046],[28.7042173,47.1262029],[28.7042172,47.1262028],[28.704217,47.1262026],[28.7042169,47.1262023],[28.7042188,47.126201]]]}},{"type":"Feature","id":7,"properties":{"vineyard_id":"V07","farm_id":"F05","area_m2":154.549,"n_parcels":1,"cadastral_codes":["80371130098"],"landuse_counts":{"Teren pentru obținerea producției agricole":1}},"geometry":{"type":"Polygon","coordinates":[[[28.7034076,47.1258303],[28.7034076,47.1258294],[28.7034074,47.1258275],[28.7034074,47.1258261],[28.7034075,47.1258251],[28.7034087,47.1258246],[28.7034575,47.1258064],[28.7034587,47.125806],[28.7034615,47.1258051],[28.7034641,47.125804],[28.7034653,47.1258034],[28.7034699,47.1258018],[28.7034713,47.1258014],[28.7034737,47.1258004],[28.7034751,47.1258],[28.7034782,47.125799],[28.7034811,47.1257979],[28.7034832,47.1257969],[28.7034862,47.1257958],[28.7034893,47.1257945],[28.7034902,47.1257941],[28.70352,47.1257831],[28.7035221,47.1257824],[28.7035247,47.1257813],[28.7035254,47.125781],[28.7035387,47.1257761],[28.7035401,47.1257756],[28.703543,47.1257744],[28.7035431,47.1257744],[28.7035535,47.1257705],[28.7035549,47.1257701],[28.7035554,47.1257701],[28.7035564,47.1257702],[28.7035596,47.1257703],[28.7035627,47.1257701],[28.7035637,47.12577],[28.7035641,47.12577],[28.7035645,47.1257703],[28.703565,47.1257707],[28.7035672,47.1257723],[28.7035696,47.1257738],[28.7035722,47.1257751],[28.703575,47.1257762],[28.7035779,47.1257771],[28.703581,47.1257779],[28.7035841,47.1257784],[28.7035873,47.1257787],[28.7035905,47.1257788],[28.7035937,47.1257787],[28.7035969,47.1257783],[28.7036,47.1257778],[28.7036031,47.125777],[28.703606,47.1257761],[28.703615,47.1257727],[28.7036178,47.1257716],[28.70362,47.1257706],[28.703628,47.1257676],[28.7036322,47.1257664],[28.7036349,47.1257655],[28.7036374,47.1257645],[28.7036398,47.1257633],[28.7036417,47.1257624],[28.703664,47.1257543],[28.7036654,47.1257539],[28.7036656,47.125754],[28.7036665,47.125755],[28.7036685,47.1257567],[28.7036707,47.1257582],[28.7036731,47.1257596],[28.7036758,47.1257609],[28.7036786,47.125762],[28.7036815,47.1257628],[28.7036845,47.1257635],[28.7036876,47.125764],[28.7036908,47.1257642],[28.703694,47.1257643],[28.7036972,47.1257641],[28.7037003,47.1257638],[28.7037034,47.1257632],[28.7037064,47.1257624],[28.7037093,47.1257615],[28.7037146,47.1257594],[28.703716,47.125759],[28.7037163,47.1257592],[28.7037165,47.1257594],[28.7037173,47.1257601],[28.7037187,47.1257615],[28.7037187,47.1257615],[28.7037192,47.125762],[28.7037194,47.1257623],[28.70372,47.1257633],[28.7037188,47.1257653],[28.7037176,47.1257674],[28.7037168,47.1257696],[28.7037164,47.1257719],[28.7037163,47.1257742],[28.7037165,47.1257765],[28.7037171,47.1257787],[28.7037179,47.125781],[28.7037192,47.1257831],[28.7037195,47.1257835],[28.7037207,47.1257853],[28.7037203,47.1257858],[28.7037187,47.1257877],[28.7037174,47.1257897],[28.7037164,47.1257918],[28.7037157,47.1257939],[28.7037154,47.1257961],[28.7037153,47.1257982],[28.7037155,47.1258004],[28.7037161,47.1258026],[28.7037169,47.1258047],[28.7037181,47.1258067],[28.7037195,47.1258087],[28.7037199,47.1258091],[28.7037203,47.1258097],[28.7037213,47.1258109],[28.7037218,47.1258118],[28.7037206,47.1258124],[28.7036922,47.1258233],[28.7036916,47.1258234],[28.7036889,47.1258244],[28.7036862,47.1258255],[28.7036852,47.1258259],[28.7036762,47.1258294],[28.703676,47.1258294],[28.703673,47.1258304],[28.7036714,47.1258311],[28.7036602,47.1258354],[28.7036579,47.1258362],[28.7036576,47.1258362],[28.7036541,47.1258372],[28.7036508,47.1258385],[28.7036413,47.1258427],[28.7036399,47.1258431],[28.7036385,47.1258433],[28.7036323,47.1258433],[28.7036302,47.1258433],[28.7036288,47.1258432],[28.7036253,47.1258431],[28.7036217,47.1258434],[28.7036201,47.1258435],[28.7035723,47.1258442],[28.7035701,47.1258441],[28.7035668,47.125844],[28.7035635,47.1258442],[28.7035631,47.1258443],[28.7035617,47.1258443],[28.7035615,47.1258443],[28.7035585,47.1258442],[28.7035555,47.1258443],[28.7035527,47.1258445],[28.7035051,47.1258452],[28.7035048,47.1258452],[28.7034982,47.1258453],[28.7034979,47.1258453],[28.7034963,47.1258453],[28.7034949,47.1258452],[28.7034948,47.1258452],[28.7034913,47.1258451],[28.7034878,47.1258453],[28.7034861,47.1258455],[28.703435,47.1258463],[28.7034345,47.1258463],[28.7034283,47.1258464],[28.703428,47.1258464],[28.7034262,47.1258463],[28.703425,47.1258462],[28.703425,47.1258462],[28.7034215,47.1258462],[28.703418,47.1258464],[28.7034162,47.1258466],[28.7034097,47.1258467],[28.7034082,47.1258466],[28.703408,47.1258456],[28.7034076,47.1258325],[28.7034076,47.1258325],[28.7034077,47.1258304],[28.7034076,47.1258303]]]}},{"type":"Feature","id":8,"properties":{"vineyard_id":"V08","farm_id":"F06","area_m2":654.568,"n_parcels":1,"cadastral_codes":["80372170073"],"landuse_counts":{"Pentru construcţii":1}},"geometry":{"type":"Polygon","coordinates":[[[28.7067771,47.1256325],[28.7067773,47.1256321],[28.7067783,47.1256317],[28.7067791,47.1256315],[28.7067797,47.1256315],[28.7067803,47.1256315],[28.7067835,47.1256316],[28.7067866,47.1256315],[28.7067898,47.1256312],[28.7067928,47.1256307],[28.7067958,47.1256299],[28.7067987,47.125629],[28.7068014,47.1256279],[28.706804,47.1256267],[28.7068064,47.1256252],[28.7068085,47.1256237],[28.7068104,47.1256219],[28.7068121,47.1256201],[28.7068135,47.1256182],[28.7068147,47.1256162],[28.7068155,47.1256141],[28.7068165,47.1256112],[28.706817,47.1256093],[28.7068172,47.1256074],[28.7068173,47.1256054],[28.706817,47.1256035],[28.7068169,47.1256029],[28.706817,47.1256016],[28.706817,47.1256014],[28.7068173,47.1256001],[28.7068174,47.1255999],[28.7068174,47.1255997],[28.7068175,47.1255996],[28.7068176,47.125599],[28.7068179,47.1255981],[28.7068179,47.1255979],[28.7068182,47.1255969],[28.706819,47.1255944],[28.7068196,47.1255922],[28.7068198,47.12559],[28.7068197,47.1255877],[28.7068195,47.1255864],[28.7068193,47.1255851],[28.7068195,47.125584],[28.7068196,47.1255835],[28.7068199,47.1255824],[28.7068202,47.1255816],[28.7068203,47.1255812],[28.7068208,47.1255802],[28.7068222,47.1255803],[28.7068341,47.125582],[28.706836,47.1255823],[28.7068375,47.1255825],[28.7068459,47.1255838],[28.7068498,47.1255846],[28.7068531,47.1255852],[28.7068535,47.1255852],[28.7068535,47.1255853],[28.7068771,47.1255885],[28.7068775,47.1255886],[28.7068803,47.1255891],[28.7068827,47.1255893],[28.7069148,47.1255942],[28.7069157,47.1255944],[28.7069194,47.1255951],[28.7069232,47.1255955],[28.7069233,47.1255955],[28.7069258,47.1255958],[28.7069275,47.1255962],[28.7069322,47.125597],[28.7069358,47.1255974],[28.7069383,47.1255978],[28.7069413,47.1255986],[28.7069447,47.1255994],[28.7069482,47.1255998],[28.7069518,47.1256001],[28.7069531,47.1256001],[28.7069543,47.1256005],[28.7069574,47.1256014],[28.7069607,47.1256021],[28.706964,47.1256025],[28.7069674,47.1256028],[28.7069706,47.1256027],[28.7069723,47.1256029],[28.7069729,47.125603],[28.7069748,47.1256035],[28.7069759,47.1256038],[28.7069789,47.1256046],[28.706982,47.1256052],[28.7069843,47.1256055],[28.7069888,47.1256062],[28.7069922,47.1256066],[28.7069956,47.1256068],[28.706997,47.1256068],[28.7069991,47.125607],[28.7070012,47.1256073],[28.7070036,47.1256078],[28.7070036,47.1256079],[28.7070068,47.1256087],[28.7070101,47.1256093],[28.7070135,47.1256097],[28.7070163,47.1256098],[28.7070193,47.12561],[28.7070225,47.1256104],[28.7070253,47.125611],[28.7070279,47.1256114],[28.7070299,47.1256116],[28.7070588,47.1256159],[28.7070604,47.1256163],[28.7070635,47.1256168],[28.7070666,47.1256172],[28.707069,47.1256174],[28.7070697,47.1256175],[28.7070699,47.1256176],[28.7070731,47.1256182],[28.7070765,47.1256186],[28.7070769,47.1256186],[28.7070916,47.1256208],[28.7070932,47.1256212],[28.7070936,47.1256214],[28.7070962,47.1256223],[28.7070975,47.1256226],[28.7070997,47.1256234],[28.707102,47.1256244],[28.7071048,47.1256253],[28.7071077,47.1256261],[28.7071107,47.1256266],[28.7071534,47.125633],[28.7071563,47.1256334],[28.7071594,47.1256336],[28.7071624,47.1256335],[28.7071654,47.1256333],[28.7071683,47.1256329],[28.7071684,47.1256329],[28.7071691,47.1256328],[28.7071706,47.1256329],[28.7071717,47.125633],[28.707173,47.1256332],[28.7071753,47.1256342],[28.7071779,47.1256352],[28.7071807,47.1256361],[28.7071836,47.1256368],[28.7071865,47.1256373],[28.7071895,47.1256376],[28.7071926,47.1256377],[28.7071956,47.1256377],[28.7071986,47.1256374],[28.7071993,47.1256373],[28.7072004,47.1256373],[28.7072018,47.1256376],[28.7072043,47.1256383],[28.707207,47.1256391],[28.7072098,47.1256397],[28.7072124,47.1256401],[28.707216,47.1256406],[28.7072197,47.1256408],[28.707222,47.1256408],[28.707224,47.125641],[28.7072307,47.1256419],[28.7072325,47.1256423],[28.7072345,47.125643],[28.7072376,47.1256438],[28.7072408,47.1256444],[28.707244,47.1256448],[28.7072474,47.125645],[28.7072501,47.1256449],[28.7072518,47.1256451],[28.7072636,47.1256468],[28.7072654,47.1256472],[28.7072669,47.1256477],[28.7072697,47.1256485],[28.7072725,47.125649],[28.7072754,47.1256494],[28.7072784,47.1256496],[28.7072805,47.1256496],[28.7072822,47.1256498],[28.707283,47.1256499],[28.7072843,47.1256502],[28.7072863,47.125651],[28.7072892,47.1256519],[28.7072923,47.1256527],[28.7072955,47.1256533],[28.7072988,47.1256536],[28.7073021,47.1256538],[28.7073054,47.1256537],[28.7073072,47.1256535],[28.7073089,47.1256537],[28.7073096,47.1256538],[28.7073125,47.1256544],[28.7073158,47.125655],[28.7073191,47.1256554],[28.7073224,47.1256557],[28.7073532,47.1256603],[28.7073562,47.1256609],[28.7073593,47.1256613],[28.7073606,47.1256614],[28.7074051,47.1256682],[28.7074074,47.1256686],[28.7074107,47.125669],[28.7074108,47.125669],[28.7074304,47.1256719],[28.7074314,47.1256721],[28.7074341,47.1256724],[28.7074511,47.1256751],[28.7074525,47.1256754],[28.7074527,47.1256767],[28.7074527,47.1256767],[28.707453,47.1256789],[28.7074529,47.1256793],[28.7074531,47.125682],[28.7074532,47.1256821],[28.7074536,47.1256945],[28.7074535,47.1256948],[28.7074534,47.1256965],[28.7074535,47.1256982],[28.7074536,47.1256991],[28.7074536,47.1256995],[28.7074538,47.1257022],[28.7074538,47.1257023],[28.7074541,47.1257117],[28.7074541,47.125712],[28.707454,47.1257137],[28.7074541,47.1257154],[28.7074542,47.1257163],[28.7074541,47.1257167],[28.7074543,47.1257194],[28.7074544,47.1257194],[28.7074548,47.1257329],[28.7074547,47.1257332],[28.7074546,47.125735],[28.7074547,47.1257367],[28.7074548,47.1257375],[28.7074548,47.1257379],[28.707455,47.1257406],[28.707455,47.1257407],[28.7074554,47.1257519],[28.7074554,47.1257523],[28.7074553,47.1257539],[28.7074553,47.1257556],[28.7074554,47.1257566],[28.7074554,47.1257569],[28.7074556,47.1257596],[28.7074556,47.1257597],[28.707456,47.1257717],[28.707456,47.125772],[28.7074559,47.1257737],[28.707456,47.1257754],[28.7074561,47.1257763],[28.707456,47.1257767],[28.7074563,47.1257794],[28.7074563,47.1257794],[28.7074565,47.1257853],[28.7074564,47.1257863],[28.7074549,47.1257864],[28.7074255,47.1257869],[28.7074249,47.1257868],[28.7074217,47.1257869],[28.7074184,47.1257873],[28.7074153,47.1257878],[28.7074122,47.1257885],[28.7074092,47.1257895],[28.7074068,47.1257904],[28.7074052,47.1257902],[28.7073902,47.1257879],[28.7073887,47.1257875],[28.7073875,47.1257871],[28.7073846,47.1257861],[28.7073815,47.1257853],[28.7073784,47.1257847],[28.7073776,47.1257846],[28.7073593,47.1257818],[28.707357,47.1257813],[28.707354,47.1257807],[28.7073508,47.1257803],[28.7073474,47.1257801],[28.7073404,47.1257789],[28.7073386,47.1257785],[28.7073367,47.1257779],[28.7073335,47.1257771],[28.7073303,47.1257765],[28.7073269,47.1257762],[28.7073242,47.1257761],[28.7073225,47.1257759],[28.7073204,47.1257755],[28.7073204,47.1257755],[28.7073169,47.1257747],[28.7073133,47.1257741],[28.7073108,47.1257738],[28.7073095,47.1257735],[28.7073081,47.1257731],[28.7073052,47.1257722],[28.7073023,47.1257716],[28.7072992,47.1257711],[28.7072961,47.1257709],[28.707293,47.1257708],[28.7072904,47.1257709],[28.7072892,47.1257708],[28.707288,47.1257707],[28.7072869,47.1257704],[28.7072845,47.1257697],[28.7072817,47.125769],[28.7072789,47.1257685],[28.707276,47.1257681],[28.707273,47.1257679],[28.7072713,47.1257679],[28.7072695,47.1257677],[28.707269,47.1257677],[28.7072648,47.1257666],[28.7072621,47.125766],[28.7072593,47.1257656],[28.7072564,47.1257654],[28.7072543,47.1257653],[28.7072529,47.1257651],[28.7072477,47.1257643],[28.7072457,47.1257638],[28.7072421,47.1257632],[28.7072404,47.1257631],[28.7072386,47.1257627],[28.7072359,47.1257622],[28.7072352,47.1257621],[28.707183,47.1257541],[28.7071798,47.1257534],[28.7071765,47.1257527],[28.7071735,47.1257524],[28.7071322,47.1257461],[28.7071306,47.1257457],[28.7071302,47.1257455],[28.7071292,47.125745],[28.7071264,47.1257437],[28.7071233,47.1257426],[28.7071201,47.1257417],[28.7071168,47.125741],[28.7071108,47.1257401],[28.7071073,47.1257397],[28.7071038,47.1257395],[28.7071003,47.1257396],[28.7070968,47.12574],[28.7070961,47.1257401],[28.7070954,47.1257401],[28.7070937,47.12574],[28.7070802,47.1257379],[28.7070781,47.1257373],[28.7070774,47.1257371],[28.7070745,47.1257362],[28.7070714,47.1257356],[28.7070684,47.1257351],[28.7070652,47.1257349],[28.7070621,47.1257348],[28.7070616,47.1257348],[28.7070601,47.1257347],[28.7070512,47.1257331],[28.7070484,47.1257324],[28.7070465,47.1257319],[28.7070436,47.1257313],[28.7070407,47.1257309],[28.7070377,47.1257306],[28.7070367,47.1257306],[28.7070342,47.1257305],[28.7070327,47.1257302],[28.7070294,47.1257293],[28.7070261,47.1257285],[28.7070226,47.1257279],[28.7070191,47.1257276],[28.7070182,47.1257276],[28.7070158,47.1257273],[28.7070114,47.1257265],[28.7070082,47.1257259],[28.707005,47.1257256],[28.7070038,47.1257256],[28.7070034,47.1257256],[28.7070029,47.1257254],[28.7070018,47.125725],[28.7069988,47.1257241],[28.7069957,47.1257234],[28.7069926,47.1257229],[28.7069893,47.1257226],[28.7069887,47.1257226],[28.7069851,47.1257224],[28.7069824,47.1257221],[28.7069808,47.125722],[28.7069778,47.1257213],[28.7069751,47.1257208],[28.7069723,47.1257204],[28.7069658,47.1257197],[28.7069631,47.1257192],[28.7069587,47.1257186],[28.7069575,47.1257185],[28.706954,47.1257179],[28.7069523,47.1257175],[28.7069497,47.1257166],[28.7069466,47.1257157],[28.7069434,47.1257151],[28.7069401,47.1257147],[28.7069367,47.1257145],[28.7069366,47.1257145],[28.7069343,47.1257143],[28.7069192,47.1257123],[28.7069166,47.1257118],[28.7069142,47.1257113],[28.7069117,47.125711],[28.7069092,47.1257107],[28.7069059,47.1257101],[28.7069023,47.1257097],[28.7069012,47.1257096],[28.7068924,47.1257082],[28.7068896,47.1257076],[28.7068867,47.125707],[28.7068837,47.1257067],[28.7068818,47.1257065],[28.7068286,47.1256981],[28.7068263,47.1256976],[28.7068233,47.1256973],[28.7068051,47.1256944],[28.706803,47.125694],[28.7068027,47.125694],[28.7068,47.1256935],[28.706799,47.125693],[28.706796,47.1256916],[28.7067929,47.1256904],[28.7067896,47.1256895],[28.7067862,47.1256888],[28.7067799,47.1256878],[28.7067784,47.1256875],[28.7067784,47.1256867],[28.7067784,47.1256856],[28.7067782,47.1256838],[28.7067782,47.1256837],[28.7067779,47.1256751],[28.7067779,47.1256748],[28.706778,47.1256731],[28.7067779,47.1256714],[28.7067778,47.1256705],[28.7067779,47.1256701],[28.7067776,47.1256674],[28.7067776,47.1256674],[28.7067772,47.1256531],[28.7067772,47.1256529],[28.7067771,47.1256513],[28.7067772,47.1256505],[28.7067771,47.12565],[28.7067772,47.1256494],[28.706777,47.1256467],[28.706777,47.1256466],[28.7067767,47.1256376],[28.7067767,47.1256373],[28.7067768,47.1256356],[28.7067767,47.1256338],[28.7067767,47.1256337],[28.7067768,47.1256335],[28.7067771,47.1256326],[28.7067771,47.1256325]]]}},{"type":"Feature","id":9,"properties":{"vineyard_id":"V09","farm_id":"F06","area_m2":52.994,"n_parcels":1,"cadastral_codes":["80372170074"],"landuse_counts":{"Teren pentru grădini":1}},"geometry":{"type":"Polygon","coordinates":[[[28.7072872,47.1255885],[28.7072876,47.1255875],[28.7072882,47.1255854],[28.7072883,47.1255851],[28.7072893,47.1255822],[28.7072899,47.1255801],[28.7072901,47.1255778],[28.7072901,47.1255756],[28.7072897,47.1255734],[28.7072891,47.1255713],[28.7072889,47.1255707],[28.7072889,47.1255697],[28.707289,47.1255695],[28.707289,47.1255693],[28.7072891,47.1255692],[28.70729,47.1255691],[28.7072906,47.1255692],[28.7072915,47.1255693],[28.7072944,47.1255697],[28.7072973,47.1255699],[28.7073003,47.12557],[28.7073033,47.1255699],[28.7073063,47.1255695],[28.707307,47.1255694],[28.7073075,47.1255694],[28.7073091,47.1255695],[28.7073205,47.1255713],[28.7073212,47.1255714],[28.7073236,47.1255719],[28.707325,47.1255721],[28.7073259,47.1255724],[28.7073291,47.125573],[28.7073325,47.1255734],[28.7073332,47.1255735],[28.7073375,47.1255739],[28.7073385,47.1255741],[28.7073408,47.1255747],[28.7073436,47.1255754],[28.7073466,47.1255759],[28.7073495,47.1255762],[28.7073505,47.1255762],[28.7073542,47.1255765],[28.707448,47.1255908],[28.7074495,47.1255911],[28.7074495,47.1255912],[28.7074498,47.1255927],[28.7074502,47.1255939],[28.7074503,47.1255948],[28.7074502,47.1255952],[28.7074505,47.1255978],[28.7074505,47.1255979],[28.7074509,47.1256114],[28.7074509,47.1256117],[28.7074508,47.1256149],[28.707451,47.1256163],[28.7074509,47.1256173],[28.7074512,47.1256192],[28.7074512,47.1256192],[28.7074515,47.12563],[28.7074515,47.1256304],[28.7074514,47.1256321],[28.7074515,47.1256339],[28.7074515,47.125634],[28.7074514,47.1256342],[28.7074511,47.1256349],[28.707451,47.1256354],[28.7074509,47.1256357],[28.7074501,47.125636],[28.7074497,47.1256361],[28.7074483,47.125636],[28.707375,47.125625],[28.7073708,47.1256241],[28.7073684,47.1256236],[28.707366,47.1256233],[28.7073601,47.1256227],[28.7073564,47.125622],[28.7073555,47.1256219],[28.7073555,47.1256219],[28.7073521,47.1256213],[28.7073498,47.1256206],[28.7073491,47.1256203],[28.7073466,47.1256196],[28.707344,47.1256189],[28.7073424,47.1256186],[28.7073419,47.1256184],[28.7073415,47.1256182],[28.7073389,47.1256171],[28.7073381,47.1256168],[28.7073381,47.1256166],[28.7073382,47.1256154],[28.7073381,47.1256132],[28.7073378,47.125611],[28.707337,47.1256089],[28.7073361,47.1256068],[28.7073348,47.1256048],[28.7073332,47.1256029],[28.7073314,47.1256011],[28.7073293,47.1255995],[28.707327,47.125598],[28.7073245,47.1255966],[28.7073218,47.1255954],[28.7073189,47.1255944],[28.707316,47.1255936],[28.7073129,47.125593],[28.7073127,47.125593],[28.7073096,47.1255926],[28.7073065,47.1255924],[28.7073033,47.1255924],[28.7073002,47.1255926],[28.7073,47.1255926],[28.7072971,47.1255929],[28.7072961,47.1255928],[28.707296,47.1255928],[28.7072926,47.1255922],[28.707292,47.1255921],[28.7072903,47.1255918],[28.7072896,47.1255915],[28.707288,47.1255897],[28.7072875,47.1255892],[28.7072872,47.1255888],[28.7072872,47.1255885]]]}},{"type":"Feature","id":10,"properties":{"vineyard_id":"V10","farm_id":"F07","area_m2":1405.285,"n_parcels":2,"cadastral_codes":["80371130098","80371130386"],"landuse_counts":{"Teren pentru obținerea producției agricole":2}},"geometry":{"type":"Polygon","coordinates":[[[28.7028325,47.1257151],[28.7028338,47.1257133],[28.702835,47.1257111],[28.7028358,47.1257088],[28.7028363,47.1257065],[28.7028364,47.1257041],[28.7028362,47.1257018],[28.7028356,47.1256995],[28.7028355,47.1256991],[28.7028354,47.1256988],[28.7028356,47.1256971],[28.7028356,47.1256959],[28.7028363,47.1256949],[28.7028432,47.1256867],[28.7028452,47.1256849],[28.7028468,47.1256833],[28.7028482,47.1256816],[28.702852,47.1256765],[28.7028546,47.125674],[28.7028568,47.1256715],[28.7028586,47.1256692],[28.7028599,47.125668],[28.7028617,47.1256658],[28.7028629,47.125664],[28.702863,47.1256639],[28.7028631,47.1256639],[28.7028652,47.1256628],[28.7028665,47.125662],[28.7028712,47.1256598],[28.7028727,47.1256593],[28.7028728,47.1256592],[28.7028765,47.1256584],[28.7028801,47.1256572],[28.7028832,47.125656],[28.7028851,47.1256552],[28.7028863,47.1256546],[28.7028867,47.1256544],[28.7028899,47.1256534],[28.7028913,47.1256528],[28.7029075,47.1256466],[28.7029095,47.1256457],[28.7029099,47.1256455],[28.7029124,47.1256445],[28.7029148,47.1256434],[28.7029171,47.125642],[28.7029185,47.1256411],[28.7029187,47.125641],[28.7029195,47.1256407],[28.7029227,47.1256395],[28.7029257,47.125638],[28.702926,47.1256379],[28.7029272,47.1256373],[28.7029277,47.1256371],[28.7029302,47.1256361],[28.7029326,47.1256349],[28.7029348,47.1256336],[28.7029367,47.1256323],[28.702937,47.1256322],[28.7029381,47.1256317],[28.7029384,47.1256316],[28.7029399,47.1256313],[28.7029425,47.1256306],[28.7029451,47.1256297],[28.7029475,47.1256287],[28.7029485,47.1256282],[28.7029495,47.1256278],[28.7029521,47.125627],[28.7029548,47.1256259],[28.7029574,47.1256246],[28.7029578,47.1256244],[28.7029608,47.1256231],[28.7029622,47.1256226],[28.7029627,47.1256225],[28.7029642,47.1256223],[28.7029675,47.1256218],[28.7029708,47.1256209],[28.7029738,47.1256199],[28.7029768,47.1256186],[28.7029795,47.1256172],[28.7029819,47.1256155],[28.7029837,47.1256142],[28.7029851,47.1256135],[28.7029976,47.1256085],[28.702998,47.1256084],[28.7030002,47.1256076],[28.7030016,47.1256071],[28.7030113,47.1256036],[28.7030145,47.1256023],[28.7030162,47.1256015],[28.7030167,47.1256013],[28.703019,47.1256007],[28.7030217,47.1255999],[28.7030242,47.1255989],[28.7030267,47.1255978],[28.703028,47.1255971],[28.703029,47.1255969],[28.7030319,47.1255962],[28.7030347,47.1255953],[28.7030373,47.1255943],[28.7030398,47.1255931],[28.7030421,47.1255917],[28.7030436,47.1255907],[28.7030447,47.1255902],[28.703049,47.1255886],[28.7030512,47.125588],[28.7030545,47.1255869],[28.7030575,47.1255855],[28.7030583,47.1255851],[28.7030596,47.1255847],[28.7030596,47.1255847],[28.7030627,47.1255838],[28.7030656,47.1255826],[28.7030731,47.1255794],[28.703075,47.1255787],[28.7030756,47.1255786],[28.7030783,47.1255778],[28.7030809,47.1255768],[28.7030834,47.1255757],[28.7030874,47.1255737],[28.7030994,47.125569],[28.7031001,47.1255688],[28.7031023,47.1255681],[28.7031045,47.1255672],[28.7031051,47.1255669],[28.7031053,47.1255669],[28.7031078,47.1255668],[28.7031111,47.1255664],[28.7031143,47.1255658],[28.7031174,47.125565],[28.7031204,47.125564],[28.7031331,47.1255591],[28.7031357,47.125558],[28.703138,47.1255567],[28.7031402,47.1255554],[28.7031422,47.1255538],[28.703144,47.1255522],[28.7031443,47.125552],[28.7031446,47.1255517],[28.703146,47.125551],[28.703149,47.1255498],[28.7031504,47.1255494],[28.703151,47.1255494],[28.7031541,47.1255492],[28.7031571,47.1255488],[28.70316,47.1255482],[28.7031629,47.1255474],[28.7031657,47.1255464],[28.7031707,47.1255445],[28.7031734,47.1255433],[28.703176,47.1255419],[28.7031783,47.1255404],[28.7031805,47.1255387],[28.7031819,47.1255373],[28.703182,47.1255372],[28.7031834,47.1255366],[28.7031891,47.1255343],[28.7031895,47.1255342],[28.7031911,47.1255337],[28.7031941,47.1255326],[28.7031958,47.1255322],[28.7031988,47.1255312],[28.7032017,47.12553],[28.7032044,47.1255286],[28.7032054,47.1255281],[28.7032068,47.1255276],[28.7032076,47.1255273],[28.7032106,47.1255263],[28.7032134,47.1255251],[28.7032153,47.1255241],[28.7032207,47.125522],[28.7032225,47.1255215],[28.7032255,47.125521],[28.7032289,47.1255201],[28.7032307,47.1255195],[28.7032324,47.1255191],[28.7032352,47.1255183],[28.7032378,47.1255173],[28.7032403,47.1255162],[28.7032427,47.125515],[28.7032449,47.1255136],[28.7032459,47.1255128],[28.7032473,47.1255119],[28.7032486,47.1255113],[28.7032529,47.1255097],[28.7032539,47.1255092],[28.7032564,47.1255084],[28.7032583,47.1255079],[28.7032599,47.1255073],[28.7032613,47.1255069],[28.7032643,47.1255058],[28.7032671,47.1255046],[28.7032685,47.1255038],[28.7032715,47.1255023],[28.7032759,47.1255007],[28.7032768,47.1255004],[28.7032803,47.1254992],[28.7032836,47.1254978],[28.7032847,47.1254972],[28.7032864,47.1254967],[28.7032888,47.1254963],[28.703292,47.1254955],[28.7032927,47.1254952],[28.7032953,47.1254944],[28.7032978,47.1254933],[28.7033001,47.1254922],[28.7033023,47.1254909],[28.7033038,47.1254899],[28.703305,47.1254894],[28.7033058,47.1254891],[28.7033079,47.1254884],[28.7033089,47.125488],[28.7033089,47.125488],[28.7033158,47.1254852],[28.7033186,47.1254843],[28.7033206,47.1254836],[28.703322,47.125483],[28.7033224,47.1254829],[28.7033269,47.1254817],[28.70333,47.1254807],[28.7033329,47.1254795],[28.703337,47.1254775],[28.7033394,47.1254763],[28.7033405,47.1254757],[28.7033408,47.1254756],[28.703343,47.1254754],[28.7033461,47.1254748],[28.7033492,47.125474],[28.7033521,47.125473],[28.7033548,47.1254718],[28.7033574,47.1254705],[28.7033598,47.1254689],[28.7033618,47.1254675],[28.7033625,47.1254671],[28.7033633,47.1254669],[28.7033652,47.1254666],[28.7033683,47.1254658],[28.7033712,47.1254648],[28.703374,47.1254636],[28.7033766,47.1254622],[28.7033791,47.1254608],[28.7033809,47.12546],[28.7033835,47.1254586],[28.7033859,47.1254571],[28.703388,47.1254554],[28.7033899,47.1254536],[28.7033915,47.1254517],[28.7033928,47.1254497],[28.7033939,47.1254476],[28.7033946,47.1254454],[28.703395,47.1254432],[28.7033951,47.125441],[28.703395,47.1254396],[28.7033951,47.1254394],[28.7033951,47.1254365],[28.7033951,47.1254353],[28.7033965,47.1254346],[28.7033989,47.1254333],[28.7034011,47.1254318],[28.7034031,47.1254302],[28.7034049,47.1254284],[28.7034052,47.125428],[28.7034066,47.1254265],[28.7034078,47.1254259],[28.7034267,47.1254182],[28.7034287,47.1254175],[28.7034315,47.1254162],[28.703434,47.1254148],[28.7034363,47.1254132],[28.7034384,47.1254114],[28.7034402,47.1254095],[28.7034418,47.1254075],[28.703443,47.1254054],[28.7034439,47.1254032],[28.7034444,47.125401],[28.7034447,47.1253987],[28.7034446,47.1253965],[28.7034442,47.1253942],[28.7034435,47.125392],[28.7034424,47.1253899],[28.703441,47.1253879],[28.7034394,47.1253859],[28.7034391,47.1253857],[28.7034385,47.125385],[28.703438,47.1253841],[28.7034381,47.1253827],[28.7034381,47.1253806],[28.7034378,47.1253784],[28.7034372,47.1253762],[28.7034364,47.1253742],[28.7034352,47.1253721],[28.7034339,47.1253704],[28.7034332,47.1253694],[28.7034334,47.1253691],[28.7034349,47.1253672],[28.703436,47.1253652],[28.7034369,47.1253632],[28.7034375,47.1253611],[28.7034379,47.1253589],[28.7034379,47.1253568],[28.7034376,47.1253546],[28.703437,47.1253525],[28.7034361,47.1253504],[28.7034349,47.1253484],[28.7034342,47.1253474],[28.7034347,47.1253471],[28.7034369,47.1253459],[28.7034389,47.1253447],[28.7034408,47.1253433],[28.7034423,47.125342],[28.7034444,47.1253402],[28.7034461,47.1253382],[28.7034475,47.1253361],[28.7034486,47.1253339],[28.7034494,47.1253317],[28.7034499,47.1253294],[28.70345,47.1253271],[28.7034497,47.1253248],[28.7034492,47.1253225],[28.7034482,47.1253203],[28.7034478,47.1253196],[28.7034474,47.1253184],[28.7034465,47.1253163],[28.7034453,47.1253142],[28.7034438,47.1253123],[28.7034357,47.1253028],[28.7034355,47.1253026],[28.7034341,47.1253006],[28.7034332,47.1252997],[28.703433,47.1252995],[28.7034331,47.1252993],[28.7034336,47.1252982],[28.7034337,47.125298],[28.7034344,47.1252961],[28.7034351,47.1252958],[28.7034366,47.1252954],[28.7034391,47.125295],[28.703442,47.1252944],[28.7034436,47.1252942],[28.7034466,47.1252936],[28.7034496,47.1252928],[28.7034524,47.1252918],[28.7034711,47.1252844],[28.7034738,47.1252832],[28.7034764,47.1252818],[28.7034787,47.1252803],[28.7034808,47.1252786],[28.7034821,47.1252772],[28.7034822,47.1252772],[28.7034832,47.1252767],[28.7034845,47.1252763],[28.7034877,47.1252758],[28.7034903,47.1252753],[28.7034938,47.1252745],[28.7034969,47.1252738],[28.7034998,47.1252728],[28.7035026,47.1252716],[28.7035052,47.1252702],[28.7035076,47.1252687],[28.7035098,47.125267],[28.703511,47.1252658],[28.7035112,47.1252657],[28.7035125,47.1252651],[28.7035134,47.1252647],[28.7035148,47.1252643],[28.7035177,47.1252637],[28.7035206,47.1252628],[28.7035234,47.1252617],[28.7035261,47.1252605],[28.7035285,47.1252591],[28.7035288,47.1252589],[28.7035299,47.1252587],[28.7035324,47.125258],[28.7035349,47.1252571],[28.7035366,47.1252565],[28.7035389,47.1252555],[28.7035406,47.1252546],[28.7035415,47.1252543],[28.7035431,47.1252541],[28.7035461,47.1252537],[28.703549,47.1252531],[28.7035519,47.1252523],[28.7035546,47.1252513],[28.7035566,47.1252505],[28.7035592,47.1252494],[28.7035616,47.1252481],[28.7035638,47.1252466],[28.7035659,47.1252451],[28.7035675,47.1252435],[28.7035675,47.1252435],[28.7035689,47.1252429],[28.7035732,47.1252413],[28.7035746,47.1252409],[28.7035753,47.1252408],[28.7035769,47.1252408],[28.7035808,47.1252403],[28.7035838,47.1252398],[28.7035849,47.1252409],[28.7035869,47.1252426],[28.7035892,47.1252442],[28.7035916,47.1252456],[28.7035943,47.1252469],[28.7035971,47.125248],[28.7036001,47.1252488],[28.7036032,47.1252495],[28.7036064,47.12525],[28.7036096,47.1252502],[28.7036128,47.1252502],[28.7036161,47.12525],[28.7036192,47.1252496],[28.7036224,47.125249],[28.7036254,47.1252482],[28.7036282,47.1252472],[28.7036459,47.1252401],[28.7036489,47.1252388],[28.7036516,47.1252373],[28.7036541,47.1252355],[28.7036563,47.1252337],[28.7036581,47.1252316],[28.7036582,47.1252316],[28.7036595,47.1252309],[28.7036693,47.1252269],[28.7036731,47.1252257],[28.7036759,47.1252247],[28.7036786,47.1252235],[28.7036795,47.125223],[28.7036813,47.1252223],[28.7036828,47.1252218],[28.7036835,47.1252218],[28.7036837,47.1252218],[28.703687,47.1252218],[28.7036903,47.1252216],[28.7036935,47.1252212],[28.7036929,47.1252222],[28.703692,47.1252243],[28.7036913,47.1252265],[28.7036909,47.1252287],[28.7036909,47.1252309],[28.7036912,47.1252331],[28.7036918,47.1252353],[28.7036927,47.1252374],[28.7036939,47.1252394],[28.7036954,47.1252414],[28.7036972,47.1252433],[28.7036992,47.125245],[28.7037015,47.1252466],[28.703704,47.125248],[28.7037067,47.1252492],[28.7037095,47.1252503],[28.7037125,47.1252511],[28.7037156,47.1252518],[28.7037188,47.1252522],[28.703722,47.1252525],[28.7037253,47.1252525],[28.7037285,47.1252523],[28.7037317,47.1252518],[28.7037329,47.1252516],[28.7037361,47.125251],[28.7037392,47.1252501],[28.7037422,47.125249],[28.703745,47.1252477],[28.7037483,47.125246],[28.7037494,47.1252455],[28.7037498,47.1252454],[28.7037525,47.1252444],[28.7037545,47.1252434],[28.703761,47.1252409],[28.7037628,47.1252403],[28.7037658,47.1252393],[28.7037686,47.125238],[28.7037695,47.1252376],[28.7037707,47.1252371],[28.7037731,47.1252362],[28.703775,47.1252354],[28.7037754,47.1252352],[28.7037768,47.1252348],[28.7037769,47.1252348],[28.7037796,47.1252346],[28.7037828,47.1252342],[28.703786,47.1252336],[28.703789,47.1252328],[28.7037903,47.1252324],[28.7037906,47.1252333],[28.7037908,47.1252338],[28.7037911,47.1252351],[28.7037911,47.1252354],[28.7037908,47.1252366],[28.7037906,47.1252389],[28.7037907,47.1252411],[28.7037912,47.1252433],[28.7037919,47.1252455],[28.703793,47.1252476],[28.7037944,47.1252497],[28.703796,47.1252516],[28.703798,47.1252534],[28.7038002,47.1252551],[28.7038026,47.1252566],[28.7038053,47.1252579],[28.7038081,47.1252591],[28.7038111,47.12526],[28.7038142,47.1252608],[28.7038174,47.1252613],[28.7038206,47.1252616],[28.7038239,47.1252617],[28.7038264,47.1252617],[28.7038269,47.1252618],[28.7038275,47.1252621],[28.7038303,47.1252629],[28.7038308,47.125263],[28.703831,47.1252633],[28.7038317,47.1252642],[28.7038335,47.1252662],[28.7038336,47.1252663],[28.7038424,47.1252768],[28.7038441,47.1252786],[28.7038461,47.1252804],[28.7038481,47.1252818],[28.7038481,47.1252818],[28.7038482,47.1252823],[28.7038483,47.1252826],[28.7038488,47.1252843],[28.7038488,47.1252844],[28.7038476,47.1252852],[28.7038454,47.1252869],[28.7038436,47.1252887],[28.7038419,47.1252907],[28.7038406,47.1252927],[28.7038396,47.1252948],[28.7038388,47.125297],[28.7038384,47.1252992],[28.7038384,47.1253014],[28.7038386,47.1253037],[28.7038392,47.1253059],[28.7038395,47.1253068],[28.7038398,47.1253076],[28.7038403,47.1253088],[28.7038391,47.1253094],[28.7038299,47.1253132],[28.7038296,47.1253132],[28.7038268,47.1253143],[28.7038241,47.1253155],[28.7038216,47.1253169],[28.7038193,47.1253184],[28.7038173,47.1253201],[28.7038155,47.1253219],[28.7038139,47.1253238],[28.7038127,47.1253258],[28.7038117,47.1253279],[28.703811,47.1253301],[28.7038107,47.1253322],[28.7038106,47.1253344],[28.7038109,47.1253366],[28.7038115,47.1253388],[28.7038124,47.1253409],[28.7038134,47.1253426],[28.7038134,47.1253427],[28.7038134,47.1253427],[28.7038133,47.1253429],[28.7038121,47.1253455],[28.7038112,47.1253478],[28.7038107,47.1253501],[28.7038105,47.1253524],[28.7038107,47.1253547],[28.7038112,47.125357],[28.7038121,47.1253593],[28.7038133,47.1253614],[28.7038134,47.1253616],[28.7038134,47.1253616],[28.7038142,47.1253628],[28.7038157,47.1253648],[28.7038165,47.1253657],[28.7038176,47.1253673],[28.703819,47.1253693],[28.7038208,47.1253712],[28.7038228,47.1253729],[28.703825,47.1253745],[28.7038275,47.125376],[28.7038302,47.1253772],[28.703833,47.1253783],[28.703836,47.1253792],[28.7038374,47.1253796],[28.7038364,47.1253801],[28.7038274,47.1253836],[28.7038247,47.1253848],[28.7038222,47.1253862],[28.7038199,47.1253877],[28.7038178,47.1253894],[28.7038159,47.1253912],[28.7038144,47.1253931],[28.7038131,47.1253951],[28.7038121,47.1253972],[28.7038114,47.1253993],[28.703811,47.1254015],[28.7038109,47.1254037],[28.7038112,47.1254059],[28.7038117,47.1254081],[28.7038126,47.1254102],[28.7038138,47.1254123],[28.7038148,47.1254138],[28.7038142,47.1254159],[28.7038141,47.1254165],[28.7038128,47.1254171],[28.7037675,47.1254347],[28.703766,47.1254352],[28.7037652,47.1254353],[28.7037652,47.1254353],[28.7037618,47.1254356],[28.7037586,47.1254362],[28.7037554,47.1254371],[28.7037524,47.1254381],[28.7037203,47.1254506],[28.7037174,47.1254519],[28.7037155,47.1254528],[28.7037131,47.1254536],[28.7037125,47.1254537],[28.7037099,47.1254546],[28.7037031,47.1254573],[28.7037005,47.1254584],[28.703698,47.1254598],[28.7036975,47.1254601],[28.7036952,47.1254616],[28.7036931,47.1254632],[28.7036927,47.1254635],[28.7036914,47.1254639],[28.7036878,47.1254646],[28.7036859,47.1254649],[28.7036831,47.1254655],[28.7036804,47.1254663],[28.7036778,47.1254672],[28.7036319,47.125485],[28.7036289,47.1254864],[28.703626,47.1254879],[28.7036235,47.1254897],[28.7036217,47.1254911],[28.7036206,47.1254917],[28.7036196,47.1254921],[28.703616,47.1254939],[28.7036127,47.1254951],[28.7036113,47.1254956],[28.7036086,47.1254968],[28.7036085,47.1254968],[28.70359,47.125504],[28.7035886,47.1255044],[28.7035882,47.1255045],[28.7035867,47.1255046],[28.7035835,47.1255049],[28.7035805,47.1255055],[28.7035775,47.1255063],[28.7035747,47.1255073],[28.7035367,47.1255221],[28.7035335,47.1255235],[28.7035308,47.1255251],[28.7035282,47.1255264],[28.703527,47.1255269],[28.7035265,47.1255271],[28.7035244,47.1255277],[28.7035214,47.1255287],[28.7035203,47.1255289],[28.7035175,47.1255297],[28.7035149,47.1255306],[28.7035057,47.1255342],[28.7035034,47.1255352],[28.7035016,47.1255361],[28.7035011,47.1255363],[28.7035006,47.1255364],[28.7034981,47.1255373],[28.7034957,47.1255382],[28.7034946,47.1255387],[28.7034923,47.1255399],[28.7034902,47.1255411],[28.7034851,47.1255444],[28.7034837,47.1255451],[28.703481,47.1255456],[28.7034783,47.1255463],[28.7034757,47.1255471],[28.7034752,47.1255473],[28.7034745,47.1255474],[28.7034706,47.1255484],[28.7034689,47.1255489],[28.7034668,47.1255495],[28.7034639,47.1255505],[28.7034516,47.1255553],[28.7034491,47.1255563],[28.7034468,47.1255575],[28.7034446,47.1255589],[28.7034427,47.1255603],[28.7034409,47.1255614],[28.7034364,47.1255637],[28.7034349,47.1255643],[28.7034327,47.1255647],[28.7034326,47.1255647],[28.7034293,47.1255651],[28.7034261,47.1255657],[28.703423,47.1255665],[28.70342,47.1255676],[28.7034164,47.125569],[28.7034137,47.1255701],[28.7034112,47.1255715],[28.7034089,47.125573],[28.7034068,47.1255747],[28.7034049,47.1255765],[28.7034033,47.1255784],[28.703402,47.1255804],[28.703401,47.1255825],[28.7034003,47.1255846],[28.7033999,47.1255868],[28.7033998,47.125589],[28.7034,47.1255946],[28.7034,47.1255947],[28.7033999,47.1255966],[28.7034,47.1255975],[28.7034,47.1255989],[28.7033998,47.1255994],[28.7033996,47.1256013],[28.7033994,47.1256024],[28.7033981,47.125603],[28.7033959,47.1256037],[28.7033932,47.1256048],[28.703393,47.1256048],[28.703247,47.125657],[28.7032457,47.1256574],[28.7032444,47.1256579],[28.7031612,47.1256876],[28.703161,47.1256877],[28.703158,47.1256887],[28.7031551,47.1256898],[28.703155,47.1256899],[28.7031075,47.1257069],[28.7031054,47.1257074],[28.7031044,47.1257076],[28.7031013,47.1257083],[28.7030983,47.1257092],[28.7030955,47.1257103],[28.7030928,47.1257116],[28.7030915,47.1257124],[28.7030899,47.1257131],[28.7030861,47.1257144],[28.7030847,47.1257148],[28.7030842,47.1257148],[28.7030814,47.1257145],[28.7030785,47.1257145],[28.7030766,47.1257146],[28.7030754,47.1257146],[28.7030746,47.1257143],[28.7030715,47.1257135],[28.7030683,47.125713],[28.703065,47.1257127],[28.7030617,47.1257125],[28.7030584,47.1257127],[28.7030551,47.125713],[28.7030519,47.1257136],[28.7030488,47.1257143],[28.7030458,47.1257153],[28.703043,47.1257165],[28.7030404,47.1257179],[28.703039,47.1257187],[28.7030369,47.1257189],[28.7030344,47.1257191],[28.7030309,47.1257197],[28.7030275,47.1257206],[28.7030242,47.1257217],[28.7030125,47.1257263],[28.7030099,47.1257274],[28.7030074,47.1257287],[28.7030052,47.1257302],[28.7030031,47.1257318],[28.7030012,47.1257334],[28.7030004,47.1257337],[28.702999,47.125734],[28.7029978,47.1257342],[28.7029961,47.1257345],[28.7029941,47.1257348],[28.702994,47.1257347],[28.7029922,47.1257331],[28.7029903,47.1257313],[28.702988,47.1257297],[28.7029856,47.1257283],[28.7029829,47.125727],[28.7029801,47.1257259],[28.7029771,47.1257251],[28.7029741,47.1257244],[28.7029709,47.1257239],[28.7029677,47.1257236],[28.7029645,47.1257236],[28.7029613,47.1257238],[28.7029581,47.1257241],[28.702955,47.1257247],[28.702952,47.1257255],[28.7029491,47.1257265],[28.7029471,47.1257273],[28.7029444,47.1257285],[28.7029419,47.1257298],[28.7029395,47.1257313],[28.7029374,47.125733],[28.7029356,47.1257348],[28.7029353,47.1257351],[28.702934,47.1257357],[28.702929,47.1257377],[28.702927,47.1257383],[28.702926,47.1257384],[28.702923,47.1257393],[28.7029201,47.1257403],[28.7029173,47.1257415],[28.7029148,47.1257429],[28.7029128,47.1257439],[28.7029114,47.1257444],[28.7029101,47.1257448],[28.7029096,47.1257444],[28.7029076,47.1257426],[28.7029054,47.125741],[28.7029029,47.1257396],[28.7029002,47.1257383],[28.7028974,47.1257372],[28.7028944,47.1257363],[28.7028913,47.1257356],[28.7028881,47.1257351],[28.7028848,47.1257349],[28.7028816,47.1257348],[28.7028783,47.125735],[28.7028751,47.1257354],[28.7028719,47.125736],[28.7028689,47.1257369],[28.7028668,47.1257376],[28.7028664,47.1257377],[28.7028646,47.125738],[28.7028619,47.1257385],[28.7028615,47.1257386],[28.7028589,47.1257392],[28.7028586,47.1257392],[28.7028558,47.1257398],[28.702853,47.1257406],[28.7028504,47.1257415],[28.7028411,47.1257451],[28.7028399,47.1257455],[28.70284,47.1257453],[28.7028403,47.1257449],[28.7028416,47.1257429],[28.7028427,47.1257408],[28.7028433,47.1257387],[28.7028437,47.1257365],[28.7028438,47.1257343],[28.7028436,47.1257321],[28.702843,47.1257299],[28.7028421,47.1257278],[28.702841,47.1257257],[28.7028408,47.1257255],[28.7028395,47.1257237],[28.7028388,47.1257229],[28.7028382,47.1257221],[28.7028379,47.1257218],[28.7028376,47.1257214],[28.7028363,47.1257199],[28.7028355,47.125719],[28.7028331,47.1257161],[28.7028325,47.1257151],[28.7028325,47.1257151]]]}},{"type":"Feature","id":11,"properties":{"vineyard_id":"V11","farm_id":"F07","area_m2":257.289,"n_parcels":1,"cadastral_codes":["80371130386"],"landuse_counts":{"Teren pentru obținerea producției agricole":1}},"geometry":{"type":"Polygon","coordinates":[[[28.7034299,47.1252009],[28.7034301,47.1252005],[28.7034324,47.1251998],[28.7034355,47.1251987],[28.7034384,47.1251973],[28.7034395,47.1251968],[28.7034419,47.1251954],[28.7034441,47.1251938],[28.7034461,47.1251921],[28.7034479,47.1251903],[28.7034493,47.1251884],[28.7034506,47.1251864],[28.7034515,47.1251844],[28.7034521,47.1251823],[28.7034524,47.1251801],[28.7034524,47.1251779],[28.7034522,47.1251758],[28.7034517,47.125174],[28.7034517,47.1251739],[28.7034521,47.1251731],[28.7034531,47.1251715],[28.7034535,47.125171],[28.703455,47.1251706],[28.7034577,47.1251701],[28.7034611,47.1251691],[28.7034613,47.125169],[28.7034617,47.125169],[28.7034644,47.1251684],[28.7034671,47.1251676],[28.7034696,47.1251667],[28.7034819,47.1251618],[28.7034847,47.1251606],[28.7034872,47.1251592],[28.7034896,47.1251576],[28.7034917,47.1251559],[28.7034935,47.125154],[28.7034938,47.1251537],[28.703495,47.1251531],[28.7034985,47.1251516],[28.7035005,47.125151],[28.7035012,47.1251508],[28.7035042,47.12515],[28.7035071,47.1251489],[28.7035098,47.1251476],[28.7035123,47.1251462],[28.7035141,47.1251451],[28.7035164,47.1251435],[28.7035184,47.1251418],[28.7035201,47.12514],[28.7035216,47.125138],[28.7035228,47.125136],[28.7035237,47.1251339],[28.7035244,47.1251318],[28.7035247,47.1251296],[28.7035247,47.1251274],[28.7035243,47.1251252],[28.7035237,47.1251231],[28.7035236,47.1251228],[28.7035236,47.1251224],[28.7035237,47.1251211],[28.7035237,47.1251198],[28.7035237,47.1251195],[28.7035239,47.1251193],[28.7035251,47.1251182],[28.7035268,47.1251164],[28.7035283,47.1251145],[28.7035295,47.1251125],[28.7035304,47.1251104],[28.703531,47.1251083],[28.7035313,47.1251061],[28.7035312,47.125104],[28.7035309,47.1251018],[28.7035303,47.1250997],[28.7035293,47.125097],[28.7035293,47.125097],[28.7035287,47.1250948],[28.7035287,47.1250948],[28.7035286,47.1250944],[28.7035287,47.1250928],[28.7035287,47.1250895],[28.7035285,47.1250872],[28.703528,47.1250849],[28.7035271,47.1250827],[28.7035265,47.1250816],[28.7035264,47.1250813],[28.7035266,47.1250804],[28.7035271,47.1250794],[28.7035274,47.125079],[28.703528,47.1250786],[28.70353,47.1250765],[28.7035316,47.1250743],[28.7035328,47.1250724],[28.7035333,47.1250718],[28.7035338,47.1250713],[28.7035359,47.1250693],[28.7035377,47.1250672],[28.7035381,47.1250667],[28.7035384,47.1250662],[28.7035404,47.1250653],[28.7035432,47.1250637],[28.7035457,47.125062],[28.7035478,47.1250602],[28.7035487,47.1250593],[28.7035501,47.1250583],[28.703551,47.1250577],[28.7035521,47.1250571],[28.7035665,47.1250514],[28.7035692,47.1250505],[28.7035714,47.1250502],[28.7035719,47.1250501],[28.703575,47.1250498],[28.703578,47.1250493],[28.7035809,47.1250486],[28.7035837,47.1250478],[28.7035864,47.1250467],[28.7035889,47.1250455],[28.7035912,47.1250441],[28.7035933,47.1250426],[28.7035959,47.1250406],[28.703599,47.1250387],[28.7036002,47.1250381],[28.7036015,47.1250376],[28.7036039,47.1250367],[28.7036061,47.1250357],[28.7036074,47.1250351],[28.703608,47.1250348],[28.7036081,47.1250348],[28.7036105,47.125034],[28.7036127,47.1250331],[28.703615,47.1250321],[28.7036166,47.1250316],[28.7036183,47.1250314],[28.7036218,47.1250305],[28.7036243,47.1250297],[28.7036246,47.1250296],[28.7036277,47.1250292],[28.7036309,47.1250286],[28.7036341,47.1250278],[28.7036371,47.1250267],[28.7036472,47.1250227],[28.7036499,47.1250215],[28.7036524,47.1250201],[28.7036546,47.1250186],[28.7036567,47.125017],[28.7036571,47.1250166],[28.7036575,47.1250163],[28.703658,47.125016],[28.7036591,47.1250157],[28.703662,47.1250143],[28.7036642,47.1250131],[28.7036657,47.1250125],[28.7036702,47.1250111],[28.7036725,47.1250102],[28.7036748,47.1250092],[28.7036759,47.1250088],[28.7036782,47.125008],[28.7036809,47.1250068],[28.7036835,47.1250054],[28.7036844,47.1250049],[28.7036853,47.1250057],[28.7036864,47.1250068],[28.7036866,47.1250071],[28.7036866,47.1250071],[28.7036866,47.1250072],[28.7036866,47.1250072],[28.7036864,47.1250077],[28.7036857,47.1250098],[28.7036852,47.125012],[28.7036851,47.1250142],[28.7036853,47.1250164],[28.7036858,47.1250186],[28.7036867,47.1250207],[28.7036878,47.1250228],[28.7036892,47.1250248],[28.7036909,47.1250267],[28.7036929,47.1250284],[28.7036951,47.12503],[28.7036975,47.1250315],[28.7037001,47.1250328],[28.7037029,47.1250339],[28.7037058,47.1250348],[28.7037089,47.1250356],[28.703712,47.1250361],[28.7037152,47.1250364],[28.7037185,47.1250364],[28.7037217,47.1250363],[28.7037249,47.125036],[28.703728,47.1250354],[28.7037311,47.1250346],[28.703734,47.1250337],[28.7037462,47.1250291],[28.70375,47.1250274],[28.7037514,47.1250267],[28.7037533,47.1250259],[28.7037536,47.1250258],[28.7037563,47.1250248],[28.7037588,47.1250237],[28.7037609,47.1250227],[28.703761,47.1250226],[28.7037625,47.1250222],[28.7037645,47.1250221],[28.7037679,47.1250219],[28.7037713,47.1250215],[28.703773,47.1250212],[28.703773,47.1250214],[28.7037728,47.125023],[28.7037722,47.1250255],[28.7037719,47.1250277],[28.7037719,47.1250299],[28.7037722,47.1250321],[28.7037728,47.1250342],[28.7037737,47.1250363],[28.7037749,47.1250383],[28.7037764,47.1250403],[28.7037781,47.1250421],[28.7037802,47.1250438],[28.7037824,47.1250454],[28.7037849,47.1250468],[28.7037875,47.125048],[28.7037903,47.1250491],[28.7037933,47.1250499],[28.7037964,47.1250506],[28.7037995,47.1250511],[28.7038027,47.1250513],[28.7038059,47.1250513],[28.7038091,47.1250512],[28.7038123,47.1250508],[28.7038153,47.1250502],[28.7038158,47.12505],[28.7038163,47.12505],[28.7038167,47.1250501],[28.7038172,47.1250503],[28.7038197,47.1250512],[28.7038202,47.1250513],[28.7038206,47.1250515],[28.7038206,47.1250516],[28.7038208,47.1250521],[28.7038208,47.1250521],[28.7038208,47.1250524],[28.7038209,47.1250527],[28.7038215,47.1250548],[28.7038224,47.1250568],[28.7038236,47.1250588],[28.703825,47.1250606],[28.7038297,47.125066],[28.7038312,47.125068],[28.7038319,47.1250688],[28.7038326,47.1250694],[28.7038329,47.1250699],[28.703833,47.12507],[28.7038337,47.1250709],[28.7038323,47.1250719],[28.7038302,47.1250736],[28.7038283,47.1250754],[28.7038268,47.1250773],[28.7038255,47.1250794],[28.7038245,47.1250815],[28.7038238,47.1250836],[28.7038234,47.1250858],[28.7038234,47.125088],[28.7038236,47.1250902],[28.7038242,47.1250924],[28.7038251,47.1250945],[28.7038263,47.1250966],[28.7038278,47.1250986],[28.7038295,47.1251004],[28.7038315,47.1251021],[28.7038338,47.1251037],[28.7038363,47.1251052],[28.7038389,47.1251064],[28.7038417,47.1251075],[28.7038447,47.1251084],[28.7038478,47.1251091],[28.703851,47.1251095],[28.7038542,47.1251098],[28.7038566,47.1251098],[28.7038564,47.1251099],[28.7038561,47.1251101],[28.703854,47.1251114],[28.703852,47.1251129],[28.7038503,47.1251146],[28.7038499,47.1251149],[28.7038496,47.1251152],[28.7038483,47.1251159],[28.7038449,47.1251173],[28.703842,47.1251183],[28.7038397,47.1251191],[28.7038375,47.1251201],[28.7038358,47.1251209],[28.7038286,47.1251237],[28.7038285,47.1251237],[28.703826,47.1251246],[28.7038235,47.1251256],[28.7038233,47.1251257],[28.703823,47.1251258],[28.7038194,47.125127],[28.7038161,47.1251285],[28.7038147,47.1251292],[28.7038089,47.1251315],[28.703806,47.1251324],[28.7038037,47.125133],[28.7038017,47.1251337],[28.7037973,47.1251352],[28.7037946,47.1251362],[28.7037921,47.1251374],[28.7037897,47.1251387],[28.7037888,47.1251393],[28.7037872,47.1251401],[28.7037704,47.1251467],[28.7037691,47.1251471],[28.7037659,47.1251477],[28.7037628,47.1251483],[28.7037597,47.1251491],[28.7037568,47.1251501],[28.703754,47.1251513],[28.7037527,47.1251521],[28.7037507,47.1251531],[28.7037486,47.1251537],[28.7037464,47.1251543],[28.7037432,47.1251553],[28.703743,47.1251554],[28.7037424,47.1251556],[28.7037419,47.1251551],[28.7037416,47.1251549],[28.7037411,47.125154],[28.7037414,47.1251537],[28.7037432,47.1251519],[28.7037447,47.12515],[28.7037459,47.125148],[28.7037468,47.1251459],[28.7037474,47.1251438],[28.7037478,47.1251416],[28.7037478,47.1251395],[28.7037475,47.1251373],[28.7037469,47.1251352],[28.703746,47.1251331],[28.7037449,47.1251311],[28.7037449,47.125131],[28.7037434,47.1251291],[28.7037419,47.1251275],[28.7037406,47.1251257],[28.7037418,47.1251251],[28.7037457,47.1251235],[28.7037484,47.1251223],[28.7037509,47.1251209],[28.7037532,47.1251194],[28.7037552,47.1251177],[28.703757,47.1251159],[28.7037586,47.125114],[28.7037599,47.125112],[28.7037608,47.1251099],[28.7037615,47.1251077],[28.7037618,47.1251055],[28.7037619,47.1251033],[28.7037616,47.1251012],[28.703761,47.125099],[28.7037602,47.1250969],[28.703759,47.1250949],[28.7037575,47.1250929],[28.7037558,47.125091],[28.7037538,47.1250893],[28.7037515,47.1250877],[28.7037491,47.1250863],[28.7037465,47.1250851],[28.7037437,47.125084],[28.7037407,47.1250831],[28.7037399,47.1250829],[28.7037398,47.1250828],[28.7037378,47.1250811],[28.7037355,47.1250795],[28.7037331,47.125078],[28.7037304,47.1250768],[28.7037276,47.1250757],[28.7037246,47.1250748],[28.7037215,47.1250741],[28.7037183,47.1250737],[28.7037151,47.1250734],[28.7037118,47.1250734],[28.7037086,47.1250736],[28.7037054,47.125074],[28.7037022,47.1250746],[28.7036992,47.1250754],[28.7036963,47.1250764],[28.7036785,47.1250835],[28.7036761,47.1250846],[28.7036738,47.1250858],[28.7036717,47.1250872],[28.7036697,47.1250886],[28.7036692,47.1250891],[28.7036682,47.1250897],[28.7036673,47.1250902],[28.7036647,47.1250905],[28.7036611,47.1250911],[28.7036575,47.125092],[28.7036542,47.1250932],[28.7035929,47.1251176],[28.7035903,47.1251188],[28.7035878,47.1251201],[28.7035856,47.1251216],[28.7035835,47.1251232],[28.7035825,47.1251242],[28.7035823,47.1251243],[28.7035812,47.1251249],[28.7035787,47.1251262],[28.7035764,47.1251278],[28.7035743,47.1251295],[28.7035724,47.1251313],[28.7035709,47.1251332],[28.7035696,47.1251352],[28.7035686,47.1251374],[28.7035679,47.1251395],[28.7035675,47.1251417],[28.7035675,47.1251439],[28.7035678,47.1251461],[28.7035684,47.1251483],[28.7035693,47.1251504],[28.7035705,47.1251525],[28.703572,47.1251545],[28.7035737,47.1251563],[28.7035758,47.125158],[28.703578,47.1251596],[28.7035805,47.125161],[28.7035832,47.1251623],[28.703586,47.1251634],[28.703589,47.1251642],[28.7035914,47.1251647],[28.7035926,47.125165],[28.7035926,47.1251657],[28.7035929,47.1251679],[28.7035935,47.12517],[28.7035943,47.1251721],[28.7035955,47.1251741],[28.7035969,47.125176],[28.7035997,47.1251793],[28.7035999,47.1251795],[28.7036014,47.1251815],[28.7036022,47.1251824],[28.7036023,47.1251826],[28.7036009,47.1251836],[28.7035997,47.1251844],[28.7035975,47.1251862],[28.7035957,47.1251881],[28.7035943,47.1251898],[28.7035943,47.1251898],[28.703594,47.1251899],[28.7035927,47.1251902],[28.7035899,47.1251911],[28.7035873,47.125192],[28.7035857,47.1251928],[28.7035855,47.1251928],[28.7035835,47.1251931],[28.7035803,47.1251937],[28.7035773,47.1251945],[28.7035743,47.1251955],[28.7035715,47.1251967],[28.7035689,47.125198],[28.7035666,47.1251996],[28.7035644,47.1252012],[28.7035643,47.1252013],[28.7035634,47.1252018],[28.7035624,47.1252022],[28.7035588,47.1252027],[28.7035562,47.1252032],[28.7035559,47.1252032],[28.7035559,47.1252032],[28.7035522,47.1252028],[28.7035519,47.1252028],[28.7035509,47.1252027],[28.7035506,47.1252026],[28.7035494,47.1252019],[28.7035468,47.1252006],[28.703544,47.1251996],[28.7035412,47.1251987],[28.7035382,47.125198],[28.7035351,47.1251975],[28.703532,47.1251972],[28.7035289,47.1251971],[28.7035257,47.1251972],[28.7035226,47.1251976],[28.7035196,47.1251981],[28.7035166,47.1251988],[28.7035138,47.1251997],[28.7035089,47.1252015],[28.7035074,47.1252019],[28.7035066,47.125202],[28.703506,47.125202],[28.7035025,47.1252024],[28.7034991,47.125203],[28.7034958,47.1252039],[28.7034927,47.125205],[28.7034922,47.1252052],[28.7034893,47.1252065],[28.7034867,47.125208],[28.7034842,47.1252096],[28.7034821,47.1252115],[28.7034816,47.125212],[28.7034812,47.1252121],[28.7034791,47.125213],[28.7034771,47.125214],[28.7034758,47.1252148],[28.7034753,47.1252149],[28.7034749,47.125215],[28.703472,47.1252158],[28.7034693,47.1252168],[28.7034668,47.125218],[28.7034626,47.1252201],[28.7034609,47.1252207],[28.7034595,47.1252209],[28.7034567,47.1252216],[28.7034555,47.125222],[28.703455,47.1252221],[28.7034518,47.1252232],[28.7034492,47.1252244],[28.7034491,47.1252244],[28.7034477,47.1252246],[28.7034457,47.1252249],[28.703443,47.1252253],[28.7034421,47.1252255],[28.7034406,47.1252258],[28.7034407,47.1252254],[28.703441,47.1252232],[28.7034411,47.125221],[28.7034408,47.1252188],[28.7034402,47.1252167],[28.7034393,47.1252145],[28.7034381,47.1252125],[28.7034366,47.1252105],[28.703433,47.1252064],[28.7034321,47.1252052],[28.7034321,47.1252052],[28.7034311,47.1252041],[28.7034307,47.1252034],[28.7034304,47.1252028],[28.7034298,47.1252014],[28.7034299,47.1252009]]]}},{"type":"Feature","id":12,"properties":{"vineyard_id":"V12","farm_id":"F08","area_m2":68.343,"n_parcels":1,"cadastral_codes":["80372170086"],"landuse_counts":{"Teren  pentru amplasarea construcțiilor locative":1}},"geometry":{"type":"Polygon","coordinates":[[[28.708648,47.1247047],[28.7086504,47.1247028],[28.7086529,47.124703],[28.7086562,47.1247032],[28.7086595,47.1247031],[28.7086628,47.1247028],[28.708666,47.1247023],[28.7086692,47.1247015],[28.7086722,47.1247006],[28.708675,47.1246994],[28.7086777,47.1246981],[28.7086801,47.1246965],[28.7086824,47.1246948],[28.7086843,47.124693],[28.708686,47.1246911],[28.7086874,47.124689],[28.7086885,47.1246869],[28.7086892,47.1246847],[28.7086895,47.124683],[28.7086898,47.124682],[28.70869,47.1246816],[28.708691,47.1246796],[28.7086917,47.1246775],[28.7086921,47.1246753],[28.7086923,47.1246732],[28.7086921,47.1246711],[28.7086916,47.1246689],[28.7086908,47.1246669],[28.7086906,47.1246664],[28.7086905,47.1246661],[28.708692,47.1246646],[28.7086921,47.1246645],[28.7086929,47.1246639],[28.7086941,47.124663],[28.7086952,47.1246623],[28.7086984,47.1246621],[28.7087017,47.1246618],[28.708705,47.1246612],[28.7087081,47.1246603],[28.708711,47.1246593],[28.7087138,47.1246581],[28.7087165,47.1246567],[28.7087188,47.1246551],[28.7087191,47.1246549],[28.7087195,47.1246546],[28.70872,47.1246543],[28.7087215,47.1246537],[28.7087216,47.1246537],[28.7087232,47.1246533],[28.7087246,47.1246539],[28.7087435,47.1246638],[28.7087446,47.1246644],[28.7087451,47.1246649],[28.7087472,47.1246665],[28.7087495,47.1246681],[28.708752,47.1246694],[28.7087547,47.1246706],[28.7087576,47.1246716],[28.7087577,47.1246717],[28.7087598,47.1246725],[28.7087658,47.1246755],[28.7087692,47.1246776],[28.7087707,47.1246784],[28.7087709,47.1246799],[28.708771,47.124681],[28.7087712,47.1246833],[28.7087712,47.1246841],[28.7087713,47.1246861],[28.7087714,47.1246864],[28.7087719,47.1247024],[28.7087719,47.1247024],[28.7087718,47.1247047],[28.7087718,47.1247048],[28.708772,47.1247092],[28.7087722,47.1247112],[28.7087722,47.1247115],[28.7087725,47.1247218],[28.7087725,47.1247219],[28.7087724,47.1247241],[28.7087725,47.1247244],[28.7087726,47.1247287],[28.7087728,47.1247307],[28.7087728,47.124731],[28.7087733,47.1247446],[28.7087732,47.1247448],[28.7087732,47.1247475],[28.7087733,47.1247506],[28.7087733,47.1247513],[28.7087735,47.1247533],[28.7087736,47.1247537],[28.708774,47.124768],[28.708774,47.1247682],[28.7087739,47.1247704],[28.7087739,47.1247707],[28.708774,47.1247726],[28.708774,47.1247726],[28.7087739,47.1247727],[28.7087727,47.1247736],[28.7087726,47.1247737],[28.7087716,47.1247743],[28.7087704,47.1247738],[28.7087479,47.1247617],[28.7087469,47.124761],[28.7087466,47.1247608],[28.7087443,47.1247589],[28.7087417,47.1247572],[28.7087389,47.1247558],[28.7087371,47.124755],[28.7087351,47.1247539],[28.7087312,47.124752],[28.7087269,47.1247503],[28.708725,47.1247493],[28.7087224,47.1247477],[28.7087196,47.1247461],[28.7087168,47.1247448],[28.7087143,47.1247433],[28.708712,47.124742],[28.7087111,47.1247416],[28.7087097,47.1247408],[28.7087082,47.1247395],[28.7087058,47.1247377],[28.7087032,47.124736],[28.7087004,47.1247346],[28.7086992,47.124734],[28.7086975,47.124733],[28.7086963,47.1247322],[28.7086939,47.1247308],[28.7086912,47.1247296],[28.7086884,47.1247286],[28.7086854,47.1247278],[28.7086851,47.1247277],[28.7086837,47.1247271],[28.7086824,47.1247264],[28.7086806,47.1247253],[28.7086787,47.1247241],[28.7086765,47.1247231],[28.7086751,47.1247224],[28.708674,47.1247218],[28.7086717,47.1247202],[28.7086691,47.1247188],[28.7086665,47.1247176],[28.7086664,47.1247175],[28.7086634,47.1247158],[28.7086627,47.1247153],[28.7086603,47.1247139],[28.7086577,47.1247127],[28.7086569,47.1247123],[28.7086535,47.1247109],[28.7086478,47.1247077],[28.7086467,47.124707],[28.7086467,47.1247069],[28.7086472,47.1247061],[28.708648,47.1247047],[28.708648,47.1247047]]]}},{"type":"Feature","id":13,"properties":{"vineyard_id":"V13","farm_id":"F09","area_m2":37262.576,"n_parcels":14,"cadastral_codes":["80371140011","80371140012","80371140013","80371140018","80371140019","80371140020","80371140021","80371140022","80371140023","80371140024","80371140027","80371140028","80371140029","80371140487"],"landuse_counts":{"Teren pentru grădini":13,"Teren pentru obținerea producției agricole":1}},"geometry":{"type":"MultiPolygon","coordinates":[[[[28.7073619,47.1228253],[28.7073618,47.1228248],[28.7073617,47.1228243],[28.7073616,47.1228211],[28.7073616,47.1228209],[28.7073607,47.1227919],[28.7073607,47.1227913],[28.7073608,47.122788],[28.7073607,47.1227866],[28.7073605,47.1227853],[28.7073604,47.1227849],[28.7073604,47.122783],[28.7073605,47.1227818],[28.7073614,47.1227808],[28.7073883,47.1227554],[28.7073894,47.1227545],[28.7073911,47.1227531],[28.7073926,47.1227515],[28.7073939,47.12275],[28.7073956,47.1227485],[28.7073972,47.1227473],[28.7073993,47.1227455],[28.7074012,47.1227436],[28.7074031,47.1227414],[28.7075516,47.1226012],[28.7075527,47.1226004],[28.7075545,47.1225989],[28.7075561,47.1225972],[28.7075575,47.1225957],[28.7075944,47.1225608],[28.7075956,47.1225599],[28.7075987,47.1225595],[28.7076011,47.1225592],[28.7076012,47.1225591],[28.7076021,47.1225591],[28.7076043,47.1225591],[28.7076071,47.122559],[28.7076077,47.1225589],[28.7076381,47.1225585],[28.7076388,47.1225585],[28.7076434,47.1225586],[28.7076456,47.1225585],[28.7076478,47.1225585],[28.7076506,47.1225583],[28.7076512,47.1225583],[28.7077064,47.1225575],[28.7077097,47.1225573],[28.707713,47.1225569],[28.7077163,47.1225563],[28.7077193,47.1225555],[28.7077223,47.1225544],[28.7077251,47.1225532],[28.7077277,47.1225517],[28.7077301,47.1225501],[28.7077322,47.1225483],[28.7077334,47.1225472],[28.7077353,47.1225453],[28.7077369,47.1225432],[28.7077381,47.1225411],[28.707739,47.1225393],[28.7077399,47.1225383],[28.7077424,47.122536],[28.7077435,47.1225352],[28.7077459,47.1225339],[28.7077485,47.1225325],[28.7077508,47.1225309],[28.7077529,47.1225292],[28.7077589,47.1225237],[28.7077607,47.1225218],[28.7077623,47.1225197],[28.7077635,47.1225176],[28.7077636,47.1225174],[28.7077645,47.122516],[28.707765,47.1225153],[28.707766,47.1225143],[28.7077676,47.122513],[28.7077695,47.1225114],[28.7077711,47.1225096],[28.7077713,47.1225093],[28.7077717,47.122509],[28.7077721,47.1225087],[28.7077742,47.1225072],[28.707776,47.1225056],[28.7077773,47.1225042],[28.7077773,47.1225042],[28.7077774,47.1225041],[28.7077776,47.1225039],[28.7077777,47.1225038],[28.7077799,47.1225012],[28.7077802,47.122501],[28.7077812,47.1225002],[28.7077812,47.1225002],[28.7077836,47.1224988],[28.7077858,47.1224974],[28.7077877,47.1224958],[28.7077894,47.122494],[28.7077909,47.1224922],[28.7077921,47.1224903],[28.7077928,47.1224892],[28.7077935,47.1224883],[28.7077945,47.1224874],[28.7077959,47.1224862],[28.7077969,47.1224851],[28.7077987,47.1224837],[28.7077995,47.1224832],[28.7078015,47.1224815],[28.7078033,47.1224796],[28.7078046,47.1224778],[28.7078057,47.1224768],[28.7078058,47.1224768],[28.7078097,47.1224745],[28.7078118,47.1224732],[28.7078137,47.1224718],[28.7078154,47.1224703],[28.7078109,47.1224746],[28.7078091,47.1224766],[28.7078076,47.1224787],[28.7078069,47.1224798],[28.707806,47.122481],[28.7078042,47.1224829],[28.7078024,47.122485],[28.707801,47.1224873],[28.7077999,47.1224896],[28.7077998,47.1224899],[28.7077982,47.1224905],[28.7077977,47.1224908],[28.7077949,47.1224921],[28.7077923,47.1224937],[28.70779,47.1224954],[28.7077879,47.1224973],[28.7077861,47.1224993],[28.7077847,47.1225015],[28.7077836,47.1225037],[28.7077833,47.1225044],[28.7077826,47.1225066],[28.7077822,47.1225088],[28.7077821,47.122511],[28.7077823,47.1225133],[28.7077829,47.1225155],[28.7077838,47.1225176],[28.707785,47.1225197],[28.7077864,47.1225217],[28.7077882,47.1225236],[28.7077902,47.1225253],[28.7077925,47.1225269],[28.707795,47.1225284],[28.7077977,47.1225296],[28.7078006,47.1225307],[28.7078036,47.1225316],[28.7078067,47.1225323],[28.7078099,47.1225327],[28.7078132,47.1225329],[28.7078164,47.122533],[28.7078197,47.1225328],[28.7078229,47.1225323],[28.707826,47.1225317],[28.7078291,47.1225308],[28.7078319,47.1225298],[28.7078347,47.1225285],[28.7078372,47.1225271],[28.7078395,47.1225255],[28.7078416,47.1225238],[28.7078434,47.122522],[28.7078442,47.122521],[28.7078457,47.1225191],[28.7078469,47.122517],[28.7078476,47.1225155],[28.7078487,47.1225151],[28.7078514,47.1225138],[28.7078539,47.1225124],[28.7078562,47.1225108],[28.7078582,47.1225091],[28.7078587,47.1225086],[28.7078605,47.1225067],[28.7078613,47.1225057],[28.7078631,47.122504],[28.7078649,47.1225021],[28.7078663,47.1225003],[28.7078667,47.1224999],[28.7078674,47.1224994],[28.7078696,47.1224975],[28.7078715,47.1224954],[28.7078716,47.1224953],[28.7078721,47.1224948],[28.7078728,47.1224943],[28.7078751,47.1224927],[28.7078772,47.1224908],[28.707879,47.1224889],[28.7078803,47.122487],[28.7078812,47.1224861],[28.7078816,47.1224858],[28.7078832,47.1224843],[28.7078848,47.1224826],[28.7078885,47.1224795],[28.7078896,47.1224788],[28.7078912,47.1224781],[28.7078935,47.1224769],[28.7078957,47.1224756],[28.7078977,47.1224741],[28.7078995,47.1224725],[28.707906,47.1224664],[28.7079076,47.1224647],[28.7079091,47.1224628],[28.7079102,47.1224609],[28.7079107,47.12246],[28.7079108,47.1224597],[28.7079126,47.1224578],[28.7079141,47.1224558],[28.7079148,47.1224546],[28.7079158,47.1224532],[28.7079168,47.1224512],[28.7079176,47.1224491],[28.7079181,47.1224469],[28.7079183,47.1224448],[28.7079182,47.1224426],[28.7079178,47.1224404],[28.707917,47.1224383],[28.707916,47.1224363],[28.7079149,47.1224346],[28.7079168,47.1224347],[28.7079201,47.1224347],[28.7079233,47.1224344],[28.7079266,47.122434],[28.7079297,47.1224333],[28.7079327,47.1224324],[28.7079356,47.1224313],[28.7079383,47.1224301],[28.7079408,47.1224286],[28.7079431,47.122427],[28.7079457,47.1224249],[28.7079477,47.1224232],[28.7079495,47.1224214],[28.7079509,47.1224194],[28.7079521,47.1224174],[28.707953,47.1224153],[28.7079536,47.1224131],[28.7079539,47.1224109],[28.7079538,47.1224088],[28.7079535,47.1224066],[28.7079528,47.1224044],[28.7079519,47.1224024],[28.7079506,47.1224003],[28.7079491,47.1223984],[28.7079473,47.1223966],[28.7079452,47.1223949],[28.707943,47.1223934],[28.7079405,47.122392],[28.7079378,47.1223908],[28.707935,47.1223898],[28.707932,47.1223889],[28.707929,47.1223883],[28.7079258,47.1223879],[28.7079226,47.1223877],[28.7079194,47.1223876],[28.7079162,47.1223878],[28.7079131,47.1223883],[28.70791,47.1223889],[28.707907,47.1223897],[28.7079045,47.1223905],[28.7079016,47.1223915],[28.707899,47.1223927],[28.7078965,47.1223941],[28.7078942,47.1223956],[28.7078921,47.1223973],[28.7078903,47.1223991],[28.7078888,47.122401],[28.7078875,47.122403],[28.7078865,47.1224051],[28.7078859,47.1224072],[28.7078855,47.1224094],[28.7078854,47.1224107],[28.7078853,47.1224129],[28.7078856,47.1224152],[28.7078862,47.1224174],[28.7078871,47.1224195],[28.7078883,47.1224216],[28.7078888,47.1224222],[28.7078865,47.1224221],[28.7078833,47.1224221],[28.7078801,47.1224223],[28.707877,47.1224228],[28.707874,47.1224234],[28.707871,47.1224243],[28.7078682,47.1224253],[28.7078649,47.1224267],[28.707863,47.1224275],[28.7078604,47.1224287],[28.707858,47.1224301],[28.7078558,47.1224317],[28.7078538,47.1224334],[28.7078573,47.1224301],[28.7078593,47.1224279],[28.7078609,47.1224256],[28.7078612,47.122425],[28.7078628,47.1224229],[28.7078642,47.1224208],[28.7078644,47.1224204],[28.7078651,47.1224196],[28.7078674,47.1224176],[28.7078694,47.1224156],[28.7078732,47.1224126],[28.707875,47.122411],[28.7078766,47.1224092],[28.707878,47.1224074],[28.7078782,47.1224072],[28.7078791,47.1224063],[28.7078812,47.1224047],[28.7078827,47.1224037],[28.7078834,47.1224034],[28.7078858,47.1224019],[28.707888,47.1224004],[28.70789,47.1223987],[28.7078934,47.1223954],[28.7078952,47.1223935],[28.7078966,47.1223915],[28.7078978,47.1223894],[28.7078986,47.1223876],[28.7078986,47.1223875],[28.7078993,47.1223867],[28.7079013,47.1223852],[28.7079032,47.1223834],[28.7079041,47.1223822],[28.7079056,47.122381],[28.7079077,47.1223789],[28.7079087,47.1223777],[28.7079091,47.1223773],[28.7079099,47.1223767],[28.7079122,47.1223748],[28.707915,47.1223721],[28.7079167,47.1223706],[28.7079187,47.1223684],[28.7079197,47.1223672],[28.7079205,47.1223666],[28.7079208,47.1223665],[28.7079234,47.122365],[28.7079258,47.1223633],[28.7079278,47.1223614],[28.7079287,47.1223605],[28.7079298,47.1223595],[28.7079316,47.1223575],[28.7079324,47.1223563],[28.7079337,47.1223548],[28.7079346,47.1223534],[28.7079348,47.1223532],[28.7079366,47.1223519],[28.7079384,47.1223504],[28.7079399,47.1223488],[28.7079409,47.1223478],[28.7079431,47.1223462],[28.7079451,47.1223446],[28.7079469,47.1223429],[28.7079484,47.1223411],[28.7079503,47.1223386],[28.7079506,47.1223383],[28.7079506,47.1223383],[28.707952,47.1223363],[28.7079523,47.1223361],[28.7079533,47.1223354],[28.7079555,47.1223337],[28.7079574,47.1223318],[28.707959,47.1223298],[28.7079593,47.1223295],[28.7079604,47.1223281],[28.7079607,47.1223279],[28.707962,47.1223268],[28.7079627,47.1223264],[28.7079649,47.1223247],[28.7079668,47.1223229],[28.7079684,47.122321],[28.7079691,47.1223201],[28.7079696,47.1223196],[28.7079697,47.1223195],[28.7079714,47.122318],[28.7079729,47.1223165],[28.7079739,47.1223153],[28.707978,47.1223115],[28.7079795,47.1223103],[28.7079815,47.122308],[28.7079817,47.1223079],[28.7079951,47.1222947],[28.7079953,47.1222945],[28.7079972,47.1222928],[28.7079988,47.1222911],[28.7079988,47.1222911],[28.7080036,47.1222865],[28.7080045,47.1222858],[28.7080063,47.1222845],[28.7080082,47.122283],[28.7080099,47.1222814],[28.7080111,47.1222801],[28.7080135,47.1222775],[28.7080151,47.1222756],[28.7080165,47.1222736],[28.7080176,47.1222714],[28.7080183,47.1222692],[28.7080187,47.122267],[28.7080188,47.1222648],[28.7080172,47.122214],[28.7080173,47.1222133],[28.7080174,47.1222116],[28.7080173,47.1222099],[28.708017,47.1222065],[28.7080169,47.1222061],[28.7080169,47.1222051],[28.7080171,47.122204],[28.7080179,47.1222029],[28.7081287,47.1220967],[28.7081303,47.1220951],[28.7081317,47.1220933],[28.7081328,47.1220915],[28.7081337,47.1220896],[28.7081339,47.1220892],[28.7081339,47.1220891],[28.7081349,47.122087],[28.7081355,47.1220855],[28.7081377,47.1220836],[28.7081393,47.122082],[28.70814,47.1220812],[28.7081409,47.1220803],[28.7081425,47.122079],[28.7081439,47.1220777],[28.7081453,47.1220763],[28.708178,47.1220458],[28.7081801,47.1220441],[28.708182,47.1220425],[28.7081837,47.1220408],[28.7081852,47.122039],[28.7082225,47.1220046],[28.7082238,47.1220036],[28.7082251,47.1220028],[28.7082274,47.1220012],[28.7082294,47.1219994],[28.7082311,47.1219974],[28.7082332,47.1219949],[28.708234,47.121994],[28.7082363,47.1219925],[28.7082383,47.121991],[28.7082401,47.1219893],[28.7082417,47.1219876],[28.7082431,47.1219857],[28.7082435,47.1219851],[28.7082445,47.1219839],[28.7083018,47.1219305],[28.708303,47.1219296],[28.7083047,47.1219282],[28.7083062,47.1219267],[28.7083071,47.1219258],[28.7083091,47.1219241],[28.708311,47.1219221],[28.7083112,47.1219218],[28.7083349,47.1218998],[28.7083366,47.1218984],[28.7083384,47.1218966],[28.7083385,47.1218964],[28.7083709,47.1218663],[28.708372,47.1218655],[28.7083738,47.1218646],[28.7083762,47.1218633],[28.7083783,47.1218619],[28.7083802,47.1218604],[28.708382,47.1218587],[28.7083835,47.121857],[28.7083835,47.1218569],[28.7083838,47.1218566],[28.7083853,47.1218548],[28.7083866,47.121853],[28.7083876,47.1218511],[28.7083878,47.1218509],[28.7083886,47.1218498],[28.7083931,47.1218457],[28.7083941,47.1218449],[28.7083957,47.1218441],[28.708398,47.1218427],[28.7084002,47.1218412],[28.7084021,47.1218395],[28.7084038,47.1218377],[28.7084053,47.1218359],[28.7084064,47.1218339],[28.7084067,47.1218333],[28.7084069,47.121833],[28.7084074,47.1218326],[28.7084096,47.1218304],[28.7084097,47.1218302],[28.7084211,47.1218197],[28.7084227,47.1218183],[28.7084282,47.1218133],[28.7084296,47.1218121],[28.7084312,47.1218105],[28.7084315,47.1218101],[28.7084328,47.1218089],[28.7084335,47.1218084],[28.7084345,47.1218073],[28.7084365,47.1218055],[28.7084379,47.1218045],[28.7084391,47.1218038],[28.7084414,47.1218023],[28.7084434,47.1218006],[28.7084452,47.1217988],[28.7084468,47.1217969],[28.708448,47.1217949],[28.7084482,47.1217946],[28.708449,47.1217937],[28.7085192,47.1217284],[28.7085206,47.1217272],[28.7085215,47.1217267],[28.7085239,47.1217249],[28.708526,47.121723],[28.7085277,47.1217209],[28.7085281,47.1217203],[28.7085293,47.121719],[28.7085598,47.1216907],[28.7085607,47.1216899],[28.7085623,47.1216885],[28.7085638,47.121687],[28.7085642,47.1216865],[28.7085702,47.121681],[28.7085719,47.1216795],[28.7085736,47.1216778],[28.7085738,47.1216776],[28.7086017,47.1216516],[28.7086023,47.1216512],[28.7086039,47.1216498],[28.7086054,47.1216484],[28.7086059,47.1216478],[28.7086061,47.1216476],[28.7086076,47.1216465],[28.7086097,47.1216443],[28.7086102,47.1216438],[28.7086129,47.1216413],[28.7086132,47.1216411],[28.7086158,47.1216389],[28.7086172,47.1216373],[28.7086197,47.1216353],[28.7086214,47.1216339],[28.708623,47.1216323],[28.7086244,47.1216307],[28.7086324,47.1216233],[28.7086334,47.1216225],[28.7086343,47.1216225],[28.7086374,47.1216222],[28.7086393,47.1216222],[28.7086412,47.1216222],[28.708644,47.121622],[28.7086446,47.121622],[28.7086716,47.1216216],[28.7086732,47.1216217],[28.7086757,47.1216229],[28.7086786,47.121624],[28.7086815,47.1216249],[28.7086846,47.1216256],[28.7086877,47.1216261],[28.708691,47.1216264],[28.7086942,47.1216264],[28.7086974,47.1216263],[28.7087006,47.1216259],[28.7087038,47.1216253],[28.7087068,47.1216245],[28.7087097,47.1216235],[28.7087124,47.1216223],[28.708715,47.121621],[28.7087173,47.1216194],[28.7087175,47.1216193],[28.7087188,47.1216185],[28.7087206,47.1216176],[28.7087226,47.1216163],[28.708725,47.1216147],[28.7087271,47.1216132],[28.708729,47.1216115],[28.7087307,47.1216097],[28.7087321,47.1216079],[28.7087325,47.1216072],[28.7087325,47.1216072],[28.7087331,47.1216064],[28.7087343,47.1216038],[28.7087344,47.1216036],[28.7087348,47.1216033],[28.7087354,47.121603],[28.7087361,47.1216027],[28.7087386,47.1216017],[28.7087409,47.1216005],[28.7087432,47.1215992],[28.7087452,47.1215977],[28.708747,47.1215961],[28.7087541,47.1215894],[28.7087559,47.1215876],[28.7087574,47.1215856],[28.7087586,47.1215835],[28.7087589,47.1215829],[28.7087598,47.1215816],[28.708761,47.1215801],[28.708761,47.1215801],[28.708763,47.121578],[28.7087646,47.1215758],[28.7087649,47.1215752],[28.708766,47.1215738],[28.708767,47.121573],[28.7087679,47.1215725],[28.7087701,47.1215715],[28.7087725,47.1215701],[28.7087747,47.1215686],[28.7087767,47.1215669],[28.7087785,47.1215651],[28.7087793,47.121564],[28.7087806,47.1215625],[28.7087812,47.1215619],[28.708783,47.1215599],[28.7087845,47.1215578],[28.7087853,47.1215563],[28.7087859,47.1215551],[28.7087868,47.1215542],[28.7087919,47.1215498],[28.708794,47.1215478],[28.7087961,47.1215455],[28.7087972,47.1215445],[28.7087997,47.1215421],[28.7087999,47.1215419],[28.7088103,47.1215321],[28.7088129,47.12153],[28.7088146,47.1215286],[28.708816,47.1215271],[28.7088176,47.1215254],[28.7088185,47.1215245],[28.7088194,47.1215236],[28.7088213,47.1215218],[28.7088221,47.1215212],[28.7088238,47.1215198],[28.7088258,47.1215178],[28.7088276,47.1215163],[28.7088294,47.1215145],[28.7088307,47.121513],[28.7088321,47.1215117],[28.708833,47.1215111],[28.7088352,47.1215092],[28.7088371,47.1215073],[28.7088392,47.1215048],[28.7088415,47.1215027],[28.7088421,47.1215023],[28.708844,47.1215006],[28.7088457,47.1214988],[28.7088463,47.1214982],[28.708867,47.1214787],[28.7088684,47.1214776],[28.7088688,47.1214774],[28.7088709,47.1214756],[28.7088728,47.1214737],[28.7088736,47.1214729],[28.7088747,47.1214718],[28.7088766,47.1214699],[28.7088778,47.1214686],[28.7088798,47.1214668],[28.7088814,47.1214655],[28.7088833,47.1214636],[28.7088846,47.1214621],[28.7088872,47.1214597],[28.7088883,47.1214589],[28.7088884,47.1214589],[28.7088907,47.121458],[28.7088934,47.1214568],[28.7088959,47.1214554],[28.7088982,47.1214538],[28.7089002,47.121452],[28.7089144,47.1214387],[28.7089163,47.1214366],[28.7089179,47.1214345],[28.7089192,47.1214322],[28.70892,47.1214299],[28.7089202,47.1214291],[28.7089204,47.1214287],[28.7089213,47.1214277],[28.708939,47.1214113],[28.7089402,47.1214105],[28.7089407,47.1214102],[28.7089414,47.12141],[28.7089443,47.1214087],[28.708947,47.1214072],[28.7089494,47.1214055],[28.7089516,47.1214037],[28.7089577,47.121398],[28.7089595,47.1213961],[28.708961,47.1213941],[28.7089622,47.121392],[28.7089631,47.1213898],[28.7089634,47.1213888],[28.7089635,47.1213885],[28.7089643,47.1213876],[28.7089698,47.1213821],[28.7089709,47.1213812],[28.708973,47.12138],[28.708975,47.1213785],[28.7089768,47.121377],[28.7089785,47.1213753],[28.7089799,47.1213736],[28.7089813,47.1213717],[28.7089839,47.1213689],[28.7089851,47.1213678],[28.708987,47.121366],[28.7089886,47.1213643],[28.7089983,47.1213559],[28.7089993,47.1213551],[28.709,47.1213548],[28.7090003,47.1213547],[28.7090031,47.1213534],[28.7090057,47.121352],[28.7090081,47.1213503],[28.7090102,47.1213486],[28.7090245,47.1213351],[28.7090264,47.1213331],[28.7090279,47.121331],[28.7090292,47.1213288],[28.70903,47.1213265],[28.7090303,47.1213255],[28.7090304,47.1213252],[28.7090313,47.1213242],[28.7090344,47.1213213],[28.709037,47.1213192],[28.7090392,47.1213175],[28.709041,47.1213155],[28.7090416,47.1213147],[28.7090422,47.1213141],[28.7090426,47.1213138],[28.7090445,47.1213122],[28.7090462,47.1213105],[28.7090472,47.1213095],[28.7090485,47.1213084],[28.7090502,47.1213066],[28.7090513,47.1213053],[28.7090578,47.1212993],[28.7090579,47.1212992],[28.7090599,47.1212975],[28.7090616,47.1212958],[28.7090617,47.1212956],[28.7090659,47.1212919],[28.7090678,47.1212899],[28.7090681,47.1212897],[28.70907,47.121288],[28.7090727,47.121286],[28.7090749,47.1212842],[28.7090768,47.1212822],[28.7090772,47.1212817],[28.7090772,47.1212817],[28.7090794,47.121279],[28.7090816,47.1212769],[28.7090829,47.1212759],[28.7090848,47.1212749],[28.7090873,47.1212737],[28.7090896,47.1212722],[28.7090917,47.1212706],[28.7090935,47.1212689],[28.7090951,47.1212671],[28.7090964,47.1212652],[28.7090975,47.1212632],[28.7090981,47.1212619],[28.7090981,47.1212619],[28.7091005,47.1212593],[28.709101,47.1212588],[28.7091033,47.1212566],[28.709105,47.1212549],[28.7091092,47.1212512],[28.70911,47.1212506],[28.7091116,47.121249],[28.7091124,47.1212481],[28.7091142,47.1212463],[28.7091177,47.1212434],[28.7091197,47.1212416],[28.7091214,47.1212397],[28.7091218,47.1212393],[28.7091225,47.1212385],[28.7091236,47.1212377],[28.7091258,47.1212358],[28.7091277,47.1212338],[28.7091287,47.1212326],[28.7091303,47.121231],[28.7091331,47.1212288],[28.7091352,47.121227],[28.7091371,47.121225],[28.7091375,47.1212245],[28.7091389,47.1212231],[28.709139,47.1212231],[28.709141,47.1212214],[28.7091429,47.1212197],[28.709143,47.1212195],[28.709143,47.1212195],[28.7091449,47.1212174],[28.7091463,47.1212162],[28.7091472,47.1212152],[28.7091478,47.1212147],[28.7091487,47.1212139],[28.7091492,47.1212136],[28.7091498,47.1212134],[28.7091523,47.1212121],[28.7091546,47.1212107],[28.7091567,47.1212092],[28.7091586,47.1212075],[28.7091592,47.1212068],[28.7091625,47.1212041],[28.7091642,47.1212026],[28.7091656,47.1212011],[28.7091669,47.1211994],[28.7091691,47.1211963],[28.7091714,47.1211936],[28.7091728,47.1211919],[28.7091734,47.1211909],[28.709174,47.1211901],[28.7091756,47.1211892],[28.7091778,47.1211881],[28.7091804,47.1211866],[28.7091827,47.1211848],[28.7091847,47.1211829],[28.7091865,47.1211808],[28.7091869,47.1211802],[28.7091873,47.1211799],[28.7091875,47.1211798],[28.7091895,47.1211782],[28.7091913,47.1211765],[28.7091928,47.1211747],[28.7091941,47.1211729],[28.7091952,47.1211709],[28.7091952,47.1211709],[28.7091955,47.1211704],[28.7091958,47.1211702],[28.7091973,47.1211694],[28.7091998,47.1211676],[28.7092021,47.1211657],[28.7092028,47.121165],[28.7092055,47.1211634],[28.7092079,47.1211617],[28.7092101,47.1211599],[28.7092119,47.121158],[28.7092125,47.1211574],[28.7092143,47.1211549],[28.7092152,47.1211533],[28.7092154,47.1211531],[28.7092158,47.121153],[28.7092171,47.1211529],[28.7092176,47.1211528],[28.7092194,47.1211528],[28.7092215,47.1211528],[28.7092243,47.1211526],[28.7092249,47.1211526],[28.7092579,47.1211521],[28.7092585,47.1211521],[28.709263,47.1211522],[28.7092657,47.1211521],[28.7092677,47.1211521],[28.7092705,47.1211519],[28.7092711,47.1211519],[28.7092991,47.1211515],[28.7092998,47.1211515],[28.7093044,47.1211515],[28.7093067,47.1211515],[28.7093089,47.1211515],[28.7093117,47.1211513],[28.7093123,47.1211513],[28.7093315,47.121151],[28.7093342,47.1211511],[28.709337,47.1211514],[28.7093402,47.1211514],[28.7093434,47.1211513],[28.7093476,47.121151],[28.7093484,47.1211509],[28.7093484,47.1211509],[28.7093526,47.1211508],[28.7093548,47.1211508],[28.7093575,47.1211506],[28.7093581,47.1211506],[28.7093898,47.1211501],[28.7093906,47.1211502],[28.7093932,47.1211502],[28.7093958,47.1211502],[28.7093972,47.1211501],[28.7093983,47.1211501],[28.7094021,47.12115],[28.7094028,47.1211499],[28.709437,47.1211494],[28.7094378,47.1211495],[28.7094425,47.1211495],[28.7094446,47.1211494],[28.7094454,47.1211494],[28.7094494,47.1211493],[28.7094501,47.1211492],[28.7094835,47.1211487],[28.7094842,47.1211488],[28.7094888,47.1211488],[28.7094911,47.1211487],[28.7094933,47.1211487],[28.709496,47.1211486],[28.7094966,47.1211485],[28.7095337,47.121148],[28.7095342,47.121148],[28.7095385,47.1211481],[28.7095417,47.1211479],[28.7095435,47.121148],[28.7095463,47.1211478],[28.7095469,47.1211478],[28.7095784,47.1211473],[28.7095791,47.1211473],[28.7095837,47.1211474],[28.7095859,47.1211473],[28.7095881,47.1211473],[28.7095909,47.1211472],[28.7095915,47.1211471],[28.709627,47.1211466],[28.7096276,47.1211466],[28.709632,47.1211467],[28.7096334,47.1211466],[28.7096334,47.1211466],[28.7096324,47.1211479],[28.7096312,47.1211499],[28.7096303,47.121152],[28.7096297,47.1211542],[28.7096294,47.1211564],[28.7096294,47.1211586],[28.7096297,47.1211608],[28.7096304,47.121163],[28.7096314,47.1211651],[28.7096326,47.1211672],[28.7096342,47.1211691],[28.709636,47.1211709],[28.7096381,47.1211726],[28.7096404,47.1211742],[28.7096406,47.1211743],[28.7096432,47.1211757],[28.7096453,47.1211767],[28.7096455,47.1211768],[28.7096473,47.1211778],[28.7096488,47.1211798],[28.7096504,47.1211816],[28.7096521,47.1211833],[28.7096541,47.1211849],[28.7096564,47.1211863],[28.7096588,47.1211876],[28.7096667,47.1211915],[28.7096669,47.1211917],[28.7096695,47.121193],[28.709671,47.1211937],[28.7096713,47.1211939],[28.7096718,47.1211942],[28.7096755,47.1211959],[28.7096761,47.1211961],[28.709678,47.121197],[28.7096808,47.121198],[28.7096837,47.1211988],[28.7096867,47.1211994],[28.7096898,47.1211999],[28.7096929,47.1212001],[28.7096961,47.1212001],[28.7096992,47.1211999],[28.7097023,47.1211995],[28.7097054,47.1211989],[28.7097083,47.1211981],[28.7097111,47.1211971],[28.7097138,47.121196],[28.7097163,47.1211947],[28.7097192,47.121193],[28.7097205,47.1211923],[28.7097205,47.1211924],[28.7097206,47.1211924],[28.7097213,47.1211927],[28.7097223,47.1211932],[28.7097229,47.1211935],[28.7097256,47.1211947],[28.7097284,47.1211957],[28.7097313,47.1211965],[28.7097344,47.1211971],[28.7097374,47.1211975],[28.7097406,47.1211977],[28.7097437,47.1211977],[28.7097469,47.1211974],[28.7097499,47.121197],[28.709753,47.1211964],[28.7097559,47.1211956],[28.7097587,47.1211946],[28.7097613,47.1211934],[28.7097627,47.1211927],[28.709763,47.1211926],[28.7097657,47.1211914],[28.7097683,47.1211899],[28.7097707,47.1211883],[28.7097728,47.1211866],[28.7098179,47.1211446],[28.7098189,47.1211438],[28.7098201,47.1211438],[28.709822,47.1211438],[28.7098248,47.1211437],[28.7098254,47.1211436],[28.7098525,47.1211432],[28.7098531,47.1211433],[28.7098575,47.1211433],[28.7098591,47.1211432],[28.7098591,47.1211433],[28.7098591,47.1211433],[28.7098591,47.1211433],[28.7098591,47.1211433],[28.709859,47.1211444],[28.7098584,47.121147],[28.709858,47.121148],[28.709856,47.1211488],[28.7098534,47.1211501],[28.709851,47.1211515],[28.7098487,47.121153],[28.7098467,47.1211547],[28.709822,47.1211777],[28.7098203,47.1211796],[28.7098188,47.1211815],[28.7098175,47.1211835],[28.7098166,47.1211857],[28.709816,47.1211878],[28.7098157,47.12119],[28.7098157,47.1211922],[28.7098161,47.1211944],[28.7098167,47.1211966],[28.7098177,47.1211987],[28.7098189,47.1212007],[28.7098204,47.1212027],[28.7098222,47.1212045],[28.7098243,47.1212062],[28.7098266,47.1212077],[28.7098291,47.1212091],[28.7098387,47.121214],[28.709839,47.1212141],[28.7098415,47.1212155],[28.7098428,47.1212161],[28.7098431,47.1212163],[28.7098435,47.1212169],[28.7098451,47.1212188],[28.7098469,47.1212207],[28.7098489,47.1212223],[28.7098512,47.1212239],[28.7098537,47.1212253],[28.7098563,47.1212265],[28.7098592,47.1212275],[28.7098621,47.1212284],[28.7098652,47.121229],[28.7098684,47.1212294],[28.7098716,47.1212297],[28.7098748,47.1212297],[28.709878,47.1212295],[28.7098811,47.121229],[28.7098842,47.1212284],[28.7098872,47.1212276],[28.70989,47.1212266],[28.7098927,47.1212254],[28.7098952,47.121224],[28.7098975,47.1212224],[28.7098996,47.1212208],[28.7099013,47.121219],[28.7099058,47.121215],[28.7099072,47.121214],[28.7099075,47.1212138],[28.709908,47.1212135],[28.7099116,47.1212114],[28.7099138,47.12121],[28.7099159,47.1212084],[28.7099177,47.1212068],[28.7099192,47.121205],[28.7099206,47.1212031],[28.7099217,47.1212012],[28.7099225,47.1211994],[28.7099226,47.1211993],[28.7099245,47.1211976],[28.7099263,47.1211958],[28.7099266,47.1211954],[28.7099393,47.1211836],[28.7099427,47.121181],[28.709945,47.1211791],[28.709947,47.121177],[28.7099486,47.1211751],[28.7099513,47.1211725],[28.7099542,47.1211702],[28.7099566,47.121168],[28.7099604,47.121164],[28.7099616,47.121163],[28.7099638,47.121161],[28.7099643,47.1211605],[28.7099666,47.1211584],[28.709969,47.121156],[28.7099697,47.1211552],[28.7099836,47.1211423],[28.7099846,47.1211416],[28.7099847,47.1211415],[28.709987,47.1211409],[28.70999,47.12114],[28.7099928,47.1211388],[28.7099954,47.1211375],[28.7099978,47.1211359],[28.71,47.1211343],[28.7100019,47.1211325],[28.7100036,47.1211305],[28.7100049,47.1211285],[28.710006,47.1211264],[28.7100067,47.1211242],[28.7100072,47.121122],[28.7100074,47.1211202],[28.7100078,47.1211197],[28.7100079,47.1211196],[28.7100097,47.1211175],[28.7100111,47.1211153],[28.7100119,47.1211136],[28.710012,47.1211134],[28.710013,47.1211126],[28.710014,47.1211119],[28.7100163,47.1211099],[28.7100183,47.1211078],[28.71002,47.1211058],[28.710028,47.1210982],[28.7100288,47.1210976],[28.7100308,47.1210958],[28.7100325,47.121094],[28.7100328,47.1210937],[28.7100375,47.1210892],[28.7100379,47.1210889],[28.7100399,47.1210872],[28.7100416,47.1210853],[28.7100416,47.1210853],[28.7100427,47.1210843],[28.7100438,47.1210835],[28.7100458,47.1210817],[28.7100476,47.1210798],[28.7100478,47.1210795],[28.7100497,47.1210777],[28.7100503,47.1210772],[28.710052,47.1210758],[28.7100535,47.1210742],[28.7100538,47.1210739],[28.7100627,47.1210659],[28.7100635,47.1210652],[28.7100643,47.1210648],[28.7100666,47.1210634],[28.7100686,47.1210618],[28.7100705,47.1210602],[28.7100721,47.1210584],[28.7100735,47.1210565],[28.7100746,47.1210546],[28.7100748,47.1210542],[28.7100755,47.1210533],[28.7100782,47.1210507],[28.7100794,47.1210498],[28.7100811,47.1210483],[28.7100819,47.1210475],[28.7100847,47.121045],[28.7100864,47.1210433],[28.7100878,47.1210417],[28.7100899,47.12104],[28.7100921,47.1210378],[28.7100939,47.1210359],[28.7101022,47.1210286],[28.7101046,47.1210261],[28.7101066,47.1210238],[28.7101076,47.1210228],[28.7101106,47.1210205],[28.7101125,47.1210189],[28.7101141,47.1210171],[28.7101158,47.1210152],[28.7101169,47.1210141],[28.7101196,47.121012],[28.7101215,47.1210104],[28.7101231,47.1210087],[28.7101248,47.1210067],[28.7101268,47.1210048],[28.7101282,47.1210037],[28.7101289,47.1210033],[28.7101312,47.1210016],[28.7101333,47.1209998],[28.7101351,47.1209979],[28.7101364,47.1209964],[28.7101469,47.1209861],[28.7101482,47.1209851],[28.7101498,47.1209842],[28.7101521,47.1209825],[28.7101541,47.1209808],[28.7101559,47.1209789],[28.7101574,47.1209768],[28.7101577,47.1209763],[28.7101577,47.1209763],[28.7101589,47.1209745],[28.7101597,47.1209736],[28.7101651,47.1209689],[28.7101664,47.120968],[28.710168,47.1209671],[28.7101703,47.1209657],[28.7101723,47.1209641],[28.7101742,47.1209624],[28.7101758,47.1209606],[28.7101771,47.1209587],[28.7101782,47.1209567],[28.7101784,47.1209562],[28.7101792,47.1209552],[28.7101808,47.1209537],[28.7101828,47.1209521],[28.7101846,47.1209505],[28.7101862,47.1209489],[28.7101878,47.120947],[28.7101881,47.1209468],[28.7101893,47.1209459],[28.7101913,47.1209442],[28.7101931,47.1209424],[28.7101934,47.1209421],[28.7101952,47.1209402],[28.7101954,47.12094],[28.7101967,47.1209388],[28.7101996,47.1209362],[28.7102012,47.1209347],[28.710202,47.1209338],[28.7102022,47.1209337],[28.7102048,47.1209316],[28.7102069,47.1209294],[28.7102086,47.1209273],[28.7102106,47.1209255],[28.7102129,47.1209237],[28.7102146,47.1209225],[28.7102168,47.1209205],[28.7102187,47.1209184],[28.7102201,47.1209166],[28.7102218,47.1209148],[28.7102261,47.1209112],[28.7102276,47.1209099],[28.7102289,47.1209085],[28.7102309,47.1209062],[28.7102323,47.1209049],[28.7102334,47.1209041],[28.710236,47.1209027],[28.7102384,47.1209011],[28.7102405,47.1208994],[28.7102424,47.1208975],[28.710244,47.1208955],[28.7102453,47.1208934],[28.7102459,47.1208922],[28.7102467,47.1208912],[28.7102493,47.1208889],[28.7102503,47.1208881],[28.7102524,47.1208864],[28.7102542,47.1208845],[28.7102563,47.1208821],[28.7102586,47.1208799],[28.7102589,47.1208797],[28.710261,47.1208779],[28.7102711,47.1208683],[28.7102716,47.1208679],[28.7102735,47.1208662],[28.7102752,47.1208644],[28.7102763,47.1208632],[28.7102787,47.1208611],[28.7102798,47.1208602],[28.7102826,47.1208578],[28.7102949,47.1208457],[28.7102961,47.1208447],[28.7102982,47.120843],[28.7103,47.1208411],[28.710301,47.1208398],[28.7103053,47.120836],[28.7103071,47.1208344],[28.7103093,47.1208321],[28.7103094,47.120832],[28.7103125,47.1208289],[28.7103137,47.120828],[28.7103156,47.1208263],[28.7103173,47.1208246],[28.7103183,47.1208234],[28.7103245,47.1208175],[28.7103255,47.1208168],[28.7103268,47.1208163],[28.7103292,47.1208155],[28.7103316,47.1208146],[28.7103333,47.1208137],[28.7103334,47.1208137],[28.7103336,47.1208138],[28.7103349,47.1208145],[28.7103376,47.1208157],[28.7103379,47.1208158],[28.710347,47.1208203],[28.7103497,47.1208215],[28.7103525,47.1208225],[28.7103555,47.1208234],[28.7103586,47.120824],[28.7103615,47.1208244],[28.7103643,47.1208255],[28.7103646,47.1208257],[28.7103659,47.1208263],[28.7103686,47.1208275],[28.7103689,47.1208277],[28.7103738,47.1208301],[28.7103765,47.1208313],[28.7103794,47.1208323],[28.7103824,47.1208331],[28.7103855,47.1208337],[28.7103887,47.1208341],[28.7103919,47.1208343],[28.7103951,47.1208343],[28.7103983,47.1208341],[28.7104001,47.1208338],[28.7104001,47.1208338],[28.7103995,47.1208346],[28.7103991,47.1208349],[28.7103973,47.1208369],[28.7103957,47.120839],[28.7103945,47.1208412],[28.7103936,47.1208435],[28.7103931,47.1208451],[28.7103919,47.1208459],[28.7103897,47.1208474],[28.7103875,47.1208491],[28.7103856,47.120851],[28.710384,47.120853],[28.710383,47.1208546],[28.7103821,47.1208556],[28.7103728,47.1208641],[28.7103721,47.1208646],[28.7103697,47.1208666],[28.7103692,47.1208671],[28.7103692,47.1208671],[28.7103496,47.1208864],[28.7103471,47.1208883],[28.7103449,47.1208901],[28.710343,47.1208921],[28.7103413,47.1208941],[28.7103395,47.1208959],[28.7103384,47.1208967],[28.7103382,47.1208969],[28.7103355,47.1208984],[28.7103331,47.1209001],[28.710331,47.120902],[28.7103292,47.120904],[28.7103277,47.1209061],[28.710327,47.1209073],[28.710326,47.1209085],[28.7103254,47.1209092],[28.7103241,47.1209102],[28.710322,47.1209121],[28.7103209,47.1209132],[28.710319,47.1209146],[28.7103172,47.1209162],[28.7103156,47.120918],[28.7103156,47.120918],[28.710308,47.1209254],[28.7103058,47.1209273],[28.710305,47.1209279],[28.7103031,47.1209295],[28.7103015,47.1209312],[28.7102995,47.1209336],[28.7102994,47.1209337],[28.7102972,47.1209354],[28.7102951,47.1209372],[28.7102933,47.1209392],[28.7102931,47.1209395],[28.7102919,47.1209407],[28.7102905,47.1209418],[28.7102888,47.1209434],[28.7102873,47.120945],[28.7102866,47.1209458],[28.7102786,47.1209534],[28.7102772,47.1209544],[28.7102754,47.120956],[28.7102738,47.1209577],[28.7102733,47.1209582],[28.710271,47.1209604],[28.7102699,47.1209612],[28.7102675,47.1209626],[28.7102652,47.1209642],[28.7102631,47.1209659],[28.7102614,47.1209678],[28.7102598,47.1209697],[28.7102586,47.1209718],[28.7102584,47.1209722],[28.7102577,47.1209731],[28.7102569,47.1209739],[28.7102563,47.1209743],[28.7102544,47.1209761],[28.7102527,47.1209779],[28.7102513,47.1209799],[28.7102501,47.1209819],[28.7102493,47.120984],[28.7102487,47.1209861],[28.7102485,47.1209883],[28.7102486,47.1209905],[28.7102489,47.1209926],[28.7102496,47.1209948],[28.7102506,47.1209968],[28.7102519,47.1209988],[28.7102534,47.1210007],[28.7102552,47.1210025],[28.7102573,47.1210042],[28.7102595,47.1210057],[28.7102604,47.1210062],[28.7102629,47.1210076],[28.710265,47.1210085],[28.7102653,47.1210087],[28.7102679,47.1210099],[28.7102707,47.1210109],[28.7102737,47.1210117],[28.7102767,47.1210123],[28.7102798,47.1210128],[28.710283,47.121013],[28.7102861,47.121013],[28.7102893,47.1210128],[28.7102924,47.1210124],[28.7102955,47.1210118],[28.7102984,47.121011],[28.7103012,47.12101],[28.7103039,47.1210088],[28.7103064,47.1210074],[28.7103087,47.1210059],[28.7103107,47.1210043],[28.7103126,47.1210025],[28.7103141,47.1210006],[28.7103142,47.1210005],[28.7103155,47.1209991],[28.7103164,47.1209983],[28.7103167,47.1209981],[28.7103186,47.1209965],[28.7103204,47.1209948],[28.7103215,47.1209935],[28.7103231,47.1209919],[28.7103243,47.1209908],[28.7103262,47.1209892],[28.7103282,47.1209872],[28.7103293,47.120986],[28.7103321,47.1209834],[28.7103332,47.1209826],[28.7103353,47.1209814],[28.7103376,47.1209798],[28.710338,47.1209795],[28.7103402,47.1209776],[28.710342,47.1209755],[28.7103436,47.1209733],[28.7103436,47.1209732],[28.7103441,47.1209726],[28.7103451,47.1209718],[28.7103453,47.1209716],[28.7103477,47.1209698],[28.7103499,47.1209677],[28.7103516,47.1209656],[28.7103524,47.1209645],[28.7103546,47.1209622],[28.710356,47.120961],[28.7103565,47.1209607],[28.7103586,47.1209589],[28.7103605,47.1209571],[28.7103609,47.1209565],[28.7103622,47.1209553],[28.7103637,47.1209541],[28.7103648,47.1209534],[28.7103667,47.1209526],[28.7103691,47.1209514],[28.7103714,47.12095],[28.7103734,47.1209486],[28.7103753,47.120947],[28.7103794,47.1209431],[28.7103811,47.1209413],[28.7103826,47.1209394],[28.7103838,47.1209373],[28.7103847,47.1209352],[28.7103848,47.1209348],[28.710385,47.1209344],[28.7103859,47.1209335],[28.7103868,47.1209327],[28.7103892,47.1209302],[28.7103912,47.1209278],[28.7103949,47.1209242],[28.7103974,47.1209222],[28.7103989,47.1209209],[28.7104003,47.1209195],[28.7104013,47.1209184],[28.710403,47.1209168],[28.7104042,47.120916],[28.7104057,47.1209153],[28.7104084,47.1209139],[28.7104109,47.1209123],[28.7104131,47.1209106],[28.710415,47.1209087],[28.7104167,47.1209067],[28.7104181,47.1209046],[28.7104191,47.1209025],[28.7104193,47.1209016],[28.7104195,47.1209013],[28.7104203,47.1209004],[28.710431,47.1208902],[28.710433,47.1208886],[28.710435,47.1208869],[28.7104367,47.1208851],[28.7104374,47.1208843],[28.7104473,47.1208749],[28.7104499,47.1208729],[28.7104519,47.1208711],[28.7104537,47.1208693],[28.7104552,47.1208674],[28.7104571,47.1208656],[28.7104579,47.120865],[28.7104602,47.120863],[28.7104615,47.1208616],[28.7104636,47.1208596],[28.7104646,47.1208588],[28.7104648,47.1208587],[28.7104674,47.1208572],[28.7104697,47.1208556],[28.7104718,47.1208538],[28.7104719,47.1208537],[28.7104747,47.1208515],[28.7104767,47.1208498],[28.7104784,47.1208481],[28.7104798,47.1208463],[28.7104806,47.1208454],[28.710482,47.120846],[28.7104827,47.1208463],[28.710484,47.120847],[28.7104868,47.1208482],[28.710487,47.1208483],[28.7104915,47.1208505],[28.7104942,47.1208517],[28.7104971,47.1208527],[28.7105001,47.1208535],[28.7105032,47.1208541],[28.7105064,47.1208545],[28.7105096,47.1208547],[28.7105128,47.1208547],[28.710513,47.1208547],[28.7105138,47.1208547],[28.7105151,47.1208549],[28.7105161,47.1208552],[28.7105173,47.1208555],[28.7105174,47.1208556],[28.7105189,47.1208564],[28.7105216,47.1208576],[28.7105219,47.1208577],[28.7105278,47.1208606],[28.7105305,47.1208618],[28.7105334,47.1208629],[28.7105364,47.1208637],[28.7105395,47.1208643],[28.7105427,47.1208647],[28.7105459,47.1208649],[28.7105491,47.1208649],[28.7105523,47.1208646],[28.7105555,47.1208642],[28.7105561,47.1208641],[28.7105564,47.1208642],[28.7105577,47.1208649],[28.7105603,47.1208661],[28.7105607,47.1208662],[28.710561,47.1208664],[28.7105637,47.1208676],[28.7105666,47.1208686],[28.7105696,47.1208694],[28.7105727,47.1208701],[28.7105759,47.1208705],[28.7105791,47.1208707],[28.7105823,47.1208707],[28.7105855,47.1208704],[28.7105887,47.12087],[28.7105918,47.1208693],[28.7105919,47.1208693],[28.7105926,47.1208692],[28.7105929,47.1208693],[28.7105942,47.12087],[28.710597,47.1208712],[28.7105971,47.1208713],[28.7106052,47.1208752],[28.7106077,47.1208763],[28.7106104,47.1208772],[28.7106132,47.120878],[28.710616,47.1208786],[28.710619,47.1208791],[28.710622,47.1208793],[28.7106237,47.1208794],[28.7106244,47.1208798],[28.7106268,47.1208808],[28.7106283,47.1208816],[28.7106309,47.1208828],[28.7106326,47.1208835],[28.7106354,47.1208845],[28.7106384,47.1208853],[28.7106414,47.1208859],[28.7106446,47.1208863],[28.7106477,47.1208865],[28.7106509,47.1208865],[28.7106541,47.1208863],[28.7106572,47.1208859],[28.7106603,47.1208852],[28.7106632,47.1208844],[28.7106634,47.1208843],[28.7106662,47.1208835],[28.7106693,47.1208823],[28.7106722,47.120881],[28.7106743,47.1208799],[28.7106743,47.12088],[28.7106743,47.1208804],[28.7106743,47.1208823],[28.7106745,47.1208842],[28.7106747,47.1208852],[28.7106748,47.1208903],[28.7106751,47.1208925],[28.7106756,47.1208947],[28.7106765,47.1208969],[28.7106776,47.1208989],[28.7106791,47.1209009],[28.7106808,47.1209028],[28.7106829,47.1209046],[28.7106851,47.1209062],[28.7106876,47.1209076],[28.7106902,47.1209089],[28.7106931,47.12091],[28.710696,47.1209109],[28.7106991,47.1209115],[28.7107023,47.120912],[28.7107055,47.1209123],[28.7107088,47.1209123],[28.710712,47.1209121],[28.7107152,47.1209117],[28.7107184,47.1209111],[28.7107214,47.1209103],[28.7107243,47.1209093],[28.710727,47.1209081],[28.7107275,47.1209079],[28.7107294,47.1209072],[28.7107315,47.1209064],[28.7107343,47.1209051],[28.7107369,47.1209037],[28.7107393,47.1209021],[28.7107402,47.1209015],[28.7107416,47.1209033],[28.7107436,47.1209053],[28.7107459,47.1209071],[28.7107485,47.1209088],[28.7107513,47.1209103],[28.7107619,47.1209152],[28.7107622,47.1209153],[28.7107648,47.1209167],[28.7107661,47.1209172],[28.7107667,47.1209175],[28.7107686,47.1209186],[28.7107707,47.1209195],[28.710771,47.1209196],[28.7107869,47.1209279],[28.7107896,47.1209291],[28.7107925,47.1209302],[28.7107954,47.120931],[28.7107985,47.1209317],[28.7108017,47.1209321],[28.7108026,47.1209322],[28.7108035,47.1209326],[28.7108064,47.1209337],[28.7108095,47.1209346],[28.7108126,47.1209352],[28.7108158,47.1209357],[28.7108191,47.1209359],[28.7108223,47.1209359],[28.7108256,47.1209357],[28.7108288,47.1209352],[28.710832,47.1209346],[28.710835,47.1209337],[28.7108379,47.1209326],[28.7108406,47.1209314],[28.7108431,47.1209299],[28.7108443,47.1209291],[28.7108447,47.1209289],[28.7108472,47.120928],[28.7108501,47.1209267],[28.7108527,47.1209252],[28.7108528,47.1209251],[28.7108534,47.1209248],[28.7108537,47.1209249],[28.710855,47.1209255],[28.7108578,47.1209268],[28.7108579,47.1209268],[28.7108658,47.1209306],[28.7108685,47.1209318],[28.7108714,47.1209327],[28.7108744,47.1209335],[28.7108776,47.1209341],[28.7108807,47.1209345],[28.710884,47.1209346],[28.7108872,47.1209346],[28.7108899,47.1209344],[28.7108901,47.1209345],[28.7108916,47.1209353],[28.7108941,47.1209364],[28.7108946,47.1209366],[28.7108971,47.1209377],[28.7109,47.1209387],[28.710903,47.1209396],[28.7109061,47.1209402],[28.7109094,47.1209406],[28.7109126,47.1209407],[28.7109158,47.1209407],[28.7109191,47.1209404],[28.7109223,47.12094],[28.7109253,47.1209393],[28.7109283,47.1209384],[28.7109312,47.1209373],[28.7109326,47.1209366],[28.7109327,47.1209366],[28.7109328,47.1209369],[28.7109326,47.1209396],[28.7109319,47.1209428],[28.7109315,47.1209437],[28.7109307,47.1209445],[28.7109296,47.1209455],[28.7109283,47.1209464],[28.7109279,47.1209466],[28.7109271,47.1209468],[28.7109242,47.1209479],[28.7109214,47.1209492],[28.7109189,47.1209507],[28.7109166,47.1209523],[28.7109145,47.1209541],[28.7109145,47.1209541],[28.7109127,47.120956],[28.7109112,47.120958],[28.71091,47.1209601],[28.7109092,47.1209623],[28.7109086,47.1209645],[28.7109086,47.1209647],[28.7109085,47.1209652],[28.7109077,47.120966],[28.7109059,47.120968],[28.710905,47.1209693],[28.7109049,47.1209693],[28.7109033,47.1209703],[28.7109013,47.1209718],[28.7108995,47.1209734],[28.7108979,47.120975],[28.7108965,47.1209768],[28.7108954,47.1209784],[28.7108949,47.1209788],[28.7108925,47.1209804],[28.7108904,47.1209823],[28.7108886,47.1209843],[28.7108877,47.1209855],[28.7108867,47.1209864],[28.7108864,47.1209866],[28.7108841,47.1209883],[28.710882,47.1209901],[28.7108802,47.1209921],[28.7108787,47.1209942],[28.7108784,47.1209948],[28.7108772,47.1209962],[28.7108625,47.1210101],[28.7108599,47.1210121],[28.710859,47.1210128],[28.710857,47.1210144],[28.7108553,47.1210162],[28.7108548,47.1210169],[28.7108522,47.1210198],[28.7108507,47.1210212],[28.7108505,47.1210213],[28.7108483,47.1210232],[28.7108463,47.1210253],[28.710844,47.1210281],[28.7108439,47.1210282],[28.7108437,47.1210284],[28.7108416,47.1210302],[28.7108402,47.1210316],[28.7108392,47.1210324],[28.7108385,47.1210329],[28.7108378,47.1210336],[28.7108362,47.1210349],[28.7108359,47.1210351],[28.7108332,47.1210367],[28.7108308,47.1210386],[28.7108288,47.1210406],[28.7108271,47.1210427],[28.7108257,47.1210447],[28.7108256,47.1210447],[28.7108233,47.1210462],[28.7108212,47.1210479],[28.7108194,47.1210496],[28.7108178,47.1210515],[28.7108176,47.1210518],[28.7108164,47.1210534],[28.7108153,47.1210543],[28.7108138,47.1210553],[28.7108119,47.1210567],[28.7108101,47.1210583],[28.7108086,47.1210599],[28.7108078,47.1210609],[28.7108068,47.1210621],[28.7108045,47.1210635],[28.7108024,47.1210651],[28.7108006,47.1210668],[28.710799,47.1210686],[28.7107976,47.1210706],[28.7107965,47.1210726],[28.7107962,47.1210733],[28.7107953,47.1210743],[28.7107941,47.1210755],[28.7107938,47.121076],[28.7107911,47.1210769],[28.7107884,47.121078],[28.7107859,47.1210792],[28.7107836,47.1210805],[28.7107815,47.121082],[28.7107796,47.1210836],[28.7107796,47.1210837],[28.7107776,47.1210857],[28.710776,47.1210879],[28.7107747,47.1210902],[28.7107738,47.1210926],[28.7107737,47.121093],[28.7107731,47.1210943],[28.7107726,47.1210952],[28.7107722,47.1210955],[28.7107719,47.1210957],[28.7107698,47.1210971],[28.7107678,47.1210987],[28.7107661,47.1211003],[28.7107646,47.1211021],[28.7107646,47.1211022],[28.7107623,47.1211044],[28.7107605,47.1211065],[28.7107596,47.1211078],[28.7107585,47.1211092],[28.710758,47.1211096],[28.7107571,47.1211101],[28.7107549,47.1211116],[28.7107529,47.1211131],[28.7107511,47.1211148],[28.7107495,47.1211166],[28.7107491,47.1211171],[28.7107479,47.1211184],[28.7107463,47.1211201],[28.7107459,47.1211206],[28.710744,47.1211229],[28.7107439,47.1211229],[28.7107439,47.1211229],[28.710742,47.1211245],[28.7107404,47.1211262],[28.7107401,47.1211265],[28.7107386,47.1211279],[28.7107375,47.1211288],[28.7107364,47.1211295],[28.7107343,47.1211311],[28.7107325,47.1211327],[28.7107309,47.1211345],[28.7107298,47.1211358],[28.7107262,47.1211392],[28.7107252,47.1211401],[28.7107252,47.1211401],[28.7107209,47.1211426],[28.7107187,47.121144],[28.7107167,47.1211456],[28.7107149,47.1211473],[28.7107133,47.1211491],[28.710712,47.121151],[28.7107112,47.1211526],[28.7107105,47.1211537],[28.7107104,47.1211538],[28.7107082,47.1211552],[28.7107063,47.1211568],[28.7107046,47.1211585],[28.7107031,47.1211603],[28.7107026,47.121161],[28.7107012,47.1211625],[28.710697,47.1211665],[28.710697,47.1211665],[28.7106953,47.1211679],[28.7106938,47.1211693],[28.7106928,47.1211704],[28.7106851,47.1211769],[28.7106823,47.1211788],[28.7106798,47.1211809],[28.7106776,47.1211831],[28.7106754,47.1211856],[28.710671,47.1211897],[28.7106682,47.1211917],[28.710666,47.1211936],[28.710664,47.1211956],[28.7106618,47.1211983],[28.7106524,47.1212069],[28.710652,47.1212072],[28.7106498,47.121209],[28.7106478,47.121211],[28.7106469,47.1212121],[28.7106363,47.121222],[28.7106362,47.1212221],[28.7106346,47.1212235],[28.7106332,47.1212248],[28.7106272,47.1212301],[28.7106253,47.121232],[28.7106231,47.1212343],[28.7106149,47.1212414],[28.7106137,47.1212423],[28.7106117,47.1212439],[28.7106099,47.1212456],[28.7106084,47.1212474],[28.7106076,47.1212485],[28.7106069,47.1212492],[28.7106057,47.1212503],[28.7106032,47.1212528],[28.7106004,47.121255],[28.7105988,47.1212564],[28.7105974,47.1212579],[28.7105953,47.1212601],[28.7105947,47.1212607],[28.7105944,47.1212609],[28.7105924,47.1212626],[28.7105906,47.1212644],[28.7105887,47.1212665],[28.7105838,47.121271],[28.7105827,47.1212718],[28.7105804,47.1212737],[28.7105785,47.1212758],[28.7105783,47.121276],[28.7105765,47.1212778],[28.7105741,47.1212796],[28.7105722,47.1212812],[28.7105706,47.121283],[28.7105687,47.1212851],[28.710558,47.1212949],[28.7105565,47.121296],[28.7105555,47.1212965],[28.7105531,47.1212982],[28.7105509,47.1213],[28.7105489,47.121302],[28.7105473,47.1213041],[28.7105464,47.1213057],[28.7105455,47.1213068],[28.7105444,47.1213078],[28.7105426,47.1213092],[28.7105405,47.121311],[28.7105399,47.1213117],[28.7105386,47.1213127],[28.7105369,47.1213141],[28.7105357,47.1213153],[28.7105351,47.1213158],[28.7105338,47.1213163],[28.7105309,47.1213176],[28.7105281,47.1213191],[28.7105256,47.1213208],[28.7105234,47.1213227],[28.7105218,47.1213241],[28.7105199,47.1213261],[28.7105183,47.1213283],[28.7105179,47.1213289],[28.7105168,47.1213307],[28.710516,47.1213326],[28.7105157,47.1213338],[28.7105156,47.121334],[28.7105149,47.1213348],[28.7105144,47.1213353],[28.7105133,47.1213362],[28.710511,47.1213376],[28.7105088,47.1213393],[28.7105069,47.121341],[28.7105052,47.1213429],[28.7105047,47.1213437],[28.7105038,47.1213446],[28.7105019,47.1213469],[28.7105016,47.1213473],[28.7105012,47.1213479],[28.710501,47.1213479],[28.7104988,47.1213492],[28.7104967,47.1213506],[28.7104948,47.1213521],[28.7104931,47.1213538],[28.7104916,47.1213555],[28.7104903,47.1213572],[28.7104902,47.1213573],[28.7104877,47.1213583],[28.7104849,47.1213597],[28.7104824,47.1213613],[28.7104802,47.1213631],[28.7104787,47.1213644],[28.710478,47.121365],[28.7104748,47.121368],[28.7104732,47.1213696],[28.7104718,47.1213714],[28.7104706,47.1213732],[28.7104697,47.1213751],[28.7104697,47.1213751],[28.710469,47.1213765],[28.7104682,47.1213774],[28.710468,47.1213775],[28.7104662,47.1213785],[28.710464,47.12138],[28.7104619,47.1213818],[28.7104616,47.1213821],[28.7104591,47.121384],[28.7104566,47.1213862],[28.7104553,47.1213875],[28.7104541,47.1213883],[28.7104515,47.12139],[28.7104489,47.1213921],[28.7104481,47.1213929],[28.7104465,47.1213945],[28.7104451,47.1213962],[28.710444,47.121398],[28.7104437,47.1213987],[28.7104428,47.1213999],[28.710442,47.1214007],[28.7104406,47.1214019],[28.7104399,47.1214024],[28.7104377,47.1214041],[28.7104358,47.1214059],[28.7104347,47.1214072],[28.7104338,47.121408],[28.7104318,47.12141],[28.7104314,47.1214104],[28.710431,47.1214107],[28.7104293,47.1214125],[28.7104283,47.1214136],[28.7104281,47.1214137],[28.7104269,47.1214144],[28.7104247,47.1214156],[28.7104221,47.1214174],[28.7104198,47.1214193],[28.7104187,47.1214203],[28.7104169,47.1214222],[28.7104154,47.1214242],[28.7104141,47.1214263],[28.7104135,47.1214278],[28.7104131,47.1214284],[28.7104124,47.1214297],[28.7104124,47.1214297],[28.7104123,47.1214299],[28.7104121,47.1214302],[28.710412,47.1214303],[28.7104112,47.1214318],[28.7104103,47.1214327],[28.7104094,47.1214336],[28.7104064,47.1214357],[28.7104041,47.1214376],[28.7104021,47.1214396],[28.7104018,47.1214401],[28.7104018,47.1214401],[28.710399,47.1214433],[28.7103982,47.1214441],[28.7103971,47.1214449],[28.7103949,47.1214465],[28.710393,47.1214483],[28.7103914,47.1214501],[28.7103912,47.1214503],[28.7103901,47.1214516],[28.710384,47.121457],[28.7103823,47.1214587],[28.7103822,47.1214588],[28.710374,47.1214661],[28.7103721,47.1214675],[28.7103699,47.1214693],[28.710368,47.1214712],[28.7103623,47.1214775],[28.7103613,47.1214784],[28.7103594,47.1214792],[28.7103568,47.1214804],[28.7103543,47.1214817],[28.7103521,47.1214832],[28.7103501,47.1214849],[28.7103483,47.1214866],[28.7103468,47.1214885],[28.7103455,47.1214904],[28.7103445,47.1214925],[28.7103437,47.1214944],[28.7103426,47.1214954],[28.7103409,47.121497],[28.7103397,47.1214983],[28.7103372,47.1215004],[28.7103351,47.1215025],[28.7103348,47.1215029],[28.7103347,47.1215029],[28.7103332,47.1215047],[28.7103327,47.1215051],[28.7103326,47.1215051],[28.7103304,47.1215066],[28.7103285,47.1215083],[28.7103268,47.12151],[28.7103253,47.1215119],[28.7103252,47.1215121],[28.7103241,47.1215134],[28.7103219,47.1215154],[28.7103192,47.1215174],[28.710318,47.1215182],[28.7103157,47.1215201],[28.7103146,47.1215211],[28.710313,47.1215226],[28.7103116,47.1215243],[28.7103109,47.1215252],[28.7103069,47.1215293],[28.7103042,47.1215316],[28.7103023,47.1215334],[28.7103014,47.1215344],[28.7103012,47.1215346],[28.7102992,47.1215364],[28.7102991,47.1215365],[28.7102977,47.1215377],[28.7102953,47.1215396],[28.7102931,47.1215418],[28.7102917,47.1215433],[28.7102868,47.1215479],[28.7102851,47.1215494],[28.7102775,47.1215567],[28.7102758,47.1215581],[28.7102741,47.1215596],[28.7102726,47.1215612],[28.7102716,47.1215623],[28.7102683,47.1215654],[28.7102678,47.1215658],[28.7102658,47.1215675],[28.710264,47.1215693],[28.710264,47.1215694],[28.7102625,47.1215714],[28.7102613,47.1215734],[28.7102603,47.1215756],[28.7102597,47.1215777],[28.7102595,47.1215799],[28.7102595,47.1215822],[28.7102599,47.1215844],[28.7102605,47.1215865],[28.7102615,47.1215886],[28.710262,47.1215895],[28.7102604,47.1215894],[28.7102572,47.1215893],[28.710254,47.1215895],[28.7102509,47.1215899],[28.7102478,47.1215905],[28.7102448,47.1215913],[28.710242,47.1215922],[28.7102393,47.1215934],[28.7102368,47.1215948],[28.7102364,47.121595],[28.7102359,47.1215952],[28.7102333,47.1215966],[28.7102309,47.1215981],[28.7102287,47.1215998],[28.7102268,47.1216017],[28.7102252,47.1216036],[28.7102239,47.1216057],[28.7102229,47.1216078],[28.7102219,47.1216102],[28.7102212,47.1216124],[28.7102209,47.1216146],[28.7102208,47.1216168],[28.7102211,47.121619],[28.7102217,47.1216212],[28.7102226,47.1216234],[28.7102238,47.1216254],[28.7102253,47.1216274],[28.7102271,47.1216293],[28.7102291,47.121631],[28.7102314,47.1216326],[28.7102339,47.121634],[28.7102366,47.1216353],[28.7102395,47.1216364],[28.7102425,47.1216372],[28.7102457,47.1216379],[28.7102489,47.1216383],[28.7102521,47.1216385],[28.7102554,47.1216385],[28.7102587,47.1216383],[28.7102619,47.1216379],[28.710265,47.1216372],[28.710268,47.1216363],[28.7102709,47.1216353],[28.7102736,47.121634],[28.7102761,47.1216326],[28.7102784,47.121631],[28.7102804,47.1216293],[28.710285,47.121625],[28.7102867,47.1216232],[28.7102882,47.1216212],[28.7102894,47.1216192],[28.7102903,47.1216171],[28.7102909,47.121615],[28.7102912,47.1216128],[28.7102912,47.1216106],[28.7102909,47.1216085],[28.7102902,47.1216063],[28.7102893,47.1216042],[28.7102886,47.1216031],[28.7102914,47.1216033],[28.7102947,47.1216032],[28.7102979,47.121603],[28.7103011,47.1216025],[28.7103041,47.1216018],[28.7103071,47.1216009],[28.7103099,47.1215998],[28.7103126,47.1215985],[28.7103139,47.1215978],[28.7103154,47.1215976],[28.7103165,47.1215974],[28.7103183,47.1215973],[28.7103193,47.1215971],[28.7103206,47.1215971],[28.7103228,47.1215971],[28.7103255,47.1215969],[28.7103261,47.1215969],[28.71037,47.1215962],[28.7103706,47.1215963],[28.710375,47.1215963],[28.7103779,47.1215962],[28.7103798,47.1215962],[28.7103826,47.1215961],[28.7103832,47.121596],[28.7104116,47.1215956],[28.7104122,47.1215957],[28.7104166,47.1215957],[28.7104193,47.1215956],[28.7104213,47.1215956],[28.7104241,47.1215955],[28.7104247,47.1215954],[28.7104509,47.121595],[28.7104515,47.1215951],[28.7104558,47.1215951],[28.7104575,47.121595],[28.7104585,47.1215954],[28.71046,47.1215963],[28.7104599,47.1215965],[28.7104595,47.1215973],[28.7104587,47.1215994],[28.7104582,47.1216015],[28.710458,47.1216037],[28.7104582,47.1216058],[28.7104586,47.121608],[28.7104593,47.1216101],[28.7104603,47.1216121],[28.7104616,47.1216141],[28.7104632,47.121616],[28.710465,47.1216177],[28.710467,47.1216194],[28.7104693,47.1216208],[28.7104701,47.1216213],[28.7104721,47.1216224],[28.7104721,47.1216226],[28.7104734,47.1216248],[28.7104749,47.1216269],[28.7104768,47.1216288],[28.7104789,47.1216307],[28.7104813,47.1216323],[28.710484,47.1216338],[28.7104979,47.1216408],[28.7105012,47.1216426],[28.7105018,47.1216429],[28.7105024,47.1216433],[28.7105033,47.1216438],[28.7105044,47.1216444],[28.7105054,47.1216451],[28.7105059,47.1216459],[28.7105074,47.121648],[28.7105093,47.12165],[28.7105115,47.1216519],[28.7105139,47.1216536],[28.7105166,47.1216551],[28.7105236,47.1216587],[28.7105241,47.1216589],[28.7105263,47.12166],[28.7105267,47.1216602],[28.7105285,47.1216611],[28.7105297,47.1216618],[28.710531,47.1216638],[28.7105326,47.1216658],[28.7105344,47.1216677],[28.7105365,47.1216694],[28.7105388,47.121671],[28.7105414,47.1216724],[28.7105475,47.1216755],[28.7105477,47.1216757],[28.7105503,47.1216771],[28.7105521,47.1216779],[28.7105532,47.1216785],[28.7105559,47.1216797],[28.7105587,47.1216808],[28.7105617,47.1216816],[28.7105648,47.1216822],[28.710568,47.1216826],[28.7105712,47.1216828],[28.7105745,47.1216828],[28.7105777,47.1216826],[28.7105808,47.1216822],[28.7105839,47.1216815],[28.7105869,47.1216807],[28.7105898,47.1216796],[28.7105924,47.1216784],[28.7105949,47.121677],[28.7105972,47.1216754],[28.7105993,47.1216737],[28.7106174,47.1216568],[28.7106182,47.1216562],[28.7106201,47.1216546],[28.7106217,47.1216529],[28.7106224,47.1216522],[28.710625,47.1216498],[28.7106251,47.1216497],[28.7106278,47.1216474],[28.7106284,47.1216469],[28.710629,47.1216464],[28.7106307,47.1216449],[28.7106322,47.1216433],[28.7106333,47.1216421],[28.7106368,47.1216389],[28.7106368,47.1216388],[28.710639,47.1216371],[28.7106408,47.1216352],[28.7106416,47.1216343],[28.7106865,47.1215926],[28.7106875,47.1215918],[28.7106897,47.1215916],[28.7106897,47.1215916],[28.7106928,47.1215915],[28.7106961,47.1215919],[28.7106971,47.1215919],[28.7106972,47.121592],[28.7106974,47.1215929],[28.7106981,47.1216162],[28.710698,47.1216168],[28.7106979,47.1216185],[28.710698,47.1216202],[28.7106981,47.1216219],[28.7106973,47.1216228],[28.7106949,47.1216251],[28.7106933,47.1216268],[28.7106919,47.1216286],[28.7106907,47.1216305],[28.7106899,47.1216323],[28.7106896,47.1216328],[28.7106883,47.1216341],[28.7106866,47.1216362],[28.7106852,47.1216383],[28.7106848,47.121639],[28.7106846,47.1216394],[28.7106831,47.12164],[28.710681,47.1216409],[28.7106785,47.1216421],[28.7106762,47.1216435],[28.7106741,47.121645],[28.7106722,47.1216466],[28.7106473,47.1216702],[28.7106453,47.1216724],[28.7106436,47.1216747],[28.7106436,47.1216748],[28.7106431,47.1216753],[28.710642,47.1216762],[28.7106413,47.1216767],[28.710639,47.1216783],[28.710637,47.12168],[28.7106282,47.1216884],[28.7106266,47.12169],[28.7106246,47.1216923],[28.7106233,47.1216935],[28.7106223,47.1216942],[28.71062,47.1216961],[28.7106183,47.1216977],[28.7106177,47.1216983],[28.7106175,47.1216985],[28.7106158,47.1217003],[28.7106143,47.1217021],[28.710613,47.121704],[28.7106127,47.1217048],[28.7106125,47.121705],[28.7106105,47.1217062],[28.7106077,47.1217081],[28.7106052,47.1217101],[28.7105945,47.1217203],[28.7105928,47.1217221],[28.7105913,47.1217241],[28.7105901,47.1217261],[28.7105892,47.1217282],[28.7105886,47.1217303],[28.7105883,47.1217325],[28.7105884,47.1217347],[28.7105887,47.1217369],[28.7105894,47.1217391],[28.7105903,47.1217412],[28.7105916,47.1217432],[28.7105931,47.1217451],[28.7105949,47.1217469],[28.710597,47.1217486],[28.7105992,47.1217501],[28.7106017,47.1217515],[28.7106027,47.121752],[28.710603,47.1217522],[28.7106055,47.1217536],[28.7106071,47.1217543],[28.7106087,47.1217552],[28.7106114,47.1217564],[28.7106117,47.1217565],[28.7106143,47.1217578],[28.7106171,47.1217591],[28.7106201,47.1217601],[28.7106233,47.121761],[28.7106265,47.1217616],[28.7106299,47.121762],[28.7106332,47.1217622],[28.7106366,47.1217621],[28.7106399,47.1217618],[28.7106432,47.1217612],[28.710645,47.1217608],[28.7106454,47.1217607],[28.7106466,47.1217612],[28.7106477,47.1217618],[28.7106481,47.1217619],[28.7106484,47.1217621],[28.7106503,47.121763],[28.7106509,47.1217634],[28.7106525,47.1217641],[28.7106541,47.1217648],[28.710657,47.1217658],[28.7106599,47.1217667],[28.710663,47.1217673],[28.7106662,47.1217677],[28.7106694,47.1217679],[28.7106727,47.1217679],[28.7106759,47.1217677],[28.7106791,47.1217673],[28.7106821,47.1217666],[28.7106851,47.1217658],[28.710688,47.1217647],[28.7106907,47.1217635],[28.7106931,47.1217621],[28.7106954,47.1217605],[28.7106975,47.1217588],[28.7107016,47.121755],[28.7107024,47.1217544],[28.7107024,47.1217545],[28.7107024,47.1217547],[28.7107023,47.1217567],[28.7107025,47.1217586],[28.7107027,47.1217596],[28.7107035,47.1217853],[28.7107034,47.1217859],[28.7107033,47.1217876],[28.7107034,47.1217893],[28.7107036,47.1217913],[28.7107035,47.1217917],[28.7107035,47.1217936],[28.7107037,47.1217955],[28.7107039,47.1217965],[28.7107045,47.1218171],[28.7107048,47.1218193],[28.7107054,47.1218216],[28.7107063,47.1218238],[28.7107075,47.1218259],[28.710709,47.1218279],[28.7107108,47.1218298],[28.7107129,47.1218316],[28.7107153,47.1218332],[28.7107179,47.1218346],[28.7107206,47.1218359],[28.7107236,47.121837],[28.7107267,47.1218378],[28.7107299,47.1218385],[28.7107332,47.1218389],[28.7107365,47.1218391],[28.7107398,47.121839],[28.7107417,47.1218389],[28.7107426,47.121839],[28.7107429,47.1218391],[28.7107441,47.1218398],[28.7107469,47.121841],[28.7107479,47.1218414],[28.7107508,47.1218424],[28.7107538,47.1218433],[28.7107568,47.1218439],[28.71076,47.1218443],[28.7107632,47.1218445],[28.7107664,47.1218445],[28.7107696,47.1218442],[28.7107727,47.1218438],[28.7107758,47.1218431],[28.7107777,47.1218426],[28.7107792,47.1218423],[28.7107821,47.1218414],[28.7107825,47.1218413],[28.7107838,47.1218431],[28.7107853,47.121845],[28.7107871,47.1218468],[28.7107892,47.1218485],[28.7107915,47.12185],[28.710794,47.1218514],[28.7108055,47.1218572],[28.7108058,47.1218573],[28.7108083,47.1218587],[28.7108096,47.1218593],[28.7108099,47.1218595],[28.7108099,47.12186],[28.7108102,47.1218617],[28.7108103,47.121863],[28.7108095,47.1218639],[28.7107996,47.1218731],[28.7107986,47.1218739],[28.7107981,47.1218741],[28.7107957,47.1218755],[28.7107935,47.1218771],[28.7107915,47.1218788],[28.7107898,47.1218806],[28.7107884,47.1218825],[28.7107875,47.1218839],[28.7107867,47.1218851],[28.7107867,47.1218852],[28.7107848,47.1218866],[28.710783,47.1218881],[28.7107815,47.1218898],[28.7107807,47.1218909],[28.7107799,47.1218915],[28.7107751,47.1218951],[28.7107726,47.1218968],[28.7107704,47.1218987],[28.7107685,47.1219007],[28.7107669,47.1219029],[28.7107665,47.1219035],[28.7107647,47.1219057],[28.7107634,47.1219071],[28.7107583,47.1219116],[28.7107568,47.1219129],[28.7107551,47.1219145],[28.7107535,47.1219158],[28.7107524,47.1219165],[28.7107505,47.1219182],[28.7107488,47.1219199],[28.7107475,47.1219216],[28.7107462,47.1219231],[28.7107368,47.1219319],[28.710734,47.1219341],[28.7107312,47.1219366],[28.7107276,47.1219404],[28.7107249,47.1219427],[28.7107233,47.1219442],[28.7107217,47.1219457],[28.7107214,47.1219459],[28.7107194,47.1219475],[28.7107175,47.1219491],[28.710716,47.1219509],[28.7107148,47.1219523],[28.7107132,47.1219541],[28.7107118,47.1219562],[28.7107106,47.1219584],[28.7107098,47.1219606],[28.7107094,47.1219629],[28.7107093,47.1219652],[28.7107103,47.1219963],[28.7107102,47.1219966],[28.7107101,47.121999],[28.7107102,47.1219998],[28.7107103,47.1220018],[28.7107101,47.1220023],[28.7107099,47.1220025],[28.7107086,47.1220046],[28.7107076,47.1220067],[28.7107069,47.1220089],[28.7107069,47.1220089],[28.7107062,47.1220098],[28.7107054,47.1220106],[28.7107034,47.1220122],[28.7107022,47.1220131],[28.7107003,47.1220147],[28.7106988,47.1220164],[28.710698,47.1220173],[28.7106968,47.1220184],[28.7106964,47.1220187],[28.7106946,47.1220203],[28.7106936,47.1220212],[28.7106672,47.1220451],[28.7106655,47.1220464],[28.7106637,47.1220479],[28.710662,47.1220496],[28.7106615,47.1220501],[28.7106601,47.1220515],[28.7106589,47.1220523],[28.7106573,47.1220525],[28.7106556,47.1220526],[28.7106543,47.1220526],[28.7106529,47.1220527],[28.710652,47.1220527],[28.7106509,47.1220527],[28.7106479,47.1220528],[28.7106474,47.1220528],[28.7106238,47.1220532],[28.7106205,47.1220534],[28.7106172,47.1220538],[28.7106139,47.1220544],[28.7106108,47.1220552],[28.7106078,47.1220563],[28.710605,47.1220576],[28.7106024,47.122059],[28.7106001,47.1220606],[28.710598,47.1220624],[28.7105793,47.1220798],[28.710578,47.1220808],[28.7105758,47.1220825],[28.710574,47.1220844],[28.7105721,47.1220865],[28.7105683,47.1220901],[28.7105672,47.1220908],[28.7105668,47.1220911],[28.7105661,47.1220913],[28.7105636,47.1220925],[28.7105612,47.1220938],[28.710559,47.1220953],[28.710557,47.1220969],[28.7105553,47.1220986],[28.7105538,47.1221004],[28.7105528,47.1221017],[28.7105519,47.1221025],[28.7105504,47.1221044],[28.710549,47.1221064],[28.7105486,47.1221071],[28.710548,47.1221078],[28.7105465,47.1221101],[28.7105465,47.1221101],[28.7105461,47.1221107],[28.7105439,47.1221122],[28.7105415,47.1221138],[28.7105395,47.1221157],[28.7105377,47.1221176],[28.7105347,47.1221212],[28.7105325,47.1221233],[28.7105314,47.122124],[28.7105294,47.1221255],[28.7105275,47.1221272],[28.7105259,47.122129],[28.7105239,47.1221316],[28.7105225,47.1221327],[28.7105217,47.1221333],[28.7105193,47.1221352],[28.7105173,47.1221374],[28.7105157,47.1221392],[28.7105138,47.122141],[28.7105119,47.1221425],[28.7105104,47.1221436],[28.7105085,47.1221452],[28.7105068,47.122147],[28.7105061,47.1221478],[28.7105043,47.1221499],[28.7105018,47.1221521],[28.7105,47.1221534],[28.7104975,47.1221555],[28.7104953,47.1221578],[28.7104943,47.1221591],[28.7104916,47.1221617],[28.7104898,47.1221632],[28.710488,47.1221648],[28.7104865,47.1221665],[28.7104863,47.1221666],[28.7104863,47.1221667],[28.7104844,47.1221681],[28.7104828,47.1221693],[28.7104809,47.1221709],[28.7104793,47.1221727],[28.7104791,47.1221729],[28.7104769,47.1221753],[28.7104661,47.1221848],[28.710465,47.1221859],[28.7104575,47.1221934],[28.7104563,47.1221944],[28.7104547,47.1221953],[28.7104525,47.1221969],[28.7104506,47.1221987],[28.7104489,47.1222006],[28.7104475,47.1222026],[28.7104474,47.1222027],[28.7104462,47.1222042],[28.7104419,47.1222081],[28.7104408,47.122209],[28.7104403,47.1222096],[28.7104403,47.1222096],[28.7104357,47.122214],[28.7104354,47.1222142],[28.7104339,47.1222156],[28.7104325,47.122217],[28.7104319,47.1222175],[28.7104301,47.1222192],[28.7104301,47.1222192],[28.7104281,47.1222207],[28.7104264,47.1222224],[28.7104245,47.1222244],[28.7104179,47.12223],[28.7104157,47.1222322],[28.7104136,47.1222345],[28.7104124,47.1222354],[28.7104102,47.1222375],[28.7104088,47.122239],[28.7104073,47.1222402],[28.7104051,47.122242],[28.7104032,47.122244],[28.7104014,47.122246],[28.7103941,47.1222527],[28.7103927,47.1222539],[28.7103909,47.1222558],[28.7103903,47.1222564],[28.7103849,47.1222615],[28.7103816,47.122264],[28.7103799,47.1222654],[28.7103783,47.122267],[28.7103743,47.1222712],[28.7103711,47.1222739],[28.7103697,47.1222753],[28.7103683,47.1222768],[28.7103679,47.1222773],[28.7103651,47.12228],[28.7103643,47.1222806],[28.7103623,47.1222823],[28.7103606,47.1222841],[28.7103498,47.1222943],[28.7103473,47.1222962],[28.7103452,47.1222979],[28.7103435,47.1222997],[28.7103419,47.1223016],[28.71034,47.1223032],[28.7103392,47.1223038],[28.7103373,47.1223053],[28.7103357,47.122307],[28.7103334,47.1223094],[28.7103272,47.1223149],[28.710326,47.1223158],[28.7103243,47.1223174],[28.7103227,47.1223191],[28.7103215,47.1223207],[28.7103207,47.1223213],[28.710319,47.1223228],[28.7103175,47.1223243],[28.7103172,47.1223247],[28.7103157,47.122326],[28.7103152,47.1223264],[28.7103135,47.1223278],[28.710312,47.1223293],[28.7103102,47.1223312],[28.7103091,47.1223322],[28.710308,47.122333],[28.7103073,47.1223333],[28.7103071,47.1223334],[28.7103042,47.1223347],[28.7103015,47.1223362],[28.7102991,47.1223379],[28.7102969,47.1223398],[28.710296,47.1223408],[28.7102947,47.1223419],[28.7102928,47.1223436],[28.7102912,47.1223454],[28.7102898,47.1223473],[28.7102887,47.1223493],[28.7102881,47.1223507],[28.7102875,47.122352],[28.7102866,47.1223528],[28.7102857,47.1223534],[28.7102857,47.1223534],[28.7102835,47.1223548],[28.7102816,47.1223563],[28.7102798,47.122358],[28.7102783,47.1223597],[28.7102771,47.1223615],[28.7102763,47.1223625],[28.7102761,47.1223627],[28.710275,47.1223633],[28.7102729,47.1223648],[28.7102711,47.1223664],[28.7102698,47.1223678],[28.7102689,47.1223686],[28.7102671,47.1223704],[28.7102662,47.1223714],[28.7102651,47.1223725],[28.7102627,47.1223743],[28.7102607,47.1223756],[28.7102584,47.1223772],[28.7102564,47.122379],[28.7102546,47.1223808],[28.7102531,47.1223828],[28.7102519,47.1223849],[28.7102513,47.122386],[28.7102503,47.1223868],[28.7102481,47.1223883],[28.710246,47.1223896],[28.7102438,47.1223911],[28.7102419,47.1223927],[28.7102402,47.1223945],[28.7102393,47.1223958],[28.7102382,47.1223967],[28.7102335,47.1224004],[28.7102332,47.1224006],[28.710231,47.1224022],[28.7102291,47.1224039],[28.7102285,47.1224044],[28.7102274,47.1224054],[28.7102255,47.1224074],[28.710224,47.1224096],[28.7102228,47.1224119],[28.7102222,47.1224132],[28.7102214,47.1224143],[28.7102205,47.1224151],[28.7102182,47.122417],[28.7102166,47.1224184],[28.7102163,47.1224188],[28.7102143,47.1224205],[28.7102123,47.1224225],[28.7102123,47.1224226],[28.7102111,47.1224235],[28.71021,47.1224241],[28.7102078,47.1224255],[28.7102058,47.1224271],[28.7102041,47.1224288],[28.7102025,47.1224305],[28.7102012,47.1224324],[28.7102008,47.1224331],[28.7102003,47.1224336],[28.7102,47.1224339],[28.7101979,47.1224359],[28.7101979,47.122436],[28.7101968,47.1224367],[28.7101947,47.1224382],[28.7101929,47.1224399],[28.7101912,47.1224416],[28.7101898,47.1224435],[28.7101896,47.1224439],[28.7101883,47.1224448],[28.7101863,47.1224462],[28.7101845,47.1224478],[28.710183,47.1224495],[28.7101825,47.1224502],[28.7101813,47.1224516],[28.7101795,47.122453],[28.7101772,47.1224551],[28.7101761,47.1224564],[28.7101751,47.1224572],[28.7101739,47.1224585],[28.7101715,47.1224606],[28.7101707,47.1224612],[28.7101683,47.122463],[28.7101663,47.1224651],[28.7101647,47.1224672],[28.7101639,47.122468],[28.7101619,47.1224696],[28.7101617,47.1224698],[28.7101596,47.1224713],[28.7101583,47.1224725],[28.7101564,47.122474],[28.7101555,47.1224746],[28.7101533,47.1224758],[28.710151,47.1224771],[28.7101489,47.1224786],[28.710147,47.1224802],[28.7101453,47.122482],[28.7101438,47.1224838],[28.7101427,47.1224858],[28.7101418,47.1224873],[28.7101415,47.1224878],[28.7101398,47.1224894],[28.7101383,47.1224912],[28.7101374,47.1224923],[28.7101356,47.1224939],[28.7101337,47.1224957],[28.7101337,47.1224957],[28.7101337,47.1224957],[28.7101311,47.1224985],[28.7101302,47.1224993],[28.7101291,47.1225001],[28.7101269,47.1225018],[28.710125,47.1225036],[28.7101236,47.1225054],[28.7101224,47.1225067],[28.7101215,47.1225074],[28.7101202,47.1225081],[28.7101179,47.1225097],[28.7101158,47.1225114],[28.710114,47.1225132],[28.7101125,47.1225152],[28.7101116,47.1225167],[28.7101107,47.1225177],[28.7101083,47.1225199],[28.7101071,47.1225209],[28.7101059,47.1225216],[28.7101037,47.1225231],[28.7101018,47.1225247],[28.7101001,47.1225265],[28.7100997,47.1225269],[28.7100953,47.122531],[28.7100941,47.122532],[28.7100924,47.1225329],[28.7100902,47.1225343],[28.7100883,47.1225359],[28.7100865,47.1225375],[28.7100859,47.1225382],[28.710084,47.1225405],[28.7100833,47.1225415],[28.710082,47.1225422],[28.7100816,47.1225424],[28.7100788,47.1225438],[28.7100762,47.1225454],[28.710074,47.1225472],[28.710072,47.1225491],[28.7100703,47.1225512],[28.7100689,47.1225534],[28.7100679,47.1225556],[28.7100679,47.1225557],[28.7100671,47.1225561],[28.7100647,47.1225576],[28.7100625,47.1225593],[28.7100621,47.1225597],[28.7100615,47.12256],[28.7100595,47.1225616],[28.7100577,47.1225634],[28.7100561,47.1225652],[28.7100548,47.1225672],[28.7100537,47.1225692],[28.710053,47.1225712],[28.7100529,47.1225715],[28.7100521,47.1225723],[28.7100511,47.1225732],[28.7100484,47.1225751],[28.7100459,47.1225772],[28.7100437,47.1225795],[28.7100418,47.1225818],[28.7100405,47.1225828],[28.7100391,47.1225837],[28.7100367,47.1225853],[28.7100347,47.1225871],[28.7100329,47.1225891],[28.7100326,47.1225895],[28.7100326,47.1225895],[28.7100304,47.1225923],[28.7100293,47.1225935],[28.7100284,47.1225942],[28.7100266,47.1225958],[28.7100248,47.1225978],[28.7100199,47.1226018],[28.7100178,47.1226037],[28.710016,47.1226058],[28.710016,47.1226059],[28.7100147,47.1226073],[28.710014,47.1226079],[28.7100136,47.1226082],[28.7100114,47.12261],[28.7100095,47.122612],[28.7100089,47.1226126],[28.7100086,47.1226129],[28.7100075,47.1226137],[28.7100074,47.1226138],[28.710005,47.1226146],[28.7100023,47.1226159],[28.7099997,47.1226173],[28.7099974,47.1226189],[28.7099953,47.1226207],[28.7096474,47.1229457],[28.7096457,47.1229475],[28.7096442,47.1229494],[28.709643,47.1229513],[28.7096421,47.1229534],[28.7096415,47.1229554],[28.7096414,47.122956],[28.7096405,47.1229569],[28.7096241,47.1229718],[28.709622,47.122974],[28.7096213,47.1229748],[28.7096162,47.1229796],[28.7096143,47.1229811],[28.7096125,47.1229826],[28.7096109,47.1229843],[28.7096098,47.1229855],[28.7096059,47.1229891],[28.7096049,47.1229898],[28.7096037,47.1229899],[28.7095999,47.1229899],[28.709599,47.1229899],[28.709597,47.1229899],[28.7095942,47.12299],[28.7095936,47.1229901],[28.7095545,47.1229906],[28.709554,47.1229906],[28.7095496,47.1229906],[28.7095467,47.1229907],[28.7095448,47.1229907],[28.709542,47.1229908],[28.7095414,47.1229908],[28.7095084,47.1229913],[28.7095081,47.1229913],[28.7095054,47.1229912],[28.7095048,47.1229912],[28.7095032,47.1229913],[28.7095004,47.1229914],[28.7094986,47.1229913],[28.7094958,47.1229915],[28.7094952,47.1229915],[28.7094799,47.1229918],[28.7094768,47.1229919],[28.7094737,47.1229923],[28.7094706,47.1229928],[28.7094676,47.1229936],[28.7094648,47.1229945],[28.7094621,47.1229957],[28.7094596,47.122997],[28.7094593,47.1229971],[28.7094576,47.1229981],[28.7094554,47.1229994],[28.7094533,47.123001],[28.7094515,47.1230026],[28.7094498,47.1230043],[28.7094484,47.1230062],[28.7094473,47.1230081],[28.709447,47.1230088],[28.709446,47.1230096],[28.7094403,47.1230135],[28.7094382,47.1230151],[28.7094363,47.1230168],[28.7094347,47.1230186],[28.709434,47.1230196],[28.7094338,47.1230198],[28.7094332,47.1230202],[28.7094301,47.1230215],[28.7094277,47.1230227],[28.7094253,47.1230241],[28.7094232,47.1230256],[28.7094213,47.1230272],[28.7094141,47.1230339],[28.7094124,47.1230356],[28.709411,47.1230374],[28.7094098,47.1230393],[28.7094089,47.1230412],[28.7094082,47.1230432],[28.7094078,47.1230448],[28.7094071,47.1230459],[28.7094069,47.1230461],[28.7094049,47.1230481],[28.7094041,47.1230487],[28.7094029,47.12305],[28.7094009,47.1230519],[28.7093992,47.1230536],[28.7093977,47.1230555],[28.7093965,47.1230574],[28.7093956,47.1230594],[28.709395,47.1230615],[28.7093946,47.1230636],[28.7093945,47.1230657],[28.7093951,47.1230826],[28.709395,47.123083],[28.7093949,47.1230861],[28.7093951,47.1230886],[28.7093951,47.1230889],[28.709395,47.1230908],[28.7093953,47.1230928],[28.7093954,47.1230937],[28.7093964,47.1231255],[28.7093964,47.1231259],[28.7093963,47.123129],[28.7093965,47.1231316],[28.7093965,47.1231318],[28.7093964,47.1231337],[28.7093966,47.1231357],[28.7093968,47.1231367],[28.7093978,47.1231684],[28.7093978,47.1231688],[28.7093977,47.1231719],[28.7093978,47.123174],[28.709397,47.1231749],[28.7093879,47.1231833],[28.7093859,47.1231855],[28.7093842,47.1231877],[28.7093833,47.1231893],[28.709382,47.1231911],[28.7093812,47.1231921],[28.70938,47.1231939],[28.7093798,47.1231941],[28.7093778,47.1231961],[28.7093763,47.1231978],[28.7093751,47.1231989],[28.7093733,47.1232003],[28.7093711,47.1232018],[28.7093708,47.123202],[28.7093681,47.1232034],[28.7093655,47.1232048],[28.7093632,47.1232064],[28.7093611,47.1232082],[28.7093442,47.1232239],[28.7093422,47.123226],[28.7093406,47.1232281],[28.7093393,47.1232304],[28.7093384,47.1232327],[28.7093382,47.1232328],[28.7093355,47.1232348],[28.7093332,47.1232369],[28.7093326,47.1232375],[28.70933,47.1232388],[28.7093274,47.1232403],[28.7093251,47.123242],[28.7093231,47.1232438],[28.7093213,47.1232457],[28.7093198,47.1232478],[28.7093187,47.12325],[28.7093182,47.123251],[28.7093174,47.123252],[28.7093135,47.1232559],[28.7093125,47.1232567],[28.7093122,47.1232569],[28.7093114,47.1232572],[28.709309,47.1232584],[28.7093068,47.1232597],[28.7093051,47.1232608],[28.7093029,47.1232623],[28.709301,47.1232639],[28.7093005,47.1232643],[28.709299,47.1232659],[28.7092976,47.1232676],[28.7092964,47.1232694],[28.7092955,47.1232712],[28.7092951,47.1232721],[28.7092941,47.1232728],[28.7092923,47.1232737],[28.7092897,47.1232752],[28.7092873,47.1232768],[28.7092852,47.1232786],[28.7092776,47.1232855],[28.7092759,47.1232873],[28.7092745,47.1232891],[28.7092733,47.123291],[28.7092724,47.123293],[28.7092719,47.1232943],[28.7092719,47.1232945],[28.7092711,47.1232954],[28.7092707,47.1232957],[28.7092687,47.1232972],[28.7092669,47.1232985],[28.7092648,47.1233002],[28.709263,47.1233021],[28.7092611,47.1233043],[28.7092518,47.1233131],[28.7092507,47.1233139],[28.7092499,47.1233143],[28.7092495,47.1233145],[28.7092463,47.1233161],[28.7092459,47.1233163],[28.7092436,47.1233178],[28.7092416,47.1233194],[28.7092397,47.1233211],[28.7092381,47.1233229],[28.709237,47.1233246],[28.7092361,47.1233255],[28.7092325,47.1233287],[28.7092306,47.1233305],[28.709229,47.1233324],[28.7092276,47.1233344],[28.7092268,47.1233363],[28.7092267,47.1233363],[28.7092262,47.1233367],[28.7092249,47.1233376],[28.7092229,47.1233391],[28.7092211,47.1233407],[28.7092196,47.1233424],[28.7092182,47.1233441],[28.7092181,47.1233443],[28.7092175,47.123345],[28.7092153,47.123347],[28.7092129,47.1233488],[28.7092107,47.1233505],[28.7092089,47.1233524],[28.7092088,47.1233526],[28.7092063,47.1233553],[28.7091977,47.1233632],[28.7091967,47.1233639],[28.7091966,47.1233639],[28.7091948,47.1233633],[28.7091937,47.1233628],[28.7091925,47.1233621],[28.7091898,47.1233609],[28.7091895,47.1233608],[28.7091863,47.1233592],[28.7091836,47.123358],[28.7091808,47.1233569],[28.7091778,47.1233561],[28.7091747,47.1233555],[28.7091716,47.123355],[28.7091684,47.1233548],[28.7091651,47.1233548],[28.7091619,47.123355],[28.7091588,47.1233555],[28.7091557,47.1233561],[28.7091527,47.123357],[28.7091501,47.1233578],[28.7091499,47.1233577],[28.7091487,47.123357],[28.709146,47.1233558],[28.7091457,47.1233556],[28.709139,47.1233523],[28.7091365,47.1233511],[28.7091338,47.1233501],[28.709131,47.1233493],[28.7091281,47.1233487],[28.7091252,47.1233482],[28.7091221,47.1233479],[28.709118,47.1233477],[28.7091161,47.1233473],[28.7091148,47.1233468],[28.709114,47.1233463],[28.7091117,47.1233453],[28.7091103,47.1233446],[28.7091077,47.1233434],[28.709105,47.1233424],[28.7091022,47.1233416],[28.7090992,47.1233409],[28.7090962,47.1233405],[28.7090931,47.1233402],[28.70909,47.1233402],[28.7090894,47.1233402],[28.7090879,47.1233401],[28.7090877,47.12334],[28.7090869,47.1233396],[28.7090856,47.123339],[28.7090841,47.1233382],[28.7090814,47.123337],[28.7090811,47.1233369],[28.7090726,47.1233326],[28.7090699,47.1233314],[28.709067,47.1233304],[28.709064,47.1233295],[28.709061,47.1233289],[28.7090578,47.1233285],[28.7090546,47.1233283],[28.7090514,47.1233283],[28.7090496,47.1233283],[28.7090472,47.1233268],[28.7090445,47.1233253],[28.7090251,47.1233156],[28.7090249,47.1233154],[28.7090226,47.1233141],[28.7090202,47.123313],[28.7090183,47.1233122],[28.7090155,47.1233112],[28.7090125,47.1233103],[28.7090094,47.1233096],[28.7090062,47.1233091],[28.7090029,47.1233089],[28.7089997,47.1233089],[28.7089964,47.1233091],[28.7089932,47.1233095],[28.7089901,47.1233101],[28.7089871,47.1233109],[28.7089842,47.123312],[28.7089815,47.1233132],[28.7089789,47.1233146],[28.7089775,47.1233156],[28.7089773,47.1233157],[28.7089751,47.1233164],[28.708972,47.1233175],[28.7089691,47.1233188],[28.7089688,47.1233187],[28.7089676,47.123318],[28.7089649,47.1233168],[28.7089637,47.1233163],[28.7089628,47.1233159],[28.7089599,47.1233148],[28.708957,47.123314],[28.7089539,47.1233134],[28.7089507,47.1233129],[28.7089475,47.1233127],[28.7089442,47.1233127],[28.708941,47.1233129],[28.7089379,47.1233134],[28.7089348,47.123314],[28.7089331,47.1233145],[28.7089328,47.1233146],[28.7089319,47.1233144],[28.7089307,47.1233141],[28.7089296,47.1233139],[28.7089292,47.1233137],[28.708928,47.1233131],[28.7089253,47.1233118],[28.708925,47.1233117],[28.7089249,47.1233116],[28.7089223,47.1233105],[28.7089195,47.1233094],[28.7089166,47.1233086],[28.7089136,47.123308],[28.7089105,47.1233075],[28.7089073,47.1233073],[28.7089042,47.1233073],[28.708901,47.1233074],[28.7088979,47.1233078],[28.708896,47.1233081],[28.7088954,47.1233079],[28.7088942,47.1233075],[28.7088933,47.1233072],[28.7088922,47.1233067],[28.7088909,47.1233061],[28.7088882,47.1233049],[28.7088879,47.1233047],[28.7088853,47.1233035],[28.7088824,47.1233025],[28.7088794,47.1233017],[28.7088763,47.123301],[28.7088731,47.1233006],[28.7088699,47.1233004],[28.7088667,47.1233004],[28.7088635,47.1233006],[28.7088603,47.1233011],[28.7088572,47.1233017],[28.7088542,47.1233026],[28.708852,47.1233033],[28.7088518,47.123303],[28.7088503,47.1233011],[28.7088485,47.1232993],[28.7088464,47.1232976],[28.7088441,47.123296],[28.7088416,47.1232946],[28.7088291,47.1232884],[28.7088289,47.1232882],[28.7088264,47.1232868],[28.7088247,47.1232861],[28.7088232,47.1232852],[28.7088204,47.123284],[28.7088201,47.1232839],[28.7088199,47.1232838],[28.7088172,47.1232825],[28.7088143,47.1232815],[28.7088113,47.1232807],[28.7088082,47.1232801],[28.708805,47.1232797],[28.7088018,47.1232795],[28.7087986,47.1232795],[28.7087954,47.1232797],[28.7087922,47.1232802],[28.7087891,47.1232808],[28.7087862,47.1232817],[28.7087834,47.1232826],[28.7087831,47.1232825],[28.7087819,47.1232818],[28.7087792,47.1232806],[28.708778,47.1232801],[28.708777,47.1232797],[28.7087742,47.1232787],[28.7087712,47.1232778],[28.7087681,47.1232772],[28.7087649,47.1232768],[28.7087617,47.1232766],[28.7087585,47.1232766],[28.7087553,47.1232768],[28.7087521,47.1232773],[28.7087491,47.1232779],[28.7087461,47.1232788],[28.7087432,47.1232798],[28.7087406,47.123281],[28.7087381,47.1232825],[28.7087358,47.123284],[28.7087338,47.1232857],[28.7087277,47.1232913],[28.7087269,47.123292],[28.7087269,47.1232919],[28.7087269,47.1232916],[28.7087269,47.1232897],[28.7087267,47.1232877],[28.7087266,47.1232867],[28.7087265,47.1232835],[28.7087262,47.1232813],[28.7087257,47.1232792],[28.7087249,47.123277],[28.7087237,47.123275],[28.7087223,47.123273],[28.7087206,47.1232712],[28.7087187,47.1232694],[28.7087165,47.1232678],[28.708714,47.1232664],[28.7087115,47.1232651],[28.7087087,47.123264],[28.7087058,47.1232631],[28.7087027,47.1232624],[28.7086996,47.1232619],[28.7086964,47.1232616],[28.7086932,47.1232615],[28.70869,47.1232616],[28.7086869,47.123262],[28.7086838,47.1232625],[28.7086808,47.1232633],[28.7086779,47.1232642],[28.7086751,47.1232653],[28.7086747,47.1232656],[28.7086741,47.1232658],[28.7086726,47.1232659],[28.7086724,47.1232659],[28.7086709,47.1232658],[28.7086708,47.1232658],[28.7086705,47.1232657],[28.7086702,47.1232656],[28.7086695,47.1232653],[28.7086681,47.1232646],[28.7086654,47.1232634],[28.7086651,47.1232633],[28.7086601,47.1232609],[28.7086572,47.1232597],[28.7086542,47.1232587],[28.708651,47.1232579],[28.7086477,47.1232573],[28.7086443,47.123257],[28.7086409,47.1232569],[28.7086375,47.1232571],[28.7086363,47.1232572],[28.7086354,47.1232571],[28.7086352,47.123257],[28.7086339,47.1232565],[28.7086321,47.1232555],[28.7086293,47.1232543],[28.7086264,47.1232533],[28.7086234,47.1232525],[28.7086203,47.123252],[28.7086171,47.1232516],[28.7086138,47.1232514],[28.7086106,47.1232515],[28.7086074,47.1232518],[28.7086042,47.1232523],[28.7086011,47.123253],[28.7085981,47.1232539],[28.7085953,47.123255],[28.708594,47.1232556],[28.708594,47.1232556],[28.7085944,47.1232547],[28.7085953,47.1232526],[28.7085958,47.1232505],[28.708596,47.1232483],[28.7085959,47.1232461],[28.7085955,47.123244],[28.7085949,47.1232418],[28.7085939,47.1232398],[28.7085926,47.1232378],[28.708591,47.1232359],[28.7085892,47.1232341],[28.7085871,47.1232324],[28.7085849,47.1232309],[28.7085839,47.1232304],[28.7085812,47.1232289],[28.7085797,47.1232282],[28.7085777,47.1232272],[28.7085752,47.1232261],[28.7085742,47.1232257],[28.7085726,47.123225],[28.7085697,47.123224],[28.7085667,47.1232232],[28.7085636,47.1232226],[28.7085604,47.1232222],[28.7085571,47.123222],[28.7085539,47.1232221],[28.7085507,47.1232223],[28.7085475,47.1232228],[28.7085444,47.1232235],[28.7085414,47.1232244],[28.7085401,47.1232249],[28.7085396,47.1232251],[28.7085367,47.1232262],[28.7085339,47.1232275],[28.7085314,47.123229],[28.7085291,47.1232306],[28.708527,47.1232324],[28.7085253,47.1232341],[28.7085243,47.1232349],[28.7085241,47.1232348],[28.7085229,47.1232341],[28.7085201,47.1232329],[28.7085198,47.1232328],[28.7085179,47.1232319],[28.7085152,47.1232308],[28.7085124,47.1232298],[28.7085095,47.123229],[28.7085065,47.1232285],[28.7085034,47.1232281],[28.7085003,47.1232279],[28.7084972,47.1232279],[28.7084941,47.1232281],[28.708491,47.1232285],[28.70849,47.1232287],[28.7084889,47.1232285],[28.7084883,47.1232283],[28.7084871,47.1232276],[28.7084844,47.1232264],[28.7084841,47.1232263],[28.7084733,47.1232212],[28.7084703,47.1232199],[28.7084671,47.1232189],[28.7084638,47.123218],[28.7084604,47.1232175],[28.7084568,47.1232172],[28.7084547,47.1232171],[28.7084539,47.1232169],[28.7084535,47.1232168],[28.7084527,47.1232165],[28.7084514,47.1232158],[28.7084488,47.1232147],[28.7084473,47.1232141],[28.7084458,47.1232134],[28.7084429,47.1232124],[28.7084399,47.1232117],[28.7084367,47.1232111],[28.7084335,47.1232107],[28.7084303,47.1232105],[28.7084271,47.1232106],[28.7084239,47.1232109],[28.7084207,47.1232114],[28.7084176,47.1232121],[28.7084147,47.123213],[28.7084119,47.1232141],[28.7084098,47.1232151],[28.7084097,47.1232151],[28.7084095,47.123215],[28.7084082,47.1232143],[28.7084055,47.1232132],[28.7084052,47.123213],[28.708397,47.1232092],[28.7083943,47.123208],[28.7083914,47.123207],[28.7083884,47.1232062],[28.7083853,47.1232057],[28.7083821,47.1232053],[28.7083789,47.1232051],[28.7083757,47.1232052],[28.7083755,47.1232052],[28.7083725,47.1232054],[28.7083722,47.1232052],[28.708371,47.1232046],[28.7083682,47.1232034],[28.7083679,47.1232033],[28.7083674,47.123203],[28.7083646,47.1232019],[28.7083617,47.1232009],[28.7083587,47.1232001],[28.7083556,47.1231995],[28.7083524,47.1231991],[28.7083492,47.1231989],[28.7083459,47.123199],[28.7083427,47.1231993],[28.7083395,47.1231998],[28.7083378,47.1232001],[28.7083375,47.1232],[28.7083362,47.1231993],[28.7083335,47.1231982],[28.7083332,47.123198],[28.7083327,47.1231978],[28.70833,47.1231967],[28.7083271,47.1231957],[28.7083241,47.1231949],[28.7083209,47.1231943],[28.7083177,47.1231939],[28.7083145,47.1231938],[28.7083113,47.1231939],[28.7083081,47.1231941],[28.7083049,47.1231946],[28.7083018,47.1231953],[28.7082989,47.1231962],[28.7082968,47.123197],[28.7082959,47.1231964],[28.7082941,47.1231952],[28.7082915,47.1231939],[28.7082708,47.1231841],[28.7082706,47.1231839],[28.7082685,47.1231828],[28.7082663,47.1231818],[28.7082662,47.1231818],[28.7082646,47.123181],[28.7082621,47.1231798],[28.7082617,47.1231797],[28.7082583,47.123178],[28.7082554,47.1231768],[28.7082523,47.1231757],[28.7082491,47.1231749],[28.7082458,47.1231743],[28.7082425,47.1231739],[28.7082391,47.1231738],[28.7082357,47.1231739],[28.7082347,47.1231741],[28.7082311,47.1231743],[28.7082301,47.1231743],[28.7082294,47.1231741],[28.7082292,47.1231741],[28.7082289,47.123174],[28.7082277,47.1231733],[28.7082249,47.1231721],[28.7082246,47.123172],[28.7082201,47.1231699],[28.7082174,47.1231687],[28.7082144,47.1231677],[28.7082114,47.1231669],[28.7082083,47.1231663],[28.7082051,47.123166],[28.7082019,47.1231658],[28.7081986,47.1231659],[28.7081954,47.1231662],[28.7081922,47.1231667],[28.7081921,47.1231667],[28.7081919,47.1231666],[28.7081906,47.1231659],[28.7081879,47.1231648],[28.7081875,47.1231647],[28.7081857,47.1231638],[28.7081827,47.1231625],[28.7081797,47.1231615],[28.7081765,47.1231607],[28.7081731,47.1231602],[28.7081698,47.1231598],[28.7081663,47.1231598],[28.7081629,47.1231599],[28.70816,47.1231603],[28.7081599,47.1231603],[28.7081598,47.1231602],[28.7081587,47.1231598],[28.7081562,47.1231589],[28.708155,47.1231582],[28.7081523,47.1231571],[28.7081511,47.1231566],[28.7081483,47.1231557],[28.7081454,47.1231549],[28.7081423,47.1231543],[28.7081392,47.123154],[28.7081361,47.1231538],[28.7081329,47.1231539],[28.7081298,47.1231541],[28.7081267,47.1231546],[28.7081237,47.1231552],[28.7081208,47.1231561],[28.7081196,47.1231565],[28.7081192,47.1231566],[28.7081177,47.1231559],[28.708117,47.1231556],[28.7081168,47.1231555],[28.7081167,47.1231552],[28.7081165,47.1231545],[28.7081164,47.1231542],[28.708116,47.1231523],[28.7081167,47.1231513],[28.7081232,47.1231445],[28.7081242,47.1231437],[28.7081257,47.1231428],[28.7081281,47.1231413],[28.7081303,47.1231397],[28.7081322,47.1231379],[28.7081339,47.123136],[28.7081352,47.123134],[28.7081363,47.1231319],[28.7081364,47.1231318],[28.7081382,47.1231302],[28.7081399,47.1231286],[28.7081414,47.1231269],[28.7081422,47.1231258],[28.7081458,47.1231231],[28.7081479,47.1231214],[28.7081496,47.1231195],[28.7081508,47.1231183],[28.7081521,47.1231172],[28.7081544,47.1231153],[28.7081548,47.1231149],[28.7081581,47.1231118],[28.7081586,47.1231114],[28.7081603,47.1231098],[28.7081617,47.1231081],[28.7081629,47.1231063],[28.7081638,47.1231048],[28.7081642,47.1231044],[28.708165,47.1231038],[28.708167,47.1231018],[28.7081684,47.1231002],[28.7081702,47.1230987],[28.7081721,47.1230967],[28.7081734,47.1230952],[28.7081738,47.1230949],[28.7081746,47.1230944],[28.7081769,47.1230928],[28.708179,47.123091],[28.7081807,47.1230891],[28.7081822,47.1230871],[28.7081824,47.1230867],[28.7081837,47.1230853],[28.708185,47.1230841],[28.7081871,47.1230824],[28.7081891,47.1230804],[28.7081907,47.1230783],[28.7081908,47.1230782],[28.7081921,47.1230767],[28.7082015,47.1230677],[28.7082045,47.1230653],[28.7082063,47.1230638],[28.7082071,47.1230629],[28.7082093,47.1230612],[28.7082114,47.1230594],[28.7082132,47.1230575],[28.7082147,47.1230554],[28.7082154,47.1230541],[28.7082163,47.1230529],[28.7082168,47.1230524],[28.7082181,47.1230514],[28.708219,47.1230508],[28.7082211,47.1230492],[28.7082229,47.1230475],[28.7082245,47.123046],[28.7082262,47.123044],[28.7082276,47.123042],[28.7082287,47.1230399],[28.7082295,47.1230378],[28.70823,47.1230355],[28.7082301,47.1230333],[28.7082299,47.1230311],[28.7082294,47.1230289],[28.7082286,47.1230267],[28.7082275,47.1230246],[28.7082261,47.1230226],[28.7082244,47.1230207],[28.7082224,47.1230189],[28.7082202,47.1230173],[28.7082177,47.1230158],[28.7082151,47.1230145],[28.7082122,47.1230134],[28.7082092,47.1230125],[28.7082061,47.1230117],[28.708203,47.1230112],[28.7081997,47.123011],[28.7081964,47.1230109],[28.7081787,47.1230112],[28.7081781,47.1230111],[28.7081735,47.1230111],[28.7081712,47.1230112],[28.708169,47.1230112],[28.7081662,47.1230113],[28.7081656,47.1230114],[28.7081299,47.1230119],[28.7081293,47.1230119],[28.7081247,47.1230118],[28.7081223,47.1230119],[28.7081202,47.1230119],[28.7081174,47.123012],[28.7081168,47.1230121],[28.7081046,47.1230123],[28.7081013,47.1230124],[28.7080981,47.1230128],[28.708095,47.1230134],[28.708092,47.1230142],[28.7080891,47.1230152],[28.7080863,47.1230164],[28.7080838,47.1230177],[28.7080814,47.1230192],[28.7080793,47.1230209],[28.7080787,47.1230214],[28.708077,47.1230225],[28.7080748,47.1230241],[28.7080729,47.1230258],[28.7080713,47.1230277],[28.7080699,47.1230296],[28.7080695,47.1230305],[28.7080693,47.1230307],[28.7080683,47.1230315],[28.7080677,47.123032],[28.7080654,47.1230338],[28.7080634,47.1230358],[28.7080617,47.1230379],[28.7080617,47.123038],[28.7080607,47.1230391],[28.7080577,47.1230412],[28.7080557,47.1230427],[28.708054,47.1230444],[28.7080533,47.1230452],[28.7080501,47.1230483],[28.7080483,47.1230503],[28.7080469,47.1230524],[28.7080457,47.1230546],[28.7080449,47.1230569],[28.7080444,47.1230592],[28.7080443,47.1230615],[28.7080452,47.123089],[28.7080451,47.1230898],[28.7080451,47.1230919],[28.7080452,47.1230928],[28.7080452,47.1230942],[28.7080451,47.1230944],[28.7080442,47.1230954],[28.708043,47.1230973],[28.7080419,47.1230993],[28.7080416,47.1231002],[28.7080415,47.1231005],[28.7080409,47.123101],[28.7080394,47.1231025],[28.7080388,47.1231032],[28.7080377,47.1231043],[28.7080362,47.1231053],[28.708034,47.123107],[28.7080319,47.1231089],[28.7080302,47.1231108],[28.7080288,47.123113],[28.7080284,47.1231137],[28.7080275,47.1231145],[28.7080254,47.123116],[28.708023,47.1231178],[28.7080209,47.1231198],[28.7080181,47.1231227],[28.7080096,47.1231299],[28.7080086,47.1231306],[28.708007,47.1231297],[28.708005,47.1231287],[28.7080038,47.123128],[28.7080012,47.1231268],[28.708,47.1231262],[28.7079972,47.1231251],[28.7079942,47.1231242],[28.7079911,47.1231235],[28.7079879,47.123123],[28.7079846,47.1231228],[28.7079814,47.1231227],[28.7079781,47.1231229],[28.7079749,47.1231233],[28.7079718,47.1231239],[28.7079687,47.1231247],[28.7079672,47.1231252],[28.7079671,47.1231252],[28.7079656,47.1231256],[28.7079644,47.1231254],[28.7079644,47.1231253],[28.7079626,47.1231249],[28.7079623,47.1231248],[28.707961,47.1231241],[28.7079582,47.1231228],[28.7079581,47.1231228],[28.7079461,47.1231168],[28.7079434,47.1231156],[28.7079406,47.1231146],[28.7079377,47.1231138],[28.7079346,47.1231132],[28.7079315,47.1231128],[28.7079284,47.1231125],[28.7079252,47.1231125],[28.7079248,47.1231126],[28.7079244,47.1231124],[28.7079232,47.1231117],[28.7079204,47.1231105],[28.7079203,47.1231104],[28.7079178,47.1231092],[28.7079151,47.1231079],[28.7079123,47.1231069],[28.7079093,47.1231061],[28.7079062,47.1231055],[28.707903,47.123105],[28.7078999,47.1231048],[28.7078966,47.1231048],[28.7078934,47.123105],[28.7078903,47.1231055],[28.7078902,47.1231055],[28.7078872,47.123106],[28.7078866,47.1231056],[28.7078853,47.1231046],[28.7078852,47.1231038],[28.707885,47.1231018],[28.7078845,47.1230995],[28.7078836,47.1230973],[28.7078824,47.1230952],[28.7078809,47.1230931],[28.707879,47.1230912],[28.7078769,47.1230894],[28.7078746,47.1230877],[28.707872,47.1230863],[28.7078627,47.1230816],[28.7078624,47.1230814],[28.7078601,47.1230801],[28.707858,47.1230791],[28.7078567,47.1230783],[28.7078538,47.123077],[28.7078503,47.1230753],[28.7078476,47.123074],[28.7078448,47.123073],[28.7078418,47.1230722],[28.7078387,47.1230715],[28.7078355,47.1230711],[28.7078323,47.1230709],[28.7078291,47.1230709],[28.7078259,47.1230711],[28.7078227,47.1230715],[28.7078196,47.1230722],[28.7078167,47.123073],[28.7078138,47.1230741],[28.7078111,47.1230753],[28.7078086,47.1230767],[28.7078064,47.1230782],[28.7078043,47.1230799],[28.7078016,47.1230824],[28.7078007,47.1230831],[28.7078001,47.1230832],[28.7077991,47.1230833],[28.7077973,47.1230832],[28.7077951,47.1230832],[28.7077943,47.1230831],[28.707794,47.1230829],[28.7077928,47.1230823],[28.7077901,47.123081],[28.7077888,47.1230805],[28.7077879,47.1230801],[28.707785,47.1230791],[28.707782,47.1230782],[28.7077789,47.1230776],[28.7077757,47.1230772],[28.7077725,47.123077],[28.7077693,47.123077],[28.707766,47.1230772],[28.7077628,47.1230776],[28.7077597,47.1230783],[28.7077567,47.1230791],[28.7077539,47.1230802],[28.7077521,47.123081],[28.7077519,47.1230811],[28.7077506,47.1230806],[28.7077484,47.1230795],[28.707748,47.1230793],[28.7077466,47.1230785],[28.7077439,47.1230773],[28.7077436,47.1230771],[28.7077418,47.1230762],[28.707739,47.1230749],[28.7077361,47.1230738],[28.7077331,47.123073],[28.7077299,47.1230723],[28.7077266,47.1230719],[28.7077233,47.1230716],[28.70772,47.1230717],[28.7077167,47.1230719],[28.707716,47.123072],[28.7077154,47.123072],[28.7077151,47.1230719],[28.7077139,47.1230712],[28.7077112,47.12307],[28.7077099,47.1230695],[28.7077092,47.1230692],[28.7077064,47.1230682],[28.7077035,47.1230674],[28.7077005,47.1230668],[28.7076974,47.1230663],[28.7076942,47.1230661],[28.7076911,47.1230661],[28.7076879,47.1230663],[28.7076848,47.1230667],[28.7076818,47.1230673],[28.7076815,47.1230674],[28.7076812,47.1230674],[28.7076825,47.1230661],[28.7076841,47.1230641],[28.7076854,47.123062],[28.7076864,47.1230599],[28.7076871,47.1230577],[28.7076874,47.1230555],[28.7076874,47.1230532],[28.7076871,47.123051],[28.7076865,47.1230488],[28.7076855,47.1230466],[28.7076843,47.1230446],[28.7076827,47.1230426],[28.7076809,47.1230407],[28.7076788,47.123039],[28.7076764,47.1230374],[28.7076751,47.1230367],[28.7076743,47.1230362],[28.7076717,47.1230348],[28.7076704,47.1230342],[28.7076701,47.123034],[28.7076694,47.123033],[28.7076687,47.1230319],[28.7076672,47.12303],[28.7076654,47.1230282],[28.7076634,47.1230265],[28.7076612,47.123025],[28.7076588,47.1230237],[28.7076562,47.1230225],[28.7076535,47.1230214],[28.7076506,47.1230206],[28.7076476,47.1230199],[28.7076446,47.1230195],[28.7076415,47.1230192],[28.7076383,47.1230191],[28.7076352,47.1230193],[28.7076006,47.1230198],[28.7075999,47.1230197],[28.7075951,47.1230197],[28.707593,47.1230198],[28.7075922,47.1230198],[28.7075882,47.1230199],[28.7075876,47.12302],[28.707553,47.1230205],[28.7075528,47.1230205],[28.7075523,47.1230205],[28.7075478,47.1230205],[28.7075461,47.1230205],[28.707544,47.1230205],[28.7075412,47.1230206],[28.7075406,47.1230207],[28.7075112,47.1230211],[28.7075105,47.1230211],[28.7075059,47.1230211],[28.7075049,47.1230211],[28.7075055,47.1230203],[28.7075252,47.1230018],[28.707527,47.1229999],[28.7075285,47.1229979],[28.7075297,47.1229959],[28.7075306,47.1229938],[28.7075312,47.1229916],[28.7075314,47.1229894],[28.7075314,47.1229872],[28.707531,47.122985],[28.7075304,47.1229828],[28.7075294,47.1229807],[28.7075281,47.1229787],[28.7075266,47.1229768],[28.7075247,47.122975],[28.7075226,47.1229733],[28.7075203,47.1229717],[28.707518,47.1229705],[28.7075177,47.1229703],[28.7075151,47.1229689],[28.7075138,47.1229683],[28.7075136,47.1229681],[28.7075145,47.1229662],[28.7075154,47.122964],[28.707516,47.122962],[28.7075162,47.1229615],[28.7075168,47.1229611],[28.707519,47.1229593],[28.7075209,47.1229575],[28.7075225,47.1229555],[28.7075238,47.1229534],[28.7075248,47.1229513],[28.7075254,47.1229491],[28.7075258,47.1229468],[28.7075258,47.1229446],[28.7075255,47.1229423],[28.7075248,47.1229401],[28.7075238,47.1229379],[28.7075226,47.1229359],[28.707521,47.1229339],[28.7075191,47.122932],[28.707517,47.1229303],[28.7075146,47.1229287],[28.7075132,47.1229279],[28.7075131,47.1229275],[28.7075128,47.1229262],[28.7075125,47.1229253],[28.7075124,47.1229248],[28.7075132,47.1229239],[28.7075152,47.122922],[28.7075162,47.1229212],[28.7075164,47.1229211],[28.7075181,47.1229204],[28.7075206,47.1229192],[28.707523,47.1229178],[28.7075251,47.1229163],[28.707527,47.1229147],[28.7075294,47.1229124],[28.7075312,47.1229105],[28.7075326,47.1229086],[28.7075338,47.1229065],[28.7075347,47.1229044],[28.7075353,47.1229022],[28.7075356,47.1229],[28.7075355,47.1228978],[28.7075352,47.1228956],[28.7075345,47.1228935],[28.7075335,47.1228914],[28.7075322,47.1228893],[28.7075306,47.1228874],[28.7075288,47.1228856],[28.7075267,47.1228839],[28.7075244,47.1228824],[28.7075219,47.122881],[28.7075193,47.1228797],[28.707519,47.1228795],[28.7075165,47.1228782],[28.7075151,47.1228776],[28.7075149,47.1228775],[28.7075151,47.122877],[28.7075162,47.1228746],[28.7075163,47.1228738],[28.7075164,47.1228738],[28.707517,47.1228717],[28.7075178,47.1228708],[28.7075191,47.1228697],[28.7075217,47.122868],[28.7075238,47.1228664],[28.7075258,47.1228647],[28.7075275,47.1228628],[28.7075289,47.1228609],[28.70753,47.1228588],[28.7075308,47.1228567],[28.7075313,47.1228546],[28.7075316,47.1228524],[28.7075315,47.1228502],[28.7075311,47.1228481],[28.7075304,47.122846],[28.7075294,47.1228439],[28.7075281,47.1228419],[28.7075266,47.12284],[28.7075247,47.1228382],[28.7075227,47.1228365],[28.7075204,47.122835],[28.7075199,47.1228347],[28.7075174,47.1228334],[28.7075146,47.1228322],[28.7075143,47.122832],[28.7075134,47.1228316],[28.7075106,47.1228304],[28.7075078,47.1228293],[28.7075048,47.1228285],[28.7075016,47.1228279],[28.7074985,47.1228275],[28.7074953,47.1228273],[28.707492,47.1228274],[28.7074888,47.1228276],[28.7074856,47.1228281],[28.7074826,47.1228288],[28.7074796,47.1228296],[28.7074768,47.1228307],[28.7074741,47.122832],[28.7074717,47.1228334],[28.7074694,47.122835],[28.7074674,47.1228367],[28.7074879,47.1228172],[28.7074897,47.1228154],[28.7074912,47.1228134],[28.7074924,47.1228113],[28.7074933,47.1228092],[28.7074938,47.122807],[28.7074941,47.1228048],[28.7074941,47.1228026],[28.7074937,47.1228004],[28.707493,47.1227983],[28.707492,47.1227962],[28.7074908,47.1227942],[28.7074892,47.1227922],[28.7074874,47.1227904],[28.7074853,47.1227887],[28.707483,47.1227872],[28.7074828,47.1227871],[28.7074813,47.1227862],[28.7074789,47.1227849],[28.7074762,47.1227837],[28.7074759,47.1227835],[28.7074569,47.1227741],[28.7074541,47.1227729],[28.7074513,47.1227719],[28.7074483,47.1227711],[28.7074452,47.1227704],[28.707442,47.12277],[28.7074387,47.1227698],[28.7074355,47.1227699],[28.7074323,47.1227701],[28.7074291,47.1227705],[28.707426,47.1227712],[28.7074231,47.1227721],[28.7074202,47.1227731],[28.7074175,47.1227744],[28.7074151,47.1227758],[28.7074128,47.1227774],[28.7074108,47.1227791],[28.7073746,47.1228132],[28.7073728,47.1228152],[28.7073713,47.1228172],[28.70737,47.1228194],[28.7073691,47.1228216],[28.7073689,47.1228227],[28.7073687,47.122823],[28.7073686,47.1228231],[28.7073676,47.122824],[28.7073659,47.1228257],[28.7073651,47.1228267],[28.707365,47.1228268],[28.7073637,47.1228263],[28.7073625,47.1228257],[28.7073619,47.1228254],[28.7073619,47.1228253]],[[28.7106741,47.1211014],[28.7106735,47.1211021],[28.710672,47.1211041],[28.7106708,47.1211062],[28.7106699,47.1211084],[28.7106694,47.1211106],[28.7106691,47.1211128],[28.7106692,47.1211151],[28.7106697,47.1211173],[28.7106704,47.1211195],[28.7106715,47.1211217],[28.7106729,47.1211237],[28.7106746,47.1211257],[28.7106766,47.1211275],[28.7106788,47.1211292],[28.7106812,47.1211307],[28.7106825,47.1211314],[28.710685,47.1211327],[28.7106878,47.1211338],[28.7106906,47.1211347],[28.7106936,47.1211355],[28.7106967,47.121136],[28.7106998,47.1211363],[28.710703,47.1211365],[28.7107062,47.1211364],[28.7107093,47.1211361],[28.7107124,47.1211356],[28.7107154,47.1211349],[28.7107183,47.121134],[28.7107211,47.1211329],[28.7107237,47.1211317],[28.7107261,47.1211303],[28.7107283,47.1211287],[28.7107302,47.121127],[28.7107319,47.1211252],[28.7107322,47.1211248],[28.7107376,47.1211199],[28.7107394,47.121118],[28.7107409,47.121116],[28.7107421,47.1211139],[28.7107431,47.1211118],[28.7107437,47.1211096],[28.7107439,47.1211074],[28.7107439,47.1211051],[28.7107435,47.1211029],[28.7107428,47.1211007],[28.7107418,47.1210986],[28.7107405,47.1210965],[28.7107389,47.1210946],[28.710737,47.1210927],[28.7107349,47.121091],[28.7107325,47.1210895],[28.7107322,47.1210893],[28.7107297,47.121088],[28.7107269,47.1210868],[28.7107266,47.1210867],[28.7107265,47.1210866],[28.7107237,47.1210854],[28.7107208,47.1210844],[28.7107177,47.1210836],[28.7107145,47.1210831],[28.7107113,47.1210827],[28.710708,47.1210826],[28.7107047,47.1210827],[28.7107014,47.121083],[28.7106982,47.1210835],[28.7106951,47.1210842],[28.7106921,47.1210852],[28.7106893,47.1210863],[28.7106867,47.1210877],[28.7106842,47.1210892],[28.710682,47.1210909],[28.7106801,47.1210927],[28.7106784,47.1210946],[28.710677,47.1210966],[28.7106759,47.1210988],[28.7106757,47.1210994],[28.7106755,47.1210998],[28.7106741,47.1211014]],[[28.7100322,47.1217882],[28.7100321,47.1217885],[28.7100314,47.1217906],[28.710031,47.1217928],[28.7100309,47.121795],[28.7100311,47.1217971],[28.7100317,47.1217993],[28.7100325,47.1218014],[28.7100336,47.1218034],[28.710035,47.1218053],[28.7100367,47.1218072],[28.7100386,47.1218089],[28.7100408,47.1218105],[28.7100432,47.121812],[28.7100457,47.1218132],[28.7100484,47.1218143],[28.7100513,47.1218153],[28.7100543,47.121816],[28.7100574,47.1218165],[28.7100606,47.1218168],[28.7100637,47.121817],[28.7100669,47.1218169],[28.7100701,47.1218166],[28.7100731,47.121816],[28.7100761,47.1218153],[28.710079,47.1218144],[28.7100818,47.1218133],[28.7100844,47.1218121],[28.7100867,47.1218106],[28.7100889,47.1218091],[28.7100935,47.1218054],[28.7100938,47.1218052],[28.7100959,47.1218035],[28.7100977,47.1218017],[28.7100988,47.1218004],[28.7101004,47.1217985],[28.710102,47.121797],[28.7101038,47.1217952],[28.7101053,47.1217933],[28.7101065,47.1217913],[28.7101066,47.1217913],[28.7101091,47.1217898],[28.7101101,47.1217891],[28.7101118,47.1217881],[28.7101137,47.1217867],[28.7101154,47.1217853],[28.7101173,47.1217836],[28.7101175,47.1217834],[28.7101194,47.1217819],[28.710121,47.1217803],[28.7101217,47.1217796],[28.7101233,47.1217777],[28.7101247,47.1217758],[28.7101257,47.1217748],[28.7101272,47.1217729],[28.7101285,47.1217709],[28.7101296,47.1217688],[28.7101303,47.1217667],[28.7101307,47.1217645],[28.7101308,47.1217623],[28.7101306,47.1217601],[28.71013,47.1217579],[28.7101292,47.1217558],[28.7101281,47.1217538],[28.7101267,47.1217518],[28.710125,47.1217499],[28.7101247,47.1217497],[28.7101278,47.1217504],[28.710131,47.1217508],[28.7101343,47.1217511],[28.7101376,47.1217511],[28.7101408,47.1217509],[28.7101441,47.1217504],[28.7101472,47.1217498],[28.7101502,47.1217489],[28.7101531,47.1217478],[28.7101558,47.1217466],[28.7101558,47.1217466],[28.7101573,47.121746],[28.7101589,47.1217453],[28.7101614,47.1217441],[28.7101637,47.1217428],[28.7101659,47.1217413],[28.7101678,47.1217396],[28.7102104,47.1216996],[28.7102125,47.1216974],[28.7102142,47.121695],[28.7102154,47.121693],[28.7102164,47.1216912],[28.7102171,47.1216894],[28.7102176,47.1216876],[28.7102177,47.1216872],[28.710218,47.121686],[28.7102183,47.1216838],[28.7102183,47.1216816],[28.710218,47.1216794],[28.7102173,47.1216773],[28.7102164,47.1216752],[28.7102151,47.1216731],[28.7102136,47.1216712],[28.7102118,47.1216694],[28.7102097,47.1216677],[28.7102074,47.1216661],[28.7102049,47.1216647],[28.7102022,47.1216635],[28.7101993,47.1216625],[28.7101964,47.1216616],[28.7101933,47.121661],[28.7101901,47.1216606],[28.7101869,47.1216604],[28.7101836,47.1216604],[28.7101804,47.1216606],[28.7101772,47.1216611],[28.7101742,47.1216617],[28.7101712,47.1216626],[28.7101683,47.1216636],[28.7101656,47.1216648],[28.7101632,47.1216662],[28.7101609,47.1216678],[28.7101588,47.1216695],[28.7101561,47.1216721],[28.7101561,47.1216721],[28.7101548,47.1216733],[28.7101528,47.1216752],[28.7101524,47.1216755],[28.7101516,47.1216762],[28.7101496,47.121678],[28.7101493,47.1216783],[28.7101458,47.1216819],[28.7101448,47.1216827],[28.7101431,47.1216834],[28.7101419,47.1216837],[28.7101392,47.1216848],[28.7101367,47.121686],[28.7101344,47.1216874],[28.7101323,47.1216889],[28.7101303,47.1216905],[28.7101172,47.1217029],[28.7101153,47.1217049],[28.7101137,47.1217071],[28.7101125,47.1217093],[28.7101116,47.1217117],[28.7101111,47.1217139],[28.7101111,47.1217139],[28.7101104,47.1217145],[28.7101085,47.1217163],[28.7101068,47.1217183],[28.7101054,47.1217203],[28.7101044,47.1217224],[28.7101036,47.1217246],[28.7101032,47.1217268],[28.7101031,47.1217291],[28.7101033,47.1217313],[28.7101039,47.1217335],[28.7101048,47.1217357],[28.710106,47.1217378],[28.7101075,47.1217398],[28.7101092,47.1217416],[28.7101071,47.1217411],[28.710104,47.1217406],[28.7101008,47.1217403],[28.7100976,47.1217402],[28.7100944,47.1217403],[28.7100912,47.1217407],[28.7100881,47.1217412],[28.7100851,47.121742],[28.7100822,47.1217429],[28.7100794,47.1217441],[28.7100769,47.1217454],[28.7100755,47.1217461],[28.7100731,47.1217476],[28.7100709,47.1217493],[28.7100689,47.1217512],[28.7100672,47.1217531],[28.7100663,47.1217544],[28.7100653,47.1217552],[28.7100646,47.1217557],[28.7100624,47.1217574],[28.7100606,47.1217592],[28.7100596,47.1217604],[28.7100585,47.1217616],[28.7100569,47.1217635],[28.7100556,47.1217656],[28.7100555,47.1217658],[28.7100543,47.1217665],[28.7100523,47.1217676],[28.7100498,47.1217692],[28.7100475,47.121771],[28.7100465,47.121772],[28.7100452,47.121773],[28.7100432,47.121775],[28.7100427,47.1217757],[28.7100416,47.1217767],[28.7100403,47.1217781],[28.7100393,47.1217791],[28.7100377,47.1217805],[28.710036,47.1217823],[28.7100345,47.1217841],[28.7100332,47.121786],[28.7100323,47.121788],[28.7100322,47.1217882]],[[28.7097641,47.1216496],[28.7097647,47.12165],[28.7097673,47.1216512],[28.7097674,47.1216512],[28.709768,47.1216515],[28.7097708,47.1216525],[28.7097737,47.1216534],[28.7097767,47.1216541],[28.7097798,47.1216546],[28.7097829,47.1216548],[28.7097861,47.1216549],[28.7097893,47.1216547],[28.7097924,47.1216544],[28.7097955,47.1216538],[28.7097984,47.1216531],[28.7098013,47.1216521],[28.709804,47.121651],[28.7098091,47.1216486],[28.7098121,47.1216471],[28.7098147,47.1216453],[28.7098171,47.1216434],[28.70982,47.1216407],[28.7098217,47.1216389],[28.7098232,47.121637],[28.7098245,47.121635],[28.7098254,47.1216329],[28.709826,47.1216307],[28.7098263,47.1216286],[28.7098264,47.1216264],[28.7098261,47.1216242],[28.7098255,47.1216221],[28.7098246,47.12162],[28.7098234,47.121618],[28.7098219,47.121616],[28.7098202,47.1216142],[28.7098182,47.1216125],[28.709816,47.1216109],[28.7098136,47.1216095],[28.7098109,47.1216083],[28.7098081,47.1216072],[28.7098052,47.1216063],[28.7098022,47.1216057],[28.7097991,47.1216052],[28.7097959,47.1216049],[28.7097927,47.1216049],[28.7097722,47.1216052],[28.7097714,47.1216051],[28.7097681,47.1216053],[28.7097649,47.1216057],[28.7097617,47.1216063],[28.7097586,47.1216071],[28.7097557,47.1216081],[28.709753,47.1216093],[28.7097504,47.1216107],[28.709748,47.1216122],[28.7097459,47.1216139],[28.709744,47.1216158],[28.7097425,47.1216177],[28.7097411,47.1216198],[28.7097402,47.1216219],[28.7097395,47.1216241],[28.7097391,47.1216263],[28.7097391,47.1216285],[28.7097394,47.1216308],[28.70974,47.121633],[28.709741,47.1216351],[28.7097422,47.1216372],[28.7097437,47.1216392],[28.7097455,47.121641],[28.7097476,47.1216427],[28.7097499,47.1216443],[28.7097525,47.1216457],[28.7097552,47.121647],[28.7097581,47.121648],[28.7097611,47.1216489],[28.7097637,47.1216495],[28.7097641,47.1216496]],[[28.7095031,47.1225715],[28.709505,47.1225726],[28.7095076,47.1225738],[28.7095094,47.1225745],[28.7095122,47.1225755],[28.7095153,47.1225764],[28.7095184,47.122577],[28.7095216,47.1225775],[28.7095248,47.1225777],[28.7095281,47.1225777],[28.7095313,47.1225775],[28.7095345,47.122577],[28.7095376,47.1225764],[28.7095406,47.1225755],[28.7095434,47.1225744],[28.7095461,47.1225732],[28.7095486,47.1225718],[28.7095509,47.1225702],[28.709553,47.1225685],[28.7095556,47.122566],[28.7095573,47.1225642],[28.7095588,47.1225623],[28.70956,47.1225603],[28.7095609,47.1225582],[28.7095616,47.1225561],[28.7095619,47.1225539],[28.7095619,47.1225517],[28.7095616,47.1225496],[28.709561,47.1225474],[28.7095601,47.1225454],[28.7095589,47.1225433],[28.7095574,47.1225414],[28.7095556,47.1225396],[28.7095537,47.1225379],[28.7095514,47.1225363],[28.709549,47.1225349],[28.7095464,47.1225337],[28.7095436,47.1225326],[28.7095407,47.1225318],[28.7095377,47.1225311],[28.7095346,47.1225306],[28.7095314,47.1225303],[28.7095282,47.1225303],[28.709522,47.1225304],[28.7095186,47.1225305],[28.7095153,47.1225309],[28.7095121,47.1225316],[28.709509,47.1225324],[28.709506,47.1225335],[28.7095032,47.1225347],[28.7095006,47.1225362],[28.7094982,47.1225378],[28.7094977,47.1225382],[28.7094957,47.1225399],[28.7094939,47.1225417],[28.7094924,47.1225437],[28.7094911,47.1225457],[28.7094902,47.1225478],[28.7094896,47.12255],[28.7094893,47.1225522],[28.7094893,47.1225544],[28.7094896,47.1225566],[28.7094903,47.1225588],[28.7094912,47.1225609],[28.7094925,47.1225629],[28.709494,47.1225649],[28.7094958,47.1225667],[28.7094979,47.1225684],[28.7095002,47.1225699],[28.7095027,47.1225713],[28.7095031,47.1225715]],[[28.7079537,47.1223417],[28.7079535,47.122342],[28.7079515,47.1223441],[28.7079499,47.1223464],[28.7079489,47.1223483],[28.7079478,47.1223504],[28.7079471,47.1223526],[28.7079466,47.1223548],[28.7079465,47.122357],[28.7079468,47.1223592],[28.7079473,47.1223614],[28.7079482,47.1223636],[28.7079493,47.1223657],[28.7079508,47.1223677],[28.7079525,47.1223695],[28.7079546,47.1223713],[28.7079568,47.1223729],[28.7079593,47.1223744],[28.707962,47.1223757],[28.7079648,47.1223767],[28.7079678,47.1223776],[28.707971,47.1223783],[28.7079741,47.1223788],[28.7079774,47.122379],[28.7079807,47.1223791],[28.7079839,47.1223789],[28.7079871,47.1223785],[28.7079903,47.1223778],[28.7079933,47.122377],[28.7079962,47.122376],[28.7079989,47.1223747],[28.7080015,47.1223733],[28.7080022,47.1223728],[28.7080033,47.1223722],[28.7080058,47.1223704],[28.7080079,47.1223684],[28.7080098,47.1223663],[28.7080108,47.1223649],[28.7080114,47.1223643],[28.708013,47.1223624],[28.7080143,47.1223604],[28.7080153,47.1223583],[28.7080161,47.1223561],[28.7080165,47.1223539],[28.7080165,47.1223517],[28.7080163,47.1223495],[28.7080158,47.1223474],[28.7080149,47.1223452],[28.7080137,47.1223432],[28.7080123,47.1223412],[28.7080106,47.1223393],[28.7080086,47.1223376],[28.7080064,47.122336],[28.7080039,47.1223346],[28.7080013,47.1223333],[28.7079985,47.1223322],[28.7079955,47.1223313],[28.7079925,47.1223306],[28.7079893,47.1223301],[28.7079861,47.1223298],[28.7079829,47.1223298],[28.7079797,47.1223299],[28.7079765,47.1223303],[28.7079734,47.1223309],[28.7079704,47.1223317],[28.7079675,47.1223327],[28.7079647,47.1223338],[28.7079622,47.1223352],[28.7079607,47.122336],[28.7079581,47.1223378],[28.7079557,47.1223396],[28.7079537,47.1223417],[28.7079537,47.1223417]]],[[[28.7073848,47.1229149],[28.7073833,47.1229164],[28.7073813,47.1229185],[28.7073797,47.1229207],[28.7073785,47.1229231],[28.7073779,47.1229243],[28.7073773,47.122926],[28.7073771,47.1229266],[28.707377,47.1229268],[28.7073762,47.1229277],[28.7073762,47.1229278],[28.7073738,47.1229297],[28.707372,47.1229312],[28.7073704,47.1229328],[28.7073691,47.1229344],[28.7073685,47.1229349],[28.7073672,47.1229344],[28.7073661,47.122934],[28.7073656,47.1229337],[28.7073653,47.1229335],[28.7073653,47.122933],[28.7073652,47.1229325],[28.7073651,47.1229305],[28.7073652,47.1229293],[28.7073661,47.1229283],[28.7073721,47.1229226],[28.7073732,47.1229218],[28.7073735,47.1229217],[28.707375,47.1229211],[28.7073778,47.1229198],[28.7073804,47.1229184],[28.7073827,47.1229167],[28.7073848,47.1229149]]]]}},{"type":"Feature","id":14,"properties":{"vineyard_id":"V14","farm_id":"F10","area_m2":192.118,"n_parcels":1,"cadastral_codes":["80372170136"],"landuse_counts":{"Pentru construcţii":1}},"geometry":{"type":"Polygon","coordinates":[[[28.7115738,47.1219571],[28.7115742,47.1219568],[28.7115755,47.1219559],[28.711576,47.1219556],[28.7115776,47.1219544],[28.7115893,47.1219464],[28.711591,47.1219452],[28.7115926,47.1219438],[28.7115953,47.1219413],[28.7115966,47.1219403],[28.711597,47.1219399],[28.7115991,47.1219386],[28.7115994,47.1219386],[28.7116009,47.1219388],[28.711604,47.121939],[28.7116071,47.121939],[28.7116103,47.1219388],[28.7116133,47.1219384],[28.7116163,47.1219378],[28.7116192,47.121937],[28.711622,47.1219361],[28.7116246,47.1219349],[28.7116271,47.1219336],[28.7116294,47.1219321],[28.7116294,47.1219321],[28.7116319,47.1219305],[28.7116333,47.1219294],[28.7116335,47.1219292],[28.7116346,47.1219284],[28.7116359,47.1219275],[28.7116371,47.1219281],[28.7116389,47.1219292],[28.7116401,47.12193],[28.7116427,47.1219314],[28.7116455,47.1219326],[28.7116484,47.1219336],[28.7116515,47.1219344],[28.7116547,47.121935],[28.7116579,47.1219354],[28.7116612,47.1219355],[28.7116646,47.1219355],[28.7116678,47.1219352],[28.711671,47.1219346],[28.7116742,47.1219339],[28.7116772,47.121933],[28.71168,47.1219318],[28.7116827,47.1219305],[28.7116851,47.121929],[28.7116873,47.1219273],[28.7116874,47.1219272],[28.7116981,47.1219199],[28.7116991,47.1219193],[28.7117011,47.1219177],[28.7117013,47.1219176],[28.7117026,47.121917],[28.7117044,47.1219164],[28.7117072,47.1219173],[28.7117102,47.1219182],[28.7117132,47.1219189],[28.7117163,47.1219194],[28.7117195,47.1219197],[28.7117227,47.1219198],[28.7117259,47.1219196],[28.7117291,47.1219193],[28.7117322,47.1219187],[28.7117352,47.1219179],[28.7117381,47.121917],[28.7117409,47.1219158],[28.7117434,47.1219145],[28.7117435,47.1219144],[28.711746,47.1219129],[28.711747,47.1219121],[28.7117495,47.1219106],[28.71175,47.1219103],[28.7117512,47.1219109],[28.7117516,47.1219111],[28.7117526,47.1219119],[28.7117542,47.1219139],[28.7117558,47.1219157],[28.7117576,47.1219173],[28.7117597,47.1219189],[28.711762,47.1219203],[28.7117645,47.1219215],[28.7117671,47.1219226],[28.7117699,47.1219236],[28.7117703,47.1219237],[28.7117708,47.1219239],[28.711772,47.1219246],[28.7117738,47.1219258],[28.7117753,47.1219271],[28.7117756,47.1219275],[28.7117776,47.1219294],[28.7117799,47.1219311],[28.7117824,47.1219327],[28.7117852,47.1219341],[28.7117875,47.121935],[28.7117889,47.1219358],[28.7117927,47.1219382],[28.7117941,47.1219393],[28.7117945,47.1219398],[28.7117965,47.1219415],[28.7117987,47.121943],[28.7118011,47.1219444],[28.7118037,47.1219457],[28.7118039,47.1219458],[28.7118058,47.1219468],[28.7118101,47.1219496],[28.7118114,47.1219507],[28.7118123,47.1219516],[28.7118142,47.1219534],[28.7118164,47.121955],[28.7118188,47.1219565],[28.7118213,47.1219578],[28.711824,47.1219588],[28.7118253,47.1219596],[28.7118297,47.1219626],[28.7118327,47.1219651],[28.7118349,47.1219668],[28.7118374,47.1219683],[28.7118402,47.1219697],[28.7118402,47.1219697],[28.7118421,47.1219707],[28.7118482,47.1219747],[28.7118492,47.1219755],[28.7118482,47.1219763],[28.7118479,47.1219764],[28.7118474,47.1219769],[28.7118463,47.1219775],[28.711845,47.1219784],[28.7118438,47.1219791],[28.7118407,47.121979],[28.7118375,47.1219791],[28.7118343,47.1219794],[28.7118312,47.12198],[28.7118282,47.1219807],[28.7118253,47.1219817],[28.7118225,47.1219828],[28.71182,47.1219841],[28.7118176,47.1219856],[28.7118154,47.1219873],[28.7118135,47.121989],[28.7118119,47.1219909],[28.7118105,47.1219929],[28.7118094,47.121995],[28.7118087,47.1219971],[28.7118082,47.1219993],[28.711808,47.1220015],[28.7118082,47.1220036],[28.7118087,47.1220058],[28.7118094,47.122008],[28.7118105,47.12201],[28.7118119,47.122012],[28.7118135,47.1220139],[28.7118154,47.1220157],[28.7118176,47.1220173],[28.7118395,47.1220324],[28.7118405,47.1220332],[28.7118391,47.1220343],[28.7118388,47.1220345],[28.711838,47.1220349],[28.7118377,47.122035],[28.7118364,47.1220351],[28.7118331,47.1220351],[28.7118324,47.1220351],[28.7118073,47.1220355],[28.7118061,47.1220354],[28.7118031,47.1220354],[28.7118,47.1220355],[28.7117985,47.1220356],[28.7117949,47.1220357],[28.7117943,47.1220357],[28.7117522,47.1220363],[28.711751,47.1220363],[28.7117477,47.1220362],[28.7117445,47.1220364],[28.711744,47.1220364],[28.7117428,47.1220365],[28.7117389,47.1220365],[28.7117387,47.1220365],[28.7116976,47.1220371],[28.7116966,47.1220371],[28.7116937,47.122037],[28.7116908,47.1220371],[28.7116904,47.1220371],[28.7116899,47.1220372],[28.7116887,47.1220373],[28.7116852,47.1220373],[28.711685,47.1220373],[28.7116574,47.1220377],[28.7116562,47.1220377],[28.7116532,47.1220376],[28.7116502,47.1220377],[28.7116483,47.1220379],[28.711646,47.1220379],[28.7116444,47.1220378],[28.7116432,47.1220372],[28.7116297,47.1220281],[28.7116287,47.1220273],[28.7116288,47.1220266],[28.7116289,47.1220246],[28.7116288,47.1220238],[28.7116288,47.1220236],[28.7116302,47.1220217],[28.7116316,47.1220197],[28.7116326,47.1220176],[28.7116334,47.1220155],[28.7116338,47.1220133],[28.7116339,47.1220111],[28.7116337,47.1220089],[28.7116332,47.1220068],[28.7116324,47.1220047],[28.7116313,47.1220026],[28.7116299,47.1220006],[28.7116283,47.1219988],[28.7116263,47.121997],[28.7116242,47.1219954],[28.7116191,47.1219919],[28.711618,47.121991],[28.7116178,47.1219907],[28.7116174,47.1219899],[28.711616,47.1219878],[28.7116143,47.1219857],[28.7116122,47.1219837],[28.7116099,47.121982],[28.7115975,47.1219734],[28.7115953,47.1219721],[28.7115929,47.1219708],[28.7115903,47.1219697],[28.7115876,47.1219688],[28.7115848,47.121968],[28.7115842,47.1219679],[28.7115831,47.1219673],[28.7115765,47.1219628],[28.7115755,47.121962],[28.7115755,47.1219619],[28.7115751,47.1219605],[28.7115744,47.1219585],[28.7115738,47.1219571]]]}},{"type":"Feature","id":15,"properties":{"vineyard_id":"V15","farm_id":"F11","area_m2":54.936,"n_parcels":1,"cadastral_codes":["80372170179"],"landuse_counts":{"Pentru construcţii":1}},"geometry":{"type":"Polygon","coordinates":[[[28.7139001,47.1201529],[28.7139003,47.1201519],[28.7139025,47.1201461],[28.7139031,47.120145],[28.7139033,47.1201449],[28.7139047,47.1201438],[28.7139067,47.1201419],[28.7139084,47.1201398],[28.7139098,47.1201377],[28.7139108,47.1201355],[28.7139124,47.1201312],[28.7139131,47.120129],[28.7139135,47.1201268],[28.7139135,47.1201246],[28.7139132,47.1201224],[28.7139126,47.1201202],[28.7139126,47.1201201],[28.7139128,47.120119],[28.7139171,47.1201078],[28.7139177,47.1201068],[28.7139181,47.1201063],[28.7139189,47.1201054],[28.7139204,47.1201038],[28.713922,47.1201017],[28.7139233,47.1200995],[28.7139243,47.1200973],[28.7139244,47.1200971],[28.7139246,47.1200966],[28.7139253,47.1200962],[28.7139258,47.120096],[28.7139261,47.1200959],[28.7139265,47.120096],[28.7139281,47.1200963],[28.7139313,47.1200967],[28.7139412,47.1200984],[28.7139444,47.1200988],[28.7139476,47.120099],[28.7139509,47.1200989],[28.7139541,47.1200987],[28.7139573,47.1200983],[28.7139604,47.1200976],[28.7139634,47.1200967],[28.7139662,47.1200957],[28.7139689,47.1200944],[28.7139714,47.120093],[28.7139736,47.1200914],[28.7139757,47.1200897],[28.7139774,47.1200878],[28.7139789,47.1200859],[28.7139801,47.1200838],[28.7139807,47.1200823],[28.7139815,47.1200809],[28.713982,47.1200804],[28.7139835,47.120079],[28.7139851,47.1200773],[28.7139854,47.120077],[28.7139859,47.1200766],[28.7139884,47.1200765],[28.7139916,47.1200764],[28.7139948,47.120076],[28.713998,47.1200754],[28.714001,47.1200746],[28.7140039,47.1200735],[28.7140066,47.1200723],[28.7140092,47.120071],[28.7140115,47.1200694],[28.7140136,47.1200677],[28.7140154,47.1200659],[28.714017,47.1200639],[28.7140183,47.1200619],[28.714019,47.1200606],[28.7140204,47.1200607],[28.7140221,47.120061],[28.714023,47.1200611],[28.714023,47.1200611],[28.7140231,47.1200614],[28.714023,47.1200617],[28.714023,47.1200637],[28.714023,47.1200658],[28.714023,47.1200672],[28.7140231,47.1200685],[28.7140231,47.1200687],[28.7140225,47.1200719],[28.714019,47.1200805],[28.7140175,47.1200831],[28.7140165,47.1200852],[28.7140158,47.1200873],[28.7140158,47.1200877],[28.7140149,47.1200909],[28.7140145,47.1200919],[28.714013,47.1200939],[28.7140119,47.1200956],[28.7140115,47.1200963],[28.71401,47.1200981],[28.7140088,47.1200998],[28.7140077,47.1201016],[28.7140069,47.1201034],[28.7140047,47.1201092],[28.7140041,47.1201113],[28.7140037,47.1201135],[28.7140037,47.1201156],[28.7140039,47.1201178],[28.7140041,47.1201186],[28.7140042,47.1201189],[28.7140039,47.12012],[28.714001,47.120128],[28.7140007,47.1201286],[28.7139996,47.1201313],[28.7139996,47.1201313],[28.7139993,47.120132],[28.713999,47.1201323],[28.7139989,47.1201324],[28.7139972,47.1201341],[28.7139957,47.1201359],[28.7139944,47.1201378],[28.7139934,47.1201398],[28.7139931,47.1201407],[28.7139928,47.1201412],[28.7139919,47.1201428],[28.7139912,47.1201444],[28.7139856,47.1201589],[28.7139851,47.1201599],[28.713982,47.1201599],[28.7139797,47.12016],[28.713962,47.1201603],[28.7139601,47.1201603],[28.7139593,47.1201603],[28.7139565,47.1201603],[28.7139553,47.1201603],[28.7139542,47.1201603],[28.7139514,47.1201605],[28.7139067,47.1201611],[28.7139065,47.1201611],[28.7139026,47.1201611],[28.7139011,47.1201611],[28.713901,47.1201608],[28.7139011,47.1201603],[28.7139012,47.1201581],[28.7139009,47.120156],[28.7139004,47.1201539],[28.7139001,47.1201529]]]}},{"type":"Feature","id":16,"properties":{"vineyard_id":"V16","farm_id":"F09","area_m2":10249.405,"n_parcels":14,"cadastral_codes":["80371140026","80371140042","80371140043","80371140044","80371140045","80371140048","80371140049","80371140050","80371140064","80371140065","80371140066","80371140067","80371140068","80371140492"],"landuse_counts":{"Teren pentru grădini":13,"Nu este indicat":1}},"geometry":{"type":"MultiPolygon","coordinates":[[[[28.7109893,47.1209026],[28.7109892,47.1209025],[28.7109888,47.1209022],[28.7109869,47.1209008],[28.7109883,47.1208995],[28.7109901,47.1208978],[28.7109908,47.120897],[28.7109926,47.1208952],[28.7109937,47.1208944],[28.7109949,47.1208938],[28.710997,47.1208924],[28.7109991,47.1208908],[28.7110009,47.1208892],[28.7110024,47.1208874],[28.7110038,47.1208856],[28.7110048,47.1208837],[28.7110055,47.1208828],[28.7110065,47.1208812],[28.7110073,47.1208801],[28.7110131,47.1208744],[28.7110142,47.1208735],[28.7110143,47.1208735],[28.7110167,47.1208726],[28.7110195,47.1208713],[28.711022,47.1208697],[28.7110244,47.120868],[28.7110265,47.1208662],[28.7110291,47.1208635],[28.7110308,47.1208616],[28.7110322,47.1208596],[28.7110334,47.1208575],[28.7110342,47.1208553],[28.7110344,47.1208545],[28.7110345,47.1208543],[28.7110355,47.1208532],[28.7110369,47.1208511],[28.7110373,47.1208503],[28.711038,47.1208494],[28.7110381,47.1208493],[28.7110381,47.1208493],[28.7110406,47.1208469],[28.7110421,47.1208456],[28.7110442,47.1208437],[28.7110459,47.1208417],[28.7110471,47.1208402],[28.7110499,47.1208373],[28.7110501,47.1208372],[28.7110522,47.1208353],[28.7110532,47.1208342],[28.7110547,47.1208325],[28.7110552,47.1208322],[28.7110579,47.1208295],[28.7110587,47.1208285],[28.711064,47.1208236],[28.711065,47.1208225],[28.711065,47.1208225],[28.7110669,47.1208206],[28.7110678,47.12082],[28.71107,47.1208184],[28.711072,47.1208166],[28.7110738,47.1208146],[28.7110745,47.1208136],[28.7110763,47.1208114],[28.7110774,47.1208102],[28.7110784,47.1208094],[28.7110784,47.1208094],[28.7110812,47.1208082],[28.7110838,47.1208069],[28.7110862,47.1208055],[28.7110884,47.1208039],[28.7110903,47.1208021],[28.7111022,47.1207901],[28.7111039,47.1207883],[28.7111053,47.1207863],[28.7111064,47.1207842],[28.7111072,47.1207821],[28.7111078,47.12078],[28.7111078,47.1207796],[28.7111085,47.1207787],[28.7111145,47.1207727],[28.7111154,47.1207719],[28.7111155,47.1207718],[28.7111178,47.1207704],[28.7111198,47.1207689],[28.7111217,47.1207672],[28.7111233,47.1207654],[28.7111246,47.1207635],[28.7111257,47.1207616],[28.7111264,47.1207607],[28.7111317,47.1207554],[28.7111327,47.1207545],[28.7111347,47.1207533],[28.7111367,47.1207518],[28.7111385,47.1207502],[28.7111401,47.1207485],[28.7111407,47.1207477],[28.7111418,47.1207464],[28.7111431,47.1207452],[28.7111448,47.1207434],[28.7111462,47.1207414],[28.7111465,47.120741],[28.711148,47.1207394],[28.7111501,47.1207369],[28.7111502,47.1207368],[28.7111522,47.1207353],[28.7111541,47.1207336],[28.7111558,47.1207318],[28.7111575,47.1207298],[28.7111603,47.1207271],[28.7111611,47.1207264],[28.711163,47.1207243],[28.7111635,47.1207236],[28.7111696,47.1207175],[28.7111707,47.1207165],[28.7111722,47.1207148],[28.7111725,47.1207145],[28.7111789,47.1207083],[28.7111799,47.1207076],[28.7111813,47.1207081],[28.7111822,47.1207085],[28.7111827,47.1207088],[28.7111841,47.1207096],[28.7111846,47.1207098],[28.7111857,47.1207105],[28.711185,47.1207114],[28.7111797,47.1207167],[28.7111784,47.1207177],[28.711176,47.12072],[28.7111711,47.1207253],[28.7111693,47.1207271],[28.7111686,47.1207278],[28.7111669,47.1207297],[28.7111654,47.1207317],[28.7111642,47.1207338],[28.7111634,47.1207359],[28.7111628,47.1207381],[28.7111626,47.1207404],[28.7111627,47.1207426],[28.7111632,47.1207448],[28.7111639,47.120747],[28.711165,47.1207491],[28.7111664,47.1207511],[28.711168,47.1207531],[28.7111699,47.1207549],[28.7111721,47.1207565],[28.7111745,47.120758],[28.7111772,47.1207594],[28.7111803,47.1207608],[28.7111806,47.120761],[28.7111832,47.1207623],[28.7111845,47.1207628],[28.7111852,47.1207632],[28.7111872,47.1207643],[28.7111881,47.1207647],[28.7111867,47.1207662],[28.7111854,47.1207676],[28.7111849,47.1207683],[28.7111808,47.1207723],[28.7111796,47.1207732],[28.7111782,47.1207741],[28.7111761,47.1207758],[28.7111742,47.1207775],[28.7111726,47.1207794],[28.7111712,47.1207814],[28.7111702,47.1207835],[28.7111694,47.1207856],[28.7111689,47.1207878],[28.7111688,47.12079],[28.711169,47.1207922],[28.7111695,47.1207943],[28.7111703,47.1207965],[28.7111713,47.1207985],[28.7111727,47.1208005],[28.7111744,47.1208024],[28.7111763,47.1208042],[28.7111785,47.1208058],[28.7111808,47.1208073],[28.7111818,47.1208078],[28.711184,47.1208089],[28.7111863,47.1208099],[28.7111874,47.1208104],[28.7111876,47.1208104],[28.7111904,47.1208115],[28.7111934,47.1208124],[28.7111964,47.120813],[28.7111996,47.1208135],[28.7112028,47.1208138],[28.711206,47.1208138],[28.7112093,47.1208136],[28.7112124,47.1208132],[28.7112156,47.1208126],[28.7112186,47.1208118],[28.7112214,47.1208108],[28.7112241,47.1208096],[28.7112267,47.1208082],[28.711229,47.1208066],[28.7112311,47.120805],[28.7112365,47.1208001],[28.711238,47.120799],[28.7112396,47.1207981],[28.7112424,47.1207961],[28.7112432,47.1207955],[28.711245,47.1207938],[28.7112466,47.1207921],[28.711248,47.1207903],[28.7112482,47.1207899],[28.7112485,47.1207896],[28.7112491,47.1207892],[28.7112512,47.1207875],[28.7112515,47.1207871],[28.7112538,47.1207852],[28.7112538,47.1207852],[28.7112544,47.1207848],[28.7112564,47.120783],[28.711258,47.1207811],[28.7112593,47.1207792],[28.7112601,47.1207784],[28.7113,47.1207419],[28.7113015,47.1207408],[28.7113015,47.1207408],[28.7113036,47.1207393],[28.7113055,47.1207377],[28.7113072,47.120736],[28.7113092,47.1207336],[28.7113163,47.1207271],[28.7113177,47.1207261],[28.7113195,47.1207245],[28.7113212,47.1207229],[28.7113225,47.1207214],[28.7113389,47.1207064],[28.711341,47.1207043],[28.7113426,47.1207021],[28.7113439,47.1206999],[28.7113448,47.1206988],[28.7113469,47.1206969],[28.7113493,47.1206944],[28.7113497,47.1206939],[28.7113528,47.1206908],[28.7113546,47.1206889],[28.711356,47.1206869],[28.7113572,47.1206848],[28.711358,47.1206827],[28.7113585,47.1206805],[28.7113587,47.1206782],[28.7113586,47.120676],[28.7113581,47.1206738],[28.7113573,47.1206716],[28.7113563,47.1206695],[28.7113549,47.1206675],[28.7113532,47.1206656],[28.7113513,47.1206638],[28.7113491,47.1206621],[28.7113466,47.1206606],[28.7113458,47.1206601],[28.7113438,47.1206591],[28.7113427,47.1206586],[28.7113403,47.1206571],[28.7113378,47.1206557],[28.7113351,47.1206545],[28.7113322,47.1206535],[28.7113292,47.1206527],[28.7113261,47.120652],[28.711323,47.1206516],[28.7113198,47.1206514],[28.7113165,47.1206514],[28.7113133,47.1206516],[28.7113101,47.1206521],[28.711307,47.1206527],[28.7113041,47.1206536],[28.7113012,47.1206546],[28.7112985,47.1206559],[28.7112961,47.1206573],[28.7112938,47.1206588],[28.7112927,47.1206597],[28.7112912,47.1206609],[28.71129,47.1206609],[28.7112881,47.1206609],[28.7112853,47.120661],[28.7112847,47.1206611],[28.7112512,47.1206616],[28.7112511,47.1206616],[28.7112474,47.1206615],[28.7112446,47.1206616],[28.7112445,47.1206616],[28.7112443,47.1206615],[28.7112435,47.120661],[28.7112441,47.12066],[28.7112447,47.1206593],[28.7112456,47.1206584],[28.7112472,47.1206567],[28.7112485,47.120655],[28.7112489,47.1206543],[28.71125,47.1206531],[28.711255,47.1206485],[28.7112566,47.1206473],[28.7112573,47.120647],[28.7112597,47.1206453],[28.7112619,47.1206436],[28.7112638,47.1206416],[28.7112653,47.1206396],[28.7112665,47.1206379],[28.7112673,47.1206371],[28.7112685,47.1206364],[28.7112706,47.1206348],[28.7112725,47.1206332],[28.7112742,47.1206314],[28.7112756,47.1206295],[28.7112768,47.1206282],[28.7112871,47.1206187],[28.7112881,47.1206179],[28.7112886,47.1206177],[28.711289,47.1206175],[28.7112915,47.1206164],[28.7112939,47.1206151],[28.7112961,47.1206136],[28.711298,47.1206121],[28.7113002,47.1206102],[28.7113022,47.1206082],[28.7113031,47.1206072],[28.7113045,47.120606],[28.7113064,47.1206041],[28.711308,47.120602],[28.7113093,47.1205999],[28.7113096,47.1205993],[28.7113108,47.1205977],[28.7113115,47.1205964],[28.7113123,47.1205956],[28.7113139,47.120594],[28.711315,47.1205932],[28.7113156,47.120593],[28.711316,47.1205928],[28.7113187,47.1205916],[28.7113213,47.1205901],[28.7113236,47.1205886],[28.7113257,47.1205868],[28.7113336,47.1205795],[28.7113353,47.1205778],[28.7113368,47.120576],[28.711338,47.1205741],[28.7113389,47.1205721],[28.7113397,47.1205701],[28.7113399,47.1205699],[28.7113413,47.120569],[28.7113436,47.1205671],[28.7113455,47.1205651],[28.711347,47.1205631],[28.7113479,47.1205622],[28.7113517,47.120559],[28.7113542,47.1205566],[28.7113564,47.1205542],[28.7113577,47.1205532],[28.7113597,47.1205512],[28.7113597,47.1205511],[28.7113697,47.1205418],[28.7113725,47.1205397],[28.7113745,47.120538],[28.7113762,47.1205362],[28.711377,47.1205354],[28.7113871,47.1205258],[28.7113897,47.1205239],[28.7113921,47.1205219],[28.7113941,47.1205198],[28.7113945,47.1205192],[28.7113957,47.1205179],[28.7114068,47.1205078],[28.7114069,47.1205078],[28.711409,47.1205059],[28.7114109,47.120504],[28.7114114,47.1205034],[28.7114301,47.1204862],[28.7114322,47.1204846],[28.7114341,47.1204828],[28.7114356,47.1204812],[28.7114368,47.1204802],[28.7114374,47.1204798],[28.7114396,47.1204781],[28.7114398,47.1204779],[28.7114421,47.1204759],[28.7114428,47.1204754],[28.7114451,47.1204736],[28.7114471,47.1204716],[28.7114485,47.1204698],[28.7114485,47.1204697],[28.71145,47.1204683],[28.7114503,47.1204682],[28.7114526,47.1204662],[28.7114545,47.1204641],[28.7114554,47.120463],[28.711458,47.1204606],[28.7114602,47.1204588],[28.7114617,47.1204578],[28.7114629,47.1204572],[28.7114636,47.1204566],[28.7114643,47.1204561],[28.7114664,47.1204546],[28.7114683,47.1204528],[28.7114699,47.120451],[28.7114704,47.1204503],[28.7114706,47.1204501],[28.7114721,47.1204491],[28.7114741,47.1204477],[28.7114759,47.1204461],[28.7114775,47.1204444],[28.7114789,47.1204426],[28.7114794,47.1204419],[28.7114806,47.1204406],[28.7114815,47.1204398],[28.7114834,47.1204386],[28.7114856,47.1204371],[28.7114876,47.1204355],[28.7114893,47.1204338],[28.7114908,47.120432],[28.7114921,47.12043],[28.711493,47.1204283],[28.711494,47.1204274],[28.7114958,47.1204259],[28.7114968,47.1204251],[28.7114975,47.1204249],[28.7115001,47.1204234],[28.7115026,47.1204219],[28.7115047,47.1204201],[28.7115067,47.1204182],[28.7115083,47.1204162],[28.7115096,47.1204141],[28.7115106,47.1204121],[28.7115118,47.1204113],[28.7115124,47.120411],[28.7115148,47.1204095],[28.7115169,47.1204079],[28.7115189,47.1204061],[28.7115202,47.1204046],[28.7115212,47.1204035],[28.7115213,47.1204034],[28.7115231,47.1204019],[28.7115246,47.1204002],[28.711526,47.1203984],[28.7115266,47.1203974],[28.7115268,47.1203973],[28.7115283,47.1203961],[28.7115304,47.1203943],[28.7115313,47.1203933],[28.711533,47.1203916],[28.7115339,47.120391],[28.7115358,47.1203893],[28.7115376,47.1203875],[28.7115377,47.1203874],[28.7115411,47.1203842],[28.7115433,47.1203826],[28.7115445,47.1203819],[28.7115466,47.1203804],[28.7115466,47.1203803],[28.7115488,47.1203784],[28.7115499,47.1203771],[28.711551,47.120376],[28.7115528,47.1203751],[28.7115551,47.120374],[28.7115573,47.1203727],[28.7115593,47.1203713],[28.7115611,47.1203698],[28.7115624,47.1203686],[28.711564,47.1203669],[28.7115654,47.1203652],[28.7115666,47.1203634],[28.7115675,47.1203615],[28.7115683,47.1203597],[28.7115687,47.1203593],[28.7115694,47.1203589],[28.7115717,47.1203571],[28.7115724,47.1203563],[28.711574,47.120355],[28.7115757,47.1203533],[28.7115771,47.1203515],[28.7115781,47.1203499],[28.7115789,47.1203491],[28.7115812,47.1203475],[28.7115832,47.120346],[28.7115849,47.1203444],[28.7115864,47.1203426],[28.7115868,47.1203422],[28.7115887,47.12034],[28.711589,47.1203397],[28.7115901,47.1203388],[28.7115917,47.1203379],[28.7115937,47.1203365],[28.7115956,47.120335],[28.7115973,47.1203334],[28.711598,47.1203325],[28.711599,47.1203319],[28.7116013,47.12033],[28.7116034,47.120328],[28.7116041,47.1203272],[28.7116064,47.120325],[28.7116084,47.120323],[28.71161,47.1203209],[28.7116102,47.1203206],[28.7116107,47.1203203],[28.7116111,47.1203201],[28.7116138,47.1203187],[28.7116162,47.1203171],[28.7116176,47.120316],[28.7116201,47.1203146],[28.7116224,47.1203131],[28.7116244,47.1203114],[28.7116262,47.1203098],[28.711628,47.1203079],[28.7116295,47.1203059],[28.7116308,47.1203038],[28.7116317,47.1203017],[28.711632,47.1203009],[28.7116339,47.1202997],[28.7116359,47.1202982],[28.7116378,47.1202966],[28.7116397,47.1202948],[28.7116399,47.1202947],[28.7116416,47.1202939],[28.7116441,47.1202925],[28.7116464,47.1202909],[28.7116485,47.1202892],[28.7117133,47.1202294],[28.7117152,47.1202274],[28.7117168,47.1202253],[28.7117181,47.120223],[28.711719,47.1202207],[28.711719,47.1202207],[28.7117197,47.1202203],[28.7117221,47.1202184],[28.7117242,47.1202163],[28.7117259,47.1202142],[28.711726,47.1202141],[28.7117289,47.1202108],[28.7117299,47.12021],[28.7117319,47.1202088],[28.7117328,47.1202083],[28.7117351,47.1202067],[28.7117372,47.120205],[28.7117391,47.1202031],[28.7117406,47.1202011],[28.7117419,47.1201991],[28.7117421,47.1201987],[28.7117433,47.1201981],[28.7117459,47.120197],[28.7117486,47.1201958],[28.711751,47.1201944],[28.7117523,47.1201936],[28.7117525,47.1201935],[28.7117538,47.1201934],[28.7117555,47.1201934],[28.7117584,47.1201933],[28.7117589,47.1201933],[28.7117769,47.120193],[28.7117803,47.1201928],[28.7117837,47.1201924],[28.7117869,47.1201918],[28.71179,47.1201909],[28.711793,47.1201898],[28.7117959,47.1201886],[28.7117985,47.1201871],[28.7118009,47.1201854],[28.711803,47.1201836],[28.7118032,47.1201834],[28.7118052,47.120182],[28.7118071,47.1201803],[28.7118088,47.1201785],[28.7118103,47.1201765],[28.7118111,47.1201751],[28.7118121,47.120174],[28.7118123,47.1201737],[28.7118133,47.1201731],[28.7118151,47.1201716],[28.7118167,47.12017],[28.7118169,47.1201697],[28.7118186,47.1201679],[28.7118195,47.1201672],[28.7118216,47.120165],[28.7118229,47.1201635],[28.7118327,47.1201542],[28.7118339,47.1201533],[28.7118354,47.1201525],[28.7118379,47.1201512],[28.7118401,47.1201497],[28.7118421,47.1201481],[28.7118439,47.1201464],[28.7118455,47.1201445],[28.7118467,47.1201426],[28.7118476,47.1201407],[28.7118477,47.1201407],[28.7118484,47.1201403],[28.7118505,47.1201392],[28.7118529,47.1201378],[28.711855,47.1201363],[28.7118569,47.1201346],[28.7118571,47.1201344],[28.7118588,47.1201325],[28.7118603,47.1201306],[28.7118615,47.1201285],[28.7118623,47.1201264],[28.7118625,47.1201261],[28.711863,47.1201249],[28.7118633,47.1201246],[28.711864,47.1201241],[28.7118659,47.1201221],[28.7118672,47.1201207],[28.7118678,47.1201203],[28.7118694,47.1201187],[28.7118703,47.1201178],[28.7118808,47.1201075],[28.7118826,47.120106],[28.7118843,47.1201048],[28.7118862,47.1201031],[28.7118879,47.1201013],[28.7118882,47.1201009],[28.7118903,47.1200984],[28.711903,47.1200861],[28.711904,47.1200851],[28.7119179,47.1200716],[28.7119205,47.1200695],[28.7119223,47.1200679],[28.7119234,47.1200669],[28.711924,47.1200665],[28.7119264,47.1200648],[28.7119285,47.1200629],[28.7119303,47.1200609],[28.7119318,47.1200587],[28.7119323,47.1200578],[28.7119332,47.1200568],[28.711935,47.1200553],[28.711937,47.1200534],[28.7119381,47.1200522],[28.7119386,47.1200516],[28.7119413,47.1200494],[28.7119427,47.1200479],[28.7119441,47.1200465],[28.7119451,47.1200453],[28.7119508,47.1200399],[28.7119521,47.1200389],[28.7119535,47.120038],[28.7119559,47.1200363],[28.7119579,47.1200345],[28.7119597,47.1200326],[28.7119612,47.1200305],[28.711962,47.1200292],[28.711963,47.1200279],[28.7119673,47.1200239],[28.7119689,47.1200225],[28.7119707,47.1200206],[28.7119713,47.12002],[28.7119734,47.1200179],[28.711975,47.1200168],[28.7119755,47.1200164],[28.7119779,47.1200148],[28.71198,47.120013],[28.7119818,47.120011],[28.7119833,47.120009],[28.7119839,47.120008],[28.7119849,47.1200068],[28.7119919,47.1199999],[28.7119932,47.1199988],[28.7119949,47.119997],[28.7119963,47.1199951],[28.7119966,47.1199946],[28.7119969,47.1199943],[28.7119976,47.1199938],[28.7119999,47.1199918],[28.7120019,47.1199897],[28.7120026,47.1199889],[28.7120035,47.119988],[28.7120067,47.1199856],[28.7120079,47.1199845],[28.7120102,47.1199825],[28.7120122,47.1199806],[28.7120134,47.1199791],[28.7120148,47.1199778],[28.7120161,47.1199768],[28.7120179,47.1199752],[28.7120187,47.1199742],[28.7120202,47.1199727],[28.7120216,47.1199716],[28.7120235,47.1199696],[28.7120877,47.1199109],[28.7120892,47.1199096],[28.7122019,47.1198052],[28.7122028,47.1198044],[28.7122038,47.1198034],[28.7122086,47.1197989],[28.7122092,47.1197985],[28.7122111,47.1197969],[28.7122128,47.1197952],[28.7122135,47.1197944],[28.7122151,47.1197925],[28.7122164,47.1197904],[28.7122173,47.1197883],[28.712218,47.1197861],[28.7122184,47.1197839],[28.7122184,47.1197817],[28.7122181,47.1197795],[28.7122175,47.1197773],[28.7122165,47.1197752],[28.7122153,47.1197731],[28.7122138,47.1197711],[28.712212,47.1197693],[28.7122099,47.1197675],[28.7122076,47.119766],[28.7122051,47.1197646],[28.7121736,47.1197486],[28.7121732,47.1197484],[28.712171,47.1197472],[28.7121689,47.1197462],[28.7121676,47.1197454],[28.712165,47.1197442],[28.7121647,47.119744],[28.7121566,47.1197398],[28.7121539,47.1197386],[28.712151,47.1197375],[28.712148,47.1197366],[28.7121448,47.1197359],[28.7121416,47.1197354],[28.7121383,47.1197352],[28.712135,47.1197352],[28.7121317,47.1197354],[28.7121284,47.1197359],[28.7121253,47.1197365],[28.7121222,47.1197374],[28.7121193,47.1197385],[28.7121166,47.1197398],[28.7121141,47.1197412],[28.7121118,47.1197428],[28.7121107,47.1197436],[28.712109,47.1197451],[28.7121074,47.1197467],[28.712107,47.1197471],[28.7121063,47.1197478],[28.7121043,47.1197494],[28.7121022,47.1197516],[28.7121014,47.1197526],[28.7120923,47.1197613],[28.712091,47.1197623],[28.7120889,47.1197641],[28.712087,47.119766],[28.7120866,47.1197666],[28.7120859,47.1197672],[28.7120852,47.1197677],[28.7120832,47.1197694],[28.7120814,47.1197713],[28.7120807,47.119772],[28.7120787,47.1197739],[28.712078,47.1197747],[28.7120754,47.119777],[28.7120745,47.119778],[28.7120745,47.119778],[28.7120684,47.1197839],[28.7120674,47.1197847],[28.7120673,47.1197848],[28.7120649,47.1197857],[28.7120623,47.1197869],[28.7120598,47.1197883],[28.7120576,47.1197899],[28.7120556,47.1197916],[28.7120278,47.1198182],[28.7120551,47.1197921],[28.712057,47.1197901],[28.7120585,47.1197881],[28.7120597,47.1197859],[28.7120606,47.1197837],[28.7120609,47.1197825],[28.712061,47.1197823],[28.7120619,47.1197812],[28.7120648,47.1197786],[28.7120666,47.1197773],[28.7120667,47.1197773],[28.7120693,47.1197757],[28.7120716,47.1197739],[28.7120735,47.1197719],[28.7120752,47.1197699],[28.7120757,47.1197691],[28.7120762,47.1197685],[28.7120774,47.1197675],[28.7120792,47.1197656],[28.7120804,47.1197641],[28.7120816,47.1197626],[28.7120822,47.1197621],[28.7120824,47.1197618],[28.7120841,47.11976],[28.7120856,47.1197581],[28.7120867,47.119756],[28.7120876,47.1197539],[28.7120882,47.1197518],[28.7120885,47.1197496],[28.7120884,47.1197475],[28.7120881,47.1197453],[28.7120874,47.1197432],[28.7120865,47.1197411],[28.7120852,47.1197391],[28.7120837,47.1197372],[28.7120819,47.1197354],[28.7120799,47.1197337],[28.7120776,47.1197322],[28.7120751,47.1197308],[28.7120725,47.1197296],[28.7120697,47.1197285],[28.7120667,47.1197277],[28.7120637,47.119727],[28.7120606,47.1197266],[28.7120574,47.1197264],[28.7120542,47.1197264],[28.712051,47.1197266],[28.7120479,47.119727],[28.7120448,47.1197276],[28.7120429,47.1197281],[28.7120436,47.1197274],[28.7120719,47.1197021],[28.7120738,47.1197002],[28.7120754,47.1196982],[28.7120767,47.1196962],[28.7120777,47.119694],[28.7120781,47.1196927],[28.7120782,47.1196925],[28.712079,47.1196915],[28.7120906,47.1196811],[28.7120916,47.1196804],[28.712092,47.1196802],[28.7120947,47.1196792],[28.7120972,47.1196781],[28.7120996,47.1196767],[28.7121017,47.1196753],[28.7121037,47.1196737],[28.7121149,47.1196637],[28.7121168,47.1196618],[28.7121184,47.1196598],[28.7121197,47.1196577],[28.7121207,47.1196556],[28.712121,47.1196545],[28.7121211,47.1196543],[28.7121219,47.1196533],[28.7121244,47.119651],[28.7121256,47.1196502],[28.7121259,47.11965],[28.7121273,47.1196496],[28.7121301,47.1196483],[28.7121328,47.1196469],[28.7121352,47.1196453],[28.7121374,47.1196436],[28.7121386,47.1196425],[28.7121406,47.1196405],[28.7121422,47.1196384],[28.7121436,47.1196362],[28.7121445,47.1196339],[28.7121446,47.1196338],[28.7121448,47.1196332],[28.7121457,47.1196322],[28.7121489,47.1196292],[28.7121499,47.1196284],[28.7121503,47.1196283],[28.7121529,47.1196273],[28.7121554,47.1196262],[28.7121577,47.1196249],[28.7121598,47.1196234],[28.7121617,47.1196218],[28.7121724,47.1196123],[28.712174,47.1196107],[28.7121754,47.1196091],[28.7121766,47.1196074],[28.7121772,47.1196065],[28.7121778,47.1196057],[28.7121793,47.1196035],[28.7121796,47.1196029],[28.7121796,47.1196029],[28.7121807,47.1196009],[28.7121815,47.1196],[28.7121818,47.1195997],[28.7121829,47.1195989],[28.712183,47.1195989],[28.7121857,47.1195979],[28.7121882,47.1195967],[28.7121906,47.1195954],[28.7121928,47.1195939],[28.7121948,47.1195923],[28.7121965,47.1195908],[28.7121946,47.1195927],[28.712193,47.1195947],[28.7121917,47.1195969],[28.7121907,47.1195991],[28.7121904,47.1196002],[28.7121903,47.1196005],[28.7121894,47.1196015],[28.7121825,47.1196076],[28.7121813,47.1196084],[28.7121811,47.1196086],[28.7121793,47.1196092],[28.7121765,47.1196104],[28.7121738,47.1196118],[28.7121714,47.1196134],[28.7121693,47.1196151],[28.7121603,47.1196232],[28.7121586,47.1196248],[28.7121572,47.1196265],[28.7121559,47.1196283],[28.7121557,47.1196289],[28.7121547,47.1196305],[28.7121541,47.1196308],[28.712154,47.1196309],[28.7121513,47.1196324],[28.7121501,47.1196332],[28.7121487,47.1196341],[28.7121466,47.1196355],[28.7121448,47.119637],[28.7121357,47.1196451],[28.712134,47.1196468],[28.7121325,47.1196486],[28.7121313,47.1196505],[28.7121303,47.1196524],[28.7121297,47.119654],[28.7121294,47.1196547],[28.7121286,47.1196557],[28.7121279,47.1196564],[28.7121269,47.1196572],[28.712125,47.1196579],[28.7121221,47.1196591],[28.7121193,47.1196606],[28.7121168,47.1196622],[28.7121145,47.119664],[28.7121031,47.1196742],[28.7121014,47.1196759],[28.7120999,47.1196777],[28.7120987,47.1196796],[28.7120977,47.1196815],[28.712097,47.1196831],[28.7120962,47.1196841],[28.7120919,47.1196885],[28.7120907,47.1196895],[28.7120896,47.1196902],[28.7120875,47.1196919],[28.7120856,47.1196937],[28.712084,47.1196957],[28.7120827,47.1196977],[28.7120817,47.1196999],[28.712081,47.1197021],[28.7120806,47.1197043],[28.7120805,47.1197065],[28.7120808,47.1197088],[28.7120814,47.119711],[28.7120824,47.1197131],[28.7120836,47.1197152],[28.7120851,47.1197172],[28.7120869,47.1197191],[28.712089,47.1197208],[28.7120913,47.1197224],[28.7120939,47.1197238],[28.7120966,47.119725],[28.7120995,47.1197261],[28.7121026,47.1197269],[28.7121057,47.1197276],[28.712109,47.119728],[28.7121122,47.1197282],[28.7121155,47.1197282],[28.7121188,47.1197279],[28.712122,47.1197274],[28.7121235,47.1197272],[28.7121237,47.1197272],[28.7121254,47.1197273],[28.7121281,47.1197273],[28.7121308,47.1197271],[28.7121337,47.1197269],[28.7121852,47.1197261],[28.7121854,47.1197261],[28.7121888,47.1197262],[28.7121952,47.1197261],[28.7121981,47.119726],[28.7121985,47.1197259],[28.7122882,47.1197246],[28.7122887,47.1197246],[28.712293,47.1197247],[28.7122962,47.1197246],[28.712298,47.1197246],[28.7123008,47.1197244],[28.7123014,47.1197244],[28.7123336,47.1197239],[28.7123369,47.1197238],[28.7123402,47.1197234],[28.7123435,47.1197227],[28.7123466,47.1197219],[28.7123496,47.1197208],[28.7123524,47.1197195],[28.7123527,47.1197194],[28.7123552,47.119718],[28.7123575,47.1197165],[28.7123595,47.1197148],[28.7123733,47.1197022],[28.7123753,47.1197001],[28.7123769,47.1196979],[28.712378,47.119696],[28.7123788,47.1196948],[28.7123809,47.1196934],[28.7123829,47.1196919],[28.7123846,47.1196903],[28.7123857,47.119689],[28.7123883,47.1196864],[28.71239,47.1196845],[28.7123914,47.1196826],[28.7123915,47.1196824],[28.7123919,47.1196819],[28.7123927,47.1196812],[28.7123934,47.1196808],[28.7123956,47.1196794],[28.7123976,47.1196779],[28.7123993,47.1196762],[28.7124006,47.1196748],[28.7124021,47.1196732],[28.7124031,47.1196725],[28.712405,47.1196707],[28.7124067,47.1196689],[28.7124074,47.1196679],[28.7124092,47.1196658],[28.7124161,47.1196594],[28.7124175,47.1196584],[28.7124192,47.1196574],[28.7124217,47.1196555],[28.712424,47.1196535],[28.7124261,47.1196513],[28.7124264,47.1196509],[28.7124277,47.1196497],[28.7124292,47.1196485],[28.7124308,47.1196471],[28.712431,47.1196469],[28.7124328,47.119646],[28.7124354,47.1196446],[28.7124377,47.119643],[28.7124398,47.1196413],[28.7124402,47.1196409],[28.7124421,47.119639],[28.7124437,47.1196369],[28.712445,47.1196348],[28.7124459,47.1196325],[28.712446,47.1196323],[28.7124467,47.1196315],[28.7124488,47.1196296],[28.7124503,47.1196285],[28.7124509,47.1196281],[28.7124533,47.1196264],[28.7124554,47.1196246],[28.7124573,47.1196226],[28.7124583,47.119621],[28.7124592,47.1196201],[28.7124594,47.11962],[28.7124613,47.1196185],[28.7124629,47.119617],[28.7124654,47.1196146],[28.7124659,47.1196142],[28.7124695,47.1196119],[28.7124718,47.1196103],[28.7124738,47.1196085],[28.7124755,47.1196067],[28.7124756,47.1196065],[28.7124777,47.1196047],[28.7124781,47.1196044],[28.7124796,47.1196033],[28.712482,47.1196015],[28.712484,47.1195996],[28.7124858,47.1195975],[28.7124872,47.1195952],[28.7124876,47.1195943],[28.7124884,47.1195934],[28.7124888,47.1195931],[28.7124898,47.1195923],[28.7124902,47.1195921],[28.7124929,47.1195905],[28.7124953,47.1195888],[28.7124975,47.1195868],[28.7124985,47.1195856],[28.7124998,47.1195843],[28.7125013,47.1195832],[28.7125036,47.1195814],[28.7125056,47.1195794],[28.7125072,47.1195773],[28.7125083,47.1195756],[28.7125086,47.1195751],[28.7125094,47.1195742],[28.7125115,47.1195726],[28.7125128,47.1195716],[28.7125158,47.1195689],[28.712518,47.1195667],[28.7125195,47.1195651],[28.7125199,47.1195647],[28.7125229,47.1195624],[28.7125251,47.1195605],[28.7125252,47.1195605],[28.7125266,47.1195594],[28.7125289,47.1195574],[28.7125308,47.1195552],[28.7125316,47.1195542],[28.7125328,47.1195529],[28.7125351,47.1195511],[28.712537,47.1195498],[28.7125394,47.119548],[28.7125416,47.119546],[28.7125434,47.1195439],[28.712545,47.1195418],[28.7125459,47.1195408],[28.712547,47.1195401],[28.7125472,47.11954],[28.71255,47.1195382],[28.7125523,47.1195363],[28.7125527,47.119536],[28.712555,47.1195345],[28.7125571,47.1195328],[28.7125589,47.119531],[28.7125604,47.1195291],[28.7125604,47.1195291],[28.712562,47.1195274],[28.7125632,47.1195259],[28.7125639,47.1195251],[28.7125651,47.1195241],[28.7125672,47.1195224],[28.7125691,47.1195205],[28.7125707,47.1195185],[28.7125707,47.1195184],[28.7125715,47.1195175],[28.7125721,47.119517],[28.7125738,47.1195156],[28.7125753,47.1195141],[28.7125775,47.1195118],[28.7125828,47.1195072],[28.7125854,47.1195052],[28.7125872,47.1195037],[28.7125889,47.1195021],[28.7125896,47.1195012],[28.7125922,47.1194991],[28.712594,47.1194975],[28.7125949,47.1194966],[28.7125966,47.1194949],[28.7125967,47.1194949],[28.7125987,47.1194931],[28.7126005,47.1194913],[28.712601,47.1194907],[28.7126028,47.1194894],[28.7126034,47.1194889],[28.7126054,47.1194873],[28.7126071,47.1194855],[28.7126086,47.1194836],[28.7126087,47.1194835],[28.7126108,47.1194816],[28.7126116,47.1194808],[28.7126124,47.11948],[28.7126131,47.1194795],[28.7126149,47.119478],[28.7126165,47.1194763],[28.7126167,47.1194761],[28.7126171,47.1194759],[28.7126178,47.1194756],[28.7126204,47.1194744],[28.7126228,47.1194731],[28.7126251,47.1194715],[28.7126271,47.1194699],[28.7126307,47.1194666],[28.7126323,47.1194649],[28.7126338,47.1194631],[28.712635,47.1194613],[28.7126359,47.1194594],[28.7126361,47.119459],[28.7126363,47.1194586],[28.7126372,47.1194576],[28.7126373,47.1194576],[28.7126395,47.1194551],[28.712644,47.1194509],[28.7126446,47.1194505],[28.7126466,47.1194489],[28.7126483,47.1194471],[28.7126498,47.1194452],[28.712651,47.1194433],[28.712652,47.1194412],[28.7126527,47.1194391],[28.712653,47.119437],[28.7126531,47.1194349],[28.7126523,47.1194089],[28.7126523,47.1194085],[28.7126525,47.119406],[28.7126524,47.1194054],[28.7126524,47.1194054],[28.7126523,47.1194037],[28.7126521,47.1194019],[28.712652,47.1193998],[28.7126522,47.1193986],[28.7126531,47.1193976],[28.7126622,47.1193894],[28.7126631,47.1193887],[28.7126653,47.1193869],[28.7126673,47.1193849],[28.7126676,47.1193844],[28.7126684,47.1193838],[28.7126693,47.1193828],[28.7126974,47.1193571],[28.7126987,47.1193561],[28.7127012,47.1193541],[28.7127033,47.1193518],[28.7127033,47.1193518],[28.7127735,47.1192878],[28.7127753,47.1192859],[28.7127769,47.1192839],[28.7127781,47.1192819],[28.7127791,47.1192797],[28.7127797,47.1192775],[28.71278,47.1192753],[28.71278,47.1192731],[28.7127797,47.1192709],[28.712779,47.1192687],[28.712778,47.1192665],[28.7127768,47.1192645],[28.7127752,47.1192625],[28.7127733,47.1192607],[28.7127712,47.119259],[28.7127689,47.1192574],[28.7127664,47.1192561],[28.7127652,47.1192553],[28.712765,47.1192536],[28.7127647,47.1192514],[28.712764,47.1192493],[28.7127631,47.1192472],[28.7127618,47.1192452],[28.7127603,47.1192433],[28.7127585,47.1192415],[28.7127564,47.1192398],[28.7127541,47.1192382],[28.7127516,47.1192368],[28.712749,47.1192356],[28.7127461,47.1192346],[28.7127432,47.1192338],[28.7127401,47.1192331],[28.7127369,47.1192327],[28.7127337,47.1192325],[28.7127305,47.1192325],[28.7127273,47.1192327],[28.7127242,47.1192331],[28.7127211,47.1192338],[28.7127182,47.1192346],[28.7127153,47.1192356],[28.7127127,47.1192368],[28.7127102,47.1192382],[28.7127079,47.1192397],[28.7127058,47.1192414],[28.7126885,47.1192571],[28.7126882,47.1192573],[28.7126866,47.1192586],[28.7126851,47.1192601],[28.7126837,47.1192615],[28.7126835,47.1192617],[28.7126826,47.1192623],[28.7126809,47.1192638],[28.7126795,47.1192653],[28.712679,47.1192659],[28.7126785,47.1192663],[28.7126777,47.119267],[28.712676,47.1192676],[28.712674,47.1192683],[28.7126713,47.1192696],[28.7126688,47.1192709],[28.7126666,47.1192725],[28.7126645,47.1192742],[28.7126494,47.1192879],[28.7126485,47.1192886],[28.7126479,47.1192866],[28.712647,47.1192845],[28.7126457,47.1192824],[28.7126443,47.1192805],[28.7126425,47.1192786],[28.7126405,47.1192769],[28.7126382,47.1192753],[28.7126357,47.1192739],[28.7126331,47.1192727],[28.7126302,47.1192716],[28.7126273,47.1192707],[28.7126242,47.1192701],[28.712621,47.1192696],[28.7126178,47.1192694],[28.7126146,47.1192693],[28.7126113,47.1192695],[28.7126082,47.1192699],[28.7126051,47.1192706],[28.7126021,47.1192714],[28.7125992,47.1192724],[28.7125965,47.1192736],[28.7125939,47.119275],[28.7125916,47.1192765],[28.7125913,47.1192768],[28.7125891,47.1192785],[28.7125872,47.1192805],[28.7125872,47.1192805],[28.7125844,47.119283],[28.7125829,47.1192843],[28.712577,47.1192897],[28.7125763,47.1192902],[28.7125745,47.1192916],[28.712573,47.1192931],[28.7125701,47.1192953],[28.7125681,47.1192971],[28.7125662,47.1192991],[28.7125656,47.1192997],[28.7125639,47.119301],[28.7125629,47.1193017],[28.7125609,47.1193034],[28.7125513,47.1193126],[28.7125481,47.1193151],[28.7125463,47.1193165],[28.7125448,47.119318],[28.712543,47.1193201],[28.7125398,47.1193229],[28.7125384,47.119324],[28.7125376,47.1193244],[28.7125353,47.1193259],[28.7125333,47.1193275],[28.7125316,47.1193292],[28.71253,47.119331],[28.7125296,47.1193315],[28.7125287,47.1193325],[28.7125278,47.1193333],[28.7125256,47.1193342],[28.7125225,47.1193357],[28.7125221,47.119336],[28.7125192,47.1193375],[28.7125165,47.1193392],[28.7125141,47.1193411],[28.712364,47.1194752],[28.7123621,47.1194771],[28.7123605,47.1194791],[28.7123592,47.1194812],[28.7123582,47.1194834],[28.7123577,47.1194851],[28.7123576,47.1194853],[28.7123568,47.1194862],[28.7123532,47.1194895],[28.7123523,47.1194903],[28.7123503,47.119491],[28.7123472,47.1194922],[28.7123443,47.1194937],[28.7123416,47.1194954],[28.7123393,47.1194973],[28.7123292,47.1195063],[28.7123272,47.1195083],[28.7123255,47.1195105],[28.7123241,47.1195128],[28.7123232,47.1195152],[28.7123227,47.1195166],[28.7123219,47.1195175],[28.7123194,47.1195197],[28.7123183,47.1195204],[28.7123179,47.1195204],[28.712317,47.1195202],[28.7123141,47.1195198],[28.7123135,47.1195196],[28.7123127,47.1195193],[28.7123096,47.1195184],[28.7123064,47.1195178],[28.7123031,47.1195173],[28.7122997,47.1195171],[28.7122964,47.1195171],[28.712293,47.1195173],[28.7122898,47.1195178],[28.7122866,47.1195185],[28.7122835,47.1195194],[28.7122806,47.1195206],[28.7122778,47.1195219],[28.7122732,47.1195244],[28.7122712,47.1195256],[28.7122693,47.1195269],[28.7122688,47.1195273],[28.7122677,47.1195279],[28.7122655,47.1195294],[28.7122635,47.119531],[28.7122598,47.1195343],[28.7122616,47.1195325],[28.7122631,47.1195307],[28.7122643,47.1195288],[28.7122653,47.1195268],[28.712266,47.1195252],[28.7122668,47.1195242],[28.7122687,47.1195222],[28.7122712,47.1195201],[28.7122728,47.1195187],[28.7122737,47.1195177],[28.7122796,47.1195123],[28.7122808,47.1195114],[28.7122824,47.1195101],[28.7122838,47.1195087],[28.7122844,47.1195081],[28.712285,47.1195077],[28.7122875,47.1195057],[28.7122897,47.1195036],[28.7122909,47.1195023],[28.7122939,47.1194995],[28.7122944,47.1194992],[28.7122969,47.1194971],[28.7122982,47.1194959],[28.7122987,47.1194956],[28.7123005,47.1194942],[28.7123017,47.1194931],[28.7123018,47.119493],[28.712302,47.1194928],[28.7123037,47.1194923],[28.7123064,47.1194911],[28.7123089,47.1194897],[28.7123112,47.1194882],[28.7123133,47.1194865],[28.7123508,47.119453],[28.7123528,47.119451],[28.7123536,47.1194501],[28.7123555,47.1194477],[28.7123569,47.1194451],[28.712357,47.1194449],[28.7123581,47.1194441],[28.7123594,47.1194432],[28.7123615,47.1194415],[28.7123634,47.1194396],[28.7123646,47.1194381],[28.7123653,47.1194374],[28.7123661,47.1194368],[28.7123682,47.1194351],[28.7123701,47.1194332],[28.7123717,47.1194312],[28.712372,47.1194307],[28.7123732,47.1194289],[28.7123734,47.1194288],[28.7123753,47.1194278],[28.7123778,47.1194262],[28.7123801,47.1194245],[28.7123821,47.1194226],[28.7123838,47.1194206],[28.7123851,47.1194184],[28.7123854,47.1194179],[28.7123863,47.119417],[28.712401,47.1194038],[28.7124027,47.1194026],[28.7124045,47.1194011],[28.7124061,47.1193996],[28.712408,47.1193976],[28.7124217,47.1193858],[28.7124231,47.1193849],[28.7124249,47.1193839],[28.7124274,47.1193823],[28.7124297,47.1193806],[28.7124299,47.1193804],[28.7124316,47.1193792],[28.7124339,47.1193774],[28.7124358,47.1193754],[28.7124374,47.1193732],[28.7124387,47.119371],[28.7124392,47.1193699],[28.7124394,47.1193698],[28.7124412,47.1193691],[28.7124437,47.1193678],[28.712446,47.1193664],[28.7124481,47.1193648],[28.71245,47.1193631],[28.7124516,47.1193613],[28.712453,47.1193594],[28.7124541,47.1193574],[28.7124547,47.1193561],[28.7124556,47.1193551],[28.7124611,47.1193502],[28.7124623,47.1193493],[28.7124629,47.119349],[28.7124653,47.1193478],[28.7124678,47.1193464],[28.7124682,47.1193462],[28.712471,47.1193448],[28.7124736,47.1193431],[28.7124759,47.1193413],[28.7124983,47.1193213],[28.7125,47.1193195],[28.7125016,47.1193177],[28.7125028,47.1193158],[28.7125038,47.1193138],[28.7125043,47.1193122],[28.7125047,47.1193115],[28.7125056,47.1193105],[28.7125086,47.1193078],[28.712509,47.1193075],[28.712512,47.1193049],[28.7125129,47.1193041],[28.7125139,47.1193033],[28.7125145,47.119303],[28.7125148,47.1193028],[28.7125173,47.1193015],[28.7125197,47.1192999],[28.7125218,47.1192983],[28.7125237,47.1192964],[28.7125253,47.1192945],[28.7125266,47.1192925],[28.7125273,47.1192911],[28.7125282,47.1192902],[28.7125327,47.1192862],[28.7125346,47.1192844],[28.7125362,47.1192824],[28.7125375,47.1192803],[28.7125385,47.1192782],[28.7125391,47.119276],[28.7125395,47.1192737],[28.7125395,47.1192715],[28.7125392,47.1192692],[28.7125385,47.119267],[28.7125375,47.1192648],[28.7125362,47.1192628],[28.7125347,47.1192608],[28.7125345,47.1192606],[28.7125342,47.1192602],[28.712535,47.1192593],[28.7125421,47.1192525],[28.7125438,47.1192508],[28.7125452,47.119249],[28.7125463,47.1192471],[28.7125472,47.1192452],[28.7125479,47.1192432],[28.7125482,47.119242],[28.712549,47.1192411],[28.7125497,47.1192405],[28.7125501,47.1192402],[28.7125524,47.1192383],[28.7125544,47.1192362],[28.7125557,47.1192347],[28.7125609,47.1192298],[28.7125628,47.1192283],[28.7125648,47.1192266],[28.7125665,47.1192248],[28.7125678,47.1192233],[28.7125698,47.1192214],[28.7125729,47.119219],[28.7125742,47.1192179],[28.7125742,47.1192179],[28.7125773,47.1192151],[28.712578,47.1192148],[28.7125801,47.1192133],[28.7125821,47.1192117],[28.7125839,47.1192101],[28.7125854,47.1192083],[28.7125863,47.1192071],[28.7125876,47.119205],[28.7125886,47.1192039],[28.7125926,47.1192],[28.7125946,47.1191983],[28.7125959,47.1191969],[28.7125961,47.1191967],[28.7125961,47.1191967],[28.7125978,47.1191952],[28.7125993,47.1191937],[28.7125996,47.1191933],[28.7126066,47.1191869],[28.7126077,47.1191861],[28.7126085,47.1191856],[28.7126112,47.1191842],[28.7126137,47.1191825],[28.7126158,47.1191807],[28.7126177,47.1191787],[28.7126193,47.1191767],[28.7126205,47.1191745],[28.7126211,47.1191732],[28.7126219,47.1191723],[28.7126306,47.119164],[28.7126318,47.1191631],[28.7126337,47.1191619],[28.7126361,47.1191602],[28.7126381,47.1191584],[28.7126399,47.1191564],[28.7126413,47.1191543],[28.7126425,47.1191521],[28.7126433,47.1191498],[28.7126437,47.1191475],[28.7126438,47.1191452],[28.7126431,47.1191215],[28.7126431,47.1191212],[28.7126432,47.1191187],[28.7126432,47.1191181],[28.7126432,47.1191181],[28.7126432,47.1191175],[28.7126431,47.1191168],[28.712643,47.1191159],[28.712643,47.1191153],[28.712643,47.1191148],[28.7126433,47.119112],[28.7126435,47.119111],[28.7126443,47.1191101],[28.7128912,47.1188842],[28.7128941,47.1188818],[28.7128958,47.1188803],[28.7128973,47.1188787],[28.7128975,47.1188785],[28.7128995,47.1188767],[28.7129004,47.1188759],[28.7129025,47.1188739],[28.7129027,47.1188736],[28.7129894,47.118794],[28.7129895,47.1187939],[28.7129899,47.1187936],[28.7129908,47.1187929],[28.7129933,47.1187927],[28.7129936,47.1187927],[28.7129975,47.1187926],[28.712999,47.1187926],[28.7130019,47.1187925],[28.7130025,47.1187924],[28.7130237,47.1187921],[28.7130243,47.1187922],[28.7130289,47.1187922],[28.71303,47.1187921],[28.7130293,47.1187929],[28.7130091,47.118812],[28.7130071,47.1188141],[28.7130055,47.1188163],[28.7130043,47.1188185],[28.7130034,47.1188209],[28.7130032,47.118822],[28.7130031,47.1188223],[28.7130022,47.1188233],[28.7129968,47.1188284],[28.7129958,47.1188291],[28.7129949,47.1188294],[28.7129923,47.1188305],[28.7129898,47.1188317],[28.7129875,47.1188331],[28.7129854,47.1188346],[28.7129835,47.1188362],[28.7129085,47.118907],[28.7129067,47.1189088],[28.7129052,47.1189107],[28.712904,47.1189127],[28.7129031,47.1189148],[28.7129025,47.1189169],[28.7129022,47.1189191],[28.7129022,47.1189213],[28.7129026,47.1189234],[28.7129032,47.1189255],[28.7129041,47.1189276],[28.7129053,47.1189296],[28.7129068,47.1189315],[28.7129085,47.1189334],[28.7129105,47.1189351],[28.7129127,47.1189366],[28.7129151,47.118938],[28.7129184,47.1189397],[28.7129187,47.1189399],[28.7129212,47.1189413],[28.7129224,47.1189419],[28.7129227,47.1189421],[28.7129226,47.1189426],[28.7129219,47.1189446],[28.7129218,47.1189452],[28.7129214,47.1189468],[28.7129214,47.1189468],[28.7129193,47.1189485],[28.7129175,47.1189503],[28.7129159,47.1189522],[28.7129152,47.1189532],[28.7129143,47.1189541],[28.7129127,47.1189553],[28.7129107,47.1189568],[28.712909,47.1189584],[28.7129074,47.1189601],[28.712907,47.1189607],[28.7129059,47.1189618],[28.7129048,47.1189627],[28.7129032,47.1189641],[28.712902,47.1189654],[28.7128771,47.1189876],[28.7128758,47.1189885],[28.7128733,47.1189906],[28.7128714,47.1189925],[28.7128709,47.1189929],[28.7128682,47.1189943],[28.712866,47.1189955],[28.7128639,47.1189969],[28.712862,47.1189984],[28.7128601,47.1190001],[28.7128579,47.1190023],[28.7128561,47.1190046],[28.7128557,47.1190051],[28.7128553,47.1190054],[28.7128548,47.1190056],[28.7128524,47.1190071],[28.7128501,47.1190087],[28.7128482,47.1190104],[28.7128469,47.1190117],[28.7128459,47.1190125],[28.7128456,47.1190127],[28.7128425,47.1190146],[28.71284,47.1190162],[28.7128379,47.1190179],[28.7128203,47.1190336],[28.7128186,47.1190353],[28.7128171,47.1190371],[28.7128159,47.119039],[28.7128149,47.1190409],[28.7128147,47.1190416],[28.7128141,47.1190429],[28.7128133,47.1190439],[28.7128065,47.1190505],[28.7128043,47.1190523],[28.7128017,47.1190546],[28.7127998,47.1190566],[28.7127964,47.1190594],[28.7127946,47.1190609],[28.7127935,47.1190619],[28.7127503,47.1191006],[28.7127489,47.119102],[28.7127477,47.1191029],[28.7127452,47.119105],[28.7127411,47.1191089],[28.7127386,47.1191109],[28.7127362,47.119113],[28.7127337,47.1191155],[28.712731,47.1191178],[28.7127295,47.1191191],[28.7127281,47.1191206],[28.7127279,47.1191208],[28.7127202,47.1191277],[28.7127194,47.1191283],[28.7127171,47.1191301],[28.7127152,47.119132],[28.7127141,47.1191332],[28.7127125,47.1191348],[28.712711,47.1191367],[28.7127097,47.1191388],[28.7127087,47.1191409],[28.712708,47.119143],[28.7127077,47.1191453],[28.7127076,47.1191475],[28.7127079,47.1191497],[28.7127085,47.1191519],[28.7127094,47.119154],[28.7127107,47.1191561],[28.7127122,47.119158],[28.712714,47.1191599],[28.712716,47.1191616],[28.7127183,47.1191632],[28.7127208,47.1191646],[28.7127328,47.1191708],[28.7127355,47.119172],[28.7127384,47.1191731],[28.7127413,47.1191739],[28.7127445,47.1191746],[28.7127476,47.119175],[28.7127509,47.1191752],[28.7127541,47.1191752],[28.7127573,47.119175],[28.7127605,47.1191746],[28.7127636,47.119174],[28.7127666,47.1191731],[28.7127695,47.1191721],[28.7127722,47.1191709],[28.7127747,47.1191694],[28.712777,47.1191679],[28.712779,47.1191662],[28.7127892,47.1191568],[28.7127901,47.1191561],[28.7127921,47.1191549],[28.7127943,47.1191535],[28.7127963,47.119152],[28.7127981,47.1191503],[28.7127997,47.1191485],[28.712801,47.1191467],[28.7128013,47.119146],[28.7128025,47.1191447],[28.7128171,47.1191315],[28.7128176,47.1191311],[28.7128193,47.1191298],[28.7128207,47.1191284],[28.7128207,47.1191284],[28.7128219,47.1191278],[28.7128221,47.1191278],[28.7128249,47.1191265],[28.7128276,47.1191251],[28.71283,47.1191235],[28.7128322,47.1191217],[28.7128354,47.1191188],[28.712837,47.1191172],[28.7128384,47.1191155],[28.7128396,47.1191137],[28.7128397,47.1191136],[28.7128402,47.1191129],[28.7128409,47.1191121],[28.7128415,47.1191118],[28.7128438,47.1191105],[28.712846,47.119109],[28.7128479,47.1191074],[28.7128554,47.1191006],[28.7128572,47.1190988],[28.7128588,47.1190968],[28.71286,47.1190947],[28.712861,47.1190926],[28.7128613,47.1190916],[28.7128614,47.1190913],[28.7128622,47.1190904],[28.7128659,47.119087],[28.7128682,47.1190854],[28.7128703,47.1190837],[28.7128721,47.1190819],[28.7128726,47.1190814],[28.7128747,47.1190794],[28.7128757,47.1190784],[28.7128768,47.1190774],[28.7128769,47.1190773],[28.712879,47.1190763],[28.7128814,47.1190747],[28.7128837,47.119073],[28.7128856,47.1190712],[28.7128873,47.1190692],[28.7128887,47.1190671],[28.7128896,47.1190657],[28.7128904,47.1190648],[28.7128923,47.1190632],[28.7128929,47.1190627],[28.7128951,47.1190609],[28.712897,47.119059],[28.7128977,47.1190582],[28.7129167,47.1190409],[28.7129172,47.1190405],[28.7129192,47.1190388],[28.7129199,47.1190381],[28.7129218,47.1190363],[28.7129237,47.1190347],[28.7129254,47.119033],[28.7129257,47.1190327],[28.7129401,47.1190196],[28.7129417,47.1190184],[28.7129437,47.1190167],[28.7129454,47.119015],[28.712952,47.1190089],[28.7129547,47.1190069],[28.7129565,47.1190059],[28.7129589,47.1190047],[28.7129614,47.1190032],[28.7129636,47.1190015],[28.7129655,47.1189997],[28.7129672,47.1189978],[28.7129686,47.1189957],[28.7129695,47.1189939],[28.71297,47.1189932],[28.7129704,47.1189928],[28.7129706,47.1189927],[28.7129726,47.1189908],[28.7129744,47.1189888],[28.7129747,47.1189884],[28.7129752,47.118988],[28.7129764,47.1189873],[28.7129773,47.1189869],[28.7129799,47.1189856],[28.7129823,47.1189841],[28.7129845,47.1189825],[28.7129864,47.1189807],[28.712988,47.1189788],[28.7129887,47.1189778],[28.7129893,47.1189772],[28.7129899,47.1189768],[28.712992,47.1189748],[28.7129921,47.1189747],[28.7129922,47.1189746],[28.7129944,47.1189734],[28.7129969,47.1189718],[28.7129991,47.11897],[28.7130114,47.1189588],[28.7130132,47.1189569],[28.7130148,47.1189549],[28.7130161,47.1189528],[28.713017,47.1189507],[28.7130172,47.1189501],[28.7130174,47.1189497],[28.7130182,47.1189488],[28.7130294,47.1189386],[28.7130304,47.1189379],[28.7130307,47.1189378],[28.7130323,47.1189371],[28.7130349,47.118936],[28.7130372,47.1189346],[28.7130394,47.1189331],[28.7130414,47.1189315],[28.7130536,47.1189204],[28.7130554,47.1189185],[28.713057,47.1189166],[28.7130583,47.1189145],[28.7130592,47.1189123],[28.7130595,47.1189114],[28.7130596,47.1189111],[28.7130605,47.1189101],[28.7130611,47.1189096],[28.7130617,47.1189091],[28.7130636,47.1189076],[28.713065,47.1189062],[28.7130657,47.1189056],[28.7130668,47.1189052],[28.7130697,47.1189039],[28.7130724,47.1189025],[28.7130749,47.1189009],[28.7130771,47.1188991],[28.7130842,47.1188926],[28.7130858,47.1188909],[28.7130873,47.1188892],[28.7130885,47.1188874],[28.7130894,47.1188855],[28.7130896,47.1188851],[28.7130904,47.1188837],[28.7130916,47.1188822],[28.7130926,47.1188812],[28.7130928,47.1188811],[28.7130943,47.1188804],[28.7130943,47.1188804],[28.7130943,47.1188804],[28.7130945,47.1188803],[28.7130946,47.1188803],[28.7130968,47.1188792],[28.7130995,47.1188778],[28.7131021,47.1188761],[28.7131043,47.1188743],[28.7131976,47.1187895],[28.7132426,47.1187486],[28.7132444,47.1187467],[28.713246,47.1187448],[28.7132472,47.1187427],[28.7132482,47.1187406],[28.7132488,47.1187384],[28.7132492,47.1187368],[28.71325,47.1187359],[28.7132551,47.1187312],[28.7132561,47.1187304],[28.7132573,47.11873],[28.7132597,47.1187293],[28.7132625,47.1187281],[28.7132651,47.1187268],[28.7132675,47.1187253],[28.7132696,47.1187237],[28.7132716,47.1187219],[28.7132732,47.11872],[28.7132746,47.118718],[28.7132757,47.118716],[28.7132765,47.1187138],[28.7132767,47.118713],[28.7132774,47.118712],[28.7132793,47.1187096],[28.7132802,47.1187087],[28.7132829,47.1187079],[28.7132856,47.1187069],[28.7132881,47.1187057],[28.7132905,47.1187044],[28.7132927,47.1187029],[28.7132946,47.1187013],[28.7132974,47.1186987],[28.7132992,47.1186969],[28.7133007,47.1186951],[28.7133019,47.1186931],[28.7133029,47.1186911],[28.7133036,47.118689],[28.7133039,47.1186869],[28.713304,47.1186847],[28.7133033,47.1186619],[28.7133033,47.1186615],[28.7133034,47.1186584],[28.7133033,47.1186563],[28.7133041,47.1186554],[28.7133197,47.1186409],[28.7133216,47.1186389],[28.7133232,47.1186368],[28.7133245,47.1186347],[28.7133254,47.1186324],[28.7133258,47.1186308],[28.7133258,47.1186306],[28.7133268,47.1186296],[28.7133273,47.1186291],[28.7133283,47.1186284],[28.7133288,47.1186282],[28.7133316,47.1186272],[28.7133342,47.1186259],[28.7133366,47.1186246],[28.7133389,47.118623],[28.7133409,47.1186213],[28.7133422,47.1186201],[28.7133441,47.1186181],[28.7133457,47.118616],[28.713347,47.1186137],[28.7133479,47.1186114],[28.7133481,47.1186107],[28.7133482,47.1186103],[28.713349,47.1186093],[28.713352,47.1186063],[28.7133532,47.1186053],[28.7133546,47.118604],[28.7133567,47.118602],[28.7133573,47.1186016],[28.7133597,47.1185995],[28.7133617,47.1185974],[28.7133637,47.1185957],[28.7133648,47.118595],[28.7133654,47.1185947],[28.7133663,47.1185944],[28.7133693,47.1185931],[28.713372,47.1185916],[28.7133745,47.11859],[28.7133768,47.1185881],[28.7133882,47.1185776],[28.71339,47.1185757],[28.7133916,47.1185736],[28.7133928,47.1185715],[28.7133938,47.1185693],[28.7133944,47.118567],[28.7133944,47.1185669],[28.7133947,47.1185661],[28.7133952,47.118564],[28.7133955,47.1185618],[28.7133954,47.1185597],[28.713395,47.1185575],[28.7133944,47.1185554],[28.7133934,47.1185534],[28.7133922,47.1185514],[28.7133907,47.1185495],[28.7133889,47.1185477],[28.7133869,47.1185461],[28.7133846,47.1185445],[28.7133831,47.1185437],[28.7133828,47.1185435],[28.7133803,47.1185421],[28.7133777,47.1185409],[28.7133773,47.1185407],[28.7133681,47.118536],[28.7133654,47.1185348],[28.7133626,47.1185338],[28.7133596,47.1185329],[28.7133566,47.1185323],[28.7133534,47.1185318],[28.7133502,47.1185316],[28.713347,47.1185316],[28.7133438,47.1185318],[28.7133406,47.1185322],[28.7133375,47.1185329],[28.7133345,47.1185337],[28.7133317,47.1185347],[28.713329,47.1185359],[28.7133265,47.1185373],[28.7133242,47.1185389],[28.7133221,47.1185406],[28.7134336,47.1184394],[28.7134355,47.1184376],[28.713437,47.1184356],[28.7134383,47.1184336],[28.7134392,47.1184315],[28.7134396,47.1184302],[28.7134397,47.11843],[28.7134406,47.1184291],[28.713446,47.1184244],[28.7134461,47.1184243],[28.7134484,47.1184224],[28.7134505,47.1184203],[28.713452,47.1184186],[28.7134533,47.1184174],[28.7134544,47.1184166],[28.7134565,47.1184155],[28.7134591,47.118414],[28.7134596,47.1184137],[28.7134623,47.1184122],[28.7134644,47.1184109],[28.7134664,47.1184096],[28.7134682,47.1184081],[28.7134915,47.1183869],[28.7134934,47.1183851],[28.7134949,47.1183831],[28.7134962,47.118381],[28.7134971,47.1183788],[28.7134976,47.1183774],[28.7134976,47.1183772],[28.7134982,47.1183766],[28.7135018,47.1183742],[28.7135023,47.1183738],[28.713503,47.1183734],[28.7135041,47.118373],[28.7135066,47.1183718],[28.7135089,47.1183705],[28.7135111,47.118369],[28.713513,47.1183674],[28.7135335,47.1183489],[28.7135352,47.1183471],[28.7135367,47.1183452],[28.713538,47.1183433],[28.7135389,47.1183412],[28.7135391,47.1183407],[28.7135393,47.1183404],[28.71354,47.1183399],[28.7135424,47.1183388],[28.7135453,47.1183373],[28.7135479,47.1183356],[28.7135502,47.1183337],[28.7135607,47.1183242],[28.7135617,47.1183234],[28.7135634,47.1183234],[28.7135647,47.1183234],[28.7135676,47.1183233],[28.7135682,47.1183232],[28.7136162,47.1183225],[28.7136167,47.1183225],[28.7136208,47.1183226],[28.7136229,47.1183225],[28.7136229,47.1183225],[28.7136236,47.1183228],[28.7136237,47.1183229],[28.7136239,47.118323],[28.7136248,47.1183235],[28.7136259,47.1183242],[28.7136266,47.1183254],[28.7136281,47.1183276],[28.71363,47.1183296],[28.7136322,47.1183315],[28.7136346,47.1183332],[28.7136373,47.1183347],[28.7136415,47.1183368],[28.7136418,47.118337],[28.7136443,47.1183384],[28.7136456,47.118339],[28.7136466,47.1183396],[28.7136477,47.1183405],[28.7136484,47.1183409],[28.7136483,47.1183411],[28.7136475,47.1183422],[28.7136462,47.1183443],[28.7136455,47.1183458],[28.7136444,47.1183461],[28.7136425,47.1183468],[28.7136396,47.1183478],[28.713637,47.1183491],[28.7136345,47.1183505],[28.7136322,47.118352],[28.7136302,47.1183537],[28.7135977,47.1183838],[28.7135959,47.1183856],[28.7135944,47.1183875],[28.7135932,47.1183896],[28.7135922,47.1183917],[28.7135916,47.1183938],[28.7135913,47.118396],[28.7135913,47.1183982],[28.7135916,47.1184004],[28.7135922,47.1184025],[28.7135931,47.1184046],[28.7135944,47.1184067],[28.7135959,47.1184086],[28.7135976,47.1184104],[28.7135997,47.1184122],[28.7136019,47.1184137],[28.7136031,47.1184144],[28.7136056,47.1184158],[28.7136083,47.1184171],[28.7136111,47.1184181],[28.7136142,47.118419],[28.7136173,47.1184197],[28.7136205,47.1184201],[28.7136237,47.1184203],[28.713627,47.1184203],[28.7136302,47.1184201],[28.7136334,47.1184196],[28.7136366,47.118419],[28.7136396,47.1184181],[28.7136424,47.1184171],[28.7136451,47.1184158],[28.7136476,47.1184144],[28.7136499,47.1184128],[28.713652,47.1184111],[28.7136538,47.1184092],[28.7136553,47.1184072],[28.7136554,47.118407],[28.7136559,47.1184064],[28.7136576,47.118405],[28.7136595,47.1184028],[28.7136596,47.1184027],[28.7136599,47.1184026],[28.7136611,47.1184021],[28.7136637,47.1184009],[28.7136661,47.1183996],[28.7136684,47.1183981],[28.7136704,47.1183964],[28.7136729,47.1183941],[28.7136711,47.1183959],[28.7136696,47.1183979],[28.7136683,47.1183999],[28.7136673,47.1184019],[28.7136667,47.1184041],[28.7136664,47.1184053],[28.713666,47.1184075],[28.713666,47.1184098],[28.7136663,47.118412],[28.7136669,47.1184142],[28.7136678,47.1184163],[28.713669,47.1184184],[28.7136705,47.1184203],[28.7136723,47.1184222],[28.7136744,47.1184239],[28.7136767,47.1184255],[28.7136771,47.1184258],[28.7136795,47.1184272],[28.7136821,47.1184284],[28.7136849,47.1184294],[28.7136877,47.1184303],[28.7136908,47.1184309],[28.7136938,47.1184314],[28.713697,47.1184316],[28.7137001,47.1184317],[28.7137032,47.1184315],[28.7137064,47.1184312],[28.7137094,47.1184306],[28.7137123,47.1184299],[28.7137152,47.1184289],[28.7137178,47.1184278],[28.7137204,47.1184265],[28.7137227,47.1184251],[28.7137248,47.1184235],[28.7137317,47.1184177],[28.7137328,47.118417],[28.7137341,47.1184176],[28.713735,47.1184181],[28.713736,47.1184187],[28.7137362,47.1184188],[28.713738,47.1184202],[28.713738,47.1184215],[28.7137382,47.1184238],[28.7137387,47.1184261],[28.7137396,47.1184284],[28.7137408,47.1184305],[28.7137423,47.1184326],[28.7137442,47.1184345],[28.7137463,47.1184363],[28.7137487,47.118438],[28.7137513,47.1184395],[28.7137524,47.11844],[28.7137527,47.1184402],[28.7137552,47.1184416],[28.7137569,47.1184424],[28.7137576,47.1184428],[28.7137602,47.1184442],[28.7137602,47.1184444],[28.7137601,47.1184452],[28.7137602,47.1184473],[28.7137605,47.1184495],[28.7137612,47.1184516],[28.7137622,47.1184536],[28.7137634,47.1184556],[28.7137649,47.1184575],[28.7137667,47.1184593],[28.7137687,47.1184609],[28.7137709,47.1184624],[28.7137733,47.1184638],[28.7137743,47.1184643],[28.7137754,47.1184649],[28.7137775,47.118466],[28.713778,47.1184662],[28.7137785,47.1184665],[28.7137799,47.1184672],[28.713781,47.1184679],[28.7137811,47.1184684],[28.7137811,47.1184706],[28.7137814,47.1184728],[28.713782,47.1184749],[28.7137829,47.1184771],[28.7137842,47.1184791],[28.7137857,47.118481],[28.7137875,47.1184829],[28.7137895,47.1184846],[28.7137918,47.1184861],[28.7137943,47.1184875],[28.7137945,47.1184877],[28.7137947,47.1184878],[28.7137969,47.1184891],[28.7137993,47.1184902],[28.7137997,47.1184903],[28.7138008,47.1184909],[28.7138019,47.1184916],[28.7138011,47.1184925],[28.7138002,47.1184933],[28.7137984,47.1184951],[28.7137969,47.1184971],[28.7137957,47.1184991],[28.7137948,47.1185012],[28.7137941,47.1185034],[28.7137938,47.1185056],[28.7137938,47.1185077],[28.7137941,47.1185099],[28.7137947,47.1185121],[28.7137957,47.1185142],[28.7137969,47.1185162],[28.7137984,47.1185182],[28.7138002,47.11852],[28.7138022,47.1185217],[28.7138045,47.1185233],[28.7138055,47.1185239],[28.7138065,47.1185245],[28.713809,47.1185259],[28.7138104,47.1185265],[28.7138126,47.1185278],[28.7138128,47.1185279],[28.713814,47.1185286],[28.7138141,47.1185295],[28.7138144,47.1185317],[28.713815,47.1185338],[28.713816,47.1185359],[28.7138172,47.1185379],[28.7138187,47.1185398],[28.7138205,47.1185417],[28.7138226,47.1185433],[28.7138248,47.1185449],[28.713826,47.1185455],[28.7138278,47.1185466],[28.7138287,47.1185475],[28.7138299,47.1185487],[28.7138319,47.1185504],[28.7138342,47.1185519],[28.7138366,47.1185533],[28.7138528,47.1185615],[28.7138555,47.1185629],[28.713856,47.1185631],[28.7138575,47.1185639],[28.7138586,47.1185646],[28.7138578,47.1185654],[28.713853,47.1185699],[28.713852,47.1185707],[28.7138498,47.1185725],[28.7138479,47.1185744],[28.7138475,47.1185749],[28.7138413,47.1185807],[28.7138391,47.1185824],[28.7138379,47.1185831],[28.7138359,47.1185846],[28.7138341,47.1185862],[28.7138325,47.1185879],[28.7138325,47.1185879],[28.7138325,47.1185879],[28.7138325,47.118588],[28.7138324,47.118588],[28.7138304,47.1185904],[28.7138289,47.1185919],[28.7138281,47.1185927],[28.7138271,47.1185938],[28.7138122,47.1186067],[28.7138112,47.1186076],[28.7137943,47.1186239],[28.7137924,47.1186254],[28.7137908,47.1186269],[28.7137893,47.1186284],[28.7137889,47.1186288],[28.7137639,47.1186515],[28.7137637,47.1186517],[28.7137612,47.1186537],[28.7137591,47.1186559],[28.7137575,47.1186577],[28.7137368,47.1186766],[28.7137358,47.1186774],[28.7137356,47.1186775],[28.7137336,47.1186782],[28.713731,47.1186795],[28.7137284,47.1186809],[28.7137261,47.1186824],[28.7137241,47.1186841],[28.7136547,47.1187479],[28.713653,47.1187497],[28.7136515,47.1187515],[28.7136503,47.1187535],[28.7136494,47.1187555],[28.7136487,47.1187575],[28.7136487,47.1187578],[28.7136479,47.1187586],[28.7136371,47.1187685],[28.7136352,47.1187704],[28.7136336,47.1187724],[28.7136323,47.1187745],[28.7136314,47.1187767],[28.7136308,47.118779],[28.7136305,47.1187813],[28.7136306,47.1187836],[28.7136307,47.1187848],[28.7136298,47.1187858],[28.7136231,47.1187917],[28.7136214,47.1187933],[28.7136052,47.1188083],[28.7136027,47.1188102],[28.7136008,47.1188118],[28.7135991,47.1188135],[28.7135975,47.1188152],[28.7135899,47.1188222],[28.7135884,47.1188233],[28.7135864,47.118825],[28.7135846,47.1188267],[28.7135844,47.1188269],[28.7135831,47.1188282],[28.7135823,47.1188287],[28.7135805,47.1188302],[28.7135789,47.1188318],[28.7135788,47.1188319],[28.7135788,47.1188319],[28.7135766,47.1188343],[28.7135582,47.1188509],[28.7135571,47.1188518],[28.7135568,47.1188519],[28.7135553,47.1188524],[28.7135525,47.1188537],[28.7135498,47.1188551],[28.7135474,47.1188567],[28.7135452,47.1188585],[28.7135437,47.1188599],[28.713542,47.1188616],[28.7135406,47.1188633],[28.7135394,47.1188651],[28.7135384,47.118867],[28.7135379,47.1188682],[28.7135359,47.1188699],[28.7135338,47.1188719],[28.7135321,47.1188741],[28.7135319,47.1188744],[28.7135306,47.1188759],[28.7134592,47.1189409],[28.713459,47.118941],[28.713457,47.1189427],[28.7134562,47.1189436],[28.7134427,47.1189559],[28.7134421,47.1189564],[28.7134401,47.1189581],[28.7134387,47.1189596],[28.7133866,47.119007],[28.7133834,47.1190093],[28.713381,47.1190113],[28.7133659,47.1190255],[28.7133642,47.1190271],[28.7133632,47.1190281],[28.7133592,47.1190315],[28.7133572,47.1190334],[28.7133561,47.1190346],[28.7133544,47.119036],[28.7133536,47.1190366],[28.7133519,47.1190381],[28.7133506,47.1190395],[28.7133491,47.1190408],[28.7133479,47.1190421],[28.7133452,47.1190445],[28.7133449,47.1190447],[28.713343,47.1190463],[28.7133413,47.1190481],[28.713341,47.1190483],[28.7133233,47.1190643],[28.7133215,47.1190661],[28.71332,47.1190679],[28.7133188,47.1190699],[28.7133178,47.119072],[28.7133171,47.1190741],[28.7133167,47.1190762],[28.7133167,47.1190784],[28.7133174,47.1191011],[28.7133173,47.1191016],[28.7133173,47.1191047],[28.7133174,47.1191072],[28.7133174,47.1191074],[28.7133174,47.1191094],[28.7133176,47.1191113],[28.7133177,47.1191123],[28.7133185,47.1191355],[28.7133184,47.119136],[28.7133184,47.1191392],[28.7133185,47.1191415],[28.7133185,47.1191419],[28.7133184,47.1191437],[28.7133185,47.1191446],[28.7133183,47.1191458],[28.7133174,47.1191469],[28.7133145,47.1191496],[28.7133125,47.1191511],[28.7133102,47.119153],[28.7133083,47.119155],[28.7133063,47.1191573],[28.7133051,47.1191584],[28.7133035,47.1191596],[28.7133032,47.1191598],[28.7133008,47.1191613],[28.7132987,47.1191631],[28.7132968,47.1191649],[28.7132952,47.1191669],[28.7132946,47.119168],[28.7132936,47.1191691],[28.7132619,47.1191987],[28.7132607,47.1191996],[28.7132587,47.1192013],[28.7132569,47.1192031],[28.7132558,47.1192043],[28.7132397,47.1192193],[28.7132379,47.1192208],[28.7132362,47.1192226],[28.7132359,47.1192229],[28.7132344,47.1192243],[28.7132338,47.1192247],[28.7132315,47.1192266],[28.7132296,47.1192286],[28.7132285,47.1192298],[28.7132125,47.1192447],[28.7132122,47.119245],[28.7132104,47.1192465],[28.7132094,47.1192475],[28.7132074,47.1192493],[28.7132064,47.11925],[28.713205,47.1192501],[28.7132022,47.1192502],[28.7132022,47.1192502],[28.7132014,47.1192501],[28.7131986,47.1192501],[28.7131959,47.1192502],[28.7131953,47.1192503],[28.7131692,47.1192507],[28.7131686,47.1192506],[28.7131642,47.1192506],[28.7131613,47.1192507],[28.7131594,47.1192507],[28.7131566,47.1192508],[28.713156,47.1192509],[28.7131276,47.1192513],[28.7131242,47.1192515],[28.7131209,47.1192519],[28.7131177,47.1192525],[28.7131146,47.1192533],[28.7131116,47.1192544],[28.7131088,47.1192557],[28.7131062,47.1192571],[28.7131038,47.1192587],[28.7131017,47.1192605],[28.7130999,47.1192622],[28.7130991,47.1192628],[28.7130966,47.1192648],[28.7130954,47.1192661],[28.7130952,47.1192663],[28.7130949,47.1192664],[28.7130932,47.1192671],[28.7130904,47.1192683],[28.7130878,47.1192698],[28.7130854,47.1192714],[28.7130833,47.1192732],[28.71308,47.1192763],[28.7130783,47.119278],[28.7130769,47.1192798],[28.7130757,47.1192817],[28.7130748,47.1192836],[28.7130742,47.1192856],[28.7130742,47.1192856],[28.713074,47.119286],[28.7130735,47.1192863],[28.7130717,47.1192879],[28.7130692,47.1192902],[28.7130679,47.1192913],[28.713066,47.1192934],[28.7130649,47.1192948],[28.7130617,47.1192979],[28.7130604,47.1192989],[28.7130588,47.1192998],[28.7130566,47.1193014],[28.7130546,47.1193031],[28.7130529,47.1193049],[28.7130514,47.1193068],[28.7130509,47.1193077],[28.7130499,47.1193089],[28.7130498,47.119309],[28.7130467,47.1193114],[28.7130447,47.1193132],[28.7130429,47.1193151],[28.7130416,47.1193167],[28.7130399,47.1193183],[28.7130387,47.1193193],[28.7130373,47.1193201],[28.7130352,47.1193216],[28.7130333,47.1193233],[28.7130317,47.1193251],[28.7130303,47.1193269],[28.7130302,47.119327],[28.7130291,47.1193283],[28.7130242,47.119333],[28.7130213,47.1193352],[28.7130194,47.1193368],[28.7130178,47.1193386],[28.7130159,47.1193407],[28.7130152,47.1193414],[28.7130136,47.119343],[28.7130111,47.1193453],[28.713009,47.1193469],[28.713008,47.1193476],[28.7130059,47.119349],[28.713004,47.1193507],[28.7130023,47.1193524],[28.7130008,47.1193542],[28.7129999,47.1193556],[28.7129991,47.1193566],[28.7129576,47.1193955],[28.7129556,47.119397],[28.7129537,47.1193986],[28.7129521,47.1194003],[28.7129506,47.119402],[28.7129465,47.1194057],[28.7129449,47.1194071],[28.712943,47.119409],[28.712943,47.119409],[28.7129376,47.1194141],[28.7129373,47.1194144],[28.7129356,47.1194159],[28.712934,47.1194175],[28.712934,47.1194175],[28.7129266,47.1194245],[28.7129247,47.1194259],[28.7129228,47.1194276],[28.7129211,47.1194293],[28.7129197,47.119431],[28.7128474,47.1194987],[28.712844,47.1195012],[28.7128419,47.119503],[28.71284,47.1195049],[28.7128383,47.1195069],[28.7127926,47.1195499],[28.7127919,47.1195504],[28.7127899,47.1195522],[28.7127881,47.119554],[28.7127393,47.1195998],[28.7127379,47.1196009],[28.7127367,47.1196015],[28.7127344,47.1196029],[28.7127324,47.1196045],[28.7127306,47.1196061],[28.712729,47.1196079],[28.7127276,47.1196097],[28.7127266,47.1196116],[28.7127257,47.1196126],[28.7126847,47.1196508],[28.7126836,47.1196518],[28.7126819,47.1196536],[28.7126816,47.1196539],[28.7126646,47.1196695],[28.7126635,47.1196703],[28.712663,47.1196705],[28.7126623,47.1196706],[28.7126592,47.1196715],[28.7126563,47.1196726],[28.7126536,47.1196738],[28.7126511,47.1196753],[28.7126488,47.1196769],[28.7126467,47.1196786],[28.7126208,47.1197031],[28.7126191,47.1197049],[28.7126176,47.1197067],[28.7126164,47.1197087],[28.7126155,47.1197107],[28.7126149,47.1197128],[28.7126146,47.1197149],[28.7126145,47.119717],[28.7126148,47.1197191],[28.7126151,47.1197205],[28.7126153,47.1197219],[28.7126145,47.1197229],[28.7125899,47.1197453],[28.7125871,47.1197474],[28.712585,47.1197492],[28.7125831,47.1197511],[28.7125812,47.1197533],[28.712415,47.1199052],[28.7124139,47.119906],[28.7124122,47.1199075],[28.7124107,47.1199091],[28.7124105,47.1199094],[28.7123414,47.1199724],[28.7123384,47.1199747],[28.7123362,47.1199765],[28.7123344,47.1199784],[28.7123324,47.1199807],[28.7122783,47.1200301],[28.7122768,47.1200313],[28.7122747,47.120033],[28.712273,47.1200348],[28.7122719,47.120036],[28.7121996,47.120102],[28.7121989,47.1201025],[28.7121968,47.1201041],[28.7121949,47.1201059],[28.7121939,47.120107],[28.7121918,47.1201087],[28.712189,47.1201113],[28.7121872,47.1201134],[28.7121459,47.1201511],[28.7121441,47.1201529],[28.7121426,47.1201548],[28.7121414,47.1201569],[28.7121404,47.1201589],[28.7121398,47.1201611],[28.7121394,47.1201633],[28.7121394,47.1201654],[28.7121397,47.1201676],[28.7121402,47.1201698],[28.7121411,47.1201719],[28.7121423,47.1201739],[28.7121438,47.1201758],[28.7121455,47.1201777],[28.7121475,47.1201794],[28.7121497,47.120181],[28.7121522,47.1201824],[28.7121548,47.1201836],[28.7121576,47.1201847],[28.7121605,47.1201856],[28.7121635,47.1201863],[28.7121667,47.1201867],[28.7121698,47.120187],[28.712173,47.1201871],[28.7121808,47.120187],[28.7121814,47.120187],[28.7121858,47.120187],[28.7121885,47.1201869],[28.7121905,47.1201869],[28.7121933,47.1201868],[28.7121939,47.1201868],[28.7122305,47.1201862],[28.7122312,47.1201862],[28.7122357,47.1201863],[28.7122382,47.1201862],[28.7122403,47.1201862],[28.712243,47.1201861],[28.7122436,47.120186],[28.7122786,47.1201855],[28.7122792,47.1201855],[28.7122837,47.1201856],[28.7122863,47.1201855],[28.7122884,47.1201855],[28.7122911,47.1201853],[28.7122917,47.1201853],[28.7123336,47.1201847],[28.7123343,47.1201847],[28.712339,47.1201847],[28.7123402,47.1201847],[28.7123418,47.1201853],[28.712342,47.1201855],[28.7123432,47.1201861],[28.7123424,47.120187],[28.712336,47.1201931],[28.7123357,47.1201934],[28.7123337,47.1201951],[28.7123319,47.120197],[28.7123304,47.1201989],[28.7123293,47.120201],[28.7123284,47.1202031],[28.7123278,47.1202052],[28.7123275,47.1202074],[28.7123275,47.1202096],[28.7123279,47.1202118],[28.7123285,47.120214],[28.7123295,47.1202161],[28.7123308,47.1202181],[28.7123323,47.12022],[28.7123341,47.1202218],[28.7123362,47.1202235],[28.7123385,47.1202251],[28.7123385,47.1202251],[28.7123411,47.1202265],[28.7123424,47.1202271],[28.7123426,47.1202272],[28.7123423,47.1202284],[28.712342,47.1202309],[28.7123421,47.1202324],[28.712342,47.1202326],[28.7123412,47.1202336],[28.7123355,47.1202389],[28.7123344,47.1202397],[28.7123344,47.1202397],[28.7123315,47.1202408],[28.7123287,47.120242],[28.7123262,47.1202434],[28.7123238,47.120245],[28.7123218,47.1202468],[28.7123181,47.1202502],[28.7123164,47.120252],[28.7123149,47.1202539],[28.7123144,47.1202546],[28.7123143,47.1202548],[28.7123129,47.1202572],[28.7123119,47.1202596],[28.7123116,47.1202605],[28.712311,47.1202617],[28.7123101,47.1202627],[28.7123054,47.1202669],[28.7123043,47.1202679],[28.7123037,47.1202684],[28.712299,47.1202729],[28.7122985,47.1202733],[28.7122967,47.1202748],[28.7122952,47.1202764],[28.7122946,47.120277],[28.7122919,47.1202793],[28.7122907,47.1202803],[28.7122889,47.1202818],[28.7122874,47.1202834],[28.7122868,47.1202836],[28.7122841,47.1202846],[28.7122816,47.1202858],[28.7122792,47.1202872],[28.7122771,47.1202887],[28.7122752,47.1202903],[28.7122245,47.1203377],[28.7122226,47.1203397],[28.7122211,47.1203417],[28.7122198,47.1203439],[28.7122189,47.1203462],[28.7122186,47.1203474],[28.7122185,47.1203476],[28.7122177,47.1203486],[28.7121855,47.1203792],[28.7121839,47.1203804],[28.7121821,47.1203819],[28.7121805,47.1203834],[28.712179,47.1203851],[28.7121784,47.1203856],[28.7121773,47.1203865],[28.712177,47.1203866],[28.7121751,47.1203872],[28.7121722,47.1203885],[28.7121695,47.12039],[28.712167,47.1203917],[28.7121648,47.1203935],[28.7121237,47.120432],[28.7121219,47.1204339],[28.7121203,47.1204359],[28.7121191,47.120438],[28.7121182,47.1204402],[28.712118,47.1204409],[28.7121178,47.1204413],[28.7121171,47.1204423],[28.7121153,47.1204435],[28.7121135,47.1204448],[28.7121119,47.1204461],[28.7121104,47.1204474],[28.7121094,47.1204483],[28.7121093,47.1204484],[28.7121078,47.1204496],[28.7121073,47.1204499],[28.7121071,47.1204499],[28.7121047,47.1204511],[28.7121024,47.1204525],[28.7121003,47.120454],[28.7120984,47.1204556],[28.7120874,47.1204659],[28.7120855,47.1204679],[28.7120839,47.12047],[28.7120826,47.1204723],[28.7120817,47.1204746],[28.7120813,47.1204761],[28.7120801,47.1204773],[28.7120787,47.1204788],[28.7120781,47.1204795],[28.7120764,47.1204808],[28.7120749,47.1204818],[28.7120728,47.1204836],[28.712071,47.1204854],[28.7120698,47.120487],[28.7120683,47.1204887],[28.7120633,47.1204934],[28.7120621,47.1204943],[28.7120606,47.1204951],[28.7120602,47.1204952],[28.7120576,47.1204962],[28.7120552,47.1204974],[28.7120529,47.1204988],[28.7120508,47.1205002],[28.712049,47.1205018],[28.71202,47.1205289],[28.7120183,47.1205306],[28.7120169,47.1205325],[28.7120157,47.1205344],[28.7120148,47.1205364],[28.7120141,47.1205385],[28.7120138,47.1205405],[28.7120137,47.1205426],[28.7120162,47.1206214],[28.7120161,47.1206219],[28.7120161,47.120625],[28.7120162,47.120627],[28.7120154,47.1206279],[28.7120121,47.120631],[28.7120103,47.1206329],[28.7120088,47.1206348],[28.7120076,47.1206368],[28.7120068,47.1206387],[28.7120061,47.1206397],[28.7120044,47.1206417],[28.7120039,47.1206422],[28.7120023,47.1206444],[28.7120013,47.1206454],[28.711999,47.1206471],[28.7119978,47.1206479],[28.7119975,47.120648],[28.7119961,47.1206484],[28.7119933,47.1206495],[28.7119913,47.1206504],[28.7119911,47.1206504],[28.71199,47.1206505],[28.7119881,47.1206504],[28.7119853,47.1206506],[28.7119847,47.1206506],[28.7119011,47.1206519],[28.7118977,47.120652],[28.7118944,47.1206524],[28.7118911,47.1206531],[28.711888,47.1206539],[28.711885,47.120655],[28.7118822,47.1206563],[28.7118796,47.1206577],[28.7118772,47.1206594],[28.7118751,47.1206612],[28.7118272,47.1207064],[28.7118254,47.1207083],[28.711824,47.1207102],[28.7118228,47.1207123],[28.7118219,47.1207144],[28.7118213,47.1207166],[28.711821,47.1207188],[28.711821,47.120721],[28.7118214,47.1207232],[28.7118221,47.1207253],[28.711823,47.1207274],[28.7118243,47.1207295],[28.7118259,47.1207314],[28.7118277,47.1207332],[28.7118298,47.1207349],[28.7118321,47.1207365],[28.7118346,47.1207378],[28.7118706,47.1207556],[28.7118709,47.1207558],[28.7118734,47.1207572],[28.7118747,47.1207577],[28.711875,47.1207579],[28.7118751,47.1207582],[28.7118755,47.1207603],[28.7118758,47.1207613],[28.711875,47.1207622],[28.7118741,47.120763],[28.7118725,47.1207643],[28.7118712,47.1207658],[28.7118709,47.1207662],[28.7118696,47.1207674],[28.7118676,47.1207689],[28.7118669,47.1207693],[28.7118654,47.1207704],[28.7118628,47.1207716],[28.7118599,47.1207732],[28.7118573,47.1207749],[28.711855,47.1207769],[28.7118286,47.1208017],[28.7118268,47.1208037],[28.7118253,47.1208057],[28.711824,47.1208079],[28.7118231,47.1208101],[28.7118229,47.1208111],[28.7118228,47.1208114],[28.7118221,47.1208122],[28.7118208,47.1208133],[28.7118205,47.1208135],[28.7118184,47.120815],[28.7118166,47.1208166],[28.711815,47.1208183],[28.7118148,47.1208185],[28.7118127,47.120821],[28.7118075,47.1208259],[28.7118065,47.1208267],[28.7118064,47.1208267],[28.711804,47.1208277],[28.7118015,47.1208289],[28.7117991,47.1208302],[28.711797,47.1208318],[28.7117951,47.1208334],[28.7117926,47.1208357],[28.7117908,47.1208376],[28.7117893,47.1208396],[28.7117881,47.1208417],[28.7117872,47.1208439],[28.7117869,47.1208448],[28.7117863,47.1208458],[28.7117859,47.1208462],[28.711785,47.120847],[28.7117837,47.1208476],[28.7117816,47.1208485],[28.7117789,47.1208499],[28.7117764,47.1208515],[28.7117742,47.1208533],[28.7117723,47.1208552],[28.7117707,47.1208572],[28.7117693,47.1208593],[28.7117685,47.1208609],[28.7117675,47.1208631],[28.7117671,47.120864],[28.7117663,47.1208649],[28.7117503,47.12088],[28.7117498,47.1208804],[28.7117479,47.120882],[28.7117462,47.1208837],[28.7117455,47.1208845],[28.7117415,47.1208882],[28.7117399,47.1208898],[28.7117259,47.120903],[28.7117247,47.1209041],[28.7117229,47.1209059],[28.7117228,47.120906],[28.7117175,47.120911],[28.7117166,47.1209117],[28.7117147,47.1209133],[28.7117131,47.1209151],[28.7117128,47.1209155],[28.7117115,47.1209167],[28.7117094,47.1209183],[28.7117075,47.1209199],[28.7117058,47.1209216],[28.7117057,47.1209218],[28.7117042,47.1209233],[28.7117027,47.1209245],[28.7117007,47.1209264],[28.7117004,47.1209269],[28.7116979,47.120929],[28.7116952,47.1209317],[28.7116943,47.1209328],[28.7116846,47.120942],[28.7116831,47.1209433],[28.7116812,47.1209449],[28.7116795,47.1209466],[28.7116787,47.1209476],[28.7116389,47.1209852],[28.7116371,47.1209866],[28.7116349,47.1209885],[28.7116331,47.1209905],[28.7116327,47.120991],[28.7115857,47.1210353],[28.7115841,47.1210367],[28.7115823,47.1210382],[28.7115807,47.1210398],[28.7115792,47.1210415],[28.711576,47.1210446],[28.7115755,47.1210449],[28.7115733,47.1210468],[28.7115714,47.1210488],[28.711571,47.1210492],[28.711566,47.121054],[28.7115651,47.1210547],[28.7115634,47.1210561],[28.7115619,47.1210576],[28.7115608,47.1210587],[28.7115597,47.1210597],[28.7115588,47.1210606],[28.7115588,47.1210606],[28.7115569,47.1210623],[28.7115556,47.1210632],[28.7115534,47.1210647],[28.7115514,47.1210664],[28.7115497,47.1210683],[28.7115482,47.1210702],[28.7115479,47.1210707],[28.7115468,47.121072],[28.7115279,47.1210894],[28.7115269,47.1210902],[28.7115264,47.1210905],[28.7115257,47.1210907],[28.7115229,47.121092],[28.7115203,47.1210935],[28.711518,47.1210951],[28.7115159,47.1210968],[28.7115154,47.1210973],[28.7115137,47.1210992],[28.7115122,47.1211011],[28.711511,47.1211031],[28.7115101,47.1211052],[28.7115096,47.1211068],[28.7115096,47.1211069],[28.7115088,47.1211079],[28.7115056,47.1211109],[28.7115032,47.1211127],[28.7115012,47.1211143],[28.7114995,47.121116],[28.7114981,47.1211179],[28.7114981,47.1211179],[28.7114976,47.1211183],[28.7114972,47.1211185],[28.7114956,47.1211187],[28.7114943,47.1211187],[28.7114932,47.1211187],[28.7114926,47.1211187],[28.7114924,47.1211187],[28.7114896,47.1211186],[28.7114869,47.1211188],[28.7114863,47.1211188],[28.711395,47.1211202],[28.7113935,47.1211201],[28.7113932,47.1211202],[28.7113906,47.1211201],[28.7113892,47.1211202],[28.7113884,47.1211202],[28.7113862,47.1211202],[28.7113834,47.1211203],[28.7113828,47.1211204],[28.7113588,47.1211207],[28.7113574,47.1211206],[28.7113572,47.1211196],[28.711357,47.121114],[28.7113571,47.1211133],[28.7113572,47.1211117],[28.7113571,47.12111],[28.711357,47.121108],[28.711357,47.1211075],[28.711357,47.1211056],[28.7113568,47.1211038],[28.7113566,47.1211027],[28.7113553,47.1210602],[28.7113553,47.1210597],[28.7113554,47.1210565],[28.7113552,47.1210542],[28.7113553,47.1210539],[28.7113553,47.121052],[28.7113551,47.12105],[28.7113549,47.121049],[28.7113544,47.121034],[28.7113542,47.1210319],[28.7113537,47.1210297],[28.7113529,47.1210277],[28.7113518,47.1210256],[28.7113504,47.1210237],[28.7113488,47.1210219],[28.7113474,47.1210206],[28.7113473,47.1210205],[28.7113472,47.1210202],[28.7113461,47.1210181],[28.7113452,47.1210169],[28.7113452,47.1210168],[28.7113459,47.1210158],[28.7113476,47.1210142],[28.7113494,47.1210122],[28.7113509,47.1210101],[28.711352,47.1210079],[28.7113528,47.1210056],[28.7113533,47.1210033],[28.7113534,47.121001],[28.7113526,47.1209773],[28.7113527,47.1209767],[28.7113528,47.120975],[28.7113528,47.1209733],[28.7113526,47.120972],[28.7113525,47.1209708],[28.7113524,47.1209704],[28.7113523,47.1209671],[28.7113523,47.120967],[28.7113516,47.1209442],[28.7113513,47.1209419],[28.7113508,47.1209397],[28.7113499,47.1209375],[28.7113487,47.1209355],[28.7113472,47.1209335],[28.7113454,47.1209316],[28.7113434,47.1209298],[28.7113411,47.1209282],[28.7113386,47.1209268],[28.7113358,47.1209255],[28.711333,47.1209244],[28.7113299,47.1209235],[28.7113268,47.1209229],[28.7113236,47.1209224],[28.7113203,47.1209222],[28.711317,47.1209222],[28.7113137,47.1209224],[28.711312,47.1209227],[28.7113117,47.1209227],[28.7113112,47.1209225],[28.7113098,47.120922],[28.7113086,47.1209217],[28.7113082,47.1209216],[28.7113098,47.1209197],[28.7113112,47.1209178],[28.7113124,47.1209158],[28.7113133,47.1209138],[28.7113137,47.1209124],[28.7113137,47.1209122],[28.7113145,47.1209113],[28.7113412,47.1208858],[28.7113433,47.120884],[28.7113451,47.120882],[28.7113466,47.1208799],[28.7113478,47.1208776],[28.7113486,47.1208753],[28.7113491,47.120873],[28.7113492,47.1208706],[28.7113483,47.1208425],[28.7113484,47.1208418],[28.7113485,47.1208401],[28.7113484,47.1208384],[28.7113483,47.1208368],[28.7113483,47.1208366],[28.7113482,47.1208356],[28.7113482,47.1208346],[28.711348,47.1208314],[28.7113479,47.1208312],[28.7113476,47.1208218],[28.7113474,47.1208196],[28.7113468,47.1208174],[28.711346,47.1208152],[28.7113448,47.1208132],[28.7113433,47.1208112],[28.7113416,47.1208093],[28.7113396,47.1208076],[28.7113373,47.1208059],[28.7113349,47.1208045],[28.7113322,47.1208032],[28.7113294,47.1208021],[28.7113264,47.1208013],[28.7113233,47.1208006],[28.7113201,47.1208001],[28.7113169,47.1207998],[28.7113136,47.1207998],[28.7113104,47.1208],[28.7113072,47.1208004],[28.711304,47.120801],[28.711301,47.1208018],[28.7112981,47.1208028],[28.7112954,47.1208041],[28.7112928,47.1208055],[28.7112905,47.120807],[28.7112884,47.1208087],[28.7112747,47.1208211],[28.7112741,47.1208215],[28.711272,47.1208233],[28.7112702,47.1208251],[28.7112564,47.1208376],[28.711255,47.1208387],[28.7112529,47.1208404],[28.7112513,47.120842],[28.7112059,47.120883],[28.7112049,47.1208838],[28.7112047,47.1208838],[28.711202,47.1208835],[28.7112006,47.1208835],[28.7112001,47.1208835],[28.7111992,47.1208815],[28.711198,47.1208794],[28.7111965,47.1208775],[28.7111947,47.1208756],[28.7111927,47.1208739],[28.7111905,47.1208723],[28.711188,47.1208709],[28.7111784,47.1208659],[28.7111758,47.1208647],[28.711173,47.1208637],[28.7111701,47.1208628],[28.7111672,47.1208622],[28.7111641,47.1208617],[28.711161,47.1208614],[28.7111578,47.1208614],[28.7111547,47.1208615],[28.7111516,47.1208619],[28.7111486,47.1208624],[28.7111456,47.1208631],[28.7111428,47.1208641],[28.7111401,47.1208652],[28.7111376,47.1208665],[28.7111353,47.1208679],[28.7111331,47.1208695],[28.7111315,47.1208709],[28.7111292,47.120873],[28.7111291,47.1208731],[28.7111272,47.1208748],[28.7111255,47.1208765],[28.7111241,47.1208783],[28.7111234,47.1208792],[28.7111224,47.1208803],[28.7111166,47.1208856],[28.7111156,47.1208863],[28.7111137,47.1208869],[28.7111108,47.1208881],[28.7111087,47.1208892],[28.7111086,47.1208892],[28.7111083,47.1208891],[28.7111071,47.1208885],[28.7111043,47.1208873],[28.7111034,47.120887],[28.7111005,47.1208861],[28.7110975,47.1208853],[28.7110944,47.1208848],[28.7110913,47.1208845],[28.7110881,47.1208844],[28.7110849,47.1208844],[28.7110817,47.1208848],[28.7110786,47.1208853],[28.7110756,47.120886],[28.7110727,47.1208869],[28.7110699,47.120888],[28.7110673,47.1208893],[28.7110649,47.1208907],[28.7110627,47.1208923],[28.7110608,47.1208941],[28.7110493,47.1209053],[28.7110483,47.1209062],[28.7110478,47.1209064],[28.7110449,47.1209075],[28.7110423,47.1209088],[28.7110399,47.1209103],[28.711038,47.1209116],[28.711038,47.1209117],[28.7110378,47.1209116],[28.7110365,47.1209109],[28.7110337,47.1209098],[28.7110334,47.1209097],[28.7110248,47.1209057],[28.7110219,47.1209045],[28.7110189,47.1209035],[28.7110157,47.1209028],[28.7110124,47.1209022],[28.7110091,47.1209019],[28.7110057,47.1209019],[28.7110024,47.120902],[28.710999,47.1209024],[28.7109958,47.1209031],[28.7109927,47.1209039],[28.7109924,47.120904],[28.7109916,47.1209036],[28.7109902,47.1209031],[28.7109893,47.1209026]]],[[[28.7136891,47.118375],[28.7136902,47.118373],[28.7136904,47.1183725],[28.7136925,47.1183718],[28.7136953,47.1183707],[28.7136955,47.1183706],[28.7136958,47.1183705],[28.7136989,47.1183692],[28.7137017,47.1183677],[28.7137035,47.1183665],[28.7137027,47.1183674],[28.7137022,47.118368],[28.7137006,47.1183699],[28.7136993,47.118372],[28.7136983,47.1183741],[28.7136977,47.1183764],[28.7136977,47.1183764],[28.7136968,47.1183773],[28.7136927,47.118381],[28.7136917,47.1183818],[28.7136909,47.1183821],[28.7136882,47.1183831],[28.7136855,47.1183843],[28.7136831,47.1183856],[28.7136809,47.1183871],[28.7136789,47.1183888],[28.7136823,47.1183857],[28.713684,47.118384],[28.7136855,47.1183822],[28.7136867,47.1183803],[28.7136877,47.1183784],[28.7136884,47.1183764],[28.7136884,47.1183761],[28.7136891,47.118375]]],[[[28.713301,47.1185597],[28.713301,47.1185597],[28.7133207,47.1185418],[28.713301,47.1185597],[28.713301,47.1185597]]],[[[28.7120278,47.1198182],[28.7119925,47.1198517],[28.7119925,47.1198517],[28.7120278,47.1198182]]],[[[28.7133221,47.1185406],[28.7133207,47.1185418],[28.7133221,47.1185406],[28.7133221,47.1185406]]]]}},{"type":"Feature","id":17,"properties":{"vineyard_id":"V17","farm_id":"F12","area_m2":126.948,"n_parcels":1,"cadastral_codes":["80371140236"],"landuse_counts":{"Teren pentru grădini":1}},"geometry":{"type":"Polygon","coordinates":[[[28.7173672,47.1181825],[28.7173687,47.1181824],[28.7173719,47.1181821],[28.7173723,47.1181821],[28.7173852,47.1181813],[28.7173885,47.118181],[28.7173917,47.1181805],[28.7173948,47.1181797],[28.7173978,47.1181788],[28.7174006,47.1181776],[28.7174033,47.1181763],[28.7174057,47.1181748],[28.7174079,47.1181731],[28.7174099,47.1181713],[28.7174116,47.1181694],[28.717413,47.1181673],[28.717414,47.1181652],[28.7174148,47.118163],[28.7174152,47.1181608],[28.7174153,47.1181585],[28.7174159,47.1181809],[28.7174161,47.118183],[28.7174166,47.1181852],[28.7174174,47.1181873],[28.7174186,47.1181894],[28.71742,47.1181913],[28.7174217,47.1181932],[28.7174236,47.1181949],[28.7174258,47.1181966],[28.7174282,47.118198],[28.7174308,47.1181993],[28.7174336,47.1182004],[28.7174365,47.1182013],[28.7174395,47.118202],[28.7174426,47.1182026],[28.7174458,47.1182029],[28.717449,47.118203],[28.7174522,47.1182029],[28.7174554,47.1182025],[28.7174585,47.118202],[28.7174615,47.1182012],[28.7174644,47.1182003],[28.7174672,47.1181992],[28.7174697,47.1181979],[28.7174721,47.1181964],[28.7174743,47.1181948],[28.7174762,47.118193],[28.7174779,47.1181911],[28.7174792,47.1181892],[28.7174803,47.1181871],[28.7174811,47.118185],[28.7174816,47.1181834],[28.717482,47.1181827],[28.7174833,47.1181803],[28.7174841,47.1181778],[28.7174843,47.118177],[28.7174844,47.1181765],[28.7174847,47.1181765],[28.7174863,47.1181765],[28.7174895,47.1181763],[28.7174899,47.1181763],[28.7175056,47.1181758],[28.7175088,47.1181756],[28.717512,47.1181752],[28.7175151,47.1181745],[28.7175181,47.1181737],[28.7175209,47.1181727],[28.7175236,47.1181714],[28.7175262,47.11817],[28.7175284,47.1181685],[28.7175305,47.1181668],[28.7175323,47.118165],[28.7175339,47.118163],[28.7175351,47.118161],[28.7175361,47.1181589],[28.7175367,47.1181567],[28.717537,47.1181545],[28.717537,47.1181523],[28.7175366,47.1181463],[28.7175368,47.1181447],[28.7175368,47.1181424],[28.7175364,47.1181402],[28.7175363,47.1181398],[28.7175353,47.1181253],[28.7175353,47.1181238],[28.717535,47.118122],[28.7175349,47.1181204],[28.717535,47.11812],[28.717535,47.118118],[28.7175348,47.118116],[28.7175346,47.118115],[28.7175347,47.1181145],[28.7175348,47.1181124],[28.7175346,47.1181103],[28.7175344,47.1181093],[28.717534,47.1181069],[28.717534,47.1181067],[28.7175341,47.1181057],[28.7175341,47.1181056],[28.7175353,47.1181036],[28.7175362,47.1181016],[28.7175369,47.1180994],[28.7175372,47.1180973],[28.7175372,47.1180951],[28.7175371,47.1180932],[28.7175368,47.1180911],[28.7175362,47.118089],[28.7175353,47.1180869],[28.7175341,47.1180849],[28.7175327,47.118083],[28.7175324,47.1180827],[28.7175322,47.1180816],[28.7175321,47.118078],[28.7175322,47.1180769],[28.7175323,47.1180767],[28.7175331,47.1180755],[28.7175341,47.1180733],[28.7175349,47.118071],[28.7175352,47.1180687],[28.7175352,47.1180664],[28.7175322,47.1180207],[28.7175318,47.1180183],[28.7175311,47.118016],[28.71753,47.1180137],[28.7175286,47.1180115],[28.7175284,47.1180113],[28.7175281,47.1180108],[28.7175278,47.1180097],[28.7175267,47.1179994],[28.7175267,47.1179983],[28.7175273,47.1179975],[28.7175297,47.1179954],[28.7175301,47.117995],[28.7175303,47.1179948],[28.7175305,47.1179952],[28.717531,47.1179965],[28.7175313,47.1179971],[28.7175315,47.117998],[28.7175321,47.1180003],[28.717533,47.1180026],[28.717534,47.1180044],[28.7175345,47.1180053],[28.7175344,47.1180056],[28.7175338,47.1180065],[28.7175328,47.1180087],[28.7175322,47.1180109],[28.7175318,47.1180131],[28.7175318,47.1180154],[28.717535,47.1180623],[28.7175353,47.1180645],[28.7175359,47.1180667],[28.7175369,47.1180688],[28.7175381,47.1180709],[28.7175388,47.1180718],[28.717539,47.1180721],[28.7175392,47.1180732],[28.7175397,47.1180811],[28.7175397,47.1180822],[28.7175396,47.1180823],[28.7175387,47.1180838],[28.7175379,47.1180858],[28.7175373,47.1180879],[28.717537,47.11809],[28.717537,47.1180921],[28.7175371,47.1180936],[28.7175374,47.1180959],[28.7175381,47.1180981],[28.7175391,47.1181003],[28.7175404,47.1181025],[28.7175414,47.1181038],[28.7175415,47.1181047],[28.7175416,47.1181065],[28.7175415,47.118107],[28.7175415,47.1181093],[28.7175418,47.1181117],[28.7175422,47.1181136],[28.7175434,47.1181335],[28.7175434,47.118134],[28.7175434,47.1181359],[28.7175435,47.1181373],[28.7175433,47.1181395],[28.7175431,47.1181408],[28.7175431,47.1181431],[28.7175435,47.1181453],[28.7175437,47.1181459],[28.7175443,47.1181487],[28.7175449,47.1181586],[28.7175451,47.1181604],[28.7175453,47.1181615],[28.7175455,47.118167],[28.7175455,47.1181672],[28.7175454,47.1181694],[28.7175457,47.1181716],[28.717546,47.1181732],[28.717546,47.1181734],[28.7175459,47.1181759],[28.7175462,47.1181783],[28.7175466,47.1181802],[28.7175484,47.1182059],[28.7175482,47.1182072],[28.7175477,47.118209],[28.7175473,47.1182109],[28.7175471,47.1182112],[28.7175464,47.1182132],[28.7175458,47.1182152],[28.7175456,47.1182172],[28.7175456,47.1182192],[28.7175457,47.1182212],[28.717546,47.1182234],[28.7175466,47.1182255],[28.7175475,47.1182276],[28.7175487,47.1182296],[28.7175496,47.1182308],[28.7175497,47.118231],[28.7175499,47.1182321],[28.7175511,47.1182503],[28.7175508,47.118253],[28.7175492,47.1182584],[28.7175488,47.11826],[28.7175485,47.1182617],[28.7175484,47.1182635],[28.717548,47.1182635],[28.7175475,47.1182635],[28.7175458,47.1182636],[28.7175447,47.1182637],[28.7175445,47.1182637],[28.7175445,47.1182637],[28.7174955,47.1182644],[28.7174953,47.1182644],[28.7174917,47.1182643],[28.7174907,47.1182644],[28.7174906,47.1182644],[28.7174877,47.1182644],[28.7174848,47.1182645],[28.7174844,47.1182646],[28.7174623,47.1182649],[28.7174619,47.1182649],[28.7174588,47.1182648],[28.7174564,47.1182649],[28.7174548,47.1182649],[28.7174515,47.118265],[28.7174512,47.1182651],[28.7174235,47.1182655],[28.7174232,47.1182655],[28.71742,47.1182654],[28.7174178,47.1182655],[28.717416,47.1182655],[28.7174127,47.1182656],[28.7174124,47.1182656],[28.7173827,47.1182661],[28.7173801,47.118266],[28.717379,47.1182661],[28.7173774,47.1182661],[28.7173772,47.1182651],[28.7173669,47.1181835],[28.7173669,47.1181825],[28.7173672,47.1181825]]]}},{"type":"Feature","id":18,"properties":{"vineyard_id":"V18","farm_id":"F13","area_m2":1610.963,"n_parcels":1,"cadastral_codes":["80371150067"],"landuse_counts":{"Teren pentru grădini":1}},"geometry":{"type":"Polygon","coordinates":[[[28.7107764,47.1183645],[28.7107762,47.1183644],[28.7107755,47.118364],[28.7107743,47.1183634],[28.710775,47.1183625],[28.710924,47.1182161],[28.7109249,47.1182153],[28.7109271,47.1182134],[28.7109289,47.1182113],[28.7109293,47.1182109],[28.7109304,47.1182097],[28.7109311,47.1182091],[28.7109328,47.1182075],[28.7109344,47.1182059],[28.7109347,47.1182054],[28.7109447,47.1181955],[28.7109451,47.1181952],[28.7109471,47.1181934],[28.7109488,47.1181916],[28.7109492,47.1181912],[28.7109604,47.1181802],[28.7109624,47.1181786],[28.7109644,47.1181768],[28.7109661,47.1181749],[28.7109674,47.1181733],[28.7109696,47.1181711],[28.7109722,47.1181691],[28.7109742,47.1181673],[28.7109759,47.1181654],[28.7109776,47.1181633],[28.7110198,47.1181217],[28.7110213,47.1181205],[28.711024,47.1181181],[28.7110262,47.1181156],[28.711028,47.1181141],[28.7110299,47.1181127],[28.7110318,47.1181108],[28.7110335,47.1181089],[28.7110338,47.1181085],[28.7110388,47.1181032],[28.7110399,47.1181022],[28.7110415,47.1181007],[28.7110429,47.1180991],[28.7110431,47.1180988],[28.7111059,47.1180372],[28.7111066,47.1180367],[28.711109,47.1180345],[28.7111111,47.1180322],[28.7111111,47.1180322],[28.7111121,47.1180311],[28.711113,47.1180304],[28.7111147,47.1180289],[28.7111161,47.1180274],[28.7111164,47.118027],[28.7111183,47.1180253],[28.7111201,47.1180234],[28.7111208,47.1180225],[28.711129,47.1180148],[28.7111303,47.1180134],[28.7111339,47.1180098],[28.7111362,47.1180079],[28.7111385,47.1180058],[28.7111464,47.1179975],[28.7111467,47.1179972],[28.7111491,47.1179949],[28.7111498,47.1179941],[28.7111601,47.1179848],[28.7111615,47.1179837],[28.7111663,47.1179803],[28.7111684,47.1179787],[28.7111703,47.1179769],[28.7111719,47.1179751],[28.7111732,47.1179731],[28.7111743,47.1179711],[28.7111749,47.1179696],[28.7111757,47.1179686],[28.7112051,47.1179397],[28.7112053,47.1179395],[28.7112074,47.1179377],[28.7112092,47.1179358],[28.7112095,47.1179353],[28.7112123,47.1179326],[28.7112135,47.1179315],[28.711214,47.1179309],[28.7112158,47.1179292],[28.7112159,47.1179291],[28.711218,47.1179272],[28.7112199,47.1179252],[28.7112204,47.1179246],[28.7112391,47.1179062],[28.7112395,47.1179059],[28.7112415,47.1179041],[28.7112428,47.1179028],[28.7112442,47.1179016],[28.711246,47.1178999],[28.7112477,47.117898],[28.7112477,47.117898],[28.7112493,47.1178977],[28.7112497,47.1178977],[28.7112527,47.1178972],[28.7112533,47.1178972],[28.7112545,47.1178973],[28.7112574,47.1178974],[28.7112603,47.1178974],[28.711263,47.1178973],[28.7112643,47.1178972],[28.7112643,47.1178972],[28.7112681,47.117897],[28.7112696,47.117897],[28.7112732,47.1178969],[28.7112739,47.1178968],[28.7113056,47.1178963],[28.7113064,47.1178964],[28.711309,47.1178964],[28.7113116,47.1178964],[28.7113129,47.1178963],[28.711314,47.1178963],[28.7113178,47.1178962],[28.7113185,47.1178961],[28.7113571,47.1178956],[28.711358,47.1178956],[28.7113609,47.1178957],[28.7113638,47.1178956],[28.7113641,47.1178955],[28.7113657,47.1178956],[28.7113692,47.1178954],[28.71137,47.1178954],[28.7114095,47.1178948],[28.7114103,47.1178948],[28.7114131,47.1178949],[28.7114159,47.1178948],[28.7114166,47.1178947],[28.711418,47.1178948],[28.7114217,47.1178946],[28.7114224,47.1178946],[28.7114608,47.117894],[28.7114617,47.117894],[28.7114645,47.1178941],[28.7114673,47.117894],[28.7114679,47.117894],[28.7114694,47.117894],[28.711473,47.1178939],[28.7114737,47.1178938],[28.7115144,47.1178932],[28.7115152,47.1178932],[28.7115181,47.1178933],[28.711521,47.1178932],[28.7115214,47.1178932],[28.711523,47.1178932],[28.7115265,47.1178931],[28.7115273,47.117893],[28.7115642,47.1178925],[28.7115651,47.1178925],[28.7115679,47.1178926],[28.7115708,47.1178925],[28.7115713,47.1178924],[28.7115728,47.1178925],[28.7115764,47.1178923],[28.7115771,47.1178923],[28.7116138,47.1178917],[28.7116146,47.1178918],[28.7116176,47.1178918],[28.7116205,47.1178917],[28.7116207,47.1178917],[28.7116224,47.1178917],[28.7116259,47.1178916],[28.7116266,47.1178915],[28.711665,47.117891],[28.7116658,47.117891],[28.7116688,47.1178911],[28.7116712,47.117891],[28.7116713,47.1178916],[28.7116719,47.1178939],[28.7116721,47.1178945],[28.7116722,47.1178949],[28.7116714,47.1178958],[28.7116563,47.1179115],[28.711655,47.1179126],[28.7116531,47.1179144],[28.7116515,47.1179162],[28.7116507,47.1179172],[28.711641,47.1179273],[28.71164,47.1179281],[28.7116397,47.1179283],[28.7116371,47.1179294],[28.7116346,47.1179307],[28.7116323,47.1179321],[28.7116303,47.1179337],[28.7116284,47.1179355],[28.7116187,47.1179455],[28.7116171,47.1179474],[28.7116157,47.1179495],[28.7116147,47.1179516],[28.7116139,47.1179537],[28.7116135,47.1179558],[28.7116135,47.1179558],[28.7116127,47.1179568],[28.7115917,47.1179786],[28.7115904,47.1179798],[28.7115901,47.11798],[28.711588,47.1179817],[28.7115861,47.1179836],[28.7115858,47.1179841],[28.7115846,47.1179848],[28.7115824,47.1179861],[28.7115804,47.1179875],[28.7115787,47.117989],[28.7115779,47.1179898],[28.7115771,47.1179905],[28.7115751,47.1179925],[28.7115735,47.1179947],[28.7115724,47.1179964],[28.7115717,47.1179973],[28.7115711,47.1179977],[28.7115684,47.1179994],[28.711566,47.1180013],[28.7115653,47.1180019],[28.7115634,47.1180038],[28.7115617,47.1180058],[28.7115604,47.1180079],[28.7115594,47.1180101],[28.7115592,47.1180107],[28.7115586,47.1180124],[28.7115579,47.1180134],[28.7115522,47.1180196],[28.7115507,47.1180209],[28.7115491,47.1180226],[28.7115476,47.1180243],[28.7115475,47.1180245],[28.7115434,47.1180287],[28.7115424,47.1180296],[28.7115408,47.1180315],[28.7115407,47.1180316],[28.7115348,47.1180376],[28.7115344,47.1180379],[28.7115327,47.1180394],[28.7115313,47.1180408],[28.7115292,47.1180431],[28.7115283,47.1180444],[28.7114899,47.1180844],[28.7114884,47.1180857],[28.7114865,47.1180873],[28.7114848,47.118089],[28.7114838,47.1180903],[28.7114828,47.1180915],[28.7114804,47.1180933],[28.7114783,47.1180949],[28.7114764,47.1180967],[28.7114748,47.1180986],[28.7114735,47.1181006],[28.7114735,47.1181007],[28.7114724,47.1181022],[28.711464,47.1181113],[28.7114633,47.1181118],[28.7114616,47.1181135],[28.7114601,47.1181153],[28.7114599,47.1181154],[28.7114398,47.1181364],[28.7114381,47.1181378],[28.711436,47.1181397],[28.7114342,47.1181418],[28.7114331,47.1181434],[28.7114117,47.1181656],[28.71141,47.118167],[28.7114077,47.1181692],[28.7114073,47.1181697],[28.7114049,47.1181724],[28.7114033,47.1181738],[28.7114016,47.1181757],[28.7114006,47.1181771],[28.7113891,47.1181889],[28.711388,47.1181897],[28.7113867,47.1181904],[28.7113842,47.1181919],[28.711382,47.1181936],[28.71138,47.1181954],[28.7113783,47.1181973],[28.7113769,47.1181993],[28.7113758,47.1182014],[28.7113749,47.1182035],[28.7113741,47.1182044],[28.7113705,47.1182081],[28.7113701,47.1182085],[28.7113686,47.11821],[28.7113672,47.1182112],[28.7113651,47.1182132],[28.7113536,47.1182258],[28.7113526,47.1182267],[28.7113522,47.118227],[28.7113499,47.1182284],[28.7113479,47.11823],[28.7113461,47.1182317],[28.7113446,47.1182335],[28.7113433,47.1182354],[28.7113424,47.1182372],[28.7113416,47.1182382],[28.7113252,47.1182551],[28.7113224,47.1182574],[28.7113205,47.1182592],[28.7113189,47.118261],[28.7113176,47.1182629],[28.7113165,47.1182644],[28.7112704,47.1183124],[28.7112702,47.1183125],[28.7112679,47.1183147],[28.711266,47.1183171],[28.7112649,47.1183188],[28.7112452,47.1183415],[28.7112439,47.1183427],[28.711242,47.1183446],[28.7112405,47.1183467],[28.7112401,47.1183473],[28.7112316,47.1183572],[28.7112306,47.1183581],[28.711229,47.1183582],[28.7112276,47.1183582],[28.7112265,47.1183582],[28.7112233,47.1183581],[28.7112202,47.1183583],[28.7112196,47.1183583],[28.7111744,47.118359],[28.7111743,47.118359],[28.7111733,47.118359],[28.7111727,47.118359],[28.7111694,47.118359],[28.7111685,47.118359],[28.7111678,47.118359],[28.7111651,47.118359],[28.7111622,47.1183592],[28.7111616,47.1183592],[28.7111152,47.1183599],[28.711115,47.1183599],[28.71111,47.11836],[28.711107,47.1183599],[28.7111039,47.1183601],[28.7110827,47.1183604],[28.7110811,47.1183603],[28.7110796,47.1183598],[28.7110696,47.1183552],[28.7110687,47.1183547],[28.7110684,47.1183546],[28.7110667,47.1183538],[28.7110657,47.1183533],[28.7110645,47.1183527],[28.7110636,47.1183523],[28.7110609,47.1183511],[28.7110556,47.1183486],[28.7110528,47.1183474],[28.7110499,47.1183464],[28.7110468,47.1183457],[28.7110437,47.1183451],[28.7110405,47.1183447],[28.7110372,47.1183446],[28.7110339,47.1183447],[28.7110307,47.118345],[28.7110275,47.1183455],[28.7110244,47.1183462],[28.7110215,47.1183472],[28.7110187,47.1183483],[28.7110184,47.1183484],[28.7110181,47.1183485],[28.711019,47.1183467],[28.7110198,47.1183446],[28.7110203,47.1183424],[28.7110204,47.118342],[28.7110205,47.1183417],[28.7110212,47.1183408],[28.7110223,47.1183387],[28.7110231,47.1183366],[28.7110236,47.1183344],[28.7110238,47.1183322],[28.7110236,47.11833],[28.7110232,47.1183278],[28.7110224,47.1183257],[28.7110213,47.1183236],[28.71102,47.1183216],[28.7110183,47.1183197],[28.7110164,47.1183179],[28.7110142,47.1183162],[28.7110118,47.1183147],[28.7110092,47.1183134],[28.7110078,47.1183128],[28.7110076,47.1183126],[28.711005,47.1183113],[28.7110036,47.1183107],[28.7110034,47.1183106],[28.7110034,47.1183105],[28.7110035,47.1183086],[28.7110034,47.1183075],[28.7110035,47.1183072],[28.7110037,47.1183067],[28.7110038,47.1183065],[28.7110048,47.1183045],[28.7110056,47.1183024],[28.711006,47.1183002],[28.7110062,47.118298],[28.711006,47.1182958],[28.7110055,47.1182937],[28.7110048,47.1182915],[28.7110037,47.1182895],[28.7110023,47.1182875],[28.7110007,47.1182856],[28.7109988,47.1182839],[28.7109966,47.1182823],[28.7109943,47.1182808],[28.7109917,47.1182795],[28.7109872,47.1182774],[28.710986,47.1182768],[28.7109836,47.1182757],[28.7109831,47.1182754],[28.7109826,47.1182752],[28.7109814,47.1182746],[28.7109806,47.1182742],[28.7109794,47.1182737],[28.7109757,47.118272],[28.7109729,47.1182708],[28.71097,47.1182699],[28.710967,47.1182691],[28.7109639,47.1182685],[28.7109607,47.1182682],[28.7109575,47.118268],[28.7109543,47.1182681],[28.7109511,47.1182684],[28.7109479,47.1182689],[28.7109449,47.1182696],[28.7109419,47.1182705],[28.7109391,47.1182716],[28.7109365,47.1182729],[28.7109341,47.1182743],[28.7109319,47.1182759],[28.7109299,47.1182777],[28.7109069,47.1183003],[28.7109058,47.1183013],[28.7109047,47.1183024],[28.7108915,47.1183151],[28.7108897,47.1183165],[28.7108877,47.1183179],[28.7108856,47.1183197],[28.7108839,47.1183216],[28.7108824,47.1183236],[28.7108816,47.1183249],[28.7108807,47.118326],[28.7108429,47.1183631],[28.7108419,47.1183639],[28.7108404,47.118364],[28.7108384,47.118364],[28.7108376,47.118364],[28.7108374,47.118364],[28.7108354,47.1183639],[28.7108316,47.1183641],[28.7108309,47.1183642],[28.710782,47.1183649],[28.7107815,47.1183649],[28.7107785,47.1183649],[28.7107784,47.1183649],[28.7107773,47.1183648],[28.7107764,47.1183645]]]}},{"type":"Feature","id":19,"properties":{"vineyard_id":"V19","farm_id":"F14","area_m2":2062.678,"n_parcels":10,"cadastral_codes":["80371140206","80371140207","80371140208","80371140209","80371140210","80371140211","80371140212","80371140213","80371140214","80371140506"],"landuse_counts":{"Teren pentru grădini":10}},"geometry":{"type":"Polygon","coordinates":[[[28.7161439,47.1182836],[28.7161435,47.1182833],[28.7161441,47.1182823],[28.7163002,47.1180798],[28.7163009,47.118079],[28.716301,47.1180788],[28.7163026,47.118077],[28.7163032,47.1180761],[28.7163109,47.118066],[28.7163128,47.1180639],[28.7163144,47.1180616],[28.7163147,47.118061],[28.7163175,47.1180574],[28.7163191,47.1180557],[28.7163208,47.1180537],[28.7163222,47.1180516],[28.7163225,47.118051],[28.7163229,47.1180505],[28.7163231,47.1180503],[28.7163247,47.1180484],[28.716326,47.1180465],[28.7163747,47.1179833],[28.7163757,47.1179823],[28.7163774,47.1179802],[28.7163789,47.1179781],[28.7163795,47.117977],[28.7164017,47.1179488],[28.7164028,47.1179473],[28.7164035,47.1179461],[28.7164038,47.1179458],[28.7164051,47.1179442],[28.7164062,47.1179425],[28.7164063,47.1179423],[28.7164145,47.1179316],[28.716415,47.1179312],[28.7164167,47.1179292],[28.7164174,47.1179282],[28.7164192,47.1179259],[28.7164208,47.1179241],[28.716422,47.1179222],[28.7164289,47.1179131],[28.7164303,47.1179115],[28.716432,47.1179099],[28.7164337,47.1179079],[28.7164351,47.1179059],[28.7164368,47.1179028],[28.7164418,47.1178963],[28.7164438,47.1178942],[28.7164445,47.1178936],[28.7164461,47.1178918],[28.7164474,47.1178899],[28.7164485,47.117888],[28.7164488,47.1178875],[28.7164495,47.1178862],[28.7164798,47.117847],[28.7164803,47.1178465],[28.716482,47.1178445],[28.716483,47.1178431],[28.7164953,47.1178271],[28.7164959,47.1178264],[28.7164975,47.1178246],[28.7164985,47.1178231],[28.716499,47.1178225],[28.7164994,47.1178223],[28.716503,47.1178201],[28.7165048,47.1178188],[28.7165051,47.1178187],[28.7165061,47.1178186],[28.7165082,47.1178186],[28.7165123,47.1178184],[28.7165124,47.1178184],[28.7165457,47.1178179],[28.7165458,47.1178179],[28.7165488,47.117818],[28.7165495,47.1178179],[28.7165539,47.1178179],[28.7165579,47.1178177],[28.716558,47.1178177],[28.716566,47.1178176],[28.7165692,47.1178174],[28.7165723,47.1178171],[28.7165754,47.1178165],[28.7165784,47.1178158],[28.7165812,47.1178148],[28.7165839,47.1178137],[28.7165864,47.1178124],[28.7165887,47.1178109],[28.7165909,47.1178093],[28.7165927,47.1178076],[28.7165944,47.1178057],[28.7165957,47.1178038],[28.7165962,47.117803],[28.7165992,47.1177991],[28.7166012,47.117797],[28.7166029,47.117795],[28.7166043,47.1177929],[28.7166049,47.1177918],[28.7166106,47.1177844],[28.7166123,47.1177826],[28.7166141,47.1177805],[28.7166155,47.1177783],[28.7166156,47.1177783],[28.7166191,47.1177735],[28.71662,47.1177725],[28.7166203,47.1177723],[28.716622,47.1177711],[28.7166236,47.1177697],[28.7166242,47.1177691],[28.716626,47.1177672],[28.7166275,47.1177651],[28.7166287,47.1177631],[28.7166296,47.1177609],[28.7166301,47.1177593],[28.7166307,47.1177584],[28.7166324,47.1177561],[28.7166342,47.1177542],[28.7166359,47.1177523],[28.7166373,47.1177502],[28.7166383,47.1177485],[28.7166388,47.1177479],[28.7166402,47.1177464],[28.7166402,47.1177464],[28.7166422,47.1177443],[28.7166438,47.1177422],[28.7166454,47.1177398],[28.7166466,47.1177375],[28.7166475,47.1177351],[28.7166481,47.1177326],[28.7166482,47.1177301],[28.7166472,47.1176982],[28.7166473,47.1176963],[28.7166474,47.1176943],[28.7166472,47.1176923],[28.7166471,47.117692],[28.7166471,47.1176905],[28.716647,47.1176898],[28.716647,47.1176872],[28.7166467,47.117685],[28.7166455,47.1176472],[28.7166457,47.1176455],[28.7166456,47.1176424],[28.7166456,47.117642],[28.7166455,47.1176414],[28.7166454,47.1176401],[28.7166453,47.1176397],[28.7166454,47.1176373],[28.7166451,47.1176342],[28.7166451,47.117634],[28.7166428,47.1175631],[28.716643,47.1175613],[28.716643,47.1175593],[28.7166428,47.1175573],[28.7166426,47.1175564],[28.7166426,47.1175559],[28.7166425,47.1175524],[28.7166426,47.1175514],[28.7166431,47.1175506],[28.716662,47.1175263],[28.7166635,47.1175247],[28.7166649,47.1175226],[28.7166657,47.1175213],[28.7166698,47.117516],[28.7166707,47.1175151],[28.7166717,47.1175144],[28.716674,47.1175127],[28.7166761,47.1175108],[28.7166778,47.1175088],[28.7166792,47.1175066],[28.7166803,47.1175044],[28.7166811,47.1175021],[28.7166812,47.1175016],[28.7166817,47.1175007],[28.7166824,47.1174998],[28.7166836,47.1174983],[28.7166847,47.1174967],[28.7166847,47.1174967],[28.7166949,47.1174836],[28.7166958,47.1174826],[28.7166975,47.1174807],[28.716698,47.1174799],[28.7167107,47.1174632],[28.7167126,47.1174612],[28.7167143,47.1174591],[28.7167157,47.1174569],[28.7167158,47.1174568],[28.7167168,47.1174553],[28.7167351,47.1174317],[28.7167352,47.1174316],[28.716737,47.1174294],[28.7167374,47.1174288],[28.7167384,47.1174276],[28.7167394,47.1174268],[28.7167411,47.1174249],[28.7167426,47.117423],[28.7167438,47.1174209],[28.7167437,47.1174209],[28.7167446,47.1174195],[28.7167485,47.1174145],[28.7167489,47.117414],[28.7167507,47.117412],[28.7167521,47.1174099],[28.7167526,47.1174092],[28.716761,47.1173983],[28.7167634,47.1173958],[28.7167651,47.1173939],[28.7167664,47.1173919],[28.7167678,47.1173896],[28.7167739,47.1173815],[28.7167741,47.1173814],[28.7167763,47.1173786],[28.7167769,47.1173778],[28.7167774,47.1173772],[28.7167786,47.1173757],[28.7167791,47.117375],[28.7167948,47.1173547],[28.7167957,47.1173537],[28.7167981,47.1173535],[28.7167992,47.1173535],[28.7167995,47.1173534],[28.7168022,47.1173534],[28.7168062,47.1173533],[28.7168064,47.1173532],[28.7168611,47.1173524],[28.7168611,47.1173524],[28.7168641,47.1173525],[28.7168647,47.1173524],[28.7168694,47.1173524],[28.7168734,47.1173522],[28.7168734,47.1173522],[28.7169027,47.1173518],[28.7169027,47.1173518],[28.7169058,47.1173519],[28.7169064,47.1173518],[28.716911,47.1173518],[28.716915,47.1173516],[28.7169151,47.1173516],[28.7169441,47.1173512],[28.7169441,47.1173512],[28.7169471,47.1173512],[28.7169478,47.1173512],[28.7169523,47.1173512],[28.7169563,47.117351],[28.7169564,47.117351],[28.7169884,47.1173505],[28.7169885,47.1173505],[28.7169915,47.1173506],[28.7169921,47.1173505],[28.7169967,47.1173505],[28.7170007,47.1173503],[28.7170008,47.1173503],[28.7170323,47.1173499],[28.7170324,47.1173499],[28.7170354,47.1173499],[28.7170361,47.1173499],[28.7170405,47.1173499],[28.7170446,47.1173497],[28.7170447,47.1173497],[28.7170754,47.1173492],[28.7170754,47.1173492],[28.7170784,47.1173493],[28.7170792,47.1173492],[28.7170835,47.1173492],[28.7170876,47.117349],[28.7170877,47.117349],[28.7171154,47.1173486],[28.7171154,47.1173486],[28.7171184,47.1173487],[28.7171189,47.1173486],[28.7171214,47.1173486],[28.7171227,47.117349],[28.7171229,47.1173491],[28.7171242,47.1173496],[28.7171238,47.1173507],[28.7171237,47.117351],[28.7171226,47.1173525],[28.7171214,47.1173541],[28.7171213,47.1173543],[28.7171182,47.1173583],[28.7171173,47.1173593],[28.7171168,47.1173596],[28.7171157,47.1173604],[28.7171131,47.1173624],[28.7171131,47.1173624],[28.717111,47.1173638],[28.7171092,47.1173653],[28.7171075,47.1173669],[28.7171061,47.1173686],[28.7170996,47.1173771],[28.7170981,47.1173794],[28.7170969,47.1173818],[28.7170962,47.1173836],[28.7170956,47.1173856],[28.7170952,47.1173876],[28.7170952,47.1173882],[28.7170951,47.1173885],[28.7170945,47.1173895],[28.7170932,47.1173912],[28.7170915,47.1173932],[28.7170902,47.1173951],[28.717086,47.1174006],[28.7170832,47.1174035],[28.7170814,47.1174057],[28.7170799,47.1174079],[28.7170787,47.11741],[28.7170755,47.1174143],[28.7170741,47.1174158],[28.7170722,47.1174175],[28.7170705,47.1174195],[28.7170691,47.1174216],[28.717068,47.1174237],[28.7170679,47.117424],[28.7170669,47.1174255],[28.717063,47.1174303],[28.7170611,47.1174329],[28.7170607,47.1174337],[28.7169312,47.1176029],[28.7169303,47.1176038],[28.7169287,47.1176057],[28.7169274,47.1176077],[28.7169272,47.117608],[28.7168221,47.1177455],[28.716822,47.1177457],[28.7168214,47.1177464],[28.7168201,47.1177478],[28.7168187,47.1177498],[28.7168183,47.1177504],[28.7168022,47.1177714],[28.7168014,47.1177723],[28.7167997,47.1177743],[28.7167983,47.1177764],[28.7167981,47.1177767],[28.7167705,47.1178129],[28.7167704,47.117813],[28.71677,47.1178136],[28.7167691,47.1178144],[28.7167685,47.1178144],[28.7167672,47.1178145],[28.7167624,47.1178145],[28.7167585,47.1178147],[28.7167585,47.1178147],[28.7167441,47.1178149],[28.7167409,47.1178151],[28.7167378,47.1178154],[28.7167347,47.117816],[28.7167317,47.1178168],[28.7167288,47.1178178],[28.7167261,47.1178189],[28.7167235,47.1178202],[28.7167212,47.1178217],[28.7167191,47.1178234],[28.7167172,47.1178252],[28.7167165,47.117826],[28.7167161,47.1178264],[28.7167145,47.1178282],[28.7167131,47.1178302],[28.716713,47.1178304],[28.7167129,47.1178306],[28.7167113,47.1178324],[28.7167099,47.1178343],[28.7167097,47.1178346],[28.7167062,47.1178391],[28.7167052,47.1178401],[28.7167036,47.1178413],[28.7167017,47.1178431],[28.7167,47.117845],[28.7166987,47.117847],[28.7166976,47.1178491],[28.7166972,47.1178502],[28.7166964,47.1178515],[28.7166952,47.1178531],[28.7166923,47.117856],[28.7166905,47.117858],[28.716689,47.1178602],[28.7166883,47.1178615],[28.7166623,47.1178958],[28.7166617,47.1178964],[28.7166597,47.1178988],[28.7166586,47.1179005],[28.7166576,47.1179019],[28.7166563,47.1179039],[28.7166552,47.117906],[28.7166545,47.1179081],[28.7166541,47.1179103],[28.716654,47.1179125],[28.7166553,47.1179507],[28.7166551,47.1179526],[28.716655,47.1179545],[28.7166552,47.1179565],[28.7166553,47.1179568],[28.7166553,47.1179572],[28.7166542,47.1179591],[28.716653,47.1179613],[28.7166523,47.1179636],[28.7166518,47.1179659],[28.7166518,47.1179666],[28.7166517,47.117967],[28.7166511,47.1179681],[28.7166476,47.1179726],[28.716646,47.1179742],[28.7166442,47.1179763],[28.7166428,47.1179784],[28.7166419,47.1179799],[28.71664,47.1179824],[28.7166394,47.117983],[28.7166377,47.1179849],[28.7166368,47.1179864],[28.7166311,47.1179938],[28.7166303,47.1179946],[28.7166287,47.1179963],[28.7166272,47.1179981],[28.7166265,47.1179994],[28.716626,47.118],[28.716624,47.1180025],[28.7166232,47.1180037],[28.716622,47.118005],[28.7166206,47.1180068],[28.7166196,47.1180083],[28.7166171,47.1180112],[28.7166159,47.1180127],[28.7166149,47.1180142],[28.7166141,47.1180155],[28.716607,47.1180248],[28.7166064,47.1180254],[28.7166048,47.1180273],[28.7166037,47.1180289],[28.7165947,47.1180405],[28.7165947,47.1180405],[28.716593,47.1180424],[28.7165916,47.1180445],[28.7165916,47.1180445],[28.7165733,47.118068],[28.7165729,47.1180686],[28.7165536,47.1180935],[28.7165528,47.1180943],[28.7165512,47.1180961],[28.7165499,47.1180981],[28.7165495,47.1180986],[28.7164991,47.1181635],[28.716499,47.1181635],[28.7164974,47.1181654],[28.7164965,47.1181667],[28.7164833,47.1181837],[28.7164826,47.1181844],[28.7164806,47.1181867],[28.7164791,47.1181891],[28.7164789,47.1181895],[28.7164653,47.1182068],[28.7164653,47.1182069],[28.7164637,47.1182086],[28.7164624,47.1182105],[28.7164623,47.1182105],[28.7164621,47.1182108],[28.7164612,47.1182117],[28.71646,47.1182125],[28.7164577,47.1182142],[28.7164556,47.118216],[28.7164539,47.1182179],[28.7164524,47.11822],[28.7164522,47.1182204],[28.7164509,47.1182221],[28.7164495,47.1182242],[28.7164483,47.1182264],[28.7164475,47.1182287],[28.7164472,47.1182299],[28.7164466,47.118231],[28.7164303,47.1182519],[28.7164301,47.1182521],[28.7164286,47.1182538],[28.7164274,47.1182556],[28.7164273,47.1182557],[28.716426,47.1182575],[28.7164248,47.1182587],[28.7164241,47.1182592],[28.7164222,47.118261],[28.7164206,47.118263],[28.7164193,47.118265],[28.7164189,47.1182659],[28.7164175,47.1182683],[28.7164086,47.1182797],[28.7164078,47.1182806],[28.7164076,47.1182806],[28.7164057,47.1182807],[28.7164017,47.1182807],[28.7163976,47.1182808],[28.7163974,47.1182809],[28.7163647,47.1182813],[28.7163614,47.1182813],[28.7163611,47.1182813],[28.7163605,47.1182813],[28.7163569,47.1182813],[28.7163529,47.1182815],[28.7163527,47.1182815],[28.7163216,47.118282],[28.7163214,47.118282],[28.7163183,47.118282],[28.7163174,47.118282],[28.7163151,47.118282],[28.7163151,47.118282],[28.716311,47.1182821],[28.7163109,47.1182822],[28.7162778,47.1182826],[28.7162776,47.1182827],[28.7162751,47.1182827],[28.7162743,47.1182827],[28.7162721,47.1182826],[28.7162712,47.1182826],[28.7162673,47.1182828],[28.7162672,47.1182828],[28.7162356,47.1182833],[28.7162355,47.1182833],[28.7162326,47.1182833],[28.7162318,47.1182833],[28.7162296,47.1182832],[28.7162289,47.1182832],[28.7162248,47.1182834],[28.7162248,47.1182834],[28.716195,47.1182839],[28.7161944,47.1182839],[28.7161925,47.1182839],[28.7161916,47.1182839],[28.7161894,47.1182838],[28.7161887,47.1182839],[28.7161847,47.118284],[28.7161845,47.118284],[28.7161521,47.1182845],[28.7161501,47.1182845],[28.7161492,47.1182845],[28.7161482,47.1182845],[28.7161464,47.1182845],[28.7161462,47.1182845],[28.7161456,47.1182842],[28.7161439,47.1182836]]]}},{"type":"Feature","id":20,"properties":{"vineyard_id":"V20","farm_id":"F16","area_m2":612.287,"n_parcels":2,"cadastral_codes":["80371140162","80371140163"],"landuse_counts":{"Teren pentru grădini":2}},"geometry":{"type":"Polygon","coordinates":[[[28.7126875,47.1175522],[28.7126886,47.1175513],[28.7126897,47.1175504],[28.7126899,47.1175502],[28.7126905,47.11755],[28.7126907,47.1175499],[28.7126936,47.1175489],[28.7126962,47.1175476],[28.7126987,47.1175462],[28.712701,47.1175447],[28.7127167,47.1175326],[28.712717,47.1175324],[28.7127192,47.1175309],[28.7127206,47.1175297],[28.7127209,47.1175295],[28.712721,47.1175295],[28.7127227,47.1175285],[28.7127236,47.1175281],[28.7127263,47.1175266],[28.7127287,47.117525],[28.7127416,47.1175153],[28.7127419,47.1175151],[28.7127442,47.1175136],[28.7127452,47.1175127],[28.7127455,47.1175125],[28.712747,47.1175119],[28.7127497,47.1175107],[28.7127522,47.1175093],[28.7127545,47.1175077],[28.712767,47.1174983],[28.7127672,47.1174982],[28.7127695,47.1174966],[28.7127705,47.1174958],[28.7127707,47.1174956],[28.7127719,47.1174962],[28.7127774,47.1174996],[28.7127798,47.117501],[28.7127824,47.1175021],[28.7127846,47.1175029],[28.7127854,47.1175033],[28.7127867,47.1175042],[28.7127886,47.1175059],[28.7127908,47.1175076],[28.7127932,47.1175092],[28.7127959,47.1175106],[28.7127988,47.1175118],[28.7128018,47.1175128],[28.7128046,47.1175135],[28.7128065,47.1175141],[28.7128072,47.1175144],[28.7128088,47.1175161],[28.7128093,47.1175166],[28.7128111,47.1175187],[28.712813,47.1175208],[28.7128153,47.1175227],[28.7128178,47.1175244],[28.7128179,47.1175244],[28.7128207,47.117526],[28.7128237,47.1175273],[28.7128243,47.1175275],[28.7128243,47.1175275],[28.7128272,47.1175286],[28.7128284,47.1175293],[28.7128316,47.1175315],[28.7128327,47.1175323],[28.7128349,47.1175338],[28.7128374,47.1175351],[28.71284,47.1175362],[28.7128427,47.1175372],[28.7128456,47.117538],[28.7128456,47.117538],[28.7128462,47.1175382],[28.7128468,47.1175385],[28.7128472,47.1175388],[28.7128475,47.1175392],[28.7128478,47.1175397],[28.7128492,47.1175416],[28.71285,47.1175425],[28.7128519,47.1175446],[28.7128541,47.1175465],[28.7128567,47.1175482],[28.7128701,47.1175565],[28.7128728,47.117558],[28.7128757,47.1175592],[28.7128787,47.1175603],[28.7128819,47.1175612],[28.7128844,47.1175616],[28.7128846,47.1175617],[28.7128857,47.1175621],[28.7128866,47.1175627],[28.7128883,47.1175644],[28.7128905,47.1175662],[28.7128929,47.1175679],[28.7128956,47.1175693],[28.7128985,47.1175706],[28.7128994,47.1175709],[28.7129007,47.1175716],[28.7129021,47.1175726],[28.712904,47.1175739],[28.7129062,47.1175752],[28.7129064,47.1175752],[28.7129067,47.1175755],[28.7129072,47.1175763],[28.7129086,47.1175782],[28.7129102,47.11758],[28.712912,47.1175817],[28.7129142,47.1175833],[28.7129165,47.1175848],[28.712919,47.1175861],[28.7129216,47.1175872],[28.7129244,47.1175881],[28.7129272,47.117589],[28.7129301,47.1175901],[28.7129313,47.1175906],[28.7129323,47.1175913],[28.7129334,47.1175922],[28.7129345,47.1175933],[28.7129364,47.1175949],[28.7129384,47.1175964],[28.7129407,47.1175978],[28.7129427,47.1175988],[28.7129441,47.1175997],[28.7129463,47.1176009],[28.7129486,47.1176019],[28.7129501,47.1176025],[28.7129515,47.1176038],[28.7129522,47.1176047],[28.7129544,47.1176065],[28.7129568,47.1176082],[28.7129594,47.1176096],[28.7129622,47.1176109],[28.7129647,47.1176119],[28.7129661,47.1176127],[28.7129686,47.117614],[28.7129713,47.1176151],[28.7129718,47.1176152],[28.7129723,47.1176155],[28.7129727,47.1176157],[28.7129735,47.1176164],[28.7129758,47.117618],[28.7129773,47.117619],[28.7129792,47.1176207],[28.7129814,47.1176225],[28.712984,47.1176242],[28.7129863,47.1176256],[28.712988,47.1176269],[28.7129882,47.1176271],[28.7129904,47.1176288],[28.7129928,47.1176305],[28.7129955,47.1176319],[28.7129984,47.1176332],[28.7129999,47.1176337],[28.7129999,47.1176338],[28.7130026,47.1176352],[28.7130055,47.1176365],[28.7130057,47.1176365],[28.7130066,47.1176371],[28.7130122,47.1176406],[28.7130134,47.1176415],[28.7130159,47.1176432],[28.7130186,47.1176447],[28.7130216,47.117646],[28.7130225,47.1176463],[28.7130226,47.1176464],[28.7130237,47.1176471],[28.7130244,47.1176476],[28.7130245,47.1176477],[28.7130255,47.1176486],[28.7130271,47.1176502],[28.7130291,47.1176519],[28.7130314,47.1176535],[28.7130339,47.1176549],[28.7130365,47.1176561],[28.7130393,47.1176572],[28.7130419,47.1176581],[28.7130431,47.1176587],[28.7130461,47.1176605],[28.7130484,47.1176623],[28.7130502,47.117664],[28.7130514,47.1176654],[28.7130514,47.1176654],[28.713053,47.1176674],[28.7130548,47.1176692],[28.7130569,47.1176709],[28.7130592,47.1176725],[28.7131071,47.1177019],[28.7131096,47.1177033],[28.7131122,47.1177045],[28.713115,47.1177055],[28.7131179,47.1177063],[28.7131209,47.1177069],[28.7131216,47.1177071],[28.7131226,47.1177076],[28.7131235,47.1177083],[28.7131241,47.117709],[28.7131257,47.1177109],[28.7131275,47.1177126],[28.7131296,47.1177141],[28.7131318,47.1177156],[28.7131343,47.1177169],[28.7131369,47.117718],[28.7131397,47.1177189],[28.7131408,47.1177192],[28.7131419,47.1177197],[28.7131449,47.1177213],[28.7131451,47.1177214],[28.7131465,47.1177225],[28.7131468,47.1177228],[28.7131488,47.1177245],[28.713151,47.1177261],[28.7131534,47.1177276],[28.713156,47.1177288],[28.7131588,47.1177299],[28.7131593,47.1177301],[28.7131604,47.1177307],[28.7131645,47.1177332],[28.713167,47.1177351],[28.7131691,47.1177366],[28.7131715,47.1177379],[28.713173,47.1177386],[28.7131756,47.11774],[28.7131838,47.1177452],[28.7131848,47.1177459],[28.7131848,47.1177459],[28.7131867,47.1177478],[28.7131889,47.1177495],[28.7131914,47.1177511],[28.713194,47.1177525],[28.7131942,47.1177526],[28.7131963,47.1177537],[28.7131976,47.1177545],[28.7131996,47.1177556],[28.713202,47.1177567],[28.7132026,47.1177571],[28.7132046,47.1177591],[28.7132064,47.1177607],[28.7132083,47.1177622],[28.7132105,47.1177636],[28.7132129,47.1177648],[28.7132154,47.1177659],[28.7132154,47.1177659],[28.7132156,47.117766],[28.7132167,47.1177669],[28.7132187,47.1177683],[28.7132194,47.1177687],[28.7132219,47.1177704],[28.7132234,47.1177716],[28.7132253,47.1177731],[28.7132275,47.1177747],[28.71323,47.1177761],[28.7132326,47.1177773],[28.7132338,47.1177779],[28.7132345,47.1177782],[28.7132356,47.1177789],[28.7132365,47.1177796],[28.7132369,47.1177801],[28.7132375,47.1177808],[28.7132392,47.1177825],[28.7132412,47.117784],[28.7132433,47.1177854],[28.7132459,47.117787],[28.7132488,47.1177886],[28.713252,47.11779],[28.7132534,47.1177905],[28.7132585,47.1177923],[28.7132598,47.1177929],[28.7132611,47.1177943],[28.7132631,47.1177961],[28.7132654,47.1177978],[28.7132679,47.1177994],[28.7132706,47.1178007],[28.7132736,47.1178019],[28.7132738,47.117802],[28.7132752,47.1178026],[28.7132758,47.1178033],[28.7132771,47.1178048],[28.7132789,47.1178067],[28.7132809,47.1178084],[28.7132832,47.1178099],[28.7132864,47.1178119],[28.7132892,47.1178135],[28.7132922,47.1178148],[28.7132954,47.1178159],[28.7132961,47.117816],[28.7132975,47.1178167],[28.7132996,47.117818],[28.7133008,47.1178189],[28.7133012,47.1178194],[28.7133031,47.1178215],[28.7133054,47.1178233],[28.7133079,47.1178251],[28.7133216,47.1178335],[28.7133242,47.1178349],[28.713327,47.1178362],[28.71333,47.1178372],[28.7133327,47.117838],[28.7133327,47.117838],[28.713334,47.1178388],[28.7133356,47.11784],[28.7133379,47.1178422],[28.7133399,47.1178438],[28.713342,47.1178453],[28.7133444,47.1178467],[28.7133469,47.1178478],[28.7133496,47.1178489],[28.71335,47.117849],[28.7133514,47.1178496],[28.7133526,47.1178503],[28.7133532,47.117851],[28.7133548,47.1178527],[28.7133567,47.1178543],[28.7133587,47.1178558],[28.713361,47.1178572],[28.7133634,47.1178584],[28.713366,47.1178594],[28.7133687,47.1178603],[28.7133692,47.1178605],[28.7133716,47.1178612],[28.7133729,47.1178615],[28.7133734,47.1178617],[28.7133753,47.1178633],[28.7133773,47.1178648],[28.7133794,47.1178662],[28.7133818,47.1178674],[28.7133833,47.1178681],[28.7133845,47.1178687],[28.7133845,47.1178687],[28.7133862,47.1178703],[28.7133881,47.1178718],[28.7133902,47.1178732],[28.7133936,47.1178752],[28.7133949,47.1178762],[28.7133954,47.1178769],[28.7133972,47.1178788],[28.7133993,47.1178806],[28.7134016,47.1178823],[28.7134041,47.1178838],[28.7134069,47.1178851],[28.7134098,47.1178862],[28.7134129,47.1178871],[28.713413,47.1178871],[28.7134138,47.1178874],[28.713415,47.117888],[28.7134185,47.1178899],[28.7134197,47.1178908],[28.7134208,47.1178918],[28.7134229,47.1178933],[28.7134251,47.1178947],[28.7134275,47.117896],[28.7134301,47.1178971],[28.7134317,47.1178976],[28.7134319,47.1178977],[28.7134334,47.1178988],[28.7134346,47.1178998],[28.7134368,47.1179013],[28.7134384,47.1179022],[28.7134399,47.1179032],[28.7134411,47.1179043],[28.713443,47.1179059],[28.713445,47.1179073],[28.7134472,47.1179087],[28.7134496,47.1179099],[28.71345,47.11791],[28.7134504,47.1179102],[28.7134514,47.1179112],[28.7134526,47.1179126],[28.7134545,47.1179144],[28.7134565,47.1179161],[28.7134589,47.1179177],[28.7134793,47.1179302],[28.7134822,47.1179318],[28.7134853,47.1179332],[28.7134881,47.1179342],[28.7134894,47.117935],[28.7134915,47.1179366],[28.7134932,47.1179382],[28.7134953,47.1179399],[28.7134977,47.1179415],[28.7134991,47.1179424],[28.7135017,47.1179438],[28.7135046,47.1179451],[28.7135076,47.1179461],[28.713509,47.1179466],[28.7135096,47.1179469],[28.71351,47.1179471],[28.7135111,47.117948],[28.7135136,47.1179497],[28.7135163,47.1179512],[28.713517,47.1179515],[28.713518,47.1179527],[28.7135198,47.1179545],[28.7135219,47.1179562],[28.713524,47.1179577],[28.7135248,47.1179583],[28.7135232,47.117958],[28.7135201,47.1179576],[28.7135169,47.1179574],[28.7135136,47.1179574],[28.7135104,47.1179576],[28.7135073,47.117958],[28.7135042,47.1179587],[28.7135012,47.1179595],[28.7134984,47.1179606],[28.7134957,47.1179618],[28.7134932,47.1179632],[28.7134909,47.1179647],[28.713488,47.1179669],[28.7134877,47.1179671],[28.7134854,47.1179687],[28.7134841,47.1179698],[28.7134827,47.1179707],[28.7134806,47.1179725],[28.71348,47.1179731],[28.7134783,47.1179749],[28.7134768,47.1179767],[28.7134756,47.1179787],[28.7134747,47.1179807],[28.7134741,47.1179827],[28.7134737,47.1179848],[28.7134737,47.1179869],[28.7134739,47.117989],[28.7134743,47.1179906],[28.7134744,47.1179914],[28.7134736,47.1179921],[28.7134733,47.1179923],[28.713473,47.1179923],[28.7134717,47.1179919],[28.7134688,47.1179913],[28.7134658,47.1179909],[28.7134654,47.1179908],[28.7134642,47.1179901],[28.7134546,47.1179831],[28.7134543,47.1179829],[28.7134523,47.1179813],[28.7134501,47.1179798],[28.7134477,47.1179784],[28.7134451,47.1179773],[28.7134438,47.1179768],[28.7134427,47.1179761],[28.7134413,47.1179751],[28.7134386,47.1179734],[28.7134358,47.1179719],[28.7134327,47.1179706],[28.7134314,47.1179702],[28.7134305,47.1179695],[28.7134299,47.1179689],[28.7134293,47.1179683],[28.7134273,47.1179667],[28.7134251,47.1179652],[28.7134227,47.1179639],[28.7134202,47.1179627],[28.7134191,47.1179623],[28.7134176,47.1179616],[28.7134173,47.1179614],[28.713416,47.1179605],[28.7134157,47.1179602],[28.7134138,47.1179583],[28.7134117,47.1179565],[28.7134092,47.1179549],[28.7134066,47.1179535],[28.713394,47.1179474],[28.7133926,47.1179466],[28.713391,47.1179453],[28.7133884,47.1179436],[28.7133856,47.1179422],[28.713385,47.1179419],[28.7133838,47.1179412],[28.7133827,47.1179403],[28.713382,47.1179396],[28.7133799,47.1179375],[28.7133773,47.1179356],[28.7133745,47.1179339],[28.7133733,47.1179332],[28.7133725,47.1179327],[28.7133699,47.1179312],[28.7133671,47.1179298],[28.7133646,47.1179289],[28.7133636,47.1179284],[28.7133623,47.1179276],[28.7133618,47.1179272],[28.7133612,47.1179266],[28.7133591,47.1179247],[28.7133566,47.117923],[28.713354,47.1179214],[28.713351,47.1179201],[28.7133479,47.117919],[28.7133476,47.1179188],[28.7133445,47.1179172],[28.7133432,47.1179163],[28.7133408,47.1179147],[28.7133382,47.1179134],[28.7133371,47.1179129],[28.7133355,47.1179121],[28.7133338,47.1179109],[28.7133331,47.1179104],[28.7133305,47.1179085],[28.7133275,47.1179068],[28.7133244,47.1179053],[28.7133164,47.1179002],[28.7133152,47.1178992],[28.7133136,47.1178975],[28.7133117,47.1178958],[28.7133096,47.1178942],[28.7133072,47.1178927],[28.7133046,47.1178914],[28.7133019,47.1178903],[28.7133001,47.1178897],[28.713299,47.1178892],[28.713298,47.1178885],[28.7132952,47.1178865],[28.7132933,47.1178848],[28.7132911,47.117883],[28.7132886,47.1178814],[28.7132858,47.1178799],[28.7132828,47.1178787],[28.7132797,47.1178776],[28.7132785,47.1178773],[28.7132778,47.1178766],[28.7132758,47.1178749],[28.7132736,47.1178733],[28.7132712,47.1178719],[28.7132685,47.1178707],[28.7132657,47.1178696],[28.7132628,47.1178687],[28.7132598,47.117868],[28.7132567,47.1178676],[28.7132535,47.1178673],[28.7132503,47.1178672],[28.7132185,47.1178677],[28.7132172,47.1178677],[28.7132135,47.1178676],[28.7132117,47.1178677],[28.7132086,47.1178677],[28.7132078,47.1178677],[28.7132078,47.1178677],[28.7132047,47.1178676],[28.7132026,47.1178662],[28.7132008,47.117865],[28.7131987,47.1178639],[28.7131971,47.117863],[28.7131543,47.117837],[28.7131526,47.1178357],[28.7131525,47.1178356],[28.71315,47.1178338],[28.7131499,47.1178337],[28.7131497,47.1178335],[28.7131477,47.117832],[28.7131455,47.1178307],[28.7131431,47.1178295],[28.7131406,47.1178284],[28.7131398,47.1178281],[28.7131387,47.1178275],[28.7131311,47.1178224],[28.7131293,47.1178212],[28.7131273,47.1178202],[28.7131236,47.1178184],[28.7130953,47.1178011],[28.7130948,47.1178007],[28.7130926,47.1177992],[28.7130902,47.1177978],[28.7130886,47.117797],[28.7130761,47.1177894],[28.7130755,47.1177889],[28.7130728,47.1177872],[28.7130716,47.1177864],[28.7130696,47.1177851],[28.7130673,47.1177839],[28.7130667,47.1177836],[28.7130624,47.1177809],[28.7130622,47.1177807],[28.7130602,47.1177793],[28.7130581,47.117778],[28.7130559,47.1177768],[28.7130546,47.1177762],[28.7130511,47.1177741],[28.713048,47.117772],[28.7130462,47.1177708],[28.7130441,47.1177697],[28.7130428,47.117769],[28.7130349,47.1177643],[28.7130342,47.1177637],[28.7130319,47.1177622],[28.7130295,47.1177609],[28.7130286,47.1177604],[28.7129859,47.1177345],[28.7129836,47.1177328],[28.7129826,47.1177319],[28.7129804,47.1177304],[28.712978,47.1177291],[28.7129764,47.1177284],[28.7129738,47.1177271],[28.7129632,47.1177205],[28.7129621,47.1177197],[28.7129596,47.117718],[28.7129568,47.1177164],[28.7129556,47.1177158],[28.7129534,47.1177145],[28.7129523,47.1177137],[28.7129519,47.1177132],[28.7129501,47.1177114],[28.712948,47.1177097],[28.7129458,47.1177082],[28.7129433,47.1177068],[28.7129406,47.1177056],[28.7129378,47.1177046],[28.7129373,47.1177045],[28.7129358,47.1177038],[28.7129349,47.1177033],[28.7129335,47.1177021],[28.7129312,47.1177005],[28.7129286,47.1176991],[28.7129277,47.1176987],[28.7129262,47.1176979],[28.7129258,47.1176977],[28.7128986,47.1176812],[28.7128969,47.1176798],[28.7128947,47.1176784],[28.7128924,47.1176771],[28.7128918,47.1176768],[28.7128886,47.1176751],[28.7128758,47.1176673],[28.7128746,47.1176665],[28.7128739,47.1176659],[28.712872,47.1176645],[28.7128698,47.1176632],[28.7128623,47.1176589],[28.7128609,47.117658],[28.71286,47.1176571],[28.712858,47.1176556],[28.7128558,47.1176542],[28.7128535,47.117653],[28.712851,47.1176519],[28.7128501,47.1176516],[28.7128494,47.1176511],[28.7128491,47.1176509],[28.7128464,47.1176493],[28.7128464,47.1176492],[28.7128434,47.1176472],[28.712842,47.117646],[28.7128419,47.1176458],[28.7128401,47.1176441],[28.7128382,47.1176425],[28.712836,47.1176411],[28.7128339,47.1176399],[28.7128336,47.1176397],[28.7128314,47.1176382],[28.7128289,47.1176368],[28.7128263,47.1176357],[28.7128235,47.1176347],[28.7128228,47.1176344],[28.7128222,47.117634],[28.7128212,47.117633],[28.7128193,47.1176314],[28.7128171,47.11763],[28.7128148,47.1176286],[28.7128122,47.1176275],[28.7128096,47.1176265],[28.7128084,47.1176261],[28.7128071,47.1176254],[28.7128065,47.117625],[28.7128033,47.1176224],[28.7128008,47.1176206],[28.7127981,47.117619],[28.7127951,47.1176177],[28.7127942,47.1176173],[28.7127923,47.1176164],[28.7127829,47.1176106],[28.7127814,47.1176095],[28.7127812,47.1176093],[28.7127791,47.1176076],[28.7127768,47.117606],[28.7127743,47.1176046],[28.7127717,47.1176034],[28.7127704,47.117603],[28.7127688,47.1176021],[28.7127655,47.1176001],[28.7127637,47.1175988],[28.7127614,47.1175972],[28.7127588,47.1175958],[28.7127567,47.1175947],[28.7126886,47.1175529],[28.7126875,47.1175522]]]}},{"type":"Feature","id":21,"properties":{"vineyard_id":"V21","farm_id":"F15","area_m2":994.948,"n_parcels":3,"cadastral_codes":["80371140169","80371140170","80371140171"],"landuse_counts":{"Teren pentru grădini":3}},"geometry":{"type":"Polygon","coordinates":[[[28.714511,47.1180889],[28.7145112,47.1180887],[28.7145127,47.1180865],[28.7145138,47.1180843],[28.7145146,47.118082],[28.714515,47.1180798],[28.7145153,47.1180787],[28.7145161,47.1180778],[28.7145215,47.1180728],[28.7145216,47.1180727],[28.7145237,47.118071],[28.7145255,47.1180692],[28.714527,47.1180672],[28.7145274,47.1180666],[28.7145277,47.1180662],[28.7145286,47.1180654],[28.7145296,47.1180647],[28.7145315,47.1180632],[28.7145333,47.1180616],[28.7145348,47.1180598],[28.7145361,47.118058],[28.7145364,47.1180575],[28.7145368,47.1180572],[28.7145368,47.1180572],[28.7145387,47.1180555],[28.7145404,47.1180538],[28.7145413,47.1180526],[28.7145434,47.1180508],[28.7145448,47.1180492],[28.7145466,47.1180477],[28.7145483,47.1180464],[28.7145504,47.1180445],[28.7145521,47.1180425],[28.7145523,47.1180422],[28.7145532,47.1180412],[28.7145547,47.1180398],[28.7145563,47.1180381],[28.7145574,47.1180365],[28.7145582,47.1180357],[28.7145594,47.1180346],[28.7145605,47.1180339],[28.7145628,47.1180322],[28.7145648,47.1180303],[28.7145665,47.1180283],[28.7145671,47.1180274],[28.714568,47.1180264],[28.7145684,47.1180262],[28.7145707,47.1180244],[28.7145728,47.1180224],[28.7145745,47.1180203],[28.7145752,47.1180192],[28.7145754,47.1180189],[28.7145757,47.1180187],[28.7145779,47.118017],[28.7145798,47.1180152],[28.7145814,47.1180133],[28.7145827,47.1180112],[28.714583,47.1180107],[28.7145844,47.1180098],[28.7145864,47.1180083],[28.7145882,47.1180066],[28.7145898,47.1180049],[28.7145905,47.118004],[28.7145914,47.1180031],[28.7145929,47.1180019],[28.7145946,47.1180002],[28.7145961,47.1179983],[28.7145967,47.1179974],[28.7146011,47.1179925],[28.7146022,47.1179915],[28.7146037,47.1179907],[28.7146061,47.1179891],[28.7146083,47.1179875],[28.7146086,47.1179872],[28.7146105,47.1179854],[28.7146121,47.1179834],[28.7146135,47.1179814],[28.714614,47.1179805],[28.7146144,47.1179803],[28.7146147,47.1179801],[28.714617,47.1179788],[28.714619,47.1179773],[28.7146208,47.1179757],[28.7146218,47.1179747],[28.7146238,47.1179727],[28.7146244,47.1179722],[28.7146261,47.1179705],[28.7146275,47.1179687],[28.7146287,47.1179667],[28.7146296,47.1179648],[28.7146302,47.1179627],[28.7146306,47.1179607],[28.7146306,47.1179586],[28.7146298,47.1179329],[28.7146299,47.1179317],[28.71463,47.11793],[28.7146299,47.1179283],[28.7146299,47.1179277],[28.7146298,47.117927],[28.7146296,47.1179261],[28.7146298,47.1179235],[28.7146299,47.1179224],[28.7146307,47.1179215],[28.7146351,47.1179171],[28.7146358,47.1179164],[28.7146368,47.1179152],[28.7146399,47.117912],[28.7146406,47.1179112],[28.7146414,47.1179103],[28.714649,47.1179023],[28.7146506,47.117901],[28.7146526,47.1178991],[28.7146542,47.1178971],[28.7146546,47.1178966],[28.7146567,47.1178944],[28.714657,47.117894],[28.7146587,47.1178925],[28.71466,47.1178909],[28.7146652,47.1178857],[28.7146659,47.1178851],[28.7146679,47.1178833],[28.7146696,47.1178814],[28.7146715,47.1178791],[28.7146732,47.1178772],[28.7146746,47.1178752],[28.7146757,47.1178731],[28.7146765,47.117871],[28.714677,47.1178688],[28.7146771,47.1178666],[28.714677,47.1178644],[28.7146766,47.1178622],[28.7146758,47.1178601],[28.7146747,47.117858],[28.7146734,47.117856],[28.7146717,47.1178541],[28.7146698,47.1178524],[28.7146677,47.1178507],[28.7146653,47.1178492],[28.7146627,47.1178479],[28.71466,47.1178467],[28.7146578,47.1178459],[28.7146578,47.1178459],[28.7146555,47.1178448],[28.7146562,47.1178439],[28.7146658,47.1178338],[28.7146667,47.117833],[28.7146684,47.1178315],[28.7146699,47.1178299],[28.7146708,47.1178287],[28.7146809,47.1178188],[28.7146822,47.1178175],[28.7146839,47.1178156],[28.7146843,47.1178152],[28.7147247,47.1177747],[28.7147267,47.1177729],[28.714727,47.1177726],[28.7147304,47.117769],[28.7147322,47.1177675],[28.7147337,47.1177657],[28.7147374,47.117762],[28.7147393,47.1177604],[28.7147413,47.1177586],[28.714743,47.1177567],[28.7147437,47.1177558],[28.7147508,47.1177485],[28.7147521,47.1177474],[28.7147539,47.1177458],[28.7147555,47.117744],[28.7147561,47.1177433],[28.7147677,47.1177318],[28.7147708,47.1177294],[28.7147716,47.1177287],[28.7147726,47.1177278],[28.7147729,47.1177276],[28.7147741,47.1177271],[28.7147766,47.1177258],[28.7147789,47.1177244],[28.714781,47.1177228],[28.7147829,47.1177212],[28.7148007,47.1177033],[28.7148023,47.1177015],[28.7148037,47.1176997],[28.7148047,47.1176977],[28.7148056,47.1176958],[28.7148065,47.1176948],[28.7148081,47.1176931],[28.7148095,47.1176913],[28.7148102,47.1176901],[28.7148114,47.117688],[28.7148124,47.1176868],[28.7148944,47.1176046],[28.7148954,47.1176038],[28.7148971,47.1176022],[28.7148986,47.1176005],[28.7148986,47.1176004],[28.7149051,47.1175941],[28.7149053,47.1175939],[28.7149068,47.1175925],[28.7149083,47.1175911],[28.7149098,47.1175894],[28.7149113,47.1175881],[28.7149121,47.1175872],[28.7149121,47.1175872],[28.7149144,47.1175847],[28.7149156,47.1175836],[28.714917,47.1175821],[28.7149488,47.1175501],[28.7149501,47.117549],[28.7149507,47.1175483],[28.7149619,47.1175369],[28.7149637,47.1175353],[28.7149652,47.1175337],[28.7150105,47.1174883],[28.7150118,47.1174872],[28.7150137,47.1174855],[28.7150153,47.1174836],[28.7150158,47.1174831],[28.7150752,47.1174234],[28.7150765,47.1174223],[28.7150771,47.1174215],[28.7151101,47.1173885],[28.7151119,47.1173869],[28.7151134,47.1173852],[28.7151158,47.1173828],[28.715116,47.1173826],[28.7151179,47.117381],[28.7151195,47.1173792],[28.7151195,47.1173792],[28.7151199,47.1173788],[28.7151207,47.1173788],[28.7151217,47.1173787],[28.7151217,47.1173787],[28.7151255,47.1173785],[28.7151269,47.1173786],[28.7151306,47.1173784],[28.7151313,47.1173783],[28.715168,47.1173778],[28.7151688,47.1173778],[28.7151715,47.1173779],[28.7151743,47.1173778],[28.7151751,47.1173778],[28.7151765,47.1173778],[28.7151802,47.1173777],[28.7151809,47.1173776],[28.7152113,47.1173771],[28.7152121,47.1173772],[28.7152149,47.1173773],[28.7152176,47.1173772],[28.7152184,47.1173771],[28.7152198,47.1173772],[28.7152234,47.117377],[28.7152242,47.117377],[28.7152605,47.1173764],[28.7152614,47.1173764],[28.7152641,47.1173765],[28.7152669,47.1173764],[28.7152677,47.1173764],[28.7152691,47.1173764],[28.7152727,47.1173763],[28.7152734,47.1173762],[28.7152853,47.117376],[28.7152868,47.1173761],[28.7152893,47.1173766],[28.7152927,47.1173771],[28.7152961,47.1173774],[28.7152995,47.1173774],[28.7153029,47.1173772],[28.7153063,47.1173767],[28.7153096,47.1173761],[28.7153097,47.117376],[28.7153125,47.1173758],[28.7153134,47.1173757],[28.7153143,47.1173757],[28.7153153,47.1173762],[28.7153159,47.1173765],[28.7153159,47.1173765],[28.715317,47.1173772],[28.7153167,47.1173777],[28.7153159,47.1173786],[28.7153153,47.1173791],[28.7153137,47.1173806],[28.7153118,47.1173825],[28.7153059,47.1173874],[28.7153052,47.1173878],[28.7153029,47.1173896],[28.7153008,47.1173914],[28.715299,47.1173935],[28.7152984,47.1173943],[28.7152961,47.1173962],[28.7152943,47.1173978],[28.715293,47.1173993],[28.7152902,47.1174019],[28.715289,47.1174029],[28.7152877,47.1174037],[28.7152854,47.1174054],[28.7152835,47.1174072],[28.7152806,47.1174101],[28.7152803,47.1174104],[28.7152789,47.1174117],[28.7152773,47.1174131],[28.7152758,47.1174145],[28.7152745,47.1174159],[28.7152738,47.1174169],[28.715273,47.1174177],[28.7152714,47.117419],[28.7152693,47.1174208],[28.71525,47.1174402],[28.7152498,47.1174404],[28.715248,47.117442],[28.7152464,47.1174437],[28.7152463,47.1174438],[28.7152443,47.1174458],[28.7152428,47.1174471],[28.7152413,47.1174487],[28.7152381,47.117452],[28.7152354,47.1174542],[28.7152337,47.1174558],[28.7152322,47.1174575],[28.7152317,47.117458],[28.7152303,47.1174593],[28.7152289,47.1174609],[28.7152279,47.1174621],[28.7152263,47.1174636],[28.7152255,47.1174645],[28.7152254,47.1174644],[28.7152216,47.1174685],[28.7152193,47.1174705],[28.7152178,47.1174718],[28.7152165,47.1174733],[28.7152153,47.1174747],[28.7152135,47.1174764],[28.7152125,47.1174772],[28.7152106,47.1174794],[28.7152105,47.1174795],[28.7152086,47.1174814],[28.7152085,47.1174816],[28.7152066,47.1174832],[28.715205,47.1174849],[28.7152048,47.1174851],[28.7152045,47.1174854],[28.7152027,47.1174872],[28.7152011,47.1174888],[28.7152,47.1174896],[28.7151984,47.117491],[28.7151969,47.1174925],[28.7151883,47.1175018],[28.715187,47.1175029],[28.715185,47.1175046],[28.7151833,47.1175065],[28.7151827,47.1175073],[28.7151817,47.1175082],[28.7151801,47.11751],[28.7151798,47.1175104],[28.7151752,47.1175149],[28.7151747,47.1175154],[28.7151727,47.1175172],[28.7151698,47.1175202],[28.7151686,47.1175215],[28.7151576,47.1175326],[28.7151555,47.1175343],[28.7151538,47.1175359],[28.7151523,47.1175376],[28.7151519,47.1175381],[28.7151502,47.1175397],[28.7151482,47.117542],[28.7151479,47.1175424],[28.7151465,47.1175437],[28.7151465,47.1175437],[28.715145,47.1175451],[28.715145,47.1175451],[28.7151419,47.117548],[28.7151412,47.1175486],[28.715139,47.1175504],[28.7151372,47.1175524],[28.7151349,47.1175551],[28.7151339,47.1175561],[28.7151323,47.1175573],[28.7151302,47.1175591],[28.7151284,47.117561],[28.715128,47.1175616],[28.7151267,47.1175633],[28.7151247,47.1175651],[28.7151233,47.1175667],[28.7151225,47.1175676],[28.7151223,47.1175678],[28.7151205,47.1175693],[28.7151188,47.1175708],[28.7151174,47.1175725],[28.715116,47.1175743],[28.7151156,47.1175747],[28.7151139,47.1175763],[28.7151122,47.1175781],[28.7151121,47.1175782],[28.7151114,47.1175789],[28.7151086,47.1175811],[28.7151067,47.1175829],[28.7151061,47.1175835],[28.7151038,47.1175858],[28.7151022,47.1175876],[28.7151001,47.1175902],[28.7150966,47.1175937],[28.7150959,47.1175943],[28.7150938,47.1175961],[28.715092,47.117598],[28.7150919,47.1175982],[28.7150909,47.117599],[28.7150891,47.1176002],[28.7150869,47.1176019],[28.7150849,47.1176037],[28.7150832,47.1176057],[28.7150799,47.1176099],[28.7150791,47.1176108],[28.7150769,47.1176123],[28.7150747,47.117614],[28.7150727,47.1176159],[28.715071,47.117618],[28.7150697,47.1176201],[28.7150695,47.1176205],[28.7150689,47.1176213],[28.7150681,47.1176221],[28.7150677,47.1176224],[28.7150666,47.1176232],[28.7150646,47.1176251],[28.7150629,47.117627],[28.715061,47.1176294],[28.7150582,47.1176322],[28.7150576,47.1176327],[28.7150557,47.1176344],[28.715054,47.1176362],[28.7150532,47.1176372],[28.7150492,47.1176412],[28.7150484,47.1176418],[28.7150467,47.1176433],[28.7150452,47.1176449],[28.7150445,47.1176458],[28.7150434,47.1176468],[28.7150432,47.117647],[28.7150413,47.1176485],[28.7150397,47.1176501],[28.7150383,47.1176518],[28.7150379,47.1176523],[28.7150362,47.1176538],[28.7150344,47.1176556],[28.7150328,47.1176574],[28.7150321,47.1176583],[28.7150166,47.1176738],[28.7150161,47.1176742],[28.7150142,47.117676],[28.7150125,47.1176778],[28.7150122,47.1176782],[28.7150003,47.1176899],[28.7150003,47.1176899],[28.714998,47.117692],[28.7149973,47.1176928],[28.7149918,47.1176986],[28.7149884,47.1177015],[28.7149865,47.1177032],[28.7149848,47.1177051],[28.7149828,47.1177078],[28.7149814,47.1177091],[28.7149788,47.1177112],[28.7149772,47.1177126],[28.7149758,47.1177141],[28.7149754,47.1177146],[28.7149748,47.1177153],[28.7149732,47.1177173],[28.7149694,47.1177211],[28.7149672,47.1177229],[28.7149654,47.1177244],[28.7149638,47.1177261],[28.7149629,47.1177273],[28.7149619,47.1177284],[28.7149616,47.1177286],[28.7149593,47.11773],[28.7149571,47.1177316],[28.7149554,47.117733],[28.7149533,47.117735],[28.7149515,47.117737],[28.71495,47.1177392],[28.7149492,47.1177407],[28.7149485,47.1177417],[28.7149481,47.117742],[28.7149475,47.1177424],[28.7149453,47.1177442],[28.7149435,47.117746],[28.7149421,47.1177476],[28.7149416,47.1177479],[28.7149397,47.1177494],[28.714938,47.1177511],[28.7149365,47.1177528],[28.7149353,47.1177546],[28.7149349,47.1177554],[28.7149338,47.1177566],[28.7149317,47.1177586],[28.7149306,47.1177594],[28.7149281,47.1177607],[28.7149254,47.1177623],[28.714923,47.1177641],[28.7149208,47.117766],[28.7149179,47.1177689],[28.7149163,47.1177707],[28.714915,47.1177726],[28.7149138,47.1177745],[28.714913,47.1177766],[28.7149129,47.1177769],[28.7149124,47.117778],[28.7149122,47.1177782],[28.7149107,47.1177796],[28.714909,47.1177815],[28.7149064,47.1177842],[28.7149054,47.117785],[28.7149033,47.1177864],[28.7149013,47.1177879],[28.7148995,47.1177896],[28.7148979,47.1177913],[28.7148968,47.1177928],[28.7148967,47.1177929],[28.7148953,47.1177949],[28.7148949,47.1177956],[28.7148943,47.1177962],[28.7148913,47.1177982],[28.7148893,47.1177998],[28.7148874,47.1178015],[28.7148862,47.1178029],[28.7148861,47.117803],[28.7148842,47.1178051],[28.7148828,47.1178071],[28.7148819,47.1178081],[28.7148796,47.1178101],[28.7148792,47.1178104],[28.7148769,47.1178122],[28.714875,47.1178142],[28.7148734,47.1178163],[28.7148732,47.1178166],[28.7148732,47.1178166],[28.7148719,47.1178186],[28.7148709,47.1178195],[28.7148695,47.1178207],[28.7148684,47.1178214],[28.7148666,47.1178229],[28.714865,47.1178245],[28.7148645,47.1178251],[28.7148625,47.1178268],[28.7148606,47.1178287],[28.7148591,47.1178307],[28.7148583,47.1178322],[28.7148574,47.1178332],[28.7148483,47.1178425],[28.714847,47.1178435],[28.7148452,47.1178452],[28.7148436,47.117847],[28.7148422,47.1178489],[28.7148418,47.1178496],[28.7148409,47.1178508],[28.714834,47.1178579],[28.7148335,47.1178583],[28.7148314,47.1178603],[28.7148312,47.1178606],[28.7148285,47.1178634],[28.7148273,47.1178644],[28.7148256,47.117866],[28.7148242,47.1178676],[28.7148226,47.1178696],[28.7148218,47.1178703],[28.7148209,47.117871],[28.7148191,47.1178727],[28.7148174,47.1178745],[28.7148173,47.1178747],[28.7148158,47.117876],[28.7148157,47.1178761],[28.7148135,47.1178778],[28.7148116,47.1178797],[28.71481,47.1178817],[28.7148098,47.1178819],[28.7148073,47.1178851],[28.7148059,47.1178865],[28.7148052,47.1178871],[28.714803,47.117889],[28.7148012,47.1178911],[28.7148008,47.1178917],[28.7147995,47.1178931],[28.7147969,47.1178952],[28.7147952,47.1178969],[28.7147936,47.1178986],[28.7147932,47.1178992],[28.7147914,47.1179015],[28.7147821,47.117911],[28.7147812,47.1179117],[28.7147791,47.1179137],[28.7147772,47.1179158],[28.7147769,47.1179162],[28.7147752,47.117918],[28.7147735,47.1179195],[28.7147718,47.117921],[28.7147704,47.1179227],[28.714769,47.1179244],[28.7147683,47.1179251],[28.7147655,47.1179273],[28.7147636,47.1179289],[28.714762,47.1179307],[28.7147606,47.1179326],[28.7147606,47.1179327],[28.7147593,47.1179343],[28.7147557,47.1179379],[28.7147545,47.117939],[28.7147527,47.1179407],[28.7147511,47.1179425],[28.7147508,47.1179429],[28.7147443,47.1179495],[28.7147437,47.11795],[28.7147419,47.1179517],[28.7147402,47.1179535],[28.7147397,47.1179543],[28.7147307,47.1179635],[28.7147305,47.1179636],[28.7147288,47.117965],[28.7147272,47.1179665],[28.7147259,47.1179682],[28.7147253,47.1179689],[28.7147212,47.1179731],[28.7147205,47.1179737],[28.7147185,47.1179757],[28.7147182,47.1179759],[28.7147168,47.1179772],[28.7147142,47.1179799],[28.7147139,47.1179802],[28.7147134,47.1179808],[28.7147129,47.1179814],[28.7147105,47.1179835],[28.7147086,47.1179853],[28.714707,47.1179872],[28.7147061,47.1179885],[28.7147049,47.1179895],[28.7147032,47.1179911],[28.7147027,47.1179917],[28.714702,47.1179923],[28.7147002,47.1179938],[28.7146987,47.1179955],[28.7146977,47.1179968],[28.7146964,47.1179984],[28.7146958,47.1179989],[28.714694,47.1180005],[28.7146924,47.1180023],[28.7146912,47.1180038],[28.7146912,47.1180038],[28.7146893,47.1180054],[28.7146874,47.1180072],[28.7146858,47.1180091],[28.714685,47.1180101],[28.7146824,47.1180127],[28.7146818,47.1180132],[28.7146798,47.1180151],[28.7146781,47.1180171],[28.7146764,47.1180189],[28.7146741,47.1180208],[28.7146722,47.1180225],[28.7146706,47.1180244],[28.7146692,47.1180262],[28.7146653,47.1180302],[28.7146649,47.1180305],[28.7146629,47.1180323],[28.7146611,47.1180343],[28.7146605,47.1180352],[28.7146341,47.1180619],[28.714633,47.1180632],[28.7146052,47.1180911],[28.7146042,47.1180918],[28.7146029,47.1180913],[28.7146024,47.1180911],[28.7146017,47.1180908],[28.7146009,47.1180904],[28.7145999,47.1180899],[28.7145972,47.1180887],[28.7145943,47.1180878],[28.7145913,47.118087],[28.7145883,47.1180865],[28.7145851,47.1180861],[28.714582,47.1180859],[28.7145788,47.118086],[28.7145756,47.1180862],[28.7145725,47.1180867],[28.7145695,47.1180874],[28.7145666,47.1180882],[28.7145638,47.1180893],[28.7145612,47.1180905],[28.7145591,47.1180916],[28.7145572,47.1180908],[28.7145559,47.1180902],[28.7145545,47.1180895],[28.7145517,47.1180884],[28.7145514,47.1180882],[28.7145503,47.1180877],[28.7145475,47.1180866],[28.7145446,47.1180856],[28.7145416,47.1180849],[28.7145384,47.1180843],[28.7145352,47.118084],[28.714532,47.1180838],[28.7145288,47.1180839],[28.7145256,47.1180842],[28.7145224,47.1180848],[28.7145194,47.1180855],[28.7145164,47.1180864],[28.7145137,47.1180876],[28.714511,47.1180889],[28.714511,47.1180889]]]}},{"type":"Feature","id":22,"properties":{"vineyard_id":"V22","farm_id":"F13","area_m2":729.042,"n_parcels":3,"cadastral_codes":["80371140072","80371140073","80371140074"],"landuse_counts":{"Teren pentru grădini":3}},"geometry":{"type":"Polygon","coordinates":[[[28.7115199,47.1176713],[28.7115199,47.1176703],[28.7115198,47.1176685],[28.7115193,47.1176667],[28.7115191,47.1176656],[28.7115191,47.1176644],[28.7115192,47.1176633],[28.7115191,47.1176612],[28.711519,47.1176604],[28.7115191,47.1176565],[28.7115193,47.1176553],[28.7115205,47.1176545],[28.7115331,47.1176475],[28.7115335,47.1176474],[28.7115358,47.1176462],[28.7115378,47.117645],[28.7115391,47.1176444],[28.7115416,47.117643],[28.7115419,47.1176428],[28.7115543,47.1176363],[28.7115568,47.1176348],[28.7115592,47.1176332],[28.7115612,47.1176314],[28.711563,47.1176294],[28.7115631,47.1176293],[28.7115636,47.1176289],[28.7115638,47.1176287],[28.7115651,47.117628],[28.7115675,47.1176266],[28.7115678,47.1176264],[28.7115682,47.1176262],[28.7115706,47.1176247],[28.7115728,47.1176231],[28.7115748,47.1176213],[28.7115765,47.1176194],[28.7115779,47.1176174],[28.711579,47.1176153],[28.7115798,47.1176132],[28.7115803,47.117611],[28.7115805,47.1176087],[28.7115805,47.1176073],[28.7115818,47.1176064],[28.7115844,47.1176045],[28.7115844,47.1176045],[28.7116004,47.1175933],[28.7116022,47.1175924],[28.7116044,47.1175912],[28.7116046,47.1175911],[28.711606,47.1175904],[28.7116084,47.117589],[28.7116138,47.1175853],[28.7116161,47.1175836],[28.7116182,47.1175817],[28.7116199,47.1175797],[28.7116218,47.1175772],[28.7116235,47.1175756],[28.7116253,47.1175736],[28.7116269,47.1175715],[28.7116275,47.1175704],[28.7116281,47.1175696],[28.7116295,47.1175683],[28.7116309,47.1175667],[28.7116322,47.1175649],[28.7116334,47.117563],[28.7116358,47.1175603],[28.7116373,47.1175588],[28.7116387,47.1175572],[28.7116392,47.1175566],[28.7116406,47.117555],[28.7116417,47.1175534],[28.7116425,47.1175533],[28.7116457,47.1175528],[28.7116487,47.117552],[28.7116516,47.1175511],[28.7116544,47.11755],[28.711657,47.1175486],[28.7116654,47.117544],[28.7116656,47.1175439],[28.7116683,47.1175425],[28.7116697,47.1175416],[28.7116713,47.1175408],[28.7116737,47.1175393],[28.711674,47.1175391],[28.7116783,47.1175367],[28.7116798,47.1175361],[28.7116824,47.1175354],[28.7116856,47.1175345],[28.7116886,47.1175333],[28.7116915,47.1175319],[28.7116917,47.1175318],[28.7116945,47.11753],[28.711698,47.1175277],[28.7116995,47.1175265],[28.7117138,47.1175169],[28.7117138,47.1175169],[28.7117166,47.1175152],[28.7117179,47.1175143],[28.7117182,47.1175144],[28.7117192,47.1175148],[28.711722,47.1175157],[28.711725,47.1175165],[28.711725,47.1175165],[28.7117257,47.1175167],[28.7117268,47.1175174],[28.7117328,47.1175223],[28.7117342,47.1175238],[28.7117361,47.1175255],[28.7117383,47.1175271],[28.7117404,47.1175285],[28.7117611,47.1175457],[28.7117622,47.1175467],[28.711763,47.1175478],[28.7117648,47.1175497],[28.7117658,47.1175505],[28.711767,47.1175518],[28.7117689,47.1175534],[28.7117709,47.1175549],[28.7117732,47.1175563],[28.7117745,47.117557],[28.7117759,47.117558],[28.7117779,47.1175597],[28.7117781,47.1175599],[28.7117798,47.1175616],[28.7117818,47.1175631],[28.7117839,47.1175645],[28.7117862,47.1175658],[28.7117863,47.1175659],[28.711789,47.1175671],[28.711792,47.1175682],[28.7117951,47.1175691],[28.7117984,47.1175697],[28.7118017,47.1175701],[28.711805,47.1175703],[28.7118084,47.1175703],[28.7118117,47.11757],[28.711815,47.1175695],[28.7118182,47.1175687],[28.7118212,47.1175678],[28.7118241,47.1175666],[28.7118263,47.1175656],[28.7118275,47.1175655],[28.7118281,47.1175655],[28.7118291,47.1175662],[28.711859,47.1175907],[28.7118599,47.1175916],[28.7118603,47.1175923],[28.7118618,47.1175943],[28.7118635,47.1175961],[28.7118655,47.1175979],[28.7118677,47.1175995],[28.7118702,47.117601],[28.7118728,47.1176022],[28.7118729,47.1176023],[28.7118742,47.1176035],[28.7118763,47.117605],[28.7118766,47.1176052],[28.7119176,47.1176385],[28.7119185,47.1176394],[28.7119189,47.1176399],[28.7119201,47.1176415],[28.7119203,47.1176425],[28.7119203,47.1176428],[28.7119205,47.1176449],[28.7119205,47.117645],[28.7119205,47.1176477],[28.7119208,47.1176507],[28.7119209,47.1176511],[28.7119218,47.1176777],[28.7119217,47.1176786],[28.7119216,47.1176807],[28.7119218,47.1176826],[28.7119218,47.1176854],[28.711922,47.1176884],[28.7119221,47.1176888],[28.7119228,47.1177112],[28.7119227,47.117712],[28.7119227,47.1177141],[28.7119228,47.117716],[28.7119228,47.1177188],[28.7119231,47.1177218],[28.7119232,47.1177222],[28.711924,47.1177471],[28.7119239,47.117748],[28.7119238,47.11775],[28.711924,47.117752],[28.711924,47.1177547],[28.7119243,47.1177578],[28.7119243,47.1177581],[28.7119252,47.1177848],[28.7119251,47.1177857],[28.711925,47.1177878],[28.7119252,47.1177898],[28.7119252,47.1177898],[28.7119252,47.1177925],[28.7119255,47.1177955],[28.7119255,47.1177959],[28.7119262,47.1178172],[28.7119261,47.1178181],[28.711926,47.1178201],[28.7119262,47.1178221],[28.7119262,47.1178222],[28.7119262,47.1178226],[28.7119255,47.117823],[28.7119241,47.1178238],[28.711922,47.1178238],[28.711919,47.117824],[28.711916,47.1178243],[28.711913,47.1178249],[28.7119102,47.1178256],[28.7119075,47.1178265],[28.7119049,47.1178275],[28.7119024,47.1178288],[28.7118958,47.1178324],[28.7118942,47.1178332],[28.7118936,47.1178336],[28.7118924,47.1178343],[28.7118921,47.1178344],[28.7118917,47.1178346],[28.7118913,47.1178349],[28.7118898,47.1178355],[28.7118895,47.1178355],[28.7118884,47.1178355],[28.7118853,47.1178357],[28.7118823,47.117836],[28.7118793,47.1178366],[28.7118764,47.1178373],[28.7118736,47.1178382],[28.711871,47.1178393],[28.7118685,47.1178405],[28.7118658,47.117842],[28.7118657,47.1178421],[28.7118627,47.1178437],[28.7118626,47.1178438],[28.7118611,47.1178446],[28.7118599,47.1178452],[28.7118597,47.1178451],[28.7118569,47.117844],[28.711854,47.117843],[28.711851,47.1178423],[28.7118479,47.1178418],[28.7118448,47.1178415],[28.7118416,47.1178414],[28.7118384,47.1178415],[28.7118353,47.1178418],[28.7118322,47.1178423],[28.7118292,47.1178431],[28.7118263,47.117844],[28.7118236,47.1178451],[28.711821,47.1178463],[28.7118198,47.1178471],[28.7118177,47.1178481],[28.7118155,47.1178494],[28.7118152,47.1178496],[28.7117886,47.1178635],[28.7117879,47.1178638],[28.7117879,47.1178638],[28.7117873,47.117864],[28.7117854,47.117865],[28.711785,47.1178653],[28.7117847,47.1178654],[28.7117841,47.1178652],[28.711784,47.1178651],[28.7117811,47.1178641],[28.7117782,47.1178633],[28.7117767,47.1178621],[28.7117754,47.117861],[28.7117748,47.1178605],[28.7117711,47.1178569],[28.711768,47.1178544],[28.7117672,47.1178539],[28.7117662,47.1178529],[28.7117652,47.1178519],[28.7117643,47.1178506],[28.7117628,47.1178488],[28.711761,47.1178471],[28.711759,47.1178455],[28.7117568,47.117844],[28.7117562,47.1178437],[28.7117547,47.1178426],[28.7117424,47.1178317],[28.7117423,47.1178316],[28.7117404,47.1178297],[28.7117398,47.1178293],[28.7117381,47.1178278],[28.7117369,47.1178265],[28.7117353,47.1178249],[28.7117334,47.1178234],[28.711731,47.1178216],[28.7117271,47.117818],[28.7117257,47.1178163],[28.7117239,47.1178146],[28.711722,47.117813],[28.7117213,47.1178125],[28.7117188,47.1178105],[28.7117163,47.1178081],[28.7117152,47.1178069],[28.7117133,47.1178049],[28.7117111,47.117803],[28.71171,47.1178022],[28.7117091,47.1178013],[28.7117072,47.1177995],[28.711705,47.1177978],[28.7117013,47.1177952],[28.7116997,47.1177937],[28.7116974,47.1177912],[28.7116952,47.1177891],[28.7116927,47.1177872],[28.7116924,47.1177869],[28.7116914,47.1177861],[28.7116901,47.1177845],[28.7116886,47.1177828],[28.7116868,47.1177812],[28.7116849,47.1177797],[28.7116828,47.1177783],[28.7116826,47.1177782],[28.7116811,47.1177771],[28.7116661,47.1177636],[28.7116641,47.117762],[28.7116619,47.1177605],[28.7116594,47.1177591],[28.7116568,47.1177579],[28.711654,47.1177569],[28.7116511,47.117756],[28.7116481,47.1177554],[28.711645,47.117755],[28.7116419,47.1177547],[28.7116388,47.1177547],[28.7116356,47.1177549],[28.7116325,47.1177553],[28.7116295,47.1177558],[28.7116265,47.1177566],[28.7116237,47.1177576],[28.7116231,47.1177578],[28.7116222,47.1177578],[28.7116215,47.1177577],[28.7116205,47.117757],[28.7116069,47.1177454],[28.711606,47.1177444],[28.7116057,47.117744],[28.7116057,47.1177437],[28.7116046,47.1177416],[28.7116032,47.1177395],[28.7116015,47.1177375],[28.7115996,47.1177357],[28.7115973,47.117734],[28.7115948,47.1177325],[28.7115922,47.1177311],[28.7115893,47.11773],[28.711589,47.1177298],[28.7115883,47.1177296],[28.7115872,47.1177288],[28.711522,47.1176739],[28.71152,47.1176717],[28.7115199,47.1176715],[28.7115199,47.1176713]]]}},{"type":"Feature","id":23,"properties":{"vineyard_id":"V23","farm_id":"F17","area_m2":324.714,"n_parcels":2,"cadastral_codes":["80371140075","80371140076"],"landuse_counts":{"Teren pentru grădini":2}},"geometry":{"type":"Polygon","coordinates":[[[28.7119148,47.1174564],[28.7119148,47.1174562],[28.7119148,47.1174544],[28.7119147,47.1174526],[28.7119145,47.1174517],[28.711914,47.1174354],[28.711914,47.1174352],[28.7119139,47.1174324],[28.7119139,47.1174316],[28.7119139,47.1174315],[28.7119141,47.1174299],[28.7119138,47.1174273],[28.7119138,47.117427],[28.7119138,47.1174266],[28.7119153,47.1174265],[28.71194,47.1174261],[28.711941,47.1174261],[28.7119437,47.1174262],[28.7119465,47.1174261],[28.7119477,47.1174261],[28.7119494,47.1174261],[28.7119531,47.117426],[28.7119541,47.1174259],[28.7119868,47.1174254],[28.7119877,47.1174254],[28.7119903,47.1174255],[28.7119929,47.1174255],[28.7119947,47.1174254],[28.7119961,47.1174254],[28.712,47.1174253],[28.7120009,47.1174252],[28.7120236,47.1174248],[28.7120246,47.1174249],[28.7120274,47.117425],[28.7120302,47.1174249],[28.7120312,47.1174248],[28.712033,47.1174249],[28.7120367,47.1174247],[28.7120377,47.1174246],[28.7120614,47.1174243],[28.7120618,47.1174243],[28.7120662,47.1174244],[28.7120689,47.1174243],[28.7120694,47.1174243],[28.7120722,47.1174243],[28.7120724,47.1174243],[28.7120741,47.1174244],[28.7120753,47.1174252],[28.7122058,47.1175239],[28.7122067,47.1175247],[28.7122063,47.1175256],[28.7122054,47.1175277],[28.7122048,47.11753],[28.7122046,47.1175322],[28.7122046,47.1175344],[28.712205,47.1175367],[28.7122058,47.1175389],[28.7122068,47.117541],[28.7122082,47.1175431],[28.7122098,47.117545],[28.7122117,47.1175468],[28.712214,47.1175488],[28.7122163,47.1175506],[28.7122189,47.1175521],[28.7122206,47.117553],[28.712222,47.117554],[28.7122261,47.1175575],[28.7122284,47.1175593],[28.7122309,47.1175609],[28.7122378,47.1175648],[28.7122403,47.1175666],[28.712242,47.1175681],[28.7122441,47.1175697],[28.7122463,47.1175713],[28.7122465,47.1175713],[28.7122488,47.1175727],[28.7122492,47.1175731],[28.7122511,47.1175748],[28.7122533,47.1175763],[28.7122557,47.1175777],[28.712257,47.1175783],[28.7122634,47.1175825],[28.7122645,47.1175834],[28.712266,47.1175849],[28.7122684,47.1175868],[28.712271,47.1175884],[28.7122724,47.1175893],[28.7122725,47.1175894],[28.7122728,47.1175902],[28.7122738,47.117592],[28.712275,47.1175937],[28.7122755,47.1175944],[28.7122751,47.1175947],[28.7122748,47.1175949],[28.7122726,47.1175965],[28.7122707,47.1175983],[28.712269,47.1176002],[28.7122676,47.1176021],[28.7122665,47.1176042],[28.7122657,47.1176064],[28.7122652,47.1176085],[28.712265,47.1176107],[28.7122651,47.1176129],[28.7122656,47.1176149],[28.7122656,47.1176156],[28.7122646,47.1176164],[28.7122643,47.1176166],[28.7122635,47.1176171],[28.7122635,47.1176172],[28.7122619,47.1176181],[28.712261,47.1176184],[28.7122584,47.1176192],[28.7122556,47.1176203],[28.7122531,47.1176216],[28.7122507,47.117623],[28.712244,47.1176275],[28.7122437,47.1176277],[28.7122413,47.1176291],[28.7122397,47.1176303],[28.7122386,47.117631],[28.7122375,47.1176317],[28.7122363,47.1176327],[28.7122257,47.1176396],[28.7122235,47.1176412],[28.7122215,47.117643],[28.7122198,47.1176449],[28.7122185,47.1176464],[28.7122184,47.1176465],[28.7122183,47.1176466],[28.7122154,47.1176468],[28.7122119,47.1176472],[28.7122086,47.1176479],[28.7122053,47.1176487],[28.7122022,47.1176499],[28.7121993,47.1176512],[28.7121966,47.1176527],[28.7121932,47.1176549],[28.7121929,47.1176551],[28.7121904,47.1176565],[28.712189,47.1176575],[28.7121884,47.1176578],[28.712188,47.1176581],[28.7121869,47.1176581],[28.7121855,47.1176579],[28.7121852,47.1176577],[28.7121826,47.117656],[28.7121795,47.1176543],[28.7121757,47.1176516],[28.7121742,47.1176504],[28.712174,47.1176502],[28.7121719,47.1176484],[28.7121696,47.1176468],[28.712169,47.1176465],[28.7121689,47.1176463],[28.7121677,47.1176449],[28.7121658,47.1176431],[28.7121636,47.1176414],[28.7121612,47.1176399],[28.7121596,47.1176391],[28.7121569,47.1176375],[28.7121482,47.1176313],[28.7121466,47.1176299],[28.7121466,47.1176299],[28.7121446,47.117628],[28.7121424,47.1176262],[28.7121413,47.1176255],[28.7121389,47.1176235],[28.7121366,47.1176216],[28.712134,47.11762],[28.7121282,47.1176167],[28.7121272,47.117616],[28.7121264,47.1176153],[28.7121242,47.1176129],[28.7121225,47.1176111],[28.7121206,47.1176095],[28.7121184,47.117608],[28.7121169,47.1176071],[28.7121167,47.117607],[28.7121159,47.1176062],[28.7121142,47.1176039],[28.7121127,47.1176022],[28.712111,47.1176005],[28.7121091,47.117599],[28.7120858,47.117582],[28.7120835,47.1175804],[28.7120809,47.117579],[28.7120782,47.1175778],[28.7120769,47.1175774],[28.7120765,47.1175772],[28.7120754,47.1175765],[28.712071,47.1175729],[28.7120703,47.1175723],[28.7120683,47.1175708],[28.712066,47.1175694],[28.7120641,47.1175685],[28.712064,47.1175684],[28.7120627,47.1175671],[28.7120607,47.1175654],[28.7120585,47.1175638],[28.7120561,47.1175624],[28.7120535,47.1175612],[28.7120517,47.1175604],[28.7120506,47.1175598],[28.7120496,47.1175592],[28.7120495,47.1175592],[28.712048,47.1175573],[28.7120461,47.1175555],[28.7120439,47.1175538],[28.7120415,47.1175523],[28.7120377,47.1175501],[28.7120357,47.1175483],[28.7120333,47.1175467],[28.7120309,47.1175453],[28.7120285,47.1175439],[28.7120249,47.1175413],[28.7120221,47.1175388],[28.7120197,47.1175368],[28.7120192,47.1175365],[28.7120168,47.1175349],[28.7120149,47.117533],[28.7120126,47.1175312],[28.71201,47.1175296],[28.7120072,47.117528],[28.712006,47.1175272],[28.712006,47.1175271],[28.7120046,47.117525],[28.7120028,47.117523],[28.7120008,47.1175212],[28.7119985,47.1175195],[28.7119978,47.1175191],[28.7119974,47.1175188],[28.7119954,47.1175173],[28.7119932,47.1175159],[28.711992,47.1175154],[28.711987,47.1175126],[28.7119858,47.1175117],[28.7119827,47.1175098],[28.7119817,47.1175093],[28.7119807,47.1175085],[28.7119767,47.1175046],[28.7119757,47.1175035],[28.7119737,47.1175018],[28.7119715,47.1175001],[28.711969,47.1174987],[28.7119663,47.1174974],[28.7119643,47.1174966],[28.711963,47.1174959],[28.7119621,47.1174952],[28.7119604,47.1174934],[28.7119583,47.1174916],[28.7119559,47.11749],[28.7119534,47.1174886],[28.7119515,47.1174875],[28.7119408,47.1174797],[28.7119398,47.1174788],[28.7119386,47.1174774],[28.7119369,47.1174757],[28.7119349,47.1174741],[28.7119327,47.1174727],[28.7119304,47.1174714],[28.7119281,47.1174703],[28.7119269,47.1174696],[28.7119203,47.1174648],[28.7119193,47.1174639],[28.7119192,47.1174636],[28.7119182,47.1174614],[28.7119169,47.1174594],[28.7119153,47.1174574],[28.7119151,47.1174572],[28.7119148,47.1174567],[28.7119148,47.1174564]]]}},{"type":"Feature","id":24,"properties":{"vineyard_id":"V24","farm_id":"F18","area_m2":667.165,"n_parcels":1,"cadastral_codes":["80371140160"],"landuse_counts":{"Teren pentru grădini":1}},"geometry":{"type":"Polygon","coordinates":[[[28.7134109,47.1171791],[28.7134121,47.1171784],[28.7134143,47.1171769],[28.7134155,47.117176],[28.7134176,47.1171742],[28.7134194,47.1171723],[28.713421,47.1171703],[28.7134223,47.1171681],[28.7134232,47.1171659],[28.7134238,47.1171636],[28.713424,47.1171613],[28.7134239,47.117159],[28.7134234,47.1171567],[28.7134232,47.1171562],[28.7134232,47.1171558],[28.7134234,47.1171555],[28.7134242,47.1171549],[28.7134242,47.1171549],[28.7134263,47.1171538],[28.7134269,47.1171537],[28.7134299,47.117153],[28.7134329,47.1171522],[28.7134356,47.1171512],[28.7134383,47.11715],[28.7134407,47.1171486],[28.7134496,47.1171431],[28.7134505,47.1171426],[28.7134506,47.1171425],[28.7134528,47.1171412],[28.7134532,47.1171409],[28.7134536,47.1171407],[28.7134541,47.1171403],[28.7134555,47.1171396],[28.7134559,47.1171395],[28.7134574,47.1171393],[28.7134606,47.1171384],[28.7134637,47.1171374],[28.7134666,47.1171361],[28.7134692,47.1171346],[28.7134769,47.11713],[28.7134771,47.1171299],[28.7134793,47.1171287],[28.7134794,47.1171286],[28.7134807,47.1171278],[28.7134816,47.1171273],[28.713482,47.1171272],[28.7134828,47.1171268],[28.7134851,47.1171259],[28.7134851,47.1171259],[28.7134883,47.1171251],[28.7134914,47.1171241],[28.7134942,47.1171228],[28.7134969,47.1171214],[28.7135061,47.1171158],[28.7135081,47.1171147],[28.7135091,47.1171141],[28.7135104,47.1171134],[28.7135114,47.1171131],[28.7135122,47.1171129],[28.7135142,47.1171145],[28.7135168,47.1171164],[28.7135197,47.117118],[28.7135225,47.1171192],[28.7135239,47.1171201],[28.7135484,47.117139],[28.7135507,47.1171411],[28.713553,47.117143],[28.7135557,47.1171447],[28.7135563,47.1171451],[28.713559,47.1171472],[28.7135608,47.1171488],[28.7135634,47.1171506],[28.713569,47.1171548],[28.7135708,47.1171565],[28.7135714,47.1171571],[28.7135732,47.117159],[28.7135753,47.1171607],[28.7135777,47.1171623],[28.7135814,47.1171645],[28.7135851,47.1171673],[28.7135864,47.1171685],[28.7135868,47.1171691],[28.7135885,47.1171709],[28.7135905,47.1171725],[28.7135926,47.1171741],[28.7135943,47.1171751],[28.7135961,47.1171767],[28.7135982,47.1171782],[28.7136006,47.1171796],[28.7136012,47.1171799],[28.7136028,47.1171809],[28.7136119,47.117188],[28.7136125,47.1171885],[28.7136142,47.1171899],[28.7136153,47.1171907],[28.7136162,47.1171915],[28.7136186,47.1171932],[28.71362,47.1171941],[28.7136249,47.1171981],[28.7136269,47.1171995],[28.7136353,47.1172061],[28.713637,47.1172075],[28.7136393,47.1172092],[28.7136397,47.1172094],[28.7136408,47.1172103],[28.7136418,47.1172113],[28.7136425,47.1172124],[28.7136439,47.1172143],[28.7136455,47.1172161],[28.7136473,47.1172178],[28.7136494,47.1172193],[28.7136517,47.1172208],[28.7136532,47.1172215],[28.7136545,47.1172224],[28.7136549,47.1172227],[28.7136575,47.1172246],[28.7136587,47.1172253],[28.7136602,47.1172264],[28.7136607,47.1172269],[28.7136623,47.1172283],[28.7136641,47.1172296],[28.7136661,47.1172308],[28.7136684,47.1172323],[28.7136697,47.1172329],[28.7136723,47.1172344],[28.7136732,47.1172353],[28.713674,47.1172364],[28.7136757,47.1172385],[28.7136776,47.1172405],[28.7136799,47.1172423],[28.7136813,47.1172433],[28.7136818,47.1172438],[28.7136835,47.1172452],[28.7136854,47.1172466],[28.7136873,47.1172478],[28.7136901,47.1172495],[28.7136933,47.117251],[28.7136939,47.1172512],[28.7136951,47.117252],[28.7136974,47.1172537],[28.7136983,47.1172545],[28.7136985,47.1172548],[28.7136999,47.1172565],[28.7137016,47.1172582],[28.7137035,47.1172597],[28.7137056,47.1172612],[28.7137079,47.1172625],[28.7137082,47.1172626],[28.7137123,47.1172653],[28.7137134,47.1172662],[28.7137147,47.1172674],[28.7137169,47.1172691],[28.7137187,47.1172703],[28.7137198,47.1172712],[28.7137207,47.1172722],[28.7137226,47.1172737],[28.7137247,47.1172751],[28.7137266,47.1172764],[28.7137329,47.1172813],[28.7137343,47.1172825],[28.7137367,47.1172842],[28.7137369,47.1172843],[28.7137377,47.1172849],[28.7137386,47.1172859],[28.7137405,47.1172876],[28.7137426,47.1172891],[28.7137429,47.1172892],[28.7137439,47.1172901],[28.7137441,47.1172903],[28.7137446,47.1172912],[28.713746,47.1172932],[28.7137477,47.117295],[28.7137496,47.1172967],[28.7137518,47.1172983],[28.7137541,47.1172997],[28.7137555,47.1173005],[28.7137562,47.1173014],[28.713757,47.1173027],[28.7137586,47.1173047],[28.7137604,47.1173066],[28.7137625,47.1173084],[28.7137643,47.1173098],[28.7137665,47.1173113],[28.7137689,47.1173127],[28.7137714,47.1173139],[28.7137741,47.117315],[28.713777,47.1173158],[28.7137781,47.1173161],[28.7137792,47.1173168],[28.7137832,47.1173199],[28.7137841,47.1173207],[28.7137843,47.1173214],[28.7137852,47.1173234],[28.7137864,47.1173254],[28.7137879,47.1173274],[28.7137897,47.1173292],[28.7137916,47.1173309],[28.7138038,47.1173403],[28.7138062,47.1173419],[28.7138088,47.1173434],[28.7138116,47.1173446],[28.7138145,47.1173457],[28.7138166,47.1173464],[28.7138179,47.117347],[28.7138199,47.1173482],[28.7138209,47.117349],[28.7138217,47.1173503],[28.7138231,47.1173524],[28.7138249,47.1173544],[28.7138269,47.1173563],[28.7138292,47.117358],[28.7138317,47.1173595],[28.7138345,47.1173609],[28.7138375,47.117362],[28.7138382,47.1173623],[28.7138388,47.1173628],[28.7138392,47.1173633],[28.7138394,47.117364],[28.7138404,47.117366],[28.7138416,47.117368],[28.713843,47.1173698],[28.7138447,47.1173716],[28.7138466,47.1173732],[28.7138772,47.1173967],[28.7138795,47.1173983],[28.7138819,47.1173997],[28.7138846,47.117401],[28.7138874,47.117402],[28.7138904,47.1174029],[28.7138915,47.1174031],[28.7138919,47.1174033],[28.7138927,47.1174039],[28.7138948,47.1174063],[28.7138973,47.1174088],[28.7138974,47.1174089],[28.7138999,47.1174108],[28.7139026,47.1174125],[28.7139043,47.1174134],[28.7139064,47.1174145],[28.7139074,47.1174152],[28.7139077,47.1174158],[28.7139085,47.1174178],[28.7139096,47.1174198],[28.7139109,47.1174217],[28.7139126,47.1174236],[28.7139145,47.1174253],[28.7139166,47.1174269],[28.7139189,47.1174284],[28.7139215,47.1174297],[28.7139242,47.1174308],[28.713927,47.1174317],[28.7139297,47.1174324],[28.7139297,47.1174324],[28.7139311,47.1174333],[28.7139377,47.1174384],[28.7139385,47.1174392],[28.7139387,47.1174402],[28.7139387,47.1174415],[28.7139389,47.1174434],[28.713939,47.1174452],[28.713939,47.1174467],[28.7139392,47.1174487],[28.7139393,47.1174496],[28.71394,47.1174699],[28.7139402,47.117472],[28.7139407,47.117474],[28.7139415,47.1174761],[28.7139425,47.1174781],[28.7139439,47.11748],[28.7139455,47.1174818],[28.7139473,47.1174835],[28.7139493,47.1174851],[28.7139507,47.117486],[28.7139536,47.1174878],[28.7139568,47.1174894],[28.7139593,47.1174905],[28.7139604,47.1174911],[28.7139607,47.1174913],[28.7139609,47.1174915],[28.713963,47.1174932],[28.7139653,47.1174948],[28.7139659,47.1174952],[28.7139661,47.1174953],[28.713967,47.1174962],[28.7139671,47.1174962],[28.7139679,47.1174981],[28.7139692,47.1175002],[28.7139708,47.1175022],[28.7139727,47.1175041],[28.7139748,47.1175058],[28.7139791,47.117509],[28.7139816,47.1175106],[28.7139842,47.117512],[28.7139871,47.1175132],[28.7139901,47.1175143],[28.7139926,47.1175149],[28.7139927,47.117515],[28.713994,47.1175157],[28.7139945,47.1175161],[28.7139952,47.1175167],[28.7139973,47.1175183],[28.7139992,47.1175197],[28.7140005,47.1175209],[28.7140025,47.1175222],[28.7140035,47.1175228],[28.7140052,47.117524],[28.7140053,47.1175241],[28.7140059,47.1175252],[28.7140067,47.1175261],[28.7140068,47.1175264],[28.7140082,47.1175283],[28.7140099,47.1175302],[28.7140118,47.1175319],[28.714014,47.1175334],[28.7140164,47.1175349],[28.7140187,47.117536],[28.7140201,47.1175368],[28.7140204,47.1175372],[28.7140205,47.1175373],[28.7140217,47.1175393],[28.7140227,47.1175406],[28.7140234,47.1175415],[28.7140228,47.1175419],[28.7140207,47.1175437],[28.714019,47.1175455],[28.7140175,47.1175475],[28.7140163,47.1175496],[28.7140154,47.1175517],[28.7140148,47.1175539],[28.7140146,47.1175561],[28.7140146,47.1175583],[28.714015,47.1175605],[28.7140157,47.1175627],[28.7140167,47.1175648],[28.714018,47.1175669],[28.7140181,47.1175669],[28.7140167,47.117568],[28.7140167,47.1175681],[28.7140153,47.1175691],[28.7140151,47.1175692],[28.7140132,47.1175705],[28.7140127,47.1175708],[28.7140127,47.1175708],[28.7140123,47.1175711],[28.7140083,47.1175736],[28.7140061,47.1175751],[28.7140041,47.1175768],[28.7140023,47.1175787],[28.7140008,47.1175806],[28.7139996,47.1175827],[28.7139986,47.1175848],[28.713998,47.1175869],[28.713998,47.1175872],[28.7139969,47.117588],[28.7139964,47.1175883],[28.7139955,47.1175889],[28.7139945,47.1175895],[28.7139938,47.1175899],[28.7139926,47.1175905],[28.7139908,47.1175895],[28.7139899,47.1175888],[28.7139874,47.1175875],[28.7139848,47.1175863],[28.713982,47.1175853],[28.7139791,47.1175845],[28.7139761,47.1175839],[28.713973,47.1175835],[28.7139699,47.1175833],[28.7139667,47.1175833],[28.7139636,47.1175835],[28.7139605,47.1175839],[28.7139575,47.1175845],[28.7139545,47.1175853],[28.7139517,47.1175862],[28.7139491,47.1175874],[28.7139466,47.1175887],[28.7139443,47.1175902],[28.7139438,47.1175906],[28.7139428,47.1175899],[28.7139134,47.1175666],[28.713911,47.1175648],[28.7139083,47.1175633],[28.7139054,47.117562],[28.7139038,47.1175613],[28.7139026,47.1175605],[28.713894,47.1175539],[28.7138931,47.117553],[28.7138917,47.1175509],[28.7138902,47.1175489],[28.7138885,47.117547],[28.7138865,47.1175452],[28.7138743,47.1175355],[28.7138721,47.117534],[28.7138698,47.1175326],[28.7138689,47.1175322],[28.7138635,47.1175289],[28.7138625,47.1175282],[28.7138616,47.1175268],[28.7138601,47.1175249],[28.7138585,47.1175232],[28.7138566,47.1175215],[28.713826,47.1174972],[28.7138237,47.1174956],[28.7138211,47.1174941],[28.7138183,47.1174928],[28.7138159,47.1174918],[28.7138155,47.1174909],[28.7138142,47.117489],[28.7138127,47.1174871],[28.7138109,47.1174854],[28.7138089,47.1174837],[28.7138067,47.1174822],[28.7138043,47.1174809],[28.7138017,47.1174797],[28.7138,47.117479],[28.7137991,47.1174782],[28.7137985,47.1174776],[28.7137982,47.1174772],[28.7137964,47.1174756],[28.7137945,47.117474],[28.7137924,47.1174726],[28.7137889,47.1174705],[28.7137867,47.1174688],[28.713785,47.1174672],[28.7137832,47.1174657],[28.7137812,47.1174643],[28.7137806,47.1174639],[28.7137776,47.1174615],[28.7137767,47.1174607],[28.7137758,47.1174595],[28.713775,47.1174581],[28.7137736,47.1174563],[28.713772,47.1174545],[28.7137701,47.1174529],[28.7137632,47.1174474],[28.7137612,47.117446],[28.7137591,47.1174447],[28.7137581,47.1174442],[28.7137563,47.1174432],[28.7137561,47.1174429],[28.7137548,47.1174413],[28.7137533,47.1174397],[28.7137516,47.1174382],[28.713745,47.117433],[28.7137431,47.1174316],[28.7137411,47.1174304],[28.7137389,47.1174292],[28.7137368,47.1174283],[28.7137363,47.117428],[28.7137349,47.117427],[28.7137344,47.1174266],[28.7137323,47.1174251],[28.7137292,47.117423],[28.7137184,47.1174145],[28.7137179,47.1174141],[28.7137159,47.1174123],[28.7137136,47.1174106],[28.7137129,47.1174102],[28.7137099,47.1174078],[28.7137077,47.1174062],[28.7137052,47.1174048],[28.7137026,47.1174035],[28.7136998,47.1174024],[28.7136968,47.1174015],[28.7136938,47.1174008],[28.7136906,47.1174003],[28.7136874,47.1174001],[28.7136842,47.1174],[28.7136676,47.1174003],[28.7136644,47.1174002],[28.713664,47.1174002],[28.7136621,47.1174002],[28.7136594,47.1174004],[28.713658,47.1174003],[28.7136573,47.1174001],[28.7136566,47.1173997],[28.7136539,47.1173985],[28.7136531,47.1173979],[28.7136528,47.1173975],[28.7136526,47.117397],[28.7136515,47.1173947],[28.7136499,47.1173926],[28.7136481,47.1173905],[28.713646,47.1173886],[28.7136442,47.1173872],[28.7136421,47.1173857],[28.7136398,47.1173844],[28.7136373,47.1173831],[28.7136364,47.1173827],[28.7136358,47.1173824],[28.7136337,47.1173812],[28.7136314,47.1173802],[28.7136293,47.1173794],[28.7136291,47.1173791],[28.7136288,47.1173784],[28.7136275,47.1173765],[28.7136259,47.1173746],[28.713624,47.1173729],[28.713622,47.1173713],[28.7136197,47.1173698],[28.7136172,47.1173685],[28.7136145,47.1173673],[28.7136144,47.1173673],[28.7136138,47.117367],[28.7136127,47.1173663],[28.7136082,47.1173623],[28.7136064,47.1173609],[28.7136044,47.1173596],[28.7136041,47.1173594],[28.7136039,47.1173592],[28.7136035,47.1173589],[28.7136004,47.1173565],[28.7135998,47.1173561],[28.7135956,47.1173526],[28.713593,47.1173507],[28.7135918,47.1173498],[28.7135908,47.1173489],[28.7135885,47.1173472],[28.7135884,47.1173472],[28.713584,47.1173436],[28.7135831,47.1173428],[28.7135825,47.1173419],[28.713581,47.1173399],[28.7135792,47.1173379],[28.7135771,47.1173361],[28.7135747,47.1173345],[28.7135721,47.117333],[28.7135693,47.1173318],[28.7135692,47.1173317],[28.713568,47.117331],[28.7135672,47.1173302],[28.7135673,47.1173299],[28.7135683,47.1173274],[28.7135683,47.1173272],[28.7135689,47.1173266],[28.7135705,47.1173247],[28.7135718,47.1173227],[28.7135728,47.1173206],[28.7135735,47.1173185],[28.7135739,47.1173163],[28.713574,47.1173141],[28.7135738,47.1173119],[28.7135732,47.1173098],[28.7135724,47.1173076],[28.7135712,47.1173056],[28.7135698,47.1173036],[28.7135681,47.1173018],[28.7135661,47.1173],[28.7135659,47.1172998],[28.7135657,47.1172994],[28.7135644,47.1172971],[28.7135628,47.1172949],[28.7135609,47.1172928],[28.7135586,47.1172909],[28.7135513,47.1172853],[28.713549,47.1172838],[28.7135466,47.1172824],[28.713544,47.1172812],[28.7135412,47.1172802],[28.7135389,47.1172795],[28.7135388,47.1172795],[28.7135376,47.1172787],[28.7135363,47.1172777],[28.7135354,47.1172768],[28.7135331,47.1172749],[28.7135305,47.1172732],[28.7135297,47.1172727],[28.7135171,47.1172634],[28.713516,47.1172624],[28.713515,47.1172611],[28.7135131,47.1172593],[28.7135109,47.1172576],[28.7135085,47.117256],[28.7135063,47.1172549],[28.7135054,47.1172543],[28.7135041,47.1172532],[28.7135029,47.117252],[28.7135009,47.1172504],[28.7134987,47.117249],[28.7134977,47.1172484],[28.7134951,47.1172468],[28.7134931,47.1172452],[28.713492,47.1172443],[28.7134911,47.1172432],[28.7134892,47.1172414],[28.7134872,47.1172397],[28.7134849,47.1172382],[28.7134823,47.1172368],[28.7134823,47.1172368],[28.7134805,47.1172357],[28.7134755,47.117232],[28.7134727,47.1172293],[28.7134722,47.1172289],[28.7134703,47.1172271],[28.7134681,47.1172255],[28.7134656,47.1172241],[28.7134645,47.1172235],[28.7134638,47.1172225],[28.7134631,47.1172214],[28.7134616,47.1172193],[28.7134598,47.1172174],[28.7134578,47.1172156],[28.7134555,47.1172139],[28.7134529,47.1172124],[28.7134502,47.1172111],[28.713447,47.1172098],[28.7134437,47.1172079],[28.7134384,47.117204],[28.7134369,47.1172026],[28.7134348,47.1172008],[28.7134324,47.1171992],[28.7134309,47.1171983],[28.713411,47.1171833],[28.7134102,47.1171825],[28.7134104,47.117181],[28.7134105,47.1171798],[28.7134106,47.1171793],[28.7134109,47.1171791]]]}},{"type":"Feature","id":25,"properties":{"vineyard_id":"V25","farm_id":"F19","area_m2":344.023,"n_parcels":1,"cadastral_codes":["80371140078"],"landuse_counts":{"Teren pentru grădini":1}},"geometry":{"type":"Polygon","coordinates":[[[28.7121448,47.1170951],[28.712146,47.1170958],[28.7121485,47.1170972],[28.7121512,47.1170985],[28.712154,47.1170995],[28.712157,47.1171004],[28.7121601,47.117101],[28.7121633,47.1171015],[28.7121665,47.1171017],[28.7121697,47.1171017],[28.7121729,47.1171015],[28.7121761,47.1171011],[28.7121792,47.1171004],[28.7121822,47.1170996],[28.712185,47.1170986],[28.7121877,47.1170974],[28.7121885,47.1170969],[28.7121896,47.1170964],[28.7121921,47.117095],[28.7121943,47.1170935],[28.7121951,47.1170929],[28.7121963,47.1170921],[28.7121984,47.1170904],[28.7122002,47.1170886],[28.7122018,47.1170866],[28.7122031,47.1170846],[28.712204,47.1170825],[28.7122047,47.1170803],[28.712205,47.1170781],[28.7122051,47.1170759],[28.7122048,47.1170737],[28.7122045,47.1170728],[28.7122045,47.1170725],[28.7122052,47.117072],[28.7122055,47.1170718],[28.7122082,47.1170698],[28.7122082,47.1170698],[28.7122228,47.11706],[28.7122242,47.117059],[28.7122245,47.1170588],[28.7122264,47.1170572],[28.7122275,47.1170561],[28.7122277,47.1170559],[28.7122294,47.117055],[28.7122303,47.1170545],[28.7122314,47.1170552],[28.7122418,47.1170631],[28.7122427,47.1170639],[28.7122427,47.117064],[28.7122436,47.1170657],[28.7122448,47.1170677],[28.7122462,47.1170696],[28.712248,47.1170713],[28.7122499,47.117073],[28.7122682,47.1170869],[28.7122703,47.1170884],[28.7122726,47.1170897],[28.7122751,47.1170909],[28.7122756,47.1170911],[28.7122776,47.117092],[28.7122787,47.1170928],[28.7122807,47.1170944],[28.7122816,47.1170953],[28.7122818,47.1170956],[28.7122834,47.1170978],[28.7122853,47.1170998],[28.7122875,47.1171016],[28.7122898,47.1171034],[28.7122924,47.1171052],[28.7122953,47.1171068],[28.7122967,47.1171074],[28.7122977,47.1171079],[28.7123008,47.1171094],[28.7123034,47.1171104],[28.7123036,47.1171105],[28.7123046,47.1171112],[28.7123046,47.1171112],[28.7123055,47.1171123],[28.7123061,47.1171134],[28.7123073,47.1171154],[28.7123088,47.1171173],[28.7123106,47.1171191],[28.7123126,47.1171208],[28.7123275,47.1171322],[28.7123309,47.1171344],[28.7123309,47.1171344],[28.7123341,47.1171367],[28.7123356,47.117138],[28.7123358,47.1171381],[28.7123379,47.11714],[28.7123403,47.1171417],[28.712343,47.1171432],[28.7123458,47.1171445],[28.7123471,47.117145],[28.7123489,47.1171459],[28.7123498,47.1171465],[28.7123508,47.1171473],[28.7123509,47.1171474],[28.7123521,47.1171494],[28.7123537,47.1171515],[28.7123556,47.1171534],[28.7123578,47.1171553],[28.7123603,47.1171569],[28.7123631,47.1171584],[28.712364,47.1171588],[28.7123649,47.1171593],[28.7123658,47.1171599],[28.7123665,47.1171606],[28.7123677,47.1171622],[28.7123695,47.1171641],[28.7123716,47.1171658],[28.7123827,47.1171743],[28.7123853,47.1171761],[28.7123883,47.1171777],[28.7123907,47.1171789],[28.7123915,47.1171793],[28.7123925,47.11718],[28.712393,47.1171805],[28.7123932,47.1171809],[28.7123952,47.1171829],[28.7123975,47.1171847],[28.7124,47.1171864],[28.7124012,47.117187],[28.7124032,47.1171882],[28.7124043,47.1171896],[28.7124057,47.1171913],[28.7124073,47.117193],[28.7124092,47.1171945],[28.7124095,47.1171948],[28.7124121,47.1171966],[28.7124149,47.1171981],[28.7124151,47.1171982],[28.7124167,47.1171991],[28.7124186,47.1172003],[28.7124211,47.1172017],[28.7124217,47.1172019],[28.7124238,47.117203],[28.7124245,47.117204],[28.7124258,47.1172059],[28.7124274,47.1172077],[28.7124292,47.1172094],[28.7124313,47.117211],[28.7124335,47.1172124],[28.7124359,47.1172137],[28.7124385,47.1172148],[28.7124406,47.1172155],[28.712442,47.1172162],[28.7124427,47.1172168],[28.7124433,47.117218],[28.7124445,47.1172199],[28.7124459,47.1172218],[28.7124476,47.1172235],[28.7124495,47.1172252],[28.7124517,47.1172267],[28.712454,47.117228],[28.7124565,47.1172293],[28.7124587,47.1172301],[28.7124596,47.1172305],[28.7124609,47.1172324],[28.7124624,47.1172343],[28.712464,47.1172361],[28.712466,47.1172377],[28.7124662,47.1172379],[28.7124683,47.1172394],[28.7124706,47.1172408],[28.7124731,47.117242],[28.7124757,47.117243],[28.7124771,47.1172435],[28.7124785,47.117244],[28.7124798,47.1172448],[28.7124858,47.1172492],[28.712487,47.1172502],[28.7124877,47.117251],[28.7124896,47.1172528],[28.7124918,47.1172544],[28.7124932,47.1172554],[28.7124952,47.1172566],[28.7124973,47.117258],[28.7124999,47.1172603],[28.7125008,47.1172612],[28.7125015,47.1172623],[28.7125024,47.1172639],[28.7125039,47.1172661],[28.7125058,47.1172681],[28.7125081,47.11727],[28.7125522,47.1173037],[28.7125547,47.1173054],[28.7125575,47.1173069],[28.7125605,47.1173083],[28.7125616,47.1173087],[28.7125652,47.1173104],[28.7125664,47.1173111],[28.7125674,47.1173119],[28.7125678,47.1173123],[28.7125682,47.1173129],[28.7125699,47.1173145],[28.7125718,47.1173161],[28.7125739,47.1173175],[28.7125762,47.1173187],[28.7125773,47.1173193],[28.7125782,47.1173199],[28.712579,47.1173205],[28.7125805,47.1173219],[28.7125812,47.1173227],[28.7125823,47.1173247],[28.7125834,47.1173267],[28.7125849,47.1173286],[28.7125851,47.1173288],[28.7125854,47.1173292],[28.7125854,47.1173298],[28.7125854,47.1173314],[28.7125855,47.1173334],[28.7125857,47.1173343],[28.7125865,47.1173592],[28.7125864,47.1173596],[28.7125864,47.1173623],[28.7125866,47.1173652],[28.7125865,47.1173668],[28.7125867,47.1173688],[28.7125868,47.1173696],[28.7125874,47.1173883],[28.7125876,47.1173905],[28.7125882,47.1173926],[28.712589,47.1173946],[28.71259,47.1173966],[28.7125914,47.1173985],[28.712593,47.1174004],[28.7125949,47.1174021],[28.712597,47.1174037],[28.7125993,47.1174051],[28.7125998,47.1174054],[28.7126011,47.1174061],[28.7126024,47.117407],[28.7126032,47.1174077],[28.7126052,47.1174092],[28.7126075,47.1174106],[28.7126082,47.117411],[28.7126101,47.1174121],[28.7126109,47.117413],[28.7126114,47.117414],[28.7126119,47.1174149],[28.7126116,47.1174156],[28.7126115,47.1174157],[28.7126113,47.117416],[28.7126107,47.117416],[28.7126105,47.1174161],[28.7126091,47.117416],[28.7126084,47.1174159],[28.7126053,47.1174153],[28.712602,47.1174151],[28.7125988,47.117415],[28.7125955,47.1174151],[28.7125923,47.1174155],[28.7125892,47.1174161],[28.7125883,47.1174163],[28.7125867,47.1174164],[28.7125761,47.1174166],[28.7125758,47.1174166],[28.7125715,47.1174165],[28.71257,47.1174166],[28.7125676,47.1174167],[28.7125673,47.1174167],[28.7125671,47.1174167],[28.7125657,47.1174167],[28.7125649,47.1174158],[28.7125639,47.1174145],[28.7125623,47.1174127],[28.7125606,47.117411],[28.7125586,47.1174095],[28.7125564,47.117408],[28.712554,47.1174067],[28.7125523,47.117406],[28.7125499,47.1174048],[28.7125482,47.1174037],[28.7125451,47.1174012],[28.7125437,47.1173997],[28.7125419,47.1173973],[28.7125405,47.1173955],[28.7125388,47.1173939],[28.712537,47.1173923],[28.7125243,47.1173827],[28.7125214,47.1173808],[28.7125182,47.1173791],[28.7125145,47.1173774],[28.7125134,47.1173768],[28.7125114,47.1173752],[28.7125091,47.1173735],[28.7125066,47.117372],[28.7125039,47.1173707],[28.7125036,47.1173706],[28.7125025,47.1173699],[28.7125016,47.1173691],[28.7124998,47.1173675],[28.7124977,47.117366],[28.7124955,47.1173646],[28.7124925,47.1173622],[28.7124903,47.1173606],[28.7124899,47.1173603],[28.7124884,47.1173591],[28.712486,47.1173568],[28.7124837,47.1173548],[28.7124811,47.117353],[28.7124787,47.1173517],[28.7124775,47.1173509],[28.7124731,47.1173471],[28.7124702,47.1173449],[28.7124665,47.1173425],[28.712465,47.1173413],[28.7124621,47.1173393],[28.7124615,47.117339],[28.712457,47.1173355],[28.712454,47.1173328],[28.7124516,47.1173309],[28.712449,47.1173291],[28.7124475,47.1173282],[28.712447,47.1173278],[28.7124468,47.1173276],[28.7124448,47.1173259],[28.7124426,47.1173243],[28.7124409,47.1173231],[28.7124398,47.1173223],[28.7124395,47.1173216],[28.7124383,47.1173193],[28.7124367,47.1173171],[28.7124347,47.117315],[28.7124325,47.1173131],[28.7124161,47.1173007],[28.712414,47.1172992],[28.7124116,47.1172978],[28.7124091,47.1172967],[28.7124065,47.1172956],[28.7124049,47.1172951],[28.7124037,47.1172944],[28.7124017,47.1172931],[28.712399,47.1172908],[28.7123971,47.1172887],[28.7123954,47.1172869],[28.7123935,47.1172853],[28.7123913,47.1172838],[28.712389,47.1172825],[28.7123865,47.1172813],[28.7123844,47.1172803],[28.7123832,47.1172796],[28.7123825,47.117279],[28.7123824,47.117279],[28.7123804,47.1172771],[28.7123781,47.1172754],[28.7123755,47.1172737],[28.7123727,47.1172715],[28.7123718,47.1172706],[28.7123703,47.1172687],[28.7123683,47.1172668],[28.7123661,47.117265],[28.7123636,47.1172633],[28.7123614,47.1172621],[28.7123593,47.11726],[28.7123573,47.1172582],[28.7123551,47.1172566],[28.7123527,47.1172552],[28.7123504,47.1172537],[28.7123493,47.1172528],[28.7123476,47.1172507],[28.7123459,47.1172487],[28.712344,47.1172469],[28.7123417,47.1172452],[28.7123393,47.1172437],[28.7123366,47.1172423],[28.7123337,47.1172412],[28.7123327,47.1172408],[28.7123313,47.1172401],[28.7123296,47.1172388],[28.7123288,47.1172381],[28.712326,47.117236],[28.7123243,47.1172349],[28.7123204,47.1172316],[28.7123195,47.1172307],[28.7123188,47.1172295],[28.712318,47.117228],[28.7123164,47.1172258],[28.7123145,47.1172238],[28.7123122,47.1172219],[28.7123026,47.1172146],[28.7123001,47.1172129],[28.7122973,47.1172114],[28.7122943,47.1172101],[28.7122911,47.117209],[28.7122909,47.1172089],[28.7122901,47.1172086],[28.7122889,47.117208],[28.7122887,47.1172079],[28.7122878,47.1172071],[28.7122873,47.1172063],[28.7122866,47.1172048],[28.7122854,47.1172028],[28.7122839,47.117201],[28.7122822,47.1171993],[28.7122802,47.1171976],[28.7122719,47.1171913],[28.7122697,47.1171898],[28.7122673,47.1171884],[28.7122647,47.1171872],[28.712262,47.1171862],[28.7122602,47.1171856],[28.7122591,47.1171852],[28.7122577,47.1171844],[28.712256,47.1171831],[28.7122549,47.1171821],[28.712254,47.1171808],[28.7122529,47.1171797],[28.712252,47.1171785],[28.7122519,47.1171782],[28.7122507,47.1171764],[28.7122493,47.1171747],[28.7122476,47.117173],[28.7122457,47.1171715],[28.7122422,47.1171688],[28.7122397,47.1171671],[28.712237,47.1171656],[28.712234,47.1171643],[28.7122309,47.1171632],[28.7122293,47.1171628],[28.7122282,47.1171621],[28.712221,47.1171563],[28.7122197,47.117155],[28.7122196,47.1171549],[28.7122177,47.117153],[28.7122156,47.1171513],[28.7122148,47.1171506],[28.712214,47.1171497],[28.7122122,47.1171473],[28.7122108,47.1171455],[28.7122091,47.1171438],[28.7122072,47.1171422],[28.7122061,47.1171414],[28.7122039,47.1171399],[28.7122016,47.1171386],[28.7121991,47.1171374],[28.7121964,47.1171364],[28.712196,47.1171362],[28.7121935,47.1171354],[28.7121931,47.1171351],[28.7121928,47.1171348],[28.7121909,47.1171333],[28.7121894,47.1171323],[28.7121885,47.1171314],[28.7121884,47.1171313],[28.7121869,47.1171293],[28.7121851,47.1171273],[28.712183,47.1171255],[28.7121806,47.1171238],[28.712178,47.1171223],[28.7121772,47.117122],[28.7121749,47.1171208],[28.7121742,47.1171196],[28.7121729,47.1171177],[28.7121714,47.1171159],[28.7121697,47.1171142],[28.7121677,47.1171126],[28.7121655,47.1171112],[28.7121631,47.1171099],[28.7121605,47.1171087],[28.7121578,47.1171077],[28.7121562,47.1171073],[28.712156,47.1171072],[28.7121548,47.1171064],[28.7121461,47.1170998],[28.7121452,47.117099],[28.7121451,47.1170981],[28.7121451,47.1170978],[28.7121449,47.1170962],[28.7121448,47.1170951]]]}},{"type":"Feature","id":26,"properties":{"vineyard_id":"V26","farm_id":"F20","area_m2":774.938,"n_parcels":2,"cadastral_codes":["80371140081","80371140082"],"landuse_counts":{"Teren pentru grădini":2}},"geometry":{"type":"Polygon","coordinates":[[[28.7125713,47.1167355],[28.7125717,47.1167349],[28.7125724,47.1167333],[28.7125727,47.1167328],[28.7125744,47.1167316],[28.7125767,47.1167298],[28.7125787,47.1167278],[28.7125804,47.1167257],[28.7125817,47.1167238],[28.7125836,47.1167215],[28.7125845,47.1167203],[28.7125874,47.1167164],[28.7125885,47.1167153],[28.7125906,47.116713],[28.7125909,47.1167125],[28.7125924,47.1167107],[28.7125937,47.1167086],[28.7125939,47.1167083],[28.7126042,47.1166943],[28.7126055,47.1166924],[28.7126062,47.116691],[28.7126071,47.1166892],[28.7126072,47.116689],[28.712608,47.1166876],[28.7126123,47.1166823],[28.7126137,47.1166804],[28.7126148,47.1166784],[28.7126162,47.1166753],[28.7126167,47.1166746],[28.7126177,47.1166734],[28.7126198,47.1166706],[28.7126212,47.1166683],[28.712623,47.116666],[28.7126246,47.1166637],[28.7126247,47.1166636],[28.7126257,47.1166615],[28.7126262,47.1166601],[28.7126263,47.11666],[28.7126276,47.1166594],[28.7126291,47.1166586],[28.7126296,47.1166584],[28.7126309,47.1166588],[28.7126331,47.1166595],[28.7126362,47.1166603],[28.7126394,47.1166609],[28.7126426,47.1166612],[28.7126459,47.1166613],[28.7126492,47.1166612],[28.7126524,47.1166608],[28.7126556,47.1166603],[28.7126587,47.1166595],[28.7126616,47.1166586],[28.7126644,47.1166574],[28.712667,47.1166561],[28.7126694,47.1166545],[28.7126716,47.1166529],[28.7126735,47.1166511],[28.7126752,47.1166491],[28.7126765,47.1166471],[28.7126776,47.116645],[28.7126783,47.1166428],[28.7126787,47.1166406],[28.7126788,47.1166383],[28.7126788,47.1166379],[28.712679,47.1166377],[28.7126801,47.1166371],[28.7126824,47.1166357],[28.712684,47.1166346],[28.7126861,47.116633],[28.7126879,47.1166313],[28.7126895,47.1166294],[28.7126909,47.1166275],[28.7126919,47.1166255],[28.7126927,47.1166234],[28.7126932,47.1166213],[28.7126934,47.1166191],[28.7126933,47.116618],[28.7126934,47.1166178],[28.7126952,47.1166166],[28.7126957,47.1166164],[28.712699,47.1166164],[28.7126995,47.1166164],[28.7127,47.1166164],[28.7127013,47.1166164],[28.7127024,47.1166171],[28.7127099,47.116623],[28.7127104,47.1166235],[28.7127123,47.1166252],[28.7127145,47.1166267],[28.7127149,47.116627],[28.7127163,47.1166281],[28.7127189,47.1166305],[28.7127207,47.1166321],[28.7127227,47.1166335],[28.7127237,47.1166342],[28.7127249,47.1166351],[28.7127257,47.1166362],[28.7127273,47.1166382],[28.7127293,47.11664],[28.7127314,47.1166417],[28.7127338,47.1166432],[28.7127365,47.1166446],[28.7127375,47.1166451],[28.7127385,47.1166458],[28.7127676,47.1166694],[28.71277,47.1166713],[28.7127726,47.1166729],[28.7127736,47.1166738],[28.7127745,47.1166748],[28.7127761,47.1166766],[28.712778,47.1166783],[28.7127801,47.1166798],[28.7127824,47.1166812],[28.7127836,47.1166818],[28.712785,47.1166828],[28.7127905,47.1166877],[28.7127917,47.116689],[28.7127932,47.1166905],[28.7127949,47.1166919],[28.7127957,47.1166925],[28.7127964,47.1166933],[28.7127966,47.1166936],[28.7127983,47.1166955],[28.7128002,47.1166973],[28.7128024,47.1166989],[28.7128048,47.1167004],[28.7128062,47.1167012],[28.7128066,47.1167015],[28.7128071,47.1167022],[28.7128093,47.1167041],[28.7128117,47.1167059],[28.7128144,47.1167074],[28.7128147,47.1167076],[28.7128149,47.1167077],[28.7128158,47.1167086],[28.7128176,47.1167101],[28.7128196,47.1167115],[28.7128215,47.1167125],[28.7128227,47.1167133],[28.7128228,47.1167135],[28.7128235,47.1167148],[28.7128248,47.1167168],[28.7128264,47.1167187],[28.7128283,47.1167205],[28.7128304,47.1167221],[28.7128328,47.1167236],[28.7128353,47.116725],[28.7128367,47.1167256],[28.7128379,47.1167264],[28.7128383,47.1167267],[28.7128384,47.1167267],[28.71284,47.1167284],[28.7128418,47.1167299],[28.7128438,47.1167314],[28.712846,47.1167327],[28.7128461,47.1167328],[28.7128471,47.1167335],[28.7128497,47.1167361],[28.712852,47.116738],[28.7128547,47.1167398],[28.7128562,47.1167407],[28.7128579,47.1167425],[28.7128602,47.1167445],[28.7128627,47.1167462],[28.7128673,47.1167491],[28.7128683,47.11675],[28.7128686,47.1167505],[28.7128698,47.1167526],[28.7128713,47.1167546],[28.7128731,47.1167565],[28.7128752,47.1167582],[28.7128775,47.1167598],[28.71288,47.1167613],[28.7128826,47.1167625],[28.7128864,47.1167646],[28.7128901,47.1167674],[28.712891,47.1167683],[28.7128914,47.1167688],[28.7128926,47.1167705],[28.7128942,47.1167721],[28.7128959,47.1167736],[28.7128976,47.1167751],[28.7128994,47.1167764],[28.7129012,47.1167776],[28.7129017,47.116778],[28.7129021,47.1167785],[28.7129042,47.1167804],[28.7129065,47.1167821],[28.7129091,47.1167837],[28.7129119,47.116785],[28.7129124,47.1167853],[28.7129135,47.1167858],[28.7129147,47.1167866],[28.712916,47.116788],[28.7129177,47.1167895],[28.7129196,47.116791],[28.7129217,47.1167923],[28.7129262,47.1167949],[28.7129272,47.1167956],[28.712928,47.1167965],[28.7129302,47.1167993],[28.7129318,47.116801],[28.7129335,47.1168026],[28.7129354,47.1168042],[28.7129376,47.1168055],[28.712938,47.1168058],[28.7129395,47.1168069],[28.7129415,47.1168082],[28.7129435,47.1168094],[28.7129457,47.1168105],[28.7129462,47.1168107],[28.7129473,47.1168114],[28.7129643,47.1168251],[28.7129653,47.1168261],[28.7129655,47.1168264],[28.7129657,47.1168269],[28.7129665,47.1168289],[28.7129677,47.1168308],[28.7129691,47.1168327],[28.7129707,47.1168344],[28.7129726,47.1168361],[28.7129731,47.1168364],[28.7129755,47.1168382],[28.7129783,47.1168398],[28.7129813,47.1168411],[28.7129845,47.1168423],[28.7129855,47.1168426],[28.712987,47.1168432],[28.7129883,47.116844],[28.7130047,47.116857],[28.7130049,47.1168572],[28.7130072,47.1168592],[28.7130083,47.11686],[28.7130094,47.1168608],[28.7130104,47.1168617],[28.7130109,47.116863],[28.7130117,47.1168649],[28.7130129,47.1168668],[28.7130143,47.1168686],[28.7130159,47.1168703],[28.7130177,47.1168719],[28.7130187,47.1168726],[28.7130208,47.1168741],[28.7130231,47.1168755],[28.7130255,47.1168767],[28.7130281,47.1168778],[28.7130308,47.1168787],[28.7130324,47.1168791],[28.7130335,47.1168798],[28.7130394,47.1168845],[28.7130404,47.1168855],[28.7130414,47.1168867],[28.7130433,47.1168885],[28.7130454,47.1168902],[28.7130462,47.1168907],[28.7130487,47.1168926],[28.7130513,47.1168944],[28.7130525,47.1168951],[28.713054,47.1168961],[28.7130814,47.1169179],[28.7130841,47.1169206],[28.7130857,47.1169222],[28.7130875,47.1169237],[28.7130895,47.116925],[28.7130937,47.1169276],[28.7131053,47.1169368],[28.7131058,47.1169373],[28.7131075,47.1169388],[28.7131086,47.1169396],[28.7131118,47.1169426],[28.7131138,47.1169442],[28.713116,47.1169457],[28.713117,47.1169463],[28.7131179,47.1169471],[28.7131192,47.1169483],[28.7131195,47.1169485],[28.7131198,47.1169489],[28.7131221,47.1169508],[28.7131229,47.1169513],[28.7131233,47.1169518],[28.7131239,47.1169525],[28.7131255,47.1169544],[28.7131274,47.1169562],[28.7131295,47.1169579],[28.7131319,47.1169594],[28.7131341,47.1169608],[28.7131352,47.1169615],[28.7131352,47.1169615],[28.7131364,47.1169632],[28.713138,47.116965],[28.7131397,47.1169666],[28.7131417,47.1169682],[28.7131439,47.1169696],[28.7131463,47.1169709],[28.7131469,47.1169712],[28.713148,47.1169719],[28.7131483,47.1169723],[28.7131498,47.1169741],[28.7131516,47.1169759],[28.7131536,47.1169775],[28.7131541,47.1169779],[28.7131552,47.1169788],[28.7131577,47.1169805],[28.7131598,47.1169818],[28.7131609,47.1169825],[28.7131616,47.1169832],[28.7131633,47.116985],[28.7131655,47.1169869],[28.7131671,47.116988],[28.7131685,47.1169892],[28.7131698,47.11699],[28.7131726,47.1169919],[28.713175,47.116994],[28.7131763,47.1169953],[28.7131787,47.1169972],[28.7131803,47.1169982],[28.7132325,47.1170412],[28.7132333,47.1170421],[28.7132344,47.1170438],[28.7132357,47.1170457],[28.7132373,47.1170474],[28.713239,47.1170491],[28.713241,47.1170506],[28.7132432,47.1170521],[28.7132473,47.1170544],[28.7132499,47.1170558],[28.7132505,47.1170562],[28.7132512,47.1170569],[28.7132515,47.1170581],[28.7132515,47.1170592],[28.7132517,47.1170612],[28.7132517,47.1170614],[28.7132517,47.1170641],[28.713252,47.1170671],[28.7132521,47.1170675],[28.7132531,47.1170982],[28.713253,47.1170991],[28.7132529,47.1171011],[28.7132531,47.1171031],[28.7132531,47.1171032],[28.7132531,47.1171059],[28.7132534,47.1171089],[28.7132534,47.1171093],[28.7132544,47.1171384],[28.7132543,47.1171394],[28.7132542,47.1171413],[28.7132544,47.1171433],[28.7132544,47.1171435],[28.7132544,47.1171439],[28.7132541,47.1171441],[28.7132538,47.1171442],[28.713252,47.1171451],[28.7132509,47.1171444],[28.7131861,47.1170898],[28.7131849,47.1170887],[28.7131834,47.1170876],[28.7131713,47.1170774],[28.7131706,47.1170767],[28.7131686,47.1170748],[28.7131673,47.1170738],[28.7131664,47.1170729],[28.7131657,47.1170716],[28.7131656,47.1170713],[28.7131645,47.1170694],[28.7131632,47.1170675],[28.7131616,47.1170658],[28.7131599,47.1170641],[28.7131598,47.117064],[28.7131572,47.1170621],[28.7131543,47.1170604],[28.7131524,47.1170594],[28.7131521,47.1170591],[28.7131516,47.1170586],[28.7131496,47.1170568],[28.7131483,47.1170557],[28.7131467,47.1170538],[28.7131448,47.1170518],[28.7131426,47.11705],[28.7131402,47.1170483],[28.7131389,47.1170475],[28.7131385,47.1170473],[28.7131384,47.1170472],[28.7131362,47.1170453],[28.7131338,47.1170435],[28.7131311,47.1170419],[28.7131281,47.1170406],[28.7131277,47.1170404],[28.7131276,47.1170403],[28.7131267,47.1170391],[28.7131249,47.1170373],[28.7131228,47.1170355],[28.7131222,47.1170351],[28.7131212,47.1170341],[28.7131192,47.1170326],[28.713117,47.1170312],[28.7131162,47.1170307],[28.713116,47.1170306],[28.7131146,47.1170289],[28.7131122,47.1170269],[28.7131016,47.1170186],[28.7131005,47.1170175],[28.7130998,47.1170166],[28.7130982,47.1170149],[28.7130963,47.1170132],[28.7130942,47.1170117],[28.7130935,47.1170112],[28.7130819,47.117002],[28.7130811,47.1170012],[28.7130792,47.1169994],[28.7130771,47.1169978],[28.7130764,47.1169974],[28.7130683,47.1169905],[28.7130664,47.1169885],[28.7130656,47.1169876],[28.7130637,47.1169858],[28.7130617,47.1169842],[28.7130594,47.1169828],[28.7130591,47.1169826],[28.7130576,47.1169816],[28.7130492,47.1169745],[28.7130481,47.1169733],[28.7130463,47.1169716],[28.7130442,47.1169699],[28.7130423,47.1169686],[28.7130405,47.1169669],[28.7130385,47.1169654],[28.7130295,47.1169578],[28.7130273,47.1169561],[28.7130248,47.1169546],[28.7130221,47.1169532],[28.7130192,47.116952],[28.7130162,47.1169511],[28.713013,47.1169503],[28.7130098,47.1169498],[28.7130065,47.1169495],[28.7130032,47.1169495],[28.712986,47.1169497],[28.7129855,47.1169497],[28.7129825,47.1169496],[28.7129815,47.1169497],[28.7129769,47.1169497],[28.7129731,47.1169499],[28.7129728,47.1169499],[28.7129395,47.1169504],[28.7129363,47.1169503],[28.7129358,47.1169503],[28.7129343,47.1169504],[28.7129314,47.1169505],[28.7129312,47.1169505],[28.7129279,47.1169506],[28.7129274,47.1169506],[28.7129017,47.116951],[28.7128985,47.1169509],[28.7128981,47.1169509],[28.7128981,47.1169509],[28.7128958,47.116951],[28.7128951,47.116951],[28.7128932,47.116951],[28.7128915,47.116951],[28.7128899,47.1169508],[28.7128887,47.1169501],[28.7128711,47.1169362],[28.7128689,47.1169346],[28.7128664,47.1169332],[28.7128638,47.1169319],[28.712861,47.1169308],[28.712858,47.1169299],[28.712855,47.1169293],[28.7128518,47.1169288],[28.7128486,47.1169285],[28.7128454,47.1169284],[28.7128422,47.1169286],[28.712839,47.116929],[28.7128359,47.1169296],[28.7128329,47.1169303],[28.71283,47.1169313],[28.7128273,47.1169325],[28.712822,47.116935],[28.7128218,47.1169351],[28.7128217,47.1169352],[28.7128207,47.1169345],[28.7127879,47.1169085],[28.7127875,47.1169081],[28.7127858,47.1169067],[28.7127846,47.1169058],[28.7127823,47.1169037],[28.7127802,47.116902],[28.7127795,47.1169016],[28.7127795,47.1169015],[28.712777,47.1168998],[28.7126889,47.1168295],[28.7126871,47.1168277],[28.7126857,47.1168263],[28.7126836,47.1168244],[28.7126813,47.1168228],[28.7126799,47.116822],[28.7126772,47.1168202],[28.7126749,47.1168184],[28.7126743,47.1168178],[28.7126724,47.1168161],[28.7126702,47.1168144],[28.7126683,47.1168132],[28.7126395,47.1167902],[28.7126383,47.1167891],[28.7126361,47.1167875],[28.7125909,47.1167514],[28.7125909,47.1167514],[28.7125889,47.1167496],[28.7125867,47.1167479],[28.7125854,47.1167471],[28.7125722,47.1167366],[28.7125713,47.1167357],[28.7125713,47.1167355]]]}},{"type":"Feature","id":27,"properties":{"vineyard_id":"V27","farm_id":"F21","area_m2":1084.449,"n_parcels":1,"cadastral_codes":["80371140152"],"landuse_counts":{"Teren pentru grădini":1}},"geometry":{"type":"Polygon","coordinates":[[[28.7145867,47.1165864],[28.7145867,47.1165856],[28.7145867,47.1165851],[28.7145865,47.116582],[28.7145864,47.1165816],[28.7145855,47.1165553],[28.7145856,47.1165551],[28.7145857,47.1165535],[28.7145856,47.1165518],[28.7145855,47.1165511],[28.7145855,47.1165491],[28.7145855,47.1165489],[28.7145855,47.1165477],[28.7145853,47.1165446],[28.7145852,47.1165442],[28.7145843,47.116517],[28.7145843,47.1165167],[28.7145842,47.1165138],[28.7145843,47.1165132],[28.7145843,47.1165118],[28.7145844,47.1165106],[28.7145841,47.1165075],[28.714584,47.1165071],[28.7145829,47.1164739],[28.7145829,47.1164738],[28.7145828,47.1164704],[28.7145829,47.1164698],[28.7145829,47.1164685],[28.714583,47.1164671],[28.7145829,47.1164664],[28.714583,47.1164652],[28.7145845,47.116465],[28.7146067,47.1164647],[28.7146073,47.1164647],[28.7146101,47.1164648],[28.7146121,47.1164647],[28.7146148,47.1164647],[28.7146192,47.1164646],[28.7146198,47.1164645],[28.714648,47.1164641],[28.7146486,47.1164641],[28.7146514,47.1164642],[28.7146533,47.1164641],[28.7146563,47.1164641],[28.7146606,47.1164639],[28.7146612,47.1164639],[28.7147023,47.1164633],[28.7147029,47.1164633],[28.7147057,47.1164634],[28.7147077,47.1164633],[28.7147093,47.1164633],[28.7147099,47.1164634],[28.7147121,47.1164635],[28.714714,47.1164637],[28.7147152,47.1164645],[28.7147946,47.116532],[28.7147956,47.1165331],[28.7147975,47.1165349],[28.7147997,47.1165366],[28.7148004,47.1165371],[28.7148573,47.1165853],[28.7148575,47.1165854],[28.7148591,47.1165868],[28.7148599,47.1165876],[28.7148601,47.1165878],[28.7148601,47.1165878],[28.714863,47.1165902],[28.7148639,47.1165911],[28.7148661,47.1165928],[28.7148662,47.1165929],[28.714873,47.1165987],[28.7148754,47.1166012],[28.7148782,47.1166037],[28.7148848,47.1166089],[28.7148862,47.1166101],[28.7148879,47.1166114],[28.7148885,47.1166118],[28.7149493,47.1166635],[28.7149505,47.1166647],[28.7149525,47.1166666],[28.7149548,47.1166683],[28.7149554,47.1166687],[28.7149584,47.1166712],[28.7149595,47.1166723],[28.714961,47.1166737],[28.7149627,47.1166751],[28.7149646,47.1166764],[28.7149887,47.1166969],[28.7149906,47.1166989],[28.7149927,47.1167008],[28.7149936,47.1167015],[28.7149993,47.1167061],[28.7149999,47.1167066],[28.7150016,47.1167082],[28.7150028,47.1167091],[28.7150271,47.1167297],[28.7150278,47.1167304],[28.7150297,47.1167323],[28.7150318,47.1167339],[28.7150342,47.1167356],[28.7150532,47.1167518],[28.7150535,47.1167522],[28.7150557,47.1167542],[28.7150574,47.1167555],[28.7150589,47.1167567],[28.7150617,47.1167595],[28.7150636,47.1167612],[28.7150658,47.1167628],[28.7150675,47.116764],[28.715069,47.1167652],[28.71507,47.1167663],[28.7150708,47.1167678],[28.7150721,47.1167698],[28.7150736,47.1167717],[28.7150754,47.1167735],[28.7150774,47.1167752],[28.7150797,47.1167767],[28.7150822,47.1167781],[28.7150848,47.1167793],[28.715085,47.1167794],[28.7150862,47.1167801],[28.715088,47.1167815],[28.715089,47.1167825],[28.7150903,47.1167842],[28.715092,47.116786],[28.7150939,47.1167877],[28.715096,47.1167893],[28.7150983,47.1167906],[28.7151,47.1167918],[28.715102,47.1167934],[28.7151029,47.1167943],[28.7151047,47.1167959],[28.7151066,47.1167974],[28.715107,47.1167977],[28.7151102,47.1168003],[28.7151113,47.1168014],[28.7151131,47.1168031],[28.7151152,47.1168046],[28.7151153,47.1168047],[28.7151251,47.1168129],[28.7151269,47.1168148],[28.7151284,47.1168162],[28.7151301,47.1168176],[28.7151303,47.1168177],[28.7151293,47.1168184],[28.7151285,47.1168189],[28.715127,47.1168198],[28.7151263,47.1168202],[28.7151257,47.1168206],[28.7151249,47.116821],[28.7151231,47.1168221],[28.7151218,47.1168229],[28.7151197,47.1168245],[28.7151177,47.1168262],[28.715116,47.1168281],[28.7151146,47.1168301],[28.7151135,47.1168322],[28.7151127,47.1168343],[28.7151122,47.1168365],[28.715112,47.1168387],[28.7151121,47.1168409],[28.7151126,47.1168431],[28.7151133,47.1168452],[28.7151144,47.1168473],[28.7151158,47.1168493],[28.7151174,47.1168512],[28.7151193,47.116853],[28.7151313,47.1168632],[28.7151321,47.116864],[28.715131,47.1168649],[28.7151301,47.1168654],[28.7151284,47.1168666],[28.7151262,47.1168682],[28.7151242,47.11687],[28.7151225,47.1168718],[28.7151211,47.1168738],[28.71512,47.1168759],[28.7151192,47.116878],[28.7151187,47.1168802],[28.7151185,47.1168824],[28.7151186,47.1168846],[28.7151191,47.1168868],[28.7151198,47.1168889],[28.7151209,47.116891],[28.7151222,47.116893],[28.7151238,47.1168949],[28.7151257,47.1168967],[28.7151468,47.1169147],[28.7151476,47.1169155],[28.7151466,47.1169162],[28.7151453,47.116917],[28.7151446,47.1169173],[28.7151437,47.1169174],[28.7151402,47.1169175],[28.7151396,47.1169175],[28.7151143,47.1169179],[28.7151137,47.1169178],[28.715111,47.1169178],[28.7151082,47.1169179],[28.7151075,47.1169179],[28.715107,47.116918],[28.715103,47.116918],[28.7151028,47.116918],[28.715071,47.1169185],[28.7150704,47.1169185],[28.7150676,47.1169184],[28.7150651,47.1169185],[28.715063,47.1169185],[28.7150583,47.1169187],[28.7150578,47.1169187],[28.7150302,47.1169191],[28.7150296,47.1169191],[28.7150267,47.116919],[28.7150243,47.1169191],[28.7150222,47.1169191],[28.7150174,47.1169193],[28.715017,47.1169193],[28.7149891,47.1169197],[28.7149885,47.1169197],[28.7149856,47.1169197],[28.714984,47.1169197],[28.7149806,47.1169197],[28.7149764,47.1169199],[28.7149759,47.1169199],[28.7149565,47.1169202],[28.714956,47.1169202],[28.7149531,47.1169201],[28.7149503,47.1169203],[28.7149497,47.1169203],[28.7149495,47.1169203],[28.7149453,47.1169204],[28.714945,47.1169204],[28.714924,47.1169207],[28.7149234,47.1169207],[28.7149206,47.1169206],[28.7149185,47.1169207],[28.7149181,47.1169207],[28.7149155,47.1169208],[28.7149141,47.1169207],[28.7149124,47.1169205],[28.7149112,47.1169197],[28.7149039,47.1169133],[28.7149026,47.116912],[28.7149004,47.1169103],[28.7148992,47.1169095],[28.7148914,47.1169028],[28.7148905,47.1169018],[28.7148886,47.1169001],[28.7148866,47.1168984],[28.7148854,47.1168976],[28.7148815,47.1168943],[28.714879,47.1168917],[28.7148772,47.11689],[28.7148752,47.1168884],[28.7148721,47.1168862],[28.7148586,47.1168747],[28.7148569,47.1168731],[28.7148426,47.116861],[28.7148425,47.1168609],[28.7148404,47.1168589],[28.7148393,47.1168581],[28.7148313,47.1168514],[28.7148294,47.1168494],[28.7148276,47.1168478],[28.7148257,47.1168463],[28.7148239,47.116845],[28.714811,47.1168338],[28.7148093,47.1168325],[28.7147639,47.1167937],[28.7147638,47.1167936],[28.714762,47.1167919],[28.7147599,47.1167903],[28.7147432,47.116776],[28.7147412,47.1167739],[28.7147392,47.116772],[28.714737,47.1167703],[28.7147347,47.1167687],[28.7147183,47.1167547],[28.7147178,47.1167541],[28.7147157,47.1167521],[28.7147132,47.1167503],[28.7147126,47.1167499],[28.714645,47.116692],[28.7146431,47.1166901],[28.7146413,47.1166883],[28.7146392,47.1166867],[28.7146366,47.1166848],[28.7145893,47.1166444],[28.7145885,47.1166436],[28.7145884,47.1166426],[28.7145884,47.1166421],[28.7145884,47.1166402],[28.7145884,47.1166373],[28.7145882,47.116634],[28.7145881,47.1166335],[28.7145876,47.1166181],[28.7145876,47.1166176],[28.7145875,47.1166171],[28.7145874,47.1166145],[28.7145875,47.116614],[28.7145876,47.1166126],[28.7145876,47.1166113],[28.7145873,47.1166082],[28.7145872,47.1166078],[28.7145867,47.1165927],[28.7145868,47.1165922],[28.7145869,47.11659],[28.7145868,47.1165892],[28.7145868,47.1165891],[28.7145867,47.1165884],[28.7145867,47.1165878],[28.7145867,47.1165871],[28.7145867,47.1165864]]]}},{"type":"Feature","id":28,"properties":{"vineyard_id":"V28","farm_id":"F21","area_m2":2328.219,"n_parcels":3,"cadastral_codes":["80371140148","80371140149","80371140150"],"landuse_counts":{"Teren pentru grădini":3}},"geometry":{"type":"Polygon","coordinates":[[[28.7148334,47.1164614],[28.7148334,47.1164614],[28.7148349,47.1164614],[28.7148394,47.1164613],[28.71484,47.1164612],[28.7148735,47.1164607],[28.7148741,47.1164607],[28.7148769,47.1164608],[28.7148789,47.1164607],[28.7148817,47.1164607],[28.7148861,47.1164606],[28.7148867,47.1164605],[28.714911,47.1164602],[28.7149115,47.1164602],[28.7149143,47.1164602],[28.7149163,47.1164602],[28.7149191,47.1164602],[28.7149235,47.11646],[28.7149241,47.11646],[28.7149398,47.1164597],[28.714943,47.1164596],[28.7149461,47.1164592],[28.7149492,47.1164587],[28.7149522,47.1164579],[28.7149551,47.1164569],[28.7149578,47.1164558],[28.7149603,47.1164545],[28.7149626,47.116453],[28.7149647,47.1164514],[28.7149666,47.1164496],[28.7149683,47.1164477],[28.7149696,47.1164458],[28.7149707,47.1164437],[28.7149714,47.1164416],[28.7149719,47.1164395],[28.7149721,47.1164373],[28.7149719,47.1164351],[28.7149715,47.116433],[28.7149707,47.1164309],[28.7149697,47.1164288],[28.7149683,47.1164269],[28.7149667,47.116425],[28.7149649,47.1164232],[28.7149577,47.1164171],[28.7149566,47.116416],[28.7149548,47.1164142],[28.7149526,47.1164125],[28.7149513,47.1164116],[28.714949,47.1164096],[28.7149472,47.1164079],[28.7149451,47.1164063],[28.7149446,47.1164059],[28.7149369,47.1163994],[28.7149356,47.1163979],[28.7149339,47.1163963],[28.7149321,47.1163948],[28.7149281,47.1163917],[28.7149277,47.1163914],[28.7149253,47.1163894],[28.7149182,47.1163834],[28.7149173,47.1163825],[28.7149183,47.1163816],[28.7149185,47.1163814],[28.7149187,47.1163813],[28.7149191,47.1163811],[28.7149194,47.1163808],[28.7149203,47.1163802],[28.7149205,47.1163801],[28.714921,47.1163799],[28.714922,47.1163793],[28.7149245,47.1163778],[28.7149249,47.1163776],[28.7149263,47.1163767],[28.7149286,47.1163751],[28.7149305,47.1163733],[28.7149323,47.1163713],[28.7149337,47.1163693],[28.7149348,47.1163672],[28.7149356,47.116365],[28.7149361,47.1163628],[28.7149362,47.1163605],[28.714936,47.1163583],[28.7149355,47.1163561],[28.7149347,47.1163539],[28.7149336,47.1163518],[28.7149321,47.1163498],[28.7149304,47.1163479],[28.7149297,47.1163471],[28.7149296,47.1163461],[28.7149297,47.1163455],[28.7149299,47.1163445],[28.71493,47.1163444],[28.7149301,47.1163443],[28.7149301,47.1163443],[28.7149317,47.1163434],[28.7149325,47.116343],[28.7149347,47.1163416],[28.7149347,47.1163416],[28.7149374,47.1163401],[28.7149397,47.1163387],[28.7149418,47.1163371],[28.7149437,47.1163353],[28.7149454,47.1163335],[28.7149467,47.1163316],[28.7149478,47.1163296],[28.7149486,47.1163275],[28.7149491,47.1163254],[28.7149494,47.1163232],[28.7149493,47.1163211],[28.7149489,47.1163189],[28.7149485,47.1163175],[28.7149502,47.1163164],[28.7149512,47.1163158],[28.7149527,47.116315],[28.7149552,47.1163136],[28.7149554,47.1163134],[28.7149664,47.1163075],[28.714969,47.1163059],[28.7149714,47.1163041],[28.7149735,47.1163021],[28.7149743,47.1163013],[28.7149754,47.1163006],[28.714977,47.1162996],[28.7149777,47.1162992],[28.7149781,47.116299],[28.714979,47.1162984],[28.71498,47.1162979],[28.7149808,47.1162974],[28.7149975,47.116288],[28.7149999,47.1162866],[28.715002,47.116285],[28.7150039,47.1162832],[28.7150053,47.1162818],[28.7150065,47.116281],[28.7150079,47.1162802],[28.7150082,47.11628],[28.7150086,47.1162798],[28.7150107,47.1162787],[28.7150113,47.1162783],[28.7150261,47.1162701],[28.7150287,47.1162685],[28.715031,47.1162667],[28.715033,47.1162648],[28.7150344,47.1162633],[28.7150355,47.1162626],[28.7150363,47.1162621],[28.7150373,47.1162614],[28.715038,47.1162611],[28.7150397,47.1162601],[28.7150406,47.1162595],[28.7150479,47.1162554],[28.7150506,47.1162537],[28.715053,47.1162518],[28.7150546,47.1162504],[28.715056,47.1162493],[28.7150565,47.1162491],[28.7150567,47.1162489],[28.715057,47.1162488],[28.7150594,47.1162474],[28.7150601,47.116247],[28.7150783,47.1162366],[28.7150807,47.116235],[28.7150829,47.1162333],[28.7150847,47.1162316],[28.7150858,47.1162308],[28.7150862,47.1162305],[28.7150878,47.1162295],[28.7150879,47.1162294],[28.7150888,47.116229],[28.7150903,47.1162281],[28.7150914,47.1162274],[28.7151136,47.1162151],[28.7151156,47.1162138],[28.715117,47.1162128],[28.7151189,47.1162117],[28.7151192,47.1162115],[28.7151197,47.1162112],[28.7151204,47.1162109],[28.7151222,47.1162099],[28.7151235,47.1162094],[28.7151267,47.1162095],[28.7151299,47.1162095],[28.7151332,47.1162092],[28.7151363,47.1162087],[28.7151395,47.1162081],[28.7151425,47.1162072],[28.7151453,47.1162061],[28.715148,47.1162048],[28.7151529,47.1162022],[28.7151555,47.116201],[28.7151567,47.1162002],[28.7151572,47.1162],[28.7151573,47.1162],[28.71516,47.1161996],[28.7151631,47.1161988],[28.7151661,47.1161979],[28.715169,47.1161967],[28.7151716,47.1161954],[28.7151859,47.1161873],[28.7151863,47.1161872],[28.7151887,47.1161859],[28.7151909,47.1161846],[28.715191,47.1161845],[28.7151911,47.1161845],[28.7151922,47.1161839],[28.7151935,47.1161834],[28.7151945,47.1161841],[28.7152037,47.1161918],[28.7152059,47.1161935],[28.7152083,47.116195],[28.7152109,47.1161964],[28.7152138,47.1161975],[28.7152167,47.1161985],[28.7152198,47.1161992],[28.715223,47.1161998],[28.7152263,47.1162001],[28.7152296,47.1162002],[28.7152328,47.1162],[28.7152361,47.1161997],[28.7152393,47.1161991],[28.7152423,47.1161983],[28.7152453,47.1161973],[28.7152481,47.1161961],[28.7152482,47.1161961],[28.7152505,47.1161949],[28.7152512,47.1161945],[28.7152525,47.1161938],[28.7152536,47.1161945],[28.715267,47.1162052],[28.7152695,47.1162075],[28.7152714,47.1162092],[28.7152735,47.1162108],[28.7152765,47.1162128],[28.7153007,47.1162322],[28.7153038,47.1162353],[28.7153059,47.1162372],[28.7153082,47.116239],[28.7153087,47.1162394],[28.7153092,47.1162402],[28.7153107,47.1162416],[28.715311,47.116242],[28.7153116,47.1162434],[28.7153129,47.1162454],[28.7153144,47.1162473],[28.7153162,47.1162491],[28.7153182,47.1162508],[28.7153204,47.1162523],[28.7153229,47.1162537],[28.7153256,47.1162549],[28.7153284,47.116256],[28.7153285,47.116256],[28.7153299,47.1162568],[28.7153308,47.1162574],[28.7153319,47.1162582],[28.7153327,47.1162592],[28.7153338,47.1162606],[28.7153356,47.1162626],[28.7153377,47.1162644],[28.7153401,47.116266],[28.7153427,47.1162675],[28.7153434,47.1162678],[28.7153468,47.1162696],[28.7153487,47.1162708],[28.7153498,47.1162717],[28.7153512,47.1162734],[28.7153528,47.1162753],[28.7153546,47.116277],[28.7153568,47.1162786],[28.7153591,47.1162801],[28.7153604,47.1162808],[28.7153609,47.1162811],[28.7153621,47.1162823],[28.7153644,47.116284],[28.715367,47.1162856],[28.7153677,47.116286],[28.7153687,47.1162867],[28.715369,47.116287],[28.7153711,47.1162896],[28.7153728,47.1162914],[28.7153748,47.1162932],[28.715377,47.1162948],[28.7153795,47.1162963],[28.7153804,47.1162967],[28.7153804,47.1162967],[28.7153823,47.1162977],[28.7153832,47.1162983],[28.7153888,47.1163027],[28.715391,47.1163043],[28.7153934,47.1163058],[28.7153961,47.116307],[28.7153989,47.1163081],[28.7154018,47.116309],[28.7154049,47.1163097],[28.715408,47.1163102],[28.7154112,47.1163105],[28.7154144,47.1163106],[28.7154177,47.1163104],[28.7154208,47.1163101],[28.7154239,47.1163095],[28.715427,47.1163087],[28.7154298,47.1163077],[28.7154326,47.1163065],[28.7154329,47.1163064],[28.7154363,47.1163045],[28.7154368,47.1163042],[28.7154369,47.1163042],[28.715437,47.1163041],[28.7154386,47.1163043],[28.7154397,47.1163044],[28.7154428,47.1163047],[28.715444,47.1163055],[28.7154473,47.1163082],[28.7154482,47.1163091],[28.7154482,47.1163092],[28.7154489,47.1163109],[28.7154501,47.116313],[28.7154515,47.1163149],[28.7154532,47.1163168],[28.7154552,47.1163186],[28.7155026,47.1163565],[28.715505,47.1163582],[28.7155077,47.1163598],[28.7155105,47.1163611],[28.7155108,47.1163612],[28.7155108,47.1163612],[28.7155135,47.1163623],[28.7155139,47.1163629],[28.7155154,47.1163648],[28.7155172,47.1163667],[28.7155193,47.1163684],[28.7155217,47.11637],[28.7155242,47.1163714],[28.715527,47.1163727],[28.7155271,47.1163727],[28.7155282,47.1163734],[28.7155344,47.1163779],[28.7155354,47.1163789],[28.7155355,47.116379],[28.7155361,47.1163806],[28.7155373,47.1163827],[28.7155387,47.1163847],[28.7155405,47.1163866],[28.7155425,47.1163884],[28.7155532,47.116397],[28.7155552,47.1163985],[28.7155574,47.1163998],[28.7155598,47.116401],[28.7155623,47.1164021],[28.715565,47.116403],[28.7155651,47.116403],[28.7155656,47.1164032],[28.7155669,47.116404],[28.7155689,47.1164055],[28.7155699,47.1164065],[28.7155714,47.1164084],[28.7155731,47.1164103],[28.715575,47.116412],[28.7155772,47.1164136],[28.7155792,47.1164149],[28.7155811,47.1164161],[28.7155832,47.1164172],[28.7155835,47.1164173],[28.7155847,47.1164181],[28.7155864,47.1164197],[28.7155876,47.116421],[28.7155877,47.1164212],[28.7155893,47.1164231],[28.7155911,47.1164248],[28.7155931,47.1164265],[28.7155954,47.116428],[28.7155978,47.1164293],[28.7155987,47.1164297],[28.7156001,47.1164306],[28.7156031,47.1164334],[28.7156036,47.1164338],[28.7156039,47.1164342],[28.7156058,47.1164363],[28.7156076,47.1164382],[28.7156096,47.1164399],[28.7156118,47.1164414],[28.7156143,47.1164428],[28.7156166,47.1164439],[28.7156179,47.1164447],[28.7156205,47.1164459],[28.7156233,47.1164469],[28.7156262,47.1164478],[28.7156292,47.1164485],[28.7156323,47.1164489],[28.7156354,47.1164492],[28.7156386,47.1164493],[28.7156641,47.1164489],[28.7156647,47.1164489],[28.7156675,47.116449],[28.7156693,47.1164489],[28.7156708,47.1164489],[28.7156726,47.1164491],[28.7156754,47.1164492],[28.7156765,47.1164492],[28.7156776,47.11645],[28.7157276,47.1164921],[28.7157279,47.1164924],[28.7157301,47.1164945],[28.7157322,47.1164961],[28.7157348,47.1164982],[28.7157357,47.1164991],[28.7157355,47.1164997],[28.7157351,47.1165004],[28.7157338,47.1165012],[28.7157326,47.1165018],[28.7157312,47.1165025],[28.7157307,47.1165027],[28.7157302,47.1165027],[28.7157289,47.1165026],[28.7157255,47.1165027],[28.7157221,47.116503],[28.7157188,47.1165035],[28.7157156,47.1165043],[28.7157125,47.1165053],[28.7157096,47.1165065],[28.7157069,47.1165079],[28.7157008,47.1165114],[28.7157005,47.1165115],[28.7156982,47.1165127],[28.7156961,47.1165139],[28.715696,47.116514],[28.7156947,47.1165147],[28.7156929,47.1165158],[28.7156891,47.1165181],[28.7156867,47.1165196],[28.7156845,47.1165213],[28.7156826,47.1165232],[28.715681,47.1165251],[28.7156797,47.1165272],[28.7156787,47.1165293],[28.715678,47.1165315],[28.7156777,47.1165338],[28.7156776,47.1165353],[28.7156776,47.1165355],[28.7156766,47.1165362],[28.7156753,47.1165371],[28.7156747,47.1165374],[28.7156741,47.1165377],[28.7156725,47.116538],[28.7156709,47.116538],[28.7156694,47.1165376],[28.7156664,47.1165369],[28.7156633,47.1165365],[28.7156602,47.1165362],[28.715657,47.1165362],[28.7156538,47.1165363],[28.7156507,47.1165367],[28.7156477,47.1165373],[28.7156447,47.116538],[28.7156419,47.116539],[28.7156392,47.1165401],[28.7156366,47.1165414],[28.7156347,47.1165426],[28.7156346,47.1165426],[28.7156321,47.1165439],[28.7156321,47.1165439],[28.715632,47.116544],[28.7156319,47.116544],[28.7156319,47.116544],[28.7156318,47.1165441],[28.7156305,47.1165449],[28.7156289,47.1165457],[28.7156287,47.1165458],[28.7156263,47.1165473],[28.7156261,47.1165475],[28.7156097,47.1165567],[28.7156074,47.1165582],[28.7156052,47.1165598],[28.7156033,47.1165616],[28.7156017,47.1165634],[28.7156006,47.116565],[28.7156005,47.1165651],[28.7156002,47.1165653],[28.7155989,47.116566],[28.7155964,47.1165676],[28.7155964,47.1165676],[28.7155815,47.1165761],[28.715579,47.1165777],[28.7155768,47.1165794],[28.7155749,47.1165812],[28.7155736,47.1165827],[28.7155733,47.1165829],[28.715572,47.1165835],[28.7155696,47.1165851],[28.7155694,47.1165852],[28.715569,47.1165855],[28.7155666,47.116587],[28.7155644,47.1165888],[28.7155625,47.1165907],[28.7155609,47.1165927],[28.7155596,47.1165948],[28.7155586,47.1165971],[28.7155579,47.1165993],[28.7155576,47.1166016],[28.7155577,47.1166039],[28.7155581,47.1166062],[28.7155583,47.116607],[28.7155577,47.1166086],[28.7155574,47.1166096],[28.7155574,47.1166097],[28.7155559,47.1166104],[28.7155546,47.1166109],[28.7155522,47.1166122],[28.7155278,47.1166262],[28.7155274,47.1166263],[28.7155249,47.1166277],[28.7155236,47.1166284],[28.715523,47.1166287],[28.7155229,47.1166288],[28.7155194,47.1166309],[28.7155192,47.116631],[28.7155153,47.1166332],[28.7155129,47.1166347],[28.7155108,47.1166363],[28.7155088,47.1166381],[28.7155072,47.11664],[28.7155058,47.1166419],[28.7155047,47.116644],[28.7155039,47.1166462],[28.7155034,47.1166483],[28.7155033,47.1166506],[28.7155033,47.1166507],[28.715503,47.1166509],[28.7155017,47.1166515],[28.7154992,47.1166531],[28.7154991,47.1166531],[28.7154856,47.1166609],[28.7154832,47.1166624],[28.715481,47.1166641],[28.7154791,47.1166659],[28.7154784,47.1166668],[28.7154772,47.1166681],[28.7154762,47.1166688],[28.715476,47.1166689],[28.7154741,47.1166699],[28.715473,47.1166706],[28.7154559,47.1166803],[28.7154534,47.1166818],[28.7154511,47.1166836],[28.7154491,47.1166854],[28.715448,47.1166868],[28.7154474,47.1166873],[28.715446,47.1166882],[28.7154459,47.1166882],[28.7154444,47.116689],[28.7154422,47.1166904],[28.7154419,47.1166906],[28.7154275,47.1166984],[28.7154253,47.1166997],[28.7154233,47.1167012],[28.7154214,47.1167027],[28.7154198,47.1167044],[28.7154184,47.1167061],[28.7154178,47.116707],[28.7154177,47.116707],[28.7154159,47.1167083],[28.7154154,47.1167082],[28.7154145,47.116708],[28.7154137,47.1167078],[28.7154131,47.1167077],[28.7154103,47.1167059],[28.7154071,47.1167044],[28.7154062,47.1167035],[28.7154044,47.1167015],[28.715403,47.1166996],[28.7154013,47.1166977],[28.7153993,47.116696],[28.7153971,47.1166944],[28.7153946,47.116693],[28.715392,47.1166918],[28.7153892,47.1166907],[28.7153863,47.1166898],[28.7153833,47.1166891],[28.7153802,47.1166886],[28.715377,47.1166884],[28.7153738,47.1166883],[28.7153706,47.1166885],[28.7153674,47.1166888],[28.7153644,47.1166894],[28.7153614,47.1166901],[28.7153585,47.1166911],[28.7153558,47.1166923],[28.7153532,47.1166936],[28.7153527,47.1166939],[28.7153523,47.1166941],[28.7153516,47.1166941],[28.7153493,47.1166939],[28.7153461,47.1166938],[28.7153438,47.1166935],[28.7153405,47.1166933],[28.7153372,47.1166934],[28.7153339,47.1166937],[28.7153307,47.1166942],[28.7153275,47.1166949],[28.7153245,47.1166958],[28.7153216,47.1166969],[28.7153189,47.1166983],[28.7153073,47.1167046],[28.7153072,47.1167047],[28.7153046,47.116706],[28.7153025,47.1167072],[28.7153003,47.1167084],[28.715299,47.1167089],[28.7152988,47.1167089],[28.7152964,47.116709],[28.7152932,47.1167093],[28.7152899,47.1167098],[28.7152868,47.1167105],[28.7152838,47.1167115],[28.7152809,47.1167127],[28.7152782,47.116714],[28.7152758,47.1167155],[28.7152736,47.1167172],[28.7152716,47.116719],[28.7152699,47.116721],[28.7152685,47.116723],[28.7152674,47.1167252],[28.7152667,47.1167274],[28.7152663,47.1167296],[28.7152662,47.1167319],[28.7152668,47.1167521],[28.7152667,47.1167531],[28.7152666,47.116755],[28.7152668,47.116757],[28.7152668,47.1167572],[28.7152668,47.1167573],[28.715266,47.1167567],[28.7152638,47.1167549],[28.7152619,47.1167534],[28.7152597,47.116752],[28.7152574,47.1167508],[28.7152549,47.1167496],[28.7152523,47.1167487],[28.7152513,47.1167484],[28.7152503,47.1167476],[28.7152492,47.1167467],[28.7152471,47.1167451],[28.7152448,47.1167436],[28.7152422,47.1167423],[28.7152395,47.1167411],[28.7152367,47.1167401],[28.7152337,47.1167394],[28.7152307,47.1167388],[28.7152276,47.1167384],[28.7152244,47.1167382],[28.7152212,47.1167383],[28.7152181,47.1167385],[28.715215,47.116739],[28.715212,47.1167396],[28.715209,47.1167405],[28.7152063,47.1167415],[28.7152036,47.1167428],[28.7152012,47.1167441],[28.715199,47.1167457],[28.715197,47.1167473],[28.7151952,47.1167491],[28.7151937,47.1167511],[28.7151925,47.1167531],[28.7151915,47.1167551],[28.7151909,47.1167572],[28.7151905,47.1167594],[28.7151905,47.1167616],[28.7151905,47.1167617],[28.7151893,47.1167626],[28.7151872,47.116764],[28.7151852,47.116765],[28.7151841,47.1167643],[28.7151811,47.116762],[28.7151802,47.1167611],[28.71518,47.1167604],[28.7151789,47.1167581],[28.7151775,47.1167559],[28.7151758,47.1167538],[28.7151737,47.1167518],[28.715162,47.1167418],[28.7151596,47.11674],[28.715157,47.1167384],[28.7151542,47.116737],[28.7151534,47.1167365],[28.7151524,47.1167358],[28.71515,47.1167341],[28.7151473,47.1167326],[28.7151457,47.1167317],[28.7151455,47.1167316],[28.7151446,47.1167301],[28.7151429,47.116728],[28.7151408,47.1167261],[28.7151386,47.1167244],[28.7151363,47.116723],[28.7151343,47.1167216],[28.7150673,47.116665],[28.715066,47.1166637],[28.7150641,47.1166619],[28.7150619,47.1166602],[28.7150607,47.1166594],[28.7150321,47.116635],[28.7150321,47.116635],[28.71503,47.116633],[28.715028,47.1166314],[28.7150225,47.1166267],[28.7150211,47.1166252],[28.7150196,47.1166235],[28.7150177,47.1166217],[28.7150155,47.11662],[28.7150131,47.1166185],[28.715013,47.1166184],[28.7150114,47.1166173],[28.7150046,47.1166115],[28.7150045,47.1166114],[28.7150026,47.1166096],[28.715002,47.1166091],[28.7149168,47.1165366],[28.7149164,47.1165361],[28.7149142,47.1165341],[28.7149126,47.1165329],[28.7149112,47.1165317],[28.7149088,47.1165294],[28.714907,47.1165277],[28.7149049,47.1165261],[28.7149034,47.1165252],[28.7148697,47.1164963],[28.714869,47.1164955],[28.7148672,47.1164938],[28.7148662,47.116493],[28.714864,47.1164911],[28.7148618,47.1164889],[28.7148591,47.1164869],[28.7148572,47.1164856],[28.7148544,47.1164832],[28.7148533,47.1164821],[28.7148512,47.1164801],[28.7148487,47.1164782],[28.7148485,47.1164781],[28.714832,47.1164642],[28.7148313,47.1164634],[28.714832,47.1164625],[28.7148321,47.1164624],[28.7148327,47.1164619],[28.7148331,47.1164616],[28.7148332,47.1164615],[28.7148334,47.1164614]]]}},{"type":"Feature","id":29,"properties":{"vineyard_id":"V29","farm_id":"F22","area_m2":1252.568,"n_parcels":2,"cadastral_codes":["80371140089","80371140091"],"landuse_counts":{"Teren pentru grădini":2}},"geometry":{"type":"Polygon","coordinates":[[[28.7133809,47.1160536],[28.7133819,47.1160529],[28.713383,47.1160522],[28.7133837,47.1160518],[28.7133844,47.1160514],[28.7133853,47.1160509],[28.7133865,47.1160503],[28.7133876,47.116051],[28.7134114,47.1160695],[28.7134124,47.1160705],[28.7134137,47.1160726],[28.7134151,47.1160746],[28.7134168,47.1160765],[28.7134188,47.1160783],[28.713421,47.1160799],[28.7134234,47.1160814],[28.7134261,47.1160827],[28.7134289,47.1160838],[28.7134319,47.1160847],[28.713435,47.1160854],[28.7134382,47.1160859],[28.7134414,47.1160862],[28.7134447,47.1160863],[28.713448,47.1160861],[28.7134512,47.1160858],[28.7134543,47.1160852],[28.7134574,47.1160844],[28.7134603,47.1160833],[28.7134631,47.1160821],[28.7134656,47.1160808],[28.7134662,47.1160804],[28.7134683,47.1160793],[28.713469,47.1160788],[28.7134713,47.1160773],[28.7134734,47.1160756],[28.7134752,47.1160738],[28.7134767,47.1160719],[28.7134779,47.1160699],[28.7134789,47.1160678],[28.7134796,47.1160656],[28.7134799,47.1160635],[28.71348,47.1160613],[28.7134797,47.1160591],[28.7134791,47.1160569],[28.7134782,47.1160548],[28.7134771,47.1160528],[28.7134756,47.1160509],[28.7134739,47.116049],[28.7134719,47.1160473],[28.7134696,47.1160457],[28.7134673,47.1160442],[28.7134546,47.1160342],[28.7134541,47.1160337],[28.713452,47.1160319],[28.7134497,47.1160303],[28.7134494,47.1160301],[28.7134414,47.1160238],[28.7134405,47.116023],[28.7134408,47.1160228],[28.7134428,47.1160215],[28.713446,47.1160215],[28.7134491,47.1160213],[28.7134495,47.1160213],[28.7134758,47.1160209],[28.713479,47.116021],[28.7134792,47.116021],[28.7134792,47.116021],[28.7134859,47.1160209],[28.713489,47.1160207],[28.7134893,47.1160207],[28.7135197,47.1160202],[28.7135229,47.1160203],[28.7135234,47.1160203],[28.7135265,47.1160203],[28.7135268,47.1160204],[28.7135298,47.1160215],[28.7135329,47.1160225],[28.7135352,47.116023],[28.7135363,47.1160238],[28.7135525,47.1160367],[28.7135537,47.1160378],[28.7135558,47.1160394],[28.713557,47.1160403],[28.7135592,47.1160422],[28.713562,47.1160441],[28.7135621,47.1160442],[28.7135833,47.116061],[28.7135836,47.1160613],[28.7135853,47.1160628],[28.7135862,47.1160634],[28.7135892,47.116066],[28.713592,47.1160681],[28.7135931,47.1160688],[28.7135976,47.1160723],[28.7135994,47.1160741],[28.7136016,47.1160759],[28.713604,47.1160776],[28.7136042,47.1160777],[28.7136056,47.1160787],[28.7137547,47.1161971],[28.7137559,47.116198],[28.713779,47.1162162],[28.7137791,47.1162163],[28.713781,47.1162179],[28.713819,47.116248],[28.7138209,47.1162499],[28.7138229,47.1162516],[28.7138251,47.1162532],[28.7138275,47.1162547],[28.7138511,47.1162734],[28.7138533,47.116275],[28.7138557,47.1162764],[28.7138584,47.1162777],[28.7138612,47.1162788],[28.7138641,47.1162796],[28.7138672,47.1162803],[28.7138703,47.1162808],[28.7138735,47.1162811],[28.7138767,47.1162812],[28.71388,47.116281],[28.7138831,47.1162806],[28.7138862,47.11628],[28.7138892,47.1162793],[28.7138921,47.1162783],[28.7138949,47.1162771],[28.7138974,47.1162758],[28.7138998,47.1162742],[28.7139019,47.1162726],[28.7139022,47.1162723],[28.713903,47.1162718],[28.7139041,47.1162711],[28.7139053,47.1162717],[28.7139877,47.1163256],[28.7139905,47.1163279],[28.7139928,47.1163295],[28.7139952,47.116331],[28.7139954,47.1163311],[28.7139992,47.1163331],[28.7140009,47.1163342],[28.7140018,47.1163349],[28.714004,47.1163365],[28.7140065,47.116338],[28.7140071,47.1163383],[28.714008,47.1163391],[28.7140101,47.1163406],[28.7140124,47.1163419],[28.7140143,47.1163429],[28.7140651,47.1163764],[28.7140665,47.1163775],[28.7140684,47.1163789],[28.7140704,47.1163802],[28.7140735,47.116382],[28.7140746,47.1163828],[28.7140779,47.1163848],[28.7140783,47.116385],[28.7141571,47.1164367],[28.7141595,47.1164386],[28.7141618,47.1164403],[28.7141643,47.1164418],[28.7141675,47.1164435],[28.7141679,47.1164437],[28.7141689,47.1164445],[28.7141711,47.1164461],[28.7141734,47.1164475],[28.7141749,47.1164483],[28.7141749,47.1164483],[28.7141765,47.1164495],[28.7141783,47.1164505],[28.7141807,47.1164521],[28.714181,47.1164524],[28.7141829,47.1164538],[28.714185,47.116455],[28.7141862,47.1164557],[28.7141964,47.1164626],[28.7141979,47.1164637],[28.7142008,47.1164657],[28.7142045,47.116468],[28.7142047,47.1164681],[28.7142056,47.1164689],[28.7142047,47.1164697],[28.714204,47.1164701],[28.7142037,47.1164704],[28.7142015,47.1164717],[28.7141992,47.1164732],[28.714197,47.1164748],[28.7141952,47.1164766],[28.7141936,47.1164786],[28.7141923,47.1164806],[28.7141912,47.1164827],[28.7141905,47.1164848],[28.7141901,47.116487],[28.71419,47.1164892],[28.7141902,47.1164914],[28.7141908,47.1164936],[28.7141916,47.1164957],[28.7141928,47.1164978],[28.7141942,47.1164998],[28.7141959,47.1165016],[28.7141979,47.1165034],[28.7142169,47.1165185],[28.7142177,47.1165193],[28.7142167,47.1165201],[28.7142159,47.1165205],[28.7142153,47.116521],[28.7142145,47.1165213],[28.7142132,47.1165221],[28.714212,47.1165229],[28.7142044,47.1165275],[28.7142023,47.116529],[28.7142003,47.1165306],[28.7141986,47.1165323],[28.714197,47.1165341],[28.7141958,47.116536],[28.7141948,47.1165379],[28.7141945,47.1165387],[28.7141944,47.116539],[28.7141932,47.1165398],[28.7141931,47.1165398],[28.7141924,47.1165402],[28.7141913,47.1165408],[28.7141896,47.1165418],[28.7141878,47.1165429],[28.7141817,47.1165463],[28.7141792,47.1165478],[28.7141769,47.1165495],[28.7141749,47.1165514],[28.7141732,47.1165534],[28.7141719,47.1165555],[28.7141708,47.1165577],[28.7141704,47.1165589],[28.7141703,47.1165592],[28.7141698,47.1165595],[28.7141693,47.1165598],[28.7141678,47.1165608],[28.7141671,47.1165612],[28.7141671,47.1165612],[28.714167,47.1165612],[28.7141663,47.1165616],[28.7141662,47.1165616],[28.7141646,47.1165625],[28.7141645,47.1165625],[28.7141615,47.1165619],[28.7141584,47.1165615],[28.7141553,47.1165613],[28.7141521,47.1165613],[28.714149,47.1165615],[28.7141459,47.1165619],[28.7141429,47.1165625],[28.71414,47.1165633],[28.7141383,47.1165639],[28.7141355,47.1165649],[28.7141328,47.1165661],[28.7141302,47.1165675],[28.7141091,47.11658],[28.7141088,47.1165802],[28.7141063,47.1165816],[28.7141049,47.1165825],[28.7141033,47.1165833],[28.714101,47.1165849],[28.7141007,47.116585],[28.7140953,47.1165883],[28.714093,47.1165898],[28.7140909,47.1165915],[28.714089,47.1165933],[28.7140875,47.1165952],[28.7140861,47.1165972],[28.7140851,47.1165993],[28.7140845,47.1166014],[28.7140843,47.1166015],[28.7140819,47.1166028],[28.7140808,47.1166034],[28.714058,47.1166167],[28.7140577,47.1166169],[28.7140552,47.1166182],[28.7140539,47.116619],[28.7140537,47.1166191],[28.7140534,47.116619],[28.7140525,47.1166186],[28.7140498,47.1166178],[28.7140444,47.1166162],[28.7140413,47.1166155],[28.7140381,47.1166149],[28.7140349,47.1166146],[28.7140316,47.1166145],[28.7140284,47.1166146],[28.7140252,47.1166149],[28.714022,47.1166155],[28.7140189,47.1166162],[28.714016,47.1166172],[28.7140132,47.1166184],[28.7140127,47.1166186],[28.7140101,47.1166199],[28.7140089,47.1166207],[28.7140086,47.1166208],[28.7140075,47.1166208],[28.7140075,47.1166208],[28.7140051,47.1166208],[28.7140047,47.1166208],[28.7140036,47.11662],[28.7139861,47.116606],[28.7139856,47.1166056],[28.7139838,47.1166039],[28.7139817,47.1166024],[28.7139813,47.1166021],[28.713977,47.1165986],[28.7139749,47.1165965],[28.7139733,47.1165949],[28.7139714,47.1165935],[28.7139694,47.1165922],[28.7139692,47.116592],[28.7139678,47.1165908],[28.7139659,47.1165894],[28.7139653,47.1165891],[28.7139556,47.1165811],[28.7139548,47.1165803],[28.7139529,47.1165786],[28.7139508,47.116577],[28.7139495,47.1165761],[28.7139475,47.1165745],[28.7139461,47.116573],[28.7139441,47.1165713],[28.713942,47.1165696],[28.71394,47.1165683],[28.7139209,47.1165525],[28.71392,47.1165517],[28.7139197,47.1165515],[28.7139197,47.1165515],[28.7139157,47.1165483],[28.7139148,47.1165475],[28.7139145,47.1165472],[28.7139143,47.1165466],[28.7139132,47.1165446],[28.7139118,47.1165428],[28.7139114,47.1165424],[28.7139103,47.116541],[28.7139102,47.1165405],[28.7139102,47.1165397],[28.7139103,47.1165383],[28.7139102,47.1165366],[28.71391,47.1165349],[28.7139099,47.1165345],[28.7139093,47.1165144],[28.713909,47.1165121],[28.7139085,47.11651],[28.7139076,47.1165078],[28.7139065,47.1165057],[28.713905,47.1165037],[28.7139032,47.1165019],[28.7139012,47.1165001],[28.7138982,47.1164977],[28.7138975,47.1164971],[28.7138952,47.1164952],[28.7138861,47.1164882],[28.7138859,47.1164881],[28.7138841,47.1164866],[28.7138821,47.1164852],[28.7138816,47.1164848],[28.7138742,47.116479],[28.7138724,47.1164772],[28.7138702,47.1164753],[28.7138687,47.1164743],[28.7138603,47.1164676],[28.7138591,47.1164666],[28.7138588,47.1164661],[28.7138572,47.1164645],[28.7138559,47.1164634],[28.7138559,47.1164634],[28.7138539,47.1164616],[28.7138517,47.1164601],[28.7138494,47.1164587],[28.713847,47.1164571],[28.7138455,47.116456],[28.7138432,47.1164543],[28.7138428,47.116454],[28.713831,47.1164448],[28.7138303,47.1164442],[28.7138283,47.1164425],[28.7138261,47.1164409],[28.7138261,47.1164409],[28.713813,47.1164306],[28.7138116,47.1164293],[28.7138095,47.1164275],[28.7138073,47.116426],[28.7138065,47.1164254],[28.7137678,47.1163953],[28.7137672,47.1163948],[28.7137652,47.1163931],[28.713763,47.1163915],[28.7137626,47.1163912],[28.7137528,47.1163836],[28.7137522,47.116383],[28.7137502,47.1163813],[28.7137481,47.1163798],[28.7137079,47.1163485],[28.7137066,47.1163473],[28.7137063,47.116347],[28.7137046,47.1163451],[28.7137025,47.1163434],[28.7137003,47.1163419],[28.7136997,47.1163415],[28.7136966,47.1163396],[28.713481,47.1161712],[28.7134806,47.1161709],[28.7134783,47.1161688],[28.7134757,47.116167],[28.7134751,47.1161666],[28.7134053,47.1161121],[28.7134045,47.1161113],[28.7134055,47.1161105],[28.713406,47.1161101],[28.7134073,47.1161092],[28.7134091,47.116108],[28.7134096,47.1161077],[28.7134118,47.1161061],[28.7134137,47.1161044],[28.7134153,47.1161026],[28.7134167,47.1161007],[28.7134178,47.1160987],[28.7134187,47.1160966],[28.7134192,47.1160945],[28.7134195,47.1160924],[28.7134194,47.1160902],[28.7134191,47.1160881],[28.7134184,47.116086],[28.7134175,47.1160839],[28.7134163,47.116082],[28.7134148,47.1160801],[28.713413,47.1160783],[28.713411,47.1160766],[28.7134088,47.1160751],[28.7134073,47.1160741],[28.7133818,47.1160544],[28.7133809,47.1160536]]]}},{"type":"Feature","id":30,"properties":{"vineyard_id":"V30","farm_id":"F23","area_m2":434.584,"n_parcels":2,"cadastral_codes":["80371140145","80371140146"],"landuse_counts":{"Teren pentru grădini":2}},"geometry":{"type":"Polygon","coordinates":[[[28.7154542,47.1159931],[28.7154552,47.1159923],[28.7154562,47.1159917],[28.7154564,47.1159916],[28.7154568,47.1159913],[28.7154583,47.1159913],[28.7154601,47.1159913],[28.715463,47.1159912],[28.7154636,47.1159911],[28.7155108,47.1159904],[28.7155112,47.1159905],[28.7155157,47.1159905],[28.7155189,47.1159904],[28.7155211,47.1159904],[28.715524,47.1159903],[28.7155246,47.1159902],[28.7155721,47.1159895],[28.7155727,47.1159896],[28.7155773,47.1159896],[28.7155799,47.1159895],[28.7155825,47.1159895],[28.7155853,47.1159894],[28.715586,47.1159893],[28.7156124,47.1159889],[28.7156126,47.1159889],[28.7156166,47.115989],[28.71562,47.1159889],[28.7156204,47.1159889],[28.715623,47.115989],[28.7156248,47.1159891],[28.7156261,47.1159899],[28.7156431,47.1160029],[28.7156437,47.1160035],[28.7156458,47.1160053],[28.7156481,47.1160069],[28.7156489,47.1160074],[28.7156512,47.1160091],[28.7156533,47.116011],[28.7156541,47.1160119],[28.7156561,47.1160136],[28.7156583,47.1160152],[28.7156614,47.1160171],[28.7156694,47.1160232],[28.7156706,47.1160243],[28.7156727,47.1160261],[28.7156751,47.1160277],[28.7156773,47.1160294],[28.7156781,47.11603],[28.7156869,47.1160366],[28.715689,47.1160386],[28.7156908,47.1160402],[28.7156929,47.1160416],[28.7156962,47.1160438],[28.7157033,47.1160495],[28.7157044,47.1160506],[28.7157053,47.1160518],[28.7157072,47.1160537],[28.7157093,47.1160555],[28.7157118,47.1160572],[28.7157144,47.1160587],[28.7157157,47.1160592],[28.7157173,47.1160602],[28.7157297,47.1160696],[28.7157314,47.1160711],[28.7157325,47.1160719],[28.7157489,47.1160844],[28.7157491,47.1160845],[28.7157507,47.1160859],[28.715752,47.1160869],[28.715752,47.1160869],[28.715754,47.1160888],[28.7157562,47.1160905],[28.7157591,47.1160924],[28.7157626,47.1160954],[28.7157634,47.1160962],[28.715766,47.116098],[28.7157693,47.1161001],[28.7157722,47.1161024],[28.715774,47.116104],[28.7157763,47.1161056],[28.7157764,47.1161057],[28.715811,47.1161324],[28.7158127,47.116134],[28.7158142,47.1161356],[28.7158163,47.1161374],[28.7158186,47.116139],[28.7158211,47.1161404],[28.7158212,47.1161405],[28.715823,47.1161416],[28.7158347,47.1161506],[28.7158363,47.1161519],[28.7158382,47.1161533],[28.7158388,47.1161537],[28.7158413,47.1161557],[28.715842,47.1161564],[28.7158441,47.1161582],[28.7158464,47.1161598],[28.7158477,47.1161606],[28.7158767,47.1161829],[28.7158771,47.1161832],[28.7158779,47.1161841],[28.7158783,47.1161848],[28.7158795,47.1161866],[28.715881,47.1161884],[28.7158827,47.1161901],[28.7158846,47.1161917],[28.7158868,47.1161931],[28.7158891,47.1161944],[28.7158916,47.1161956],[28.7158942,47.1161967],[28.7158953,47.1161974],[28.7158976,47.1161991],[28.7158984,47.1161999],[28.7159,47.1162012],[28.7159016,47.1162024],[28.7159044,47.1162043],[28.715906,47.1162057],[28.7159084,47.1162081],[28.7159102,47.1162097],[28.7159122,47.1162113],[28.7159143,47.1162127],[28.7159174,47.1162145],[28.7159182,47.1162151],[28.7159186,47.1162154],[28.7159213,47.1162175],[28.7159226,47.1162183],[28.7159231,47.1162188],[28.7159241,47.1162198],[28.7159244,47.1162211],[28.7159244,47.1162213],[28.7159246,47.1162232],[28.7159247,47.1162251],[28.7159246,47.1162265],[28.7159248,47.1162285],[28.715925,47.1162294],[28.7159253,47.1162405],[28.7159252,47.1162411],[28.7159252,47.1162442],[28.7159254,47.1162461],[28.7159253,47.1162462],[28.7159253,47.1162481],[28.7159255,47.1162499],[28.7159256,47.1162508],[28.715927,47.1162922],[28.7159269,47.1162927],[28.7159269,47.1162957],[28.715927,47.1162979],[28.715927,47.1162998],[28.7159272,47.1163017],[28.7159273,47.1163025],[28.7159287,47.1163457],[28.7159286,47.1163462],[28.7159286,47.1163489],[28.7159287,47.116351],[28.7159282,47.1163513],[28.7159276,47.1163517],[28.7159271,47.116352],[28.715926,47.1163526],[28.7159249,47.1163519],[28.7159223,47.11635],[28.7159221,47.1163498],[28.7159204,47.1163484],[28.7159184,47.116347],[28.7159182,47.1163469],[28.7159032,47.1163353],[28.7159022,47.1163344],[28.7159006,47.1163332],[28.7158984,47.1163317],[28.715898,47.1163313],[28.7158961,47.1163299],[28.7158956,47.1163295],[28.7158905,47.1163257],[28.7158904,47.1163256],[28.7158884,47.116324],[28.7158866,47.1163227],[28.7158859,47.1163222],[28.7158848,47.1163213],[28.7158844,47.1163211],[28.7158827,47.1163197],[28.7158813,47.1163182],[28.7158791,47.1163164],[28.7158766,47.1163147],[28.7158734,47.1163127],[28.7158699,47.1163101],[28.7158691,47.1163093],[28.7158671,47.1163076],[28.7158649,47.1163061],[28.7158634,47.1163051],[28.7158338,47.1162825],[28.7158329,47.1162816],[28.7158327,47.1162814],[28.7158322,47.1162802],[28.715831,47.116278],[28.7158295,47.116276],[28.7158276,47.116274],[28.7158255,47.1162722],[28.7158093,47.1162599],[28.715807,47.1162583],[28.7158046,47.1162569],[28.7158019,47.1162557],[28.7157992,47.1162547],[28.7157972,47.1162541],[28.715797,47.116254],[28.7157958,47.1162533],[28.7157905,47.1162492],[28.7157893,47.116248],[28.7157872,47.1162462],[28.7157848,47.1162446],[28.7157841,47.1162442],[28.7157809,47.1162422],[28.7157768,47.1162391],[28.7157755,47.1162378],[28.7157732,47.1162359],[28.7157707,47.1162342],[28.7157701,47.1162339],[28.7157672,47.1162317],[28.7157658,47.1162305],[28.7157657,47.1162304],[28.715764,47.1162287],[28.7157621,47.1162271],[28.71576,47.1162257],[28.7157587,47.116225],[28.7157563,47.1162235],[28.7157523,47.1162205],[28.7157512,47.1162194],[28.7157501,47.1162181],[28.7157482,47.1162161],[28.7157459,47.1162144],[28.7157433,47.1162127],[28.7157429,47.1162125],[28.7157393,47.1162104],[28.7157382,47.1162096],[28.7157379,47.1162094],[28.7157358,47.1162077],[28.7157342,47.1162066],[28.7157339,47.1162064],[28.7157322,47.1162049],[28.715732,47.1162048],[28.7157313,47.1162043],[28.7157289,47.1162021],[28.7157265,47.1162002],[28.7157239,47.1161985],[28.715723,47.116198],[28.7157219,47.116197],[28.7157212,47.1161963],[28.7157193,47.1161948],[28.7157173,47.1161934],[28.715716,47.1161926],[28.7157149,47.1161918],[28.7157148,47.1161917],[28.7157139,47.1161902],[28.7157124,47.1161883],[28.7157106,47.1161865],[28.7157086,47.1161848],[28.7157064,47.1161832],[28.7157039,47.1161819],[28.7157012,47.1161806],[28.7156994,47.1161799],[28.7156982,47.1161791],[28.7156872,47.1161706],[28.7156864,47.1161699],[28.7156842,47.1161681],[28.7156818,47.1161664],[28.7156797,47.1161651],[28.7156794,47.1161649],[28.7156784,47.116164],[28.7156768,47.1161626],[28.715675,47.1161613],[28.7156732,47.1161601],[28.7156709,47.1161583],[28.7156689,47.1161563],[28.7156668,47.1161544],[28.7156644,47.1161528],[28.7156619,47.1161512],[28.7156615,47.1161511],[28.7156609,47.1161506],[28.7156606,47.1161502],[28.7156588,47.1161483],[28.7156568,47.1161465],[28.7156545,47.1161449],[28.715652,47.1161434],[28.7156507,47.1161428],[28.7156492,47.1161419],[28.7156424,47.1161365],[28.7156407,47.1161351],[28.7156385,47.1161335],[28.7156371,47.1161326],[28.7156261,47.1161241],[28.7156254,47.1161235],[28.7156233,47.1161216],[28.7156209,47.11612],[28.7156188,47.1161187],[28.7155989,47.1161035],[28.715597,47.1161017],[28.7155945,47.1160995],[28.7155917,47.1160976],[28.71559,47.1160966],[28.7155844,47.1160925],[28.7155831,47.1160913],[28.7155813,47.1160898],[28.7155794,47.1160885],[28.7155792,47.1160884],[28.7155754,47.1160854],[28.7155747,47.1160848],[28.7155726,47.1160833],[28.7155724,47.1160832],[28.7155707,47.1160818],[28.7155682,47.1160801],[28.7155648,47.1160775],[28.7155636,47.1160763],[28.7155633,47.1160759],[28.7155617,47.1160742],[28.7155598,47.1160725],[28.7155577,47.116071],[28.7155555,47.1160697],[28.7155531,47.1160685],[28.715552,47.1160677],[28.7155513,47.1160672],[28.715551,47.1160669],[28.7155487,47.1160648],[28.715546,47.1160629],[28.7155438,47.1160615],[28.7155284,47.1160497],[28.7155277,47.1160491],[28.7155254,47.1160472],[28.715523,47.1160456],[28.7155216,47.1160446],[28.7155211,47.1160441],[28.7155192,47.1160426],[28.7155179,47.1160418],[28.7155178,47.1160417],[28.7155153,47.1160394],[28.7155131,47.1160376],[28.7155106,47.116036],[28.7155091,47.1160351],[28.7154732,47.1160077],[28.7154724,47.116007],[28.7154704,47.1160053],[28.7154682,47.1160038],[28.7154682,47.1160038],[28.7154551,47.1159939],[28.7154542,47.1159931]]]}},{"type":"Feature","id":31,"properties":{"vineyard_id":"V31","farm_id":"F27","area_m2":168.238,"n_parcels":2,"cadastral_codes":["80371140243","80371140244"],"landuse_counts":{"Teren pentru grădini":2}},"geometry":{"type":"MultiPolygon","coordinates":[[[[28.717938,47.1156825],[28.7179352,47.1156835],[28.7179334,47.1156843],[28.7179326,47.1156846],[28.7179331,47.115684],[28.7179588,47.1156551],[28.7179603,47.1156532],[28.7179615,47.1156512],[28.7179625,47.1156492],[28.7179631,47.1156471],[28.7179632,47.115647],[28.7179632,47.115647],[28.7179638,47.1156459],[28.7179646,47.1156443],[28.7179653,47.1156428],[28.7179654,47.1156427],[28.7179675,47.1156418],[28.7179702,47.1156404],[28.7179725,47.1156388],[28.7179747,47.115637],[28.7179766,47.1156352],[28.7179924,47.1156174],[28.7179832,47.1156277],[28.7179816,47.1156297],[28.7179803,47.1156318],[28.7179794,47.1156339],[28.7179787,47.1156362],[28.7179784,47.1156384],[28.7179785,47.1156407],[28.7179788,47.1156429],[28.7179795,47.1156451],[28.7179805,47.1156473],[28.7179818,47.1156494],[28.7179834,47.1156513],[28.7179853,47.1156532],[28.7179875,47.1156549],[28.7179899,47.1156565],[28.7179925,47.1156578],[28.7179953,47.115659],[28.7180078,47.1156638],[28.7180081,47.115664],[28.7180109,47.1156651],[28.7180123,47.1156656],[28.7180126,47.1156657],[28.7180143,47.1156676],[28.7180144,47.1156677],[28.7180156,47.115669],[28.7180156,47.1156702],[28.7180158,47.1156723],[28.7180163,47.1156745],[28.718017,47.1156766],[28.7180181,47.1156787],[28.7180195,47.1156807],[28.7180211,47.1156826],[28.7180231,47.1156844],[28.7180252,47.115686],[28.7180276,47.1156875],[28.7180302,47.1156888],[28.7180329,47.1156899],[28.7180358,47.1156909],[28.7180388,47.1156916],[28.718042,47.1156922],[28.7180451,47.1156925],[28.7180483,47.1156926],[28.7180515,47.1156925],[28.7180547,47.1156922],[28.7180579,47.1156917],[28.7180609,47.115691],[28.7180638,47.1156901],[28.7180666,47.115689],[28.7180692,47.1156877],[28.7180716,47.1156862],[28.7180738,47.1156846],[28.7180757,47.1156829],[28.7180774,47.115681],[28.7180784,47.1156797],[28.7180812,47.1156763],[28.718082,47.1156755],[28.7180837,47.1156747],[28.7180865,47.1156732],[28.7180891,47.1156716],[28.7180914,47.1156697],[28.7180934,47.1156677],[28.7180977,47.1156628],[28.7180993,47.1156609],[28.7181005,47.1156589],[28.7181015,47.1156567],[28.7181021,47.1156546],[28.7181025,47.1156524],[28.7181025,47.1156502],[28.7181022,47.115648],[28.7181016,47.1156458],[28.7181007,47.1156437],[28.7180994,47.1156417],[28.7180979,47.1156397],[28.7180962,47.1156379],[28.7180941,47.1156362],[28.7180919,47.1156346],[28.7180894,47.1156332],[28.7180867,47.1156319],[28.7180782,47.1156284],[28.7180755,47.1156272],[28.7180741,47.1156267],[28.7180737,47.1156265],[28.7180737,47.1156264],[28.7180736,47.1156241],[28.7180735,47.1156229],[28.7180752,47.115621],[28.7180754,47.1156207],[28.7180766,47.1156193],[28.7180777,47.1156189],[28.7180783,47.1156187],[28.7180802,47.1156182],[28.718081,47.1156179],[28.7180811,47.115618],[28.7180828,47.1156187],[28.7180854,47.1156197],[28.7180858,47.1156198],[28.7180941,47.1156232],[28.718097,47.1156243],[28.7181,47.1156252],[28.7181032,47.1156258],[28.7181064,47.1156263],[28.7181097,47.1156265],[28.718113,47.1156265],[28.7181162,47.1156262],[28.7181195,47.1156258],[28.7181226,47.1156251],[28.7181257,47.1156242],[28.7181285,47.1156231],[28.7181313,47.1156218],[28.7181319,47.1156215],[28.7181342,47.1156202],[28.7181363,47.1156187],[28.7181382,47.1156171],[28.7181399,47.1156153],[28.7181478,47.1156065],[28.7181478,47.1156065],[28.7181478,47.1156065],[28.7181393,47.1156161],[28.7181378,47.1156179],[28.7181367,47.1156197],[28.7181357,47.1156216],[28.7181351,47.1156235],[28.7181346,47.1156255],[28.7181345,47.1156262],[28.7181343,47.1156265],[28.7181329,47.1156285],[28.7181318,47.1156305],[28.718131,47.1156327],[28.7181305,47.1156348],[28.7181303,47.115637],[28.7181304,47.1156392],[28.7181308,47.1156413],[28.7181315,47.1156435],[28.7181325,47.1156455],[28.7181339,47.1156475],[28.7181354,47.1156494],[28.7181373,47.1156512],[28.7181394,47.1156528],[28.7181417,47.1156543],[28.7181442,47.1156557],[28.7181443,47.1156557],[28.7181455,47.1156563],[28.7181489,47.1156577],[28.7181506,47.1156586],[28.7181529,47.1156596],[28.7181645,47.1156642],[28.7181648,47.1156644],[28.7181676,47.1156656],[28.7181689,47.1156661],[28.7181693,47.1156662],[28.7181694,47.1156664],[28.7181706,47.1156675],[28.7181728,47.1156692],[28.7181751,47.1156708],[28.7181777,47.1156722],[28.7181805,47.1156734],[28.7181834,47.1156744],[28.7181865,47.1156752],[28.7181897,47.1156758],[28.7181929,47.1156762],[28.7181962,47.1156763],[28.7181995,47.1156763],[28.7182027,47.115676],[28.7182059,47.1156755],[28.718209,47.1156747],[28.718212,47.1156738],[28.7182148,47.1156727],[28.7182175,47.1156713],[28.7182199,47.1156698],[28.7182222,47.1156682],[28.7182241,47.1156664],[28.7182258,47.1156645],[28.7182268,47.115663],[28.7182283,47.1156611],[28.7182284,47.115661],[28.7182295,47.11566],[28.7182307,47.1156594],[28.7182338,47.1156584],[28.7182363,47.1156575],[28.7182372,47.1156571],[28.718237,47.1156591],[28.718237,47.1156603],[28.7182369,47.1156616],[28.7182361,47.1156625],[28.7182315,47.1156675],[28.7182306,47.1156683],[28.718228,47.1156698],[28.7182253,47.1156715],[28.718223,47.1156733],[28.718221,47.1156754],[28.7181976,47.1157017],[28.7181961,47.1157035],[28.7181949,47.1157055],[28.7181939,47.1157075],[28.7181933,47.1157096],[28.7181931,47.1157105],[28.718193,47.1157108],[28.7181923,47.1157118],[28.7181901,47.1157142],[28.7181892,47.1157151],[28.7181888,47.1157154],[28.7181881,47.1157157],[28.7181856,47.1157171],[28.7181832,47.1157186],[28.7181812,47.1157203],[28.7181793,47.1157222],[28.7181712,47.1157313],[28.7181697,47.1157332],[28.7181684,47.1157353],[28.7181675,47.1157374],[28.7181668,47.1157396],[28.7181665,47.1157418],[28.7181665,47.1157441],[28.7181668,47.1157463],[28.7181675,47.1157485],[28.7181685,47.1157506],[28.7181697,47.1157527],[28.7181713,47.1157546],[28.7181731,47.1157565],[28.7181752,47.1157582],[28.7181776,47.1157598],[28.7181801,47.1157612],[28.7181829,47.1157624],[28.7181996,47.115769],[28.7181999,47.1157692],[28.7182026,47.1157704],[28.718204,47.1157709],[28.7182043,47.115771],[28.7182053,47.1157729],[28.7182062,47.1157743],[28.7182062,47.1157743],[28.7182055,47.1157752],[28.7182031,47.1157775],[28.7182021,47.1157783],[28.7181991,47.1157785],[28.7181979,47.1157787],[28.7181978,47.1157787],[28.7181975,47.1157785],[28.7181962,47.115778],[28.7181933,47.115777],[28.718193,47.1157768],[28.7181777,47.1157708],[28.7181748,47.1157698],[28.7181719,47.115769],[28.7181688,47.1157684],[28.7181656,47.1157679],[28.7181625,47.1157677],[28.7181593,47.1157678],[28.7181561,47.115768],[28.7181529,47.1157684],[28.7181499,47.1157691],[28.7181469,47.1157699],[28.7181441,47.1157709],[28.7181415,47.1157722],[28.718139,47.1157736],[28.7181367,47.1157751],[28.7181347,47.1157768],[28.7181329,47.1157786],[28.7181257,47.1157867],[28.7181243,47.1157881],[28.718124,47.1157883],[28.7181215,47.1157899],[28.7181201,47.1157907],[28.7181177,47.1157923],[28.7181156,47.115794],[28.7181138,47.1157959],[28.7181137,47.115796],[28.7181128,47.1157968],[28.7181125,47.1157967],[28.7181096,47.1157959],[28.7181066,47.1157952],[28.7181035,47.1157948],[28.7181003,47.1157945],[28.7180972,47.1157945],[28.718094,47.1157947],[28.7180909,47.115795],[28.7180879,47.1157956],[28.7180849,47.1157964],[28.7180843,47.1157966],[28.7180828,47.1157969],[28.7180819,47.115797],[28.7180804,47.1157966],[28.7180792,47.1157963],[28.7180779,47.1157957],[28.718075,47.1157947],[28.7180747,47.1157946],[28.7180725,47.1157937],[28.7180696,47.1157927],[28.7180666,47.1157919],[28.7180635,47.1157912],[28.7180632,47.1157912],[28.7180626,47.1157891],[28.7180616,47.115787],[28.7180603,47.115785],[28.7180587,47.115783],[28.7180568,47.1157812],[28.7180547,47.1157795],[28.7180523,47.1157779],[28.7180497,47.1157766],[28.7180472,47.1157753],[28.7180472,47.1157745],[28.7180471,47.1157716],[28.7180469,47.1157704],[28.7180475,47.1157695],[28.7180479,47.1157691],[28.7180484,47.1157685],[28.7180503,47.1157665],[28.7180514,47.115765],[28.7180549,47.1157607],[28.7180553,47.1157602],[28.7180569,47.1157584],[28.7180583,47.1157566],[28.7180583,47.1157564],[28.7180607,47.1157536],[28.7180622,47.1157516],[28.7180633,47.1157496],[28.7180642,47.1157474],[28.7180648,47.1157453],[28.718065,47.1157431],[28.7180649,47.1157409],[28.7180645,47.1157387],[28.7180638,47.1157365],[28.7180628,47.1157344],[28.7180615,47.1157324],[28.71806,47.1157305],[28.7180581,47.1157287],[28.718056,47.115727],[28.7180536,47.1157255],[28.7180511,47.1157241],[28.7180499,47.1157235],[28.7180475,47.1157225],[28.7180452,47.1157217],[28.7180449,47.1157215],[28.7180436,47.1157209],[28.7180431,47.1157204],[28.7180426,47.1157198],[28.7180429,47.1157192],[28.7180435,47.115717],[28.7180439,47.1157148],[28.7180439,47.1157126],[28.7180436,47.1157103],[28.718043,47.1157081],[28.7180421,47.115706],[28.7180408,47.1157039],[28.7180393,47.1157019],[28.7180375,47.1157001],[28.7180354,47.1156983],[28.7180331,47.1156968],[28.7180305,47.1156954],[28.7180278,47.1156941],[28.7180249,47.1156931],[28.7180218,47.1156922],[28.7180187,47.1156916],[28.7180154,47.1156912],[28.7180122,47.115691],[28.7180089,47.115691],[28.7180056,47.1156913],[28.7180024,47.1156918],[28.7179993,47.1156925],[28.7179973,47.1156931],[28.7179958,47.1156934],[28.7179944,47.115693],[28.7179934,47.1156926],[28.7179916,47.115692],[28.7179896,47.1156911],[28.7179867,47.1156901],[28.7179864,47.11569],[28.7179682,47.1156831],[28.7179654,47.1156822],[28.7179625,47.1156814],[28.7179595,47.1156808],[28.7179564,47.1156805],[28.7179532,47.1156803],[28.7179501,47.1156803],[28.717947,47.1156806],[28.7179439,47.115681],[28.7179409,47.1156816],[28.717938,47.1156825]]],[[[28.7180111,47.1155966],[28.7180092,47.1155985],[28.7180073,47.1156006],[28.7180088,47.1155988],[28.71801,47.1155968],[28.718011,47.1155948],[28.7180116,47.1155927],[28.718012,47.1155906],[28.7180121,47.1155901],[28.7180128,47.1155891],[28.7180134,47.1155885],[28.7180139,47.115588],[28.7180153,47.1155864],[28.7180156,47.115586],[28.7180165,47.1155851],[28.7180167,47.115585],[28.7180184,47.1155841],[28.7180208,47.1155826],[28.718023,47.1155809],[28.7180249,47.1155791],[28.7180266,47.1155772],[28.7180279,47.1155752],[28.718029,47.1155731],[28.7180298,47.115571],[28.7180299,47.1155705],[28.7180305,47.1155695],[28.7180309,47.115569],[28.7180318,47.115568],[28.718033,47.1155672],[28.7180334,47.115567],[28.718034,47.1155667],[28.7180368,47.1155652],[28.7180394,47.1155636],[28.7180418,47.1155617],[28.7180438,47.1155597],[28.7180449,47.1155585],[28.7180434,47.1155603],[28.7180422,47.1155622],[28.7180413,47.1155641],[28.7180406,47.1155661],[28.7180404,47.1155671],[28.7180401,47.1155682],[28.7180394,47.1155693],[28.7180369,47.1155723],[28.718036,47.1155732],[28.7180359,47.1155732],[28.7180337,47.1155742],[28.7180312,47.1155756],[28.718029,47.1155771],[28.7180269,47.1155788],[28.7180251,47.1155806],[28.718025,47.1155808],[28.7180236,47.1155826],[28.7180223,47.1155845],[28.7180214,47.1155865],[28.7180207,47.1155885],[28.7180203,47.1155905],[28.7180203,47.1155906],[28.7180193,47.1155913],[28.718018,47.115592],[28.7180154,47.1155934],[28.7180131,47.1155949],[28.7180111,47.1155966]]],[[[28.7180549,47.1155474],[28.7180549,47.1155474],[28.718054,47.1155482],[28.7180547,47.1155473],[28.7180547,47.1155473],[28.7180547,47.1155473],[28.7180547,47.1155473],[28.7180547,47.1155473],[28.7180547,47.1155474],[28.7180547,47.1155474],[28.7180547,47.1155474],[28.7180548,47.1155474],[28.7180548,47.1155474],[28.7180548,47.1155474],[28.7180549,47.1155474],[28.7180549,47.1155474],[28.7180549,47.1155474]]],[[[28.718054,47.1155482],[28.718054,47.1155482],[28.7180472,47.1155559],[28.718054,47.1155482]]]]}},{"type":"Feature","id":32,"properties":{"vineyard_id":"V32","farm_id":"F27","area_m2":47.128,"n_parcels":1,"cadastral_codes":["80371140243"],"landuse_counts":{"Teren pentru grădini":1}},"geometry":{"type":"Polygon","coordinates":[[[28.7178339,47.1156035],[28.7178349,47.1156028],[28.7178357,47.115602],[28.7178365,47.1156013],[28.7178384,47.1155995],[28.71784,47.1155976],[28.7178413,47.1155956],[28.7178423,47.1155935],[28.717843,47.1155913],[28.7178434,47.1155891],[28.7178435,47.1155869],[28.7178432,47.1155847],[28.7178426,47.1155826],[28.7178418,47.1155804],[28.7178406,47.1155784],[28.7178391,47.1155764],[28.7178374,47.1155745],[28.7178354,47.1155728],[28.7178344,47.115572],[28.7178346,47.115572],[28.7178378,47.1155721],[28.7178411,47.1155719],[28.7178442,47.1155715],[28.7178474,47.1155709],[28.7178504,47.1155701],[28.7178533,47.1155691],[28.717856,47.1155679],[28.7178585,47.1155666],[28.7178609,47.115565],[28.717863,47.1155634],[28.7178648,47.1155616],[28.7178664,47.1155596],[28.7178677,47.1155576],[28.7178687,47.1155555],[28.7178694,47.1155533],[28.7178698,47.1155511],[28.7178699,47.1155489],[28.7178696,47.1155467],[28.717869,47.1155446],[28.7178682,47.1155424],[28.717867,47.1155404],[28.7178662,47.1155394],[28.7178661,47.1155391],[28.7178661,47.115539],[28.7178662,47.1155385],[28.7178662,47.1155385],[28.7178664,47.1155365],[28.7178689,47.1155374],[28.7178719,47.1155383],[28.717875,47.1155389],[28.7178768,47.1155392],[28.7178771,47.1155393],[28.7178782,47.11554],[28.7178785,47.1155402],[28.7178789,47.1155406],[28.7178808,47.1155421],[28.7178828,47.1155435],[28.717885,47.1155448],[28.7178874,47.115546],[28.7178877,47.1155461],[28.7178894,47.115547],[28.7178894,47.115547],[28.7178896,47.1155471],[28.7178918,47.1155488],[28.7178943,47.1155502],[28.7178945,47.1155503],[28.7178945,47.1155503],[28.7178955,47.1155511],[28.717896,47.1155521],[28.7178972,47.1155541],[28.7178986,47.115556],[28.7179003,47.1155578],[28.7179023,47.1155595],[28.7179045,47.1155611],[28.7179276,47.115576],[28.7179286,47.1155768],[28.7179286,47.1155768],[28.7179286,47.1155787],[28.7179288,47.1155809],[28.7179289,47.1155817],[28.7179294,47.1155946],[28.7179293,47.1155954],[28.7179292,47.1155977],[28.7179294,47.1155994],[28.7179293,47.1156015],[28.7179295,47.1156037],[28.7179297,47.1156045],[28.7179305,47.1156294],[28.7179304,47.1156302],[28.7179303,47.1156325],[28.7179305,47.1156341],[28.7179295,47.1156336],[28.7179212,47.1156282],[28.7179187,47.1156268],[28.7179161,47.1156255],[28.7179133,47.1156244],[28.7179103,47.1156236],[28.7179072,47.1156229],[28.7179041,47.1156224],[28.7179009,47.1156221],[28.7178976,47.1156221],[28.7178944,47.1156222],[28.7178912,47.1156226],[28.7178881,47.1156232],[28.7178851,47.115624],[28.7178822,47.115625],[28.7178795,47.1156262],[28.7178769,47.1156276],[28.7178756,47.1156284],[28.7178744,47.1156277],[28.7178724,47.1156265],[28.7178704,47.1156253],[28.7178699,47.115625],[28.7178646,47.115622],[28.7178632,47.1156211],[28.7178617,47.1156197],[28.7178592,47.1156179],[28.7178465,47.1156097],[28.7178441,47.1156083],[28.7178414,47.115607],[28.7178386,47.1156059],[28.7178385,47.1156059],[28.7178364,47.115605],[28.7178349,47.1156042],[28.7178339,47.1156035]]]}},{"type":"Feature","id":33,"properties":{"vineyard_id":"V33","farm_id":"F24","area_m2":48.404,"n_parcels":1,"cadastral_codes":["80371150146"],"landuse_counts":{"Teren pentru grădini":1}},"geometry":{"type":"Polygon","coordinates":[[[28.7138804,47.115554],[28.71388,47.115554],[28.7138814,47.1155524],[28.7138828,47.1155505],[28.7138832,47.1155498],[28.713884,47.1155485],[28.7138851,47.1155477],[28.7138895,47.1155454],[28.7138911,47.1155446],[28.7138941,47.1155431],[28.7138965,47.1155416],[28.7139073,47.1155353],[28.7139109,47.1155335],[28.7139135,47.1155321],[28.7139154,47.1155308],[28.7139171,47.1155299],[28.7139187,47.1155288],[28.7139229,47.1155265],[28.713924,47.1155261],[28.7139267,47.1155247],[28.7139293,47.1155232],[28.7139323,47.1155212],[28.7139647,47.1155032],[28.7139662,47.1155025],[28.7139689,47.1155012],[28.7139715,47.1154996],[28.7139738,47.115498],[28.7139743,47.1154978],[28.7139755,47.1154972],[28.7139758,47.1154972],[28.7139785,47.1154969],[28.7139821,47.1154964],[28.7139825,47.1154963],[28.7139833,47.1154962],[28.7139836,47.1154963],[28.7139846,47.1154969],[28.7139871,47.1154982],[28.7139898,47.1154993],[28.7139927,47.1155003],[28.7139957,47.115501],[28.7139988,47.1155016],[28.7140019,47.1155019],[28.714005,47.115502],[28.7140082,47.115502],[28.7140114,47.1155017],[28.7140145,47.1155012],[28.7140175,47.1155005],[28.7140185,47.1155002],[28.7140188,47.1155002],[28.714022,47.1154995],[28.714025,47.1154986],[28.7140279,47.1154974],[28.7140307,47.1154961],[28.7140332,47.1154946],[28.7140355,47.1154929],[28.7140375,47.1154911],[28.7140389,47.1154895],[28.7140396,47.1154888],[28.7140408,47.115488],[28.7140408,47.115488],[28.714042,47.1154875],[28.7140431,47.1154882],[28.7140434,47.1154885],[28.7140447,47.1154894],[28.7140455,47.1154902],[28.7140458,47.1154905],[28.7140467,47.1154914],[28.7140476,47.115493],[28.7140489,47.1154949],[28.7140505,47.1154967],[28.7140523,47.1154984],[28.714058,47.1155034],[28.7140581,47.1155036],[28.71406,47.1155054],[28.7140619,47.1155068],[28.7140623,47.1155072],[28.7140635,47.1155082],[28.7140643,47.115509],[28.7140632,47.1155097],[28.7140515,47.1155162],[28.7140481,47.1155177],[28.7140453,47.1155192],[28.7140427,47.1155208],[28.7140419,47.1155213],[28.7140412,47.1155217],[28.7140398,47.1155224],[28.7140377,47.1155226],[28.7140345,47.1155231],[28.7140314,47.1155238],[28.7140284,47.1155247],[28.7140255,47.1155258],[28.7140228,47.1155271],[28.7140126,47.1155326],[28.7140101,47.1155341],[28.7140078,47.1155358],[28.7140058,47.1155376],[28.714004,47.1155396],[28.7140026,47.1155416],[28.7140022,47.1155423],[28.714001,47.1155431],[28.7139858,47.1155516],[28.7139844,47.1155522],[28.7139828,47.1155524],[28.7139792,47.1155526],[28.7139774,47.1155526],[28.7139728,47.1155525],[28.7139703,47.1155526],[28.7139679,47.1155527],[28.713967,47.1155528],[28.7139331,47.1155533],[28.7139316,47.1155532],[28.7139288,47.1155532],[28.7139261,47.1155533],[28.7139254,47.1155533],[28.7139225,47.1155533],[28.71392,47.1155533],[28.7139175,47.1155535],[28.7139166,47.1155536],[28.7138877,47.115554],[28.7138864,47.1155539],[28.7138834,47.1155539],[28.7138805,47.115554],[28.7138804,47.115554]]]}},{"type":"Feature","id":34,"properties":{"vineyard_id":"V34","farm_id":"F25","area_m2":475.362,"n_parcels":1,"cadastral_codes":["80371140098"],"landuse_counts":{"Teren pentru grădini":1}},"geometry":{"type":"Polygon","coordinates":[[[28.7147721,47.1152879],[28.7147734,47.1152873],[28.7147758,47.1152858],[28.7147769,47.1152851],[28.7147776,47.1152847],[28.7147797,47.1152831],[28.7147816,47.1152813],[28.7147833,47.1152795],[28.7147847,47.1152775],[28.7147858,47.1152754],[28.7147866,47.1152733],[28.7147871,47.1152712],[28.7147873,47.115269],[28.7147872,47.1152668],[28.7147867,47.1152647],[28.714786,47.1152626],[28.714785,47.1152605],[28.7147843,47.1152594],[28.7147836,47.1152583],[28.7147847,47.1152576],[28.7147849,47.1152574],[28.7147856,47.115257],[28.7147865,47.1152566],[28.714788,47.1152557],[28.7147893,47.1152551],[28.7147907,47.1152561],[28.7147921,47.1152572],[28.7147946,47.1152586],[28.7147972,47.1152599],[28.7147999,47.115261],[28.7148028,47.115262],[28.7148059,47.1152627],[28.714809,47.1152632],[28.7148122,47.1152635],[28.7148154,47.1152636],[28.7148186,47.1152635],[28.7148218,47.1152632],[28.7148249,47.1152626],[28.714828,47.1152619],[28.7148309,47.1152609],[28.7148336,47.1152598],[28.7148346,47.1152593],[28.7148373,47.115258],[28.7148384,47.1152572],[28.7148386,47.1152572],[28.7148413,47.1152557],[28.7148414,47.1152557],[28.7148426,47.1152559],[28.7148436,47.1152563],[28.7148446,47.1152568],[28.7148472,47.115258],[28.71485,47.1152591],[28.7148529,47.1152599],[28.7148559,47.1152606],[28.714859,47.115261],[28.7148621,47.1152613],[28.7148653,47.1152613],[28.7148684,47.1152612],[28.7148715,47.1152608],[28.7148746,47.1152603],[28.7148775,47.1152595],[28.7148804,47.1152586],[28.714883,47.1152574],[28.7148839,47.115257],[28.7148864,47.1152557],[28.7148883,47.1152546],[28.7148898,47.1152538],[28.7148901,47.1152536],[28.714891,47.1152537],[28.714892,47.115254],[28.7148931,47.1152548],[28.7149039,47.1152637],[28.7149057,47.1152655],[28.7149079,47.1152675],[28.7149104,47.1152693],[28.7149106,47.1152694],[28.7149112,47.1152699],[28.7149127,47.1152716],[28.7149149,47.1152739],[28.7149175,47.115276],[28.714918,47.1152763],[28.7149181,47.1152764],[28.7149191,47.115278],[28.7149207,47.1152799],[28.7149225,47.1152817],[28.7149246,47.1152833],[28.7149269,47.1152848],[28.7149294,47.1152862],[28.7149318,47.1152873],[28.7149329,47.115288],[28.7149331,47.1152881],[28.7149344,47.1152897],[28.7149366,47.1152916],[28.7149375,47.1152923],[28.7149409,47.1152951],[28.7149427,47.1152964],[28.7149444,47.1152975],[28.7149454,47.1152995],[28.7149466,47.1153017],[28.7149481,47.1153038],[28.7149499,47.1153057],[28.7149521,47.1153076],[28.7149545,47.1153092],[28.7149571,47.1153107],[28.71496,47.115312],[28.7149618,47.1153127],[28.7149621,47.1153128],[28.7149632,47.1153137],[28.7149632,47.1153137],[28.7149651,47.1153154],[28.7149673,47.1153169],[28.7149696,47.1153183],[28.7149705,47.1153187],[28.7149707,47.1153189],[28.7149718,47.1153202],[28.714974,47.115322],[28.7149743,47.1153222],[28.7149762,47.1153238],[28.7149773,47.1153252],[28.7149789,47.115327],[28.7149807,47.1153287],[28.7149828,47.1153303],[28.7149851,47.1153317],[28.7149876,47.115333],[28.7149878,47.1153331],[28.7149888,47.1153338],[28.7149954,47.1153391],[28.7149967,47.1153404],[28.714997,47.1153407],[28.7149989,47.1153426],[28.7150011,47.1153444],[28.7150026,47.1153454],[28.7150051,47.1153471],[28.7150272,47.1153655],[28.7150292,47.115367],[28.7150294,47.1153672],[28.7150621,47.1153942],[28.7150632,47.1153952],[28.7150652,47.1153967],[28.7150657,47.1153971],[28.7150684,47.1153993],[28.7150689,47.1153998],[28.7150709,47.1154017],[28.7150731,47.1154034],[28.7150745,47.1154043],[28.7150918,47.1154186],[28.7150928,47.1154195],[28.7150948,47.1154213],[28.7150949,47.1154214],[28.7150949,47.1154214],[28.7151082,47.1154322],[28.7151094,47.1154333],[28.7151112,47.115435],[28.7151123,47.1154358],[28.7151144,47.1154376],[28.7151165,47.1154396],[28.7151189,47.1154415],[28.7151211,47.1154429],[28.715122,47.1154439],[28.7151224,47.1154444],[28.7151239,47.1154462],[28.7151256,47.1154479],[28.7151276,47.1154495],[28.7151297,47.1154509],[28.7151307,47.1154515],[28.715131,47.1154519],[28.7151331,47.1154535],[28.7151354,47.115455],[28.715137,47.1154559],[28.7151383,47.1154571],[28.7151388,47.1154578],[28.7151406,47.1154599],[28.7151427,47.1154618],[28.7151451,47.1154635],[28.715147,47.1154646],[28.7151472,47.1154648],[28.7151483,47.115466],[28.7151508,47.1154684],[28.7151512,47.1154687],[28.7151531,47.1154702],[28.7151552,47.1154716],[28.7151572,47.1154728],[28.7151588,47.1154739],[28.7151597,47.1154747],[28.7151615,47.1154768],[28.7151637,47.1154787],[28.7151661,47.1154805],[28.7151671,47.1154811],[28.7151686,47.1154823],[28.71517,47.1154836],[28.7151716,47.1154851],[28.7151734,47.1154865],[28.7151753,47.1154878],[28.7151757,47.115488],[28.715176,47.1154882],[28.7151765,47.1154889],[28.7151783,47.1154905],[28.7151802,47.115492],[28.7151819,47.1154931],[28.7151841,47.1154946],[28.7152081,47.1155149],[28.7152106,47.1155168],[28.7152117,47.1155175],[28.7152257,47.1155289],[28.7152267,47.1155299],[28.7152269,47.1155312],[28.715227,47.1155327],[28.7152269,47.1155337],[28.7152266,47.1155339],[28.7152244,47.115535],[28.715222,47.1155364],[28.7152199,47.115538],[28.715218,47.1155397],[28.7152164,47.1155416],[28.715215,47.1155435],[28.7152139,47.1155456],[28.7152131,47.1155476],[28.7152126,47.1155498],[28.7152124,47.1155519],[28.7152125,47.1155541],[28.7152129,47.1155562],[28.7152136,47.1155583],[28.7152146,47.1155604],[28.7152159,47.1155623],[28.7152174,47.1155642],[28.7152192,47.115566],[28.7152276,47.1155735],[28.7152285,47.1155745],[28.7152287,47.1155756],[28.7152287,47.1155773],[28.715229,47.1155793],[28.7152289,47.1155808],[28.7152289,47.1155827],[28.7152291,47.1155845],[28.7152293,47.1155854],[28.7152305,47.1156215],[28.7152304,47.1156225],[28.7152303,47.1156245],[28.7152304,47.1156264],[28.7152305,47.1156267],[28.7152305,47.115629],[28.7152307,47.1156322],[28.7152308,47.1156327],[28.7152319,47.1156673],[28.7152318,47.1156683],[28.7152318,47.1156703],[28.7152319,47.1156723],[28.715232,47.1156724],[28.715232,47.1156728],[28.7152318,47.1156729],[28.7152316,47.115673],[28.7152307,47.1156735],[28.7152295,47.1156739],[28.7152287,47.1156737],[28.7152283,47.1156736],[28.7152274,47.1156729],[28.7152225,47.1156682],[28.7152206,47.1156666],[28.7152185,47.1156651],[28.7152174,47.1156644],[28.7152165,47.1156636],[28.7152161,47.1156632],[28.7152145,47.1156615],[28.7152126,47.1156599],[28.715211,47.1156586],[28.7152105,47.115658],[28.7152083,47.1156561],[28.7152059,47.1156545],[28.7152042,47.1156529],[28.7152018,47.1156512],[28.7152005,47.1156504],[28.7152001,47.1156499],[28.7151997,47.1156494],[28.7151977,47.1156474],[28.7151953,47.1156455],[28.7151945,47.115645],[28.7151918,47.1156431],[28.7151917,47.1156429],[28.7151893,47.115641],[28.7151887,47.1156406],[28.7151763,47.1156302],[28.715175,47.1156289],[28.7151725,47.1156267],[28.7151711,47.1156257],[28.7151706,47.1156252],[28.715169,47.1156239],[28.7151682,47.1156233],[28.7151672,47.1156225],[28.7151668,47.1156221],[28.7151648,47.1156203],[28.7151648,47.1156203],[28.7151535,47.1156112],[28.7151535,47.1156111],[28.7151517,47.1156095],[28.7151497,47.1156079],[28.7151491,47.1156075],[28.7151364,47.1155969],[28.7151358,47.1155963],[28.7151339,47.1155945],[28.7151318,47.1155929],[28.7151307,47.1155921],[28.7150736,47.1155444],[28.7150726,47.1155434],[28.7150704,47.1155417],[28.7150704,47.1155417],[28.7150653,47.1155374],[28.7150651,47.1155372],[28.715063,47.1155353],[28.7150531,47.1155272],[28.715052,47.1155262],[28.7150503,47.1155249],[28.7150485,47.1155234],[28.7150485,47.1155234],[28.7150465,47.1155215],[28.7150442,47.1155198],[28.715044,47.1155196],[28.7150244,47.1155033],[28.7150225,47.1155014],[28.7150202,47.1154997],[28.7150199,47.1154995],[28.7149711,47.1154587],[28.7149709,47.1154585],[28.714969,47.1154567],[28.7149668,47.1154551],[28.7149667,47.1154551],[28.7149613,47.1154506],[28.7149593,47.1154485],[28.7149574,47.1154468],[28.7149552,47.1154452],[28.7149535,47.115444],[28.7149495,47.1154407],[28.7149487,47.1154398],[28.7149467,47.115438],[28.7149448,47.1154366],[28.7149383,47.1154312],[28.7149372,47.11543],[28.7149352,47.1154282],[28.7149331,47.1154265],[28.7149305,47.1154248],[28.7149227,47.1154183],[28.7149203,47.1154159],[28.7149184,47.1154141],[28.7149161,47.1154124],[28.7149139,47.1154109],[28.7149096,47.1154073],[28.7149078,47.1154055],[28.7149062,47.115404],[28.7149044,47.1154026],[28.7149021,47.115401],[28.714901,47.1154],[28.7149003,47.1153992],[28.7148986,47.1153976],[28.7148968,47.1153961],[28.714896,47.1153955],[28.7148903,47.1153911],[28.7148888,47.1153897],[28.7148856,47.1153872],[28.7148845,47.1153864],[28.714875,47.1153784],[28.7148739,47.1153772],[28.7148719,47.1153753],[28.7148697,47.1153736],[28.7148681,47.1153726],[28.7148628,47.1153681],[28.7148621,47.1153674],[28.7148599,47.1153657],[28.7148594,47.1153654],[28.7148506,47.115358],[28.7148489,47.1153562],[28.7148469,47.1153544],[28.7148446,47.1153527],[28.7148428,47.1153514],[28.7148337,47.1153439],[28.7148336,47.1153437],[28.7148316,47.1153419],[28.7148299,47.1153407],[28.7148261,47.1153376],[28.7148253,47.1153368],[28.7148249,47.1153362],[28.7148233,47.1153341],[28.7148214,47.1153321],[28.7148192,47.1153303],[28.7148168,47.1153287],[28.7148139,47.1153269],[28.7148128,47.1153261],[28.7148124,47.1153257],[28.7148121,47.1153253],[28.7148104,47.1153232],[28.7148084,47.1153213],[28.7148061,47.1153195],[28.7148036,47.1153179],[28.7148018,47.115317],[28.7148004,47.115316],[28.714789,47.1153063],[28.7147883,47.1153056],[28.7147865,47.1153039],[28.7147845,47.1153023],[28.7147816,47.1153003],[28.7147807,47.1152994],[28.7147802,47.1152982],[28.7147791,47.115296],[28.7147777,47.1152938],[28.7147759,47.1152917],[28.7147739,47.1152898],[28.7147728,47.1152889],[28.714772,47.1152881],[28.7147721,47.1152879]]]}},{"type":"Feature","id":35,"properties":{"vineyard_id":"V35","farm_id":"F26","area_m2":537.838,"n_parcels":2,"cadastral_codes":["80371140099","80371140100"],"landuse_counts":{"Teren pentru grădini":2}},"geometry":{"type":"Polygon","coordinates":[[[28.7150112,47.1151703],[28.7150121,47.1151695],[28.7150134,47.1151686],[28.7150139,47.1151683],[28.7150152,47.1151675],[28.715016,47.115167],[28.7150171,47.1151662],[28.7150198,47.1151644],[28.715022,47.1151628],[28.7150239,47.1151611],[28.7150256,47.1151593],[28.715027,47.1151573],[28.7150281,47.1151553],[28.7150289,47.1151533],[28.7150295,47.1151512],[28.7150298,47.115149],[28.7150297,47.1151469],[28.7150294,47.1151447],[28.7150287,47.1151426],[28.7150278,47.1151406],[28.7150266,47.1151386],[28.7150259,47.1151376],[28.7150269,47.1151369],[28.7150274,47.1151365],[28.715029,47.1151354],[28.7150291,47.1151353],[28.7150298,47.1151349],[28.7150312,47.1151341],[28.7150324,47.1151348],[28.7150348,47.1151366],[28.7150358,47.1151376],[28.7150374,47.1151396],[28.7150392,47.1151415],[28.7150414,47.1151433],[28.7150438,47.1151449],[28.7150465,47.1151464],[28.7150493,47.1151476],[28.71505,47.1151479],[28.7150513,47.1151487],[28.7150531,47.11515],[28.7150554,47.1151516],[28.7150579,47.115153],[28.7150606,47.1151542],[28.7150635,47.1151552],[28.7150665,47.1151561],[28.7150696,47.1151567],[28.7150728,47.1151571],[28.715076,47.1151573],[28.7150793,47.1151573],[28.7150825,47.1151571],[28.7150857,47.1151566],[28.7150888,47.1151559],[28.7150917,47.1151551],[28.7150946,47.115154],[28.7150973,47.1151528],[28.7150998,47.1151514],[28.7150999,47.1151512],[28.7151,47.1151512],[28.7151026,47.1151497],[28.7151037,47.1151489],[28.715104,47.1151488],[28.715104,47.1151488],[28.7151056,47.1151491],[28.7151079,47.1151496],[28.7151088,47.11515],[28.7151099,47.1151507],[28.715117,47.1151558],[28.7151197,47.1151575],[28.7151211,47.1151583],[28.7151232,47.1151594],[28.7151249,47.1151612],[28.7151267,47.1151628],[28.715127,47.1151631],[28.7151285,47.1151644],[28.7151305,47.1151659],[28.7151327,47.1151672],[28.7151334,47.1151676],[28.7151342,47.1151686],[28.715136,47.1151706],[28.7151381,47.1151724],[28.7151405,47.1151741],[28.715143,47.1151756],[28.715144,47.1151761],[28.7151456,47.1151769],[28.7151468,47.1151777],[28.7151478,47.1151788],[28.7151494,47.1151807],[28.7151513,47.1151825],[28.7151534,47.1151842],[28.7151595,47.1151886],[28.715162,47.1151902],[28.7151647,47.1151916],[28.7151676,47.1151928],[28.7151707,47.1151938],[28.7151739,47.1151946],[28.7151742,47.1151947],[28.7151751,47.115195],[28.7151775,47.115196],[28.7151805,47.115197],[28.7151835,47.1151978],[28.7151867,47.1151983],[28.7151899,47.1151987],[28.7151931,47.1151988],[28.7151964,47.1151987],[28.7151996,47.1151984],[28.7152028,47.1151978],[28.7152058,47.1151971],[28.7152088,47.1151962],[28.7152116,47.115195],[28.7152142,47.1151937],[28.7152166,47.1151922],[28.7152172,47.1151918],[28.7152179,47.1151915],[28.7152183,47.1151912],[28.7152196,47.1151907],[28.7152206,47.1151914],[28.7152311,47.1152001],[28.7152314,47.1152004],[28.7152337,47.1152025],[28.7152344,47.1152032],[28.7152362,47.1152047],[28.7152381,47.1152062],[28.7152401,47.1152075],[28.7152446,47.1152113],[28.7152472,47.115214],[28.7152492,47.1152159],[28.7152516,47.1152177],[28.7152548,47.1152199],[28.7152709,47.1152332],[28.7152716,47.1152339],[28.7152722,47.1152346],[28.7152724,47.115235],[28.7152737,47.1152369],[28.7152752,47.1152387],[28.715277,47.1152404],[28.715279,47.115242],[28.7152812,47.1152435],[28.7152836,47.1152448],[28.715284,47.115245],[28.7152862,47.1152461],[28.7152872,47.1152468],[28.7152883,47.1152477],[28.7152896,47.1152492],[28.7152912,47.115251],[28.715293,47.1152528],[28.7152951,47.1152545],[28.7152974,47.115256],[28.7152997,47.1152573],[28.7152997,47.1152573],[28.7153006,47.1152583],[28.7153019,47.1152597],[28.7153036,47.1152614],[28.7153054,47.1152629],[28.7153069,47.1152639],[28.715308,47.1152646],[28.7153079,47.1152646],[28.7153114,47.1152669],[28.7153119,47.1152674],[28.7153131,47.1152686],[28.7153138,47.1152696],[28.7153153,47.1152714],[28.7153171,47.1152731],[28.7153172,47.1152732],[28.7153197,47.1152754],[28.7153217,47.115277],[28.7153238,47.1152784],[28.7153252,47.1152793],[28.7153264,47.1152801],[28.7153268,47.1152803],[28.7153297,47.1152822],[28.7153316,47.1152838],[28.7153343,47.1152865],[28.7153363,47.1152883],[28.7153384,47.1152899],[28.7153402,47.1152911],[28.715356,47.1153041],[28.7153563,47.1153044],[28.7153581,47.1153061],[28.7153603,47.1153077],[28.7153605,47.1153078],[28.7153691,47.1153151],[28.7153695,47.1153155],[28.7153712,47.1153172],[28.7153732,47.1153187],[28.7153739,47.1153192],[28.7153755,47.1153206],[28.7153785,47.1153229],[28.7153788,47.1153231],[28.7153842,47.1153276],[28.7153844,47.1153278],[28.7153863,47.1153296],[28.7153884,47.1153312],[28.7153886,47.1153313],[28.7153889,47.1153316],[28.7153902,47.1153328],[28.7153921,47.1153347],[28.7153943,47.1153363],[28.7153961,47.1153375],[28.7154047,47.1153448],[28.7154059,47.115346],[28.7154079,47.1153478],[28.7154101,47.1153495],[28.7154117,47.1153506],[28.715415,47.1153534],[28.7154154,47.1153539],[28.7154175,47.1153559],[28.7154199,47.1153577],[28.7154207,47.1153582],[28.715438,47.1153724],[28.7154398,47.1153741],[28.7154731,47.1154018],[28.7154738,47.1154025],[28.7154759,47.1154044],[28.7154783,47.1154062],[28.7154791,47.1154067],[28.7156215,47.1155256],[28.7156223,47.1155264],[28.7156221,47.1155266],[28.7156211,47.1155271],[28.71562,47.1155278],[28.7156196,47.115528],[28.7156193,47.115528],[28.715617,47.1155281],[28.7156156,47.1155281],[28.7156149,47.1155281],[28.7156142,47.1155281],[28.7155808,47.1155286],[28.7155803,47.1155286],[28.7155773,47.1155286],[28.7155765,47.1155286],[28.7155761,47.1155286],[28.7155738,47.1155287],[28.7155709,47.1155287],[28.7155676,47.1155288],[28.7155675,47.1155288],[28.7155449,47.1155292],[28.7155443,47.1155292],[28.7155414,47.1155291],[28.7155385,47.1155292],[28.7155384,47.1155292],[28.7155371,47.1155293],[28.7155336,47.1155293],[28.7155333,47.1155294],[28.715502,47.1155298],[28.7155015,47.1155298],[28.7154986,47.1155297],[28.7154973,47.1155298],[28.7154949,47.1155298],[28.715491,47.11553],[28.7154909,47.11553],[28.7154902,47.11553],[28.71549,47.11553],[28.71549,47.11553],[28.7154513,47.1155306],[28.7154507,47.1155306],[28.7154479,47.1155305],[28.715445,47.1155306],[28.7154446,47.1155307],[28.7154442,47.1155307],[28.7154419,47.1155307],[28.7154405,47.1155307],[28.7154395,47.11553],[28.7154354,47.1155265],[28.7154352,47.1155264],[28.7154332,47.1155245],[28.715431,47.1155229],[28.7154262,47.1155189],[28.7154252,47.1155179],[28.7154234,47.1155164],[28.7154218,47.1155151],[28.7154181,47.1155122],[28.7154169,47.1155109],[28.7154164,47.1155102],[28.7154146,47.1155082],[28.7154125,47.1155063],[28.7154118,47.1155058],[28.7153944,47.1154922],[28.7153941,47.1154919],[28.7153915,47.1154897],[28.7153914,47.1154897],[28.7153858,47.1154847],[28.7153843,47.1154831],[28.7153823,47.1154811],[28.71538,47.1154794],[28.7153774,47.1154777],[28.7153769,47.1154774],[28.715376,47.1154767],[28.7153754,47.1154762],[28.7153729,47.1154733],[28.7153709,47.1154712],[28.7153685,47.1154693],[28.7153659,47.1154676],[28.7153643,47.1154668],[28.7153629,47.1154658],[28.7153497,47.1154547],[28.7153491,47.1154541],[28.7153473,47.1154524],[28.7153453,47.1154508],[28.715344,47.1154499],[28.7153392,47.1154459],[28.7153373,47.1154438],[28.7153352,47.1154419],[28.7153329,47.1154401],[28.7153304,47.1154384],[28.715325,47.115434],[28.715325,47.1154339],[28.7153221,47.1154313],[28.7153217,47.115431],[28.7153207,47.1154301],[28.7153191,47.1154287],[28.7153176,47.1154276],[28.7153159,47.1154262],[28.7153132,47.1154234],[28.7153114,47.1154217],[28.7153093,47.1154201],[28.7153073,47.1154188],[28.715306,47.1154179],[28.7153049,47.1154168],[28.7153031,47.1154153],[28.715302,47.1154145],[28.7153017,47.1154142],[28.7153011,47.1154136],[28.715299,47.1154119],[28.7152986,47.1154116],[28.7152978,47.1154109],[28.7152961,47.1154096],[28.7152958,47.1154094],[28.7152888,47.1154035],[28.7152885,47.1154031],[28.7152864,47.1154012],[28.715284,47.1153994],[28.715283,47.1153987],[28.7152822,47.115398],[28.7152809,47.1153968],[28.7152795,47.1153957],[28.7152738,47.1153908],[28.715273,47.11539],[28.7152711,47.1153882],[28.715269,47.1153865],[28.7152664,47.1153847],[28.7152542,47.1153742],[28.715253,47.1153731],[28.715251,47.1153715],[28.7152485,47.1153697],[28.7152456,47.1153672],[28.715245,47.1153666],[28.7152435,47.1153654],[28.7152228,47.115348],[28.7152218,47.115347],[28.7152216,47.1153458],[28.7152216,47.1153443],[28.7152216,47.1153437],[28.7152217,47.1153423],[28.7152217,47.115341],[28.7152214,47.1153379],[28.7152213,47.1153375],[28.715221,47.1153265],[28.7152208,47.1153243],[28.7152202,47.1153221],[28.7152194,47.11532],[28.7152182,47.1153179],[28.7152167,47.115316],[28.715215,47.1153141],[28.7152133,47.1153126],[28.7152132,47.1153125],[28.7152112,47.1153107],[28.715209,47.1153092],[28.7152066,47.1153077],[28.715206,47.1153074],[28.7152047,47.1153064],[28.7152025,47.1153049],[28.7152012,47.1153041],[28.7152,47.1153032],[28.7151981,47.1153015],[28.7151956,47.1152996],[28.7151929,47.1152979],[28.7151905,47.1152965],[28.7151801,47.1152893],[28.7151779,47.1152875],[28.7151769,47.1152865],[28.7151748,47.1152849],[28.7151724,47.1152834],[28.7151711,47.1152827],[28.7151684,47.1152812],[28.7151648,47.1152787],[28.7151639,47.1152779],[28.7151626,47.1152763],[28.7151609,47.1152744],[28.7151588,47.1152725],[28.7151565,47.1152708],[28.715154,47.1152693],[28.7151527,47.1152686],[28.7151527,47.1152686],[28.7151504,47.115267],[28.7151479,47.1152656],[28.7151466,47.1152649],[28.7151459,47.1152641],[28.7151456,47.1152638],[28.7151449,47.1152627],[28.7151434,47.115261],[28.7151433,47.1152609],[28.7151421,47.1152594],[28.7151401,47.1152574],[28.7151378,47.1152556],[28.7150623,47.1152026],[28.7150597,47.115201],[28.7150568,47.1151995],[28.7150538,47.1151983],[28.7150506,47.1151973],[28.7150489,47.1151969],[28.7150485,47.1151968],[28.7150472,47.1151961],[28.7150381,47.1151897],[28.7150374,47.1151892],[28.7150355,47.1151878],[28.7150336,47.1151865],[28.7150121,47.115171],[28.7150112,47.1151703]]]}},{"type":"Feature","id":36,"properties":{"vineyard_id":"V36","farm_id":"F26","area_m2":560.853,"n_parcels":1,"cadastral_codes":["80371140100"],"landuse_counts":{"Teren pentru grădini":1}},"geometry":{"type":"Polygon","coordinates":[[[28.715213,47.1150735],[28.7152145,47.1150734],[28.7152362,47.1150731],[28.7152367,47.1150731],[28.7152396,47.1150731],[28.715241,47.1150731],[28.715245,47.1150731],[28.715249,47.1150729],[28.7152494,47.1150729],[28.7153246,47.1150717],[28.7153252,47.1150718],[28.7153281,47.1150718],[28.7153296,47.1150717],[28.7153311,47.1150717],[28.7153322,47.1150725],[28.71534,47.115079],[28.7153421,47.1150806],[28.7153443,47.115082],[28.7153467,47.1150832],[28.7153492,47.1150843],[28.7153519,47.1150853],[28.7153524,47.1150854],[28.7153528,47.1150856],[28.7153541,47.1150864],[28.7154007,47.1151253],[28.7154022,47.1151268],[28.7154036,47.1151285],[28.7154055,47.1151302],[28.7154066,47.115131],[28.715409,47.1151329],[28.7154114,47.1151343],[28.7154123,47.115135],[28.715441,47.1151589],[28.7154423,47.1151602],[28.7154424,47.1151605],[28.7154441,47.1151624],[28.715446,47.1151642],[28.7154482,47.1151659],[28.7154506,47.1151674],[28.7154517,47.115168],[28.7154528,47.1151689],[28.7154544,47.1151706],[28.7154562,47.1151724],[28.7154584,47.115174],[28.715459,47.1151744],[28.715462,47.1151765],[28.715467,47.1151807],[28.7154679,47.1151817],[28.7154682,47.1151821],[28.7154684,47.1151828],[28.7154695,47.1151851],[28.7154709,47.1151873],[28.7154727,47.1151894],[28.7154748,47.1151914],[28.7154861,47.1152008],[28.715488,47.1152023],[28.7154902,47.1152037],[28.7154925,47.1152049],[28.7154949,47.115206],[28.7154975,47.1152069],[28.7154976,47.1152069],[28.7154991,47.1152076],[28.7155004,47.1152085],[28.7155037,47.1152113],[28.7155046,47.1152122],[28.7155051,47.115213],[28.7155057,47.1152145],[28.7155067,47.1152166],[28.7155081,47.1152185],[28.7155098,47.1152204],[28.7155116,47.1152221],[28.7155658,47.1152673],[28.7155679,47.1152689],[28.7155703,47.1152704],[28.7155728,47.1152717],[28.7155755,47.1152728],[28.715578,47.1152736],[28.7155781,47.1152736],[28.7155792,47.1152743],[28.715584,47.1152783],[28.7155855,47.1152794],[28.715603,47.115294],[28.7156046,47.1152957],[28.7156062,47.1152972],[28.7156079,47.1152986],[28.7156136,47.115303],[28.7156164,47.1153056],[28.7156187,47.1153075],[28.7156225,47.1153104],[28.7156244,47.1153121],[28.7156254,47.1153128],[28.7156265,47.1153138],[28.7156268,47.1153143],[28.7156269,47.1153145],[28.7156281,47.1153165],[28.7156297,47.1153185],[28.7156315,47.1153203],[28.7156336,47.115322],[28.7156352,47.115323],[28.7156358,47.1153236],[28.7156363,47.1153241],[28.7156384,47.115326],[28.7156408,47.1153278],[28.7156435,47.1153294],[28.7156461,47.1153306],[28.7156481,47.1153319],[28.7156483,47.115332],[28.7156502,47.1153333],[28.7157034,47.115378],[28.7157043,47.1153788],[28.7157064,47.1153804],[28.715719,47.1153907],[28.7157192,47.115391],[28.7157213,47.1153928],[28.7157219,47.1153932],[28.7157236,47.1153946],[28.7157245,47.1153956],[28.7157267,47.1153975],[28.7157269,47.1153977],[28.7157303,47.1154003],[28.7157309,47.115401],[28.7157329,47.1154025],[28.7157338,47.1154031],[28.7157358,47.1154051],[28.7157383,47.115407],[28.7157448,47.1154122],[28.7157453,47.1154127],[28.7157472,47.1154143],[28.7157472,47.1154143],[28.7157473,47.1154144],[28.7157473,47.1154144],[28.7157473,47.1154144],[28.7157533,47.1154193],[28.7157541,47.1154201],[28.715755,47.1154214],[28.7157564,47.1154233],[28.715758,47.1154251],[28.7157599,47.1154268],[28.7157621,47.1154284],[28.7157644,47.1154298],[28.7157669,47.115431],[28.7157674,47.1154312],[28.7157685,47.115432],[28.7157721,47.115435],[28.7157749,47.115438],[28.7157768,47.1154398],[28.715779,47.1154415],[28.7157814,47.115443],[28.7157817,47.1154432],[28.7157834,47.1154443],[28.7157959,47.1154548],[28.7157966,47.1154555],[28.7157986,47.1154573],[28.7158005,47.1154588],[28.7158141,47.11547],[28.7158151,47.115471],[28.7158175,47.1154732],[28.7158194,47.1154746],[28.7158203,47.1154753],[28.7158203,47.1154753],[28.7158215,47.1154762],[28.7158226,47.1154772],[28.7158239,47.1154789],[28.7158256,47.1154808],[28.7158277,47.1154826],[28.71583,47.1154842],[28.7158319,47.1154852],[28.715833,47.1154861],[28.7158353,47.1154886],[28.7158372,47.1154905],[28.7158395,47.1154924],[28.715842,47.115494],[28.7158432,47.1154946],[28.7158447,47.1154956],[28.7158527,47.1155023],[28.7158541,47.1155036],[28.7158562,47.1155052],[28.7158567,47.1155055],[28.7158637,47.1155116],[28.7158645,47.1155125],[28.7158647,47.1155128],[28.715865,47.1155138],[28.7158661,47.115516],[28.7158675,47.1155181],[28.7158692,47.1155201],[28.7158712,47.115522],[28.715873,47.1155234],[28.7158737,47.1155241],[28.7158718,47.1155241],[28.7158677,47.1155243],[28.7158673,47.1155243],[28.7157957,47.1155254],[28.7157952,47.1155254],[28.7157922,47.1155253],[28.7157909,47.1155254],[28.7157868,47.1155254],[28.7157828,47.1155256],[28.7157824,47.1155256],[28.7157418,47.1155262],[28.7157412,47.1155262],[28.7157384,47.1155262],[28.7157367,47.1155262],[28.7157354,47.1155262],[28.7157335,47.1155249],[28.7157313,47.1155235],[28.7157289,47.1155223],[28.7157264,47.1155212],[28.715724,47.1155204],[28.715723,47.1155199],[28.7157218,47.115519],[28.715721,47.1155182],[28.7157194,47.1155167],[28.7157176,47.1155154],[28.7157155,47.1155139],[28.7157125,47.1155114],[28.7157111,47.1155101],[28.7157094,47.1155088],[28.7157043,47.1155043],[28.7157034,47.1155033],[28.715702,47.1155013],[28.7157004,47.1154992],[28.7156984,47.1154973],[28.7156962,47.1154956],[28.7156937,47.115494],[28.7156909,47.1154926],[28.7156898,47.1154921],[28.7156886,47.1154913],[28.7156629,47.1154696],[28.7156622,47.115469],[28.71566,47.1154672],[28.7156587,47.1154658],[28.7156585,47.1154656],[28.7156569,47.1154638],[28.715655,47.1154621],[28.7156529,47.1154605],[28.7156513,47.1154595],[28.7156496,47.1154583],[28.7156492,47.1154581],[28.7156478,47.1154571],[28.7156402,47.1154506],[28.7156382,47.1154484],[28.7156363,47.1154467],[28.7156342,47.115445],[28.7156327,47.115444],[28.7156304,47.1154425],[28.7156251,47.1154379],[28.7156245,47.1154373],[28.7156223,47.1154357],[28.7156217,47.1154352],[28.7156204,47.1154341],[28.7156195,47.1154331],[28.7156174,47.1154312],[28.7156151,47.1154294],[28.7156142,47.1154288],[28.7156122,47.1154271],[28.7156108,47.1154258],[28.7156086,47.1154242],[28.7156072,47.115423],[28.7156057,47.1154215],[28.7156036,47.1154195],[28.7156011,47.1154177],[28.7156006,47.1154173],[28.715599,47.1154161],[28.7155988,47.1154159],[28.7155968,47.1154134],[28.7155949,47.1154114],[28.7155928,47.1154096],[28.7155903,47.1154079],[28.7155876,47.1154064],[28.7155871,47.1154061],[28.7155862,47.1154054],[28.715582,47.1154019],[28.7155809,47.1154008],[28.7155807,47.1154007],[28.7155785,47.1153987],[28.7155763,47.115397],[28.7155753,47.1153963],[28.7155637,47.1153864],[28.7155636,47.1153864],[28.7155616,47.1153845],[28.7155594,47.1153828],[28.7155593,47.1153828],[28.7155548,47.1153791],[28.7155532,47.1153775],[28.7155515,47.1153759],[28.7155495,47.1153745],[28.7155493,47.1153743],[28.7155489,47.1153741],[28.7155487,47.1153737],[28.7155484,47.1153732],[28.7155471,47.1153711],[28.715546,47.1153696],[28.7155445,47.1153678],[28.7155428,47.1153661],[28.7155409,47.1153645],[28.7155388,47.1153631],[28.7155365,47.1153618],[28.7155341,47.1153606],[28.7155319,47.1153597],[28.7155311,47.1153591],[28.7155303,47.1153584],[28.7155296,47.1153578],[28.7155279,47.1153559],[28.715526,47.115354],[28.7155238,47.1153523],[28.7155214,47.1153508],[28.7155209,47.1153505],[28.7155194,47.1153494],[28.7155179,47.1153477],[28.7155157,47.1153455],[28.7155152,47.1153452],[28.7155147,47.1153447],[28.7155143,47.115344],[28.7155129,47.1153419],[28.7155111,47.1153399],[28.715509,47.1153381],[28.7155067,47.1153364],[28.7155041,47.1153349],[28.7155014,47.1153336],[28.7155011,47.1153335],[28.7155005,47.1153331],[28.7154994,47.1153319],[28.7154978,47.1153301],[28.7154959,47.1153285],[28.7154939,47.115327],[28.7154916,47.1153256],[28.7154914,47.1153255],[28.715491,47.1153252],[28.7154899,47.115324],[28.7154884,47.1153226],[28.7154873,47.1153217],[28.7154873,47.1153217],[28.7154863,47.1153198],[28.7154853,47.1153179],[28.715484,47.1153161],[28.7154824,47.1153144],[28.7154807,47.1153128],[28.7154739,47.1153071],[28.7154717,47.1153054],[28.7154692,47.1153039],[28.7154665,47.1153025],[28.7154635,47.1153014],[28.7154627,47.1153011],[28.7154622,47.1153009],[28.715461,47.1153001],[28.7154567,47.1152967],[28.7154541,47.1152942],[28.7154523,47.1152927],[28.7154504,47.1152912],[28.7154485,47.1152899],[28.7154452,47.1152872],[28.7154442,47.1152863],[28.7154422,47.1152847],[28.7154311,47.1152754],[28.7154306,47.1152749],[28.7154287,47.1152732],[28.7154268,47.1152718],[28.7154141,47.115261],[28.7154135,47.1152604],[28.7154119,47.1152589],[28.7154095,47.1152568],[28.7154068,47.1152547],[28.7154046,47.1152531],[28.7154015,47.1152506],[28.7154006,47.1152496],[28.7154004,47.1152492],[28.715399,47.1152472],[28.7153975,47.1152454],[28.7153956,47.1152436],[28.7153935,47.115242],[28.7153912,47.1152405],[28.7153887,47.1152391],[28.7153881,47.1152388],[28.7153874,47.1152384],[28.7153853,47.1152369],[28.7153708,47.1152248],[28.7153704,47.1152244],[28.7153684,47.1152224],[28.715366,47.1152206],[28.7153659,47.1152206],[28.7153616,47.115217],[28.7153612,47.1152166],[28.7153587,47.1152143],[28.7153575,47.1152134],[28.7153566,47.1152126],[28.7153559,47.1152116],[28.715355,47.1152097],[28.7153539,47.1152078],[28.7153526,47.1152059],[28.715351,47.1152042],[28.7153492,47.1152025],[28.7153395,47.1151944],[28.7153376,47.1151929],[28.7153354,47.1151915],[28.7153331,47.1151903],[28.7153306,47.1151892],[28.7153279,47.1151882],[28.715327,47.1151879],[28.715326,47.1151872],[28.7153201,47.1151822],[28.7153191,47.1151811],[28.7153171,47.1151793],[28.7153149,47.1151776],[28.7153127,47.1151761],[28.7153077,47.1151719],[28.7153066,47.1151707],[28.7153047,47.115169],[28.7153025,47.1151673],[28.7153009,47.1151662],[28.7152946,47.1151609],[28.7152931,47.1151594],[28.7152902,47.1151569],[28.7152883,47.1151555],[28.7152874,47.1151547],[28.715287,47.1151544],[28.7152833,47.1151513],[28.7152806,47.1151486],[28.7152788,47.1151469],[28.7152766,47.1151453],[28.7152758,47.1151447],[28.7152233,47.1151011],[28.715222,47.1150998],[28.7152215,47.1150989],[28.7152214,47.1150985],[28.7152211,47.1150981],[28.7152211,47.1150979],[28.71522,47.1150958],[28.7152186,47.1150937],[28.7152169,47.1150918],[28.715215,47.1150899],[28.7152144,47.1150894],[28.7152135,47.1150885],[28.7152135,47.1150864],[28.7152132,47.1150833],[28.7152132,47.1150829],[28.7152129,47.1150745],[28.715213,47.1150735]]]}},{"type":"Feature","id":37,"properties":{"vineyard_id":"V37","farm_id":"F27","area_m2":1443.728,"n_parcels":3,"cadastral_codes":["80371140245","80371140246","80371140290"],"landuse_counts":{"Teren pentru grădini":3}},"geometry":{"type":"Polygon","coordinates":[[[28.7179232,47.115403],[28.7179231,47.1153992],[28.7179231,47.1153991],[28.7179226,47.1153863],[28.7179227,47.1153854],[28.7179228,47.1153835],[28.7179226,47.1153816],[28.7179226,47.1153816],[28.7179227,47.1153805],[28.7179226,47.1153795],[28.7179226,47.1153795],[28.7179225,47.1153773],[28.7179234,47.1153763],[28.7179537,47.1153517],[28.717954,47.1153515],[28.7179563,47.1153498],[28.7179584,47.115348],[28.7179661,47.1153415],[28.7179678,47.1153402],[28.7179696,47.1153386],[28.7179697,47.1153385],[28.7179783,47.1153316],[28.7179792,47.1153309],[28.7179968,47.1153164],[28.7179981,47.1153156],[28.7180001,47.1153141],[28.7180018,47.1153125],[28.7180033,47.1153111],[28.7180081,47.1153073],[28.7180101,47.1153056],[28.7180169,47.1153002],[28.718017,47.1153002],[28.718019,47.1152986],[28.7180209,47.1152969],[28.7180216,47.1152962],[28.718185,47.1151628],[28.7181857,47.1151622],[28.7181863,47.1151618],[28.718188,47.1151605],[28.718189,47.1151595],[28.7182092,47.1151433],[28.7182098,47.1151429],[28.7182116,47.1151415],[28.7182133,47.11514],[28.7182154,47.1151379],[28.7182274,47.1151282],[28.718229,47.1151272],[28.7182293,47.115127],[28.7182317,47.1151255],[28.7182338,47.1151239],[28.7182358,47.1151221],[28.7182374,47.1151203],[28.7182375,47.1151202],[28.7182387,47.1151192],[28.71824,47.1151182],[28.718242,47.1151164],[28.7182429,47.1151156],[28.7182876,47.1150791],[28.7182893,47.1150779],[28.7182897,47.1150777],[28.7182923,47.1150758],[28.7182945,47.1150738],[28.7182966,47.1150718],[28.7183041,47.1150657],[28.7183059,47.1150645],[28.7183082,47.1150628],[28.7183103,47.115061],[28.7183123,47.1150589],[28.7183152,47.1150566],[28.718317,47.1150553],[28.718319,47.1150535],[28.7183191,47.1150534],[28.7183221,47.115051],[28.7183224,47.1150508],[28.7183246,47.1150492],[28.7183266,47.1150474],[28.7183274,47.1150466],[28.7183509,47.1150275],[28.7183521,47.1150267],[28.7183539,47.1150265],[28.7183562,47.1150264],[28.7183568,47.1150264],[28.7183593,47.1150264],[28.7183638,47.1150262],[28.7183643,47.1150262],[28.7183777,47.115026],[28.7183783,47.115026],[28.7183812,47.1150261],[28.7183835,47.115026],[28.7183865,47.115026],[28.718391,47.1150258],[28.7183915,47.1150258],[28.7184159,47.1150254],[28.7184166,47.1150254],[28.7184194,47.1150255],[28.7184216,47.1150254],[28.7184249,47.1150254],[28.7184293,47.1150252],[28.7184297,47.1150252],[28.7184629,47.1150247],[28.7184635,47.1150247],[28.7184664,47.1150248],[28.7184686,47.1150247],[28.7184719,47.1150247],[28.7184763,47.1150245],[28.7184767,47.1150245],[28.7185107,47.115024],[28.7185114,47.115024],[28.7185142,47.1150241],[28.7185166,47.115024],[28.7185196,47.115024],[28.7185241,47.1150238],[28.7185246,47.1150238],[28.7185554,47.1150233],[28.718556,47.1150233],[28.7185589,47.1150234],[28.718561,47.1150233],[28.7185621,47.1150233],[28.7185622,47.1150233],[28.7185623,47.1150234],[28.7185623,47.1150234],[28.7185623,47.1150235],[28.7185625,47.1150245],[28.7185625,47.1150246],[28.7185624,47.1150258],[28.7185611,47.1150284],[28.7185601,47.1150306],[28.7185595,47.1150328],[28.7185593,47.1150351],[28.7185594,47.1150374],[28.7185598,47.1150396],[28.7185605,47.1150418],[28.7185616,47.115044],[28.718563,47.1150461],[28.7185647,47.115048],[28.7185666,47.1150499],[28.7185689,47.1150516],[28.7185695,47.115052],[28.7185719,47.1150535],[28.7185745,47.1150548],[28.7185748,47.115055],[28.7185858,47.1150611],[28.718587,47.1150619],[28.7185872,47.1150631],[28.7185874,47.1150708],[28.7185873,47.1150716],[28.7185873,47.1150736],[28.7185874,47.1150753],[28.7185874,47.1150779],[28.7185877,47.1150807],[28.7185878,47.1150812],[28.7185888,47.115113],[28.7185887,47.1151138],[28.7185886,47.1151158],[28.7185888,47.1151176],[28.7185888,47.1151199],[28.718589,47.1151228],[28.7185891,47.1151233],[28.71859,47.1151515],[28.7185899,47.1151524],[28.7185899,47.1151543],[28.71859,47.1151562],[28.71859,47.1151584],[28.7185903,47.1151613],[28.7185904,47.1151619],[28.7185913,47.1151922],[28.7185912,47.1151931],[28.7185912,47.115195],[28.7185913,47.1151967],[28.7185913,47.1151996],[28.7185913,47.1152004],[28.7185913,47.1152006],[28.7185912,47.1152016],[28.7185903,47.1152024],[28.7185602,47.1152267],[28.7185586,47.1152279],[28.7185567,47.1152296],[28.7185358,47.115247],[28.7185324,47.1152494],[28.7185303,47.115251],[28.7185284,47.1152527],[28.7185284,47.1152527],[28.7185284,47.1152527],[28.7185284,47.1152527],[28.7185284,47.1152528],[28.7185257,47.1152554],[28.7184742,47.1152977],[28.7184726,47.1152987],[28.71847,47.1153008],[28.7184629,47.1153069],[28.7184616,47.1153078],[28.7184597,47.1153092],[28.718458,47.1153108],[28.7184579,47.1153109],[28.7184289,47.1153346],[28.7184279,47.1153353],[28.7184266,47.1153348],[28.7184251,47.1153339],[28.7184251,47.1153339],[28.718423,47.1153326],[28.7184207,47.1153315],[28.7184196,47.115331],[28.7184168,47.1153298],[28.7184139,47.1153289],[28.7184108,47.1153281],[28.7184077,47.1153276],[28.7184045,47.1153272],[28.7184012,47.1153271],[28.718398,47.1153272],[28.7183948,47.1153275],[28.7183916,47.1153281],[28.7183885,47.1153288],[28.7183856,47.1153298],[28.7183828,47.1153309],[28.7183824,47.1153311],[28.7183814,47.1153315],[28.7183788,47.1153325],[28.7183764,47.1153336],[28.7183728,47.1153355],[28.7183701,47.1153371],[28.7183676,47.1153389],[28.7183582,47.1153467],[28.7183561,47.1153486],[28.7183543,47.1153507],[28.7183528,47.1153529],[28.7183517,47.1153552],[28.7183516,47.1153554],[28.7183505,47.1153561],[28.7183483,47.1153572],[28.7183465,47.115358],[28.7183436,47.1153594],[28.718341,47.1153609],[28.7183386,47.1153627],[28.7183235,47.1153751],[28.7183215,47.1153768],[28.7183198,47.1153788],[28.7183184,47.1153808],[28.7183173,47.1153829],[28.7183167,47.1153847],[28.7183166,47.1153847],[28.7183155,47.1153855],[28.7183141,47.1153863],[28.7183119,47.1153875],[28.7183099,47.1153889],[28.7183081,47.1153904],[28.7183074,47.1153911],[28.718306,47.1153921],[28.7183038,47.1153938],[28.718302,47.1153958],[28.7183018,47.115396],[28.7183,47.1153984],[28.7182989,47.1153994],[28.7182982,47.1154001],[28.7182971,47.1154008],[28.7182969,47.1154009],[28.7182947,47.1154019],[28.7182926,47.1154031],[28.7182916,47.1154038],[28.71829,47.1154048],[28.7182877,47.1154064],[28.7182857,47.1154081],[28.7182839,47.11541],[28.7182824,47.115412],[28.7182812,47.1154141],[28.7182803,47.1154163],[28.7182798,47.1154185],[28.7182795,47.1154207],[28.7182796,47.115423],[28.71828,47.1154252],[28.7182808,47.1154274],[28.7182818,47.1154295],[28.7182832,47.1154315],[28.7182849,47.1154335],[28.7182868,47.1154353],[28.718289,47.115437],[28.7182901,47.1154377],[28.718291,47.1154383],[28.7182934,47.1154398],[28.7182946,47.1154404],[28.7182948,47.1154406],[28.7182947,47.1154411],[28.7182943,47.1154429],[28.7182942,47.115443],[28.7182941,47.1154434],[28.7182933,47.1154442],[28.718293,47.1154445],[28.7182926,47.1154447],[28.71829,47.1154467],[28.7182877,47.1154489],[28.7182864,47.1154504],[28.7182861,47.1154506],[28.7182858,47.1154508],[28.7182837,47.1154521],[28.7182817,47.1154535],[28.71828,47.1154548],[28.7182795,47.1154551],[28.7182788,47.1154554],[28.7182762,47.1154567],[28.7182738,47.1154581],[28.7182716,47.1154598],[28.7182372,47.115488],[28.7182361,47.1154887],[28.718234,47.1154887],[28.7182296,47.1154889],[28.7182291,47.1154889],[28.7181904,47.1154895],[28.7181898,47.1154895],[28.7181869,47.1154894],[28.7181847,47.1154895],[28.7181816,47.1154895],[28.7181771,47.1154897],[28.7181766,47.1154897],[28.7181414,47.1154903],[28.7181408,47.1154902],[28.7181379,47.1154902],[28.7181357,47.1154902],[28.7181325,47.1154902],[28.7181281,47.1154904],[28.7181276,47.1154905],[28.7180939,47.115491],[28.7180933,47.1154909],[28.7180904,47.1154909],[28.7180885,47.115491],[28.7180847,47.115491],[28.7180804,47.1154911],[28.7180801,47.1154912],[28.7180459,47.1154917],[28.7180453,47.1154917],[28.7180424,47.1154916],[28.7180404,47.1154917],[28.7180393,47.1154917],[28.7180402,47.1154902],[28.7180413,47.1154881],[28.7180421,47.115486],[28.7180426,47.1154838],[28.7180428,47.1154816],[28.7180426,47.1154794],[28.7180422,47.1154772],[28.7180414,47.1154751],[28.7180403,47.115473],[28.7180389,47.115471],[28.7180373,47.1154691],[28.7180354,47.1154673],[28.7180332,47.1154657],[28.7180318,47.1154647],[28.7180295,47.1154633],[28.7180278,47.1154624],[28.7180264,47.1154615],[28.7180238,47.1154602],[28.7180235,47.1154601],[28.7180064,47.1154504],[28.7180038,47.115449],[28.718001,47.1154479],[28.7180002,47.1154476],[28.7179989,47.1154472],[28.7179983,47.1154469],[28.717998,47.1154467],[28.7179969,47.1154458],[28.7179971,47.1154453],[28.7179974,47.1154432],[28.7179974,47.115441],[28.7179971,47.1154389],[28.7179966,47.1154368],[28.7179957,47.1154348],[28.7179946,47.1154328],[28.7179932,47.1154309],[28.7179915,47.1154291],[28.7179896,47.1154274],[28.7179875,47.1154258],[28.7179852,47.1154244],[28.7179844,47.115424],[28.7179822,47.1154229],[28.717982,47.1154228],[28.7179793,47.1154217],[28.7179765,47.1154207],[28.7179736,47.11542],[28.7179705,47.1154194],[28.7179674,47.1154191],[28.7179643,47.1154189],[28.7179612,47.115419],[28.717958,47.1154192],[28.717955,47.1154197],[28.717952,47.1154203],[28.7179491,47.1154212],[28.7179463,47.1154222],[28.7179438,47.1154234],[28.7179413,47.1154248],[28.7179394,47.1154261],[28.717939,47.1154263],[28.7179368,47.1154275],[28.7179358,47.1154282],[28.7179342,47.1154292],[28.7179324,47.1154299],[28.7179301,47.1154309],[28.7179279,47.115432],[28.7179259,47.1154333],[28.7179244,47.1154343],[28.7179244,47.1154328],[28.7179241,47.1154299],[28.717924,47.1154293],[28.7179234,47.1154085],[28.7179235,47.1154076],[28.7179235,47.1154057],[28.7179234,47.1154038],[28.7179232,47.115403],[28.7179232,47.115403]]]}},{"type":"Feature","id":38,"properties":{"vineyard_id":"V38","farm_id":"F26","area_m2":786.017,"n_parcels":1,"cadastral_codes":["80371140101"],"landuse_counts":{"Teren pentru grădini":1}},"geometry":{"type":"Polygon","coordinates":[[[28.7153339,47.1150113],[28.7153346,47.1150105],[28.7153355,47.1150098],[28.7153364,47.1150093],[28.7153371,47.1150088],[28.7153374,47.1150087],[28.7153375,47.1150087],[28.7153399,47.115009],[28.7153431,47.1150091],[28.7153463,47.115009],[28.7153495,47.1150087],[28.7153526,47.1150082],[28.7153557,47.1150075],[28.7153586,47.1150066],[28.7153614,47.1150055],[28.7153637,47.1150043],[28.7153638,47.1150043],[28.7153667,47.1150029],[28.7153685,47.1150017],[28.7153699,47.115001],[28.7153716,47.115],[28.7153726,47.1149994],[28.7153818,47.1149942],[28.7153841,47.1149927],[28.7153863,47.1149911],[28.7153882,47.1149893],[28.7153898,47.1149874],[28.7153912,47.1149854],[28.7153912,47.1149854],[28.7153923,47.114985],[28.7153948,47.1149843],[28.7153956,47.114984],[28.7153963,47.1149837],[28.7153994,47.1149825],[28.7154022,47.1149811],[28.7154159,47.1149734],[28.7154163,47.1149733],[28.7154187,47.114972],[28.7154203,47.114971],[28.7154212,47.1149706],[28.7154232,47.1149696],[28.7154253,47.1149689],[28.7154285,47.1149676],[28.7154316,47.1149661],[28.7154436,47.1149595],[28.7154437,47.1149595],[28.7154464,47.1149581],[28.7154485,47.1149568],[28.71545,47.114956],[28.7154504,47.1149558],[28.7154516,47.1149552],[28.7154527,47.1149559],[28.7154528,47.114956],[28.7154538,47.1149569],[28.7154568,47.1149593],[28.7154576,47.1149599],[28.7154631,47.1149644],[28.7154638,47.1149651],[28.7154657,47.1149669],[28.7154679,47.1149685],[28.7154685,47.114969],[28.7155064,47.1150006],[28.7155084,47.1150026],[28.7155106,47.1150046],[28.7155131,47.1150065],[28.7155138,47.1150069],[28.7155154,47.1150082],[28.7155168,47.1150095],[28.7155187,47.1150109],[28.7155193,47.1150114],[28.7155241,47.1150154],[28.7155254,47.1150169],[28.7155269,47.1150186],[28.7155287,47.1150204],[28.7155307,47.115022],[28.715533,47.1150234],[28.7155346,47.1150244],[28.7155368,47.1150261],[28.7155376,47.1150267],[28.7155549,47.1150411],[28.7155557,47.1150419],[28.7155576,47.1150437],[28.7155598,47.1150453],[28.7155607,47.1150459],[28.7155765,47.1150593],[28.7155788,47.115061],[28.7155813,47.1150625],[28.7155839,47.1150638],[28.7155868,47.115065],[28.7155898,47.1150659],[28.715593,47.1150667],[28.7155962,47.1150672],[28.7155995,47.1150675],[28.7156029,47.1150676],[28.7156185,47.1150673],[28.715619,47.1150674],[28.7156219,47.1150674],[28.7156234,47.1150674],[28.7156282,47.1150674],[28.7156286,47.1150674],[28.7156301,47.1150675],[28.7156312,47.1150682],[28.715632,47.1150689],[28.7156335,47.1150703],[28.7156354,47.115072],[28.7156376,47.1150736],[28.715641,47.1150765],[28.7156419,47.1150774],[28.715642,47.1150774],[28.7156426,47.1150793],[28.7156436,47.1150814],[28.715645,47.1150834],[28.7156467,47.1150854],[28.7156486,47.1150872],[28.7156729,47.1151077],[28.7156748,47.1151092],[28.7156769,47.1151105],[28.7156792,47.1151117],[28.7156816,47.1151128],[28.7156832,47.1151135],[28.7156849,47.1151144],[28.7156882,47.1151167],[28.7156884,47.1151169],[28.7156915,47.1151194],[28.7156938,47.115121],[28.7156967,47.1151234],[28.7156972,47.1151239],[28.7156989,47.1151255],[28.7156994,47.1151259],[28.7157016,47.1151279],[28.7157034,47.1151299],[28.7157049,47.1151316],[28.7157068,47.1151332],[28.7157088,47.1151346],[28.7157109,47.1151359],[28.7157114,47.1151362],[28.7157124,47.115137],[28.7157151,47.1151397],[28.7157158,47.1151406],[28.7157167,47.1151424],[28.7157177,47.1151442],[28.715719,47.115146],[28.7157206,47.1151477],[28.7157223,47.1151494],[28.7157651,47.1151855],[28.7157673,47.1151872],[28.7157698,47.1151887],[28.7157725,47.11519],[28.7157753,47.1151912],[28.7157772,47.1151918],[28.7157775,47.1151919],[28.7157786,47.1151927],[28.7157809,47.1151945],[28.7157819,47.1151955],[28.7157833,47.1151974],[28.7157859,47.1152006],[28.7157876,47.1152024],[28.7157896,47.1152042],[28.7157918,47.1152058],[28.7157942,47.1152072],[28.7157968,47.1152085],[28.7157973,47.1152087],[28.7157978,47.1152089],[28.7157988,47.1152098],[28.7158007,47.1152117],[28.7158029,47.1152136],[28.7158053,47.1152154],[28.7158062,47.115216],[28.7158063,47.115216],[28.7158079,47.1152174],[28.7158094,47.1152186],[28.7158095,47.1152188],[28.7158111,47.1152205],[28.7158129,47.1152221],[28.7158149,47.1152236],[28.7158154,47.1152239],[28.7158157,47.1152242],[28.7158165,47.1152251],[28.7158165,47.1152252],[28.7158179,47.1152271],[28.7158195,47.115229],[28.7158214,47.1152307],[28.7158235,47.1152323],[28.7158258,47.1152337],[28.7158283,47.115235],[28.7158293,47.1152355],[28.7158303,47.1152365],[28.7158322,47.1152382],[28.7158343,47.1152398],[28.7158354,47.1152406],[28.7158364,47.1152414],[28.7158364,47.1152414],[28.7158375,47.1152436],[28.7158389,47.1152457],[28.7158406,47.1152476],[28.7158427,47.1152495],[28.7158449,47.1152511],[28.7158474,47.1152527],[28.7158502,47.115254],[28.7158523,47.1152549],[28.7158535,47.1152557],[28.7158574,47.1152589],[28.7158574,47.115259],[28.7158594,47.1152609],[28.7158615,47.1152625],[28.7158734,47.1152725],[28.7158741,47.1152732],[28.7158761,47.1152751],[28.7158779,47.1152764],[28.7158789,47.1152772],[28.7158794,47.1152777],[28.7158808,47.1152791],[28.7158825,47.1152804],[28.7158832,47.1152809],[28.715887,47.1152843],[28.7158897,47.1152864],[28.7158901,47.1152867],[28.7158933,47.1152895],[28.7158943,47.1152905],[28.7158944,47.1152913],[28.7158944,47.1152919],[28.7158946,47.1152942],[28.7158946,47.1152943],[28.7158947,47.1152948],[28.7158947,47.1152971],[28.715895,47.1153002],[28.7158951,47.1153006],[28.7158959,47.115326],[28.7158958,47.1153269],[28.7158957,47.1153289],[28.7158959,47.1153309],[28.7158959,47.115331],[28.7158959,47.1153337],[28.7158962,47.1153367],[28.7158963,47.1153371],[28.7158971,47.1153634],[28.7158973,47.1153656],[28.7158979,47.1153678],[28.7158987,47.1153699],[28.7158999,47.115372],[28.7159013,47.1153739],[28.7159031,47.1153758],[28.715905,47.1153776],[28.7159073,47.1153792],[28.7159085,47.1153799],[28.7159094,47.1153807],[28.7159096,47.115381],[28.7159099,47.115382],[28.715911,47.1153841],[28.7159124,47.1153862],[28.715914,47.1153881],[28.715916,47.1153899],[28.7159373,47.115408],[28.7159394,47.1154096],[28.7159417,47.115411],[28.7159443,47.1154123],[28.7159454,47.1154128],[28.7159457,47.115413],[28.7159467,47.1154139],[28.715948,47.1154153],[28.7159499,47.1154171],[28.7159519,47.1154187],[28.7159542,47.1154202],[28.7159565,47.1154215],[28.7159575,47.1154223],[28.7159578,47.1154227],[28.7159592,47.1154247],[28.7159608,47.1154265],[28.7159626,47.1154282],[28.7159647,47.1154298],[28.7159664,47.1154309],[28.7159664,47.115431],[28.715967,47.1154326],[28.7159672,47.1154333],[28.7159666,47.1154337],[28.7159657,47.1154342],[28.7159641,47.1154351],[28.7159632,47.1154357],[28.7159606,47.1154373],[28.7159583,47.115439],[28.7159564,47.1154409],[28.7159547,47.115443],[28.7159533,47.1154451],[28.7159523,47.1154474],[28.7159522,47.1154476],[28.7159517,47.1154489],[28.7159513,47.1154504],[28.715951,47.1154506],[28.7159505,47.1154508],[28.7159496,47.1154514],[28.7159494,47.1154515],[28.7159485,47.1154512],[28.7159458,47.1154504],[28.7159427,47.1154496],[28.7159395,47.1154491],[28.7159363,47.1154488],[28.7159331,47.1154488],[28.7159298,47.1154489],[28.7159266,47.1154493],[28.7159235,47.1154498],[28.7159204,47.1154506],[28.7159175,47.1154516],[28.7159148,47.1154528],[28.7159122,47.1154541],[28.7159098,47.1154556],[28.7159077,47.1154573],[28.7159058,47.1154591],[28.7159042,47.115461],[28.7159028,47.1154631],[28.7159018,47.1154652],[28.7159011,47.1154673],[28.7159007,47.1154695],[28.7159006,47.1154717],[28.7159007,47.1154739],[28.7159009,47.115476],[28.7159014,47.1154781],[28.7159022,47.1154802],[28.7159033,47.1154822],[28.7159047,47.1154841],[28.7159063,47.115486],[28.7159082,47.1154877],[28.7159107,47.1154897],[28.7159114,47.1154904],[28.7159134,47.1154923],[28.7159157,47.115494],[28.7159158,47.1154941],[28.7159164,47.1154946],[28.7159178,47.1154959],[28.7159201,47.1154981],[28.7159224,47.1154996],[28.715923,47.1155003],[28.7159247,47.1155017],[28.7159265,47.1155031],[28.715927,47.1155034],[28.7159442,47.1155176],[28.7159452,47.1155185],[28.7159472,47.1155201],[28.7159476,47.1155204],[28.7159484,47.1155213],[28.7159475,47.1155222],[28.7159474,47.1155222],[28.7159465,47.1155228],[28.7159462,47.115523],[28.715946,47.1155231],[28.7159456,47.1155231],[28.7159429,47.1155231],[28.7159425,47.1155232],[28.7159409,47.1155231],[28.7159395,47.1155221],[28.7159377,47.1155206],[28.7159376,47.1155206],[28.7159227,47.1155081],[28.7159207,47.1155062],[28.7159184,47.1155045],[28.7159181,47.1155043],[28.7159023,47.1154911],[28.7159015,47.1154902],[28.7158995,47.1154883],[28.7158979,47.1154869],[28.7158973,47.1154863],[28.7158952,47.1154847],[28.7158949,47.1154845],[28.7158811,47.115473],[28.7158809,47.1154727],[28.715879,47.115471],[28.7158775,47.1154699],[28.7158764,47.115469],[28.7158758,47.1154684],[28.7158743,47.115467],[28.7158729,47.1154659],[28.7158677,47.1154613],[28.7158665,47.1154602],[28.7158646,47.1154586],[28.7158625,47.1154572],[28.7158608,47.1154559],[28.7158603,47.1154553],[28.71586,47.115455],[28.7158585,47.1154533],[28.7158567,47.1154516],[28.7158547,47.1154501],[28.7158525,47.1154487],[28.7158522,47.1154485],[28.7158501,47.1154471],[28.7158128,47.1154158],[28.7158121,47.1154152],[28.7158118,47.115415],[28.7158118,47.1154149],[28.715811,47.1154144],[28.7158086,47.1154121],[28.7158056,47.1154097],[28.7158047,47.115409],[28.7158013,47.1154061],[28.7158,47.1154047],[28.7157998,47.1154045],[28.7157981,47.1154026],[28.7157962,47.1154008],[28.715794,47.1153991],[28.7157915,47.1153975],[28.715791,47.1153973],[28.7157894,47.1153962],[28.7157678,47.1153783],[28.7157671,47.1153776],[28.7157649,47.1153756],[28.7157628,47.115374],[28.7157619,47.1153733],[28.7157598,47.1153712],[28.7157578,47.1153693],[28.7157555,47.1153677],[28.7157534,47.1153662],[28.715741,47.1153559],[28.7157389,47.1153537],[28.7157372,47.1153521],[28.7157353,47.1153506],[28.7157343,47.11535],[28.715732,47.1153484],[28.7156902,47.1153134],[28.7156894,47.1153126],[28.7156875,47.1153109],[28.7156857,47.1153096],[28.7156821,47.1153067],[28.7156818,47.1153064],[28.71568,47.1153047],[28.7156779,47.1153031],[28.7156777,47.1153029],[28.7156591,47.1152874],[28.7156568,47.115285],[28.7156545,47.115283],[28.7156519,47.1152811],[28.7156513,47.1152807],[28.7156496,47.1152795],[28.7156465,47.1152767],[28.715644,47.1152747],[28.7156425,47.1152735],[28.7156423,47.1152734],[28.7156422,47.1152733],[28.7156402,47.1152714],[28.7156379,47.1152697],[28.7156376,47.1152695],[28.715635,47.1152673],[28.7156343,47.1152666],[28.7156324,47.1152648],[28.7156303,47.1152632],[28.7156291,47.1152624],[28.7156282,47.1152615],[28.7156279,47.1152612],[28.7156259,47.1152593],[28.7156236,47.1152575],[28.7156218,47.1152563],[28.7155817,47.1152227],[28.7155808,47.1152219],[28.7155787,47.1152203],[28.7155785,47.1152201],[28.715548,47.1151946],[28.7155477,47.1151943],[28.7155456,47.1151923],[28.7155291,47.1151787],[28.715528,47.1151776],[28.7155271,47.1151762],[28.7155254,47.1151742],[28.7155234,47.1151724],[28.7155212,47.1151706],[28.7155186,47.1151691],[28.7155167,47.1151681],[28.7155154,47.1151672],[28.7155053,47.115159],[28.7155042,47.1151578],[28.7155023,47.1151561],[28.7155003,47.1151546],[28.7154993,47.1151538],[28.7154989,47.1151534],[28.715497,47.1151517],[28.7154949,47.1151501],[28.7154944,47.1151498],[28.7154817,47.1151392],[28.7154792,47.1151366],[28.7154775,47.115135],[28.7154756,47.1151335],[28.7154734,47.1151321],[28.7154732,47.115132],[28.7154727,47.1151315],[28.7154727,47.1151315],[28.7154708,47.1151297],[28.7154687,47.115128],[28.7154682,47.1151277],[28.7154675,47.115127],[28.7154672,47.1151267],[28.7154655,47.115125],[28.7154636,47.1151233],[28.7154614,47.1151218],[28.7154597,47.1151207],[28.715459,47.11512],[28.7154573,47.1151186],[28.7154549,47.1151166],[28.7154546,47.1151163],[28.7154527,47.1151146],[28.7154505,47.1151129],[28.71545,47.1151126],[28.7154457,47.115109],[28.7154449,47.1151082],[28.7154431,47.1151066],[28.7154411,47.115105],[28.7154396,47.115104],[28.7154376,47.1151023],[28.7154362,47.115101],[28.7154337,47.115099],[28.7154336,47.115099],[28.7154305,47.1150965],[28.7154286,47.1150945],[28.7154269,47.1150931],[28.7154252,47.1150917],[28.7154225,47.1150898],[28.7154114,47.1150805],[28.7154091,47.1150782],[28.7154069,47.1150761],[28.7154061,47.1150755],[28.7154032,47.1150735],[28.7154026,47.1150731],[28.7154018,47.1150724],[28.7154022,47.1150703],[28.7154024,47.1150681],[28.7154023,47.1150658],[28.7154018,47.1150636],[28.7154011,47.1150614],[28.7154,47.1150593],[28.7153986,47.1150572],[28.7153969,47.1150553],[28.7153949,47.1150535],[28.7153927,47.1150518],[28.7153902,47.1150503],[28.7153876,47.1150489],[28.7153847,47.1150478],[28.7153817,47.1150469],[28.7153786,47.1150461],[28.715376,47.1150456],[28.7153747,47.1150453],[28.7153735,47.1150448],[28.7153725,47.1150442],[28.7153638,47.1150368],[28.7153636,47.1150366],[28.7153619,47.115035],[28.7153599,47.1150335],[28.7153596,47.1150332],[28.7153517,47.1150265],[28.7153515,47.1150263],[28.7153497,47.1150246],[28.7153492,47.1150242],[28.7153464,47.1150219],[28.7153456,47.115021],[28.7153434,47.1150194],[28.7153433,47.1150193],[28.7153347,47.1150121],[28.7153339,47.1150113]]]}},{"type":"Feature","id":39,"properties":{"vineyard_id":"V39","farm_id":"F26","area_m2":77.127,"n_parcels":1,"cadastral_codes":["80371140103"],"landuse_counts":{"Teren pentru grădini":1}},"geometry":{"type":"Polygon","coordinates":[[[28.7157092,47.115068],[28.7157108,47.1150667],[28.7157111,47.1150664],[28.7157116,47.115066],[28.7157138,47.1150661],[28.7157178,47.1150659],[28.7157183,47.1150658],[28.7157393,47.1150655],[28.7157399,47.1150656],[28.7157428,47.1150656],[28.7157444,47.1150655],[28.7157478,47.1150655],[28.715752,47.1150654],[28.7157525,47.1150653],[28.7157706,47.1150651],[28.7157711,47.1150651],[28.715774,47.1150651],[28.7157752,47.1150651],[28.7157787,47.1150651],[28.7157809,47.1150651],[28.7157827,47.1150652],[28.7157837,47.1150659],[28.7157861,47.115068],[28.7157871,47.115069],[28.7157887,47.1150705],[28.7157904,47.115072],[28.7157922,47.1150732],[28.715796,47.1150761],[28.7157968,47.1150769],[28.7157977,47.115078],[28.7157994,47.1150801],[28.7158013,47.115082],[28.7158036,47.1150837],[28.7158061,47.1150853],[28.7158086,47.1150866],[28.7158098,47.1150874],[28.7158101,47.1150876],[28.715811,47.1150886],[28.7158113,47.115089],[28.7158126,47.115091],[28.7158143,47.1150929],[28.7158162,47.1150948],[28.7158183,47.1150964],[28.7158207,47.1150979],[28.7158234,47.1150993],[28.7158246,47.1150999],[28.7158257,47.1151006],[28.7158287,47.1151031],[28.7158288,47.1151032],[28.7158308,47.115105],[28.715833,47.1151067],[28.7158349,47.115108],[28.7158364,47.1151092],[28.7158381,47.115111],[28.7158397,47.1151125],[28.7158415,47.115114],[28.7158434,47.1151153],[28.7158442,47.1151158],[28.715848,47.1151188],[28.7158505,47.1151213],[28.7158527,47.1151232],[28.7158552,47.115125],[28.7158561,47.1151256],[28.7158611,47.1151296],[28.7158613,47.1151298],[28.7158633,47.1151316],[28.7158634,47.1151316],[28.7158641,47.1151324],[28.7158645,47.1151329],[28.7158661,47.1151347],[28.7158679,47.1151363],[28.7158699,47.1151379],[28.7158722,47.1151393],[28.7158734,47.1151399],[28.7158748,47.1151408],[28.7158755,47.1151414],[28.7158765,47.1151424],[28.7158785,47.1151439],[28.7158789,47.1151442],[28.7158809,47.115146],[28.715882,47.1151469],[28.7158828,47.1151476],[28.7158834,47.1151491],[28.7158842,47.115151],[28.7158853,47.1151528],[28.7158866,47.1151546],[28.7158881,47.1151563],[28.7158892,47.1151572],[28.7158903,47.1151584],[28.7158903,47.1151606],[28.7158906,47.1151636],[28.7158907,47.115164],[28.7158913,47.1151821],[28.7158912,47.1151831],[28.7158911,47.115185],[28.7158913,47.115187],[28.7158913,47.1151872],[28.7158913,47.1151898],[28.7158916,47.1151929],[28.7158916,47.1151932],[28.7158922,47.115211],[28.7158921,47.1152119],[28.715892,47.1152139],[28.7158922,47.1152159],[28.7158922,47.115216],[28.7158922,47.1152163],[28.715891,47.1152161],[28.7158886,47.1152157],[28.7158877,47.1152156],[28.7158872,47.1152155],[28.7158859,47.1152148],[28.7158831,47.1152128],[28.7158822,47.115212],[28.7158819,47.1152114],[28.7158808,47.1152094],[28.7158794,47.1152075],[28.7158778,47.1152057],[28.7158759,47.115204],[28.7158738,47.1152024],[28.7158715,47.115201],[28.715869,47.1151997],[28.715867,47.1151988],[28.7158659,47.1151983],[28.7158648,47.1151976],[28.7158563,47.1151906],[28.7158555,47.1151898],[28.7158536,47.1151881],[28.7158515,47.1151865],[28.7158505,47.1151858],[28.7158451,47.1151813],[28.7158449,47.1151811],[28.715843,47.1151794],[28.7158409,47.1151778],[28.7158403,47.1151774],[28.7158332,47.1151713],[28.7158332,47.1151713],[28.7158303,47.1151687],[28.7158282,47.1151672],[28.7158278,47.1151668],[28.715827,47.1151659],[28.7158262,47.1151644],[28.7158249,47.1151623],[28.7158234,47.1151603],[28.7158215,47.1151584],[28.7158194,47.1151566],[28.7158171,47.1151551],[28.7158145,47.1151536],[28.7158099,47.1151514],[28.7158087,47.1151508],[28.7158075,47.11515],[28.7157982,47.1151423],[28.7157961,47.1151401],[28.7157941,47.1151383],[28.7157918,47.1151365],[28.7157889,47.1151346],[28.7157858,47.115132],[28.715785,47.1151312],[28.7157847,47.1151304],[28.7157839,47.1151284],[28.7157828,47.1151265],[28.7157815,47.1151247],[28.7157799,47.115123],[28.7157781,47.1151213],[28.7157518,47.1150995],[28.7157498,47.1150979],[28.7157475,47.1150964],[28.715745,47.1150952],[28.7157423,47.115094],[28.7157396,47.1150931],[28.7157385,47.1150924],[28.7157156,47.1150735],[28.7157145,47.1150725],[28.7157124,47.1150707],[28.7157124,47.1150707],[28.7157124,47.1150707],[28.71571,47.1150688],[28.7157092,47.115068]]]}},{"type":"Feature","id":40,"properties":{"vineyard_id":"V40","farm_id":"F27","area_m2":442.708,"n_parcels":2,"cadastral_codes":["80371140127","80371140128"],"landuse_counts":{"Teren pentru grădini":2}},"geometry":{"type":"Polygon","coordinates":[[[28.7181803,47.1145696],[28.7181814,47.114569],[28.7181821,47.1145687],[28.7181833,47.1145682],[28.7181839,47.1145682],[28.7181852,47.1145683],[28.7181889,47.1145681],[28.7181895,47.114568],[28.7182375,47.1145673],[28.7182382,47.1145674],[28.7182409,47.1145674],[28.7182436,47.1145674],[28.7182446,47.1145673],[28.7182458,47.1145673],[28.7182495,47.1145672],[28.7182501,47.1145671],[28.7182878,47.1145666],[28.7182885,47.1145666],[28.7182914,47.1145667],[28.7182943,47.1145666],[28.7182947,47.1145665],[28.7182962,47.1145666],[28.7182998,47.1145664],[28.7183004,47.1145664],[28.7183243,47.114566],[28.7183249,47.1145661],[28.7183277,47.1145661],[28.7183304,47.114566],[28.7183305,47.114566],[28.7183315,47.1145669],[28.7183389,47.1145747],[28.7183409,47.1145766],[28.7183432,47.1145783],[28.7183448,47.1145794],[28.7183459,47.1145802],[28.7183485,47.1145818],[28.7183486,47.1145818],[28.7183498,47.1145826],[28.718351,47.1145838],[28.7183518,47.1145846],[28.7183538,47.1145864],[28.7183549,47.1145872],[28.718357,47.1145889],[28.7183581,47.1145902],[28.7183594,47.1145917],[28.7183609,47.1145931],[28.718362,47.1145941],[28.7183624,47.1145945],[28.7183632,47.1145956],[28.7183638,47.1145969],[28.7183652,47.1145989],[28.7183669,47.1146009],[28.7183689,47.1146027],[28.7183711,47.1146044],[28.7183719,47.1146049],[28.7183733,47.114606],[28.7183769,47.1146097],[28.7183777,47.1146107],[28.7183777,47.1146107],[28.7183781,47.1146127],[28.7183789,47.1146148],[28.7183799,47.1146169],[28.7183812,47.1146189],[28.7183829,47.1146207],[28.7184513,47.1146926],[28.7184535,47.1146945],[28.7184559,47.1146963],[28.7184585,47.1146979],[28.7184585,47.1146979],[28.7184587,47.114698],[28.7184597,47.1146988],[28.7184602,47.1146997],[28.7184602,47.1146999],[28.7184613,47.1147021],[28.7184627,47.1147043],[28.7184644,47.1147063],[28.7184686,47.1147106],[28.7184707,47.1147126],[28.7184731,47.1147144],[28.7184758,47.114716],[28.7184787,47.1147174],[28.7184797,47.1147179],[28.7184806,47.1147187],[28.7184823,47.1147206],[28.7184833,47.114722],[28.7184853,47.1147243],[28.7184876,47.1147265],[28.7184899,47.1147284],[28.718495,47.1147335],[28.7184966,47.1147356],[28.7184983,47.1147375],[28.7185004,47.1147393],[28.7185009,47.1147397],[28.7185023,47.1147412],[28.7185025,47.1147414],[28.7185043,47.1147434],[28.7185049,47.1147442],[28.7185071,47.1147463],[28.7185074,47.1147465],[28.7185107,47.1147501],[28.7185114,47.1147511],[28.7185115,47.1147513],[28.7185117,47.1147526],[28.7185125,47.1147548],[28.7185135,47.1147569],[28.7185149,47.114759],[28.7185166,47.114761],[28.7185546,47.1148009],[28.7185565,47.1148026],[28.7185586,47.1148043],[28.718561,47.1148058],[28.7185635,47.1148071],[28.7185659,47.1148081],[28.718566,47.1148081],[28.718567,47.1148091],[28.718572,47.1148148],[28.7185738,47.1148167],[28.7185781,47.1148207],[28.7185789,47.1148216],[28.7185791,47.1148227],[28.7185792,47.1148245],[28.7185793,47.114826],[28.7185794,47.1148272],[28.7185793,47.1148291],[28.7185795,47.1148316],[28.7185798,47.1148332],[28.7185804,47.1148538],[28.7185803,47.1148551],[28.7185802,47.114857],[28.7185803,47.114859],[28.7185805,47.11486],[28.7185803,47.1148621],[28.7185806,47.1148645],[28.7185808,47.114866],[28.7185825,47.1149182],[28.7185824,47.1149194],[28.7185823,47.1149213],[28.7185824,47.1149231],[28.7185826,47.1149246],[28.7185824,47.1149265],[28.7185826,47.114929],[28.7185829,47.1149306],[28.7185845,47.1149803],[28.7185844,47.1149815],[28.7185843,47.1149834],[28.7185844,47.1149853],[28.7185845,47.1149864],[28.7185845,47.1149864],[28.7185827,47.1149866],[28.7185809,47.1149868],[28.7185808,47.1149868],[28.7185799,47.114986],[28.7185768,47.1149829],[28.7185761,47.114982],[28.7185759,47.1149812],[28.7185752,47.1149788],[28.7185741,47.1149764],[28.7185727,47.1149742],[28.7185709,47.1149721],[28.718546,47.1149461],[28.7185441,47.1149443],[28.7185419,47.1149427],[28.7185396,47.1149412],[28.718537,47.1149399],[28.7185345,47.1149387],[28.7185336,47.1149378],[28.7185308,47.1149342],[28.7185297,47.1149326],[28.718528,47.1149307],[28.7185261,47.1149289],[28.718524,47.1149273],[28.7185237,47.1149271],[28.7185222,47.1149259],[28.7184016,47.1148005],[28.7184013,47.1148],[28.7183999,47.1147984],[28.7183984,47.1147969],[28.7183971,47.1147958],[28.7182889,47.114683],[28.7182874,47.114681],[28.7182856,47.114679],[28.7182836,47.114677],[28.7182815,47.1146753],[28.7182764,47.11467],[28.7182762,47.1146697],[28.7182746,47.1146678],[28.7182728,47.1146661],[28.7182723,47.1146657],[28.7182693,47.1146626],[28.718269,47.1146621],[28.7182673,47.11466],[28.7182652,47.1146581],[28.7182638,47.1146568],[28.7182577,47.1146505],[28.7182555,47.1146476],[28.7182547,47.1146468],[28.718254,47.1146458],[28.7182527,47.114644],[28.7182512,47.1146424],[28.7182494,47.1146408],[28.7182475,47.1146394],[28.7182474,47.1146393],[28.718247,47.1146389],[28.718245,47.114637],[28.7182443,47.1146365],[28.7182431,47.1146349],[28.7182412,47.1146327],[28.7182389,47.1146307],[28.7182389,47.1146307],[28.7182381,47.1146298],[28.7182381,47.1146298],[28.7182374,47.1146284],[28.7182362,47.1146264],[28.7182348,47.1146246],[28.7182331,47.1146228],[28.7182312,47.1146211],[28.7182291,47.1146196],[28.7182274,47.1146185],[28.7182263,47.1146176],[28.7182262,47.1146175],[28.7182248,47.1146159],[28.7182232,47.1146144],[28.7182219,47.1146132],[28.7181944,47.1145839],[28.7181944,47.1145839],[28.7181936,47.1145831],[28.718181,47.1145705],[28.7181803,47.1145696]]]}},{"type":"Feature","id":41,"properties":{"vineyard_id":"V41","farm_id":"F27","area_m2":10588.931,"n_parcels":14,"cadastral_codes":["80371140106","80371140107","80371140108","80371140109","80371140110","80371140112","80371140113","80371140116","80371140130","80371140131","80371140132","80371140133","80371140134","80371140135"],"landuse_counts":{"Teren pentru grădini":14}},"geometry":{"type":"MultiPolygon","coordinates":[[[[28.7162491,47.1145972],[28.7162495,47.1145972],[28.7162508,47.1145973],[28.7162545,47.1145971],[28.7162551,47.1145971],[28.7162841,47.1145966],[28.7162848,47.1145967],[28.7162876,47.1145967],[28.7162903,47.1145966],[28.7162912,47.1145966],[28.7162924,47.1145966],[28.7162962,47.1145965],[28.7162967,47.1145964],[28.7163234,47.114596],[28.7163241,47.1145961],[28.7163268,47.1145961],[28.7163296,47.1145961],[28.7163296,47.114596],[28.7163306,47.1145969],[28.7163355,47.1146019],[28.7163374,47.1146038],[28.7163397,47.1146055],[28.7163421,47.114607],[28.7163423,47.1146071],[28.7163434,47.114608],[28.716346,47.1146109],[28.7163469,47.1146121],[28.7163475,47.1146136],[28.716349,47.1146158],[28.7163507,47.1146179],[28.7164919,47.114765],[28.7164938,47.1147668],[28.716496,47.1147685],[28.7164984,47.11477],[28.716501,47.1147714],[28.7165038,47.1147725],[28.7165068,47.1147735],[28.7165099,47.1147742],[28.716513,47.1147748],[28.7165163,47.1147751],[28.7165195,47.1147752],[28.7165228,47.1147751],[28.716526,47.1147748],[28.7165292,47.1147742],[28.7165323,47.1147734],[28.7165352,47.1147725],[28.716538,47.1147713],[28.7165406,47.1147699],[28.716543,47.1147684],[28.7165452,47.1147667],[28.7165471,47.1147649],[28.7165488,47.114763],[28.7165501,47.114761],[28.7165511,47.1147588],[28.7165519,47.1147567],[28.7165523,47.1147545],[28.7165524,47.1147522],[28.7165521,47.1147424],[28.7165521,47.1147419],[28.7165522,47.1147388],[28.716552,47.1147366],[28.716552,47.1147366],[28.7165522,47.1147341],[28.7165519,47.1147316],[28.7165517,47.1147301],[28.7165505,47.1146926],[28.7165503,47.1146905],[28.7165498,47.1146885],[28.716549,47.1146864],[28.7165479,47.1146844],[28.7165466,47.1146825],[28.7165457,47.1146815],[28.7165447,47.1146802],[28.7165457,47.114679],[28.7165472,47.1146769],[28.7165483,47.1146747],[28.7165491,47.1146724],[28.7165496,47.1146701],[28.7165497,47.1146678],[28.7165487,47.1146364],[28.7165488,47.1146351],[28.7165489,47.1146333],[28.7165488,47.1146315],[28.7165486,47.1146299],[28.7165487,47.1146281],[28.7165485,47.1146255],[28.7165483,47.1146239],[28.7165473,47.1145938],[28.7165474,47.1145928],[28.7165481,47.1145926],[28.7165511,47.1145918],[28.7165539,47.1145909],[28.7165566,47.1145897],[28.7165591,47.1145884],[28.7165614,47.1145869],[28.7165635,47.1145853],[28.7165654,47.1145836],[28.716567,47.1145817],[28.7165684,47.1145797],[28.7165694,47.1145777],[28.7165702,47.1145756],[28.7165707,47.1145735],[28.7165708,47.1145713],[28.7165707,47.1145692],[28.7165702,47.114567],[28.7165695,47.1145649],[28.7165685,47.1145629],[28.7165672,47.1145609],[28.7165656,47.114559],[28.7165654,47.1145588],[28.7165648,47.114558],[28.7165648,47.1145579],[28.7165636,47.1145557],[28.7165621,47.1145537],[28.7165603,47.1145518],[28.7165582,47.11455],[28.7165559,47.1145484],[28.7165545,47.1145475],[28.7165535,47.1145464],[28.7165507,47.1145426],[28.7165496,47.1145407],[28.7165481,47.1145384],[28.7165464,47.1145364],[28.7165456,47.1145353],[28.7165456,47.1145353],[28.7165457,47.1145332],[28.7165455,47.1145308],[28.7165452,47.1145293],[28.716544,47.1144907],[28.716544,47.1144905],[28.7165438,47.1144864],[28.7165439,47.1144862],[28.7165441,47.1144836],[28.7165439,47.114481],[28.7165436,47.1144794],[28.7165425,47.1144463],[28.7165427,47.114445],[28.7165428,47.1144429],[28.7165426,47.1144409],[28.7165425,47.1144402],[28.7165426,47.114438],[28.7165424,47.1144356],[28.7165422,47.1144341],[28.7165411,47.1144023],[28.7165413,47.1144009],[28.7165414,47.1143989],[28.7165412,47.1143969],[28.7165411,47.1143961],[28.7165412,47.1143939],[28.716541,47.1143916],[28.7165407,47.1143901],[28.7165397,47.1143575],[28.7165398,47.1143562],[28.7165399,47.1143542],[28.7165398,47.1143522],[28.7165397,47.1143514],[28.7165398,47.1143492],[28.7165396,47.1143468],[28.7165393,47.1143454],[28.7165384,47.1143183],[28.7165386,47.1143169],[28.7165387,47.1143149],[28.7165385,47.1143128],[28.7165384,47.1143121],[28.7165385,47.1143099],[28.7165383,47.1143076],[28.716538,47.1143061],[28.716537,47.1142751],[28.7165372,47.1142737],[28.7165373,47.1142717],[28.7165371,47.1142697],[28.716537,47.1142689],[28.7165371,47.1142668],[28.7165369,47.1142644],[28.7165366,47.1142629],[28.7165357,47.1142338],[28.7165358,47.1142327],[28.7165356,47.1142317],[28.7165356,47.1142291],[28.7165357,47.1142284],[28.7165358,47.1142261],[28.7165356,47.1142237],[28.7165353,47.1142223],[28.7165343,47.1141885],[28.7165342,47.1141882],[28.7165342,47.1141858],[28.7165342,47.1141843],[28.7165342,47.1141841],[28.7165342,47.1141839],[28.7165344,47.1141815],[28.7165342,47.1141791],[28.7165339,47.1141776],[28.7165327,47.1141405],[28.7165328,47.1141398],[28.7165329,47.1141376],[28.7165328,47.1141355],[28.7165327,47.1141348],[28.7165342,47.1141329],[28.7165345,47.1141326],[28.7165348,47.1141322],[28.7165363,47.1141321],[28.7165658,47.1141317],[28.7165666,47.1141317],[28.7165695,47.1141318],[28.7165724,47.1141317],[28.7165727,47.1141316],[28.7165743,47.1141317],[28.7165778,47.1141315],[28.7165785,47.1141315],[28.7166064,47.114131],[28.7166072,47.1141311],[28.7166101,47.1141312],[28.716613,47.114131],[28.7166133,47.114131],[28.7166149,47.1141311],[28.7166184,47.1141309],[28.7166191,47.1141309],[28.7166548,47.1141303],[28.7166555,47.1141304],[28.7166583,47.1141304],[28.7166612,47.1141303],[28.7166614,47.1141303],[28.7166637,47.1141304],[28.7166658,47.1141305],[28.7166668,47.1141313],[28.7166796,47.1141446],[28.7166806,47.1141458],[28.7166812,47.1141469],[28.7166827,47.114149],[28.7166845,47.114151],[28.7166867,47.1141529],[28.7166883,47.1141542],[28.7166957,47.1141613],[28.7166975,47.1141634],[28.7167001,47.1141659],[28.7167018,47.1141674],[28.7167083,47.1141743],[28.7167092,47.1141755],[28.7167109,47.1141775],[28.716713,47.1141794],[28.7167152,47.1141812],[28.7167208,47.1141871],[28.7167218,47.1141883],[28.7167233,47.1141901],[28.7167251,47.1141918],[28.7167274,47.1141938],[28.7167365,47.1142035],[28.7167376,47.1142049],[28.7167378,47.1142053],[28.7167391,47.1142073],[28.7167407,47.1142092],[28.7167426,47.114211],[28.7167448,47.1142127],[28.7167468,47.114214],[28.7167478,47.1142149],[28.7167723,47.1142403],[28.7167731,47.1142413],[28.7167732,47.1142415],[28.7167734,47.1142429],[28.7167742,47.114245],[28.7167753,47.1142471],[28.7167767,47.1142492],[28.7167783,47.1142511],[28.7167803,47.1142531],[28.7167818,47.1142545],[28.7167826,47.1142552],[28.7167843,47.1142571],[28.7167861,47.114259],[28.7167882,47.1142608],[28.7167905,47.1142624],[28.7167917,47.1142631],[28.7167929,47.1142639],[28.7167957,47.1142654],[28.7167963,47.1142657],[28.7167968,47.1142661],[28.7167971,47.1142664],[28.7167978,47.114267],[28.7167978,47.114267],[28.7168006,47.1142694],[28.7168223,47.1142916],[28.716824,47.1142936],[28.7168261,47.1142956],[28.7168266,47.114296],[28.7168949,47.1143665],[28.7168962,47.114368],[28.716897,47.1143687],[28.7169128,47.1143849],[28.7169135,47.1143859],[28.7169137,47.1143862],[28.7169138,47.1143868],[28.7169146,47.1143889],[28.7169156,47.114391],[28.716917,47.1143929],[28.7169186,47.1143948],[28.7169204,47.1143965],[28.7169225,47.1143981],[28.7169236,47.1143988],[28.7169251,47.1144002],[28.7169272,47.1144018],[28.7169294,47.1144033],[28.7169316,47.1144045],[28.7169316,47.1144045],[28.7169322,47.1144065],[28.716933,47.1144086],[28.7169334,47.1144093],[28.7169335,47.1144095],[28.7169346,47.1144115],[28.7169359,47.1144134],[28.7169375,47.1144152],[28.7169399,47.1144177],[28.7169419,47.1144196],[28.7169442,47.1144213],[28.7169467,47.1144228],[28.7169495,47.1144242],[28.7169502,47.1144245],[28.7169507,47.1144247],[28.7169517,47.1144256],[28.7169628,47.1144366],[28.7169639,47.1144379],[28.7169642,47.1144384],[28.7169655,47.1144403],[28.7169671,47.1144421],[28.7169689,47.1144438],[28.7169709,47.1144453],[28.7169715,47.1144457],[28.7169728,47.1144468],[28.717013,47.1144882],[28.7170135,47.1144889],[28.7170153,47.114491],[28.7170166,47.1144921],[28.717017,47.1144927],[28.7170189,47.1144943],[28.7170189,47.1144943],[28.7170451,47.1145213],[28.7170451,47.1145213],[28.7170467,47.1145232],[28.7170999,47.1145778],[28.7171014,47.1145798],[28.7171019,47.1145806],[28.7171026,47.1145822],[28.7171034,47.1145844],[28.7171044,47.1145865],[28.7171058,47.1145886],[28.7171075,47.1145905],[28.7171243,47.1146078],[28.7171263,47.1146096],[28.7171285,47.1146113],[28.7171309,47.1146128],[28.7171335,47.1146141],[28.7171361,47.1146152],[28.7171361,47.1146152],[28.7171371,47.114616],[28.7171623,47.114642],[28.7171626,47.1146424],[28.7171642,47.1146442],[28.7171661,47.1146459],[28.7171665,47.1146462],[28.7171724,47.1146525],[28.7171732,47.1146535],[28.7171733,47.1146538],[28.7171735,47.1146549],[28.7171742,47.1146572],[28.7171753,47.1146595],[28.7171768,47.1146617],[28.7171786,47.1146637],[28.7171796,47.1146649],[28.7171816,47.1146667],[28.7171839,47.1146684],[28.7171864,47.1146699],[28.7171891,47.1146713],[28.7171912,47.1146721],[28.7171913,47.1146722],[28.7171924,47.1146731],[28.7172081,47.1146892],[28.7172083,47.1146894],[28.7172098,47.1146913],[28.7172115,47.114693],[28.7172127,47.114694],[28.7172146,47.1146961],[28.7172164,47.1146978],[28.7172185,47.1146995],[28.7172208,47.114701],[28.7172233,47.1147024],[28.717226,47.1147036],[28.7172264,47.1147037],[28.717229,47.1147047],[28.7172299,47.1147055],[28.7172704,47.1147476],[28.7172716,47.1147491],[28.7172725,47.1147499],[28.717294,47.1147724],[28.7172956,47.1147746],[28.7172973,47.1147766],[28.7172993,47.1147785],[28.7173013,47.1147801],[28.7173424,47.1148235],[28.7173433,47.1148245],[28.7173441,47.1148262],[28.7173454,47.1148282],[28.717347,47.1148301],[28.7173488,47.1148318],[28.7173509,47.1148335],[28.7173532,47.114835],[28.7173535,47.1148351],[28.7173544,47.1148359],[28.7174263,47.1149115],[28.7174283,47.1149142],[28.71743,47.1149161],[28.717432,47.114918],[28.7174346,47.1149203],[28.7174465,47.1149328],[28.7174472,47.1149338],[28.7174488,47.1149356],[28.7174506,47.1149374],[28.7174523,47.1149389],[28.7174526,47.1149392],[28.7174543,47.1149415],[28.7174562,47.1149438],[28.7174585,47.1149459],[28.7174602,47.1149473],[28.7174615,47.1149486],[28.7174619,47.1149491],[28.7174633,47.1149507],[28.7174646,47.1149519],[28.7174651,47.1149526],[28.7174664,47.1149542],[28.717468,47.1149557],[28.71747,47.1149575],[28.7174741,47.114962],[28.7174762,47.114965],[28.7174779,47.1149671],[28.7174799,47.114969],[28.7174815,47.1149703],[28.7174837,47.1149721],[28.7174874,47.1149759],[28.7174882,47.1149768],[28.7174888,47.1149783],[28.7174899,47.1149803],[28.7174913,47.1149822],[28.717493,47.1149841],[28.7174949,47.1149858],[28.717497,47.1149874],[28.7174978,47.1149879],[28.7174994,47.114989],[28.7174997,47.1149893],[28.7175016,47.114991],[28.7175032,47.1149924],[28.7175065,47.1149958],[28.7175066,47.114996],[28.717508,47.1149975],[28.7175095,47.114999],[28.7175099,47.1149994],[28.7175106,47.1150002],[28.7175109,47.1150005],[28.7175126,47.1150027],[28.7175147,47.1150047],[28.7175148,47.1150047],[28.7175227,47.1150131],[28.7175235,47.1150143],[28.7175244,47.1150169],[28.7175251,47.1150189],[28.7175261,47.1150208],[28.7175274,47.1150227],[28.717529,47.1150245],[28.7175323,47.115028],[28.7175343,47.1150299],[28.7175365,47.1150316],[28.717539,47.1150331],[28.7175417,47.1150345],[28.7175446,47.1150357],[28.7175476,47.1150366],[28.7175508,47.1150374],[28.7175541,47.1150379],[28.7175574,47.1150382],[28.7175585,47.1150382],[28.7175606,47.1150383],[28.7175637,47.1150383],[28.7175668,47.1150382],[28.7175676,47.1150381],[28.7175784,47.115038],[28.7175816,47.1150378],[28.7175848,47.1150374],[28.7175879,47.1150369],[28.7175908,47.1150361],[28.7175937,47.1150351],[28.7175964,47.115034],[28.717599,47.1150327],[28.7176013,47.1150312],[28.7176034,47.1150296],[28.7176053,47.1150278],[28.7176069,47.1150259],[28.7176082,47.1150239],[28.7176093,47.1150219],[28.7176101,47.1150198],[28.7176105,47.1150176],[28.7176107,47.1150154],[28.7176105,47.1150133],[28.71761,47.1150111],[28.7176093,47.115009],[28.7176082,47.1150069],[28.7176069,47.115005],[28.7176052,47.1150031],[28.7175989,47.1149965],[28.717598,47.1149954],[28.7175972,47.1149938],[28.7175959,47.1149918],[28.7175942,47.1149898],[28.717592,47.1149876],[28.7175905,47.1149861],[28.7175891,47.1149849],[28.7175864,47.1149829],[28.7175853,47.1149822],[28.7175848,47.1149818],[28.717584,47.1149809],[28.7175836,47.1149803],[28.7175821,47.1149783],[28.7175802,47.1149764],[28.717579,47.1149754],[28.7175767,47.1149735],[28.7175591,47.1149553],[28.7175573,47.1149531],[28.7175557,47.1149512],[28.7175543,47.11495],[28.7175539,47.1149495],[28.7175522,47.1149476],[28.7175503,47.1149458],[28.717549,47.1149447],[28.7175222,47.1149169],[28.7175214,47.1149158],[28.7175205,47.1149141],[28.7175191,47.114912],[28.7175174,47.1149101],[28.7175154,47.1149082],[28.7175132,47.1149065],[28.7175113,47.1149053],[28.7175101,47.1149044],[28.7174093,47.1147996],[28.717409,47.1147992],[28.7174077,47.1147976],[28.7174061,47.1147961],[28.7174054,47.1147954],[28.7174044,47.1147941],[28.717403,47.1147925],[28.7174014,47.114791],[28.7173994,47.1147893],[28.7173445,47.1147322],[28.7173438,47.1147314],[28.7173421,47.1147298],[28.7173418,47.1147295],[28.7173322,47.1147193],[28.717332,47.1147191],[28.7173306,47.1147173],[28.7173289,47.1147157],[28.7173271,47.1147141],[28.7173234,47.1147101],[28.7173212,47.114708],[28.717321,47.1147078],[28.7172863,47.1146717],[28.7172855,47.1146706],[28.7172854,47.1146704],[28.7172852,47.1146692],[28.7172845,47.1146669],[28.7172834,47.1146647],[28.717282,47.1146626],[28.7172802,47.1146606],[28.7172797,47.11466],[28.7172777,47.1146582],[28.7172755,47.1146565],[28.717273,47.114655],[28.7172704,47.1146536],[28.7172682,47.1146527],[28.7172681,47.1146527],[28.717267,47.1146518],[28.7172409,47.1146246],[28.7172401,47.1146235],[28.717238,47.1146212],[28.7172376,47.1146208],[28.7172376,47.1146208],[28.7172327,47.1146162],[28.717232,47.1146153],[28.7172298,47.114613],[28.7172292,47.1146124],[28.7172234,47.1146057],[28.7172227,47.1146048],[28.7172227,47.1146044],[28.7172228,47.1146034],[28.7172227,47.114601],[28.7172226,47.1146004],[28.7172227,47.1145984],[28.7172225,47.1145959],[28.7172222,47.1145944],[28.7172219,47.1145837],[28.717222,47.1145827],[28.7172226,47.1145826],[28.7172258,47.1145822],[28.7172289,47.1145817],[28.7172319,47.1145809],[28.7172347,47.1145799],[28.7172374,47.1145788],[28.71724,47.1145775],[28.7172423,47.114576],[28.7172444,47.1145743],[28.7172463,47.1145726],[28.7172479,47.1145707],[28.7172492,47.1145687],[28.7172503,47.1145667],[28.7172511,47.1145645],[28.7172515,47.1145624],[28.7172516,47.1145602],[28.7172515,47.114558],[28.717251,47.1145559],[28.7172502,47.1145538],[28.7172492,47.1145517],[28.7172478,47.1145497],[28.7172474,47.1145493],[28.7172458,47.1145474],[28.7172438,47.1145456],[28.7172435,47.1145453],[28.717233,47.1145345],[28.7172311,47.1145326],[28.7172288,47.114531],[28.7172264,47.1145294],[28.7172237,47.1145281],[28.7172208,47.1145269],[28.7172178,47.114526],[28.717217,47.1145258],[28.7172165,47.1145256],[28.7172155,47.1145248],[28.7172084,47.1145176],[28.7172071,47.1145159],[28.7172056,47.1145141],[28.7172038,47.1145124],[28.7172022,47.114511],[28.7172011,47.1145096],[28.7171995,47.1145077],[28.7171976,47.1145059],[28.7171948,47.1145036],[28.7171885,47.1144971],[28.7171873,47.1144957],[28.7171861,47.1144942],[28.7171845,47.1144926],[28.7171827,47.1144911],[28.7171827,47.114491],[28.7171811,47.1144895],[28.717179,47.114487],[28.7171775,47.1144854],[28.7171758,47.1144839],[28.7171736,47.114482],[28.7171479,47.1144558],[28.7171478,47.1144557],[28.7171462,47.1144538],[28.7171442,47.114452],[28.7171437,47.1144515],[28.7170902,47.1143969],[28.7170891,47.1143955],[28.7170871,47.1143933],[28.7170847,47.1143913],[28.7170847,47.1143912],[28.7170705,47.1143768],[28.7170704,47.1143767],[28.7170687,47.1143748],[28.7170678,47.1143739],[28.7168299,47.1141314],[28.7168294,47.1141308],[28.7168287,47.11413],[28.7168281,47.1141291],[28.7168291,47.1141285],[28.7168301,47.1141281],[28.7168309,47.1141278],[28.7168313,47.1141278],[28.7168336,47.1141279],[28.7168357,47.114128],[28.7168368,47.1141288],[28.7168492,47.1141415],[28.7168511,47.1141432],[28.7168533,47.1141449],[28.7168556,47.1141463],[28.7168582,47.1141476],[28.7168609,47.1141488],[28.7168638,47.1141497],[28.7168669,47.1141505],[28.71687,47.114151],[28.7168731,47.1141513],[28.7168763,47.1141515],[28.7168795,47.1141514],[28.7168827,47.1141511],[28.7168858,47.1141506],[28.7168889,47.1141498],[28.7168918,47.1141489],[28.7168945,47.1141478],[28.7168971,47.1141465],[28.7168995,47.1141451],[28.7169017,47.1141435],[28.7169037,47.1141418],[28.7169054,47.1141399],[28.7169068,47.1141379],[28.7169079,47.1141359],[28.7169088,47.1141338],[28.7169093,47.1141316],[28.7169095,47.1141294],[28.7169094,47.1141278],[28.7169095,47.1141277],[28.7169112,47.1141268],[28.7169118,47.1141266],[28.7169123,47.1141265],[28.7169139,47.1141266],[28.7169174,47.1141264],[28.7169181,47.1141264],[28.7169405,47.114126],[28.7169412,47.1141261],[28.7169441,47.1141261],[28.716947,47.114126],[28.7169474,47.114126],[28.7169489,47.1141261],[28.7169525,47.1141259],[28.7169531,47.1141258],[28.7169807,47.1141254],[28.7169814,47.1141255],[28.7169844,47.1141255],[28.7169874,47.1141254],[28.7169875,47.1141254],[28.7169892,47.1141255],[28.7169927,47.1141253],[28.7169933,47.1141252],[28.7170215,47.1141248],[28.7170222,47.1141249],[28.7170251,47.1141249],[28.717028,47.1141248],[28.717028,47.1141248],[28.7170311,47.1141249],[28.7170327,47.114125],[28.7170337,47.1141258],[28.7171515,47.1142459],[28.7171517,47.1142461],[28.7171535,47.1142481],[28.7171548,47.1142494],[28.7171665,47.1142612],[28.7171674,47.1142624],[28.717168,47.1142635],[28.7171695,47.1142655],[28.7171712,47.1142674],[28.7171732,47.1142692],[28.7171755,47.1142708],[28.7171757,47.1142709],[28.7171772,47.1142722],[28.7172116,47.1143072],[28.7172122,47.114308],[28.7172124,47.114309],[28.7172126,47.1143107],[28.7172128,47.1143117],[28.7172127,47.1143117],[28.7172131,47.1143139],[28.7172129,47.114316],[28.7172131,47.1143184],[28.7172134,47.1143199],[28.7172142,47.1143457],[28.7172145,47.1143479],[28.717215,47.1143501],[28.7172159,47.1143523],[28.7172171,47.1143544],[28.7172186,47.1143564],[28.7172203,47.1143582],[28.7172203,47.1143582],[28.7172208,47.1143588],[28.7172211,47.1143592],[28.7172212,47.1143597],[28.7172223,47.114362],[28.7172238,47.1143641],[28.7172256,47.1143661],[28.7172268,47.1143673],[28.7172288,47.1143691],[28.7172311,47.1143708],[28.7172335,47.1143723],[28.7172353,47.1143733],[28.7172358,47.1143736],[28.717236,47.1143741],[28.7172373,47.1143762],[28.7172389,47.1143781],[28.7172408,47.11438],[28.717243,47.1143817],[28.7172457,47.1143837],[28.7172457,47.1143838],[28.7172476,47.1143854],[28.7172498,47.1143869],[28.7172521,47.1143883],[28.7172531,47.1143891],[28.7172571,47.114393],[28.7172577,47.1143939],[28.7172598,47.1143961],[28.7172614,47.1143975],[28.7172744,47.1144107],[28.7172752,47.1144118],[28.7172766,47.1144134],[28.7172782,47.114415],[28.7172808,47.1144172],[28.7172817,47.1144182],[28.7172822,47.114419],[28.7172836,47.1144213],[28.7172855,47.1144234],[28.7172877,47.1144254],[28.7172901,47.1144272],[28.7172915,47.1144281],[28.7172933,47.1144299],[28.7172944,47.1144309],[28.7172946,47.1144311],[28.717296,47.1144325],[28.7172968,47.1144336],[28.7172986,47.1144357],[28.7172995,47.1144366],[28.7173015,47.1144392],[28.7173028,47.1144408],[28.7173046,47.1144426],[28.7173052,47.114443],[28.7173079,47.1144457],[28.7173098,47.1144473],[28.7173115,47.1144484],[28.7173127,47.1144494],[28.7173133,47.1144501],[28.7173144,47.1144517],[28.7173161,47.1144535],[28.717318,47.1144553],[28.7173186,47.1144557],[28.7173212,47.1144578],[28.7173232,47.1144598],[28.7173242,47.1144611],[28.7173245,47.1144616],[28.717326,47.1144636],[28.7173271,47.114465],[28.7173288,47.1144668],[28.7173306,47.1144684],[28.7173327,47.11447],[28.7173335,47.1144705],[28.7173348,47.1144716],[28.7173351,47.1144718],[28.7173359,47.1144728],[28.7173369,47.1144737],[28.7173376,47.1144746],[28.7173389,47.114476],[28.7173403,47.1144773],[28.7173416,47.1144784],[28.7173456,47.1144825],[28.7173475,47.114485],[28.717349,47.1144868],[28.7173508,47.1144885],[28.7173527,47.1144901],[28.7173536,47.1144906],[28.7173542,47.1144918],[28.7173555,47.1144937],[28.7173571,47.1144956],[28.717359,47.1144973],[28.7173595,47.1144977],[28.717361,47.1144993],[28.7173631,47.1145009],[28.7173637,47.1145013],[28.717366,47.1145031],[28.7173665,47.1145038],[28.7173673,47.1145052],[28.7173686,47.114507],[28.7173686,47.1145071],[28.7173696,47.1145089],[28.7173709,47.1145108],[28.7173726,47.1145127],[28.7173732,47.1145133],[28.7173753,47.1145154],[28.7173764,47.1145169],[28.7173781,47.1145187],[28.7173798,47.1145201],[28.7173798,47.1145201],[28.7173815,47.1145218],[28.7173834,47.1145234],[28.7173855,47.1145249],[28.7173877,47.1145262],[28.71739,47.1145275],[28.7173911,47.1145284],[28.7173924,47.1145297],[28.7173937,47.1145312],[28.717395,47.1145324],[28.7173958,47.1145332],[28.7173958,47.1145333],[28.7173974,47.1145355],[28.7173993,47.1145376],[28.7174015,47.1145396],[28.7174044,47.1145419],[28.7174079,47.1145453],[28.7174087,47.1145463],[28.7174093,47.1145476],[28.7174103,47.1145494],[28.7174115,47.1145512],[28.7174135,47.1145538],[28.7174141,47.1145546],[28.7174149,47.1145557],[28.7174154,47.1145568],[28.7174169,47.1145589],[28.7174186,47.1145609],[28.7174214,47.1145637],[28.7174233,47.1145655],[28.7174242,47.1145661],[28.7174276,47.114569],[28.7174285,47.1145698],[28.7174307,47.1145716],[28.7174332,47.1145732],[28.7174359,47.1145747],[28.7174365,47.114575],[28.7174394,47.1145762],[28.7174426,47.1145773],[28.7174458,47.1145781],[28.7174492,47.1145786],[28.7174527,47.114579],[28.7174561,47.114579],[28.7174867,47.1145786],[28.7174874,47.1145786],[28.7174901,47.1145787],[28.7174928,47.1145786],[28.7174938,47.1145786],[28.717495,47.1145786],[28.7174987,47.1145784],[28.7174993,47.1145784],[28.7175237,47.114578],[28.7175244,47.1145781],[28.7175272,47.1145781],[28.71753,47.1145781],[28.7175308,47.114578],[28.717532,47.1145781],[28.7175357,47.1145779],[28.7175363,47.1145778],[28.7175409,47.1145778],[28.7175441,47.1145776],[28.7175473,47.1145772],[28.7175504,47.1145767],[28.7175535,47.1145759],[28.7175564,47.1145749],[28.7175591,47.1145737],[28.7175617,47.1145723],[28.717564,47.1145708],[28.7175661,47.1145691],[28.717568,47.1145673],[28.7175696,47.1145654],[28.7175709,47.1145634],[28.7175719,47.1145613],[28.7175726,47.1145591],[28.717573,47.1145569],[28.7175731,47.1145547],[28.7175728,47.1145525],[28.7175723,47.1145503],[28.7175714,47.1145482],[28.7175711,47.1145476],[28.71757,47.1145456],[28.7175685,47.1145436],[28.7175667,47.1145417],[28.7175647,47.11454],[28.7175624,47.1145384],[28.7175599,47.1145369],[28.7175589,47.114536],[28.7175163,47.1144945],[28.7175148,47.1144929],[28.7175145,47.1144926],[28.7175104,47.1144887],[28.7175087,47.1144867],[28.7175071,47.114485],[28.7175053,47.1144834],[28.7175041,47.1144825],[28.7174893,47.1144679],[28.7174892,47.1144678],[28.7174875,47.1144659],[28.7174856,47.1144642],[28.7174854,47.1144641],[28.7173555,47.1143356],[28.7173547,47.1143346],[28.7173546,47.1143343],[28.7173535,47.1143323],[28.7173521,47.1143304],[28.7173505,47.1143285],[28.7173486,47.1143268],[28.7173464,47.1143252],[28.7173441,47.1143238],[28.7173428,47.1143231],[28.7173418,47.1143223],[28.7173311,47.1143117],[28.7173298,47.1143101],[28.717328,47.1143081],[28.717326,47.1143064],[28.7173237,47.1143045],[28.7172845,47.1142655],[28.7172824,47.1142637],[28.7172822,47.1142635],[28.7172694,47.1142509],[28.7172686,47.1142499],[28.7172668,47.1142479],[28.7172647,47.1142461],[28.7172644,47.1142459],[28.7172102,47.1141924],[28.7172094,47.1141915],[28.7172092,47.1141904],[28.7172092,47.1141877],[28.7172093,47.1141867],[28.7172094,47.1141844],[28.7172092,47.1141821],[28.7172089,47.1141808],[28.7172074,47.1141343],[28.7172074,47.1141341],[28.7172073,47.1141299],[28.7172074,47.1141292],[28.7172075,47.1141269],[28.7172073,47.1141245],[28.7172071,47.1141231],[28.7172072,47.1141221],[28.7172085,47.1141209],[28.7172104,47.1141191],[28.717212,47.1141172],[28.7172133,47.1141152],[28.7172143,47.1141131],[28.717215,47.114111],[28.7172155,47.1141088],[28.7172156,47.1141066],[28.7172154,47.1141045],[28.7172148,47.1141023],[28.717214,47.1141002],[28.7172129,47.1140981],[28.7172115,47.1140962],[28.7172098,47.1140943],[28.7172076,47.1140921],[28.7172054,47.1140894],[28.7172039,47.1140878],[28.7172022,47.1140862],[28.717202,47.114086],[28.717192,47.1140756],[28.7171895,47.1140733],[28.7171881,47.1140722],[28.7171865,47.1140707],[28.7171848,47.1140686],[28.7171839,47.1140673],[28.7171821,47.1140653],[28.71718,47.1140635],[28.7171771,47.1140612],[28.7171763,47.1140605],[28.7171755,47.1140594],[28.7171745,47.1140577],[28.7171731,47.1140557],[28.7171715,47.1140538],[28.7171695,47.1140521],[28.7171673,47.1140504],[28.7171649,47.114049],[28.7171623,47.1140477],[28.7171595,47.1140465],[28.7171566,47.1140456],[28.7171536,47.1140449],[28.7171504,47.1140444],[28.7171472,47.1140441],[28.717144,47.114044],[28.7171408,47.1140441],[28.7171376,47.1140444],[28.7171345,47.114045],[28.7171315,47.1140457],[28.7171285,47.1140467],[28.7171258,47.1140478],[28.7171256,47.1140479],[28.7171093,47.1140554],[28.7171064,47.1140569],[28.7171037,47.1140587],[28.7171013,47.1140606],[28.7170999,47.1140619],[28.7170988,47.1140626],[28.7170986,47.1140627],[28.7170986,47.1140627],[28.717097,47.1140636],[28.7170968,47.1140637],[28.7170959,47.1140641],[28.7170942,47.1140649],[28.7170932,47.1140641],[28.7170839,47.1140551],[28.7170834,47.1140545],[28.7170819,47.1140529],[28.7170802,47.1140514],[28.7170793,47.1140506],[28.7170589,47.11403],[28.7170582,47.1140291],[28.7170593,47.1140284],[28.7170599,47.1140281],[28.717062,47.114027],[28.7170625,47.1140267],[28.7170661,47.1140249],[28.7170667,47.1140246],[28.7170681,47.1140239],[28.7170705,47.1140224],[28.7170727,47.1140208],[28.7170746,47.114019],[28.7170762,47.1140171],[28.7170776,47.1140151],[28.7170787,47.114013],[28.7170795,47.1140109],[28.7170799,47.1140087],[28.7170801,47.1140065],[28.7170799,47.1140043],[28.7170794,47.1140021],[28.7170786,47.114],[28.7170775,47.1139979],[28.7170762,47.1139959],[28.7170745,47.113994],[28.7170658,47.1139852],[28.717065,47.1139843],[28.7170653,47.1139841],[28.7170677,47.1139826],[28.7170699,47.113981],[28.7170719,47.1139792],[28.7170736,47.1139773],[28.717075,47.1139752],[28.7170761,47.1139731],[28.7170769,47.113971],[28.7170773,47.1139687],[28.7170774,47.1139665],[28.7170773,47.1139643],[28.7170767,47.1139621],[28.7170759,47.1139599],[28.7170758,47.1139596],[28.7170769,47.1139589],[28.7170774,47.1139587],[28.7170789,47.1139579],[28.7170798,47.1139575],[28.7170801,47.1139573],[28.7170808,47.113957],[28.7170825,47.1139562],[28.7171033,47.1139465],[28.7171062,47.113945],[28.7171088,47.1139432],[28.7171111,47.1139413],[28.7171117,47.1139409],[28.7171128,47.1139402],[28.7171136,47.1139397],[28.7171144,47.1139393],[28.7171162,47.1139386],[28.7171175,47.1139384],[28.7171183,47.1139383],[28.7171193,47.1139391],[28.7171211,47.1139408],[28.7171233,47.1139424],[28.7171256,47.1139438],[28.7171282,47.1139451],[28.7171309,47.1139462],[28.7171337,47.1139471],[28.7171367,47.1139479],[28.7171398,47.1139484],[28.7171429,47.1139487],[28.717146,47.1139489],[28.7171492,47.1139488],[28.7171523,47.1139485],[28.7171554,47.113948],[28.7171584,47.1139473],[28.7171613,47.1139465],[28.717164,47.1139454],[28.7171654,47.1139448],[28.7171667,47.1139443],[28.7171671,47.1139444],[28.7171684,47.1139446],[28.7171715,47.113945],[28.7171747,47.1139451],[28.7171778,47.1139451],[28.717181,47.1139448],[28.717184,47.1139444],[28.717187,47.1139437],[28.7171899,47.1139428],[28.7171927,47.1139418],[28.7171953,47.1139406],[28.7171977,47.1139392],[28.7172,47.1139377],[28.7172009,47.1139369],[28.7172016,47.1139365],[28.7172019,47.1139363],[28.717203,47.1139358],[28.7172043,47.1139352],[28.7172061,47.1139356],[28.7172093,47.113936],[28.7172125,47.1139362],[28.7172158,47.1139362],[28.717219,47.113936],[28.7172222,47.1139356],[28.7172253,47.1139349],[28.7172282,47.1139341],[28.7172311,47.1139331],[28.7172338,47.1139318],[28.7172363,47.1139304],[28.7172386,47.1139289],[28.7172406,47.1139272],[28.7172424,47.1139254],[28.717244,47.1139234],[28.7172452,47.1139214],[28.7172462,47.1139193],[28.7172468,47.1139171],[28.7172471,47.1139149],[28.7172471,47.1139127],[28.7172468,47.1139105],[28.7172465,47.1139089],[28.7172485,47.1139076],[28.7172507,47.1139061],[28.7172527,47.1139044],[28.7172544,47.1139025],[28.7172559,47.1139006],[28.717257,47.1138986],[28.7172579,47.1138965],[28.7172585,47.1138944],[28.7172588,47.1138922],[28.7172588,47.1138901],[28.7172585,47.1138879],[28.7172579,47.1138858],[28.717257,47.1138837],[28.7172558,47.1138817],[28.7172543,47.1138798],[28.7172525,47.1138779],[28.7172494,47.1138751],[28.7172487,47.1138742],[28.7172489,47.1138738],[28.7172501,47.1138719],[28.7172502,47.1138717],[28.7172504,47.1138713],[28.7172523,47.1138701],[28.717254,47.1138688],[28.7172543,47.1138685],[28.7172593,47.1138651],[28.7172618,47.1138631],[28.7172636,47.1138614],[28.7172663,47.1138591],[28.7172672,47.1138585],[28.7172692,47.1138573],[28.71727,47.1138567],[28.7172718,47.1138556],[28.7172749,47.1138533],[28.7172751,47.1138531],[28.717279,47.1138505],[28.717281,47.113849],[28.7172828,47.1138474],[28.717284,47.1138463],[28.7172853,47.1138459],[28.7172858,47.1138458],[28.7172873,47.1138456],[28.7172886,47.1138462],[28.7172907,47.1138473],[28.7172939,47.1138489],[28.7172973,47.1138501],[28.7172974,47.1138502],[28.717299,47.1138508],[28.7172996,47.1138513],[28.7173017,47.1138526],[28.717304,47.1138538],[28.7173064,47.1138549],[28.7173089,47.1138558],[28.7173096,47.113856],[28.7173106,47.1138568],[28.717313,47.1138584],[28.7173155,47.1138598],[28.7173183,47.113861],[28.7173205,47.1138619],[28.7173218,47.1138626],[28.7173229,47.1138634],[28.7173285,47.1138685],[28.7173286,47.1138687],[28.7173309,47.1138709],[28.7173311,47.1138712],[28.7173327,47.113873],[28.7173344,47.1138747],[28.7173454,47.1138842],[28.7173464,47.1138853],[28.7173478,47.1138866],[28.7173627,47.1139004],[28.7173648,47.1139021],[28.717367,47.1139036],[28.7173695,47.113905],[28.7173722,47.1139062],[28.717375,47.1139073],[28.7173779,47.1139081],[28.717381,47.1139088],[28.7173841,47.1139092],[28.7173873,47.1139094],[28.7173905,47.1139094],[28.7173937,47.1139092],[28.7173969,47.1139088],[28.7174,47.1139082],[28.7174001,47.1139082],[28.7174006,47.1139081],[28.7174019,47.1139081],[28.7174042,47.113908],[28.717406,47.1139079],[28.717407,47.1139086],[28.7174422,47.1139417],[28.717443,47.1139426],[28.7174448,47.1139445],[28.7174454,47.113945],[28.7174599,47.1139583],[28.7174607,47.1139592],[28.7174607,47.1139599],[28.7174608,47.1139625],[28.7174615,47.113965],[28.7174618,47.113966],[28.7174619,47.1139664],[28.7174617,47.1139667],[28.7174612,47.1139673],[28.7174596,47.1139692],[28.7174583,47.1139713],[28.7174573,47.1139734],[28.7174567,47.1139756],[28.7174564,47.1139778],[28.7174563,47.11398],[28.7174566,47.1139822],[28.7174573,47.1139844],[28.7174582,47.1139865],[28.7174595,47.1139886],[28.717461,47.1139906],[28.7174628,47.1139924],[28.7174741,47.1140028],[28.7174752,47.114004],[28.7174769,47.1140058],[28.7174788,47.1140074],[28.7174815,47.1140095],[28.7174846,47.1140124],[28.7174848,47.1140128],[28.7174868,47.1140149],[28.7174891,47.1140168],[28.7174913,47.1140186],[28.7175013,47.1140279],[28.7175037,47.1140306],[28.7175055,47.1140324],[28.7175075,47.1140341],[28.7175085,47.1140348],[28.717511,47.1140367],[28.7175386,47.1140621],[28.7175388,47.1140624],[28.7175407,47.1140643],[28.7175428,47.114066],[28.717543,47.1140662],[28.7175944,47.1141137],[28.7175951,47.1141146],[28.717594,47.1141153],[28.717593,47.1141158],[28.7175929,47.1141159],[28.7175922,47.1141162],[28.7175921,47.1141162],[28.7175909,47.1141162],[28.7175863,47.1141163],[28.7175858,47.1141164],[28.7175642,47.1141167],[28.7175634,47.1141166],[28.7175597,47.1141166],[28.7175582,47.1141167],[28.7175545,47.1141167],[28.7175528,47.1141168],[28.7175523,47.1141169],[28.71752,47.1141173],[28.7175193,47.1141173],[28.7175157,47.1141173],[28.7175137,47.1141174],[28.7175127,47.1141174],[28.7175122,47.1141174],[28.7175112,47.1141174],[28.7175074,47.1141175],[28.7174789,47.114118],[28.7174784,47.1141179],[28.7174745,47.1141179],[28.7174739,47.1141179],[28.7174723,47.114118],[28.7174709,47.114118],[28.7174703,47.114118],[28.7174671,47.1141182],[28.717464,47.1141186],[28.7174609,47.1141192],[28.717458,47.1141201],[28.7174551,47.1141211],[28.7174525,47.1141223],[28.71745,47.1141236],[28.7174477,47.1141252],[28.7174456,47.1141268],[28.7174438,47.1141286],[28.7174422,47.1141305],[28.717441,47.1141325],[28.71744,47.1141346],[28.7174393,47.1141367],[28.7174389,47.1141389],[28.7174388,47.1141411],[28.7174391,47.1141433],[28.7174396,47.1141454],[28.7174405,47.1141475],[28.7174416,47.1141496],[28.7174431,47.1141515],[28.7174431,47.1141516],[28.717445,47.1141536],[28.7174471,47.1141554],[28.7174477,47.1141559],[28.7174587,47.1141666],[28.7174594,47.1141675],[28.7174615,47.1141697],[28.7174627,47.1141707],[28.717463,47.114171],[28.7174638,47.1141719],[28.7174654,47.1141735],[28.7174671,47.114175],[28.7174677,47.1141755],[28.7174735,47.1141811],[28.7174749,47.1141828],[28.7174767,47.1141847],[28.7174788,47.1141865],[28.7174795,47.114187],[28.7175764,47.1142818],[28.7175777,47.1142834],[28.7175792,47.114285],[28.7175809,47.1142866],[28.7175837,47.114289],[28.7175946,47.1143002],[28.7175949,47.1143005],[28.7175963,47.1143019],[28.717606,47.1143109],[28.717606,47.1143109],[28.7176076,47.1143125],[28.7176092,47.1143139],[28.7176156,47.1143202],[28.7176157,47.1143203],[28.7176172,47.114322],[28.7176174,47.1143221],[28.7176191,47.1143239],[28.7176215,47.1143261],[28.7176222,47.1143266],[28.7177186,47.1144209],[28.7177192,47.1144216],[28.7177199,47.1144222],[28.7178732,47.1145723],[28.7178742,47.1145733],[28.7178874,47.1145863],[28.7178882,47.1145872],[28.7178888,47.1145893],[28.7178896,47.1145914],[28.7178907,47.1145934],[28.7178922,47.1145954],[28.7178939,47.1145972],[28.7178964,47.1145997],[28.7178972,47.1146007],[28.7178972,47.1146008],[28.7178971,47.1146031],[28.7178973,47.1146053],[28.7178976,47.1146066],[28.7178987,47.1146413],[28.7178989,47.1146434],[28.7178994,47.1146455],[28.7179001,47.1146475],[28.7179012,47.1146495],[28.7179025,47.1146514],[28.7179041,47.1146532],[28.7179068,47.114656],[28.7179072,47.1146564],[28.7179093,47.1146587],[28.7179103,47.1146599],[28.7179119,47.1146615],[28.7179137,47.1146632],[28.7179137,47.1146632],[28.7179142,47.1146639],[28.717916,47.1146662],[28.7179182,47.1146684],[28.7179198,47.1146698],[28.7179218,47.1146721],[28.7179227,47.1146733],[28.7179241,47.1146749],[28.7179257,47.1146764],[28.7179284,47.1146786],[28.7179396,47.1146904],[28.71794,47.1146908],[28.7179417,47.1146928],[28.7179433,47.1146942],[28.717944,47.1146949],[28.7179448,47.114696],[28.7179465,47.114698],[28.7179485,47.1146998],[28.7179489,47.1147001],[28.7179496,47.1147008],[28.7179509,47.1147025],[28.7179524,47.1147042],[28.7179541,47.1147058],[28.717955,47.1147066],[28.7179672,47.1147194],[28.7179692,47.1147219],[28.7179708,47.1147238],[28.7179726,47.1147255],[28.7179752,47.1147277],[28.7179846,47.1147378],[28.7179847,47.1147379],[28.717986,47.1147395],[28.7179875,47.114741],[28.7179888,47.1147422],[28.7179937,47.1147479],[28.7179952,47.1147495],[28.7179969,47.1147511],[28.7179979,47.1147519],[28.7179998,47.1147538],[28.718001,47.1147553],[28.718003,47.1147572],[28.7180035,47.1147576],[28.7180042,47.1147586],[28.7180052,47.1147601],[28.718007,47.1147621],[28.718009,47.1147639],[28.7180104,47.114765],[28.7180115,47.1147661],[28.7180132,47.1147683],[28.7180146,47.11477],[28.7180162,47.1147715],[28.7180188,47.1147739],[28.7180215,47.1147769],[28.718023,47.1147785],[28.7180242,47.1147796],[28.7180244,47.1147799],[28.718027,47.1147825],[28.718028,47.1147834],[28.7180286,47.114784],[28.7180298,47.1147855],[28.7180316,47.1147872],[28.7180351,47.1147908],[28.7180354,47.1147912],[28.718037,47.1147931],[28.7180389,47.1147948],[28.71804,47.1147958],[28.7180456,47.1148018],[28.7180464,47.1148029],[28.7180465,47.1148031],[28.7180474,47.1148053],[28.7180487,47.1148074],[28.7180503,47.1148094],[28.7180523,47.1148113],[28.7180544,47.114813],[28.7180569,47.1148146],[28.7180587,47.1148157],[28.7180593,47.1148165],[28.7180605,47.1148179],[28.7180619,47.1148193],[28.7180648,47.114822],[28.7180652,47.1148226],[28.7180667,47.1148245],[28.7180683,47.1148263],[28.7180703,47.114828],[28.7180706,47.1148282],[28.7180719,47.1148294],[28.7180751,47.1148332],[28.7180777,47.1148358],[28.7180791,47.114837],[28.7180873,47.1148456],[28.7180878,47.1148462],[28.7180894,47.114848],[28.7180904,47.114849],[28.7180915,47.1148501],[28.718092,47.114851],[28.7180931,47.1148525],[28.7180943,47.114854],[28.718097,47.1148571],[28.7180991,47.1148591],[28.7181014,47.1148609],[28.7181019,47.1148612],[28.7181034,47.1148625],[28.7181051,47.1148643],[28.7181064,47.114866],[28.7181083,47.1148681],[28.7181105,47.1148701],[28.7181107,47.1148702],[28.7181113,47.114871],[28.7181132,47.1148729],[28.7181138,47.1148736],[28.7181212,47.1148821],[28.7181228,47.1148837],[28.7181298,47.1148903],[28.7181316,47.1148925],[28.7181331,47.1148942],[28.7181347,47.1148957],[28.7181351,47.114896],[28.7181412,47.1149023],[28.7181429,47.1149046],[28.7181444,47.1149064],[28.7181462,47.1149082],[28.7181471,47.1149088],[28.7181494,47.1149108],[28.7181521,47.1149136],[28.7181533,47.1149153],[28.7181548,47.1149171],[28.7181566,47.1149188],[28.718157,47.1149191],[28.7181579,47.11492],[28.718159,47.1149212],[28.7181614,47.1149237],[28.718162,47.1149242],[28.7181753,47.1149381],[28.7181768,47.1149398],[28.7181785,47.1149415],[28.7181787,47.1149417],[28.7181973,47.1149616],[28.7181987,47.1149632],[28.7182007,47.1149651],[28.7182013,47.1149655],[28.7182025,47.1149668],[28.7182041,47.1149687],[28.7182056,47.1149705],[28.7182074,47.1149721],[28.7182085,47.114973],[28.7182101,47.1149747],[28.7182115,47.1149763],[28.718213,47.1149779],[28.718214,47.1149787],[28.7182516,47.1150183],[28.718252,47.1150188],[28.7182534,47.1150205],[28.7182549,47.115022],[28.7182557,47.1150227],[28.7182566,47.1150237],[28.7182581,47.1150257],[28.7182586,47.1150266],[28.718257,47.1150274],[28.7182561,47.1150277],[28.718256,47.1150277],[28.7182545,47.1150278],[28.7182515,47.1150278],[28.7182514,47.1150279],[28.7182302,47.1150282],[28.7182271,47.1150283],[28.7182239,47.1150287],[28.7182208,47.1150293],[28.7182179,47.11503],[28.718215,47.115031],[28.7182123,47.1150321],[28.7182098,47.1150334],[28.7182074,47.1150349],[28.7182053,47.1150365],[28.7182034,47.1150383],[28.7182018,47.1150402],[28.7182005,47.1150421],[28.7181994,47.1150442],[28.7181986,47.1150463],[28.7181982,47.1150484],[28.718198,47.1150506],[28.7181982,47.1150528],[28.7181986,47.1150549],[28.7181994,47.1150571],[28.7182004,47.1150591],[28.7182018,47.1150611],[28.7182034,47.115063],[28.7182269,47.1150876],[28.7182276,47.1150885],[28.7182265,47.1150891],[28.7182245,47.11509],[28.7182241,47.1150902],[28.718222,47.1150911],[28.7182214,47.1150914],[28.7182207,47.1150917],[28.7182174,47.1150932],[28.7182147,47.1150945],[28.7182122,47.115096],[28.71821,47.1150977],[28.718208,47.1150996],[28.7182063,47.1151015],[28.7182049,47.1151036],[28.7182038,47.1151057],[28.7182031,47.115108],[28.7182026,47.1151102],[28.7182026,47.1151102],[28.7182024,47.1151124],[28.7182011,47.1151131],[28.7182005,47.1151134],[28.7182,47.1151136],[28.7181993,47.1151139],[28.7181977,47.1151146],[28.7181961,47.1151154],[28.7181939,47.1151164],[28.7181912,47.1151178],[28.7181888,47.1151193],[28.7181867,47.115121],[28.7181847,47.1151228],[28.7181831,47.1151247],[28.7181817,47.1151267],[28.7181806,47.1151288],[28.7181799,47.115131],[28.7181794,47.1151332],[28.7181793,47.1151339],[28.7181782,47.1151346],[28.7181762,47.1151356],[28.7181755,47.1151359],[28.7181749,47.1151362],[28.7181747,47.1151363],[28.7181731,47.1151369],[28.7181718,47.1151376],[28.7181658,47.1151403],[28.7181632,47.1151416],[28.7181608,47.1151431],[28.7181586,47.1151447],[28.7181567,47.1151465],[28.718155,47.1151483],[28.7181536,47.1151503],[28.7181532,47.115151],[28.718153,47.1151512],[28.718153,47.1151512],[28.7181499,47.1151507],[28.7181466,47.1151503],[28.7181434,47.1151502],[28.7181401,47.1151503],[28.7181369,47.1151506],[28.7181338,47.1151511],[28.7181307,47.1151519],[28.7181278,47.1151528],[28.718125,47.115154],[28.7181223,47.1151553],[28.7181199,47.1151568],[28.7181177,47.1151584],[28.7181158,47.1151602],[28.7181141,47.1151621],[28.7181127,47.1151641],[28.7181117,47.1151662],[28.7181109,47.1151683],[28.7181104,47.1151705],[28.7181103,47.1151728],[28.7181104,47.115175],[28.7181109,47.1151772],[28.7181112,47.1151778],[28.7181112,47.1151782],[28.7181109,47.1151783],[28.7181104,47.1151785],[28.7181082,47.1151797],[28.7181078,47.1151799],[28.7181077,47.1151799],[28.7181049,47.1151802],[28.7181017,47.1151807],[28.7180987,47.1151814],[28.7180957,47.1151824],[28.7180929,47.1151835],[28.718084,47.1151875],[28.7180824,47.1151882],[28.7180819,47.1151884],[28.7180814,47.1151886],[28.7180805,47.1151891],[28.7180788,47.1151898],[28.718078,47.1151902],[28.7180752,47.1151915],[28.7180741,47.1151921],[28.7180717,47.1151936],[28.7180695,47.1151952],[28.7180675,47.115197],[28.7180658,47.1151988],[28.7180644,47.1152008],[28.7180633,47.1152029],[28.7180625,47.115205],[28.718062,47.1152072],[28.7180618,47.1152094],[28.7180619,47.1152116],[28.7180621,47.1152133],[28.7180618,47.1152135],[28.7180604,47.115214],[28.7180577,47.1152154],[28.7180448,47.1152214],[28.7180422,47.1152227],[28.7180398,47.1152242],[28.7180377,47.1152258],[28.7180358,47.1152276],[28.7180341,47.1152295],[28.7180328,47.1152315],[28.7180317,47.1152335],[28.7180314,47.1152342],[28.7180311,47.1152344],[28.7180297,47.115235],[28.718027,47.1152364],[28.7180269,47.1152364],[28.7180205,47.1152395],[28.7180179,47.1152408],[28.7180156,47.1152423],[28.7180134,47.115244],[28.7180116,47.1152458],[28.7180099,47.1152477],[28.718009,47.1152489],[28.7180084,47.1152492],[28.7180065,47.1152501],[28.7180047,47.115251],[28.7179991,47.1152537],[28.7179965,47.115255],[28.7179942,47.1152565],[28.717992,47.1152582],[28.7179901,47.11526],[28.7179885,47.1152619],[28.7179872,47.1152639],[28.7179869,47.1152645],[28.7179867,47.1152647],[28.7179847,47.1152649],[28.7179834,47.1152649],[28.7179804,47.1152653],[28.7179774,47.1152658],[28.7179744,47.1152665],[28.7179716,47.1152674],[28.7179689,47.1152685],[28.7179623,47.1152714],[28.7179619,47.1152715],[28.7179591,47.1152726],[28.7179579,47.1152733],[28.7179576,47.1152734],[28.7179563,47.1152733],[28.717953,47.1152731],[28.7179498,47.1152732],[28.7179465,47.1152735],[28.7179433,47.1152741],[28.7179402,47.1152748],[28.7179372,47.1152758],[28.7179343,47.1152769],[28.7179317,47.1152783],[28.7179293,47.1152798],[28.7179271,47.1152815],[28.7179251,47.1152833],[28.7179234,47.1152853],[28.7179221,47.1152873],[28.717921,47.1152894],[28.7179203,47.1152916],[28.7179198,47.1152939],[28.7179197,47.1152961],[28.7179199,47.1153017],[28.7179198,47.1153029],[28.7179197,47.1153051],[28.7179197,47.1153054],[28.7179199,47.1153076],[28.71792,47.1153077],[28.7179199,47.1153079],[28.7179198,47.1153101],[28.7179201,47.1153123],[28.7179203,47.1153137],[28.7179213,47.1153428],[28.7179211,47.115344],[28.717921,47.1153462],[28.717921,47.1153465],[28.7179213,47.1153487],[28.7179213,47.1153488],[28.71792,47.1153492],[28.7179197,47.1153493],[28.7179197,47.1153494],[28.7179182,47.1153497],[28.7179172,47.1153489],[28.7179082,47.1153401],[28.7179071,47.1153388],[28.7179071,47.1153387],[28.7179058,47.1153369],[28.7179043,47.1153351],[28.7179032,47.115334],[28.7179021,47.1153329],[28.7179017,47.1153323],[28.7178998,47.1153305],[28.7178976,47.1153288],[28.7178953,47.1153272],[28.7178927,47.1153258],[28.71789,47.1153246],[28.717887,47.1153236],[28.717884,47.1153228],[28.7178808,47.1153222],[28.7178776,47.1153219],[28.7178743,47.1153217],[28.717871,47.1153218],[28.7178678,47.1153221],[28.7178646,47.1153226],[28.7178615,47.1153233],[28.7178585,47.1153242],[28.7178564,47.115325],[28.7178544,47.1153251],[28.7178511,47.1153254],[28.7178478,47.1153259],[28.7178446,47.1153266],[28.7178416,47.1153275],[28.7178387,47.1153287],[28.717836,47.11533],[28.7178335,47.1153315],[28.7178312,47.1153332],[28.7178293,47.1153351],[28.7178275,47.115337],[28.7178261,47.1153391],[28.717825,47.1153412],[28.7178243,47.1153434],[28.7178241,47.1153444],[28.717824,47.1153447],[28.7178228,47.1153454],[28.7178218,47.1153459],[28.7178191,47.1153474],[28.7178186,47.1153476],[28.7178163,47.1153492],[28.7178142,47.1153509],[28.7178124,47.1153527],[28.7178108,47.1153546],[28.7178096,47.1153567],[28.7178086,47.1153588],[28.717808,47.1153609],[28.7178076,47.1153631],[28.7178076,47.1153653],[28.7178079,47.1153675],[28.7178085,47.1153697],[28.7178094,47.1153718],[28.7178106,47.1153739],[28.7178121,47.1153758],[28.7178122,47.115376],[28.7178126,47.1153764],[28.7178146,47.1153785],[28.7178535,47.1154143],[28.7178551,47.115416],[28.717857,47.1154176],[28.7178781,47.1154372],[28.7178794,47.1154386],[28.7178815,47.1154404],[28.7178827,47.1154415],[28.7178834,47.1154424],[28.7178823,47.1154431],[28.7178816,47.1154435],[28.7178804,47.1154443],[28.7178802,47.1154443],[28.7178796,47.1154447],[28.7178778,47.1154455],[28.7178768,47.1154447],[28.7178512,47.1154211],[28.7178508,47.1154207],[28.7178488,47.115419],[28.7178486,47.1154188],[28.7178364,47.1154075],[28.7178356,47.1154067],[28.717835,47.1154062],[28.7178118,47.1153847],[28.7178097,47.1153829],[28.7178074,47.1153813],[28.7178049,47.1153799],[28.7178022,47.1153787],[28.7177993,47.1153776],[28.7177962,47.1153768],[28.7177931,47.1153761],[28.7177899,47.1153757],[28.7177866,47.1153755],[28.7177833,47.1153755],[28.7177801,47.1153758],[28.7177769,47.1153762],[28.7177737,47.1153769],[28.7177707,47.1153778],[28.7177678,47.1153789],[28.7177652,47.1153802],[28.717765,47.1153803],[28.7177637,47.115381],[28.7177629,47.1153814],[28.717761,47.1153823],[28.7177586,47.1153838],[28.7177564,47.1153853],[28.7177544,47.115387],[28.7177527,47.1153888],[28.7177512,47.1153908],[28.71775,47.1153928],[28.7177491,47.1153949],[28.7177485,47.115397],[28.7177482,47.1153992],[28.7177482,47.1154014],[28.7177486,47.1154035],[28.7177492,47.1154057],[28.7177501,47.1154077],[28.7177513,47.1154098],[28.7177528,47.1154117],[28.7177546,47.1154135],[28.7178044,47.1154597],[28.717805,47.1154604],[28.7178068,47.1154622],[28.7178087,47.1154639],[28.717809,47.1154642],[28.7178151,47.1154698],[28.7178167,47.1154716],[28.7178183,47.1154733],[28.7178202,47.1154749],[28.7178227,47.1154768],[28.7178252,47.1154792],[28.717826,47.1154802],[28.7178261,47.1154804],[28.7178264,47.1154816],[28.7178273,47.1154839],[28.7178286,47.1154861],[28.7178301,47.1154882],[28.717832,47.1154902],[28.7178361,47.1154939],[28.7178368,47.1154947],[28.7178343,47.1154947],[28.7178314,47.1154948],[28.7178306,47.1154949],[28.7177845,47.1154956],[28.7177837,47.1154956],[28.7177802,47.1154955],[28.7177768,47.1154957],[28.7177752,47.1154957],[28.7177737,47.1154957],[28.7177727,47.1154949],[28.7177588,47.1154818],[28.7177568,47.11548],[28.7177545,47.1154785],[28.717752,47.115477],[28.7177494,47.1154758],[28.7177465,47.1154747],[28.7177435,47.1154738],[28.7177404,47.1154732],[28.7177373,47.1154727],[28.7177341,47.1154725],[28.7177308,47.1154724],[28.7177276,47.1154726],[28.7177244,47.1154731],[28.7177213,47.1154737],[28.7177183,47.1154745],[28.7177154,47.1154755],[28.7177127,47.1154768],[28.7177102,47.1154781],[28.7177078,47.1154797],[28.7177058,47.1154814],[28.717704,47.1154832],[28.7177024,47.1154852],[28.7177011,47.1154872],[28.7177002,47.1154893],[28.7176995,47.1154915],[28.7176992,47.1154937],[28.7176992,47.1154959],[28.7176992,47.1154965],[28.7176992,47.1154966],[28.7176984,47.115496],[28.7176967,47.1154944],[28.7176948,47.1154927],[28.7176926,47.1154912],[28.7176902,47.1154899],[28.7176877,47.1154887],[28.7176856,47.1154878],[28.7176855,47.1154878],[28.7176841,47.1154861],[28.7176822,47.1154841],[28.7176801,47.1154823],[28.7176787,47.1154813],[28.7176762,47.1154794],[28.7176754,47.1154787],[28.7176734,47.115477],[28.7176728,47.1154766],[28.7176725,47.1154759],[28.7176722,47.1154747],[28.7176713,47.1154725],[28.71767,47.1154704],[28.7176685,47.1154684],[28.7176667,47.1154665],[28.7176659,47.1154657],[28.7176638,47.115464],[28.7176615,47.1154624],[28.7176589,47.1154609],[28.7176562,47.1154597],[28.7176545,47.115459],[28.7176516,47.115458],[28.7176486,47.1154571],[28.7176454,47.1154565],[28.7176422,47.115456],[28.717639,47.1154558],[28.7176357,47.1154559],[28.7176325,47.1154561],[28.7176293,47.1154565],[28.7176262,47.1154572],[28.7176232,47.1154581],[28.7176203,47.1154592],[28.7176176,47.1154604],[28.7176151,47.1154619],[28.7176129,47.1154634],[28.7176108,47.1154652],[28.7176091,47.1154671],[28.7176076,47.115469],[28.7176064,47.1154711],[28.7176055,47.1154733],[28.7176049,47.1154755],[28.7176047,47.1154777],[28.7176047,47.1154799],[28.7176051,47.1154821],[28.7176054,47.1154831],[28.717606,47.1154851],[28.7176069,47.1154871],[28.7176081,47.115489],[28.7176096,47.1154909],[28.7176113,47.1154926],[28.7176144,47.1154955],[28.7176164,47.1154972],[28.7176169,47.1154975],[28.717617,47.1154977],[28.7176171,47.115498],[28.7176144,47.115498],[28.7176116,47.1154981],[28.7176108,47.1154982],[28.717589,47.1154985],[28.7175883,47.1154985],[28.7175846,47.1154985],[28.7175833,47.1154985],[28.7175823,47.1154985],[28.7175796,47.1154985],[28.7175769,47.1154987],[28.7175761,47.1154987],[28.7175289,47.1154994],[28.7175281,47.1154994],[28.7175245,47.1154994],[28.7175223,47.1154995],[28.7175223,47.1154995],[28.7175214,47.1154996],[28.7175179,47.1154996],[28.7175175,47.1154996],[28.7174916,47.1155],[28.7174908,47.1155],[28.7174874,47.1154999],[28.7174851,47.1155],[28.717484,47.1155],[28.7174819,47.1155001],[28.7174808,47.1155002],[28.7174804,47.1155002],[28.7174804,47.1155002],[28.7174152,47.1155011],[28.7174145,47.1155011],[28.717411,47.1155011],[28.7174093,47.1155012],[28.7174089,47.1155011],[28.7174079,47.1155003],[28.7173999,47.1154928],[28.7173976,47.1154909],[28.717395,47.1154892],[28.7173922,47.1154876],[28.7173892,47.1154863],[28.7173888,47.1154862],[28.7173878,47.1154854],[28.7173877,47.1154853],[28.7173867,47.115484],[28.717386,47.1154827],[28.7173847,47.1154806],[28.7173835,47.1154792],[28.7173828,47.1154784],[28.717381,47.1154764],[28.7173789,47.1154745],[28.7173765,47.1154729],[28.7173739,47.1154713],[28.7173721,47.1154704],[28.7173711,47.1154696],[28.7173701,47.1154687],[28.717369,47.1154674],[28.7173686,47.1154665],[28.7173673,47.1154647],[28.7173658,47.1154629],[28.7173641,47.1154612],[28.7173622,47.1154596],[28.71736,47.1154581],[28.7173579,47.115457],[28.7173568,47.1154561],[28.7173557,47.115455],[28.7173548,47.1154541],[28.7173533,47.1154524],[28.7173515,47.1154508],[28.7173501,47.1154497],[28.7173479,47.1154476],[28.7173468,47.1154464],[28.7173448,47.1154448],[28.7173436,47.1154436],[28.7173419,47.1154422],[28.7173353,47.115436],[28.717333,47.1154334],[28.7173312,47.1154315],[28.7173291,47.1154297],[28.7173269,47.115428],[28.7173248,47.115426],[28.7173236,47.1154247],[28.7173235,47.1154246],[28.7173221,47.1154227],[28.7173204,47.1154209],[28.7173185,47.1154192],[28.7173163,47.1154177],[28.7173158,47.1154174],[28.7173144,47.1154163],[28.7173118,47.1154138],[28.7173111,47.1154131],[28.7173099,47.115412],[28.7173091,47.1154109],[28.7173076,47.1154092],[28.7173059,47.1154075],[28.7173055,47.1154071],[28.7173043,47.1154055],[28.7173026,47.1154035],[28.7173005,47.1154015],[28.7172987,47.1154],[28.7172982,47.1153991],[28.717297,47.1153969],[28.7172954,47.1153948],[28.7172936,47.1153928],[28.7172927,47.115392],[28.7172908,47.1153904],[28.7172887,47.1153889],[28.7172864,47.1153875],[28.7172839,47.1153863],[28.7172818,47.1153855],[28.7172817,47.1153854],[28.7172807,47.1153846],[28.7172805,47.1153844],[28.7172804,47.1153843],[28.717279,47.1153827],[28.7172774,47.1153812],[28.7172756,47.1153798],[28.7172755,47.1153798],[28.7172735,47.1153778],[28.7172718,47.115376],[28.7172697,47.1153742],[28.7172692,47.1153738],[28.7172515,47.1153569],[28.7172508,47.1153562],[28.717249,47.1153546],[28.7172478,47.1153536],[28.7172474,47.1153533],[28.7172468,47.1153525],[28.7172468,47.1153505],[28.7172466,47.1153491],[28.7172467,47.1153479],[28.7172468,47.1153458],[28.7172465,47.1153438],[28.7172463,47.1153426],[28.7172443,47.1152794],[28.7172443,47.1152791],[28.7172443,47.1152758],[28.7172442,47.1152744],[28.7172443,47.1152734],[28.7172443,47.1152728],[28.7172443,47.1152723],[28.7172443,47.1152705],[28.7172441,47.1152688],[28.7172439,47.1152677],[28.7172433,47.1152503],[28.7172435,47.1152491],[28.7172435,47.1152465],[28.7172433,47.1152448],[28.7172434,47.1152436],[28.7172434,47.1152416],[28.7172432,47.1152397],[28.717243,47.1152387],[28.7172417,47.1151997],[28.7172415,47.1151975],[28.717241,47.1151954],[28.7172401,47.1151933],[28.717239,47.1151913],[28.7172376,47.1151894],[28.7172367,47.1151884],[28.7172358,47.1151872],[28.7172344,47.1151856],[28.7172328,47.115184],[28.717231,47.1151826],[28.7172299,47.1151819],[28.7172284,47.1151804],[28.717228,47.1151799],[28.717226,47.1151777],[28.7172243,47.1151761],[28.7172242,47.1151759],[28.7172227,47.1151743],[28.717221,47.1151727],[28.7172191,47.1151711],[28.7172173,47.1151694],[28.7172172,47.1151693],[28.717215,47.1151676],[28.7172125,47.1151661],[28.7172124,47.115166],[28.7172115,47.1151653],[28.7172093,47.1151633],[28.7172089,47.1151629],[28.7172069,47.1151608],[28.7172046,47.1151589],[28.7172043,47.1151587],[28.7172029,47.1151575],[28.7172022,47.1151567],[28.7172017,47.1151559],[28.7172016,47.1151558],[28.7172011,47.1151544],[28.7172001,47.1151523],[28.7171989,47.1151502],[28.7171973,47.1151483],[28.7171955,47.1151464],[28.7171946,47.1151456],[28.7171925,47.1151439],[28.7171901,47.1151423],[28.7171875,47.1151409],[28.7171859,47.1151401],[28.7171856,47.1151398],[28.7171834,47.1151378],[28.7171809,47.1151359],[28.7171781,47.1151343],[28.7171781,47.1151343],[28.7171749,47.115132],[28.7171749,47.115132],[28.7171732,47.1151301],[28.7171718,47.1151285],[28.7171701,47.115127],[28.7171695,47.1151265],[28.7171679,47.1151253],[28.7171679,47.1151252],[28.7171663,47.1151233],[28.7171645,47.1151215],[28.7171642,47.1151213],[28.7171637,47.1151207],[28.7171621,47.1151188],[28.7171602,47.115117],[28.7171581,47.1151154],[28.7171578,47.1151152],[28.7171564,47.1151139],[28.7171538,47.1151111],[28.7171521,47.1151094],[28.7171502,47.1151078],[28.7171481,47.1151064],[28.7171459,47.115105],[28.7171457,47.1151048],[28.7171449,47.1151042],[28.7171421,47.1151021],[28.7171407,47.1151008],[28.717138,47.1150978],[28.7171363,47.1150961],[28.717136,47.1150957],[28.7171337,47.1150935],[28.7171328,47.1150924],[28.717131,47.1150904],[28.7171288,47.1150885],[28.7171263,47.1150867],[28.7171261,47.1150866],[28.7171219,47.1150838],[28.7171215,47.1150834],[28.7171203,47.1150821],[28.7171186,47.1150804],[28.7171168,47.1150789],[28.7171153,47.1150778],[28.7170996,47.1150634],[28.7170976,47.1150611],[28.7170966,47.1150598],[28.7170949,47.115058],[28.717093,47.1150563],[28.7170909,47.1150548],[28.7170892,47.1150537],[28.7170882,47.1150529],[28.7170881,47.1150528],[28.7170877,47.115051],[28.7170867,47.1150487],[28.7170854,47.1150465],[28.7170848,47.1150457],[28.7170846,47.1150455],[28.7170847,47.1150455],[28.7170874,47.1150455],[28.7170901,47.1150453],[28.7170909,47.1150453],[28.7171215,47.1150448],[28.7171222,47.1150448],[28.7171258,47.1150449],[28.7171273,47.1150448],[28.7171278,47.1150448],[28.7171307,47.1150448],[28.7171335,47.1150447],[28.7171344,47.1150446],[28.7171659,47.1150441],[28.7171667,47.1150442],[28.7171697,47.1150442],[28.7171721,47.1150441],[28.7171752,47.1150443],[28.7171759,47.1150444],[28.7171776,47.1150445],[28.7171786,47.1150453],[28.7171798,47.1150464],[28.7171817,47.1150482],[28.7171839,47.1150498],[28.7171864,47.1150513],[28.717189,47.1150526],[28.7171918,47.1150537],[28.7171948,47.1150546],[28.7171979,47.1150553],[28.717201,47.1150558],[28.7172042,47.1150561],[28.7172075,47.1150562],[28.7172107,47.115056],[28.7172139,47.1150557],[28.7172171,47.1150551],[28.7172201,47.1150543],[28.717223,47.1150533],[28.7172257,47.1150521],[28.7172283,47.1150508],[28.7172307,47.1150492],[28.7172328,47.1150476],[28.7172347,47.1150458],[28.7172363,47.1150438],[28.7172368,47.1150432],[28.7172374,47.115043],[28.7172404,47.1150422],[28.7172433,47.1150413],[28.717246,47.1150401],[28.7172485,47.1150388],[28.7172509,47.1150373],[28.717253,47.1150356],[28.7172548,47.1150339],[28.7172565,47.115032],[28.7172578,47.11503],[28.7172588,47.1150279],[28.7172596,47.1150258],[28.71726,47.1150237],[28.7172601,47.1150215],[28.71726,47.1150193],[28.7172595,47.1150171],[28.7172587,47.115015],[28.7172576,47.115013],[28.7172562,47.115011],[28.7172546,47.1150091],[28.7172359,47.1149901],[28.7172351,47.1149891],[28.717235,47.114988],[28.717235,47.1149868],[28.7172349,47.1149848],[28.7172349,47.1149847],[28.7172351,47.1149823],[28.7172348,47.1149799],[28.7172346,47.1149784],[28.7172341,47.1149636],[28.7172342,47.1149628],[28.7172343,47.1149608],[28.7172341,47.1149588],[28.7172341,47.1149582],[28.7172341,47.1149576],[28.717234,47.1149568],[28.717234,47.1149566],[28.7172341,47.1149545],[28.7172339,47.1149523],[28.7172337,47.1149508],[28.7172328,47.1149233],[28.7172329,47.1149223],[28.7172328,47.1149215],[28.7172329,47.1149202],[28.7172328,47.1149184],[28.7172328,47.114918],[28.7172328,47.1149173],[28.7172329,47.1149152],[28.7172327,47.1149131],[28.7172324,47.1149118],[28.7172318,47.114891],[28.7172318,47.1148907],[28.7172317,47.1148892],[28.7172318,47.1148872],[28.7172317,47.114887],[28.7172318,47.1148856],[28.7172319,47.1148836],[28.7172316,47.1148816],[28.7172314,47.1148805],[28.7172308,47.1148592],[28.7172308,47.1148591],[28.7172306,47.1148556],[28.7172306,47.1148556],[28.7172307,47.1148553],[28.7172308,47.114854],[28.7172309,47.1148519],[28.7172306,47.1148497],[28.7172304,47.1148485],[28.7172294,47.1148174],[28.7172292,47.1148152],[28.7172286,47.114813],[28.7172278,47.1148109],[28.7172267,47.1148089],[28.7172253,47.1148069],[28.7172236,47.1148051],[28.7172216,47.1148033],[28.7172194,47.1148017],[28.717217,47.1148003],[28.7172144,47.114799],[28.7172117,47.1147979],[28.7172088,47.114797],[28.7172058,47.1147963],[28.7172026,47.1147958],[28.7171995,47.1147954],[28.7171963,47.1147954],[28.7171931,47.1147955],[28.7171899,47.1147958],[28.7171868,47.1147963],[28.7171838,47.1147971],[28.7171828,47.1147974],[28.7171824,47.1147975],[28.7171811,47.1147964],[28.7171793,47.114795],[28.7171774,47.1147937],[28.717177,47.1147935],[28.7171756,47.1147925],[28.7171755,47.1147924],[28.7171733,47.1147907],[28.7171709,47.1147891],[28.7171683,47.1147877],[28.7171655,47.1147865],[28.7171626,47.1147855],[28.7171595,47.1147847],[28.7171563,47.1147841],[28.717153,47.1147838],[28.7171498,47.1147836],[28.7171465,47.1147837],[28.7171432,47.114784],[28.71714,47.1147846],[28.7171369,47.1147853],[28.7171339,47.1147863],[28.717131,47.1147874],[28.7171305,47.1147877],[28.71713,47.1147879],[28.7171276,47.1147874],[28.7171246,47.1147869],[28.7171244,47.1147869],[28.7171235,47.1147861],[28.7171214,47.1147839],[28.7171206,47.1147827],[28.71712,47.1147816],[28.7171188,47.1147797],[28.7171173,47.1147779],[28.7171156,47.1147762],[28.7171137,47.1147746],[28.7171131,47.1147742],[28.7171116,47.1147726],[28.7171096,47.114771],[28.7171075,47.1147694],[28.7171071,47.1147692],[28.7171056,47.114768],[28.7171044,47.1147668],[28.7171033,47.1147654],[28.7171033,47.1147653],[28.7171018,47.1147633],[28.7171014,47.1147628],[28.7171003,47.1147613],[28.7170988,47.1147595],[28.7170971,47.1147579],[28.7170951,47.1147563],[28.717093,47.1147549],[28.7170927,47.1147547],[28.7170918,47.1147536],[28.7170904,47.114752],[28.7170888,47.1147505],[28.7170873,47.1147492],[28.7170862,47.1147477],[28.7170854,47.1147466],[28.7170837,47.1147445],[28.7170817,47.1147426],[28.7170803,47.1147416],[28.7170802,47.1147414],[28.7170799,47.114741],[28.7170787,47.114739],[28.7170772,47.1147371],[28.7170754,47.1147353],[28.7170734,47.1147336],[28.7170716,47.1147324],[28.7170697,47.1147308],[28.7170684,47.1147294],[28.7170674,47.1147284],[28.7170658,47.1147268],[28.7170656,47.1147262],[28.7170656,47.1147261],[28.7170648,47.1147238],[28.7170637,47.1147216],[28.7170622,47.1147195],[28.7170604,47.1147175],[28.7170412,47.1146979],[28.7170392,47.1146961],[28.7170371,47.1146945],[28.7170347,47.1146931],[28.7170321,47.1146918],[28.7170302,47.114691],[28.71703,47.1146909],[28.7170293,47.11469],[28.7170288,47.1146892],[28.7170275,47.1146873],[28.7170259,47.1146855],[28.7170241,47.1146839],[28.7170239,47.1146837],[28.7170236,47.1146833],[28.717023,47.1146823],[28.7170225,47.1146811],[28.7170214,47.1146788],[28.7170199,47.1146765],[28.717018,47.1146745],[28.717007,47.1146633],[28.717005,47.1146615],[28.7170028,47.1146598],[28.7170004,47.1146583],[28.7169978,47.114657],[28.7169949,47.1146559],[28.716992,47.114655],[28.7169889,47.1146542],[28.7169857,47.1146537],[28.7169825,47.1146534],[28.7169792,47.1146533],[28.7169759,47.1146535],[28.7169727,47.1146539],[28.7169695,47.1146544],[28.7169665,47.1146552],[28.7169635,47.1146562],[28.7169608,47.1146574],[28.7169582,47.1146588],[28.7169558,47.1146603],[28.7169537,47.114662],[28.7169518,47.1146638],[28.7169502,47.1146658],[28.7169489,47.1146678],[28.7169479,47.1146699],[28.7169472,47.1146721],[28.7169468,47.1146743],[28.7169467,47.1146766],[28.716947,47.1146788],[28.7169474,47.1146808],[28.7169474,47.1146817],[28.7169476,47.1146838],[28.7169475,47.1146845],[28.7169475,47.1146845],[28.7169474,47.1146847],[28.7169474,47.1146847],[28.7169468,47.114685],[28.7169444,47.1146866],[28.7169422,47.1146882],[28.7169402,47.1146901],[28.7169385,47.114692],[28.7169372,47.1146941],[28.7169361,47.1146963],[28.7169354,47.1146985],[28.716935,47.1147007],[28.7169349,47.114703],[28.7169351,47.1147053],[28.7169357,47.1147075],[28.7169367,47.1147097],[28.7169379,47.1147118],[28.7169394,47.1147138],[28.7169413,47.1147157],[28.7169426,47.1147169],[28.716943,47.1147174],[28.7169448,47.1147193],[28.716947,47.1147211],[28.7169493,47.1147227],[28.7169509,47.1147235],[28.7169511,47.1147237],[28.7169514,47.1147244],[28.7169518,47.1147258],[28.7169526,47.1147279],[28.7169537,47.1147299],[28.716955,47.1147318],[28.7169567,47.1147336],[28.7169637,47.1147407],[28.7169656,47.1147424],[28.7169676,47.1147439],[28.7169682,47.1147443],[28.7169706,47.1147463],[28.7169737,47.1147486],[28.7169746,47.1147492],[28.7169762,47.1147507],[28.7169777,47.1147521],[28.7169795,47.1147534],[28.7169801,47.1147539],[28.7169801,47.1147539],[28.7169813,47.1147556],[28.7169831,47.1147576],[28.7169838,47.1147582],[28.7169857,47.1147601],[28.7169859,47.1147604],[28.7169878,47.1147624],[28.7169878,47.1147624],[28.7169889,47.1147637],[28.7169901,47.1147653],[28.7169918,47.1147671],[28.7169938,47.1147688],[28.7169944,47.1147692],[28.7169957,47.1147704],[28.7169962,47.1147711],[28.7169966,47.1147715],[28.7169986,47.1147736],[28.717001,47.1147754],[28.7170022,47.1147762],[28.7170025,47.1147764],[28.717003,47.1147774],[28.7170034,47.1147786],[28.7170036,47.1147795],[28.7170036,47.1147798],[28.7170035,47.1147804],[28.7170034,47.1147807],[28.7170033,47.1147808],[28.7170028,47.1147808],[28.7170016,47.114781],[28.7169999,47.114781],[28.7169998,47.114781],[28.716997,47.1147798],[28.7169941,47.1147788],[28.7169911,47.114778],[28.7169879,47.1147774],[28.7169847,47.114777],[28.7169815,47.1147769],[28.7169782,47.1147769],[28.716975,47.1147772],[28.7169718,47.1147777],[28.7169687,47.1147784],[28.7169658,47.1147794],[28.716963,47.1147805],[28.7169603,47.1147818],[28.7169579,47.1147832],[28.7169556,47.1147849],[28.7169537,47.1147866],[28.716952,47.1147885],[28.7169505,47.1147905],[28.7169494,47.1147926],[28.7169486,47.1147948],[28.7169481,47.114797],[28.7169479,47.1147992],[28.716948,47.1148014],[28.7169485,47.1148036],[28.7169485,47.1148037],[28.7169494,47.1148069],[28.7169495,47.114808],[28.7169495,47.1148089],[28.7169496,47.1148097],[28.7169495,47.1148101],[28.7169491,47.1148104],[28.7169485,47.1148106],[28.7169459,47.1148119],[28.7169435,47.1148134],[28.7169414,47.1148151],[28.7169394,47.1148168],[28.7169378,47.1148187],[28.7169364,47.1148207],[28.7169353,47.1148228],[28.7169346,47.114825],[28.7169341,47.1148272],[28.716934,47.1148294],[28.7169341,47.1148316],[28.7169346,47.1148337],[28.7169354,47.1148359],[28.7169365,47.114838],[28.7169379,47.11484],[28.7169396,47.1148418],[28.7169487,47.1148511],[28.7169508,47.1148529],[28.7169531,47.1148546],[28.7169535,47.1148549],[28.7169551,47.1148561],[28.7169567,47.1148577],[28.7169583,47.1148591],[28.71696,47.1148604],[28.7169617,47.1148616],[28.7169621,47.1148621],[28.7169638,47.1148635],[28.7169657,47.1148649],[28.7169665,47.1148654],[28.716967,47.1148659],[28.7169683,47.1148675],[28.7169701,47.1148692],[28.716972,47.1148707],[28.7169741,47.1148723],[28.7169749,47.1148729],[28.7169757,47.1148738],[28.7169759,47.1148742],[28.7169762,47.1148751],[28.7169764,47.1148754],[28.7169775,47.1148775],[28.7169789,47.1148795],[28.7169807,47.1148815],[28.7169809,47.1148816],[28.7169812,47.1148821],[28.7169812,47.1148821],[28.7169822,47.114884],[28.7169834,47.1148858],[28.7169848,47.1148875],[28.7169853,47.114888],[28.7169859,47.1148886],[28.7169866,47.1148893],[28.7169887,47.1148913],[28.7169911,47.114893],[28.7169911,47.114893],[28.7169923,47.1148939],[28.7169937,47.1148954],[28.7169939,47.1148956],[28.7169966,47.1148982],[28.7169969,47.1148987],[28.7169975,47.1148997],[28.7169975,47.1148998],[28.7169967,47.1149002],[28.7169963,47.1149004],[28.7169962,47.1149005],[28.7169962,47.1149005],[28.7169948,47.114901],[28.7169943,47.1149008],[28.7169913,47.1148998],[28.7169882,47.1148989],[28.7169849,47.1148983],[28.7169816,47.1148979],[28.7169783,47.1148978],[28.7169749,47.1148979],[28.7169716,47.1148982],[28.7169683,47.1148987],[28.7169651,47.1148995],[28.7169621,47.1149005],[28.7169592,47.1149017],[28.7169587,47.1149019],[28.7169584,47.1149021],[28.7169556,47.1149032],[28.7169542,47.1149039],[28.7169522,47.1149048],[28.7169498,47.114906],[28.7169494,47.1149062],[28.716926,47.1149168],[28.7169234,47.1149181],[28.716921,47.1149196],[28.7169202,47.1149201],[28.7169196,47.1149205],[28.7169191,47.1149207],[28.7169154,47.1149225],[28.7169153,47.1149226],[28.7169141,47.1149231],[28.7169114,47.1149245],[28.716909,47.114926],[28.7169068,47.1149277],[28.7169048,47.1149295],[28.7169031,47.1149315],[28.7169018,47.1149336],[28.7169007,47.1149357],[28.7169,47.1149379],[28.7168995,47.1149402],[28.7168995,47.1149425],[28.7168997,47.1149447],[28.7168999,47.1149453],[28.7168997,47.1149455],[28.7168988,47.1149459],[28.7168985,47.1149461],[28.7168979,47.1149464],[28.716896,47.1149473],[28.7168771,47.1149556],[28.7168745,47.1149569],[28.716872,47.1149584],[28.7168698,47.11496],[28.7168679,47.1149617],[28.7168662,47.1149636],[28.7168655,47.1149644],[28.7168628,47.1149634],[28.7168599,47.1149624],[28.7168568,47.1149616],[28.7168536,47.114961],[28.7168504,47.1149607],[28.7168471,47.1149605],[28.7168439,47.1149606],[28.7168406,47.1149609],[28.7168374,47.1149614],[28.7168343,47.1149622],[28.7168313,47.1149631],[28.7168285,47.1149643],[28.7168266,47.1149651],[28.7168263,47.1149652],[28.7168235,47.1149663],[28.7168223,47.114967],[28.716822,47.1149671],[28.7168219,47.114967],[28.71682,47.1149656],[28.716817,47.1149638],[28.7168134,47.1149619],[28.7168122,47.1149612],[28.7168107,47.1149605],[28.7168103,47.1149603],[28.7168094,47.1149594],[28.7168093,47.1149593],[28.7168086,47.1149583],[28.7168085,47.1149581],[28.7168083,47.1149568],[28.7168076,47.1149544],[28.7168065,47.1149521],[28.7168051,47.1149499],[28.7168033,47.1149478],[28.7167107,47.1148521],[28.7167087,47.1148502],[28.7167064,47.1148485],[28.7167038,47.1148469],[28.7167031,47.1148465],[28.7167005,47.1148453],[28.7166978,47.1148442],[28.7166949,47.1148433],[28.7166919,47.1148426],[28.7166888,47.114842],[28.7166856,47.1148417],[28.7166825,47.1148416],[28.7166793,47.1148417],[28.7166762,47.1148421],[28.7166731,47.1148426],[28.7166701,47.1148433],[28.7166672,47.1148442],[28.7166645,47.1148453],[28.7166637,47.1148457],[28.7166634,47.1148458],[28.7166606,47.1148469],[28.7166591,47.1148476],[28.7166572,47.1148484],[28.7166546,47.1148496],[28.7166535,47.1148502],[28.7166526,47.1148507],[28.7166501,47.1148522],[28.7166479,47.1148538],[28.7166459,47.1148555],[28.7166442,47.1148574],[28.7166428,47.1148594],[28.7166416,47.1148614],[28.7166408,47.1148636],[28.7166403,47.1148657],[28.7166401,47.1148679],[28.7166401,47.1148701],[28.7166406,47.1148723],[28.7166413,47.1148745],[28.7166423,47.1148766],[28.7166437,47.1148786],[28.7166453,47.1148805],[28.7166791,47.1149164],[28.716681,47.1149183],[28.7166831,47.11492],[28.7166855,47.1149215],[28.7166881,47.1149228],[28.7166906,47.114924],[28.716691,47.1149244],[28.7166911,47.1149246],[28.7166924,47.1149265],[28.7166939,47.1149283],[28.7166956,47.11493],[28.7166976,47.1149316],[28.7166977,47.1149316],[28.7166991,47.1149328],[28.7166994,47.1149332],[28.7167001,47.1149342],[28.7167005,47.1149352],[28.7167014,47.114937],[28.7167023,47.1149385],[28.7167029,47.1149398],[28.716704,47.114942],[28.7167054,47.1149442],[28.7167055,47.1149444],[28.7167056,47.1149444],[28.7167065,47.1149457],[28.7167054,47.1149448],[28.7167031,47.1149433],[28.7167006,47.114942],[28.7167005,47.114942],[28.7166993,47.1149413],[28.7166991,47.114941],[28.7166986,47.1149404],[28.7166969,47.1149385],[28.7166949,47.1149367],[28.7166945,47.1149364],[28.7166945,47.1149364],[28.7166925,47.1149349],[28.716692,47.1149344],[28.7166918,47.1149339],[28.71669,47.1149318],[28.7166878,47.1149298],[28.7166858,47.1149283],[28.7166848,47.1149273],[28.7166823,47.1149242],[28.7166816,47.1149231],[28.7166811,47.1149214],[28.7166803,47.1149194],[28.7166793,47.1149175],[28.7166781,47.1149156],[28.7166766,47.1149138],[28.7166384,47.1148732],[28.7166362,47.1148711],[28.7166346,47.1148699],[28.716633,47.1148687],[28.7166322,47.1148678],[28.716631,47.1148663],[28.7166291,47.1148644],[28.7166286,47.114864],[28.7166283,47.1148636],[28.716628,47.1148631],[28.7166266,47.1148609],[28.7166248,47.1148588],[28.716608,47.1148408],[28.7166061,47.114839],[28.7166039,47.1148374],[28.7166016,47.1148358],[28.716599,47.1148345],[28.7165962,47.1148333],[28.7165933,47.1148323],[28.7165902,47.1148315],[28.716587,47.114831],[28.7165838,47.1148306],[28.7165806,47.1148305],[28.7165773,47.1148306],[28.7165741,47.1148309],[28.7165709,47.1148314],[28.7165678,47.1148322],[28.7165648,47.1148331],[28.7165621,47.1148343],[28.7165594,47.1148356],[28.716557,47.1148371],[28.7165551,47.1148385],[28.7165538,47.1148392],[28.7165368,47.1148468],[28.7165365,47.1148469],[28.7165337,47.114848],[28.716532,47.1148489],[28.7165306,47.1148494],[28.716528,47.1148507],[28.7165255,47.1148522],[28.7165233,47.1148538],[28.7165214,47.1148556],[28.7165197,47.1148575],[28.7165183,47.1148594],[28.7165172,47.1148615],[28.7165164,47.1148637],[28.7165159,47.1148658],[28.7165157,47.114868],[28.7165158,47.1148703],[28.7165162,47.1148724],[28.716517,47.1148746],[28.7165181,47.1148767],[28.7165194,47.1148787],[28.7165211,47.1148806],[28.7165028,47.1148615],[28.7165006,47.1148596],[28.7164982,47.1148577],[28.7164955,47.1148562],[28.7164955,47.1148562],[28.7164941,47.1148546],[28.7164935,47.1148539],[28.7164916,47.1148521],[28.7164899,47.1148507],[28.7164898,47.1148506],[28.7164893,47.1148497],[28.7164891,47.1148492],[28.716488,47.114847],[28.7164866,47.114845],[28.716485,47.114843],[28.7164836,47.1148416],[28.7164815,47.1148396],[28.7164791,47.1148379],[28.7164765,47.1148363],[28.7164742,47.1148352],[28.7164741,47.1148351],[28.7164735,47.1148342],[28.7164725,47.1148327],[28.7164709,47.1148307],[28.71647,47.1148292],[28.716469,47.1148272],[28.7164677,47.1148252],[28.716466,47.1148233],[28.7164549,47.1148117],[28.7164531,47.11481],[28.7164512,47.1148085],[28.716449,47.1148071],[28.7164466,47.1148058],[28.7164449,47.114805],[28.7164448,47.1148049],[28.7164443,47.1148043],[28.7164443,47.1148042],[28.7164427,47.114802],[28.7164408,47.1147999],[28.7164393,47.1147985],[28.7164392,47.1147982],[28.7164378,47.1147963],[28.7164361,47.1147945],[28.7164342,47.1147928],[28.7164321,47.1147913],[28.7164302,47.1147902],[28.7164291,47.1147892],[28.7164278,47.1147879],[28.7164271,47.114787],[28.7164268,47.1147863],[28.7164256,47.1147841],[28.716424,47.114782],[28.7164222,47.11478],[28.7164207,47.1147788],[28.7164205,47.1147786],[28.7164195,47.1147769],[28.7164195,47.1147769],[28.716419,47.114776],[28.7164172,47.1147737],[28.7164152,47.1147716],[28.716415,47.1147715],[28.7164148,47.1147712],[28.7164129,47.1147693],[28.7164107,47.1147675],[28.7164087,47.1147662],[28.7164086,47.1147661],[28.7164076,47.1147648],[28.7164067,47.1147636],[28.7164049,47.1147616],[28.7164041,47.1147609],[28.7164038,47.1147606],[28.7164028,47.1147587],[28.7164013,47.1147562],[28.7163993,47.1147539],[28.7163732,47.1147266],[28.7163711,47.1147247],[28.7163688,47.114723],[28.7163664,47.1147213],[28.7163655,47.1147205],[28.7163634,47.1147189],[28.7163613,47.1147176],[28.7163604,47.1147154],[28.7163593,47.1147131],[28.7163579,47.114711],[28.7163561,47.1147089],[28.7162497,47.1145981],[28.7162491,47.1145972]],[[28.7180363,47.115064],[28.7180366,47.1150646],[28.718038,47.1150664],[28.7180396,47.1150682],[28.7180403,47.1150688],[28.7180417,47.1150705],[28.7180435,47.1150724],[28.7180455,47.1150741],[28.7180476,47.1150758],[28.7180485,47.115077],[28.7180493,47.1150786],[28.7180508,47.1150809],[28.7180527,47.1150831],[28.718055,47.1150852],[28.7180555,47.1150856],[28.7180572,47.1150869],[28.718059,47.1150881],[28.7180595,47.1150884],[28.7180621,47.1150898],[28.7180648,47.115091],[28.7180678,47.115092],[28.7180709,47.1150929],[28.7180741,47.1150935],[28.7180773,47.1150938],[28.7180806,47.115094],[28.7180839,47.1150939],[28.7180872,47.1150937],[28.7180904,47.1150931],[28.7180935,47.1150924],[28.7180966,47.1150915],[28.7180994,47.1150903],[28.7181,47.11509],[28.7181027,47.1150887],[28.7181052,47.1150872],[28.7181075,47.1150855],[28.7181094,47.1150836],[28.7181111,47.1150817],[28.7181125,47.1150796],[28.7181136,47.1150774],[28.7181142,47.1150761],[28.7181154,47.1150754],[28.7181164,47.1150749],[28.7181184,47.115074],[28.7181209,47.1150727],[28.7181233,47.1150712],[28.7181255,47.1150696],[28.7181274,47.1150679],[28.718129,47.115066],[28.7181304,47.115064],[28.7181315,47.115062],[28.7181322,47.1150598],[28.7181327,47.1150577],[28.7181329,47.1150555],[28.7181328,47.1150533],[28.7181323,47.1150512],[28.7181316,47.115049],[28.7181305,47.115047],[28.7181292,47.115045],[28.718128,47.1150435],[28.7181264,47.1150416],[28.7181246,47.1150398],[28.7181232,47.1150386],[28.7181209,47.1150369],[28.7181184,47.1150354],[28.7181158,47.115034],[28.7181129,47.1150328],[28.7181098,47.1150318],[28.7181066,47.1150311],[28.7181034,47.1150305],[28.7181,47.1150302],[28.7180967,47.1150302],[28.7180801,47.1150304],[28.7180796,47.1150304],[28.7180754,47.1150304],[28.7180746,47.1150304],[28.7180734,47.1150304],[28.7180725,47.1150305],[28.7180704,47.1150305],[28.7180675,47.1150306],[28.7180675,47.1150306],[28.7180644,47.1150307],[28.7180612,47.1150308],[28.718058,47.1150312],[28.7180548,47.1150318],[28.7180518,47.1150326],[28.7180489,47.1150336],[28.7180462,47.1150347],[28.7180436,47.1150361],[28.7180413,47.1150376],[28.7180392,47.1150393],[28.7180373,47.1150411],[28.7180357,47.115043],[28.7180344,47.115045],[28.7180334,47.1150471],[28.7180327,47.1150493],[28.7180323,47.1150515],[28.7180322,47.1150537],[28.7180324,47.1150559],[28.718033,47.1150581],[28.7180338,47.1150602],[28.718035,47.1150623],[28.7180363,47.115064]],[[28.7178369,47.1151493],[28.7178371,47.1151496],[28.7178386,47.1151515],[28.7178404,47.1151532],[28.7178425,47.1151548],[28.717843,47.1151551],[28.7178439,47.115156],[28.7178446,47.1151568],[28.7178463,47.1151588],[28.7178483,47.1151607],[28.7178506,47.1151625],[28.7178509,47.1151627],[28.7178524,47.1151639],[28.7178529,47.1151644],[28.7178532,47.1151649],[28.717855,47.1151669],[28.717857,47.1151688],[28.7178581,47.1151696],[28.7178606,47.1151717],[28.717862,47.1151731],[28.7178646,47.1151768],[28.717867,47.1151796],[28.7178679,47.1151805],[28.7178687,47.1151814],[28.7178703,47.1151831],[28.7178721,47.1151847],[28.7178741,47.1151862],[28.7178746,47.1151865],[28.7178765,47.1151879],[28.7178775,47.115189],[28.7178786,47.1151907],[28.7178793,47.1151921],[28.7178793,47.1151924],[28.7178802,47.1151944],[28.7178814,47.1151964],[28.7178829,47.1151983],[28.7178846,47.1152001],[28.7178924,47.1152076],[28.7178942,47.1152091],[28.7178962,47.1152105],[28.7178981,47.1152118],[28.7178986,47.1152123],[28.7179005,47.115214],[28.7179026,47.1152155],[28.717905,47.1152169],[28.7179056,47.1152173],[28.7179082,47.1152186],[28.717911,47.1152197],[28.7179139,47.1152206],[28.717917,47.1152213],[28.7179201,47.1152218],[28.7179233,47.1152221],[28.7179266,47.1152222],[28.7179298,47.1152221],[28.717933,47.1152217],[28.7179361,47.1152212],[28.7179392,47.1152204],[28.7179421,47.1152194],[28.7179448,47.1152182],[28.7179489,47.1152164],[28.7179514,47.115215],[28.7179538,47.1152135],[28.7179559,47.1152119],[28.7179578,47.1152101],[28.7179595,47.1152082],[28.7179608,47.1152061],[28.7179619,47.1152041],[28.7179625,47.1152026],[28.7179627,47.1152024],[28.7179639,47.1152017],[28.717966,47.1152],[28.7179679,47.1151981],[28.7179696,47.1151962],[28.7179709,47.1151941],[28.717972,47.1151919],[28.7179727,47.1151897],[28.7179731,47.1151875],[28.7179731,47.1151852],[28.7179728,47.115183],[28.7179722,47.1151808],[28.7179713,47.1151786],[28.71797,47.1151765],[28.7179685,47.1151745],[28.7179674,47.1151733],[28.7179654,47.1151713],[28.7179643,47.1151704],[28.717963,47.1151691],[28.7179625,47.1151684],[28.7179612,47.1151667],[28.7179598,47.1151651],[28.7179581,47.1151636],[28.7179572,47.1151628],[28.7179555,47.1151613],[28.7179535,47.1151597],[28.7179534,47.1151596],[28.7179526,47.1151584],[28.7179519,47.1151572],[28.7179505,47.1151553],[28.7179488,47.1151534],[28.7179468,47.1151516],[28.7179446,47.11515],[28.7179439,47.1151496],[28.7179417,47.1151478],[28.7179391,47.1151452],[28.717937,47.1151427],[28.717935,47.1151405],[28.7179326,47.1151386],[28.7179312,47.115137],[28.7179298,47.1151356],[28.7179283,47.1151343],[28.7179277,47.1151338],[28.7179149,47.1151209],[28.7179142,47.1151199],[28.7179141,47.1151198],[28.7179138,47.1151185],[28.7179131,47.1151165],[28.7179121,47.1151146],[28.7179108,47.1151127],[28.7179093,47.1151109],[28.7179075,47.1151092],[28.7179065,47.1151084],[28.7179056,47.1151075],[28.717904,47.1151062],[28.7179035,47.1151058],[28.717861,47.1150658],[28.7178593,47.1150639],[28.7178571,47.1150621],[28.7178553,47.1150607],[28.7178475,47.1150534],[28.717846,47.1150517],[28.7178456,47.1150512],[28.7178437,47.1150489],[28.7178414,47.1150468],[28.7178363,47.1150426],[28.7178341,47.1150409],[28.7178316,47.1150394],[28.717829,47.1150381],[28.7178261,47.115037],[28.7178231,47.1150361],[28.71782,47.1150353],[28.7178168,47.1150348],[28.7178135,47.1150345],[28.7178102,47.1150345],[28.71778,47.1150349],[28.7177768,47.1150351],[28.7177736,47.1150355],[28.7177704,47.1150361],[28.7177674,47.1150369],[28.7177645,47.1150379],[28.7177617,47.115039],[28.7177592,47.1150404],[28.7177568,47.1150419],[28.7177547,47.1150436],[28.7177528,47.1150455],[28.7177512,47.1150474],[28.7177499,47.1150494],[28.7177489,47.1150515],[28.7177482,47.1150537],[28.7177479,47.1150559],[28.7177478,47.1150581],[28.7177481,47.1150603],[28.7177486,47.1150625],[28.7177495,47.1150647],[28.7177507,47.1150667],[28.7177522,47.1150687],[28.717754,47.1150706],[28.7178276,47.1151403],[28.7178296,47.1151426],[28.7178314,47.1151445],[28.7178334,47.1151462],[28.7178351,47.1151475],[28.7178358,47.1151481],[28.7178369,47.1151493]],[[28.7178749,47.11507],[28.7178763,47.1150714],[28.7178782,47.115073],[28.717882,47.1150766],[28.7178834,47.115078],[28.7178853,47.1150797],[28.7178893,47.1150834],[28.7178913,47.1150851],[28.7178935,47.1150866],[28.7178959,47.115088],[28.7178985,47.1150892],[28.7179013,47.1150903],[28.7179042,47.1150912],[28.7179072,47.1150918],[28.7179103,47.1150923],[28.7179134,47.1150926],[28.7179165,47.1150926],[28.7179197,47.1150925],[28.7179228,47.1150921],[28.7179259,47.1150916],[28.7179288,47.1150908],[28.7179317,47.1150899],[28.7179344,47.1150888],[28.717937,47.1150876],[28.7179396,47.1150862],[28.7179421,47.1150847],[28.7179443,47.115083],[28.7179462,47.1150811],[28.7179479,47.1150792],[28.7179493,47.1150771],[28.7179503,47.1150749],[28.717951,47.1150727],[28.7179514,47.1150705],[28.7179515,47.1150682],[28.7179512,47.1150659],[28.7179506,47.1150637],[28.7179497,47.1150615],[28.7179491,47.1150605],[28.7179489,47.1150597],[28.7179482,47.1150577],[28.7179471,47.1150558],[28.7179459,47.115054],[28.7179444,47.1150523],[28.7179358,47.1150432],[28.7179338,47.1150414],[28.7179316,47.1150397],[28.7179291,47.1150381],[28.7179264,47.1150368],[28.7179236,47.1150356],[28.7179205,47.1150347],[28.7179174,47.1150339],[28.7179141,47.1150334],[28.7179108,47.1150331],[28.7179074,47.115033],[28.7178996,47.1150331],[28.7178964,47.1150333],[28.7178932,47.1150337],[28.71789,47.1150343],[28.717887,47.1150351],[28.7178841,47.1150361],[28.7178813,47.1150373],[28.7178788,47.1150386],[28.7178764,47.1150402],[28.7178743,47.1150418],[28.7178724,47.1150437],[28.7178709,47.1150456],[28.7178696,47.1150476],[28.7178686,47.1150498],[28.7178679,47.1150519],[28.7178675,47.1150541],[28.7178674,47.1150564],[28.7178677,47.1150586],[28.7178683,47.1150608],[28.7178692,47.1150629],[28.7178704,47.115065],[28.7178719,47.1150669],[28.7178736,47.1150688],[28.7178749,47.11507]],[[28.7169907,47.1145125],[28.7169896,47.1145129],[28.7169868,47.1145141],[28.7169842,47.1145154],[28.7169819,47.1145169],[28.7169797,47.1145185],[28.7169778,47.1145203],[28.7169761,47.1145222],[28.7169747,47.1145242],[28.7169736,47.1145262],[28.7169729,47.1145284],[28.7169724,47.1145306],[28.7169722,47.1145328],[28.7169724,47.114535],[28.7169729,47.1145371],[28.7169737,47.1145393],[28.7169747,47.1145414],[28.7169761,47.1145434],[28.7169778,47.1145453],[28.7170174,47.1145856],[28.7170438,47.1146125],[28.7170457,47.1146143],[28.7170478,47.1146159],[28.7170501,47.1146174],[28.7170527,47.1146187],[28.7170539,47.1146191],[28.7170542,47.1146193],[28.7170542,47.1146194],[28.7170547,47.114621],[28.7170556,47.114623],[28.7170568,47.1146249],[28.7170582,47.1146268],[28.7170598,47.1146285],[28.7170617,47.1146302],[28.7170638,47.1146317],[28.7170644,47.114632],[28.7170655,47.1146329],[28.7170663,47.114634],[28.7170671,47.1146352],[28.7170688,47.1146371],[28.7170708,47.1146389],[28.7170731,47.1146406],[28.7170756,47.1146421],[28.7170777,47.1146433],[28.7170803,47.1146446],[28.7170829,47.1146456],[28.717083,47.1146464],[28.7170834,47.1146486],[28.7170842,47.1146507],[28.717085,47.1146524],[28.7170852,47.1146528],[28.7170863,47.114655],[28.7170877,47.1146572],[28.7170895,47.1146592],[28.7170994,47.1146693],[28.7171014,47.1146711],[28.7171037,47.1146728],[28.7171047,47.1146734],[28.717105,47.1146737],[28.7171057,47.1146745],[28.7171064,47.1146755],[28.7171078,47.1146772],[28.7171081,47.1146775],[28.7171096,47.1146789],[28.7171096,47.114679],[28.7171098,47.1146792],[28.7171099,47.1146792],[28.7171099,47.1146792],[28.7171115,47.1146806],[28.7171137,47.1146824],[28.7171162,47.1146841],[28.7171165,47.1146843],[28.7171178,47.1146849],[28.717118,47.1146853],[28.7171196,47.1146872],[28.7171215,47.114689],[28.7171236,47.1146906],[28.7171242,47.114691],[28.7171251,47.1146919],[28.7171269,47.1146933],[28.7171288,47.1146947],[28.7171304,47.1146957],[28.7171313,47.1146962],[28.7171315,47.1146975],[28.7171321,47.1146996],[28.7171325,47.1147007],[28.7171333,47.1147026],[28.7171344,47.1147044],[28.7171356,47.1147061],[28.7171371,47.1147077],[28.7171428,47.1147135],[28.7171449,47.1147154],[28.7171473,47.1147172],[28.7171499,47.1147188],[28.717151,47.1147193],[28.7171536,47.1147206],[28.7171564,47.1147217],[28.7171593,47.1147225],[28.7171623,47.1147232],[28.7171654,47.1147237],[28.7171686,47.114724],[28.7171718,47.1147241],[28.717175,47.1147239],[28.7171781,47.1147236],[28.7171812,47.114723],[28.7171842,47.1147223],[28.7171871,47.1147213],[28.7171898,47.1147202],[28.7171924,47.1147188],[28.7171947,47.1147174],[28.7171968,47.1147157],[28.7171987,47.114714],[28.7172004,47.1147121],[28.7172017,47.1147101],[28.7172028,47.1147081],[28.7172035,47.114706],[28.717204,47.1147038],[28.7172042,47.1147016],[28.717204,47.1146994],[28.7172036,47.1146973],[28.7172028,47.1146952],[28.7172017,47.1146931],[28.7172004,47.1146911],[28.7171988,47.1146893],[28.7171984,47.1146889],[28.7171984,47.1146889],[28.7171969,47.1146871],[28.7171951,47.1146854],[28.717195,47.1146853],[28.7171917,47.1146819],[28.7171898,47.1146801],[28.7171877,47.1146785],[28.7171857,47.1146772],[28.7171857,47.114677],[28.7171855,47.1146755],[28.717185,47.1146734],[28.7171842,47.1146713],[28.7171832,47.1146693],[28.7171818,47.1146673],[28.7171802,47.1146654],[28.7171797,47.1146649],[28.7171777,47.1146631],[28.7171754,47.1146614],[28.7171729,47.1146598],[28.7171702,47.1146585],[28.7171687,47.1146579],[28.7171684,47.1146577],[28.7171677,47.1146574],[28.7171662,47.1146555],[28.7171601,47.1146487],[28.7171593,47.1146478],[28.7171573,47.1146458],[28.7171539,47.1146428],[28.7171536,47.1146424],[28.7171513,47.1146401],[28.7171507,47.1146397],[28.7171433,47.114632],[28.7171414,47.1146302],[28.7171392,47.1146286],[28.7171368,47.1146271],[28.7171342,47.1146258],[28.7171315,47.1146247],[28.7171312,47.1146246],[28.7171311,47.1146235],[28.7171307,47.1146214],[28.7171299,47.1146192],[28.7171297,47.1146189],[28.7171289,47.114617],[28.7171284,47.1146149],[28.7171276,47.1146128],[28.7171265,47.1146108],[28.7171252,47.1146089],[28.7171236,47.1146071],[28.717108,47.114591],[28.7171061,47.1145892],[28.7171039,47.1145876],[28.7171015,47.1145861],[28.717099,47.1145848],[28.7170987,47.1145847],[28.7170962,47.1145834],[28.7170949,47.1145824],[28.7170341,47.1145198],[28.7170322,47.114518],[28.7170301,47.1145163],[28.7170277,47.1145148],[28.7170251,47.1145135],[28.7170223,47.1145124],[28.7170194,47.1145114],[28.7170163,47.1145107],[28.7170132,47.1145101],[28.71701,47.1145098],[28.7170067,47.1145097],[28.7170035,47.1145098],[28.7170003,47.1145101],[28.7169971,47.1145107],[28.7169941,47.1145114],[28.7169911,47.1145123],[28.7169907,47.1145125]],[[28.7168927,47.1147472],[28.7168936,47.1147502],[28.7168944,47.1147524],[28.7168955,47.1147545],[28.7168969,47.1147565],[28.7168986,47.1147584],[28.7169021,47.114762],[28.7169043,47.1147639],[28.7169067,47.1147657],[28.7169094,47.1147673],[28.7169106,47.1147679],[28.7169121,47.1147688],[28.7169146,47.1147702],[28.7169172,47.1147715],[28.71692,47.1147725],[28.7169229,47.1147733],[28.7169259,47.114774],[28.716929,47.1147745],[28.7169322,47.1147747],[28.7169353,47.1147747],[28.7169385,47.1147746],[28.7169416,47.1147742],[28.7169447,47.1147736],[28.7169476,47.1147728],[28.7169505,47.1147719],[28.7169532,47.1147707],[28.7169557,47.1147694],[28.716958,47.1147679],[28.7169601,47.1147663],[28.716962,47.1147645],[28.7169636,47.1147626],[28.7169649,47.1147607],[28.7169659,47.1147586],[28.7169667,47.1147565],[28.7169672,47.1147544],[28.7169673,47.1147522],[28.7169671,47.1147501],[28.7169667,47.1147479],[28.7169659,47.1147458],[28.7169656,47.1147452],[28.7169654,47.1147444],[28.7169642,47.1147421],[28.7169628,47.1147399],[28.716961,47.1147379],[28.7169542,47.1147311],[28.7169524,47.1147294],[28.7169503,47.1147279],[28.716948,47.1147264],[28.7169455,47.1147252],[28.7169436,47.1147243],[28.7169408,47.1147231],[28.7169379,47.1147222],[28.7169349,47.1147214],[28.7169317,47.1147208],[28.7169285,47.1147205],[28.7169253,47.1147204],[28.716922,47.1147205],[28.7169188,47.1147208],[28.7169157,47.1147213],[28.7169126,47.114722],[28.7169097,47.114723],[28.7169069,47.1147241],[28.7169043,47.1147254],[28.7169019,47.1147269],[28.7168997,47.1147285],[28.7168977,47.1147303],[28.716896,47.1147322],[28.7168946,47.1147342],[28.7168935,47.1147363],[28.7168927,47.1147384],[28.7168923,47.1147406],[28.7168921,47.1147428],[28.7168922,47.114745],[28.7168927,47.1147472]],[[28.7166358,47.114624],[28.7166363,47.114625],[28.7166381,47.1146272],[28.7166394,47.1146287],[28.716641,47.1146304],[28.7166428,47.114632],[28.7166449,47.1146334],[28.7166449,47.1146335],[28.7166453,47.1146338],[28.7166456,47.1146341],[28.7166473,47.114636],[28.7166493,47.1146377],[28.7166515,47.1146394],[28.7166539,47.1146408],[28.7166565,47.1146421],[28.7166593,47.1146432],[28.7166622,47.1146441],[28.7166653,47.1146448],[28.7166684,47.1146453],[28.7166716,47.1146456],[28.7166748,47.1146457],[28.716678,47.1146456],[28.7166812,47.1146452],[28.7166843,47.1146447],[28.7166873,47.1146439],[28.7166902,47.1146429],[28.7166913,47.1146425],[28.716694,47.1146414],[28.7166966,47.1146401],[28.7166969,47.1146399],[28.7166983,47.1146393],[28.7167008,47.1146379],[28.7167032,47.1146365],[28.7167053,47.1146349],[28.7167072,47.1146331],[28.7167088,47.1146312],[28.7167101,47.1146293],[28.7167112,47.1146272],[28.716712,47.1146251],[28.7167125,47.114623],[28.7167127,47.1146208],[28.7167125,47.1146186],[28.7167121,47.1146165],[28.7167113,47.1146144],[28.7167103,47.1146123],[28.716709,47.1146103],[28.7167074,47.1146085],[28.7167055,47.1146067],[28.7167034,47.1146051],[28.7167011,47.1146036],[28.7166986,47.1146023],[28.7166975,47.1146015],[28.7166953,47.1145996],[28.7166949,47.1145992],[28.7166926,47.1145975],[28.7166902,47.114596],[28.7166875,47.1145946],[28.7166846,47.1145934],[28.7166816,47.1145925],[28.7166784,47.1145917],[28.7166752,47.1145912],[28.7166719,47.1145909],[28.7166685,47.1145909],[28.7166641,47.1145909],[28.716661,47.1145911],[28.7166578,47.1145914],[28.7166547,47.114592],[28.7166517,47.1145928],[28.7166489,47.1145938],[28.7166461,47.1145949],[28.7166436,47.1145962],[28.7166413,47.1145977],[28.7166391,47.1145994],[28.7166373,47.1146011],[28.7166357,47.114603],[28.7166343,47.114605],[28.7166333,47.1146071],[28.7166325,47.1146092],[28.7166321,47.1146113],[28.7166319,47.1146135],[28.7166321,47.1146157],[28.7166326,47.1146179],[28.7166334,47.11462],[28.7166344,47.114622],[28.7166358,47.114624]]],[[[28.7165248,47.1148845],[28.7165272,47.114887],[28.7165293,47.114889],[28.7165318,47.1148908],[28.7165321,47.114891],[28.7165321,47.114891],[28.7165324,47.1148912],[28.7165334,47.1148919],[28.7165338,47.1148924],[28.7165358,47.1148944],[28.7165382,47.1148963],[28.7165408,47.114898],[28.7165418,47.1148986],[28.7165428,47.1148995],[28.716543,47.1148997],[28.7165438,47.1149008],[28.7165443,47.1149023],[28.7165451,47.1149042],[28.7165461,47.1149061],[28.7165474,47.1149078],[28.7165489,47.1149095],[28.7165492,47.1149098],[28.7165473,47.1149081],[28.7165451,47.1149064],[28.7165428,47.1149049],[28.7165402,47.1149036],[28.7165389,47.114903],[28.7165386,47.1149028],[28.7165376,47.1149021],[28.7165374,47.1149018],[28.7165367,47.1149004],[28.7165353,47.1148981],[28.7165335,47.114896],[28.7165332,47.1148957],[28.7165316,47.1148942],[28.7165302,47.1148931],[28.7165297,47.1148926],[28.7165291,47.1148911],[28.716528,47.1148888],[28.7165266,47.1148866],[28.7165248,47.1148845]]]]}},{"type":"Feature","id":42,"properties":{"vineyard_id":"V42","farm_id":"F27","area_m2":277.931,"n_parcels":1,"cadastral_codes":["80371140127"],"landuse_counts":{"Teren pentru grădini":1}},"geometry":{"type":"Polygon","coordinates":[[[28.7180039,47.1144333],[28.7180047,47.1144328],[28.7180055,47.1144324],[28.7180086,47.1144305],[28.7180091,47.1144302],[28.7180105,47.1144293],[28.7180126,47.1144277],[28.7180145,47.1144259],[28.7180161,47.1144241],[28.7180175,47.1144221],[28.7180186,47.11442],[28.7180193,47.1144179],[28.7180195,47.1144174],[28.7180206,47.1144167],[28.7180207,47.1144166],[28.7180212,47.1144163],[28.7180221,47.1144159],[28.7180232,47.1144153],[28.718026,47.1144135],[28.7180261,47.1144135],[28.7180285,47.114412],[28.7180306,47.1144103],[28.7180325,47.1144085],[28.7180341,47.1144066],[28.7180354,47.1144046],[28.7180365,47.1144025],[28.7180367,47.1144019],[28.7180369,47.1144015],[28.7180378,47.1144009],[28.7180389,47.1144003],[28.7180401,47.1143996],[28.7180423,47.1143982],[28.7180447,47.1143967],[28.7180469,47.114395],[28.7180488,47.1143932],[28.7180504,47.1143913],[28.7180517,47.1143892],[28.7180528,47.1143871],[28.7180535,47.114385],[28.7180537,47.1143843],[28.7180547,47.1143835],[28.7180558,47.1143829],[28.7180567,47.1143823],[28.7180575,47.1143819],[28.7180593,47.1143808],[28.7180601,47.1143803],[28.7180663,47.1143768],[28.7180686,47.1143752],[28.7180708,47.1143736],[28.7180727,47.1143718],[28.7180735,47.1143708],[28.7180746,47.1143696],[28.7180757,47.1143688],[28.7180766,47.1143683],[28.7180773,47.1143678],[28.7180779,47.1143675],[28.71808,47.1143663],[28.7180806,47.1143659],[28.718087,47.1143622],[28.7180895,47.1143606],[28.7180917,47.1143589],[28.7180932,47.1143575],[28.7180948,47.1143563],[28.7180957,47.1143558],[28.7180957,47.1143557],[28.7180973,47.1143549],[28.7180978,47.1143546],[28.718099,47.114354],[28.7181001,47.1143547],[28.7181101,47.114363],[28.7181113,47.1143642],[28.7181118,47.1143649],[28.7181135,47.1143668],[28.7181155,47.1143685],[28.7181177,47.1143702],[28.7181201,47.1143717],[28.7181208,47.114372],[28.7181224,47.114373],[28.7181499,47.1143953],[28.7181512,47.1143966],[28.7181533,47.1143985],[28.7181556,47.1144003],[28.7181576,47.1144016],[28.7181899,47.1144279],[28.7181913,47.1144292],[28.7181931,47.1144309],[28.7181951,47.1144324],[28.7181974,47.114434],[28.7181982,47.1144346],[28.7182164,47.1144494],[28.7182174,47.1144504],[28.7182184,47.1144511],[28.7182206,47.1144528],[28.7182221,47.1144542],[28.7182237,47.1144556],[28.7182255,47.1144569],[28.7182715,47.1144942],[28.7182726,47.1144952],[28.7182743,47.1144965],[28.7183004,47.1145176],[28.7183012,47.1145184],[28.7182996,47.1145202],[28.7182981,47.1145221],[28.7182968,47.1145241],[28.7182959,47.1145262],[28.7182952,47.1145283],[28.7182948,47.1145304],[28.7182947,47.1145326],[28.718295,47.1145347],[28.7182955,47.1145368],[28.7182963,47.1145389],[28.7182974,47.1145409],[28.7182988,47.1145429],[28.7183005,47.1145447],[28.7183024,47.1145464],[28.7183024,47.1145465],[28.7183038,47.1145479],[28.7183039,47.1145481],[28.7183055,47.11455],[28.7183074,47.1145519],[28.7183095,47.1145536],[28.7183118,47.1145551],[28.7183144,47.1145565],[28.718315,47.1145568],[28.7183161,47.1145576],[28.7183172,47.1145585],[28.7183176,47.1145589],[28.71832,47.1145607],[28.7183202,47.1145609],[28.7183232,47.1145633],[28.7183241,47.1145642],[28.7183225,47.1145652],[28.7183214,47.1145659],[28.7183214,47.114566],[28.7183212,47.114566],[28.718321,47.114566],[28.7183209,47.114566],[28.7183193,47.114566],[28.7183185,47.114566],[28.7183148,47.1145662],[28.7183147,47.1145662],[28.7182911,47.1145665],[28.7182906,47.1145665],[28.7182876,47.1145665],[28.718287,47.1145665],[28.7182861,47.1145665],[28.7182843,47.1145666],[28.7182827,47.1145665],[28.7182814,47.1145665],[28.7182778,47.1145667],[28.7182778,47.1145667],[28.7182491,47.1145671],[28.7182487,47.1145671],[28.7182456,47.1145671],[28.7182451,47.1145671],[28.7182425,47.1145671],[28.7182416,47.1145672],[28.7182399,47.1145672],[28.7182358,47.1145673],[28.7182165,47.1145676],[28.7182161,47.1145676],[28.718213,47.1145676],[28.7182125,47.1145676],[28.7182108,47.1145676],[28.7182099,47.1145676],[28.7182083,47.1145677],[28.7182069,47.1145677],[28.7182069,47.1145677],[28.7182033,47.1145678],[28.7182032,47.1145678],[28.7181765,47.1145682],[28.718176,47.1145682],[28.718173,47.1145682],[28.7181717,47.1145682],[28.7181699,47.1145682],[28.7181682,47.1145682],[28.7181661,47.1145681],[28.7181646,47.1145679],[28.7181635,47.1145671],[28.7181561,47.114561],[28.7181543,47.1145593],[28.7181522,47.1145575],[28.71815,47.1145558],[28.7181485,47.1145549],[28.7181131,47.1145259],[28.7181106,47.1145235],[28.7181086,47.1145217],[28.7181063,47.11452],[28.7181041,47.1145186],[28.7180715,47.1144919],[28.7180693,47.1144897],[28.7180673,47.1144879],[28.7180649,47.1144862],[28.7180629,47.1144849],[28.7180033,47.1144361],[28.7180023,47.1144352],[28.7180024,47.1144345],[28.7180025,47.1144341],[28.7180039,47.1144333]]]}},{"type":"Feature","id":43,"properties":{"vineyard_id":"V43","farm_id":"F27","area_m2":297.72,"n_parcels":1,"cadastral_codes":["80371140116"],"landuse_counts":{"Teren pentru grădini":1}},"geometry":{"type":"Polygon","coordinates":[[[28.7174807,47.1141195],[28.7174817,47.1141188],[28.7174831,47.114118],[28.7174834,47.114118],[28.7174854,47.114118],[28.7174887,47.1141179],[28.7174894,47.1141178],[28.7175206,47.1141173],[28.7175214,47.1141174],[28.7175246,47.1141174],[28.717527,47.1141173],[28.7175294,47.1141174],[28.7175326,47.1141172],[28.7175334,47.1141171],[28.7175659,47.1141167],[28.7175666,47.1141167],[28.7175698,47.1141168],[28.717572,47.1141167],[28.7175722,47.1141167],[28.7175732,47.1141175],[28.7175792,47.1141234],[28.7175811,47.1141251],[28.7175832,47.1141267],[28.7175856,47.1141281],[28.7175881,47.1141293],[28.7175904,47.1141303],[28.7175904,47.1141303],[28.7175915,47.1141312],[28.7175915,47.1141313],[28.7175932,47.1141331],[28.7175944,47.1141342],[28.7175968,47.1141365],[28.7175995,47.1141396],[28.7176009,47.1141411],[28.7176024,47.1141424],[28.7176059,47.1141453],[28.7176067,47.1141462],[28.7176078,47.1141472],[28.7176153,47.114155],[28.7176161,47.1141559],[28.7176178,47.1141576],[28.7176198,47.1141592],[28.7176201,47.1141593],[28.7176211,47.1141605],[28.7176234,47.1141625],[28.7176288,47.1141679],[28.7176299,47.1141692],[28.7176316,47.1141711],[28.7176336,47.1141729],[28.7176354,47.1141743],[28.7176356,47.1141746],[28.7176366,47.1141758],[28.717637,47.1141764],[28.7176384,47.1141783],[28.71764,47.11418],[28.7176418,47.1141817],[28.717642,47.1141818],[28.7176441,47.1141834],[28.7176449,47.1141839],[28.7176462,47.1141849],[28.7176694,47.1142077],[28.7176704,47.1142088],[28.717672,47.1142105],[28.7176738,47.1142121],[28.7176741,47.1142124],[28.7176784,47.1142166],[28.7176804,47.1142191],[28.717682,47.1142208],[28.7176838,47.1142224],[28.7176872,47.1142252],[28.7176923,47.1142306],[28.7176929,47.1142312],[28.7176953,47.1142334],[28.7176959,47.1142339],[28.7176992,47.1142371],[28.7177009,47.1142391],[28.7177026,47.1142408],[28.7177044,47.1142424],[28.7177055,47.1142433],[28.7177104,47.1142481],[28.7177113,47.1142491],[28.7177122,47.1142508],[28.7177135,47.1142527],[28.7177151,47.1142545],[28.7177169,47.1142562],[28.717719,47.1142577],[28.7177212,47.1142592],[28.7177222,47.1142597],[28.7177231,47.1142605],[28.7177296,47.114267],[28.7177301,47.1142677],[28.7177319,47.1142697],[28.717734,47.1142715],[28.7177352,47.1142724],[28.7177418,47.1142789],[28.7177419,47.114279],[28.7177436,47.1142809],[28.7177455,47.1142826],[28.7177457,47.1142828],[28.7177622,47.1142993],[28.7177645,47.1143014],[28.7177651,47.1143018],[28.7177692,47.1143058],[28.7177696,47.1143063],[28.7177715,47.1143084],[28.7177736,47.1143103],[28.7177757,47.1143123],[28.7177757,47.1143123],[28.7177775,47.1143142],[28.7177795,47.114316],[28.7177797,47.1143162],[28.7178905,47.1144252],[28.7178913,47.1144261],[28.7178914,47.1144272],[28.7178915,47.1144287],[28.7178917,47.1144308],[28.7178917,47.114431],[28.7178917,47.1144311],[28.7178916,47.1144333],[28.7178918,47.1144356],[28.7178921,47.1144369],[28.7178931,47.1144681],[28.717893,47.1144693],[28.7178929,47.1144715],[28.7178929,47.1144718],[28.7178931,47.114474],[28.7178931,47.114474],[28.7178931,47.1144743],[28.717893,47.1144765],[28.7178932,47.1144787],[28.7178935,47.11448],[28.7178947,47.1145168],[28.7178945,47.114518],[28.7178944,47.1145202],[28.7178945,47.1145205],[28.7178947,47.1145227],[28.7178947,47.1145228],[28.7178938,47.1145233],[28.7178933,47.1145235],[28.717892,47.114524],[28.717891,47.1145232],[28.7177977,47.1144314],[28.7177955,47.1144287],[28.7177938,47.1144268],[28.7177917,47.1144249],[28.7177908,47.1144243],[28.7177882,47.1144222],[28.717772,47.1144063],[28.7177715,47.1144056],[28.71777,47.1144039],[28.7177683,47.1144024],[28.7177679,47.114402],[28.7177677,47.1144017],[28.7177658,47.1143996],[28.7177637,47.1143977],[28.7177618,47.1143961],[28.7177462,47.1143808],[28.7177454,47.1143798],[28.7177449,47.1143788],[28.7177448,47.1143785],[28.717744,47.1143763],[28.7177429,47.1143742],[28.7177414,47.1143721],[28.7177396,47.1143702],[28.7177081,47.1143392],[28.7177063,47.1143375],[28.7177043,47.114336],[28.717702,47.1143347],[28.7177011,47.1143341],[28.7177,47.1143332],[28.7176981,47.1143317],[28.717696,47.1143304],[28.7176953,47.11433],[28.7176939,47.114329],[28.7176918,47.1143272],[28.7176906,47.1143258],[28.7176905,47.1143257],[28.7176891,47.1143239],[28.7176874,47.1143222],[28.7176863,47.1143213],[28.7176851,47.1143198],[28.7176832,47.1143179],[28.7176811,47.1143161],[28.7176811,47.1143161],[28.7176788,47.1143139],[28.717677,47.1143123],[28.7176753,47.114311],[28.717672,47.1143079],[28.7176712,47.1143069],[28.7176707,47.1143059],[28.7176695,47.1143039],[28.7176681,47.1143019],[28.7176664,47.1143001],[28.7176644,47.1142983],[28.7176622,47.1142967],[28.7176616,47.1142964],[28.7176602,47.1142953],[28.7176594,47.1142944],[28.717657,47.1142925],[28.7176554,47.1142914],[28.7176542,47.1142903],[28.7176537,47.1142897],[28.7176521,47.114288],[28.7176503,47.1142865],[28.7176447,47.114281],[28.7176436,47.1142798],[28.7176434,47.1142794],[28.717642,47.1142776],[28.7176404,47.1142758],[28.7176386,47.1142742],[28.7176368,47.1142729],[28.7176351,47.1142716],[28.7176343,47.1142707],[28.7176322,47.1142681],[28.7176308,47.1142666],[28.7176292,47.1142651],[28.7176288,47.1142648],[28.7176281,47.114264],[28.7176266,47.1142628],[28.7176243,47.114261],[28.7176155,47.1142523],[28.7176145,47.1142511],[28.7176128,47.1142492],[28.7176109,47.1142474],[28.7176089,47.1142459],[28.7175954,47.1142326],[28.7175951,47.1142321],[28.7175932,47.1142301],[28.7175911,47.1142282],[28.7175907,47.114228],[28.7175784,47.1142158],[28.717577,47.114214],[28.7175755,47.1142122],[28.7175738,47.1142106],[28.7175678,47.1142052],[28.7175672,47.1142046],[28.7175656,47.1142029],[28.7175638,47.1142014],[28.7175635,47.1142011],[28.7174916,47.1141302],[28.71749,47.1141288],[28.7174815,47.1141205],[28.7174807,47.1141195]]]}},{"type":"Feature","id":44,"properties":{"vineyard_id":"V44","farm_id":"F27","area_m2":5007.461,"n_parcels":8,"cadastral_codes":["80371150179","80371150201","80371150202","80371150203","80371150204","80371150251","80371150252","80371150253"],"landuse_counts":{"Teren pentru grădini":7,"NEDETERMINAT":1}},"geometry":{"type":"Polygon","coordinates":[[[28.7155561,47.1141439],[28.7155582,47.1141427],[28.7155605,47.1141412],[28.7155626,47.1141396],[28.7155644,47.1141378],[28.7155657,47.1141362],[28.7155658,47.1141361],[28.7155668,47.1141354],[28.7155693,47.1141342],[28.7155718,47.1141327],[28.715574,47.1141311],[28.7155761,47.1141294],[28.7155768,47.1141286],[28.715578,47.1141274],[28.7155793,47.1141266],[28.71558,47.1141263],[28.7155823,47.1141252],[28.7155847,47.1141239],[28.7155869,47.1141225],[28.7155892,47.1141208],[28.7155913,47.1141192],[28.7155931,47.1141174],[28.7155947,47.1141155],[28.715596,47.1141135],[28.715597,47.1141114],[28.7155977,47.1141093],[28.715598,47.1141071],[28.7155981,47.1141049],[28.7155979,47.1141027],[28.7155974,47.1141006],[28.7155965,47.1140984],[28.7155954,47.1140964],[28.7155941,47.1140947],[28.7155937,47.114094],[28.7155937,47.1140935],[28.7155934,47.1140909],[28.7155934,47.1140909],[28.7155934,47.1140903],[28.7155945,47.1140895],[28.7156019,47.1140852],[28.7156033,47.1140846],[28.7156044,47.1140842],[28.7156074,47.1140833],[28.7156102,47.1140822],[28.7156128,47.1140809],[28.7156152,47.1140795],[28.7156175,47.1140778],[28.7156194,47.1140761],[28.7156211,47.1140742],[28.7156212,47.1140741],[28.7156215,47.1140737],[28.7156233,47.1140722],[28.7156404,47.1140603],[28.7156428,47.1140584],[28.7156446,47.1140566],[28.7156473,47.1140543],[28.7156556,47.1140488],[28.715658,47.1140471],[28.71566,47.1140453],[28.7156743,47.114031],[28.7156758,47.1140293],[28.7156771,47.1140276],[28.7156776,47.1140267],[28.7156785,47.1140259],[28.7156801,47.1140246],[28.7156829,47.114022],[28.7156839,47.1140209],[28.7156847,47.1140203],[28.7156868,47.1140185],[28.7156887,47.1140166],[28.7156902,47.1140146],[28.7156915,47.1140125],[28.7156915,47.1140124],[28.7156915,47.1140124],[28.7156933,47.1140109],[28.7156949,47.1140092],[28.7156964,47.1140074],[28.7156975,47.1140055],[28.7156979,47.1140048],[28.7156988,47.1140036],[28.7157073,47.1139942],[28.7157086,47.1139927],[28.7157097,47.1139911],[28.715711,47.1139891],[28.7157118,47.1139881],[28.715713,47.1139869],[28.7157145,47.1139852],[28.7157158,47.1139833],[28.715716,47.1139829],[28.7157168,47.1139819],[28.7157181,47.1139808],[28.7157196,47.113979],[28.7157209,47.1139772],[28.7157211,47.1139768],[28.7157218,47.1139759],[28.7157225,47.1139753],[28.7157246,47.1139734],[28.7157263,47.1139713],[28.7157306,47.1139655],[28.7157313,47.1139646],[28.715732,47.1139641],[28.7157341,47.1139623],[28.7157359,47.1139604],[28.7157374,47.1139584],[28.7157386,47.1139563],[28.7157387,47.1139562],[28.7157407,47.1139545],[28.7157425,47.113953],[28.7157441,47.1139514],[28.7157446,47.1139507],[28.7157482,47.1139468],[28.7157492,47.113946],[28.7157492,47.1139459],[28.7157518,47.1139448],[28.7157544,47.1139433],[28.7157569,47.1139416],[28.715759,47.1139397],[28.7157603,47.1139383],[28.7157616,47.1139373],[28.7157649,47.1139352],[28.7157662,47.1139345],[28.7157666,47.1139344],[28.7157683,47.1139341],[28.7157714,47.1139331],[28.7157745,47.113932],[28.7157773,47.1139307],[28.7157799,47.1139291],[28.7158154,47.113906],[28.7158173,47.1139046],[28.7158191,47.1139031],[28.7158207,47.1139015],[28.7158254,47.1138963],[28.7158281,47.113894],[28.7158285,47.1138937],[28.7158302,47.1138929],[28.7158314,47.1138924],[28.715834,47.1138911],[28.7158365,47.1138897],[28.7158388,47.1138881],[28.7158408,47.1138864],[28.7158424,47.1138847],[28.7158427,47.1138844],[28.7158444,47.1138827],[28.7158459,47.1138808],[28.7158471,47.1138789],[28.715848,47.1138768],[28.7158487,47.1138748],[28.715849,47.1138727],[28.7158491,47.1138706],[28.715849,47.113867],[28.7158491,47.1138659],[28.7158494,47.1138657],[28.7158501,47.1138653],[28.7158521,47.1138637],[28.7158539,47.1138621],[28.7158554,47.1138603],[28.7158561,47.1138594],[28.7158573,47.1138584],[28.7158587,47.113857],[28.7158601,47.1138556],[28.715872,47.1138415],[28.7158734,47.1138397],[28.7158745,47.1138379],[28.7158752,47.1138368],[28.715876,47.1138362],[28.7158784,47.1138337],[28.715879,47.113833],[28.7158792,47.1138328],[28.715881,47.1138311],[28.7158826,47.1138292],[28.7158839,47.1138273],[28.7158843,47.1138265],[28.7158854,47.1138257],[28.7158869,47.1138249],[28.7158893,47.1138234],[28.7158915,47.1138217],[28.7158934,47.1138199],[28.715895,47.1138179],[28.7158953,47.1138175],[28.7158966,47.1138158],[28.7158977,47.1138151],[28.7158984,47.1138147],[28.7158998,47.1138142],[28.715901,47.1138139],[28.7159032,47.1138135],[28.7159061,47.1138127],[28.7159088,47.1138118],[28.7159115,47.1138106],[28.7159139,47.1138093],[28.7159686,47.1137778],[28.7159709,47.1137764],[28.7159729,47.1137749],[28.7159747,47.1137732],[28.7159763,47.1137715],[28.7159776,47.1137696],[28.7159781,47.1137689],[28.7159788,47.1137684],[28.7159797,47.113768],[28.7159798,47.113768],[28.7159829,47.1137674],[28.7159859,47.1137666],[28.7159889,47.1137657],[28.7159916,47.1137645],[28.7159942,47.1137632],[28.7160728,47.1137179],[28.7160752,47.1137164],[28.7160773,47.1137148],[28.7160792,47.113713],[28.7160808,47.1137111],[28.7160822,47.1137091],[28.7160832,47.113707],[28.716084,47.1137049],[28.7160844,47.1137028],[28.7160846,47.1137006],[28.7160844,47.1136984],[28.7160839,47.1136962],[28.7160831,47.1136941],[28.716082,47.113692],[28.7160806,47.1136901],[28.716079,47.1136882],[28.7160771,47.1136864],[28.7160749,47.1136848],[28.7160726,47.1136833],[28.71607,47.113682],[28.7160673,47.1136809],[28.7160644,47.11368],[28.7160614,47.1136792],[28.7160583,47.1136787],[28.7160551,47.1136783],[28.7160519,47.1136782],[28.7160487,47.1136783],[28.7160461,47.1136785],[28.7160433,47.1136787],[28.7160413,47.1136788],[28.7160398,47.1136787],[28.7160403,47.1136778],[28.716044,47.113672],[28.7160452,47.1136706],[28.7160456,47.1136703],[28.7160475,47.1136683],[28.716049,47.1136666],[28.7160517,47.1136667],[28.7160549,47.1136668],[28.7160581,47.1136667],[28.7160612,47.1136664],[28.7160643,47.1136659],[28.7160673,47.1136652],[28.7160701,47.1136643],[28.7160729,47.1136632],[28.7160754,47.1136619],[28.7160778,47.1136605],[28.71608,47.1136589],[28.7160819,47.1136572],[28.7160836,47.1136554],[28.7160839,47.113655],[28.7160855,47.1136535],[28.716087,47.1136518],[28.7160883,47.1136501],[28.716089,47.1136491],[28.7160897,47.1136485],[28.7160916,47.1136465],[28.7160926,47.1136452],[28.716093,47.1136448],[28.7160937,47.1136442],[28.7160954,47.1136427],[28.7160969,47.1136411],[28.7161007,47.1136365],[28.7161027,47.1136346],[28.716104,47.1136333],[28.7161079,47.113629],[28.7161084,47.1136286],[28.7161099,47.1136268],[28.7161113,47.113625],[28.7161119,47.1136241],[28.7161129,47.1136231],[28.716114,47.1136223],[28.7161158,47.1136208],[28.7161173,47.1136193],[28.716118,47.1136185],[28.7161182,47.1136184],[28.71612,47.1136166],[28.7161216,47.1136146],[28.7161229,47.1136126],[28.7161232,47.113612],[28.7161243,47.1136112],[28.7161246,47.113611],[28.7161268,47.1136095],[28.7161289,47.1136079],[28.7161307,47.1136061],[28.7161345,47.113602],[28.7161375,47.1135996],[28.7161472,47.1135937],[28.7161504,47.1135921],[28.7161525,47.1135909],[28.7161545,47.1135896],[28.7161552,47.1135891],[28.716157,47.1135879],[28.7161587,47.113587],[28.7161604,47.1135858],[28.7161622,47.1135848],[28.7161638,47.113584],[28.716166,47.1135829],[28.7161681,47.1135816],[28.7161701,47.1135801],[28.7161712,47.1135792],[28.7162371,47.1135394],[28.7162386,47.1135387],[28.7162402,47.1135385],[28.7162431,47.1135381],[28.7162458,47.1135375],[28.7162464,47.1135373],[28.7162469,47.1135373],[28.7162474,47.1135373],[28.7162475,47.1135373],[28.7162503,47.1135373],[28.716253,47.1135372],[28.7162543,47.1135372],[28.7162805,47.1135372],[28.7162813,47.1135372],[28.7162856,47.1135373],[28.7162888,47.1135373],[28.7162916,47.1135373],[28.7162944,47.1135372],[28.7162957,47.1135372],[28.7163281,47.1135371],[28.7163282,47.1135371],[28.7163327,47.1135373],[28.7163363,47.1135372],[28.7163369,47.1135372],[28.7163396,47.1135373],[28.7163424,47.1135372],[28.7163432,47.1135371],[28.7163948,47.1135371],[28.7163958,47.1135372],[28.716399,47.1135373],[28.7164007,47.1135372],[28.716404,47.1135372],[28.7164067,47.1135373],[28.7164102,47.1135371],[28.7164107,47.1135371],[28.7164416,47.1135371],[28.7164433,47.1135372],[28.7164447,47.1135378],[28.7164463,47.1135385],[28.7164491,47.1135402],[28.7164496,47.1135405],[28.7164524,47.1135424],[28.7164545,47.1135437],[28.7164545,47.1135437],[28.7164713,47.1135553],[28.7164714,47.1135554],[28.716474,47.1135574],[28.7164774,47.1135597],[28.716479,47.1135607],[28.7164997,47.113575],[28.7165014,47.1135763],[28.7165055,47.1135791],[28.7165068,47.1135799],[28.7165096,47.1135818],[28.7165115,47.113583],[28.7165134,47.1135841],[28.7165147,47.1135847],[28.7165149,47.1135858],[28.7165152,47.1135962],[28.7165151,47.1135984],[28.7165151,47.1135987],[28.7165153,47.1136031],[28.7165155,47.1136052],[28.7165155,47.1136054],[28.7165162,47.1136276],[28.7165162,47.1136279],[28.7165161,47.1136298],[28.7165161,47.1136298],[28.7165161,47.1136299],[28.7165161,47.11363],[28.7165161,47.1136301],[28.7165162,47.1136343],[28.7165165,47.1136367],[28.7165165,47.1136368],[28.7165173,47.1136614],[28.7165173,47.1136618],[28.7165172,47.1136638],[28.7165173,47.1136647],[28.7165173,47.1136668],[28.7165172,47.1136675],[28.7165172,47.1136676],[28.7165172,47.1136694],[28.7165174,47.1136712],[28.7165177,47.1136727],[28.7165178,47.1136782],[28.7165181,47.1136804],[28.7165186,47.1136826],[28.7165194,47.1136847],[28.7165206,47.1136867],[28.716522,47.1136886],[28.7165236,47.1136905],[28.7165256,47.1136922],[28.7165277,47.1136938],[28.7165301,47.1136953],[28.7165327,47.1136965],[28.7165354,47.1136977],[28.7165383,47.1136986],[28.7165413,47.1136993],[28.7165444,47.1136998],[28.7165476,47.1137001],[28.7165508,47.1137002],[28.716554,47.1137001],[28.7165571,47.1136998],[28.7165602,47.1136993],[28.7165632,47.1136986],[28.7165661,47.1136977],[28.7165689,47.1136965],[28.7165714,47.1136953],[28.7165721,47.1136949],[28.7165735,47.1136943],[28.7165752,47.1136938],[28.7165783,47.1136929],[28.7165812,47.1136917],[28.7165838,47.1136904],[28.7165863,47.1136889],[28.7165886,47.1136872],[28.7165906,47.1136854],[28.7165916,47.1136843],[28.7165928,47.1136836],[28.7166022,47.1136783],[28.7166031,47.1136779],[28.7166057,47.1136766],[28.7166081,47.1136751],[28.71661,47.1136738],[28.7166117,47.1136729],[28.716612,47.1136728],[28.7166142,47.1136717],[28.7166158,47.1136708],[28.7166159,47.1136707],[28.7166174,47.1136705],[28.7166202,47.1136704],[28.7166234,47.1136701],[28.716627,47.1136702],[28.7166315,47.11367],[28.716632,47.1136699],[28.7166405,47.1136698],[28.7166421,47.1136699],[28.7166423,47.1136701],[28.7166431,47.113671],[28.7166451,47.1136728],[28.7166473,47.1136745],[28.7166551,47.1136798],[28.7166566,47.113681],[28.7166605,47.1136837],[28.7166624,47.1136848],[28.7166802,47.1136971],[28.7166824,47.1136987],[28.7166857,47.113701],[28.7166879,47.1137024],[28.716688,47.1137024],[28.7166935,47.1137062],[28.7166959,47.1137077],[28.7166984,47.113709],[28.7167011,47.1137101],[28.716704,47.1137111],[28.716707,47.1137118],[28.7167101,47.1137124],[28.7167132,47.1137127],[28.7167164,47.1137128],[28.7167196,47.1137128],[28.7167227,47.1137125],[28.7167258,47.113712],[28.7167289,47.1137113],[28.7167318,47.1137104],[28.7167334,47.1137098],[28.7167336,47.1137097],[28.7167337,47.1137098],[28.7167355,47.113711],[28.7167374,47.1137121],[28.7167388,47.1137128],[28.7167414,47.113714],[28.7167441,47.1137151],[28.716747,47.113716],[28.71675,47.1137167],[28.716753,47.1137171],[28.7167561,47.1137174],[28.7167593,47.1137175],[28.7167624,47.1137174],[28.7167655,47.1137171],[28.7167686,47.1137165],[28.7167715,47.1137158],[28.7167744,47.1137149],[28.7167771,47.1137138],[28.7167796,47.1137125],[28.7168325,47.1136835],[28.7168348,47.1136821],[28.7168369,47.1136806],[28.7168388,47.1136789],[28.7168404,47.1136772],[28.7168418,47.1136753],[28.7168425,47.1136742],[28.7168442,47.1136716],[28.7168456,47.1136691],[28.7168465,47.1136668],[28.7168481,47.1136667],[28.7168506,47.1136666],[28.7168532,47.1136668],[28.7168565,47.1136668],[28.7168572,47.1136668],[28.7168598,47.1136667],[28.7168625,47.1136666],[28.7168631,47.1136666],[28.7168665,47.1136666],[28.7168712,47.1136664],[28.7168718,47.1136663],[28.7169128,47.1136657],[28.7169141,47.1136658],[28.7169171,47.1136658],[28.71692,47.1136657],[28.7169201,47.1136657],[28.716924,47.1136657],[28.7169285,47.1136655],[28.716929,47.1136655],[28.7169469,47.1136652],[28.7169484,47.1136653],[28.7169488,47.1136656],[28.7169488,47.1136656],[28.7169507,47.1136672],[28.7169528,47.1136687],[28.7169564,47.1136709],[28.7169583,47.1136721],[28.7169604,47.1136731],[28.716963,47.1136743],[28.7169634,47.1136746],[28.7169662,47.1136763],[28.7169693,47.1136778],[28.7169698,47.113678],[28.7169702,47.1136783],[28.7169725,47.1136796],[28.716975,47.1136808],[28.7169753,47.113681],[28.716977,47.1136819],[28.7169845,47.1136867],[28.7169865,47.1136878],[28.7169886,47.1136889],[28.7169904,47.1136897],[28.7169907,47.1136898],[28.7169933,47.1136912],[28.7169961,47.1136929],[28.7169986,47.1136943],[28.7170012,47.1136956],[28.7170023,47.113696],[28.7170036,47.1136967],[28.7170063,47.113698],[28.7170072,47.1136983],[28.7170089,47.1136992],[28.7170138,47.1137023],[28.717016,47.1137036],[28.7170183,47.1137047],[28.7170187,47.1137048],[28.7170206,47.1137057],[28.7170228,47.1137072],[28.7170253,47.1137088],[28.7170281,47.1137102],[28.7170314,47.1137117],[28.717032,47.113712],[28.7170342,47.1137132],[28.7170365,47.1137143],[28.717038,47.1137149],[28.7170395,47.1137157],[28.7170457,47.1137197],[28.7170484,47.1137213],[28.7170514,47.1137227],[28.717052,47.1137229],[28.7170539,47.1137239],[28.7170571,47.1137259],[28.7170592,47.1137271],[28.7170615,47.1137282],[28.7170667,47.1137306],[28.7170705,47.1137327],[28.7170713,47.1137333],[28.7170736,47.1137346],[28.7170751,47.1137353],[28.7170756,47.1137356],[28.7170768,47.1137363],[28.7170773,47.1137366],[28.7170773,47.1137369],[28.7170771,47.1137378],[28.7170769,47.11374],[28.717077,47.1137422],[28.7170775,47.1137444],[28.7170783,47.1137466],[28.7170794,47.1137486],[28.7170807,47.1137507],[28.7170824,47.1137526],[28.7170843,47.1137543],[28.7170888,47.1137581],[28.717089,47.1137583],[28.7170909,47.11376],[28.7170919,47.1137608],[28.7170921,47.113761],[28.7170917,47.1137614],[28.7170907,47.1137621],[28.7170885,47.1137643],[28.717088,47.1137649],[28.7170877,47.1137651],[28.7170865,47.1137657],[28.7170841,47.1137672],[28.7170827,47.1137682],[28.7170823,47.1137685],[28.7170807,47.1137691],[28.7170782,47.1137704],[28.7170759,47.1137718],[28.7170737,47.1137733],[28.7170719,47.113775],[28.7170706,47.1137762],[28.7170695,47.1137769],[28.7169965,47.1138177],[28.7169962,47.1138178],[28.7169937,47.1138191],[28.7169913,47.1138205],[28.7169911,47.1138207],[28.716902,47.1138701],[28.716902,47.1138701],[28.7168993,47.1138714],[28.7168969,47.1138729],[28.7168966,47.1138731],[28.7168874,47.1138782],[28.7168849,47.1138794],[28.7168822,47.1138807],[28.7168797,47.1138823],[28.7168772,47.113884],[28.7168764,47.1138844],[28.7168761,47.1138846],[28.7168729,47.1138863],[28.7168726,47.1138864],[28.7168719,47.1138868],[28.7168697,47.1138879],[28.7168676,47.1138892],[28.7168667,47.1138898],[28.7168637,47.1138915],[28.7168629,47.1138918],[28.7168604,47.113893],[28.7168582,47.1138944],[28.7168565,47.1138955],[28.7168556,47.1138959],[28.7168546,47.1138965],[28.7168483,47.1139],[28.7168474,47.1139003],[28.7168445,47.1139018],[28.7168419,47.1139034],[28.7168399,47.1139047],[28.7168346,47.1139076],[28.7168328,47.1139085],[28.7168302,47.11391],[28.7168287,47.113911],[28.7168268,47.113912],[28.716824,47.1139134],[28.7168233,47.1139139],[28.7168233,47.1139138],[28.7168209,47.1139152],[28.716819,47.1139162],[28.7168172,47.1139173],[28.716817,47.1139175],[28.7168114,47.1139205],[28.7168113,47.1139205],[28.7168084,47.113922],[28.7168066,47.1139231],[28.7168066,47.1139231],[28.7168039,47.1139248],[28.716802,47.1139258],[28.7167992,47.1139272],[28.7167965,47.1139289],[28.7167964,47.1139289],[28.71678,47.1139381],[28.7167799,47.1139381],[28.7167772,47.1139395],[28.7167746,47.113941],[28.7167744,47.1139412],[28.7167494,47.113955],[28.7167489,47.1139552],[28.7167466,47.1139564],[28.7167452,47.1139573],[28.716741,47.1139596],[28.7167383,47.1139612],[28.7167379,47.1139615],[28.7167302,47.1139658],[28.7167287,47.1139664],[28.7167261,47.1139677],[28.7167236,47.1139692],[28.7167218,47.1139704],[28.7166995,47.1139829],[28.7166992,47.113983],[28.7166969,47.1139841],[28.7166947,47.1139853],[28.7166935,47.1139862],[28.7166628,47.1140033],[28.7166623,47.1140035],[28.71666,47.1140046],[28.7166587,47.1140054],[28.7166559,47.1140068],[28.7166533,47.1140083],[28.7166515,47.1140095],[28.7166486,47.1140111],[28.7166459,47.1140124],[28.7166431,47.1140141],[28.7166425,47.1140145],[28.7166308,47.114021],[28.7166304,47.1140212],[28.7166281,47.1140223],[28.7166259,47.1140236],[28.7166238,47.1140249],[28.7166134,47.1140304],[28.7166108,47.114032],[28.7166091,47.1140331],[28.7165813,47.1140482],[28.7165796,47.1140491],[28.7165771,47.1140506],[28.7165741,47.1140525],[28.7165478,47.1140671],[28.7165469,47.1140675],[28.7165439,47.114069],[28.7165412,47.1140707],[28.7165402,47.1140715],[28.716538,47.1140732],[28.7165362,47.114075],[28.7165346,47.1140769],[28.7165332,47.1140789],[28.7165322,47.114081],[28.7165315,47.1140832],[28.7165311,47.1140853],[28.716531,47.1140876],[28.7165316,47.1141075],[28.7165316,47.1141079],[28.7165315,47.1141099],[28.7165316,47.1141109],[28.7165316,47.1141135],[28.7165316,47.1141138],[28.7165314,47.1141155],[28.7165304,47.1141162],[28.7165181,47.114123],[28.7165166,47.1141237],[28.7165148,47.1141242],[28.7165123,47.1141247],[28.7165095,47.1141254],[28.7165069,47.1141263],[28.7165044,47.1141273],[28.7165021,47.1141285],[28.7164958,47.114132],[28.7164945,47.1141326],[28.7164914,47.1141326],[28.7164869,47.1141328],[28.7164863,47.1141328],[28.7164401,47.1141335],[28.7164367,47.1141337],[28.7164334,47.1141341],[28.7164301,47.1141347],[28.716427,47.1141356],[28.716424,47.1141367],[28.7164212,47.114138],[28.7164198,47.1141387],[28.7164188,47.114139],[28.7164163,47.1141402],[28.7164139,47.1141415],[28.7164116,47.1141429],[28.7164103,47.1141439],[28.7164089,47.1141448],[28.7164075,47.1141454],[28.7164047,47.1141464],[28.7164019,47.1141476],[28.7163993,47.114149],[28.7163969,47.1141506],[28.7163967,47.1141508],[28.7163946,47.1141524],[28.7163938,47.1141528],[28.7163911,47.1141543],[28.7163894,47.1141554],[28.7163869,47.1141571],[28.716386,47.1141575],[28.7163834,47.1141586],[28.7163807,47.1141599],[28.7163782,47.1141613],[28.7163762,47.1141627],[28.7163747,47.1141634],[28.7163726,47.1141643],[28.71637,47.1141654],[28.7163676,47.1141667],[28.7163653,47.1141681],[28.7163633,47.1141697],[28.7163619,47.1141708],[28.7163607,47.1141716],[28.7163557,47.1141739],[28.7163549,47.1141742],[28.7163521,47.1141755],[28.7163495,47.1141771],[28.7163471,47.1141788],[28.716347,47.114179],[28.7163453,47.1141802],[28.7163442,47.1141808],[28.7163428,47.1141814],[28.7163396,47.1141823],[28.7163368,47.1141832],[28.716334,47.1141844],[28.7163315,47.1141856],[28.7163291,47.114187],[28.716327,47.1141886],[28.7163251,47.1141903],[28.7163242,47.1141913],[28.716324,47.1141914],[28.7163219,47.1141926],[28.71632,47.114194],[28.7163193,47.1141945],[28.7163175,47.1141955],[28.7163144,47.1141967],[28.7163118,47.114198],[28.7163095,47.1141993],[28.7163095,47.1141993],[28.7163074,47.1141998],[28.7163044,47.1142007],[28.7163016,47.1142017],[28.7162989,47.114203],[28.7162964,47.1142044],[28.7162941,47.114206],[28.716292,47.1142077],[28.7162903,47.1142095],[28.7162887,47.1142115],[28.7162887,47.1142116],[28.7162877,47.1142123],[28.7162578,47.1142289],[28.716257,47.1142293],[28.7162544,47.1142305],[28.716252,47.114232],[28.7162512,47.1142326],[28.7162475,47.1142346],[28.7162457,47.1142355],[28.7162427,47.114237],[28.71624,47.1142387],[28.7162399,47.1142388],[28.7162327,47.1142428],[28.7162301,47.1142441],[28.7162271,47.1142452],[28.7162247,47.1142462],[28.7162224,47.1142473],[28.7162203,47.1142485],[28.7162181,47.1142499],[28.7162155,47.1142513],[28.7162134,47.1142523],[28.7162107,47.1142539],[28.7162083,47.1142557],[28.7162066,47.1142572],[28.7162053,47.1142581],[28.7161845,47.1142697],[28.7161809,47.1142713],[28.7161785,47.1142725],[28.7161762,47.1142739],[28.7161758,47.1142742],[28.7161737,47.1142753],[28.7161714,47.1142767],[28.7161703,47.1142773],[28.7161696,47.1142777],[28.7161669,47.1142793],[28.7161662,47.1142798],[28.7161596,47.1142835],[28.7161592,47.1142837],[28.7161567,47.114285],[28.7161556,47.1142856],[28.7161479,47.11429],[28.7161466,47.1142906],[28.7161437,47.1142914],[28.7161407,47.1142924],[28.7161378,47.1142936],[28.7161352,47.114295],[28.7161328,47.1142966],[28.7161306,47.1142983],[28.7161286,47.1143002],[28.7161282,47.1143007],[28.7161278,47.114301],[28.7161268,47.1143017],[28.7161236,47.1143032],[28.7161207,47.1143049],[28.7161192,47.114306],[28.7160939,47.11432],[28.7160926,47.1143206],[28.7160898,47.114322],[28.7160885,47.1143229],[28.7160856,47.1143245],[28.716084,47.1143253],[28.7160817,47.1143267],[28.716081,47.1143272],[28.7160337,47.1143536],[28.7160334,47.1143537],[28.7160307,47.1143551],[28.7160305,47.1143552],[28.7160305,47.1143552],[28.7160222,47.1143599],[28.7160195,47.1143611],[28.7160172,47.1143623],[28.716015,47.1143636],[28.7160129,47.1143649],[28.7160034,47.1143699],[28.7160015,47.1143708],[28.7159662,47.1143908],[28.7159645,47.1143917],[28.7159621,47.1143932],[28.7159618,47.1143934],[28.7158716,47.1144437],[28.7158714,47.1144438],[28.7158702,47.1144443],[28.7158693,47.1144436],[28.7158684,47.1144429],[28.7158677,47.1144422],[28.7158676,47.1144421],[28.7158676,47.1144421],[28.7158675,47.1144405],[28.7158676,47.1144401],[28.7158674,47.1144379],[28.7158666,47.1144141],[28.7158666,47.1144137],[28.7158667,47.1144118],[28.7158666,47.1144107],[28.7158666,47.1144105],[28.7158666,47.1144094],[28.7158665,47.1144084],[28.7158665,47.1144069],[28.7158663,47.1144052],[28.7158656,47.1143835],[28.7158656,47.1143831],[28.7158657,47.1143811],[28.7158656,47.11438],[28.7158656,47.1143777],[28.7158654,47.1143748],[28.7158653,47.1143745],[28.7158646,47.1143523],[28.7158646,47.1143519],[28.7158647,47.11435],[28.7158646,47.1143488],[28.7158646,47.1143465],[28.7158644,47.1143436],[28.7158643,47.1143433],[28.7158636,47.1143206],[28.7158636,47.1143203],[28.7158637,47.1143183],[28.7158636,47.1143172],[28.7158636,47.1143148],[28.7158634,47.114312],[28.7158633,47.1143116],[28.7158626,47.1142911],[28.7158627,47.1142907],[28.7158627,47.1142887],[28.7158626,47.1142876],[28.7158627,47.1142853],[28.7158624,47.1142824],[28.7158623,47.1142821],[28.7158617,47.114261],[28.7158617,47.1142608],[28.7158618,47.1142587],[28.7158617,47.1142579],[28.7158617,47.1142573],[28.7158617,47.1142572],[28.7158617,47.1142548],[28.7158614,47.1142521],[28.7158614,47.114252],[28.7158607,47.1142307],[28.7158607,47.1142303],[28.7158608,47.1142283],[28.7158606,47.1142263],[28.7158606,47.1142261],[28.7158605,47.114226],[28.7158604,47.1142225],[28.7158604,47.1142224],[28.7158596,47.1141973],[28.7158597,47.1141969],[28.7158597,47.114195],[28.7158596,47.1141939],[28.7158596,47.1141915],[28.7158594,47.1141886],[28.7158593,47.1141883],[28.7158586,47.1141672],[28.7158587,47.1141668],[28.7158588,47.1141648],[28.7158586,47.1141629],[28.7158581,47.1141609],[28.7158581,47.1141608],[28.7158573,47.1141587],[28.7158562,47.1141566],[28.7158548,47.1141545],[28.7158531,47.1141526],[28.7158511,47.1141508],[28.7158489,47.1141492],[28.7158464,47.1141477],[28.7158438,47.1141464],[28.7158409,47.1141453],[28.7158379,47.1141443],[28.7158348,47.1141436],[28.7158316,47.1141431],[28.7158284,47.1141428],[28.7158251,47.1141428],[28.7157796,47.1141434],[28.7157793,47.1141434],[28.715774,47.1141435],[28.7157729,47.1141435],[28.7157721,47.1141434],[28.7157708,47.1141434],[28.715768,47.1141434],[28.7157652,47.1141436],[28.7157637,47.1141437],[28.7157279,47.1141442],[28.7157272,47.1141442],[28.7157241,47.1141441],[28.7157219,47.1141442],[28.7157209,47.1141442],[28.7157203,47.1141442],[28.7157186,47.1141442],[28.7157184,47.1141442],[28.7157177,47.1141442],[28.715715,47.1141442],[28.7157122,47.1141444],[28.7157117,47.1141445],[28.7156709,47.1141451],[28.7156677,47.114145],[28.7156657,47.114145],[28.715665,47.1141451],[28.7156638,47.1141451],[28.715663,47.1141451],[28.7156625,47.1141447],[28.7156622,47.1141445],[28.715661,47.1141434],[28.715661,47.1141428],[28.7156612,47.1141423],[28.7156621,47.1141411],[28.7156633,47.1141391],[28.7156642,47.114137],[28.7156648,47.1141349],[28.7156652,47.1141327],[28.7156652,47.1141305],[28.7156649,47.1141283],[28.7156643,47.1141262],[28.7156634,47.1141241],[28.7156621,47.114122],[28.7156607,47.1141201],[28.7156589,47.1141183],[28.7156569,47.1141166],[28.7156546,47.114115],[28.7156522,47.1141136],[28.7156495,47.1141124],[28.7156467,47.1141113],[28.7156438,47.1141104],[28.7156407,47.1141098],[28.7156376,47.1141093],[28.7156344,47.1141091],[28.7156312,47.114109],[28.715628,47.1141092],[28.7156249,47.1141096],[28.7156218,47.1141102],[28.7156188,47.114111],[28.7156159,47.114112],[28.7156132,47.1141132],[28.7156123,47.1141136],[28.7156114,47.1141139],[28.7156089,47.1141149],[28.7156066,47.1141161],[28.7156044,47.1141174],[28.7156043,47.1141175],[28.7156027,47.1141183],[28.7156003,47.1141198],[28.7155981,47.1141214],[28.7155961,47.1141231],[28.7155958,47.1141234],[28.7155947,47.1141241],[28.7155896,47.1141269],[28.7155876,47.1141281],[28.7155858,47.1141293],[28.7155841,47.1141306],[28.7155806,47.1141324],[28.7155783,47.1141337],[28.7155762,47.1141351],[28.7155739,47.1141367],[28.7155708,47.1141385],[28.7155697,47.1141391],[28.7155691,47.1141392],[28.7155663,47.1141398],[28.7155636,47.1141406],[28.7155609,47.1141416],[28.7155585,47.1141427],[28.7155561,47.1141439]]]}}]}