{"type":"FeatureCollection","features":[{"type":"Feature","id":1,"properties":{"road_id":"D0001","road_class":"public","highway":"residential","name":"Strada Mihai Eminescu","surface":"paved","farm_id":null,"length_m":521.53,"source":"osm","cadastral":true},"geometry":{"type":"LineString","coordinates":[[28.7132701,47.1303738],[28.7130979,47.1302757],[28.7127471,47.1299891],[28.712598,47.1298465],[28.7123243,47.129541],[28.7120569,47.1292478],[28.7119342,47.129119],[28.7111394,47.1282407],[28.7109522,47.1280176],[28.7106228,47.1276825],[28.7097537,47.1268193],[28.7095472,47.126604],[28.7094782,47.1264768]]}},{"type":"Feature","id":2,"properties":{"road_id":"D0002","road_class":"public","highway":"residential","name":"Strada Grigore Ureche","surface":"ground","farm_id":null,"length_m":435.73,"source":"osm","cadastral":true},"geometry":{"type":"LineString","coordinates":[[28.7095291,47.1309697],[28.7096531,47.1310242],[28.7099469,47.1311606],[28.7101483,47.1312731],[28.7102929,47.1313339],[28.7105262,47.1314142],[28.7106228,47.1314526],[28.7107044,47.1314919],[28.7107408,47.1315474],[28.7107623,47.1316332],[28.7107918,47.1319197],[28.7107991,47.1319725],[28.7108293,47.1320073],[28.7109125,47.1320273],[28.7110549,47.1320333],[28.7113416,47.1319288],[28.7114574,47.1318932],[28.7115722,47.1318845],[28.7117627,47.1319014],[28.7120404,47.131969],[28.7121516,47.1319927],[28.7122831,47.1320073],[28.7125459,47.1320128],[28.7127126,47.1320306],[28.7129268,47.1321095],[28.7130766,47.1321397],[28.7132523,47.1321467],[28.7134284,47.1321259],[28.7136519,47.1320882],[28.7142273,47.1319447]]}},{"type":"Feature","id":3,"properties":{"road_id":"D0003","road_class":"public","highway":"residential","name":"Strada Școlii","surface":"cobblestone","farm_id":null,"length_m":150.09,"source":"osm","cadastral":true},"geometry":{"type":"LineString","coordinates":[[28.7111394,47.1282407],[28.7109165,47.128428],[28.7107561,47.1285744],[28.7101979,47.129084],[28.7099591,47.1293238]]}},{"type":"Feature","id":4,"properties":{"road_id":"D0004","road_class":"public","highway":"residential","name":"Strada Mihai Viteazu","surface":"ground","farm_id":null,"length_m":335.54,"source":"osm","cadastral":true},"geometry":{"type":"LineString","coordinates":[[28.7099591,47.1293238],[28.7098154,47.1293029],[28.7096089,47.1292628],[28.7091656,47.1291374],[28.7086128,47.1289944],[28.708182,47.1288632],[28.7080086,47.1288078],[28.7073424,47.1285894],[28.7069511,47.1284807],[28.706305,47.1283516],[28.7058356,47.1282497]]}},{"type":"Feature","id":5,"properties":{"road_id":"D0005","road_class":"public","highway":"residential","name":"Strada Petru Rareș","surface":"unpaved","farm_id":null,"length_m":368.73,"source":"osm","cadastral":true},"geometry":{"type":"LineString","coordinates":[[28.7058356,47.1282497],[28.7058887,47.1280894],[28.7060603,47.1275365],[28.7061038,47.1273989],[28.7063228,47.1267006],[28.7066822,47.1256677],[28.7067175,47.1255619],[28.7067336,47.1254123],[28.7067676,47.1250873],[28.7067932,47.1250021]]}},{"type":"Feature","id":6,"properties":{"road_id":"D0006","road_class":"public","highway":"residential","name":"Strada Decebal","surface":null,"farm_id":null,"length_m":835.84,"source":"osm","cadastral":true},"geometry":{"type":"LineString","coordinates":[[28.7207839,47.1270288],[28.7205179,47.1272394],[28.7201537,47.127549],[28.719972,47.1277386],[28.7198838,47.1278387],[28.7198147,47.1279252],[28.719741,47.1280374],[28.7196216,47.1281946],[28.7195653,47.128281],[28.7194741,47.1284033],[28.7190002,47.1290745],[28.7187465,47.1293933],[28.7186366,47.1295295],[28.7185273,47.1296314],[28.7184149,47.1297277],[28.7182729,47.1298065],[28.7180721,47.1299459],[28.7179184,47.130073],[28.7177774,47.1301985],[28.7176441,47.1303582],[28.7174892,47.1305694],[28.7174361,47.1306307],[28.7173421,47.1307354],[28.7172505,47.1308175],[28.7171191,47.1309088],[28.7168643,47.1310657],[28.7167758,47.1311277],[28.7167082,47.1312048],[28.7162501,47.1315839],[28.7161322,47.1316994],[28.7156552,47.1323139],[28.7155207,47.1324778],[28.7153274,47.1327317],[28.7152565,47.1328076],[28.7151477,47.1328813],[28.7149894,47.1329671],[28.7147656,47.1330652],[28.7147276,47.1330777],[28.7146605,47.1330999],[28.7145673,47.1331066]]}},{"type":"Feature","id":7,"properties":{"road_id":"D0007","road_class":"public","highway":"residential","name":"Strada Traian","surface":"ground","farm_id":null,"length_m":810.23,"source":"osm","cadastral":true},"geometry":{"type":"LineString","coordinates":[[28.7253095,47.1335661],[28.7253184,47.1335341],[28.7253009,47.1334997],[28.7252795,47.1334661],[28.725265,47.1334433],[28.7251979,47.133343],[28.7250316,47.1331167],[28.7249284,47.1329635],[28.7248117,47.1328339],[28.7246856,47.1327025],[28.7245434,47.1325474],[28.7244288,47.132402],[28.7238714,47.1316596],[28.7236235,47.131312],[28.7233552,47.1309672],[28.7232271,47.130772],[28.7230881,47.1305783],[28.7226615,47.130097],[28.7224996,47.1299124],[28.722365,47.1297278],[28.7221708,47.1294247],[28.7220184,47.1292112],[28.7219122,47.1290657],[28.7216735,47.1287026],[28.7213323,47.1282496],[28.7212631,47.128177],[28.7211116,47.1279899],[28.721049,47.1278958],[28.7209514,47.127766],[28.7208886,47.1276685],[28.7208429,47.1275867],[28.7208098,47.1275076],[28.7207877,47.1274228],[28.7207724,47.1273446],[28.720778,47.1272286],[28.7207839,47.1270288]]}},{"type":"Feature","id":8,"properties":{"road_id":"D0008","road_class":"public","highway":"residential","name":"Strada Mihail Sadoveanu","surface":"unpaved","farm_id":null,"length_m":179.11,"source":"osm","cadastral":true},"geometry":{"type":"LineString","coordinates":[[28.7218317,47.132458],[28.7219042,47.1324306],[28.7220663,47.1323828],[28.722882,47.1321258],[28.7229989,47.1320778],[28.7231058,47.1320365],[28.7238714,47.1316596]]}},{"type":"Feature","id":9,"properties":{"road_id":"D0009","road_class":"public","highway":"residential","name":"Strada Luceafărul","surface":"unpaved","farm_id":null,"length_m":308.69,"source":"osm","cadastral":true},"geometry":{"type":"LineString","coordinates":[[28.7101979,47.129084],[28.7099444,47.1289533],[28.7098852,47.1288814],[28.709861,47.1288048],[28.7098096,47.1285756],[28.7097077,47.1281736],[28.7094828,47.1275685],[28.7093335,47.127087],[28.7093005,47.1269507],[28.7092897,47.1268375],[28.7092951,47.1267189],[28.7093471,47.1266322],[28.7094782,47.1264768]]}},{"type":"Feature","id":10,"properties":{"road_id":"D0010","road_class":"public","highway":"residential","name":"Strada Mihai Eminescu","surface":"unpaved","farm_id":null,"length_m":229.47,"source":"osm","cadastral":true},"geometry":{"type":"LineString","coordinates":[[28.7094782,47.1264768],[28.7094131,47.126416],[28.7093273,47.1263503],[28.7092334,47.1262736],[28.7091073,47.1261587],[28.7089625,47.1260346],[28.7087774,47.1259032],[28.7085337,47.1257373],[28.7084262,47.1256784],[28.7082785,47.1255783],[28.7079982,47.1253784],[28.7078789,47.1252736],[28.7076938,47.125102],[28.7076134,47.124986],[28.7075629,47.1248977]]}},{"type":"Feature","id":11,"properties":{"road_id":"D0011","road_class":"public","highway":"residential","name":"Strada Mihai Eminescu","surface":"unpaved","farm_id":null,"length_m":219.16,"source":"osm","cadastral":true},"geometry":{"type":"LineString","coordinates":[[28.7084262,47.1256784],[28.7082946,47.1258503],[28.7082185,47.1260307],[28.7081176,47.1263393],[28.7080666,47.1265218],[28.7079745,47.1267461],[28.7077448,47.1272883],[28.7076036,47.1275626]]}},{"type":"Feature","id":12,"properties":{"road_id":"D0012","road_class":"public","highway":"residential","name":"Strada Mihai Eminescu","surface":"unpaved","farm_id":null,"length_m":165.46,"source":"osm","cadastral":true},"geometry":{"type":"LineString","coordinates":[[28.7132701,47.1303738],[28.7136789,47.1307656],[28.7137717,47.130854],[28.7138414,47.1309361],[28.7139127,47.1310344],[28.7141789,47.1314967],[28.714261,47.1316862]]}},{"type":"Feature","id":13,"properties":{"road_id":"D0013","road_class":"public","highway":"residential","name":"Strada Protoiereul Mihail Cazacu","surface":"unpaved","farm_id":null,"length_m":490.6,"source":"osm","cadastral":true},"geometry":{"type":"LineString","coordinates":[[28.7117045,47.1247832],[28.7118178,47.1246907],[28.7129214,47.1238409],[28.7137261,47.1231821],[28.7138632,47.1230971],[28.7140051,47.1230087],[28.714233,47.1228518],[28.7147292,47.1224849],[28.7153751,47.1220624],[28.7155634,47.1219502],[28.7157512,47.121806],[28.7159738,47.1216253],[28.7160848,47.1215431]]}},{"type":"Feature","id":14,"properties":{"road_id":"D0014","road_class":"public","highway":"service","name":"Strada Ștefan cel Mare și Sfînt","surface":"paved","farm_id":null,"length_m":187.29,"source":"osm","cadastral":false},"geometry":{"type":"LineString","coordinates":[[28.7194599,47.1213535],[28.719179,47.1212567],[28.7185472,47.1210658],[28.7175429,47.1207675],[28.7171983,47.1206799]]}},{"type":"Feature","id":15,"properties":{"road_id":"D0015","road_class":"public","highway":"residential","name":"Strada 1 Decembrie 1918","surface":"paved","farm_id":null,"length_m":108.84,"source":"osm","cadastral":true},"geometry":{"type":"LineString","coordinates":[[28.7164407,47.12605],[28.7162379,47.1259149],[28.7161401,47.1258439],[28.7160528,47.1257677],[28.7159902,47.1257082],[28.7159483,47.1256605],[28.7157606,47.1254698],[28.7156841,47.1253824],[28.7156008,47.1252642]]}},{"type":"Feature","id":16,"properties":{"road_id":"D0016","road_class":"public","highway":"residential","name":"Strada 1 Decembrie 1918","surface":"unpaved","farm_id":null,"length_m":348.67,"source":"osm","cadastral":true},"geometry":{"type":"LineString","coordinates":[[28.7132018,47.1226136],[28.7133533,47.1227204],[28.7137717,47.1230087],[28.7138632,47.1230971],[28.7139407,47.1231821],[28.7140719,47.1233012],[28.7142719,47.1235088],[28.7144911,47.1237754],[28.7145467,47.1238409],[28.7147172,47.1240892],[28.7147635,47.1241515],[28.7149921,47.1244341],[28.7152144,47.1247285],[28.7153831,47.1249654],[28.7156008,47.1252642]]}},{"type":"Feature","id":17,"properties":{"road_id":"D0017","road_class":"public","highway":"residential","name":"Strada Independenţei","surface":"ground","farm_id":null,"length_m":167.15,"source":"osm","cadastral":true},"geometry":{"type":"LineString","coordinates":[[28.7144408,47.1250071],[28.7137527,47.1253591],[28.7131467,47.1256595],[28.7126744,47.1259058]]}},{"type":"Feature","id":18,"properties":{"road_id":"D0018","road_class":"public","highway":"residential","name":"Strada Independenţei","surface":"ground","farm_id":null,"length_m":267.02,"source":"osm","cadastral":true},"geometry":{"type":"LineString","coordinates":[[28.7117045,47.1247832],[28.7117761,47.1248629],[28.7118494,47.124944],[28.7122257,47.1253907],[28.7126157,47.1258484],[28.7126744,47.1259058],[28.7127927,47.1260401],[28.712866,47.1261174],[28.7129647,47.1262064],[28.7132956,47.1264945],[28.7134896,47.1266894],[28.713533,47.1267536],[28.7135468,47.1268189]]}},{"type":"Feature","id":19,"properties":{"road_id":"D0019","road_class":"public","highway":"residential","name":"Strada Independenţei","surface":"ground","farm_id":null,"length_m":113.84,"source":"osm","cadastral":true},"geometry":{"type":"LineString","coordinates":[[28.7141776,47.1256047],[28.7135477,47.1259287],[28.7132138,47.1261003],[28.713077,47.1261632],[28.7129647,47.1262064]]}},{"type":"Feature","id":20,"properties":{"road_id":"D0020","road_class":"public","highway":"residential","name":"Starda Dacilor","surface":"ground","farm_id":null,"length_m":300.43,"source":"osm","cadastral":true},"geometry":{"type":"LineString","coordinates":[[28.7160848,47.1215431],[28.7161669,47.121598],[28.7162259,47.1216673],[28.7166899,47.1222897],[28.7169555,47.1226565],[28.7172646,47.1230377],[28.7175141,47.1233555],[28.7175774,47.1234361],[28.7178969,47.12383],[28.7179445,47.1239234]]}},{"type":"Feature","id":21,"properties":{"road_id":"D0021","road_class":"public","highway":"residential","name":"Stradela 1 Decembrie 1918","surface":"ground","farm_id":null,"length_m":258.46,"source":"osm","cadastral":true},"geometry":{"type":"LineString","coordinates":[[28.717305,47.1246367],[28.717162,47.124589],[28.7169164,47.1245166],[28.7166528,47.1244555],[28.716529,47.124425],[28.7164317,47.1243914],[28.7163757,47.1243459],[28.7162085,47.124153],[28.7160824,47.123976],[28.7159564,47.1237789],[28.7159269,47.1237296],[28.7158947,47.123705],[28.7158425,47.1237092],[28.715782,47.1237333],[28.7155098,47.1238711],[28.7153918,47.1239295],[28.7152751,47.1239723],[28.7151356,47.1240107],[28.7148902,47.1240974],[28.7147635,47.1241515]]}},{"type":"Feature","id":22,"properties":{"road_id":"D0022","road_class":"public","highway":"residential","name":"Intrarea 1 Decembrie 1918","surface":"ground","farm_id":null,"length_m":147.25,"source":"osm","cadastral":true},"geometry":{"type":"LineString","coordinates":[[28.7144911,47.1237754],[28.7143806,47.1238282],[28.7140198,47.1240125],[28.7136805,47.1241932],[28.7132982,47.1243999],[28.7132232,47.1244605],[28.7132071,47.1245071],[28.7132131,47.1245514],[28.7133034,47.1246622]]}},{"type":"Feature","id":23,"properties":{"road_id":"D0023","road_class":"public","highway":"residential","name":"Strada Independenţei","surface":"ground","farm_id":null,"length_m":150.09,"source":"osm","cadastral":true},"geometry":{"type":"LineString","coordinates":[[28.7122257,47.1253907],[28.7123719,47.1253175],[28.7129419,47.1250314],[28.713419,47.12481],[28.7138323,47.1246031]]}},{"type":"Feature","id":24,"properties":{"road_id":"D0024","road_class":"public","highway":"residential","name":"Strada Ion Tudor","surface":"ground","farm_id":null,"length_m":211.74,"source":"osm","cadastral":false},"geometry":{"type":"LineString","coordinates":[[28.7143593,47.1282383],[28.7141392,47.1283732],[28.7140051,47.1284635],[28.7139058,47.1285338],[28.7136523,47.128698],[28.7133801,47.1288641],[28.7130623,47.129063],[28.7128517,47.1291998],[28.7127458,47.1292801],[28.7126116,47.1293677],[28.7124225,47.1294809],[28.7123243,47.129541]]}},{"type":"Feature","id":25,"properties":{"road_id":"D0025","road_class":"public","highway":"residential","name":"Strada Independenţei","surface":"ground","farm_id":null,"length_m":140.56,"source":"osm","cadastral":false},"geometry":{"type":"LineString","coordinates":[[28.711653,47.1268669],[28.7115439,47.1270211],[28.7112223,47.1273681],[28.7110302,47.1276811],[28.7109636,47.1278312],[28.7109522,47.1280176]]}},{"type":"Feature","id":26,"properties":{"road_id":"D0026","road_class":"public","highway":"residential","name":"Strada Independenţei","surface":"ground","farm_id":null,"length_m":124.33,"source":"osm","cadastral":true},"geometry":{"type":"LineString","coordinates":[[28.712866,47.1261174],[28.7124273,47.1263632],[28.7120124,47.1266052],[28.711653,47.1268669]]}},{"type":"Feature","id":27,"properties":{"road_id":"D0027","road_class":"public","highway":"residential","name":"Strada Gheorghe Asachi","surface":"ground","farm_id":null,"length_m":251.53,"source":"osm","cadastral":true},"geometry":{"type":"LineString","coordinates":[[28.7138761,47.1273586],[28.7137784,47.127458],[28.7135276,47.1277144],[28.7134579,47.1277737],[28.7133707,47.1278403],[28.7132402,47.1279582],[28.7131254,47.1280852],[28.7126425,47.1286369],[28.7120569,47.1292478]]}},{"type":"Feature","id":28,"properties":{"road_id":"D0028","road_class":"public","highway":"service","name":"Strada Gheorghe Asachi","surface":"ground","farm_id":null,"length_m":90.25,"source":"osm","cadastral":false},"geometry":{"type":"LineString","coordinates":[[28.7126371,47.1273744],[28.7127292,47.1274883],[28.7128803,47.1276125],[28.7130634,47.1277854],[28.7131092,47.1278659],[28.7131293,47.127937],[28.713131,47.1279939],[28.7131254,47.1280852]]}},{"type":"Feature","id":29,"properties":{"road_id":"D0029","road_class":"public","highway":"residential","name":"Strada Tudor Vladimirescu","surface":null,"farm_id":null,"length_m":222.78,"source":"osm","cadastral":true},"geometry":{"type":"LineString","coordinates":[[28.7135468,47.1268189],[28.7136376,47.1267864],[28.7141887,47.1265264],[28.7145495,47.1263612],[28.7148567,47.1262133],[28.715381,47.1259762],[28.7159902,47.1257082]]}},{"type":"Feature","id":30,"properties":{"road_id":"D0030","road_class":"public","highway":"residential","name":"Stradela Tudor Vladimirescu","surface":"ground","farm_id":null,"length_m":127.03,"source":"osm","cadastral":false},"geometry":{"type":"LineString","coordinates":[[28.7141887,47.1265264],[28.7142076,47.126583],[28.7142424,47.1266277],[28.7144865,47.1268093],[28.7145187,47.1268421],[28.7145228,47.1268823],[28.7144986,47.1269169],[28.7142827,47.127166],[28.7139932,47.1274908]]}},{"type":"Feature","id":31,"properties":{"road_id":"D0031","road_class":"public","highway":"residential","name":"Strada Lacului","surface":"ground","farm_id":null,"length_m":832.05,"source":"osm","cadastral":true},"geometry":{"type":"LineString","coordinates":[[28.7075629,47.1248977],[28.7075946,47.1248502],[28.7076444,47.1247946],[28.7077931,47.1246403],[28.7081453,47.124348],[28.7085941,47.1239536],[28.7090939,47.1235106],[28.7092706,47.1233889],[28.7093756,47.1232679],[28.7094748,47.1231748],[28.7100393,47.122682],[28.7102017,47.1225433],[28.7103036,47.1224393],[28.7104136,47.1223572],[28.710553,47.1222276],[28.7107543,47.1220673],[28.7109259,47.121952],[28.711237,47.1217184],[28.7113985,47.121581],[28.7116232,47.1213771],[28.7120068,47.1210139],[28.7125351,47.1204942],[28.7128195,47.1202017],[28.7131655,47.1199115],[28.7133613,47.1197235],[28.7135705,47.119552],[28.7141446,47.1190413],[28.7142053,47.1190221],[28.7142755,47.1190266]]}},{"type":"Feature","id":32,"properties":{"road_id":"D0032","road_class":"public","highway":"residential","name":null,"surface":"ground","farm_id":null,"length_m":21.3,"source":"osm","cadastral":true},"geometry":{"type":"LineString","coordinates":[[28.7149343,47.1202436],[28.7150107,47.1201516],[28.7150172,47.1200658]]}},{"type":"Feature","id":33,"properties":{"road_id":"D0033","road_class":"public","highway":"residential","name":"Strada Mihai Viteazu","surface":"ground","farm_id":null,"length_m":172.6,"source":"osm","cadastral":true},"geometry":{"type":"LineString","coordinates":[[28.7080086,47.1288078],[28.7077632,47.1292384],[28.7076214,47.1294891],[28.7074597,47.1297512],[28.7071422,47.1302433]]}},{"type":"Feature","id":34,"properties":{"road_id":"D0034","road_class":"public","highway":"service","name":null,"surface":"ground","farm_id":null,"length_m":67.35,"source":"osm","cadastral":false},"geometry":{"type":"LineString","coordinates":[[28.706305,47.1283516],[28.7064123,47.1281458],[28.7064788,47.1280511],[28.7065798,47.1279683],[28.7067744,47.1278547]]}},{"type":"Feature","id":35,"properties":{"road_id":"D0035","road_class":"public","highway":"residential","name":"Strada Grigore Vieru","surface":"unpaved","farm_id":null,"length_m":503.74,"source":"osm","cadastral":true},"geometry":{"type":"LineString","coordinates":[[28.7085337,47.1257373],[28.7085548,47.1256221],[28.708595,47.1255327],[28.7086684,47.125445],[28.7087683,47.1253404],[28.7092652,47.1248936],[28.7096706,47.124498],[28.7098959,47.1242954],[28.710098,47.1241029],[28.7102522,47.1239714],[28.7103447,47.1238992],[28.71046,47.1237978],[28.7112021,47.1231803],[28.7119824,47.1225827],[28.712436,47.122213],[28.7125177,47.1221455]]}},{"type":"Feature","id":36,"properties":{"road_id":"D0036","road_class":"internal","highway":"track","name":null,"surface":"ground","farm_id":"F27","length_m":31.66,"source":"osm","cadastral":false},"geometry":{"type":"LineString","coordinates":[[28.7184461,47.1153204],[28.7184864,47.1151938],[28.7185731,47.1150503]]}},{"type":"Feature","id":37,"properties":{"road_id":"D0037","road_class":"field","highway":"track","name":null,"surface":"ground","farm_id":null,"length_m":691.63,"source":"osm","cadastral":false},"geometry":{"type":"MultiLineString","coordinates":[[[28.7155932,47.1207879],[28.7158755,47.1204954],[28.7161721,47.1202349],[28.7163099,47.1200877],[28.716863,47.1194647],[28.7169247,47.1193952],[28.717184,47.1190309],[28.7173866,47.1186051],[28.7175108,47.118344],[28.7178308,47.1176859],[28.717846,47.1175975],[28.7178937,47.1173211],[28.7182545,47.1165081],[28.7182682,47.1163514],[28.7183427,47.1156454],[28.7184461,47.1153204]],[[28.7185731,47.1150503],[28.7187536,47.1147517]]]}},{"type":"Feature","id":38,"properties":{"road_id":"D0038","road_class":"public","highway":"service","name":"Strada Mihai Viteazu","surface":"ground","farm_id":null,"length_m":107.4,"source":"osm","cadastral":false},"geometry":{"type":"LineString","coordinates":[[28.7080086,47.1288078],[28.7080135,47.1287255],[28.7080479,47.1284891],[28.7080923,47.1283373],[28.7081337,47.1282573],[28.7081362,47.1281997],[28.7080908,47.1281697],[28.7078601,47.1281131],[28.7076649,47.1280749]]}},{"type":"Feature","id":39,"properties":{"road_id":"D0039","road_class":"public","highway":"service","name":"Strada Luceafărul","surface":"ground","farm_id":null,"length_m":52.28,"source":"osm","cadastral":false},"geometry":{"type":"LineString","coordinates":[[28.7098096,47.1285756],[28.7095714,47.1285219],[28.7092012,47.1284434],[28.7091679,47.1284174]]}},{"type":"Feature","id":40,"properties":{"road_id":"D0040","road_class":"public","highway":"residential","name":"Strada Constantin Ghica","surface":"ground","farm_id":null,"length_m":107.65,"source":"osm","cadastral":false},"geometry":{"type":"LineString","coordinates":[[28.7118183,47.1299041],[28.7118646,47.129948],[28.7118861,47.1299772],[28.7118848,47.1300174],[28.7116981,47.1302351],[28.7114368,47.1305137],[28.7112233,47.1307272]]}},{"type":"Feature","id":41,"properties":{"road_id":"D0041","road_class":"field","highway":"track","name":null,"surface":"ground","farm_id":null,"length_m":577.51,"source":"osm","cadastral":false},"geometry":{"type":"LineString","coordinates":[[28.7074029,47.1221607],[28.7076602,47.1219551],[28.7078452,47.1217439],[28.7079467,47.1215612],[28.7087307,47.1208313],[28.7096308,47.1199932],[28.7097134,47.1199163],[28.7104186,47.119285],[28.711289,47.1185057],[28.7118844,47.1179726]]}},{"type":"Feature","id":42,"properties":{"road_id":"D0042","road_class":"field","highway":"track","name":null,"surface":"ground","farm_id":null,"length_m":14.6,"source":"osm","cadastral":true},"geometry":{"type":"LineString","coordinates":[[28.7142129,47.1189234],[28.7142079,47.1189778],[28.7141446,47.1190413]]}},{"type":"Feature","id":43,"properties":{"road_id":"D0043","road_class":"field","highway":"track","name":null,"surface":"ground","farm_id":null,"length_m":163.03,"source":"osm","cadastral":false},"geometry":{"type":"LineString","coordinates":[[28.7070341,47.1148315],[28.7069538,47.1147339],[28.7067128,47.1145914],[28.7066979,47.114579],[28.7064893,47.1144099],[28.7064014,47.1143688],[28.7063431,47.1143124],[28.7063328,47.1142298],[28.7063637,47.1140983],[28.7063472,47.1140115],[28.7062568,47.1139332],[28.7058805,47.1136883]]}},{"type":"Feature","id":44,"properties":{"road_id":"D0044","road_class":"field","highway":"track","name":null,"surface":null,"farm_id":null,"length_m":259.57,"source":"osm","cadastral":false},"geometry":{"type":"LineString","coordinates":[[28.7079052,47.114635],[28.708049,47.1147953],[28.7082627,47.1150737],[28.7088552,47.1156826],[28.7093931,47.1161609],[28.7095163,47.1162767],[28.7096686,47.1163769],[28.7097472,47.1164279],[28.7097912,47.116447],[28.7098494,47.1164722],[28.7099218,47.1164484]]}},{"type":"Feature","id":45,"properties":{"road_id":"D0045","road_class":"field","highway":"track","name":"Strada Romașca/Romanița","surface":null,"farm_id":null,"length_m":930.27,"source":"osm","cadastral":false},"geometry":{"type":"LineString","coordinates":[[28.7032521,47.1271521],[28.7030792,47.1271037],[28.7030113,47.12708],[28.7026235,47.1269445],[28.7022261,47.1268016],[28.7019331,47.1267377],[28.7017153,47.1266311],[28.701383,47.126483],[28.7011767,47.12634],[28.7009017,47.1262127],[28.7003517,47.1259144],[28.7002579,47.1258519],[28.7001385,47.1257827],[28.7000056,47.1256589],[28.6998393,47.1255139],[28.6991709,47.125029],[28.6989631,47.1248943],[28.6987504,47.1247795],[28.6985597,47.124723],[28.6983585,47.124702],[28.6981079,47.124675],[28.6978762,47.1246412],[28.6976852,47.1246615],[28.697518,47.1246904],[28.697246,47.1246862],[28.6969863,47.1246363],[28.6968335,47.1246238],[28.6966685,47.1245885],[28.6963934,47.1245864],[28.6961948,47.1245968],[28.6960267,47.1246155],[28.6958922,47.1246197],[28.6958382,47.1246111],[28.6957577,47.1245984],[28.6956574,47.1245851],[28.6955767,47.1245519],[28.6954496,47.1245269],[28.6953665,47.1244887],[28.6952614,47.1244504],[28.6951293,47.1244088],[28.6950169,47.1243739],[28.6948775,47.1243556],[28.69477,47.1243223],[28.6946257,47.1242741],[28.6944692,47.1242258],[28.6943323,47.1241743],[28.6941881,47.1241277],[28.6941148,47.1240977],[28.6937672,47.1239934],[28.6935686,47.1239414],[28.6933852,47.1239019],[28.6931407,47.1238666],[28.6929849,47.1238541],[28.69265,47.1238076],[28.6925582,47.1238342]]}},{"type":"Feature","id":46,"properties":{"road_id":"D0046","road_class":"public","highway":"residential","name":"Strada Anastasia Istrati","surface":"ground","farm_id":null,"length_m":734.15,"source":"osm","cadastral":true},"geometry":{"type":"LineString","coordinates":[[28.718827,47.1340106],[28.7189242,47.1339031],[28.7191134,47.1336914],[28.7192139,47.1335802],[28.719287,47.133509],[28.7195263,47.1333215],[28.7196216,47.133239],[28.7197181,47.1331369],[28.7198374,47.1329658],[28.7199588,47.1328003],[28.7201393,47.1325565],[28.7202367,47.1324477],[28.7203856,47.1322932],[28.7206086,47.1320474],[28.7207437,47.1318748],[28.720842,47.131708],[28.7209278,47.1315],[28.7209542,47.1314394],[28.7210271,47.1312719],[28.7211276,47.1310206],[28.721239,47.1307829],[28.7212765,47.1306643],[28.7212966,47.1305639],[28.7213004,47.1304971],[28.721294,47.1304124],[28.721283,47.1303025],[28.7212819,47.1301689],[28.7212765,47.1300776],[28.721247,47.1299982],[28.7211881,47.1299094],[28.7209699,47.1296396],[28.720843,47.1294732],[28.7207897,47.1294079],[28.720755,47.1293383],[28.7207433,47.1292551],[28.7207358,47.1290988],[28.7207372,47.1289587],[28.7207455,47.1287826],[28.7207523,47.1285824],[28.720758,47.1284602],[28.7207723,47.1283778],[28.7208179,47.1282862],[28.720961,47.1281394],[28.7211116,47.1279899]]}},{"type":"Feature","id":47,"properties":{"road_id":"D0047","road_class":"public","highway":"residential","name":"Stradela 1 Anastasia Istrati","surface":"ground","farm_id":null,"length_m":316.41,"source":"osm","cadastral":true},"geometry":{"type":"LineString","coordinates":[[28.7173421,47.1307354],[28.7175938,47.1308029],[28.7177911,47.1308503],[28.718133,47.1308997],[28.7183772,47.1309462],[28.7189417,47.131068],[28.7191675,47.1311249],[28.7192414,47.1311645],[28.7193164,47.131218],[28.7193507,47.1312883],[28.7193561,47.1313741],[28.7193829,47.1314927],[28.7194101,47.1315281],[28.7194664,47.1315718],[28.7195572,47.1316442],[28.7197465,47.131851],[28.719987,47.1321435],[28.7201259,47.132312],[28.7202367,47.1324477]]}},{"type":"Feature","id":48,"properties":{"road_id":"D0048","road_class":"public","highway":"residential","name":"Stradela Eugen Doga","surface":"ground","farm_id":null,"length_m":258.28,"source":"osm","cadastral":true},"geometry":{"type":"LineString","coordinates":[[28.7167082,47.1312048],[28.716698,47.1313339],[28.7167007,47.1314051],[28.7167168,47.131469],[28.7167587,47.1315043],[28.7168241,47.1315237],[28.7170244,47.1315613],[28.7172893,47.131616],[28.7175713,47.1316549],[28.7178862,47.131708],[28.718176,47.1317853],[28.7184039,47.1318504],[28.7185648,47.1319051],[28.7186418,47.1319194],[28.718715,47.1318996],[28.7189602,47.1317602],[28.7190852,47.1317135],[28.71923,47.1316296],[28.7194101,47.1315281]]}},{"type":"Feature","id":49,"properties":{"road_id":"D0049","road_class":"public","highway":"service","name":"Strada Anastasia Istrati","surface":"unpaved","farm_id":null,"length_m":43.55,"source":"osm","cadastral":true},"geometry":{"type":"LineString","coordinates":[[28.721817,47.1305056],[28.721754,47.1304535],[28.7216869,47.1304334],[28.7216198,47.1304298],[28.7215452,47.1304412],[28.7213999,47.1304745],[28.7213004,47.1304971]]}},{"type":"Feature","id":50,"properties":{"road_id":"D0050","road_class":"public","highway":"service","name":"Strada Anastasia Istrati","surface":"ground","farm_id":null,"length_m":68.67,"source":"osm","cadastral":false},"geometry":{"type":"LineString","coordinates":[[28.721817,47.1305056],[28.7220746,47.1308477],[28.7222404,47.1310516]]}},{"type":"Feature","id":51,"properties":{"road_id":"D0051","road_class":"public","highway":"residential","name":"Stradela 1 Anastasia Istrati","surface":"ground","farm_id":null,"length_m":141.52,"source":"osm","cadastral":true},"geometry":{"type":"LineString","coordinates":[[28.7184149,47.1297277],[28.718538,47.1298358],[28.7185746,47.1298791],[28.7185755,47.129927],[28.7185487,47.130011],[28.718476,47.1301676],[28.7184357,47.1302531],[28.7184361,47.1303303],[28.7184548,47.1304088],[28.7184559,47.1305009],[28.7184039,47.1306898],[28.7183872,47.1307755],[28.7183824,47.1308668],[28.7183772,47.1309462]]}},{"type":"Feature","id":52,"properties":{"road_id":"D0052","road_class":"public","highway":"service","name":"Stradela 1 Anastasia Istrati","surface":"ground","farm_id":null,"length_m":62.7,"source":"osm","cadastral":false},"geometry":{"type":"LineString","coordinates":[[28.7185746,47.1298791],[28.7188464,47.1300438],[28.7189859,47.1301132],[28.7192098,47.1302394]]}},{"type":"Feature","id":53,"properties":{"road_id":"D0053","road_class":"public","highway":"residential","name":"Strada Burebista","surface":"ground","farm_id":null,"length_m":360.21,"source":"osm","cadastral":false},"geometry":{"type":"LineString","coordinates":[[28.719752,47.1247835],[28.7196913,47.1246676],[28.719696,47.124642],[28.7197149,47.1245166],[28.7197537,47.1243169],[28.7197825,47.1242279],[28.7198335,47.1241567],[28.7198885,47.1240386],[28.7199388,47.1239085],[28.7199742,47.1237682],[28.7200206,47.1232904],[28.7200398,47.123068],[28.7200495,47.1228487],[28.7200152,47.1226187],[28.7199481,47.1224382],[28.719873,47.1222897],[28.7196913,47.1220323],[28.7196314,47.121972],[28.7196178,47.1219583],[28.7194971,47.1218927],[28.7193534,47.1218498],[28.7192014,47.1218131]]}},{"type":"Feature","id":54,"properties":{"road_id":"D0054","road_class":"public","highway":"service","name":"Strada Mihail Sadoveanu","surface":"ground","farm_id":null,"length_m":91.96,"source":"osm","cadastral":false},"geometry":{"type":"LineString","coordinates":[[28.7229989,47.1320778],[28.7227061,47.1316752],[28.7224432,47.1313426]]}},{"type":"Feature","id":55,"properties":{"road_id":"D0055","road_class":"public","highway":"residential","name":"Stradela 3 Decebal","surface":null,"farm_id":null,"length_m":172.09,"source":"osm","cadastral":false},"geometry":{"type":"LineString","coordinates":[[28.7196216,47.1281946],[28.7193422,47.1281712],[28.7191753,47.1281649],[28.7191012,47.1281788],[28.7190295,47.1282062],[28.7189631,47.1282473],[28.7189101,47.1283035],[28.7188057,47.1284168],[28.7185159,47.1287543],[28.718432,47.1288741],[28.7183583,47.1290082],[28.718314,47.1290785],[28.7182671,47.1291262],[28.7182,47.1291798]]}},{"type":"Feature","id":56,"properties":{"road_id":"D0056","road_class":"field","highway":"track","name":null,"surface":null,"farm_id":null,"length_m":167.58,"source":"osm","cadastral":false},"geometry":{"type":"LineString","coordinates":[[28.7159021,47.111009],[28.7155416,47.1111798],[28.7154634,47.1112321],[28.7153247,47.1113247],[28.7149169,47.1115722],[28.7146058,47.1117073],[28.7144833,47.1117051],[28.714336,47.1116886],[28.7142417,47.1116781],[28.7140604,47.1117012]]}},{"type":"Feature","id":57,"properties":{"road_id":"D0057","road_class":"internal","highway":"track","name":null,"surface":null,"farm_id":"F27","length_m":78.53,"source":"osm","cadastral":false},"geometry":{"type":"MultiLineString","coordinates":[[[28.7177556,47.1154913],[28.7182962,47.1150944],[28.7183762,47.115026]],[[28.7185092,47.1149122],[28.7185789,47.1148526],[28.7185796,47.1148522]]]}},{"type":"Feature","id":58,"properties":{"road_id":"D0058","road_class":"field","highway":"track","name":null,"surface":null,"farm_id":null,"length_m":878.74,"source":"osm","cadastral":false},"geometry":{"type":"MultiLineString","coordinates":[[[28.7133893,47.1181317],[28.7134575,47.118055],[28.7137624,47.1178143],[28.7138256,47.1177643],[28.7139131,47.1176906],[28.7139972,47.1176215],[28.7140866,47.1175548],[28.7143087,47.1174096],[28.7149317,47.1170438],[28.7154395,47.1167457],[28.7163477,47.1161921],[28.7165161,47.1160894],[28.7167742,47.1159736],[28.7170442,47.11584],[28.7172806,47.1157714],[28.7173239,47.115749],[28.7175986,47.1156066],[28.7177556,47.1154913]],[[28.7183762,47.115026],[28.7185092,47.1149122]],[[28.7185796,47.1148522],[28.7187536,47.1147517],[28.7192726,47.1143553],[28.7197332,47.1139895],[28.720192,47.1136163],[28.7208715,47.1130636],[28.7209736,47.1129789],[28.7210685,47.1129003],[28.7213771,47.1126446],[28.7215995,47.1124904],[28.7217944,47.1123852],[28.7220782,47.1122439],[28.7222316,47.1121699],[28.7222964,47.1121387],[28.7223239,47.1121228]]]}},{"type":"Feature","id":59,"properties":{"road_id":"D0059","road_class":"field","highway":"track","name":null,"surface":null,"farm_id":null,"length_m":357.18,"source":"osm","cadastral":false},"geometry":{"type":"LineString","coordinates":[[28.7067676,47.1250873],[28.7066056,47.1253761],[28.7064064,47.1255255],[28.7060932,47.1256703],[28.7036775,47.1269406],[28.7034812,47.1270352],[28.7033996,47.1270894],[28.7033755,47.127135],[28.7034161,47.127202]]}},{"type":"Feature","id":60,"properties":{"road_id":"D0060","road_class":"field","highway":"track","name":null,"surface":"ground","farm_id":null,"length_m":271.08,"source":"osm","cadastral":false},"geometry":{"type":"LineString","coordinates":[[28.7213141,47.1177865],[28.7211044,47.1177493],[28.7201423,47.1175748],[28.7197963,47.1175308],[28.7196641,47.1175374],[28.7192202,47.1176619],[28.7190524,47.1176677],[28.7188033,47.1176446],[28.7185634,47.1176513],[28.7184374,47.1176548],[28.7180172,47.1176929],[28.7178308,47.1176859]]}},{"type":"Feature","id":61,"properties":{"road_id":"D0061","road_class":"field","highway":"track","name":null,"surface":null,"farm_id":null,"length_m":908.4,"source":"osm","cadastral":true},"geometry":{"type":"LineString","coordinates":[[28.7209291,47.10745],[28.7208614,47.107632],[28.7207526,47.1077145],[28.7205176,47.1078624],[28.7203551,47.1079847],[28.7202424,47.1080457],[28.72007,47.1080715],[28.7196475,47.1084162],[28.7193686,47.1086969],[28.7193152,47.1087659],[28.7189543,47.10904],[28.7187282,47.1092544],[28.7184637,47.1094248],[28.7181925,47.1095494],[28.7177478,47.1098767],[28.7174834,47.110088],[28.7172721,47.1102568],[28.7165326,47.110651],[28.7162482,47.1108023],[28.7159021,47.111009],[28.7157191,47.111039],[28.715287,47.1111981],[28.7148667,47.1113399],[28.7140604,47.1117012],[28.7119491,47.1126245]]}},{"type":"Feature","id":62,"properties":{"road_id":"D0062","road_class":"field","highway":"track","name":null,"surface":null,"farm_id":null,"length_m":169.07,"source":"osm","cadastral":false},"geometry":{"type":"LineString","coordinates":[[28.7063228,47.1267006],[28.7061821,47.1267546],[28.7060044,47.1268372],[28.7053054,47.1271862],[28.7051165,47.127301],[28.7048487,47.1274338],[28.704536,47.1276064]]}},{"type":"Feature","id":63,"properties":{"road_id":"D0063","road_class":"internal","highway":"track","name":null,"surface":null,"farm_id":"F27","length_m":10.27,"source":"osm","cadastral":false},"geometry":{"type":"LineString","coordinates":[[28.7165345,47.1141911],[28.7166367,47.1141306]]}},{"type":"Feature","id":64,"properties":{"road_id":"D0064","road_class":"field","highway":"track","name":null,"surface":null,"farm_id":null,"length_m":1060.63,"source":"osm","cadastral":false},"geometry":{"type":"MultiLineString","coordinates":[[[28.7112078,47.1174648],[28.7112898,47.1173251],[28.7116953,47.1170464],[28.7121246,47.1167941],[28.7130109,47.1162732],[28.7141526,47.1156022],[28.7150862,47.1150491],[28.7160733,47.1144643],[28.7165345,47.1141911]],[[28.7166367,47.1141306],[28.7170661,47.1138762],[28.7180801,47.1132754],[28.7190069,47.1126531],[28.719934,47.1120306],[28.7209027,47.1113801],[28.7213679,47.1110677],[28.7215359,47.1110457],[28.7216072,47.1110851]]]}},{"type":"Feature","id":65,"properties":{"road_id":"D0065","road_class":"field","highway":"path","name":"Puntea","surface":"metal","farm_id":null,"length_m":12.33,"source":"osm","cadastral":true},"geometry":{"type":"LineString","coordinates":[[28.7147661,47.1320784],[28.7148935,47.1321473]]}},{"type":"Feature","id":66,"properties":{"road_id":"D0066","road_class":"field","highway":"path","name":null,"surface":"ground","farm_id":null,"length_m":44.41,"source":"osm","cadastral":true},"geometry":{"type":"LineString","coordinates":[[28.7142273,47.1319447],[28.7143314,47.1319395],[28.7144645,47.131971],[28.7146248,47.1320296],[28.7147661,47.1320784]]}},{"type":"Feature","id":67,"properties":{"road_id":"D0067","road_class":"field","highway":"path","name":null,"surface":null,"farm_id":null,"length_m":60.31,"source":"osm","cadastral":false},"geometry":{"type":"LineString","coordinates":[[28.7148935,47.1321473],[28.7151747,47.1322677],[28.7155207,47.1324778]]}},{"type":"Feature","id":68,"properties":{"road_id":"D0068","road_class":"field","highway":"track","name":"Strada Nicolae Iorga","surface":null,"farm_id":null,"length_m":63.02,"source":"osm","cadastral":true},"geometry":{"type":"LineString","coordinates":[[28.7067932,47.1250021],[28.7068972,47.1249159],[28.7070152,47.1248447],[28.7071413,47.1247772],[28.7072673,47.1247024],[28.7073666,47.1246768],[28.7074397,47.1246916]]}},{"type":"Feature","id":69,"properties":{"road_id":"D0069","road_class":"field","highway":"track","name":null,"surface":null,"farm_id":null,"length_m":1543.89,"source":"osm","cadastral":false},"geometry":{"type":"LineString","coordinates":[[28.7251586,47.1028484],[28.7249706,47.1030294],[28.7245123,47.1032073],[28.7243704,47.1033591],[28.7242543,47.1033969],[28.724125,47.1033901],[28.7239502,47.103339],[28.7238918,47.1033526],[28.7237977,47.1034432],[28.723527,47.1036068],[28.7231974,47.1037998],[28.7230144,47.1038078],[28.72289,47.1039096],[28.7225521,47.1040554],[28.7223363,47.104171],[28.7221785,47.1042285],[28.7220286,47.1043356],[28.7211787,47.105113],[28.7210522,47.1052632],[28.7207131,47.1055001],[28.7205412,47.1055701],[28.7201343,47.1058288],[28.719891,47.1059185],[28.7198179,47.1060656],[28.7196632,47.1061637],[28.7193237,47.1063277],[28.7192391,47.1064068],[28.7187376,47.1066653],[28.7186137,47.1067769],[28.7184183,47.1068663],[28.7183313,47.106982],[28.71796,47.1072666],[28.7178205,47.1073962],[28.7176714,47.1074833],[28.7175395,47.1075884],[28.71738,47.1077216],[28.7173106,47.1078581],[28.7171913,47.1079424],[28.7170131,47.1081124],[28.7163772,47.108618],[28.715967,47.1088696],[28.7158013,47.1089558],[28.7155771,47.1089946],[28.7154975,47.1090802],[28.7153012,47.1091772],[28.7150867,47.1092769],[28.7150324,47.109369],[28.7150457,47.1094652],[28.7151052,47.109641],[28.7150329,47.1099534],[28.7150315,47.1101445],[28.7149221,47.1102042],[28.7148756,47.1103108],[28.7147532,47.1104063],[28.7144338,47.110532],[28.714197,47.110666],[28.7138679,47.1108],[28.7136974,47.110913],[28.7129366,47.1113033],[28.7128397,47.1113548],[28.7124069,47.1115849],[28.711993,47.111805],[28.7119365,47.1118586],[28.7118435,47.1119469],[28.7117477,47.1122261],[28.7117303,47.1123669]]}},{"type":"Feature","id":70,"properties":{"road_id":"D0070","road_class":"public","highway":"tertiary","name":"Strada Ștefan cel Mare și Sânt","surface":null,"farm_id":null,"length_m":307.96,"source":"osm","cadastral":true},"geometry":{"type":"LineString","coordinates":[[28.7194599,47.1213535],[28.7192014,47.1218131],[28.7186259,47.1227842],[28.7180559,47.1237564],[28.7180049,47.1238417],[28.7179445,47.1239234]]}},{"type":"Feature","id":71,"properties":{"road_id":"D0071","road_class":"public","highway":"residential","name":"Strada Cuza-Vodă","surface":null,"farm_id":null,"length_m":394.27,"source":"osm","cadastral":true},"geometry":{"type":"LineString","coordinates":[[28.7087486,47.1316657],[28.7086299,47.131458],[28.7085342,47.1313904],[28.7084448,47.1313431],[28.7083386,47.1313073],[28.708241,47.1312719],[28.7080371,47.1312135],[28.7077324,47.1311158],[28.7073022,47.1309672],[28.7070114,47.1308788],[28.706578,47.130761],[28.706115,47.1306386],[28.7054193,47.1304672],[28.7049963,47.1303575],[28.7043115,47.1301643],[28.7041953,47.1301153]]}},{"type":"Feature","id":72,"properties":{"road_id":"D0072","road_class":"public","highway":"residential","name":"Strada Cuza-Vodă","surface":null,"farm_id":null,"length_m":220.19,"source":"osm","cadastral":true},"geometry":{"type":"LineString","coordinates":[[28.7087486,47.1316657],[28.7087694,47.1317546],[28.7087908,47.1318266],[28.7088324,47.1319003],[28.7089048,47.1319927],[28.7089824,47.1320668],[28.7091167,47.1321615],[28.7092522,47.1322317],[28.7096465,47.1323941],[28.7099669,47.1325213],[28.7100542,47.1325439],[28.7103814,47.132593],[28.7105382,47.1326192],[28.7106416,47.1326624],[28.7107682,47.1327501],[28.7108728,47.1328455]]}},{"type":"Feature","id":73,"properties":{"road_id":"D0073","road_class":"public","highway":"service","name":"Strada Dacilor","surface":"unpaved","farm_id":null,"length_m":119.24,"source":"osm","cadastral":true},"geometry":{"type":"LineString","coordinates":[[28.7184722,47.1245306],[28.7185166,47.1246252],[28.7189013,47.1251272],[28.7190852,47.125363],[28.7191978,47.1254798]]}},{"type":"Feature","id":74,"properties":{"road_id":"D0074","road_class":"public","highway":"residential","name":"Strada Mihai Viteazu","surface":null,"farm_id":null,"length_m":110.02,"source":"osm","cadastral":true},"geometry":{"type":"LineString","coordinates":[[28.7069511,47.1284807],[28.7068972,47.1286259],[28.7064732,47.1294145]]}},{"type":"Feature","id":75,"properties":{"road_id":"D0075","road_class":"public","highway":"residential","name":"Strada Petru Rareș","surface":null,"farm_id":null,"length_m":242.97,"source":"osm","cadastral":true},"geometry":{"type":"LineString","coordinates":[[28.7049963,47.1303575],[28.705135,47.1299416],[28.7052262,47.1297135],[28.7053603,47.1294161],[28.7057455,47.1284103],[28.7057921,47.1283139],[28.7058356,47.1282497]]}},{"type":"Feature","id":76,"properties":{"road_id":"D0076","road_class":"public","highway":"residential","name":"Strada Traian","surface":null,"farm_id":null,"length_m":291.86,"source":"osm","cadastral":true},"geometry":{"type":"LineString","coordinates":[[28.7213323,47.1282496],[28.7214531,47.1282077],[28.7221375,47.1280602],[28.7223467,47.1280183],[28.7226132,47.1279438],[28.7227517,47.1278933],[28.7227813,47.1278626],[28.7228054,47.1278376],[28.7228242,47.127761],[28.7228,47.1276825],[28.7227008,47.1275721],[28.7225747,47.1273969],[28.7225023,47.1272636],[28.7224674,47.1271542],[28.7224714,47.1270511],[28.7224942,47.1269461],[28.7225023,47.1268302],[28.7224755,47.1267508],[28.722399,47.1266286],[28.7222394,47.1264059]]}},{"type":"Feature","id":77,"properties":{"road_id":"D0077","road_class":"public","highway":"residential","name":"Strada Vasile Lupu","surface":null,"farm_id":null,"length_m":269.78,"source":"osm","cadastral":true},"geometry":{"type":"LineString","coordinates":[[28.704856,47.1277652],[28.7047648,47.1278175],[28.7047246,47.127885],[28.7046114,47.1283579],[28.7045463,47.128739],[28.7044677,47.1291996],[28.7044108,47.1293869],[28.7043223,47.1295602],[28.7042597,47.1297105],[28.7041667,47.1299891],[28.704164,47.1300493],[28.7041953,47.1301153]]}},{"type":"Feature","id":78,"properties":{"road_id":"D0078","road_class":"public","highway":"residential","name":"Strada Nicolae Filimon","surface":null,"farm_id":null,"length_m":77.39,"source":"osm","cadastral":true},"geometry":{"type":"LineString","coordinates":[[28.7107044,47.1314919],[28.7109203,47.1315333],[28.7110627,47.1315693],[28.7111945,47.131611],[28.7113148,47.1316898],[28.7113932,47.1317751],[28.7114574,47.1318932]]}},{"type":"Feature","id":79,"properties":{"road_id":"D0079","road_class":"public","highway":"residential","name":"Strada Cuza-Vodă","surface":null,"farm_id":null,"length_m":108.73,"source":"osm","cadastral":false},"geometry":{"type":"LineString","coordinates":[[28.7077324,47.1311158],[28.7076616,47.1312208],[28.7075463,47.1313814],[28.7074313,47.1314948],[28.7072673,47.1316277],[28.7071976,47.1316715],[28.7071332,47.1316971],[28.7070569,47.1317113],[28.7069643,47.1317117],[28.7068453,47.1316821],[28.7067681,47.131676]]}},{"type":"Feature","id":80,"properties":{"road_id":"D0080","road_class":"public","highway":"residential","name":"Strada Cuza-Vodă","surface":null,"farm_id":null,"length_m":172.39,"source":"osm","cadastral":false},"geometry":{"type":"LineString","coordinates":[[28.7087486,47.1316657],[28.7084113,47.131969],[28.7083751,47.1320191],[28.7083689,47.1320555],[28.7083885,47.132093],[28.7084367,47.132146],[28.7084864,47.1321888],[28.7086101,47.1322889],[28.708697,47.1323421],[28.7090068,47.1324817],[28.7091891,47.1325948],[28.7092173,47.132624],[28.7092254,47.1326642],[28.7092093,47.1327144],[28.7091299,47.1328669]]}},{"type":"Feature","id":81,"properties":{"road_id":"D0081","road_class":"public","highway":"residential","name":"Strada Ceasornicului","surface":null,"farm_id":null,"length_m":82.7,"source":"osm","cadastral":false},"geometry":{"type":"LineString","coordinates":[[28.7105382,47.1326192],[28.7105242,47.1324968],[28.7105338,47.1324182],[28.7105625,47.1323594],[28.7107608,47.1321561],[28.7108374,47.1321131],[28.7110549,47.1320333]]}},{"type":"Feature","id":82,"properties":{"road_id":"D0082","road_class":"public","highway":"service","name":null,"surface":null,"farm_id":null,"length_m":43.21,"source":"osm","cadastral":false},"geometry":{"type":"LineString","coordinates":[[28.706115,47.1306386],[28.7062964,47.1302701]]}},{"type":"Feature","id":83,"properties":{"road_id":"D0083","road_class":"public","highway":"service","name":"Strada Cuza-Vodă","surface":null,"farm_id":null,"length_m":52.89,"source":"osm","cadastral":false},"geometry":{"type":"LineString","coordinates":[[28.705489,47.131708],[28.7055588,47.1316679],[28.7056446,47.1315839],[28.7058565,47.1313084]]}},{"type":"Feature","id":84,"properties":{"road_id":"D0084","road_class":"public","highway":"service","name":"Strada Cuza-Vodă","surface":null,"farm_id":null,"length_m":121.67,"source":"osm","cadastral":true},"geometry":{"type":"LineString","coordinates":[[28.705017,47.1315474],[28.7050679,47.1315712],[28.70543,47.1316806],[28.705489,47.131708],[28.70554,47.1317445],[28.7056178,47.1317938],[28.7057197,47.131823],[28.7063688,47.1320219],[28.7064412,47.1320273]]}},{"type":"Feature","id":85,"properties":{"road_id":"D0085","road_class":"public","highway":"service","name":"Strada Cuza-Vodă","surface":null,"farm_id":null,"length_m":102.05,"source":"osm","cadastral":false},"geometry":{"type":"LineString","coordinates":[[28.7074792,47.1321186],[28.7077635,47.1322171],[28.7078655,47.1322518],[28.707954,47.1322992],[28.708072,47.1323631],[28.7081256,47.1323923],[28.70819,47.1324178],[28.7082303,47.1324233],[28.7082598,47.1324142],[28.7082759,47.1323941],[28.708418,47.1322007],[28.7084367,47.132146]]}},{"type":"Feature","id":86,"properties":{"road_id":"D0086","road_class":"public","highway":"residential","name":"Strada Școlii","surface":null,"farm_id":null,"length_m":101.96,"source":"osm","cadastral":true},"geometry":{"type":"LineString","coordinates":[[28.7095291,47.1309697],[28.7095124,47.1310575],[28.7094647,47.1311493],[28.7094064,47.1312345],[28.709323,47.1313294],[28.7092428,47.1314106],[28.7091865,47.1314608],[28.7091087,47.1315137],[28.7090195,47.131566],[28.7089303,47.1316031],[28.7088398,47.1316311],[28.7087486,47.1316657]]}},{"type":"Feature","id":87,"properties":{"road_id":"D0087","road_class":"field","highway":"track","name":null,"surface":"unpaved","farm_id":null,"length_m":157.52,"source":"osm","cadastral":false},"geometry":{"type":"LineString","coordinates":[[28.7067932,47.1250021],[28.7070045,47.1242863],[28.7070689,47.1241092],[28.7071344,47.1239656],[28.7071909,47.1238566],[28.70727,47.1237734],[28.7073481,47.1236447]]}},{"type":"Feature","id":88,"properties":{"road_id":"D0088","road_class":"public","highway":"residential","name":"Strada Mihai Viteazu","surface":"unpaved","farm_id":null,"length_m":261.32,"source":"osm","cadastral":true},"geometry":{"type":"LineString","coordinates":[[28.7099591,47.1293238],[28.7101197,47.1293622],[28.7104674,47.1294493],[28.7108506,47.1295682],[28.7111217,47.1296643],[28.7114673,47.1297785],[28.7116823,47.1298559],[28.7118183,47.1299041],[28.7120233,47.1299708],[28.7121777,47.1300145],[28.7125446,47.130129],[28.7128445,47.1302266],[28.7130261,47.1302766],[28.7130979,47.1302757]]}},{"type":"Feature","id":89,"properties":{"road_id":"D0089","road_class":"public","highway":"service","name":null,"surface":"ground","farm_id":null,"length_m":26.22,"source":"osm","cadastral":false},"geometry":{"type":"LineString","coordinates":[[28.7091679,47.1284174],[28.7091744,47.1283705],[28.7092473,47.1281884]]}},{"type":"Feature","id":90,"properties":{"road_id":"D0090","road_class":"public","highway":"service","name":null,"surface":null,"farm_id":null,"length_m":20.45,"source":"osm","cadastral":false},"geometry":{"type":"LineString","coordinates":[[28.7086128,47.1289944],[28.7087238,47.1288267]]}},{"type":"Feature","id":91,"properties":{"road_id":"D0091","road_class":"public","highway":"service","name":null,"surface":null,"farm_id":null,"length_m":55.12,"source":"osm","cadastral":false},"geometry":{"type":"LineString","coordinates":[[28.7082544,47.1297281],[28.708021,47.1296442],[28.7078789,47.1296004],[28.7077233,47.1295475],[28.7076214,47.1294891]]}},{"type":"Feature","id":92,"properties":{"road_id":"D0092","road_class":"public","highway":"service","name":"Strada Școlii","surface":null,"farm_id":null,"length_m":56.98,"source":"osm","cadastral":false},"geometry":{"type":"LineString","coordinates":[[28.710486,47.1305383],[28.7103116,47.1305475],[28.7100837,47.1305657],[28.7099522,47.1305694],[28.7098879,47.1305602],[28.70975,47.1305208]]}},{"type":"Feature","id":93,"properties":{"road_id":"D0093","road_class":"public","highway":"service","name":"Strada Școlii","surface":null,"farm_id":null,"length_m":32.31,"source":"osm","cadastral":false},"geometry":{"type":"LineString","coordinates":[[28.7099552,47.1299014],[28.7103653,47.12998]]}},{"type":"Feature","id":94,"properties":{"road_id":"D0094","road_class":"public","highway":"residential","name":"Strada Școlii","surface":"ground","farm_id":null,"length_m":188.52,"source":"osm","cadastral":true},"geometry":{"type":"LineString","coordinates":[[28.7099591,47.1293238],[28.7099421,47.1294448],[28.709963,47.1296113],[28.7099703,47.1297435],[28.7099552,47.1299014],[28.7098833,47.1302104],[28.7098503,47.1303376],[28.7098002,47.1304362],[28.70975,47.1305208],[28.7095821,47.1307756],[28.7095452,47.1308372],[28.7095333,47.1308915],[28.7095311,47.1309015],[28.7095291,47.1309697]]}},{"type":"Feature","id":95,"properties":{"road_id":"D0095","road_class":"public","highway":"residential","name":"Strada Școlii","surface":null,"farm_id":null,"length_m":87.99,"source":"osm","cadastral":true},"geometry":{"type":"LineString","coordinates":[[28.709224,47.1299261],[28.7092575,47.1299211],[28.7092736,47.1299161],[28.7092884,47.1299097],[28.7093045,47.1299001],[28.7093206,47.129886],[28.7097752,47.129469],[28.7099591,47.1293238]]}},{"type":"Feature","id":96,"properties":{"road_id":"D0096","road_class":"public","highway":"service","name":"Strada Școlii","surface":null,"farm_id":null,"length_m":36.07,"source":"osm","cadastral":false},"geometry":{"type":"LineString","coordinates":[[28.7103841,47.1283723],[28.7107561,47.1285744]]}},{"type":"Feature","id":97,"properties":{"road_id":"D0097","road_class":"public","highway":"service","name":"Strada Luceafărul","surface":null,"farm_id":null,"length_m":44.98,"source":"osm","cadastral":false},"geometry":{"type":"LineString","coordinates":[[28.7089115,47.1274744],[28.708992,47.1275073],[28.7090617,47.1275164],[28.7091422,47.1275292],[28.7094828,47.1275685]]}},{"type":"Feature","id":98,"properties":{"road_id":"D0098","road_class":"public","highway":"service","name":"Strada Titu Maiorescu","surface":null,"farm_id":null,"length_m":56.36,"source":"osm","cadastral":false},"geometry":{"type":"LineString","coordinates":[[28.7136789,47.1307656],[28.7130287,47.131011]]}},{"type":"Feature","id":99,"properties":{"road_id":"D0099","road_class":"public","highway":"service","name":"Strada Mihai Viteazu","surface":null,"farm_id":null,"length_m":29.31,"source":"osm","cadastral":false},"geometry":{"type":"LineString","coordinates":[[28.7126747,47.1304635],[28.7128445,47.1302266]]}},{"type":"Feature","id":100,"properties":{"road_id":"D0100","road_class":"public","highway":"residential","name":"Strada Ștefan cel Mare și Sânt","surface":"paved","farm_id":null,"length_m":106.76,"source":"osm","cadastral":false},"geometry":{"type":"LineString","coordinates":[[28.7146425,47.1303074],[28.7142589,47.1303685],[28.7137449,47.1304411],[28.7134885,47.1304256],[28.7132701,47.1303738]]}},{"type":"Feature","id":101,"properties":{"road_id":"D0101","road_class":"field","highway":"track","name":"Strada Mihai Eminescu","surface":"unpaved","farm_id":null,"length_m":141.37,"source":"osm","cadastral":false},"geometry":{"type":"LineString","coordinates":[[28.7075629,47.1248977],[28.7074883,47.1247682],[28.7074397,47.1246916],[28.7074149,47.1245655],[28.7073803,47.1242198],[28.7073481,47.1236447]]}},{"type":"Feature","id":102,"properties":{"road_id":"D0102","road_class":"public","highway":"service","name":"Intrarea Grigore Ureche","surface":null,"farm_id":null,"length_m":50.4,"source":"osm","cadastral":false},"geometry":{"type":"LineString","coordinates":[[28.7102044,47.1321606],[28.710435,47.1320967],[28.7106979,47.1320383],[28.7108293,47.1320073]]}},{"type":"Feature","id":103,"properties":{"road_id":"D0103","road_class":"public","highway":"service","name":"Strada Cuza-Vodă","surface":null,"farm_id":null,"length_m":119.74,"source":"osm","cadastral":true},"geometry":{"type":"LineString","coordinates":[[28.7062991,47.1329096],[28.7063232,47.1328467],[28.7063634,47.1327956],[28.7065458,47.1325675],[28.7067497,47.1322773],[28.7067685,47.1322281],[28.7067631,47.132177],[28.7067309,47.132146],[28.7066612,47.1321022],[28.7064412,47.1320273]]}},{"type":"Feature","id":104,"properties":{"road_id":"D0104","road_class":"public","highway":"residential","name":"Stradela 2 Anastasia Istrati","surface":"unpaved","farm_id":null,"length_m":232.4,"source":"osm","cadastral":true},"geometry":{"type":"LineString","coordinates":[[28.7213004,47.1304971],[28.7211947,47.1304982],[28.7210955,47.1304827],[28.7209959,47.1304618],[28.7208769,47.1304197],[28.7205979,47.1302592],[28.7204289,47.1301935],[28.7200615,47.1300821],[28.7198898,47.1300256],[28.7196618,47.1299307],[28.7193131,47.1298321],[28.7191935,47.1297818],[28.7190905,47.1297245],[28.7189886,47.1296424],[28.7188927,47.129602],[28.7187589,47.1295585],[28.7186366,47.1295295]]}},{"type":"Feature","id":105,"properties":{"road_id":"D0105","road_class":"public","highway":"service","name":"Strada Traian","surface":"unpaved","farm_id":null,"length_m":78.53,"source":"osm","cadastral":true},"geometry":{"type":"LineString","coordinates":[[28.7226615,47.130097],[28.721817,47.1305056]]}},{"type":"Feature","id":106,"properties":{"road_id":"D0106","road_class":"public","highway":"service","name":"Strada Anastasia Istrati","surface":null,"farm_id":null,"length_m":63.28,"source":"osm","cadastral":false},"geometry":{"type":"LineString","coordinates":[[28.7204209,47.1308048],[28.7204826,47.1307701],[28.7205657,47.1307737],[28.7206408,47.1307993],[28.7208527,47.1308887],[28.7209976,47.1309434],[28.7211276,47.1310206]]}},{"type":"Feature","id":107,"properties":{"road_id":"D0107","road_class":"public","highway":"residential","name":"Stradela 3 Decebal","surface":null,"farm_id":null,"length_m":140.58,"source":"osm","cadastral":false},"geometry":{"type":"LineString","coordinates":[[28.7179372,47.1274617],[28.7180324,47.127489],[28.7183623,47.1275912],[28.7185179,47.1276478],[28.718593,47.1276779],[28.7186895,47.1277254],[28.7187485,47.1277637],[28.7187767,47.1277929],[28.7187847,47.1278212],[28.7187754,47.1278604],[28.7187512,47.1278987],[28.718656,47.1280593],[28.718652,47.1280931],[28.7186667,47.1281232],[28.7186922,47.1281542],[28.7187539,47.1281934],[28.7189101,47.1283035]]}},{"type":"Feature","id":108,"properties":{"road_id":"D0108","road_class":"public","highway":"residential","name":"Stradela 2 Decebal","surface":null,"farm_id":null,"length_m":133.85,"source":"osm","cadastral":true},"geometry":{"type":"LineString","coordinates":[[28.7182,47.1291798],[28.7181249,47.1291168],[28.7180632,47.1290803],[28.7179989,47.1290566],[28.7179399,47.1290438],[28.7178728,47.1290438],[28.7178057,47.1290584],[28.7177414,47.1290803],[28.7176958,47.129115],[28.7176099,47.1292026],[28.7173256,47.1296789],[28.7172371,47.1298011],[28.7172012,47.1298177]]}},{"type":"Feature","id":109,"properties":{"road_id":"D0109","road_class":"public","highway":"residential","name":"Stradela 2 Decebal","surface":null,"farm_id":null,"length_m":27.9,"source":"osm","cadastral":false},"geometry":{"type":"LineString","coordinates":[[28.7161884,47.1299781],[28.716234,47.1299252],[28.7163225,47.1298449],[28.7164177,47.1297838]]}},{"type":"Feature","id":110,"properties":{"road_id":"D0110","road_class":"public","highway":"residential","name":"Stradela 2 Decebal","surface":null,"farm_id":null,"length_m":63.11,"source":"osm","cadastral":false},"geometry":{"type":"LineString","coordinates":[[28.7164177,47.1297838],[28.7165183,47.1297464],[28.7166578,47.1297263],[28.7167919,47.129719],[28.7168992,47.12973],[28.7171406,47.1298139],[28.7172012,47.1298177]]}},{"type":"Feature","id":111,"properties":{"road_id":"D0111","road_class":"public","highway":"residential","name":"Stradela 1 Decebal","surface":"unpaved","farm_id":null,"length_m":86.82,"source":"osm","cadastral":false},"geometry":{"type":"LineString","coordinates":[[28.7164512,47.1302592],[28.7165344,47.1302938],[28.7166041,47.1303285],[28.7166551,47.1303449],[28.7167275,47.1303559],[28.7167972,47.130365],[28.7169528,47.1303924],[28.7170064,47.130407],[28.7170842,47.1304489],[28.7171888,47.1305037],[28.7172827,47.1305456],[28.7174361,47.1306307]]}},{"type":"Feature","id":112,"properties":{"road_id":"D0112","road_class":"public","highway":"residential","name":"Stradela 1 Decebal","surface":null,"farm_id":null,"length_m":145.85,"source":"osm","cadastral":false},"geometry":{"type":"LineString","coordinates":[[28.716038,47.13008],[28.7160598,47.1300753],[28.7161401,47.1300748],[28.7162286,47.1300949],[28.7162983,47.1301351],[28.7164003,47.1302044],[28.7164512,47.1302592],[28.7164861,47.1303285],[28.7164995,47.1304015],[28.7164915,47.13048],[28.716462,47.1307555],[28.7164754,47.1308157],[28.7165049,47.1308522],[28.7165746,47.1308942],[28.7167141,47.1309781],[28.7167597,47.1310365],[28.7167758,47.1311277]]}},{"type":"Feature","id":113,"properties":{"road_id":"D0113","road_class":"public","highway":"service","name":"Strada Decebal","surface":null,"farm_id":null,"length_m":71.74,"source":"osm","cadastral":false},"geometry":{"type":"LineString","coordinates":[[28.7193654,47.1273002],[28.7194607,47.1273923],[28.7196484,47.1275912],[28.7197396,47.127708],[28.7198013,47.1277682],[28.7198838,47.1278387]]}},{"type":"Feature","id":114,"properties":{"road_id":"D0114","road_class":"public","highway":"service","name":"Strada Decebal","surface":null,"farm_id":null,"length_m":48.43,"source":"osm","cadastral":false},"geometry":{"type":"LineString","coordinates":[[28.7201312,47.1284827],[28.7197249,47.1283403],[28.7195653,47.128281]]}},{"type":"Feature","id":115,"properties":{"road_id":"D0115","road_class":"field","highway":"path","name":"Strada Burebista","surface":null,"farm_id":null,"length_m":64.28,"source":"osm","cadastral":true},"geometry":{"type":"LineString","coordinates":[[28.71969,47.1261121],[28.7196591,47.1260729],[28.7194566,47.1258165],[28.7193641,47.1257006],[28.7193386,47.1256431],[28.7193131,47.1255957]]}},{"type":"Feature","id":116,"properties":{"road_id":"D0116","road_class":"public","highway":"residential","name":"Strada Burebista","surface":null,"farm_id":null,"length_m":140.67,"source":"osm","cadastral":true},"geometry":{"type":"LineString","coordinates":[[28.7205179,47.1272394],[28.7204692,47.1271952],[28.7203673,47.1270912],[28.7202466,47.1269543],[28.7201822,47.1268613],[28.7201044,47.1267007],[28.7199354,47.1264361],[28.71969,47.1261121]]}},{"type":"Feature","id":117,"properties":{"road_id":"D0117","road_class":"public","highway":"residential","name":"Strada Dacilor","surface":"ground","farm_id":null,"length_m":6.68,"source":"osm","cadastral":true},"geometry":{"type":"LineString","coordinates":[[28.7202573,47.1249067],[28.7202027,47.1248873],[28.7201792,47.124879]]}},{"type":"Feature","id":118,"properties":{"road_id":"D0118","road_class":"public","highway":"residential","name":"Strada Traian","surface":"ground","farm_id":null,"length_m":93.84,"source":"osm","cadastral":false},"geometry":{"type":"LineString","coordinates":[[28.7207451,47.1256743],[28.7207025,47.1256094],[28.7206335,47.1255312],[28.7205574,47.1254184],[28.7204584,47.1252352],[28.7203605,47.1249998],[28.720311,47.1249431],[28.7202573,47.1249067]]}},{"type":"Feature","id":119,"properties":{"road_id":"D0119","road_class":"public","highway":"service","name":"Strada Burebista","surface":null,"farm_id":null,"length_m":89.8,"source":"osm","cadastral":false},"geometry":{"type":"LineString","coordinates":[[28.7190463,47.1238528],[28.7191509,47.1239504],[28.7192635,47.1240746],[28.7195948,47.1244323],[28.7196417,47.1244697],[28.7197149,47.1245166]]}},{"type":"Feature","id":120,"properties":{"road_id":"D0120","road_class":"field","highway":"track","name":null,"surface":null,"farm_id":null,"length_m":136.7,"source":"osm","cadastral":false},"geometry":{"type":"LineString","coordinates":[[28.7250316,47.1303431],[28.7248036,47.1302154],[28.7247151,47.1301515],[28.7246588,47.1300767],[28.7245783,47.1299179],[28.7244254,47.1296478],[28.7243396,47.1294581],[28.7242243,47.1292738]]}},{"type":"Feature","id":121,"properties":{"road_id":"D0121","road_class":"public","highway":"residential","name":"Strada Traian","surface":null,"farm_id":null,"length_m":212.76,"source":"osm","cadastral":true},"geometry":{"type":"LineString","coordinates":[[28.7242243,47.1292738],[28.7240821,47.129031],[28.7239292,47.1287591],[28.7238568,47.1285566],[28.7237978,47.1283923],[28.7236503,47.1280985],[28.72361,47.1280237],[28.7235457,47.1279909],[28.7234437,47.1279653],[28.7229905,47.127896],[28.7228912,47.1278887],[28.7227813,47.1278626]]}},{"type":"Feature","id":122,"properties":{"road_id":"D0122","road_class":"public","highway":"residential","name":"Strada Traian","surface":"ground","farm_id":null,"length_m":151.66,"source":"osm","cadastral":true},"geometry":{"type":"LineString","coordinates":[[28.7207839,47.1270288],[28.7208044,47.1269236],[28.7208071,47.1268156],[28.720795,47.1266712],[28.720803,47.1265412],[28.7208497,47.12604],[28.7208286,47.1259087],[28.7207843,47.1257745],[28.7207451,47.1256743]]}},{"type":"Feature","id":123,"properties":{"road_id":"D0123","road_class":"public","highway":"service","name":"Strada Traian","surface":null,"farm_id":null,"length_m":115.5,"source":"osm","cadastral":false},"geometry":{"type":"LineString","coordinates":[[28.7216131,47.1257946],[28.7214965,47.1254771],[28.7214616,47.1254296],[28.7214147,47.125405],[28.7213436,47.1253968],[28.7212577,47.1253995],[28.7209547,47.1254406],[28.7208849,47.1254625],[28.7208286,47.1254917],[28.7207843,47.1255254],[28.7207575,47.1255619],[28.7207451,47.1256743]]}},{"type":"Feature","id":124,"properties":{"road_id":"D0124","road_class":"public","highway":"residential","name":"Starda Dacilor","surface":"ground","farm_id":null,"length_m":151.06,"source":"osm","cadastral":true},"geometry":{"type":"LineString","coordinates":[[28.7142755,47.1190266],[28.7146193,47.1195374],[28.7150172,47.1200658],[28.7151706,47.1202395]]}},{"type":"Feature","id":125,"properties":{"road_id":"D0125","road_class":"public","highway":"residential","name":"Starda Dacilor","surface":"unpaved","farm_id":null,"length_m":161.07,"source":"osm","cadastral":true},"geometry":{"type":"LineString","coordinates":[[28.7151706,47.1202395],[28.7154749,47.1206306],[28.7155446,47.120711],[28.7155932,47.1207879],[28.7156354,47.1208442],[28.7158686,47.121245],[28.7159443,47.1213826],[28.7160103,47.1214735],[28.7160848,47.1215431]]}},{"type":"Feature","id":126,"properties":{"road_id":"D0126","road_class":"public","highway":"residential","name":"Strada Dacilor","surface":"unpaved","farm_id":null,"length_m":264.9,"source":"osm","cadastral":false},"geometry":{"type":"LineString","coordinates":[[28.7160848,47.1215431],[28.7165336,47.1212617],[28.7166658,47.1212311],[28.7168026,47.1212402],[28.7169693,47.1212817],[28.7181552,47.1217226],[28.7184522,47.1218024],[28.7185372,47.1218194],[28.7186372,47.1218243],[28.7190878,47.1217951],[28.7192014,47.1218131]]}},{"type":"Feature","id":127,"properties":{"road_id":"D0127","road_class":"public","highway":"service","name":null,"surface":null,"farm_id":null,"length_m":30.11,"source":"osm","cadastral":false},"geometry":{"type":"LineString","coordinates":[[28.7172646,47.1230377],[28.7175804,47.1228737]]}},{"type":"Feature","id":128,"properties":{"road_id":"D0128","road_class":"field","highway":"path","name":"Strada Burebista","surface":"unpaved","farm_id":null,"length_m":4.76,"source":"osm","cadastral":true},"geometry":{"type":"LineString","coordinates":[[28.7192783,47.1255601],[28.7193131,47.1255957]]}},{"type":"Feature","id":129,"properties":{"road_id":"D0129","road_class":"field","highway":"path","name":"Pod 27 August","surface":"unpaved","farm_id":null,"length_m":10.82,"source":"osm","cadastral":true},"geometry":{"type":"LineString","coordinates":[[28.7191978,47.1254798],[28.7192783,47.1255601]]}},{"type":"Feature","id":130,"properties":{"road_id":"D0130","road_class":"public","highway":"residential","name":"Strada George Coșbuc","surface":"ground","farm_id":null,"length_m":272.36,"source":"osm","cadastral":true},"geometry":{"type":"LineString","coordinates":[[28.7132018,47.1226136],[28.7137034,47.1222082],[28.7147033,47.1214278],[28.7153837,47.1209172],[28.7155932,47.1207879]]}},{"type":"Feature","id":131,"properties":{"road_id":"D0131","road_class":"public","highway":"residential","name":"Strada Ion Tudor","surface":"ground","farm_id":null,"length_m":107.02,"source":"osm","cadastral":false},"geometry":{"type":"LineString","coordinates":[[28.7138761,47.1273586],[28.7139932,47.1274908],[28.7140264,47.1275416],[28.7140641,47.1276013],[28.7141119,47.1276782],[28.7141633,47.1277591],[28.7143259,47.1279882],[28.7143658,47.1280538],[28.7143913,47.1281159],[28.714391,47.1281732],[28.7143593,47.1282383]]}},{"type":"Feature","id":132,"properties":{"road_id":"D0132","road_class":"public","highway":"service","name":"Stradela 1 Decembrie 1918","surface":null,"farm_id":null,"length_m":50.31,"source":"osm","cadastral":false},"geometry":{"type":"LineString","coordinates":[[28.7157699,47.1243921],[28.7159899,47.124404],[28.7161025,47.1244049],[28.7162326,47.1243976],[28.7164317,47.1243914]]}},{"type":"Feature","id":133,"properties":{"road_id":"D0133","road_class":"public","highway":"service","name":"Strada Dacilor","surface":null,"farm_id":null,"length_m":54.27,"source":"osm","cadastral":false},"geometry":{"type":"LineString","coordinates":[[28.7170413,47.1237205],[28.7172291,47.1235544],[28.717382,47.1234394],[28.7175141,47.1233555]]}},{"type":"Feature","id":134,"properties":{"road_id":"D0134","road_class":"public","highway":"residential","name":"Strada Ion Tudor","surface":"ground","farm_id":null,"length_m":44.09,"source":"osm","cadastral":true},"geometry":{"type":"LineString","coordinates":[[28.7135468,47.1268189],[28.7135035,47.1268576],[28.7134901,47.1269051],[28.7135264,47.1269741],[28.7137013,47.1271663]]}},{"type":"Feature","id":135,"properties":{"road_id":"D0135","road_class":"public","highway":"service","name":"Strada Ștefan cel Mare și Sfânt","surface":"ground","farm_id":null,"length_m":80.42,"source":"osm","cadastral":false},"geometry":{"type":"LineString","coordinates":[[28.7143593,47.1282383],[28.7144893,47.1282957],[28.7148818,47.1284463],[28.7152853,47.1285898]]}},{"type":"Feature","id":136,"properties":{"road_id":"D0136","road_class":"public","highway":"tertiary","name":"Strada Ștefan cel Mare și Sânt","surface":null,"farm_id":null,"length_m":91.9,"source":"osm","cadastral":true},"geometry":{"type":"LineString","coordinates":[[28.7142273,47.1319447],[28.7142139,47.1320281],[28.7140817,47.132616],[28.7140519,47.1327627]]}},{"type":"Feature","id":137,"properties":{"road_id":"D0137","road_class":"field","highway":"path","name":null,"surface":null,"farm_id":null,"length_m":7.73,"source":"osm","cadastral":true},"geometry":{"type":"LineString","coordinates":[[28.715896,47.1300657],[28.7159965,47.1300771]]}},{"type":"Feature","id":138,"properties":{"road_id":"D0138","road_class":"field","highway":"path","name":null,"surface":null,"farm_id":null,"length_m":97.71,"source":"osm","cadastral":true},"geometry":{"type":"LineString","coordinates":[[28.7146783,47.1301971],[28.714807,47.1302044],[28.715145,47.1302391],[28.7152764,47.1302427],[28.7153918,47.1302373],[28.7155044,47.1302044],[28.7156492,47.1301424],[28.7157807,47.1300821],[28.715837,47.1300712],[28.715896,47.1300657]]}},{"type":"Feature","id":139,"properties":{"road_id":"D0139","road_class":"field","highway":"path","name":"Strada Ștefan cel Mare și Sânt","surface":null,"farm_id":null,"length_m":5.57,"source":"osm","cadastral":true},"geometry":{"type":"LineString","coordinates":[[28.7163265,47.1296415],[28.7163077,47.1295931]]}},{"type":"Feature","id":140,"properties":{"road_id":"D0140","road_class":"field","highway":"path","name":"Strada Ștefan cel Mare și Sânt","surface":null,"farm_id":null,"length_m":17.36,"source":"osm","cadastral":true},"geometry":{"type":"LineString","coordinates":[[28.7164177,47.1297838],[28.7163641,47.1297208],[28.7163265,47.1296415]]}},{"type":"Feature","id":141,"properties":{"road_id":"D0141","road_class":"field","highway":"path","name":"Strada Ștefan cel Mare și Sânt","surface":null,"farm_id":null,"length_m":75.96,"source":"osm","cadastral":false},"geometry":{"type":"LineString","coordinates":[[28.7163077,47.1295931],[28.7162568,47.1293805],[28.7162299,47.1293057],[28.7161629,47.1292309],[28.7161119,47.1291487],[28.7160717,47.1290356],[28.7160207,47.1289444]]}},{"type":"Feature","id":142,"properties":{"road_id":"D0142","road_class":"public","highway":"service","name":"Strada Ștefan cel Mare și Sânt","surface":null,"farm_id":null,"length_m":49.76,"source":"osm","cadastral":false},"geometry":{"type":"LineString","coordinates":[[28.7154509,47.1282618],[28.7156841,47.128334],[28.7158531,47.1283778],[28.715947,47.1284124],[28.7160167,47.1284726]]}},{"type":"Feature","id":143,"properties":{"road_id":"D0143","road_class":"public","highway":"service","name":"Strada Ștefan cel Mare și Sfînt","surface":null,"farm_id":null,"length_m":90.38,"source":"osm","cadastral":false},"geometry":{"type":"LineString","coordinates":[[28.7164003,47.1279361],[28.7164995,47.1277244],[28.7165102,47.127677],[28.7164754,47.1276369],[28.716411,47.1276095],[28.7158478,47.1273862]]}},{"type":"Feature","id":144,"properties":{"road_id":"D0144","road_class":"field","highway":"path","name":"Strada Ștefan cel Mare și Sânt","surface":null,"farm_id":null,"length_m":5.74,"source":"osm","cadastral":true},"geometry":{"type":"LineString","coordinates":[[28.7178768,47.1274306],[28.7179372,47.1274617]]}},{"type":"Feature","id":145,"properties":{"road_id":"D0145","road_class":"public","highway":"service","name":"Strada Ștefan cel Mare și Sânt","surface":null,"farm_id":null,"length_m":147.28,"source":"osm","cadastral":false},"geometry":{"type":"LineString","coordinates":[[28.7162822,47.1264817],[28.7164164,47.1265237],[28.7165853,47.1265766],[28.7171352,47.1267974],[28.717272,47.1268394],[28.7174624,47.1269087],[28.7175482,47.1269452],[28.7176046,47.1269854],[28.7176314,47.1270346],[28.7176475,47.1271022],[28.7176609,47.1271825],[28.717685,47.1272399],[28.7177024,47.1272632]]}},{"type":"Feature","id":146,"properties":{"road_id":"D0146","road_class":"public","highway":"service","name":"Strada Ștefan cel Mare și Sânt","surface":null,"farm_id":null,"length_m":87.69,"source":"osm","cadastral":false},"geometry":{"type":"LineString","coordinates":[[28.7174115,47.126186],[28.7174061,47.126093],[28.717382,47.1260273],[28.7173337,47.1259926],[28.7171674,47.1259178],[28.7166032,47.1256961]]}},{"type":"Feature","id":147,"properties":{"road_id":"D0147","road_class":"public","highway":"service","name":"Strada Ștefan cel Mare și Sânt","surface":null,"farm_id":null,"length_m":147.78,"source":"osm","cadastral":false},"geometry":{"type":"LineString","coordinates":[[28.7182349,47.1257426],[28.7182456,47.125644],[28.7182456,47.1255929],[28.7182188,47.1255528],[28.7181732,47.1255236],[28.7181115,47.125478],[28.7179157,47.1253064],[28.7178299,47.1252243],[28.7177896,47.1251586],[28.7177789,47.1251038],[28.7177575,47.1249834],[28.7177387,47.1249396],[28.7177065,47.1248976],[28.7176448,47.1248483],[28.7175778,47.1248064],[28.7174946,47.1247662],[28.7172723,47.1246788]]}},{"type":"Feature","id":148,"properties":{"road_id":"D0148","road_class":"public","highway":"tertiary","name":"R1-Roșcani-stația Ghidighici","surface":null,"farm_id":null,"length_m":1106.48,"source":"osm","cadastral":false},"geometry":{"type":"LineString","coordinates":[[28.7254118,47.1091888],[28.7253309,47.1093257],[28.7251612,47.1096127],[28.7249454,47.1100402],[28.7245179,47.1108799],[28.7244562,47.1109984],[28.7239292,47.1120109],[28.7236386,47.1125693],[28.7234888,47.1128559],[28.7233328,47.1131687],[28.7230083,47.1137771],[28.722396,47.115011],[28.7221032,47.1157028],[28.72184,47.1163974],[28.7213141,47.1177865],[28.720923,47.1186525]]}},{"type":"Feature","id":149,"properties":{"road_id":"D0149","road_class":"public","highway":"service","name":"Strada Ștefan cel Mare și Sânt","surface":null,"farm_id":null,"length_m":201.93,"source":"osm","cadastral":false},"geometry":{"type":"LineString","coordinates":[[28.7185472,47.1210658],[28.7185809,47.120961],[28.7186024,47.1208898],[28.7190047,47.1201488],[28.7194352,47.119355]]}},{"type":"Feature","id":150,"properties":{"road_id":"D0150","road_class":"public","highway":"service","name":"Strada Ion Tudor","surface":null,"farm_id":null,"length_m":55.85,"source":"osm","cadastral":false},"geometry":{"type":"LineString","coordinates":[[28.7118183,47.1299041],[28.7118499,47.1298668],[28.7118848,47.1298413],[28.7121704,47.1296433],[28.7123243,47.129541]]}},{"type":"Feature","id":151,"properties":{"road_id":"D0151","road_class":"public","highway":"tertiary","name":"Strada Ștefan cel Mare și Sânt","surface":null,"farm_id":null,"length_m":941.76,"source":"osm","cadastral":true},"geometry":{"type":"LineString","coordinates":[[28.7179445,47.1239234],[28.7178712,47.1240056],[28.7175843,47.1243202],[28.717305,47.1246367],[28.7172723,47.1246788],[28.7170284,47.124993],[28.7168518,47.1252355],[28.7166964,47.1255045],[28.7166032,47.1256961],[28.7164407,47.12605],[28.7162822,47.1264817],[28.716175,47.1267401],[28.716149,47.126798],[28.7160581,47.1270006],[28.7159578,47.1272034],[28.7158478,47.1273862],[28.7156528,47.1277614],[28.7154509,47.1282618],[28.7153681,47.1284258],[28.7152853,47.1285898],[28.7150589,47.1290492],[28.7149412,47.129356],[28.7148396,47.1296752],[28.7147337,47.1299955],[28.7146783,47.1301971],[28.7146425,47.1303074],[28.7144792,47.1310417],[28.7144037,47.1312697],[28.7143215,47.1314895],[28.714261,47.1316862],[28.7142273,47.1319447]]}},{"type":"Feature","id":152,"properties":{"road_id":"D0152","road_class":"public","highway":"residential","name":"Strada Dacilor","surface":"ground","farm_id":null,"length_m":158.24,"source":"osm","cadastral":true},"geometry":{"type":"LineString","coordinates":[[28.7179445,47.1239234],[28.7179951,47.1240132],[28.7181803,47.1242226],[28.7183931,47.1244578],[28.7184722,47.1245306],[28.718605,47.1245783],[28.7188235,47.1246435],[28.7189805,47.1246786],[28.719466,47.1247443]]}},{"type":"Feature","id":153,"properties":{"road_id":"D0153","road_class":"public","highway":"service","name":null,"surface":null,"farm_id":null,"length_m":80.42,"source":"osm","cadastral":false},"geometry":{"type":"LineString","coordinates":[[28.7095333,47.1308915],[28.7093067,47.1308277],[28.7091297,47.1307639],[28.7088481,47.1306526],[28.7087274,47.1306215],[28.7086429,47.1306197],[28.7085691,47.1306316]]}},{"type":"Feature","id":154,"properties":{"road_id":"D0154","road_class":"public","highway":"residential","name":"Strada Ostașului Tudor","surface":"ground","farm_id":null,"length_m":63.89,"source":"osm","cadastral":true},"geometry":{"type":"LineString","coordinates":[[28.7156552,47.1323139],[28.715902,47.1323812],[28.7160033,47.1323978],[28.716124,47.1323905],[28.7163261,47.1323684],[28.7164701,47.1323499]]}},{"type":"Feature","id":155,"properties":{"road_id":"D0155","road_class":"public","highway":"residential","name":"Strada 1 Decembrie 1918","surface":"unpaved","farm_id":null,"length_m":106.19,"source":"osm","cadastral":true},"geometry":{"type":"LineString","coordinates":[[28.7113985,47.121581],[28.7114811,47.1216564],[28.7115991,47.1217184],[28.7118861,47.1218352],[28.7120846,47.1219392],[28.7123837,47.1220752],[28.7125177,47.1221455]]}},{"type":"Feature","id":156,"properties":{"road_id":"D0156","road_class":"public","highway":"residential","name":"Strada Tineretului","surface":"unpaved","farm_id":null,"length_m":299.68,"source":"osm","cadastral":true},"geometry":{"type":"LineString","coordinates":[[28.7125177,47.1221455],[28.7131775,47.1216272],[28.7136533,47.121262],[28.714089,47.1209148],[28.7144922,47.12059],[28.7147775,47.1203861],[28.7149343,47.1202436],[28.7149975,47.1202145],[28.7150743,47.120208],[28.7151706,47.1202395]]}},{"type":"Feature","id":157,"properties":{"road_id":"D0157","road_class":"public","highway":"residential","name":"Strada 1 Decembrie 1918","surface":"unpaved","farm_id":null,"length_m":73.56,"source":"osm","cadastral":true},"geometry":{"type":"LineString","coordinates":[[28.7125177,47.1221455],[28.7126546,47.122224],[28.7130663,47.1225196],[28.7132018,47.1226136]]}},{"type":"Feature","id":158,"properties":{"road_id":"D0158","road_class":"public","highway":"residential","name":"Strada George Coșbuc","surface":"ground","farm_id":null,"length_m":252.39,"source":"osm","cadastral":true},"geometry":{"type":"LineString","coordinates":[[28.7109988,47.1243147],[28.7116382,47.1238353],[28.7125647,47.1230945],[28.7132018,47.1226136]]}},{"type":"Feature","id":159,"properties":{"road_id":"D0159","road_class":"public","highway":"residential","name":"Strada Ion Tudor","surface":"ground","farm_id":null,"length_m":25.15,"source":"osm","cadastral":true},"geometry":{"type":"LineString","coordinates":[[28.7137013,47.1271663],[28.7138761,47.1273586]]}},{"type":"Feature","id":160,"properties":{"road_id":"D0160","road_class":"field","highway":"track","name":null,"surface":null,"farm_id":null,"length_m":1564.8,"source":"osm","cadastral":false},"geometry":{"type":"LineString","coordinates":[[28.7275516,47.124498],[28.7276294,47.1245272],[28.7277957,47.124759],[28.7279164,47.1249652],[28.7280049,47.1252134],[28.7280773,47.1255419],[28.7281444,47.1257007],[28.7283563,47.1260821],[28.7285011,47.126281],[28.7285762,47.1263595],[28.728713,47.1264234],[28.7288444,47.1265493],[28.7290617,47.1268924],[28.7295069,47.1276132],[28.7297671,47.128022],[28.7298261,47.1281534],[28.7298529,47.1283158],[28.7298797,47.128637],[28.7299227,47.1287793],[28.7299897,47.1289289],[28.7300548,47.1290162],[28.7300863,47.1290585],[28.7301775,47.1291662],[28.7302901,47.1293213],[28.730325,47.1294089],[28.7303733,47.1295056],[28.7304797,47.1296477],[28.7305181,47.129699],[28.7308373,47.130064],[28.7310224,47.1302483],[28.7312986,47.1306041],[28.7314542,47.130803],[28.7316929,47.1311096],[28.7320094,47.1315567],[28.7321999,47.1318504],[28.7322535,47.1319818],[28.7323554,47.1321023],[28.7324895,47.1322063],[28.732629,47.1323048],[28.732849,47.1323906],[28.733026,47.1324398],[28.7332406,47.1325402],[28.7335356,47.1326935],[28.7337502,47.132834],[28.733895,47.1329617],[28.7340425,47.1331168],[28.7341954,47.1332354],[28.7343698,47.1333321],[28.7345468,47.1334379],[28.7347238,47.1335073],[28.734933,47.1336186],[28.7350671,47.1337408],[28.7351476,47.1338558],[28.7352415,47.1340145],[28.7353501,47.1342473],[28.7353649,47.1342791],[28.7354909,47.1343977],[28.735617,47.1344762],[28.7358235,47.1345802],[28.7359979,47.1346513],[28.7362017,47.1347608],[28.7363519,47.134925],[28.7365853,47.1352936],[28.7367006,47.1354396],[28.7367703,47.1355162],[28.736883,47.1355856],[28.7371271,47.1357881],[28.7372746,47.1359103],[28.7374141,47.1359979],[28.7375509,47.1360381],[28.7378113,47.1362236]]}},{"type":"Feature","id":161,"properties":{"road_id":"D0161","road_class":"public","highway":"residential","name":"Strada Protoiereul Mihail Cazacu","surface":"unpaved","farm_id":null,"length_m":254.16,"source":"osm","cadastral":true},"geometry":{"type":"LineString","coordinates":[[28.7094782,47.1264768],[28.709574,47.126374],[28.709684,47.1262828],[28.7099806,47.1260996],[28.7107274,47.1256203],[28.7109017,47.1255108],[28.7110893,47.1253737],[28.7115964,47.124894],[28.7117045,47.1247832]]}},{"type":"Feature","id":162,"properties":{"road_id":"D0162","road_class":"public","highway":"residential","name":"Strada Independenţei","surface":"ground","farm_id":null,"length_m":242.04,"source":"osm","cadastral":true},"geometry":{"type":"LineString","coordinates":[[28.7092706,47.1233889],[28.7094212,47.1234577],[28.7102365,47.1238428],[28.7103447,47.1238992],[28.7104726,47.1239724],[28.7108615,47.1242333],[28.7109988,47.1243147],[28.7111522,47.1244041],[28.7115133,47.1246257],[28.7116152,47.1247005],[28.7117045,47.1247832]]}},{"type":"Feature","id":163,"properties":{"road_id":"D0163","road_class":"field","highway":"path","name":"Strada Ștefan cel Mare și Sânt","surface":null,"farm_id":null,"length_m":22.89,"source":"osm","cadastral":false},"geometry":{"type":"LineString","coordinates":[[28.7177024,47.1272632],[28.717728,47.1272974],[28.7177977,47.1273631],[28.7178768,47.1274306]]}},{"type":"Feature","id":164,"properties":{"road_id":"D0164","road_class":"public","highway":"living_street","name":"Strada Ștefan cel Mare și Sfînt","surface":null,"farm_id":null,"length_m":42.07,"source":"osm","cadastral":false},"geometry":{"type":"LineString","coordinates":[[28.716149,47.126798],[28.7166252,47.1269919]]}},{"type":"Feature","id":165,"properties":{"road_id":"D0165","road_class":"field","highway":"track","name":null,"surface":null,"farm_id":null,"length_m":639.43,"source":"osm","cadastral":false},"geometry":{"type":"LineString","coordinates":[[28.7221092,47.1230475],[28.7223011,47.1229467],[28.7223923,47.1228846],[28.7224889,47.1228007],[28.7239319,47.121253],[28.7247258,47.1204792],[28.7251282,47.1200776],[28.725273,47.1199243],[28.7253588,47.1198148],[28.7254929,47.1196651],[28.726083,47.1190665],[28.7264693,47.1186978],[28.7267938,47.1183772],[28.7268609,47.1183109]]}},{"type":"Feature","id":166,"properties":{"road_id":"D0166","road_class":"public","highway":"service","name":"Strada Industrială","surface":null,"farm_id":null,"length_m":59.5,"source":"osm","cadastral":false},"geometry":{"type":"LineString","coordinates":[[28.7257853,47.1264908],[28.7255627,47.1265273],[28.7250745,47.1266076],[28.7250511,47.1266099],[28.7250216,47.1266099]]}},{"type":"Feature","id":167,"properties":{"road_id":"D0167","road_class":"public","highway":"service","name":null,"surface":null,"farm_id":null,"length_m":17.47,"source":"osm","cadastral":false},"geometry":{"type":"LineString","coordinates":[[28.7256059,47.1266432],[28.7258282,47.1266021]]}},{"type":"Feature","id":168,"properties":{"road_id":"D0168","road_class":"public","highway":"service","name":null,"surface":null,"farm_id":null,"length_m":12.79,"source":"osm","cadastral":false},"geometry":{"type":"LineString","coordinates":[[28.7258282,47.1266021],[28.7257853,47.1264908]]}},{"type":"Feature","id":169,"properties":{"road_id":"D0169","road_class":"public","highway":"service","name":"Strada Industrială","surface":null,"farm_id":null,"length_m":465.08,"source":"osm","cadastral":false},"geometry":{"type":"LineString","coordinates":[[28.7250216,47.1266099],[28.7249894,47.1266071],[28.7249639,47.126598],[28.7249397,47.1265862],[28.7249216,47.1265729],[28.7249029,47.1265437],[28.7246534,47.1259287],[28.72464,47.1258831],[28.7246239,47.1258284],[28.7245649,47.1256477],[28.7244388,47.1253593],[28.7242833,47.1250418],[28.7242162,47.1249414],[28.7239882,47.1247005],[28.723315,47.1240946],[28.7231997,47.1240107],[28.7230119,47.123903],[28.7228698,47.1238391],[28.7227491,47.1237698],[28.7226525,47.1236986],[28.7225613,47.1236092],[28.7224299,47.1234522],[28.7221092,47.1230475]]}},{"type":"Feature","id":170,"properties":{"road_id":"D0170","road_class":"public","highway":"service","name":null,"surface":null,"farm_id":null,"length_m":72.43,"source":"osm","cadastral":false},"geometry":{"type":"LineString","coordinates":[[28.7257987,47.1271587],[28.7256059,47.1266432],[28.7255627,47.1265273]]}},{"type":"Feature","id":171,"properties":{"road_id":"D0171","road_class":"field","highway":"track","name":null,"surface":null,"farm_id":null,"length_m":504.42,"source":"osm","cadastral":false},"geometry":{"type":"LineString","coordinates":[[28.7221092,47.1230475],[28.7221845,47.1230745],[28.7226378,47.123184],[28.7232198,47.1233045],[28.7236329,47.1233519],[28.723767,47.1233519],[28.7242015,47.1233027],[28.7246012,47.123341],[28.7250223,47.1234049],[28.7252154,47.1234359],[28.7253629,47.123487],[28.7254434,47.1235509],[28.7255158,47.1236531],[28.7256043,47.1238118],[28.7258484,47.1242152],[28.7260469,47.1244597],[28.726181,47.1245583],[28.7263661,47.1246513],[28.7265645,47.1246842],[28.7267603,47.1247079],[28.7269722,47.1246988],[28.7271949,47.124644],[28.7274497,47.1245382],[28.7275516,47.124498]]}},{"type":"Feature","id":172,"properties":{"road_id":"D0172","road_class":"field","highway":"track","name":null,"surface":null,"farm_id":null,"length_m":2344.67,"source":"osm","cadastral":false},"geometry":{"type":"LineString","coordinates":[[28.7412335,47.1182689],[28.7412642,47.1179327],[28.7410894,47.1172207],[28.74133,47.1168448],[28.7414602,47.1163461],[28.7414573,47.1161151],[28.7413606,47.1159232],[28.7413166,47.1157664],[28.7414262,47.1154172],[28.7414242,47.114907],[28.741355,47.1146367],[28.7413707,47.1142157],[28.7413457,47.1139519],[28.7412382,47.1136964],[28.740496,47.1129493],[28.7403558,47.1126735],[28.7403504,47.1126497],[28.7402857,47.1123621],[28.7401742,47.1117418],[28.740058,47.1114218],[28.7390737,47.1099063],[28.7388475,47.1098396],[28.7356249,47.110686],[28.7344361,47.1113311],[28.734302,47.1114268],[28.7340784,47.1115957],[28.7336541,47.112077],[28.73243,47.1130471],[28.7308381,47.1141766],[28.7296968,47.1150593],[28.7290993,47.1156066],[28.7288217,47.1159186],[28.7285576,47.116393],[28.7283831,47.1166402],[28.7281088,47.1169925],[28.7276925,47.1175105],[28.7268609,47.1183109]]}},{"type":"Feature","id":173,"properties":{"road_id":"D0173","road_class":"public","highway":"service","name":null,"surface":null,"farm_id":null,"length_m":87.9,"source":"osm","cadastral":false},"geometry":{"type":"LineString","coordinates":[[28.70887,47.1302501],[28.7081974,47.13],[28.7081666,47.1299859],[28.7081498,47.1299745],[28.7081263,47.1299585],[28.7081069,47.1299425],[28.7080184,47.1298559],[28.707954,47.129792]]}},{"type":"Feature","id":174,"properties":{"road_id":"D0174","road_class":"public","highway":"service","name":null,"surface":null,"farm_id":null,"length_m":76.59,"source":"osm","cadastral":false},"geometry":{"type":"LineString","coordinates":[[28.70887,47.1302501],[28.7086239,47.1305178],[28.7086091,47.1305374],[28.7085991,47.1305575],[28.7085691,47.1306316],[28.708481,47.1307674],[28.7084234,47.1308641]]}},{"type":"Feature","id":175,"properties":{"road_id":"D0175","road_class":"field","highway":"track","name":null,"surface":null,"farm_id":null,"length_m":396.89,"source":"osm","cadastral":false},"geometry":{"type":"LineString","coordinates":[[28.7073649,47.1230059],[28.7073544,47.1226968],[28.7074029,47.1221607],[28.7073463,47.1218679],[28.7073516,47.1215532],[28.707418,47.1213287],[28.7074122,47.1209674],[28.7074589,47.120848],[28.7074763,47.1202908],[28.707463,47.1200152],[28.7074747,47.1198032],[28.7074053,47.1194512]]}},{"type":"Feature","id":176,"properties":{"road_id":"D0176","road_class":"field","highway":"track","name":null,"surface":null,"farm_id":null,"length_m":445.5,"source":"osm","cadastral":false},"geometry":{"type":"LineString","coordinates":[[28.7074053,47.1194512],[28.7073368,47.1192219],[28.7073208,47.1190642],[28.7066883,47.1182658],[28.706143,47.1177024],[28.7060236,47.117579],[28.7059263,47.1174718],[28.7057667,47.1172959],[28.7056047,47.1170527],[28.7055147,47.1170023],[28.7054055,47.1168096],[28.7052525,47.1166444],[28.7051996,47.1165873],[28.7050464,47.1164018],[28.704966,47.1163557],[28.7048208,47.1161414],[28.7047365,47.1160082],[28.7047535,47.1159391]]}},{"type":"Feature","id":177,"properties":{"road_id":"D0177","road_class":"field","highway":"track","name":"Strada Mihai Eminescu","surface":null,"farm_id":null,"length_m":8.15,"source":"osm","cadastral":false},"geometry":{"type":"LineString","coordinates":[[28.7047365,47.1160082],[28.7046294,47.1160023]]}},{"type":"Feature","id":178,"properties":{"road_id":"D0178","road_class":"internal","highway":"track","name":null,"surface":null,"farm_id":"F13","length_m":6.27,"source":"osm","cadastral":false},"geometry":{"type":"LineString","coordinates":[[28.7116446,47.1179207],[28.7115727,47.1178928]]}},{"type":"Feature","id":179,"properties":{"road_id":"D0179","road_class":"field","highway":"track","name":null,"surface":null,"farm_id":null,"length_m":507.73,"source":"osm","cadastral":false},"geometry":{"type":"MultiLineString","coordinates":[[[28.7115727,47.1178928],[28.7115561,47.1178864],[28.7114185,47.1177633],[28.7112078,47.1174648],[28.7110091,47.1172376],[28.7109627,47.117156],[28.7108335,47.1170355],[28.710751,47.1168666],[28.7106618,47.1168026],[28.7106091,47.116716],[28.7104526,47.1165664],[28.7103273,47.1164676],[28.7101608,47.116411],[28.7100729,47.1164001],[28.7099218,47.1164484]],[[28.7142755,47.1190266],[28.7142129,47.1189234],[28.7140384,47.1186889],[28.7139527,47.1185762],[28.7135049,47.1182141],[28.7133893,47.1181317],[28.7129958,47.117935],[28.7125998,47.1177249],[28.7125335,47.1176773],[28.7124264,47.1176446],[28.7122851,47.1176863],[28.7120103,47.1178558],[28.7118844,47.1179726],[28.7117748,47.1179711],[28.7116446,47.1179207]]]}},{"type":"Feature","id":180,"properties":{"road_id":"D0180","road_class":"public","highway":"residential","name":"Strada Dacilor","surface":null,"farm_id":null,"length_m":22.13,"source":"osm","cadastral":false},"geometry":{"type":"LineString","coordinates":[[28.719466,47.1247443],[28.719752,47.1247835]]}},{"type":"Feature","id":181,"properties":{"road_id":"D0181","road_class":"public","highway":"service","name":"Strada Industrială","surface":null,"farm_id":null,"length_m":113.45,"source":"osm","cadastral":true},"geometry":{"type":"LineString","coordinates":[[28.7196314,47.121972],[28.7199922,47.1221423],[28.7204089,47.122339],[28.720844,47.1225687]]}},{"type":"Feature","id":182,"properties":{"road_id":"D0182","road_class":"public","highway":"service","name":"Strada Industrială","surface":null,"farm_id":null,"length_m":31.55,"source":"osm","cadastral":true},"geometry":{"type":"LineString","coordinates":[[28.720844,47.1225687],[28.7211937,47.1227223]]}},{"type":"Feature","id":183,"properties":{"road_id":"D0183","road_class":"field","highway":"track","name":null,"surface":null,"farm_id":null,"length_m":753.31,"source":"osm","cadastral":false},"geometry":{"type":"LineString","coordinates":[[28.7275516,47.124498],[28.727678,47.1243836],[28.7280161,47.1242619],[28.7303369,47.1236791],[28.7313934,47.1233258],[28.731714,47.1232963],[28.7327379,47.1230027],[28.7328587,47.1229681],[28.733186,47.1228362],[28.7358499,47.122075],[28.7366279,47.1218335]]}},{"type":"Feature","id":184,"properties":{"road_id":"D0184","road_class":"field","highway":"track","name":null,"surface":null,"farm_id":null,"length_m":1647.67,"source":"osm","cadastral":false},"geometry":{"type":"LineString","coordinates":[[28.7267938,47.1183772],[28.726651,47.118212],[28.726453,47.1180711],[28.7262158,47.1177445],[28.7261949,47.1173891],[28.7259918,47.1168071],[28.7256171,47.1162327],[28.7253249,47.1159396],[28.7255438,47.1152344],[28.7260342,47.1143719],[28.7265082,47.1137473],[28.7298514,47.1114152],[28.7311356,47.1104596],[28.7314005,47.1101701],[28.7316978,47.1077908],[28.7322935,47.1074075],[28.7324928,47.1070667],[28.7325849,47.1067875],[28.7324541,47.1067114],[28.7319756,47.1066931],[28.7315541,47.1064622],[28.7310346,47.1061532]]}},{"type":"Feature","id":185,"properties":{"road_id":"D0185","road_class":"field","highway":"track","name":null,"surface":null,"farm_id":null,"length_m":1661.71,"source":"osm","cadastral":false},"geometry":{"type":"LineString","coordinates":[[28.7344361,47.1113311],[28.734811,47.1115225],[28.734914,47.1119698],[28.7347798,47.1126162],[28.7347512,47.1127543],[28.7342646,47.1136013],[28.733276,47.1144012],[28.7328031,47.1150301],[28.7321827,47.1153901],[28.7313602,47.1165407],[28.7308838,47.1173999],[28.7304917,47.1180014],[28.7303612,47.118299],[28.7303863,47.1185081],[28.7296659,47.1195869],[28.7291506,47.1201712],[28.7283767,47.1213745],[28.7281432,47.1219098],[28.7283512,47.1221652],[28.7284971,47.1224022],[28.7280943,47.1226829],[28.7277888,47.1229623],[28.7273935,47.1234465],[28.7270646,47.1237559],[28.7272236,47.1241327],[28.7275516,47.124498]]}},{"type":"Feature","id":186,"properties":{"road_id":"D0186","road_class":"field","highway":"track","name":"Drumul Cărbuna","surface":null,"farm_id":null,"length_m":885.36,"source":"osm","cadastral":false},"geometry":{"type":"LineString","coordinates":[[28.6999428,47.137625],[28.7002162,47.1370534],[28.7005815,47.1362483],[28.7007268,47.1360771],[28.7007658,47.1359262],[28.7009792,47.1352994],[28.7009924,47.1352048],[28.7010576,47.1347357],[28.7012101,47.1342479],[28.7014397,47.1333465],[28.7015465,47.1329273],[28.7016335,47.1324946],[28.7016752,47.1323826],[28.7018034,47.1320387],[28.7018973,47.1315782],[28.7018466,47.1312975],[28.7020365,47.1309489],[28.7020992,47.1308451],[28.7021305,47.1307563],[28.7021395,47.130328],[28.7022659,47.1299586],[28.7022129,47.1298837]]}},{"type":"Feature","id":187,"properties":{"road_id":"D0187","road_class":"field","highway":"track","name":null,"surface":null,"farm_id":null,"length_m":75.27,"source":"osm","cadastral":false},"geometry":{"type":"LineString","coordinates":[[28.7034595,47.1298457],[28.704074,47.1297326],[28.7042379,47.1296349],[28.7043223,47.1295602]]}},{"type":"Feature","id":188,"properties":{"road_id":"D0188","road_class":"field","highway":"track","name":"Drumul Nucușorilor","surface":null,"farm_id":null,"length_m":1459.44,"source":"osm","cadastral":false},"geometry":{"type":"LineString","coordinates":[[28.7073649,47.1230059],[28.7072437,47.122894],[28.7071623,47.1228189],[28.7071207,47.1225831],[28.7068901,47.1224056],[28.7062349,47.1214637],[28.7061754,47.1213645],[28.7060424,47.1211431],[28.7057695,47.1204986],[28.7056202,47.1202716],[28.7055565,47.1199967],[28.7054896,47.1199551],[28.7053886,47.1198924],[28.7049351,47.1198841],[28.7035328,47.1199491],[28.7013623,47.1205972],[28.7004365,47.1208785],[28.699934,47.1211075],[28.6996043,47.1212054],[28.699152,47.1214935],[28.6987213,47.121708],[28.6979916,47.1220638],[28.6973691,47.122272],[28.6958595,47.1227461],[28.695024,47.1229884],[28.6947304,47.1230735],[28.6937811,47.12341],[28.6934141,47.1235809],[28.69265,47.1238076]]}},{"type":"Feature","id":189,"properties":{"road_id":"D0189","road_class":"public","highway":"service","name":null,"surface":null,"farm_id":null,"length_m":44.92,"source":"osm","cadastral":false},"geometry":{"type":"LineString","coordinates":[[28.70887,47.1302501],[28.709224,47.1299261]]}},{"type":"Feature","id":190,"properties":{"road_id":"D0190","road_class":"field","highway":"track","name":"Drumul Cișmelei","surface":null,"farm_id":null,"length_m":969.46,"source":"osm","cadastral":false},"geometry":{"type":"LineString","coordinates":[[28.6958382,47.1246111],[28.6958777,47.1245594],[28.6960042,47.1245229],[28.6960955,47.1244954],[28.6961959,47.124434],[28.6962577,47.1243641],[28.6964406,47.1243205],[28.6968,47.1242041],[28.6971591,47.1240999],[28.6973985,47.124029],[28.6974706,47.1240485],[28.6975243,47.1241801],[28.6975514,47.1242727],[28.6977361,47.1244144],[28.6979067,47.1245337],[28.6980635,47.124629],[28.6983764,47.1246678],[28.6987017,47.1247063],[28.698923,47.1247074],[28.6991662,47.1246099],[28.6996213,47.124423],[28.7000866,47.1242077],[28.7004112,47.1240897],[28.7007061,47.123957],[28.7010327,47.1238439],[28.7015769,47.1236141],[28.7018008,47.1235226],[28.702002,47.1234302],[28.702192,47.1233739],[28.7023971,47.1232924],[28.7029263,47.1230893],[28.7033445,47.1229211],[28.703502,47.1228172],[28.7039207,47.1226511],[28.7042465,47.1224814],[28.7045123,47.1223002],[28.7046611,47.1220953],[28.7047838,47.121948],[28.7050741,47.1217605],[28.705322,47.1216596],[28.7055604,47.12148],[28.705866,47.1213602],[28.7060204,47.1213227],[28.7061754,47.1213645]]}},{"type":"Feature","id":191,"properties":{"road_id":"D0191","road_class":"public","highway":"residential","name":"Strada Mihai Viteazu","surface":"ground","farm_id":null,"length_m":122.06,"source":"osm","cadastral":true},"geometry":{"type":"LineString","coordinates":[[28.7058356,47.1282497],[28.7056628,47.1281672],[28.7054354,47.128073],[28.7053107,47.1280197],[28.7050444,47.1278542],[28.704856,47.1277652],[28.704536,47.1276064]]}},{"type":"Feature","id":192,"properties":{"road_id":"D0192","road_class":"field","highway":"track","name":"Prelungirea Hârtopului","surface":null,"farm_id":null,"length_m":406.7,"source":"osm","cadastral":false},"geometry":{"type":"LineString","coordinates":[[28.7052617,47.1328232],[28.7048529,47.1327405],[28.7044109,47.1327063],[28.7039746,47.1326549],[28.7035565,47.1325655],[28.7031815,47.1324107],[28.7031635,47.1323767],[28.7030916,47.132241],[28.7032333,47.1318721],[28.7033627,47.1316625],[28.7034227,47.1314201],[28.703383,47.1312958],[28.7032282,47.1312153],[28.7030443,47.1311639],[28.7028068,47.1310976],[28.7022254,47.1309352],[28.7020365,47.1309489]]}},{"type":"Feature","id":193,"properties":{"road_id":"D0193","road_class":"field","highway":"track","name":"Prelungirea Nucușori","surface":null,"farm_id":null,"length_m":217.15,"source":"osm","cadastral":false},"geometry":{"type":"LineString","coordinates":[[28.7054896,47.1199551],[28.7054652,47.1197725],[28.7050493,47.1192912],[28.7050636,47.1190691],[28.7052065,47.1189247],[28.7050523,47.1186251],[28.7047588,47.1182579],[28.704789,47.1181816]]}},{"type":"Feature","id":194,"properties":{"road_id":"D0194","road_class":"field","highway":"track","name":"Drumul Silvostepei","surface":null,"farm_id":null,"length_m":34.33,"source":"osm","cadastral":false},"geometry":{"type":"LineString","coordinates":[[28.7057067,47.1176205],[28.706143,47.1177024]]}},{"type":"Feature","id":195,"properties":{"road_id":"D0195","road_class":"field","highway":"track","name":null,"surface":null,"farm_id":null,"length_m":595.25,"source":"osm","cadastral":false},"geometry":{"type":"LineString","coordinates":[[28.7047838,47.121948],[28.7048397,47.1220601],[28.7047706,47.1222793],[28.7046216,47.1228296],[28.7043321,47.123702],[28.7042835,47.1240309],[28.7041487,47.1244071],[28.7041347,47.124446],[28.7040309,47.1248357],[28.7039572,47.1249514],[28.7039251,47.1252238],[28.7037826,47.1257365],[28.7034731,47.1266846],[28.7033755,47.127135],[28.70331,47.1271697]]}},{"type":"Feature","id":196,"properties":{"road_id":"D0196","road_class":"field","highway":"track","name":"Strada Rapsodiei","surface":"dirt","farm_id":null,"length_m":1041.14,"source":"osm","cadastral":false},"geometry":{"type":"LineString","coordinates":[[28.690523,47.1258338],[28.690741,47.1258461],[28.6913063,47.1260364],[28.6925189,47.126431],[28.6929102,47.1266004],[28.693401,47.1267462],[28.6939267,47.1269259],[28.6942091,47.1270291],[28.6946047,47.127228],[28.6949473,47.12737],[28.6950564,47.1274528],[28.6955286,47.1275488],[28.6960409,47.1277408],[28.6963393,47.1278062],[28.6966241,47.1279329],[28.6971449,47.1280977],[28.6974443,47.12821],[28.6982481,47.1285243],[28.6995229,47.1290567],[28.6997399,47.1291082],[28.7000057,47.1290983],[28.7004372,47.1292531],[28.7005931,47.1293216],[28.7008965,47.1294549],[28.7011216,47.1295343],[28.7013169,47.1295845],[28.7014243,47.1296404],[28.7014807,47.1297093],[28.7014786,47.1297492],[28.7014751,47.129814],[28.7015144,47.129885],[28.7017038,47.129908],[28.7022129,47.1298837],[28.702505,47.1298698]]}},{"type":"Feature","id":197,"properties":{"road_id":"D0197","road_class":"field","highway":"track","name":null,"surface":null,"farm_id":null,"length_m":667.29,"source":"osm","cadastral":false},"geometry":{"type":"LineString","coordinates":[[28.7236386,47.1125693],[28.7235375,47.1124958],[28.7234637,47.1123959],[28.7233714,47.1122841],[28.7232672,47.1122227],[28.722928,47.1121356],[28.7227762,47.1121245],[28.7225905,47.1121264],[28.7224088,47.1121273],[28.7223239,47.1121228],[28.7219867,47.1118146],[28.7216411,47.1115839],[28.7216009,47.1114556],[28.7215903,47.1112812],[28.7216072,47.1110851],[28.721648,47.1107486],[28.7216504,47.1107091],[28.7216633,47.110496],[28.7216785,47.1101118],[28.7216215,47.109551],[28.7214685,47.1090189],[28.7213308,47.1086578],[28.7212989,47.108574],[28.7209291,47.10745]]}},{"type":"Feature","id":198,"properties":{"road_id":"D0198","road_class":"field","highway":"track","name":null,"surface":null,"farm_id":null,"length_m":269.07,"source":"osm","cadastral":false},"geometry":{"type":"LineString","coordinates":[[28.7216215,47.109551],[28.7223593,47.1099282],[28.7234383,47.1105072],[28.7239882,47.1108191],[28.7244562,47.1109984]]}},{"type":"Feature","id":199,"properties":{"road_id":"D0199","road_class":"field","highway":"track","name":null,"surface":null,"farm_id":null,"length_m":508.75,"source":"osm","cadastral":false},"geometry":{"type":"LineString","coordinates":[[28.7239292,47.1120109],[28.723696,47.111825],[28.7231963,47.1115652],[28.7223038,47.111153],[28.7218292,47.1108476],[28.7216504,47.1107091],[28.7214444,47.1105495],[28.7211155,47.1102189],[28.7207853,47.1099809],[28.7203924,47.109572],[28.7197779,47.1091229],[28.7193527,47.1088761],[28.7193152,47.1087659]]}},{"type":"Feature","id":200,"properties":{"road_id":"D0200","road_class":"internal","highway":"track","name":null,"surface":null,"farm_id":"F27","length_m":68.96,"source":"osm","cadastral":false},"geometry":{"type":"LineString","coordinates":[[28.717232,47.1148838],[28.7176606,47.114581],[28.7178946,47.1144617]]}},{"type":"Feature","id":201,"properties":{"road_id":"D0201","road_class":"field","highway":"track","name":null,"surface":null,"farm_id":null,"length_m":567.92,"source":"osm","cadastral":false},"geometry":{"type":"MultiLineString","coordinates":[[[28.7124264,47.1176446],[28.7128019,47.1174105],[28.7136141,47.1169481],[28.7143072,47.1165447],[28.7148152,47.1162719],[28.7153471,47.1158965],[28.7158682,47.1156586],[28.716312,47.1153426],[28.7168636,47.1150475],[28.717087,47.1149863],[28.717232,47.1148838]],[[28.7178946,47.1144617],[28.7180457,47.1143846],[28.7186874,47.1139721],[28.7187692,47.1139241]]]}},{"type":"Feature","id":202,"properties":{"road_id":"D0202","road_class":"field","highway":"track","name":null,"surface":null,"farm_id":null,"length_m":455.37,"source":"osm","cadastral":false},"geometry":{"type":"LineString","coordinates":[[28.7192726,47.1143553],[28.7187692,47.1139241],[28.7183376,47.1135324],[28.7180801,47.1132754],[28.717264,47.1125688],[28.7170274,47.1123818],[28.7167228,47.1122802],[28.7163575,47.1119718],[28.7161534,47.1117155],[28.7157146,47.1113713],[28.7154634,47.1112321]]}},{"type":"Feature","id":203,"properties":{"road_id":"D0203","road_class":"field","highway":"track","name":null,"surface":null,"farm_id":null,"length_m":417.67,"source":"osm","cadastral":false},"geometry":{"type":"LineString","coordinates":[[28.7197332,47.1139895],[28.7194944,47.1148303],[28.7193076,47.1152744],[28.7190687,47.1158686],[28.7189059,47.1163476],[28.718638,47.1170726],[28.7185636,47.1173369],[28.7185634,47.1176513]]}},{"type":"Feature","id":204,"properties":{"road_id":"D0204","road_class":"field","highway":"track","name":null,"surface":null,"farm_id":null,"length_m":629.93,"source":"osm","cadastral":false},"geometry":{"type":"LineString","coordinates":[[28.7197963,47.1175308],[28.7199791,47.1171415],[28.7201183,47.1168425],[28.7202353,47.116378],[28.7204736,47.1158605],[28.7205221,47.1155267],[28.7206577,47.1151155],[28.7209219,47.1146604],[28.7211324,47.1140676],[28.7214038,47.1135505],[28.7216549,47.1131075],[28.7216711,47.1128133],[28.7219215,47.1126224],[28.7222316,47.1121699]]}},{"type":"Feature","id":205,"properties":{"road_id":"D0205","road_class":"field","highway":"track","name":null,"surface":null,"farm_id":null,"length_m":182.85,"source":"osm","cadastral":false},"geometry":{"type":"LineString","coordinates":[[28.7213141,47.1177865],[28.7214493,47.117818],[28.7215605,47.1178439],[28.7219852,47.1179428],[28.7226164,47.1180948],[28.7231536,47.118235],[28.7235846,47.1183373]]}},{"type":"Feature","id":206,"properties":{"road_id":"D0206","road_class":"field","highway":"track","name":null,"surface":null,"farm_id":null,"length_m":232.44,"source":"osm","cadastral":false},"geometry":{"type":"LineString","coordinates":[[28.7236386,47.1125693],[28.7237864,47.112743],[28.7244543,47.1129055],[28.7250675,47.1130512],[28.7258438,47.1132675],[28.7263385,47.1134638]]}},{"type":"Feature","id":207,"properties":{"road_id":"D0207","road_class":"field","highway":"track","name":null,"surface":null,"farm_id":null,"length_m":240.94,"source":"osm","cadastral":false},"geometry":{"type":"LineString","coordinates":[[28.7244562,47.1109984],[28.7246214,47.1110355],[28.7253144,47.1111916],[28.7262584,47.1114218],[28.7269125,47.1116661],[28.7274176,47.11176]]}},{"type":"Feature","id":208,"properties":{"road_id":"D0208","road_class":"field","highway":"track","name":null,"surface":null,"farm_id":null,"length_m":286.84,"source":"osm","cadastral":false},"geometry":{"type":"LineString","coordinates":[[28.7209027,47.1113801],[28.7206022,47.1112109],[28.7203462,47.1109442],[28.7199286,47.1105763],[28.7193177,47.1101884],[28.7189619,47.1098724],[28.7185614,47.1095083],[28.7184637,47.1094248]]}},{"type":"Feature","id":209,"properties":{"road_id":"D0209","road_class":"field","highway":"track","name":null,"surface":null,"farm_id":null,"length_m":418.61,"source":"osm","cadastral":false},"geometry":{"type":"LineString","coordinates":[[28.7210685,47.1129003],[28.7207347,47.1126886],[28.7204103,47.1124205],[28.719934,47.1120306],[28.7198467,47.1119065],[28.7196523,47.1118009],[28.7194497,47.1115457],[28.7189418,47.1111571],[28.7184675,47.1108067],[28.717772,47.1103762],[28.7175672,47.1102606],[28.7174834,47.110088]]}},{"type":"Feature","id":210,"properties":{"road_id":"D0210","road_class":"field","highway":"track","name":null,"surface":null,"farm_id":null,"length_m":433.67,"source":"osm","cadastral":false},"geometry":{"type":"LineString","coordinates":[[28.720192,47.1136163],[28.719933,47.1134826],[28.7197661,47.1133068],[28.7195763,47.1131348],[28.7192504,47.1129339],[28.7190069,47.1126531],[28.7186786,47.1123731],[28.7181744,47.1120102],[28.7177663,47.1116844],[28.7175232,47.1114502],[28.7172626,47.1112486],[28.7170163,47.1110929],[28.7166381,47.1108032],[28.7165326,47.110651]]}},{"type":"Feature","id":211,"properties":{"road_id":"D0211","road_class":"field","highway":"track","name":"Pasaj Coasta Bâcului","surface":null,"farm_id":null,"length_m":33.24,"source":"osm","cadastral":true},"geometry":{"type":"LineString","coordinates":[[28.7119491,47.1126245],[28.7117836,47.1124549],[28.7117303,47.1123669]]}},{"type":"Feature","id":212,"properties":{"road_id":"D0212","road_class":"internal","highway":"track","name":null,"surface":null,"farm_id":"F27","length_m":19.66,"source":"osm","cadastral":false},"geometry":{"type":"LineString","coordinates":[[28.7169971,47.1138172],[28.7168356,47.1136789]]}},{"type":"Feature","id":213,"properties":{"road_id":"D0213","road_class":"field","highway":"track","name":null,"surface":null,"farm_id":null,"length_m":300.07,"source":"osm","cadastral":false},"geometry":{"type":"MultiLineString","coordinates":[[[28.7168356,47.1136789],[28.716706,47.113568],[28.7161547,47.1130798],[28.7155161,47.1125762],[28.7150951,47.1122831],[28.7148311,47.112096],[28.7144494,47.1117884],[28.714336,47.1116886]],[[28.7170661,47.1138762],[28.7169971,47.1138172]]]}},{"type":"Feature","id":214,"properties":{"road_id":"D0214","road_class":"internal","highway":"track","name":null,"surface":null,"farm_id":"F27","length_m":23.8,"source":"osm","cadastral":false},"geometry":{"type":"MultiLineString","coordinates":[[[28.7156955,47.1141447],[28.7156126,47.1140801]],[[28.7159793,47.1143835],[28.7158624,47.1142831]]]}},{"type":"Feature","id":215,"properties":{"road_id":"D0215","road_class":"field","highway":"track","name":null,"surface":null,"farm_id":null,"length_m":403.37,"source":"osm","cadastral":false},"geometry":{"type":"MultiLineString","coordinates":[[[28.7156126,47.1140801],[28.7151384,47.1137108],[28.7145493,47.1131944],[28.714111,47.1128398],[28.7135894,47.1124417],[28.7133543,47.112281],[28.7130762,47.1123681],[28.7123903,47.1126753],[28.7121373,47.1127889]],[[28.7158624,47.1142831],[28.7157581,47.1141934],[28.7156955,47.1141447]],[[28.7160733,47.1144643],[28.7159793,47.1143835]]]}},{"type":"Feature","id":216,"properties":{"road_id":"D0216","road_class":"field","highway":"track","name":null,"surface":null,"farm_id":null,"length_m":99.42,"source":"osm","cadastral":false},"geometry":{"type":"LineString","coordinates":[[28.7133543,47.112281],[28.714336,47.1116886]]}},{"type":"Feature","id":217,"properties":{"road_id":"D0217","road_class":"field","highway":"track","name":null,"surface":null,"farm_id":null,"length_m":362.66,"source":"osm","cadastral":false},"geometry":{"type":"LineString","coordinates":[[28.7119491,47.1126245],[28.7120047,47.112711],[28.7121373,47.1127889],[28.7125547,47.1129742],[28.713128,47.1134823],[28.71393,47.1141684],[28.7145303,47.1145839],[28.714906,47.1148328],[28.7150862,47.1150491]]}},{"type":"Feature","id":218,"properties":{"road_id":"D0218","road_class":"field","highway":"track","name":null,"surface":null,"farm_id":null,"length_m":1926.97,"source":"osm","cadastral":true},"geometry":{"type":"LineString","coordinates":[[28.7120047,47.112711],[28.7119106,47.1128095],[28.711168,47.1131388],[28.7108208,47.1132903],[28.7105289,47.1133625],[28.7101836,47.1135705],[28.7098979,47.1136926],[28.7095103,47.1138582],[28.7088506,47.1141375],[28.7087096,47.1141972],[28.7080443,47.1145083],[28.7079052,47.114635],[28.7077034,47.1146253],[28.7076084,47.1146401],[28.7074461,47.1147076],[28.7073321,47.1147419],[28.7071897,47.1148207],[28.7070341,47.1148315],[28.7068166,47.1149753],[28.706659,47.1150375],[28.7062665,47.115176],[28.7053222,47.1155841],[28.7047535,47.1159391],[28.7046294,47.1160023],[28.7040294,47.1162394],[28.7033711,47.1165688],[28.7014225,47.1174149],[28.7014307,47.1173342],[28.7003406,47.1177916],[28.7000177,47.1179634],[28.6993117,47.1182413],[28.697533,47.1193105],[28.6956379,47.1205769],[28.694519,47.1212936],[28.6935052,47.12194],[28.693597,47.1220245],[28.694155,47.1225081],[28.694397,47.1226895],[28.6946539,47.122948],[28.6947304,47.1230735]]}},{"type":"Feature","id":219,"properties":{"road_id":"D0219","road_class":"field","highway":"track","name":null,"surface":null,"farm_id":null,"length_m":190.84,"source":"osm","cadastral":false},"geometry":{"type":"LineString","coordinates":[[28.7253786,47.1149831],[28.7245971,47.1148077],[28.7240889,47.1146401],[28.7235731,47.1144829],[28.7230762,47.1143021]]}},{"type":"Feature","id":220,"properties":{"road_id":"D0220","road_class":"field","highway":"track","name":null,"surface":null,"farm_id":null,"length_m":750.08,"source":"osm","cadastral":false},"geometry":{"type":"LineString","coordinates":[[28.7230762,47.1143021],[28.7233916,47.1135906],[28.7237864,47.112743],[28.7241166,47.1120785],[28.7246214,47.1110355],[28.7254925,47.1093394],[28.7262667,47.1083991],[28.7265417,47.108002]]}},{"type":"Feature","id":221,"properties":{"road_id":"D0221","road_class":"field","highway":"track","name":null,"surface":null,"farm_id":null,"length_m":417.88,"source":"osm","cadastral":false},"geometry":{"type":"LineString","coordinates":[[28.7230762,47.1143021],[28.7228958,47.1143469],[28.7223743,47.1155114],[28.7220998,47.1160437],[28.7221485,47.1161491],[28.721833,47.1169386],[28.7214493,47.117818]]}},{"type":"Feature","id":222,"properties":{"road_id":"D0222","road_class":"field","highway":"track","name":null,"surface":null,"farm_id":null,"length_m":209.02,"source":"osm","cadastral":false},"geometry":{"type":"LineString","coordinates":[[28.7220998,47.1160437],[28.7228597,47.1162367],[28.7237332,47.1164393],[28.7243526,47.1166097],[28.7246878,47.1166865]]}},{"type":"Feature","id":223,"properties":{"road_id":"D0223","road_class":"field","highway":"track","name":null,"surface":null,"farm_id":null,"length_m":199.79,"source":"osm","cadastral":false},"geometry":{"type":"LineString","coordinates":[[28.721833,47.1169386],[28.7227171,47.1171772],[28.7235532,47.1173887],[28.724281,47.1175998]]}},{"type":"Feature","id":224,"properties":{"road_id":"D0224","road_class":"internal","highway":"track","name":null,"surface":null,"farm_id":"F14","length_m":25.64,"source":"osm","cadastral":false},"geometry":{"type":"LineString","coordinates":[[28.7169494,47.1175774],[28.7168769,47.1173785],[28.7168664,47.1173538]]}},{"type":"Feature","id":225,"properties":{"road_id":"D0225","road_class":"field","highway":"track","name":null,"surface":null,"farm_id":null,"length_m":178.41,"source":"osm","cadastral":false},"geometry":{"type":"MultiLineString","coordinates":[[[28.7168664,47.1173538],[28.7167473,47.1170734],[28.7166963,47.1168336]],[[28.7173866,47.1186051],[28.7171423,47.1180992],[28.7170652,47.1178954],[28.7169494,47.1175774]]]}},{"type":"Feature","id":226,"properties":{"road_id":"D0226","road_class":"field","highway":"track","name":null,"surface":null,"farm_id":null,"length_m":236.92,"source":"osm","cadastral":false},"geometry":{"type":"LineString","coordinates":[[28.717846,47.1175975],[28.7176937,47.1175015],[28.7175354,47.1173975],[28.7172275,47.1171185],[28.7170521,47.1168877],[28.7169298,47.1167534],[28.7168694,47.1166225],[28.7169323,47.116587],[28.7173239,47.115749]]}},{"type":"Feature","id":227,"properties":{"road_id":"D0227","road_class":"field","highway":"track","name":"Miriști","surface":null,"farm_id":null,"length_m":64.61,"source":"osm","cadastral":false},"geometry":{"type":"LineString","coordinates":[[28.7169298,47.1167534],[28.7167951,47.1168166],[28.7166963,47.1168336],[28.7166125,47.1167567],[28.7165489,47.1166983],[28.7168694,47.1166225]]}},{"type":"Feature","id":228,"properties":{"road_id":"D0228","road_class":"field","highway":"track","name":null,"surface":null,"farm_id":null,"length_m":310.91,"source":"osm","cadastral":false},"geometry":{"type":"LineString","coordinates":[[28.716863,47.1194647],[28.7164845,47.1190057],[28.716294,47.11869],[28.7161085,47.1183435],[28.7159069,47.1180523],[28.715722,47.117831],[28.7155929,47.117666],[28.7155593,47.117623],[28.7155211,47.117448],[28.7150786,47.1171547],[28.7149317,47.1170438]]}},{"type":"Feature","id":229,"properties":{"road_id":"D0229","road_class":"field","highway":"track","name":null,"surface":null,"farm_id":null,"length_m":411.81,"source":"osm","cadastral":false},"geometry":{"type":"LineString","coordinates":[[28.7130109,47.1162732],[28.7130569,47.1161765],[28.7129186,47.1160887],[28.7127819,47.1159478],[28.712751,47.1158629],[28.7128365,47.1157605],[28.7130186,47.1156726],[28.713183,47.1155317],[28.7134196,47.1154135],[28.7135465,47.1153111],[28.713533,47.1151845],[28.7134107,47.1150215],[28.7131891,47.1148528],[28.7129848,47.1145964],[28.7128007,47.1144877],[28.7126527,47.1144363],[28.712403,47.1143016],[28.7121283,47.1140583],[28.711539,47.1136536],[28.7113246,47.1134759]]}},{"type":"Feature","id":230,"properties":{"road_id":"D0230","road_class":"field","highway":"track","name":null,"surface":null,"farm_id":null,"length_m":327.43,"source":"osm","cadastral":false},"geometry":{"type":"LineString","coordinates":[[28.712751,47.1158629],[28.712421,47.1156714],[28.7115886,47.1150988],[28.7113608,47.1148053],[28.7107769,47.1144185],[28.7102419,47.1140766],[28.7102025,47.1139765],[28.7098979,47.1136926]]}},{"type":"Feature","id":231,"properties":{"road_id":"D0231","road_class":"field","highway":"track","name":null,"surface":null,"farm_id":null,"length_m":388.54,"source":"osm","cadastral":false},"geometry":{"type":"LineString","coordinates":[[28.7121246,47.1167941],[28.7118098,47.1165711],[28.7113895,47.1162917],[28.7110513,47.1159527],[28.7107903,47.1158008],[28.7104698,47.1155382],[28.7102729,47.1154309],[28.7099568,47.1151539],[28.7096401,47.1149034],[28.7094519,47.1147988],[28.7092723,47.1146335],[28.7091435,47.1144634],[28.7088506,47.1141375]]}},{"type":"Feature","id":232,"properties":{"road_id":"D0232","road_class":"field","highway":"track","name":null,"surface":null,"farm_id":null,"length_m":384.9,"source":"osm","cadastral":false},"geometry":{"type":"LineString","coordinates":[[28.7097912,47.116447],[28.709779,47.1166097],[28.7094922,47.1169636],[28.7090469,47.1174212],[28.7089325,47.1175403],[28.7088953,47.117579],[28.7086198,47.1180091],[28.7083071,47.1183087],[28.708261,47.1183443],[28.708092,47.1184751],[28.7077609,47.1188621],[28.7075127,47.1191059],[28.7074979,47.1191465],[28.707452,47.1192719],[28.7074053,47.1194512]]}},{"type":"Feature","id":233,"properties":{"road_id":"D0233","road_class":"field","highway":"track","name":null,"surface":null,"farm_id":null,"length_m":327.71,"source":"osm","cadastral":false},"geometry":{"type":"LineString","coordinates":[[28.7089325,47.1175403],[28.7086449,47.1172497],[28.7084248,47.1169696],[28.7081376,47.1167197],[28.7077857,47.1163412],[28.7075217,47.1160349],[28.7072545,47.1157353],[28.706901,47.1153274],[28.7067648,47.1151724],[28.706659,47.1150375]]}},{"type":"Feature","id":234,"properties":{"road_id":"D0234","road_class":"field","highway":"track","name":null,"surface":null,"farm_id":null,"length_m":368.68,"source":"osm","cadastral":false},"geometry":{"type":"LineString","coordinates":[[28.708092,47.1184751],[28.70769,47.1179657],[28.7073664,47.1175573],[28.7069237,47.1171444],[28.7064807,47.1167],[28.7061494,47.1163454],[28.7058966,47.1159815],[28.7055351,47.1156648]]}},{"type":"Feature","id":235,"properties":{"road_id":"D0235","road_class":"field","highway":"track","name":null,"surface":null,"farm_id":null,"length_m":195.53,"source":"osm","cadastral":false},"geometry":{"type":"LineString","coordinates":[[28.708261,47.1183443],[28.7085474,47.1184581],[28.7090071,47.1186622],[28.7092864,47.1187511],[28.709544,47.1189017],[28.7097315,47.1189479],[28.7100064,47.1191017],[28.7102219,47.1192206],[28.7104186,47.119285]]}},{"type":"Feature","id":236,"properties":{"road_id":"D0236","road_class":"field","highway":"track","name":null,"surface":null,"farm_id":null,"length_m":188.14,"source":"osm","cadastral":false},"geometry":{"type":"LineString","coordinates":[[28.7074979,47.1191465],[28.7076951,47.1192463],[28.7079587,47.1193258],[28.7085631,47.1195402],[28.7089244,47.1197131],[28.7093316,47.1198816],[28.709553,47.11994],[28.7096308,47.1199932]]}},{"type":"Feature","id":237,"properties":{"road_id":"D0237","road_class":"internal","highway":"track","name":null,"surface":null,"farm_id":"F13","length_m":6.33,"source":"osm","cadastral":false},"geometry":{"type":"MultiLineString","coordinates":[[[28.7108641,47.1182754],[28.7109176,47.1182984]],[[28.711018,47.1183414],[28.7110352,47.1183488]]]}},{"type":"Feature","id":238,"properties":{"road_id":"D0238","road_class":"field","highway":"track","name":null,"surface":null,"farm_id":null,"length_m":203.18,"source":"osm","cadastral":false},"geometry":{"type":"MultiLineString","coordinates":[[[28.7089325,47.1175403],[28.7092405,47.1176385],[28.7095888,47.1177962],[28.7100514,47.1179993],[28.7105128,47.1181461],[28.7108055,47.1182503],[28.7108641,47.1182754]],[[28.7109176,47.1182984],[28.711018,47.1183414]],[[28.7110352,47.1183488],[28.7110602,47.1183595],[28.711289,47.1185057]]]}},{"type":"Feature","id":239,"properties":{"road_id":"D0239","road_class":"field","highway":"track","name":null,"surface":null,"farm_id":null,"length_m":114.89,"source":"osm","cadastral":false},"geometry":{"type":"LineString","coordinates":[[28.7074763,47.1202908],[28.7078817,47.1203567],[28.7081936,47.1205403],[28.7087307,47.1208313]]}},{"type":"Feature","id":240,"properties":{"road_id":"D0240","road_class":"field","highway":"track","name":"Drumul Arbustului","surface":null,"farm_id":null,"length_m":1093.13,"source":"osm","cadastral":false},"geometry":{"type":"LineString","coordinates":[[28.7052525,47.1166444],[28.7043833,47.11696],[28.7035735,47.1172446],[28.7032187,47.1174562],[28.7026166,47.1176978],[28.7020468,47.117908],[28.7015393,47.1181971],[28.7005391,47.1186046],[28.7002519,47.1187604],[28.6998391,47.1190047],[28.6995985,47.1190653],[28.6991105,47.1193936],[28.6986801,47.1195035],[28.6983923,47.1198212],[28.6984274,47.1198607],[28.6984709,47.1199269],[28.6983946,47.1199923],[28.698274,47.1199965],[28.698095,47.1200839],[28.6976447,47.1203937],[28.6969171,47.1208162],[28.6965034,47.1210453],[28.6962584,47.1212152],[28.6954022,47.1216779],[28.6952277,47.1217985],[28.6952593,47.1218632],[28.6950182,47.1220127],[28.694155,47.1225081]]}},{"type":"Feature","id":241,"properties":{"road_id":"D0241","road_class":"field","highway":"track","name":"Drumul Silvostepei","surface":null,"farm_id":null,"length_m":925.02,"source":"osm","cadastral":false},"geometry":{"type":"LineString","coordinates":[[28.695024,47.1229884],[28.6955485,47.1226278],[28.6962937,47.1221821],[28.6969155,47.1218007],[28.6979252,47.1212199],[28.698541,47.120871],[28.6988475,47.1206492],[28.6991667,47.1204185],[28.699374,47.1203053],[28.6999428,47.1199827],[28.7003241,47.1198463],[28.7007728,47.1197001],[28.7013235,47.1195316],[28.7018715,47.1193081],[28.7025337,47.1190142],[28.7029513,47.1189043],[28.7030403,47.1188045],[28.7037167,47.1185289],[28.7043103,47.1183093],[28.7046031,47.1181944],[28.704691,47.1181596],[28.704789,47.1181816]]}},{"type":"Feature","id":242,"properties":{"road_id":"D0242","road_class":"field","highway":"track","name":"Drumul Fântâniței","surface":null,"farm_id":null,"length_m":289.14,"source":"osm","cadastral":false},"geometry":{"type":"LineString","coordinates":[[28.7072437,47.122894],[28.7064888,47.1232907],[28.7060959,47.1234418],[28.705437,47.1237896],[28.7047857,47.1240891],[28.7041487,47.1244071]]}},{"type":"Feature","id":243,"properties":{"road_id":"D0243","road_class":"field","highway":"track","name":null,"surface":null,"farm_id":null,"length_m":308.53,"source":"osm","cadastral":false},"geometry":{"type":"LineString","coordinates":[[28.7070689,47.1241092],[28.7059474,47.1246147],[28.705258,47.1250073],[28.7041666,47.125587],[28.7037826,47.1257365]]}},{"type":"Feature","id":244,"properties":{"road_id":"D0244","road_class":"field","highway":"track","name":null,"surface":null,"farm_id":null,"length_m":599.24,"source":"osm","cadastral":false},"geometry":{"type":"LineString","coordinates":[[28.7291584,47.1330188],[28.729338,47.132844],[28.7294529,47.1326787],[28.7293522,47.1325114],[28.7289565,47.1321962],[28.7288631,47.1320151],[28.7285693,47.1318564],[28.7283704,47.1315044],[28.7281916,47.1312559],[28.727902,47.1310785],[28.7279188,47.1309154],[28.7279676,47.1307598],[28.7278119,47.1304952],[28.7277151,47.1302659],[28.7276978,47.1300244],[28.7277816,47.1298761],[28.7282284,47.1297568],[28.7285456,47.1296209],[28.7289313,47.1294494],[28.7292932,47.1292789],[28.7294472,47.1291998],[28.7296841,47.1291302],[28.7298609,47.1290578],[28.7300548,47.1290162]]}},{"type":"Feature","id":245,"properties":{"road_id":"D0245","road_class":"field","highway":"track","name":null,"surface":null,"farm_id":null,"length_m":733.03,"source":"osm","cadastral":false},"geometry":{"type":"LineString","coordinates":[[28.7252154,47.1234359],[28.7261195,47.1224944],[28.726793,47.1218626],[28.7272889,47.1210336],[28.7281312,47.1197773],[28.7285539,47.1193045],[28.7286997,47.1190874],[28.7287624,47.1189009],[28.7282046,47.1187083],[28.7276084,47.1185321],[28.7270407,47.1183544],[28.7268609,47.1183109]]}},{"type":"Feature","id":246,"properties":{"road_id":"D0246","road_class":"public","highway":"residential","name":"Stradela 2 Decebal","surface":null,"farm_id":null,"length_m":19.66,"source":"osm","cadastral":true},"geometry":{"type":"LineString","coordinates":[[28.7159965,47.1300771],[28.716038,47.13008],[28.716097,47.1300577],[28.716138,47.1300343],[28.7161884,47.1299781]]}},{"type":"Feature","id":247,"properties":{"road_id":"D0247","road_class":"public","highway":"residential","name":"Stradela 2 Decebal","surface":null,"farm_id":null,"length_m":13.83,"source":"osm","cadastral":false},"geometry":{"type":"LineString","coordinates":[[28.7162286,47.1300949],[28.7161803,47.1300238],[28.7161884,47.1299781]]}},{"type":"Feature","id":248,"properties":{"road_id":"D0248","road_class":"public","highway":"residential","name":"Stradela 2 Decebal","surface":"unpaved","farm_id":null,"length_m":61.79,"source":"osm","cadastral":true},"geometry":{"type":"LineString","coordinates":[[28.7172012,47.1298177],[28.7172827,47.1299197],[28.7173793,47.1299927],[28.7174731,47.1300511],[28.7175697,47.1300986],[28.7177774,47.1301985]]}},{"type":"Feature","id":249,"properties":{"road_id":"D0249","road_class":"public","highway":"residential","name":"Stradela 3 Decebal","surface":"ground","farm_id":null,"length_m":73.21,"source":"osm","cadastral":true},"geometry":{"type":"LineString","coordinates":[[28.7182,47.1291798],[28.7181585,47.1292318],[28.7181429,47.1292849],[28.7181084,47.1294721],[28.7181365,47.129577],[28.7181705,47.129677],[28.7182157,47.1297402],[28.7182729,47.1298065]]}},{"type":"Feature","id":250,"properties":{"road_id":"D0250","road_class":"field","highway":"track","name":"Drumul Logofătului","surface":null,"farm_id":null,"length_m":58.58,"source":"osm","cadastral":false},"geometry":{"type":"LineString","coordinates":[[28.7165489,47.1166983],[28.7165186,47.1166704],[28.7163477,47.1161921]]}},{"type":"Feature","id":251,"properties":{"road_id":"D0251","road_class":"field","highway":"track","name":null,"surface":null,"farm_id":null,"length_m":156.41,"source":"osm","cadastral":false},"geometry":{"type":"LineString","coordinates":[[28.7030443,47.1311639],[28.7032363,47.1311783],[28.7036136,47.1312876],[28.7041292,47.1313587],[28.704301,47.1313943],[28.7046149,47.1314375],[28.705017,47.1315474]]}},{"type":"Feature","id":252,"properties":{"road_id":"D0252","road_class":"public","highway":"service","name":"Strada Industrială","surface":null,"farm_id":null,"length_m":78.3,"source":"osm","cadastral":true},"geometry":{"type":"LineString","coordinates":[[28.7211937,47.1227223],[28.7214013,47.1227935],[28.7219329,47.1229842],[28.7221092,47.1230475]]}},{"type":"Feature","id":253,"properties":{"road_id":"D0253","road_class":"field","highway":"track","name":null,"surface":null,"farm_id":null,"length_m":1916.8,"source":"osm","cadastral":true},"geometry":{"type":"LineString","coordinates":[[28.7067375,47.1147122],[28.7065701,47.1147856],[28.7063356,47.1148883],[28.7039993,47.1159092],[28.703731,47.1160268],[28.7020349,47.1167702],[28.7000412,47.1176334],[28.6994492,47.1179255],[28.6988532,47.1182746],[28.6986329,47.1184036],[28.6980132,47.1187832],[28.696714,47.1195788],[28.6966973,47.1195893],[28.6952667,47.1204884],[28.6933901,47.1216591],[28.6917021,47.1226859],[28.6912517,47.1229227],[28.690915,47.1230998],[28.6898938,47.1235733],[28.6885538,47.1241376],[28.6865412,47.1249783]]}},{"type":"Feature","id":254,"properties":{"road_id":"D0254","road_class":"field","highway":"track","name":null,"surface":null,"farm_id":null,"length_m":937.77,"source":"osm","cadastral":true},"geometry":{"type":"LineString","coordinates":[[28.7210212,47.1069224],[28.7197798,47.107985],[28.7185504,47.1089922],[28.7179748,47.1094726],[28.7174121,47.1098821],[28.7169307,47.1101831],[28.7160916,47.1106369],[28.7150932,47.1111017],[28.7139548,47.1116064],[28.7119011,47.112488]]}},{"type":"Feature","id":255,"properties":{"road_id":"D0255","road_class":"field","highway":"track","name":null,"surface":null,"farm_id":null,"length_m":14.27,"source":"osm","cadastral":true},"geometry":{"type":"LineString","coordinates":[[28.7119011,47.112488],[28.7117396,47.1125538]]}},{"type":"Feature","id":256,"properties":{"road_id":"D0256","road_class":"field","highway":"track","name":null,"surface":null,"farm_id":null,"length_m":139.83,"source":"osm","cadastral":false},"geometry":{"type":"LineString","coordinates":[[28.7117303,47.1123669],[28.7116715,47.1122274],[28.7116007,47.1121502],[28.7115392,47.1121084],[28.7114141,47.1120666],[28.7113385,47.1120071],[28.7113196,47.1119461],[28.7113645,47.1117869],[28.7113479,47.111713],[28.7112039,47.1116439],[28.7110598,47.111631],[28.7108519,47.1116632],[28.7106819,47.1117082]]}},{"type":"Feature","id":257,"properties":{"road_id":"D0257","road_class":"field","highway":"track","name":null,"surface":null,"farm_id":null,"length_m":84.76,"source":"osm","cadastral":false},"geometry":{"type":"LineString","coordinates":[[28.7113479,47.111713],[28.7115487,47.1117387],[28.711714,47.1117548],[28.7118392,47.1117435],[28.7119856,47.1117033],[28.7121014,47.1116519],[28.7122124,47.1116133],[28.7124069,47.1115849]]}},{"type":"Feature","id":258,"properties":{"road_id":"D0258","road_class":"field","highway":"track","name":null,"surface":null,"farm_id":null,"length_m":14.95,"source":"osm","cadastral":false},"geometry":{"type":"LineString","coordinates":[[28.7118392,47.1117435],[28.711903,47.1117982],[28.7119365,47.1118586]]}},{"type":"Feature","id":259,"properties":{"road_id":"D0259","road_class":"field","highway":"track","name":null,"surface":null,"farm_id":null,"length_m":432.58,"source":"osm","cadastral":true},"geometry":{"type":"LineString","coordinates":[[28.7117396,47.1125538],[28.7096259,47.1134723],[28.7071704,47.1145193],[28.7069188,47.114631]]}},{"type":"Feature","id":260,"properties":{"road_id":"D0260","road_class":"field","highway":"track","name":null,"surface":null,"farm_id":null,"length_m":16.45,"source":"osm","cadastral":true},"geometry":{"type":"LineString","coordinates":[[28.7069188,47.114631],[28.7067375,47.1147122]]}},{"type":"Feature","id":261,"properties":{"road_id":"D0261","road_class":"field","highway":"track","name":null,"surface":null,"farm_id":null,"length_m":25.61,"source":"osm","cadastral":true},"geometry":{"type":"LineString","coordinates":[[28.7066979,47.114579],[28.7066968,47.114637],[28.706631,47.1147014],[28.7065701,47.1147856]]}},{"type":"Feature","id":262,"properties":{"road_id":"D0262","road_class":"field","highway":"track","name":null,"surface":null,"farm_id":null,"length_m":461.42,"source":"osm","cadastral":false},"geometry":{"type":"LineString","coordinates":[[28.7063472,47.1140115],[28.7064768,47.1139472],[28.7065857,47.1139276],[28.7067091,47.1139164],[28.7067955,47.113894],[28.7068345,47.1138506],[28.7068654,47.1137862],[28.7068181,47.1136589],[28.7067872,47.1135288],[28.706816,47.1134392],[28.7068921,47.1133609],[28.7070833,47.1132265],[28.7073362,47.1130796],[28.7074843,47.1130026],[28.7076693,47.1129551],[28.7077865,47.1129061],[28.7080312,47.1127899],[28.7082615,47.1126556],[28.7084506,47.1125577],[28.7088372,47.1124737],[28.7091682,47.1124289],[28.7092402,47.1124009],[28.7093492,47.112345],[28.7094479,47.112317],[28.7095363,47.1122988],[28.7096021,47.1122596],[28.7096226,47.112219],[28.7096268,47.1121071],[28.7096925,47.1120357],[28.7097995,47.111928],[28.7098673,47.1119042],[28.7099866,47.1118888],[28.7100359,47.1118608],[28.7100976,47.1118314],[28.7101593,47.1118174],[28.7103258,47.1118412],[28.7104533,47.1118356],[28.7105664,47.1118034],[28.7106219,47.1117516],[28.7106819,47.1117082]]}},{"type":"Feature","id":263,"properties":{"road_id":"D0263","road_class":"field","highway":"path","name":null,"surface":null,"farm_id":null,"length_m":14.63,"source":"osm","cadastral":false},"geometry":{"type":"LineString","coordinates":[[28.7097995,47.111928],[28.7097275,47.1118706],[28.7096782,47.1118258]]}},{"type":"Feature","id":264,"properties":{"road_id":"D0264","road_class":"field","highway":"track","name":null,"surface":null,"farm_id":null,"length_m":56.45,"source":"osm","cadastral":false},"geometry":{"type":"LineString","coordinates":[[28.7114141,47.1120666],[28.7112951,47.1121439],[28.711211,47.1122266],[28.7110458,47.1123221],[28.7108869,47.1124217]]}},{"type":"Feature","id":265,"properties":{"road_id":"D0265","road_class":"field","highway":"path","name":null,"surface":null,"farm_id":null,"length_m":96.15,"source":"osm","cadastral":false},"geometry":{"type":"LineString","coordinates":[[28.7108869,47.1124217],[28.7103789,47.1126805],[28.7102418,47.112689],[28.7099488,47.1128353],[28.7098647,47.1129053]]}},{"type":"Feature","id":266,"properties":{"road_id":"D0266","road_class":"field","highway":"track","name":null,"surface":null,"farm_id":null,"length_m":36.96,"source":"osm","cadastral":false},"geometry":{"type":"LineString","coordinates":[[28.7082615,47.1126556],[28.7083438,47.1127696],[28.7084872,47.1128777],[28.7085589,47.1129117]]}},{"type":"Feature","id":267,"properties":{"road_id":"D0267","road_class":"field","highway":"path","name":null,"surface":null,"farm_id":null,"length_m":28.72,"source":"osm","cadastral":false},"geometry":{"type":"LineString","coordinates":[[28.7082615,47.1126556],[28.7082172,47.1124956],[28.7082028,47.1124006]]}},{"type":"Feature","id":268,"properties":{"road_id":"D0268","road_class":"field","highway":"path","name":null,"surface":null,"farm_id":null,"length_m":23.49,"source":"osm","cadastral":false},"geometry":{"type":"LineString","coordinates":[[28.7106819,47.1117082],[28.7105993,47.1116358],[28.7105226,47.1115283]]}},{"type":"Feature","id":269,"properties":{"road_id":"D0269","road_class":"field","highway":"path","name":null,"surface":null,"farm_id":null,"length_m":22.76,"source":"osm","cadastral":false},"geometry":{"type":"LineString","coordinates":[[28.7113479,47.111713],[28.7113603,47.1116307],[28.7113711,47.1115089]]}},{"type":"Feature","id":270,"properties":{"road_id":"D0270","road_class":"field","highway":"path","name":null,"surface":null,"farm_id":null,"length_m":25.38,"source":"osm","cadastral":false},"geometry":{"type":"LineString","coordinates":[[28.7118392,47.1117435],[28.7117792,47.1116575],[28.7118078,47.1115259]]}},{"type":"Feature","id":271,"properties":{"road_id":"D0271","road_class":"field","highway":"path","name":null,"surface":null,"farm_id":null,"length_m":18.3,"source":"osm","cadastral":false},"geometry":{"type":"LineString","coordinates":[[28.7128397,47.1113548],[28.7127601,47.1111994]]}},{"type":"Feature","id":272,"properties":{"road_id":"D0272","road_class":"field","highway":"path","name":null,"surface":null,"farm_id":null,"length_m":37.07,"source":"osm","cadastral":true},"geometry":{"type":"LineString","coordinates":[[28.6963702,47.1193416],[28.6966973,47.1195893]]}},{"type":"Feature","id":273,"properties":{"road_id":"D0273","road_class":"field","highway":"path","name":null,"surface":null,"farm_id":null,"length_m":65.56,"source":"osm","cadastral":false},"geometry":{"type":"LineString","coordinates":[[28.6973478,47.1184204],[28.6975377,47.1184721],[28.6977141,47.1185718],[28.6980132,47.1187832]]}},{"type":"Feature","id":274,"properties":{"road_id":"D0274","road_class":"field","highway":"path","name":null,"surface":null,"farm_id":null,"length_m":75.31,"source":"osm","cadastral":false},"geometry":{"type":"LineString","coordinates":[[28.6981861,47.1177779],[28.6984005,47.1179884],[28.698547,47.1180825],[28.69867,47.1181597],[28.6988532,47.1182746]]}},{"type":"Feature","id":275,"properties":{"road_id":"D0275","road_class":"field","highway":"path","name":null,"surface":null,"farm_id":null,"length_m":478.54,"source":"osm","cadastral":true},"geometry":{"type":"LineString","coordinates":[[28.69867,47.1181597],[28.6993365,47.1177742],[28.7001097,47.1174123],[28.7003213,47.1173588],[28.7007988,47.1171428],[28.7013984,47.1168862],[28.701667,47.1167292],[28.7023643,47.1164486],[28.7033952,47.115976],[28.7035309,47.1158689],[28.7035852,47.1158412],[28.7036313,47.1158836],[28.703731,47.1160268]]}},{"type":"Feature","id":276,"properties":{"road_id":"D0276","road_class":"field","highway":"path","name":null,"surface":null,"farm_id":null,"length_m":36.52,"source":"osm","cadastral":false},"geometry":{"type":"LineString","coordinates":[[28.7035852,47.1158412],[28.7035472,47.1158079],[28.70352,47.1156233],[28.7034983,47.1155236]]}},{"type":"Feature","id":277,"properties":{"road_id":"D0277","road_class":"field","highway":"path","name":null,"surface":null,"farm_id":null,"length_m":29.93,"source":"osm","cadastral":false},"geometry":{"type":"LineString","coordinates":[[28.7031836,47.1157396],[28.7033437,47.1158079],[28.7034848,47.1158172],[28.7035472,47.1158079]]}},{"type":"Feature","id":278,"properties":{"road_id":"D0278","road_class":"field","highway":"path","name":null,"surface":null,"farm_id":null,"length_m":295.25,"source":"osm","cadastral":false},"geometry":{"type":"LineString","coordinates":[[28.7035852,47.1158412],[28.7045077,47.1153531],[28.7052452,47.1148877],[28.7059039,47.1143347],[28.7060972,47.1141008],[28.7063472,47.1140115]]}},{"type":"Feature","id":279,"properties":{"road_id":"D0279","road_class":"field","highway":"track","name":null,"surface":null,"farm_id":null,"length_m":244.56,"source":"osm","cadastral":true},"geometry":{"type":"LineString","coordinates":[[28.7014307,47.1173342],[28.701545,47.1171614],[28.7017791,47.1170175],[28.7024101,47.1167541],[28.7034346,47.1163181],[28.7037533,47.1161853],[28.7038834,47.1161698],[28.7040294,47.1162394]]}},{"type":"Feature","id":280,"properties":{"road_id":"D0280","road_class":"public","highway":"tertiary","name":"Strada Ștefan cel Mare și Sânt","surface":null,"farm_id":null,"length_m":320.1,"source":"osm","cadastral":true},"geometry":{"type":"LineString","coordinates":[[28.720923,47.1186525],[28.7208754,47.1187419],[28.7197897,47.1207806],[28.7194599,47.1213535]]}},{"type":"Feature","id":281,"properties":{"road_id":"D0281","road_class":"public","highway":"residential","name":"Strada Dacilor","surface":"ground","farm_id":null,"length_m":34.37,"source":"osm","cadastral":false},"geometry":{"type":"LineString","coordinates":[[28.7201792,47.124879],[28.7200637,47.1248589],[28.7198378,47.1248195],[28.719752,47.1247835]]}},{"type":"Feature","id":282,"properties":{"road_id":"D0282","road_class":"public","highway":"residential","name":"Strada Burebista","surface":"ground","farm_id":null,"length_m":19.1,"source":"osm","cadastral":false},"geometry":{"type":"LineString","coordinates":[[28.719466,47.1247443],[28.7196913,47.1246676]]}},{"type":"Feature","id":283,"properties":{"road_id":"D0283","road_class":"public","highway":"service","name":"Strada Ștefan cel Mare și Sânt","surface":null,"farm_id":null,"length_m":74.11,"source":"osm","cadastral":false},"geometry":{"type":"LineString","coordinates":[[28.7160207,47.1289444],[28.7159698,47.1288695],[28.7158893,47.1288185],[28.7157981,47.1287655],[28.7156855,47.1287217],[28.7156077,47.1286725],[28.7155567,47.1286214],[28.7155111,47.1285885],[28.7154494,47.1285703],[28.7152853,47.1285898]]}},{"type":"Feature","id":284,"properties":{"road_id":"D0284","road_class":"public","highway":"residential","name":"Strada Cuza-Vodă","surface":null,"farm_id":null,"length_m":125.47,"source":"osm","cadastral":true},"geometry":{"type":"LineString","coordinates":[[28.7054193,47.1304672],[28.7052396,47.1308613],[28.7049875,47.1314471],[28.7049848,47.1315036],[28.705017,47.1315474]]}},{"type":"Feature","id":285,"properties":{"road_id":"D0285","road_class":"field","highway":"path","name":"Strada Cuza-Vodă","surface":null,"farm_id":null,"length_m":47.71,"source":"osm","cadastral":false},"geometry":{"type":"LineString","coordinates":[[28.7064412,47.1320273],[28.7064949,47.1320055],[28.7066075,47.1318047],[28.7067041,47.1317062],[28.7067681,47.131676]]}},{"type":"Feature","id":286,"properties":{"road_id":"D0286","road_class":"public","highway":"residential","name":"Strada Mihai Viteazu","surface":"ground","farm_id":null,"length_m":109.85,"source":"osm","cadastral":false},"geometry":{"type":"LineString","coordinates":[[28.704536,47.1276064],[28.7043828,47.1275439],[28.7041738,47.1274537],[28.7036866,47.1272919],[28.7034161,47.127202],[28.70331,47.1271697],[28.7032521,47.1271521]]}},{"type":"Feature","id":287,"properties":{"road_id":"D0287","road_class":"field","highway":"track","name":null,"surface":null,"farm_id":null,"length_m":158.89,"source":"osm","cadastral":false},"geometry":{"type":"LineString","coordinates":[[28.7208754,47.1187419],[28.7228636,47.1191908]]}},{"type":"Feature","id":288,"properties":{"road_id":"D0288","road_class":"public","highway":"service","name":null,"surface":null,"farm_id":null,"length_m":147.78,"source":"osm","cadastral":false},"geometry":{"type":"LineString","coordinates":[[28.7199922,47.1221423],[28.7206864,47.1209001]]}},{"type":"Feature","id":289,"properties":{"road_id":"D0289","road_class":"public","highway":"residential","name":"Strada Constantin Ghica","surface":"ground","farm_id":null,"length_m":12.13,"source":"osm","cadastral":true},"geometry":{"type":"LineString","coordinates":[[28.7118848,47.1300174],[28.7119293,47.1299875],[28.7119811,47.1299757],[28.7120233,47.1299708]]}},{"type":"Feature","id":290,"properties":{"road_id":"D0290","road_class":"internal","highway":"track","name":"Drumul Piciorul de Plai","surface":"dirt","farm_id":"F01","length_m":43.49,"source":"osm","cadastral":false},"geometry":{"type":"LineString","coordinates":[[28.7024495,47.1281423],[28.7024424,47.128154],[28.7022969,47.1283962],[28.7022275,47.128503]]}},{"type":"Feature","id":291,"properties":{"road_id":"D0291","road_class":"field","highway":"track","name":"Drumul Piciorul de Plai","surface":"dirt","farm_id":null,"length_m":1056.96,"source":"osm","cadastral":false},"geometry":{"type":"LineString","coordinates":[[28.7022275,47.128503],[28.701971,47.1288975],[28.7018754,47.1290447],[28.7015848,47.1295515],[28.7014786,47.1297492],[28.7013741,47.1299464],[28.700975,47.1306883],[28.7008037,47.1309399],[28.7006969,47.1310544],[28.7006278,47.1312034],[28.7004127,47.1315761],[28.7001862,47.131953],[28.7001061,47.1320861],[28.6996797,47.1328214],[28.6995795,47.1330274],[28.6993916,47.1333588],[28.6991874,47.1337021],[28.6987235,47.1345845],[28.6981811,47.1354303],[28.697923,47.135874],[28.6976441,47.1363404],[28.6975581,47.1364841],[28.6973916,47.1367354],[28.6973422,47.1368727],[28.6973556,47.1369874],[28.6973485,47.1370652],[28.6973913,47.1371855],[28.6975434,47.1373273]]}},{"type":"Feature","id":292,"properties":{"road_id":"D0292","road_class":"field","highway":"track","name":"Drumul Gura de Rai","surface":"dirt","farm_id":null,"length_m":1453.71,"source":"osm","cadastral":false},"geometry":{"type":"LineString","coordinates":[[28.6973422,47.1368727],[28.6956946,47.1353624],[28.6948278,47.1345806],[28.6947256,47.1344884],[28.6944153,47.1342085],[28.6940433,47.1338932],[28.6940094,47.1337011],[28.6941947,47.1334225],[28.6942328,47.1333656],[28.6948007,47.1325166],[28.6951976,47.1319234],[28.6953472,47.1316675],[28.6958631,47.1307856],[28.6962807,47.1300715],[28.6963851,47.1299065],[28.6968393,47.1291887],[28.6969023,47.1290708],[28.6970264,47.1288384],[28.6972927,47.1283581],[28.6973325,47.1282858],[28.6974443,47.12821],[28.6974471,47.1281239],[28.6975893,47.1279278],[28.6979,47.1276205],[28.6980965,47.1273926],[28.6983102,47.1271449],[28.6988106,47.1265923],[28.6994349,47.1258979],[28.6996796,47.1256257],[28.6998393,47.1255139]]}},{"type":"Feature","id":293,"properties":{"road_id":"D0293","road_class":"field","highway":"track","name":"Drumul Pana Corbului","surface":null,"farm_id":null,"length_m":292.08,"source":"osm","cadastral":false},"geometry":{"type":"LineString","coordinates":[[28.6928245,47.1289654],[28.6932459,47.1290742],[28.6936492,47.129227],[28.6940026,47.1292556],[28.6944793,47.1294282],[28.6948474,47.1295254],[28.6952538,47.1296005],[28.6955568,47.1297323],[28.6959711,47.1298029],[28.6963851,47.1299065]]}},{"type":"Feature","id":294,"properties":{"road_id":"D0294","road_class":"field","highway":"track","name":"Drumul Mura Câmpului","surface":null,"farm_id":null,"length_m":297.22,"source":"osm","cadastral":false},"geometry":{"type":"LineString","coordinates":[[28.6932582,47.1282421],[28.6935375,47.1281994],[28.6940347,47.1283293],[28.6943357,47.1284281],[28.694673,47.12843],[28.6950193,47.128504],[28.6955801,47.1286951],[28.6959504,47.1288246],[28.6963021,47.1289433],[28.696715,47.1290166],[28.6969023,47.1290708]]}},{"type":"Feature","id":295,"properties":{"road_id":"D0295","road_class":"field","highway":"track","name":"Drumul Fluierașului","surface":null,"farm_id":null,"length_m":853.6,"source":"osm","cadastral":false},"geometry":{"type":"LineString","coordinates":[[28.6953472,47.1316675],[28.6959137,47.1318079],[28.6964835,47.1319819],[28.6969073,47.1320948],[28.6976528,47.1322986],[28.6981892,47.1324254],[28.6987901,47.1326114],[28.6992993,47.1327193],[28.6996797,47.1328214],[28.7006394,47.133063],[28.7013089,47.1332728],[28.7014397,47.1333465],[28.7015459,47.1334951],[28.7020344,47.1335939],[28.7027598,47.1336479],[28.7029417,47.1337116],[28.7031706,47.1337917],[28.7033918,47.1339607],[28.7037574,47.1340563],[28.7038595,47.1340717],[28.7039798,47.1341563],[28.7040563,47.1342476],[28.7040743,47.134269],[28.7045705,47.1343521],[28.7051326,47.13442],[28.7054155,47.1344634],[28.7055763,47.1344845]]}},{"type":"Feature","id":296,"properties":{"road_id":"D0296","road_class":"field","highway":"track","name":"Drumul Plăviței","surface":null,"farm_id":null,"length_m":476.54,"source":"osm","cadastral":false},"geometry":{"type":"LineString","coordinates":[[28.6958631,47.1307856],[28.6964023,47.1309351],[28.696874,47.13108],[28.6975312,47.1312388],[28.698106,47.1314236],[28.6986518,47.1315722],[28.6993237,47.1318141],[28.6998543,47.1319035],[28.7001862,47.131953],[28.7008163,47.1321459],[28.7016752,47.1323826]]}},{"type":"Feature","id":297,"properties":{"road_id":"D0297","road_class":"field","highway":"track","name":"Drumul Măicuța","surface":null,"farm_id":null,"length_m":449.01,"source":"osm","cadastral":false},"geometry":{"type":"LineString","coordinates":[[28.6963851,47.1299065],[28.6967797,47.1300521],[28.6971204,47.1301277],[28.6974005,47.1302304],[28.6976199,47.1302361],[28.6981533,47.1304092],[28.6984578,47.1305079],[28.6987343,47.13054],[28.6995845,47.1307897],[28.7000592,47.1309226],[28.7003217,47.1310167],[28.7006969,47.1310544],[28.700955,47.1311635],[28.7015436,47.1313359],[28.7018466,47.1312975]]}},{"type":"Feature","id":298,"properties":{"road_id":"D0298","road_class":"field","highway":"track","name":"Drumul Baladei","surface":null,"farm_id":null,"length_m":318.05,"source":"osm","cadastral":false},"geometry":{"type":"LineString","coordinates":[[28.6969023,47.1290708],[28.6975778,47.12924],[28.6981603,47.1293689],[28.6986272,47.1295152],[28.6992846,47.1296464],[28.6996396,47.1297194],[28.6999737,47.1297416],[28.7001186,47.1296784],[28.7001467,47.1295116],[28.7002687,47.1294174],[28.7005931,47.1293216]]}},{"type":"Feature","id":299,"properties":{"road_id":"D0299","road_class":"field","highway":"track","name":"Drumul Apusului","surface":null,"farm_id":null,"length_m":304.61,"source":"osm","cadastral":false},"geometry":{"type":"LineString","coordinates":[[28.6944277,47.1263282],[28.6952213,47.1265245],[28.6959105,47.126721],[28.6963743,47.1268942],[28.6969995,47.1270315],[28.6974689,47.1272105],[28.6979145,47.1273924],[28.6980965,47.1273926]]}},{"type":"Feature","id":300,"properties":{"road_id":"D0300","road_class":"field","highway":"track","name":"Drumul Buciumului","surface":null,"farm_id":null,"length_m":341.43,"source":"osm","cadastral":false},"geometry":{"type":"LineString","coordinates":[[28.6980965,47.1273926],[28.6984282,47.1274832],[28.6986837,47.1276324],[28.6993265,47.1278947],[28.7001228,47.1282365],[28.7007757,47.1285244],[28.7012514,47.1286673],[28.7016639,47.1288738],[28.701971,47.1288975]]}},{"type":"Feature","id":301,"properties":{"road_id":"D0301","road_class":"internal","highway":"track","name":"Drumul Ciocârliei","surface":null,"farm_id":"F01","length_m":239.2,"source":"osm","cadastral":false},"geometry":{"type":"MultiLineString","coordinates":[[[28.7010028,47.1274609],[28.7011657,47.127529],[28.7015695,47.1277252]],[[28.7019044,47.1278814],[28.702037,47.1279312]],[[28.7021237,47.1279638],[28.7021768,47.1279837],[28.7024424,47.128154],[28.7025931,47.1282202],[28.7029361,47.1282958],[28.7032817,47.1283667],[28.7035859,47.1285191],[28.7039557,47.1285633],[28.704172,47.128629]]]}},{"type":"Feature","id":302,"properties":{"road_id":"D0302","road_class":"field","highway":"track","name":"Drumul Ciocârliei","surface":null,"farm_id":null,"length_m":262.45,"source":"osm","cadastral":false},"geometry":{"type":"MultiLineString","coordinates":[[[28.6988106,47.1265923],[28.6991745,47.1266949],[28.6998055,47.1270032],[28.7004291,47.1272209],[28.7010028,47.1274609]],[[28.7015695,47.1277252],[28.7018457,47.1278594],[28.7019044,47.1278814]],[[28.702037,47.1279312],[28.7021237,47.1279638]],[[28.704172,47.128629],[28.7043393,47.1286798],[28.7044678,47.1287008],[28.7045463,47.128739]]]}},{"type":"Feature","id":303,"properties":{"road_id":"D0303","road_class":"field","highway":"track","name":"Drumul Cicârliei","surface":null,"farm_id":null,"length_m":301.66,"source":"osm","cadastral":false},"geometry":{"type":"LineString","coordinates":[[28.6952531,47.125425],[28.6955666,47.1255081],[28.6962011,47.1257738],[28.6967975,47.1259513],[28.6972681,47.1261258],[28.6974023,47.1261482],[28.6976119,47.1261833],[28.6978241,47.1263112],[28.6981051,47.1263915],[28.6983016,47.1264683],[28.6985932,47.1265503],[28.6988106,47.1265923]]}},{"type":"Feature","id":304,"properties":{"road_id":"D0304","road_class":"field","highway":"track","name":null,"surface":null,"farm_id":null,"length_m":198.79,"source":"osm","cadastral":false},"geometry":{"type":"LineString","coordinates":[[28.6994349,47.1258979],[28.6989918,47.1257247],[28.698426,47.1255004],[28.6982145,47.1255629],[28.697901,47.1256464],[28.6974023,47.1261482]]}},{"type":"Feature","id":305,"properties":{"road_id":"D0305","road_class":"field","highway":"track","name":"Drumul Cornului","surface":null,"farm_id":null,"length_m":191.42,"source":"osm","cadastral":false},"geometry":{"type":"LineString","coordinates":[[28.7018754,47.1290447],[28.702144,47.1290869],[28.7023817,47.1291819],[28.7027761,47.1292762],[28.703131,47.1293471],[28.7036697,47.1294901],[28.7040107,47.1295795],[28.7042379,47.1296349]]}},{"type":"Feature","id":306,"properties":{"road_id":"D0306","road_class":"field","highway":"track","name":"Drumul Cuza Vodă","surface":null,"farm_id":null,"length_m":157.59,"source":"osm","cadastral":false},"geometry":{"type":"LineString","coordinates":[[28.7022659,47.1299586],[28.7023381,47.1299115],[28.702505,47.1298698],[28.7025651,47.1298548],[28.7032284,47.1298165],[28.7034595,47.1298457],[28.7041953,47.1301153]]}},{"type":"Feature","id":307,"properties":{"road_id":"D0307","road_class":"internal","highway":"track","name":"Drumul Piciorul de Plai","surface":"dirt","farm_id":"F01","length_m":76.09,"source":"osm","cadastral":false},"geometry":{"type":"MultiLineString","coordinates":[[[28.7026562,47.1277054],[28.702605,47.1278078],[28.7024424,47.128154]],[[28.702805,47.1274082],[28.7027305,47.1275571]],[[28.7029971,47.1271021],[28.7029644,47.1271529]]]}},{"type":"Feature","id":308,"properties":{"road_id":"D0308","road_class":"field","highway":"track","name":"Drumul Piciorul de Plai","surface":"dirt","farm_id":null,"length_m":50.97,"source":"osm","cadastral":false},"geometry":{"type":"MultiLineString","coordinates":[[[28.7027305,47.1275571],[28.7026562,47.1277054]],[[28.7029644,47.1271529],[28.7028224,47.1273735],[28.702805,47.1274082]],[[28.7030113,47.12708],[28.7029971,47.1271021]]]}},{"type":"Feature","id":309,"properties":{"road_id":"D0309","road_class":"field","highway":"track","name":"Drumul Independenței","surface":null,"farm_id":null,"length_m":150.98,"source":"osm","cadastral":false},"geometry":{"type":"LineString","coordinates":[[28.7092706,47.1233889],[28.7085911,47.1232854],[28.7077125,47.1231022],[28.7073649,47.1230059]]}},{"type":"Feature","id":310,"properties":{"road_id":"D0310","road_class":"field","highway":"track","name":null,"surface":null,"farm_id":null,"length_m":71.02,"source":"osm","cadastral":false},"geometry":{"type":"LineString","coordinates":[[28.7073481,47.1236447],[28.7073649,47.1230059]]}},{"type":"Feature","id":311,"properties":{"road_id":"D0311","road_class":"field","highway":"track","name":"Drumul Silvostepei","surface":null,"farm_id":null,"length_m":119,"source":"osm","cadastral":false},"geometry":{"type":"LineString","coordinates":[[28.704789,47.1181816],[28.7048201,47.1181029],[28.7051772,47.1178746],[28.7055886,47.1177004],[28.7057067,47.1176205],[28.7059263,47.1174718]]}},{"type":"Feature","id":312,"properties":{"road_id":"D0312","road_class":"internal","highway":"cross_path","name":null,"surface":null,"farm_id":"F09","length_m":34.07,"source":"detected","cadastral":false},"geometry":{"type":"LineString","coordinates":[[28.7099679,47.1226324],[28.7099396,47.1226275],[28.7095614,47.1225606],[28.7095331,47.1225556]]}},{"type":"Feature","id":313,"properties":{"road_id":"D0313","road_class":"internal","highway":"cross_path","name":null,"surface":null,"farm_id":"F09","length_m":36.42,"source":"detected","cadastral":false},"geometry":{"type":"LineString","coordinates":[[28.7107053,47.1218207],[28.7106749,47.1218183],[28.7105056,47.1218045],[28.7102913,47.1217139],[28.7102686,47.1217042]]}},{"type":"Feature","id":314,"properties":{"road_id":"D0314","road_class":"internal","highway":"cross_path","name":null,"surface":null,"farm_id":"F09","length_m":106.69,"source":"detected","cadastral":false},"geometry":{"type":"LineString","coordinates":[[28.7093669,47.1225205],[28.7093386,47.1225146],[28.7080513,47.1222437],[28.7080231,47.1222377]]}},{"type":"Feature","id":315,"properties":{"road_id":"D0315","road_class":"internal","highway":"cross_path","name":null,"surface":null,"farm_id":"F09","length_m":27.99,"source":"detected","cadastral":false},"geometry":{"type":"LineString","coordinates":[[28.7101525,47.1217018],[28.7101246,47.121696],[28.7098278,47.1216335],[28.7097999,47.1216276]]}},{"type":"Feature","id":316,"properties":{"road_id":"D0316","road_class":"internal","highway":"cross_path","name":null,"surface":null,"farm_id":"F09","length_m":44.98,"source":"detected","cadastral":false},"geometry":{"type":"LineString","coordinates":[[28.7095926,47.1215843],[28.7095646,47.1215787],[28.7090516,47.1214763],[28.7090236,47.1214707]]}},{"type":"Feature","id":317,"properties":{"road_id":"D0317","road_class":"public","highway":"road_parcel","name":null,"surface":null,"farm_id":null,"length_m":160.91,"source":"cadastre","cadastral":true},"geometry":{"type":"LineString","coordinates":[[28.7063421,47.1355663],[28.7063196,47.1354811],[28.7064058,47.1352909],[28.7064108,47.1352413],[28.7063906,47.1352281],[28.706291,47.1352071],[28.7058184,47.1350657],[28.7057848,47.1350482],[28.7057778,47.1350348],[28.7055451,47.1349752],[28.7055116,47.1349578],[28.7055087,47.1348678],[28.7055418,47.1346648],[28.7055762,47.1345326]]}},{"type":"Feature","id":318,"properties":{"road_id":"D0318","road_class":"public","highway":"road_parcel","name":null,"surface":null,"farm_id":null,"length_m":179.11,"source":"cadastre","cadastral":true},"geometry":{"type":"LineString","coordinates":[[28.705582,47.1344362],[28.7056035,47.1343265],[28.7056157,47.1342948],[28.7057042,47.1341765],[28.7057538,47.1340768],[28.7059166,47.1338089],[28.7060299,47.1336407],[28.7060623,47.1336222],[28.7061604,47.1335983],[28.7062924,47.1336008],[28.7064954,47.1335573],[28.7066647,47.1334918],[28.7069041,47.1333487],[28.7069696,47.1333342],[28.7069955,47.1333203]]}},{"type":"Feature","id":319,"properties":{"road_id":"D0319","road_class":"public","highway":"road_parcel","name":null,"surface":null,"farm_id":null,"length_m":66.49,"source":"cadastre","cadastral":true},"geometry":{"type":"LineString","coordinates":[[28.7069955,47.1333203],[28.7069673,47.1332623],[28.706933,47.1332223],[28.7067644,47.1331033],[28.7065566,47.1329984],[28.7063614,47.132932]]}},{"type":"Feature","id":320,"properties":{"road_id":"D0320","road_class":"public","highway":"road_parcel","name":null,"surface":null,"farm_id":null,"length_m":254.19,"source":"cadastre","cadastral":true},"geometry":{"type":"LineString","coordinates":[[28.7092225,47.1345065],[28.7091747,47.1344532],[28.7091536,47.134413],[28.7091341,47.1342153],[28.7091534,47.1342015],[28.709178,47.1341472],[28.7092163,47.1341061],[28.7092346,47.1340609],[28.7092059,47.1339893],[28.7091786,47.1339582],[28.7091574,47.1339135],[28.7091162,47.1338646],[28.7090758,47.1338383],[28.7089622,47.1337905],[28.7088099,47.1337702],[28.7087632,47.1337529],[28.7086092,47.1336787],[28.708402,47.1335918],[28.7081001,47.1334299],[28.7078551,47.1333975],[28.7071488,47.1333721],[28.7070823,47.1333551],[28.7069955,47.1333203]]}},{"type":"Feature","id":321,"properties":{"road_id":"D0321","road_class":"public","highway":"road_parcel","name":null,"surface":null,"farm_id":null,"length_m":56.77,"source":"cadastre","cadastral":true},"geometry":{"type":"LineString","coordinates":[[28.7099243,47.134595],[28.7098364,47.1345288],[28.7093947,47.1345309],[28.7092225,47.1345065]]}},{"type":"Feature","id":322,"properties":{"road_id":"D0322","road_class":"public","highway":"road_parcel","name":null,"surface":null,"farm_id":null,"length_m":334.29,"source":"cadastre","cadastral":true},"geometry":{"type":"LineString","coordinates":[[28.7107804,47.1343572],[28.71084,47.1343653],[28.7109583,47.1343546],[28.7111613,47.134311],[28.7112533,47.1343007],[28.7113777,47.1342718],[28.7116192,47.1341962],[28.7117632,47.1341626],[28.7119199,47.1341152],[28.7122215,47.1340612],[28.712313,47.1340374],[28.712477,47.1340124],[28.7125356,47.133989],[28.7125936,47.1339477],[28.7131197,47.1334944],[28.7132124,47.1332995],[28.7132966,47.1330463],[28.7134299,47.1328868],[28.713475,47.1328546],[28.7135594,47.1328129],[28.713774,47.1327197],[28.7139948,47.1326401]]}},{"type":"Feature","id":323,"properties":{"road_id":"D0323","road_class":"public","highway":"road_parcel","name":null,"surface":null,"farm_id":null,"length_m":170.72,"source":"cadastre","cadastral":true},"geometry":{"type":"LineString","coordinates":[[28.7107804,47.1343572],[28.7107835,47.1342492],[28.7109997,47.1339985],[28.7110667,47.1338265],[28.7110658,47.1337995],[28.7110956,47.1337001],[28.711097,47.1335381],[28.7110461,47.1333904],[28.7110419,47.13326],[28.7110533,47.1332058],[28.7110216,47.1330398],[28.7109799,47.1329729],[28.7109135,47.1328934]]}},{"type":"Feature","id":324,"properties":{"road_id":"D0324","road_class":"public","highway":"road_parcel","name":null,"surface":null,"farm_id":null,"length_m":399.57,"source":"cadastre","cadastral":true},"geometry":{"type":"LineString","coordinates":[[28.7184626,47.1339722],[28.7184281,47.1339233],[28.7182942,47.1338623],[28.7180809,47.133789],[28.7176215,47.1336519],[28.7171974,47.1335863],[28.7168537,47.1335599],[28.7166954,47.1335578],[28.7165322,47.1336097],[28.7165,47.1336327],[28.7164298,47.1337058],[28.7163607,47.1338103],[28.7162971,47.1338832],[28.7159232,47.1341498],[28.715897,47.1341547],[28.7157996,47.1342011],[28.7157341,47.1342156],[28.7156747,47.134212],[28.7155397,47.1341151],[28.7153093,47.1339205],[28.7151809,47.1338235],[28.7150452,47.133704],[28.7149777,47.1336555],[28.7148756,47.1335581],[28.7147274,47.1332543],[28.7147186,47.133187],[28.7147239,47.1331464],[28.7147273,47.1331411]]}},{"type":"Feature","id":325,"properties":{"road_id":"D0325","road_class":"public","highway":"road_parcel","name":null,"surface":null,"farm_id":null,"length_m":232.31,"source":"cadastre","cadastral":true},"geometry":{"type":"LineString","coordinates":[[28.7148672,47.132046],[28.7150277,47.1319315],[28.7150781,47.1318588],[28.7151519,47.1316912],[28.715171,47.1316729],[28.7152356,47.1316314],[28.71538,47.1316113],[28.7154571,47.1315471],[28.7155016,47.131497],[28.7155646,47.131406],[28.7155705,47.1313834],[28.7155593,47.1312396],[28.715564,47.1311811],[28.7155935,47.1310726],[28.7155755,47.1309244],[28.7156466,47.1306759],[28.7156443,47.1306039],[28.7156366,47.1305681],[28.7156092,47.130537],[28.7155489,47.1305064],[28.7154558,47.1304808],[28.7154086,47.13045],[28.7153673,47.1303966],[28.7153723,47.130347],[28.7153978,47.1303197],[28.71545,47.1303009],[28.7154737,47.1302876]]}},{"type":"Feature","id":326,"properties":{"road_id":"D0326","road_class":"public","highway":"road_parcel","name":null,"surface":null,"farm_id":null,"length_m":271.77,"source":"cadastre","cadastral":true},"geometry":{"type":"LineString","coordinates":[[28.7164187,47.1295694],[28.716506,47.1295157],[28.7165249,47.1294884],[28.7165492,47.129425],[28.7165418,47.1291957],[28.716521,47.1291645],[28.7165341,47.1291598],[28.7165716,47.1290962],[28.7166426,47.1290502],[28.716734,47.1290218],[28.7170074,47.1289142],[28.7170717,47.1288638],[28.7171097,47.1288137],[28.7171269,47.1287325],[28.7171294,47.1286064],[28.7172088,47.1284118],[28.7172143,47.1283757],[28.7171896,47.1282231],[28.7172209,47.1281731],[28.7173416,47.1280318],[28.7174757,47.1278948],[28.7175125,47.1278088],[28.7175825,47.1277312],[28.7176327,47.127654],[28.7176323,47.1276405],[28.7177937,47.1275346],[28.7178296,47.1275047]]}},{"type":"Feature","id":327,"properties":{"road_id":"D0327","road_class":"public","highway":"road_parcel","name":null,"surface":null,"farm_id":null,"length_m":38.06,"source":"cadastre","cadastral":true},"geometry":{"type":"LineString","coordinates":[[28.7170411,47.1324188],[28.716736,47.1323603],[28.7165512,47.1323631]]}},{"type":"Feature","id":328,"properties":{"road_id":"D0328","road_class":"public","highway":"road_parcel","name":null,"surface":null,"farm_id":null,"length_m":239.16,"source":"cadastre","cadastral":true},"geometry":{"type":"LineString","coordinates":[[28.7194757,47.1332866],[28.71922,47.1331285],[28.7192058,47.1330972],[28.7191328,47.1330803],[28.7188106,47.1329052],[28.7186575,47.132858],[28.7186034,47.1328183],[28.7184831,47.1327661],[28.7184226,47.132731],[28.7183224,47.132692],[28.7180095,47.1325977],[28.7178965,47.1325679],[28.7178369,47.1325598],[28.7177897,47.132529],[28.71777,47.1325293],[28.71769,47.1325035],[28.7174709,47.1324573],[28.717385,47.1324496],[28.7172384,47.1324023],[28.7169863,47.1323521],[28.7168931,47.1323265],[28.7168405,47.1323318],[28.7167479,47.1323197]]}},{"type":"Feature","id":329,"properties":{"road_id":"D0329","road_class":"public","highway":"road_parcel","name":null,"surface":null,"farm_id":null,"length_m":223.33,"source":"cadastre","cadastral":true},"geometry":{"type":"LineString","coordinates":[[28.7180025,47.1273952],[28.7180197,47.1273872],[28.7182029,47.127344],[28.7183072,47.1273064],[28.7184043,47.127251],[28.7185071,47.1271684],[28.7185758,47.1270504],[28.7186967,47.1269136],[28.7188765,47.1267669],[28.7189531,47.1266893],[28.7190087,47.1265715],[28.7190195,47.1264993],[28.7190169,47.1264184],[28.7190489,47.1261839],[28.7190677,47.1261522],[28.7191096,47.126021],[28.7192215,47.1258124],[28.7192456,47.12574],[28.7192443,47.1257018]]}},{"type":"Feature","id":330,"properties":{"road_id":"D0330","road_class":"public","highway":"road_parcel","name":null,"surface":null,"farm_id":null,"length_m":103.12,"source":"cadastre","cadastral":true},"geometry":{"type":"LineString","coordinates":[[28.7192501,47.1253911],[28.7192595,47.1253529],[28.7193028,47.1252667],[28.7193346,47.1252303],[28.7193797,47.1251981],[28.7194518,47.1251835],[28.7195638,47.1251818],[28.7196168,47.12519],[28.7197505,47.1252465],[28.7197969,47.1252548],[28.7198887,47.1252399],[28.7200565,47.1251294],[28.7201835,47.124979],[28.7201887,47.1249709]]}},{"type":"Feature","id":331,"properties":{"road_id":"D0331","road_class":"public","highway":"road_parcel","name":null,"surface":null,"farm_id":null,"length_m":234.27,"source":"cadastre","cadastral":true},"geometry":{"type":"LineString","coordinates":[[28.7202742,47.1248241],[28.7203081,47.1247522],[28.7203315,47.1246619],[28.7203686,47.1245848],[28.7203982,47.1244809],[28.7204291,47.1244174],[28.7204587,47.1243135],[28.7204836,47.1242681],[28.7205193,47.1241461],[28.7205925,47.123965],[28.7206274,47.1238205],[28.7207175,47.1235492],[28.7207938,47.1232556],[28.7208541,47.1230837],[28.7209296,47.1227676]]}},{"type":"Feature","id":332,"properties":{"road_id":"D0332","road_class":"public","highway":"road_parcel","name":null,"surface":null,"farm_id":null,"length_m":279.09,"source":"cadastre","cadastral":true},"geometry":{"type":"LineString","coordinates":[[28.7211189,47.1225038],[28.7211497,47.1224358],[28.7212499,47.1222724],[28.7213662,47.1219961],[28.721414,47.1218425],[28.7214875,47.1216704],[28.7214984,47.1215982],[28.7216581,47.1212359],[28.7217459,47.1208926],[28.7217835,47.1208335],[28.7218572,47.1206659],[28.7220011,47.1204253],[28.7221621,47.1201034]]}},{"type":"Feature","id":333,"properties":{"road_id":"D0333","road_class":"public","highway":"road_parcel","name":null,"surface":null,"farm_id":null,"length_m":91.63,"source":"cadastre","cadastral":true},"geometry":{"type":"LineString","coordinates":[[28.7224074,47.1332156],[28.722374,47.1332026],[28.7221468,47.1329045],[28.7221063,47.1328736],[28.7220919,47.1328379],[28.7220094,47.1327311],[28.7218517,47.1325445],[28.7218415,47.1324975]]}},{"type":"Feature","id":334,"properties":{"road_id":"D0334","road_class":"public","highway":"road_parcel","name":null,"surface":null,"farm_id":null,"length_m":41.45,"source":"cadastre","cadastral":true},"geometry":{"type":"LineString","coordinates":[[28.7215022,47.1200818],[28.7215151,47.1200727],[28.7216069,47.1200578],[28.7218631,47.1200314],[28.7219811,47.1200117],[28.7220338,47.1200109]]}},{"type":"Feature","id":335,"properties":{"road_id":"D0335","road_class":"public","highway":"road_parcel","name":null,"surface":null,"farm_id":null,"length_m":178.44,"source":"cadastre","cadastral":true},"geometry":{"type":"LineString","coordinates":[[28.7224074,47.1332156],[28.7224402,47.1332106],[28.7225568,47.1331458],[28.7226938,47.1330988],[28.7227456,47.133071],[28.7227784,47.133066],[28.722889,47.1330193],[28.723,47.1329862],[28.7231169,47.1329304],[28.723163,47.1329297],[28.7231891,47.1329203],[28.7232081,47.1328976],[28.7232793,47.132856],[28.7233382,47.1328416],[28.7236053,47.1327431],[28.7236578,47.1327333],[28.7237029,47.1327011],[28.7237553,47.1326914],[28.7237615,47.1326778],[28.7238463,47.1326495],[28.7239305,47.1326032],[28.7240217,47.1325704],[28.7242947,47.1324493],[28.724334,47.1324397],[28.7243529,47.1324124],[28.7243521,47.1323878]]}},{"type":"Feature","id":336,"properties":{"road_id":"D0336","road_class":"public","highway":"road_parcel","name":null,"surface":null,"farm_id":null,"length_m":42.1,"source":"cadastre","cadastral":true},"geometry":{"type":"LineString","coordinates":[[28.7224574,47.1335388],[28.7225033,47.1335291],[28.7225422,47.1335105],[28.7225484,47.1334969],[28.7225197,47.1334254],[28.7224228,47.1332828],[28.7224074,47.1332156]]}},{"type":"Feature","id":337,"properties":{"road_id":"D0337","road_class":"public","highway":"road_parcel","name":null,"surface":null,"farm_id":null,"length_m":1794.24,"source":"cadastre","cadastral":true},"geometry":{"type":"LineString","coordinates":[[28.7243684,47.1109031],[28.7244996,47.1106419],[28.7246117,47.1104423],[28.7248163,47.1100432],[28.7248278,47.1099891],[28.7248203,47.1099622],[28.7251702,47.1093675],[28.7252964,47.1091946],[28.72534,47.1091174],[28.7259419,47.1083705],[28.7259791,47.1082979],[28.7266257,47.1075053],[28.7266436,47.1074465],[28.7269405,47.1070506],[28.7272578,47.1066723],[28.727322,47.1066219],[28.7274926,47.1063943],[28.7279109,47.1058796],[28.7279424,47.1058341],[28.7279605,47.1057843],[28.7284227,47.1052014],[28.7285674,47.1049878],[28.7285788,47.1049336],[28.728604,47.1048972],[28.7288574,47.1045829],[28.7292798,47.1039916],[28.7292767,47.1038972],[28.7292891,47.1038745],[28.7297834,47.1030616],[28.7298474,47.1030022],[28.7302532,47.1023076],[28.7303413,47.1021803],[28.7308153,47.1013543],[28.7312823,47.1005148],[28.7314956,47.1001831],[28.7317728,47.099792],[28.7318364,47.099719],[28.7318675,47.0996646],[28.7323241,47.0991132],[28.7323545,47.0990363],[28.7331089,47.0981205],[28.7339634,47.0970412],[28.734426,47.0964762],[28.7344639,47.0964261],[28.7344557,47.0963768]]}}]}