{"type":"FeatureCollection","features":[{"type":"Feature","id":1,"properties":{"row_id":"V01-R001","vineyard_id":"V01","row_structure":"regular","length_m":5.67,"plant_count":1,"max_gap_m":0,"tile_structures":{"siret3_r005_c004":"regular"}},"geometry":{"type":"LineString","coordinates":[[28.704171,47.1294709],[28.7041974,47.1294232]]}},{"type":"Feature","id":2,"properties":{"row_id":"V01-R002","vineyard_id":"V01","row_structure":"regular","length_m":10.13,"plant_count":3,"max_gap_m":2.2,"tile_structures":{"siret3_r005_c004":"regular"}},"geometry":{"type":"LineString","coordinates":[[28.7041469,47.1294512],[28.7041955,47.1293663]]}},{"type":"Feature","id":3,"properties":{"row_id":"V01-R003","vineyard_id":"V01","row_structure":"regular","length_m":16.44,"plant_count":3,"max_gap_m":1.48,"tile_structures":{"siret3_r005_c004":"regular"}},"geometry":{"type":"LineString","coordinates":[[28.7041175,47.1294447],[28.7041936,47.1293061]]}},{"type":"Feature","id":4,"properties":{"row_id":"V01-R004","vineyard_id":"V01","row_structure":"regular","length_m":17.78,"plant_count":3,"max_gap_m":1.27,"tile_structures":{"siret3_r005_c004":"regular"}},"geometry":{"type":"LineString","coordinates":[[28.704107,47.1293966],[28.7041917,47.1292475]]}},{"type":"Feature","id":5,"properties":{"row_id":"V01-R005","vineyard_id":"V01","row_structure":"regular","length_m":25.21,"plant_count":5,"max_gap_m":3.68,"tile_structures":{"siret3_r005_c004":"regular"}},"geometry":{"type":"LineString","coordinates":[[28.7040693,47.1293973],[28.7041898,47.1291859]]}},{"type":"Feature","id":6,"properties":{"row_id":"V01-R006","vineyard_id":"V01","row_structure":"regular","length_m":30.83,"plant_count":6,"max_gap_m":1.05,"tile_structures":{"siret3_r005_c004":"regular"}},"geometry":{"type":"LineString","coordinates":[[28.7040396,47.1293872],[28.704188,47.129129]]}},{"type":"Feature","id":7,"properties":{"row_id":"V01-R007","vineyard_id":"V01","row_structure":"disrupted","length_m":33.37,"plant_count":6,"max_gap_m":9.4,"tile_structures":{"siret3_r005_c004":"disrupted"}},"geometry":{"type":"LineString","coordinates":[[28.7040269,47.1293543],[28.7041862,47.1290744]]}},{"type":"Feature","id":8,"properties":{"row_id":"V01-R008","vineyard_id":"V01","row_structure":"regular","length_m":38.1,"plant_count":11,"max_gap_m":1.2,"tile_structures":{"siret3_r005_c004":"regular","siret3_r006_c004":"regular"}},"geometry":{"type":"LineString","coordinates":[[28.7040041,47.1293355],[28.7041589,47.1290607],[28.7041843,47.1290155]]}},{"type":"Feature","id":9,"properties":{"row_id":"V01-R009","vineyard_id":"V01","row_structure":"regular","length_m":41.97,"plant_count":14,"max_gap_m":1.98,"tile_structures":{"siret3_r005_c004":"regular","siret3_r006_c004":"regular"}},"geometry":{"type":"LineString","coordinates":[[28.7039787,47.129312],[28.7041244,47.1290612],[28.7041826,47.128961]]}},{"type":"Feature","id":10,"properties":{"row_id":"V01-R010","vineyard_id":"V01","row_structure":"regular","length_m":48.85,"plant_count":16,"max_gap_m":3.9,"tile_structures":{"siret3_r005_c004":"regular","siret3_r006_c004":"regular"}},"geometry":{"type":"LineString","coordinates":[[28.7039419,47.1293113],[28.704088,47.1290618],[28.7041807,47.1289032]]}},{"type":"Feature","id":11,"properties":{"row_id":"V01-R011","vineyard_id":"V01","row_structure":"regular","length_m":55.1,"plant_count":18,"max_gap_m":3.33,"tile_structures":{"siret3_r005_c004":"regular","siret3_r006_c004":"regular"}},"geometry":{"type":"LineString","coordinates":[[28.7039088,47.1293005],[28.7040485,47.1290623],[28.7041787,47.1288403]]}},{"type":"Feature","id":12,"properties":{"row_id":"V01-R012","vineyard_id":"V01","row_structure":"regular","length_m":61.25,"plant_count":25,"max_gap_m":2.58,"tile_structures":{"siret3_r005_c004":"regular","siret3_r006_c004":"regular"}},"geometry":{"type":"LineString","coordinates":[[28.7038761,47.1292911],[28.7040134,47.1290629],[28.7041768,47.1287798]]}},{"type":"Feature","id":13,"properties":{"row_id":"V01-R013","vineyard_id":"V01","row_structure":"regular","length_m":46.85,"plant_count":6,"max_gap_m":0.7,"tile_structures":{"siret3_r008_c005":"regular"}},"geometry":{"type":"LineString","coordinates":[[28.7045397,47.1281335],[28.7047551,47.1277386]]}},{"type":"Feature","id":14,"properties":{"row_id":"V01-R014","vineyard_id":"V01","row_structure":"disrupted","length_m":66.34,"plant_count":22,"max_gap_m":5.55,"tile_structures":{"siret3_r005_c004":"disrupted","siret3_r006_c004":"disrupted"}},"geometry":{"type":"LineString","coordinates":[[28.7038531,47.129276],[28.7039764,47.1290634],[28.7041749,47.128721]]}},{"type":"Feature","id":15,"properties":{"row_id":"V01-R015","vineyard_id":"V01","row_structure":"regular","length_m":50,"plant_count":7,"max_gap_m":0.85,"tile_structures":{"siret3_r008_c005":"regular"}},"geometry":{"type":"LineString","coordinates":[[28.7045017,47.1281341],[28.7047369,47.1277139]]}},{"type":"Feature","id":16,"properties":{"row_id":"V01-R016","vineyard_id":"V01","row_structure":"disrupted","length_m":65.45,"plant_count":17,"max_gap_m":14.8,"tile_structures":{"siret3_r005_c004":"disrupted","siret3_r006_c004":"disrupted"}},"geometry":{"type":"LineString","coordinates":[[28.7038533,47.1292109],[28.7039393,47.129064],[28.7041731,47.128664]]}},{"type":"Feature","id":17,"properties":{"row_id":"V01-R017","vineyard_id":"V01","row_structure":"regular","length_m":51.02,"plant_count":11,"max_gap_m":0.6,"tile_structures":{"siret3_r008_c005":"regular"}},"geometry":{"type":"LineString","coordinates":[[28.7044653,47.1281347],[28.7047057,47.127706]]}},{"type":"Feature","id":18,"properties":{"row_id":"V01-R018","vineyard_id":"V01","row_structure":"disrupted","length_m":75.03,"plant_count":12,"max_gap_m":9.23,"tile_structures":{"siret3_r005_c004":"disrupted","siret3_r006_c004":"disrupted"}},"geometry":{"type":"LineString","coordinates":[[28.7038059,47.1292297],[28.7039021,47.1290645],[28.7041711,47.1286025]]}},{"type":"Feature","id":19,"properties":{"row_id":"V01-R019","vineyard_id":"V01","row_structure":"regular","length_m":52.82,"plant_count":12,"max_gap_m":0.93,"tile_structures":{"siret3_r008_c005":"regular"}},"geometry":{"type":"LineString","coordinates":[[28.7044294,47.1281352],[28.7046798,47.1276918]]}},{"type":"Feature","id":20,"properties":{"row_id":"V01-R020","vineyard_id":"V01","row_structure":"disrupted","length_m":70.75,"plant_count":15,"max_gap_m":12.88,"tile_structures":{"siret3_r005_c004":"regular","siret3_r006_c004":"disrupted","siret3_r007_c004":"regular"}},"geometry":{"type":"LineString","coordinates":[[28.7038275,47.1291338],[28.7038663,47.1290651],[28.7038686,47.1290611],[28.7041267,47.1286197],[28.7041373,47.1286003],[28.7041692,47.1285416]]}},{"type":"Feature","id":21,"properties":{"row_id":"V01-R021","vineyard_id":"V01","row_structure":"regular","length_m":55.33,"plant_count":12,"max_gap_m":2.48,"tile_structures":{"siret3_r008_c005":"regular"}},"geometry":{"type":"LineString","coordinates":[[28.7043932,47.1281357],[28.7046549,47.1276711]]}},{"type":"Feature","id":22,"properties":{"row_id":"V01-R022","vineyard_id":"V01","row_structure":"regular","length_m":86.19,"plant_count":27,"max_gap_m":1.3,"tile_structures":{"siret3_r005_c004":"regular","siret3_r006_c004":"regular","siret3_r007_c004":"regular"}},"geometry":{"type":"LineString","coordinates":[[28.7037543,47.129204],[28.7038336,47.1290655],[28.7040999,47.1286008],[28.7040999,47.1286008],[28.7041673,47.1284816]]}},{"type":"Feature","id":23,"properties":{"row_id":"V01-R023","vineyard_id":"V01","row_structure":"regular","length_m":55.24,"plant_count":15,"max_gap_m":1.83,"tile_structures":{"siret3_r008_c005":"regular"}},"geometry":{"type":"LineString","coordinates":[[28.7043573,47.1281363],[28.704616,47.1276717]]}},{"type":"Feature","id":24,"properties":{"row_id":"V01-R024","vineyard_id":"V01","row_structure":"regular","length_m":19.64,"plant_count":4,"max_gap_m":1.18,"tile_structures":{"siret3_r007_c004":"regular"}},"geometry":{"type":"LineString","coordinates":[[28.7040768,47.1286012],[28.7041658,47.1284352]]}},{"type":"Feature","id":25,"properties":{"row_id":"V01-R025","vineyard_id":"V01","row_structure":"regular","length_m":70.8,"plant_count":15,"max_gap_m":1.8,"tile_structures":{"siret3_r005_c004":"regular","siret3_r006_c004":"regular"}},"geometry":{"type":"LineString","coordinates":[[28.7037185,47.1291937],[28.7037925,47.1290661],[28.7040619,47.1286014]]}},{"type":"Feature","id":26,"properties":{"row_id":"V01-R026","vineyard_id":"V01","row_structure":"regular","length_m":55.23,"plant_count":20,"max_gap_m":2.88,"tile_structures":{"siret3_r008_c005":"regular"}},"geometry":{"type":"LineString","coordinates":[[28.7043256,47.1281367],[28.7045837,47.1276722]]}},{"type":"Feature","id":27,"properties":{"row_id":"V01-R027","vineyard_id":"V01","row_structure":"disrupted","length_m":97.64,"plant_count":31,"max_gap_m":6.35,"tile_structures":{"siret3_r005_c004":"disrupted","siret3_r006_c004":"regular","siret3_r007_c004":"regular"}},"geometry":{"type":"LineString","coordinates":[[28.7036924,47.1291796],[28.7037575,47.1290667],[28.7040253,47.1286019],[28.7041635,47.1283621]]}},{"type":"Feature","id":28,"properties":{"row_id":"V01-R028","vineyard_id":"V01","row_structure":"regular","length_m":55.34,"plant_count":18,"max_gap_m":1.27,"tile_structures":{"siret3_r008_c005":"regular"}},"geometry":{"type":"LineString","coordinates":[[28.7042881,47.1281373],[28.7045501,47.1276727]]}},{"type":"Feature","id":29,"properties":{"row_id":"V01-R029","vineyard_id":"V01","row_structure":"regular","length_m":108.66,"plant_count":39,"max_gap_m":3.53,"tile_structures":{"siret3_r005_c004":"regular","siret3_r006_c004":"regular","siret3_r007_c004":"regular"}},"geometry":{"type":"LineString","coordinates":[[28.7036367,47.1292097],[28.7036929,47.129116],[28.7037212,47.1290672],[28.7039907,47.1286025],[28.7040199,47.128552],[28.7041615,47.1283]]}},{"type":"Feature","id":30,"properties":{"row_id":"V01-R030","vineyard_id":"V01","row_structure":"regular","length_m":55.3,"plant_count":20,"max_gap_m":4.08,"tile_structures":{"siret3_r008_c005":"regular"}},"geometry":{"type":"LineString","coordinates":[[28.7042537,47.1281378],[28.7045144,47.1276732]]}},{"type":"Feature","id":31,"properties":{"row_id":"V01-R031","vineyard_id":"V01","row_structure":"disrupted","length_m":167.95,"plant_count":57,"max_gap_m":6.68,"tile_structures":{"siret3_r005_c004":"disrupted","siret3_r006_c004":"regular","siret3_r007_c004":"regular","siret3_r008_c005":"regular"}},"geometry":{"type":"MultiLineString","coordinates":[[[28.7036157,47.1291826],[28.7036737,47.129087],[28.7036849,47.1290678],[28.7039542,47.128603],[28.7039999,47.1285241],[28.7041595,47.1282396]],[[28.7042164,47.1281384],[28.7044771,47.1276737]]]}},{"type":"Feature","id":32,"properties":{"row_id":"V01-R032","vineyard_id":"V01","row_structure":"regular","length_m":189.14,"plant_count":56,"max_gap_m":5,"tile_structures":{"siret3_r005_c004":"regular","siret3_r006_c004":"regular","siret3_r007_c004":"regular","siret3_r008_c005":"regular","siret3_r009_c005":"regular"}},"geometry":{"type":"MultiLineString","coordinates":[[[28.703552,47.1292276],[28.7036459,47.1290683],[28.7039196,47.1286037],[28.7039197,47.1286035],[28.7041575,47.1281767]],[[28.7041786,47.1281389],[28.7044375,47.1276743],[28.7044717,47.1276028]]]}},{"type":"Feature","id":33,"properties":{"row_id":"V01-R033","vineyard_id":"V01","row_structure":"regular","length_m":17.92,"plant_count":9,"max_gap_m":0.3,"tile_structures":{"siret3_r005_c004":"regular"}},"geometry":{"type":"LineString","coordinates":[[28.7035311,47.1292186],[28.7036183,47.1290687]]}},{"type":"Feature","id":34,"properties":{"row_id":"V01-R034","vineyard_id":"V01","row_structure":"regular","length_m":166.26,"plant_count":32,"max_gap_m":2.5,"tile_structures":{"siret3_r006_c004":"regular","siret3_r007_c004":"regular","siret3_r008_c004":"regular","siret3_r008_c005":"regular"}},"geometry":{"type":"LineString","coordinates":[[28.7036069,47.1290689],[28.7038818,47.1286041],[28.7041443,47.1281397],[28.7041444,47.1281394],[28.7041557,47.128119],[28.7044013,47.1276749]]}},{"type":"Feature","id":35,"properties":{"row_id":"V01-R035","vineyard_id":"V01","row_structure":"regular","length_m":16.02,"plant_count":1,"max_gap_m":0,"tile_structures":{"siret3_r005_c004":"regular"}},"geometry":{"type":"LineString","coordinates":[[28.7035152,47.1292034],[28.7035919,47.1290691]]}},{"type":"Feature","id":36,"properties":{"row_id":"V01-R036","vineyard_id":"V01","row_structure":"regular","length_m":10.57,"plant_count":1,"max_gap_m":0,"tile_structures":{"siret3_r009_c005":"regular"}},"geometry":{"type":"LineString","coordinates":[[28.704376,47.1276752],[28.7044261,47.1275865]]}},{"type":"Feature","id":37,"properties":{"row_id":"V01-R037","vineyard_id":"V01","row_structure":"regular","length_m":55.56,"plant_count":3,"max_gap_m":0.03,"tile_structures":{"siret3_r006_c004":"regular"}},"geometry":{"type":"LineString","coordinates":[[28.7035747,47.1290694],[28.7038444,47.1286046]]}},{"type":"Feature","id":38,"properties":{"row_id":"V01-R038","vineyard_id":"V01","row_structure":"regular","length_m":45.92,"plant_count":8,"max_gap_m":1.55,"tile_structures":{"siret3_r008_c005":"regular"}},"geometry":{"type":"LineString","coordinates":[[28.7041538,47.1280612],[28.7043699,47.1276753]]}},{"type":"Feature","id":39,"properties":{"row_id":"V01-R039","vineyard_id":"V01","row_structure":"regular","length_m":12.07,"plant_count":2,"max_gap_m":0.23,"tile_structures":{"siret3_r008_c004":"regular"}},"geometry":{"type":"LineString","coordinates":[[28.7040946,47.1281402],[28.7041531,47.1280392]]}},{"type":"Feature","id":40,"properties":{"row_id":"V01-R040","vineyard_id":"V01","row_structure":"regular","length_m":9.49,"plant_count":1,"max_gap_m":0,"tile_structures":{"siret3_r005_c004":"regular"}},"geometry":{"type":"LineString","coordinates":[[28.7035135,47.1291493],[28.7035588,47.1290696]]}},{"type":"Feature","id":41,"properties":{"row_id":"V01-R041","vineyard_id":"V01","row_structure":"regular","length_m":52.53,"plant_count":13,"max_gap_m":2.48,"tile_structures":{"siret3_r008_c005":"regular","siret3_r009_c005":"regular"}},"geometry":{"type":"LineString","coordinates":[[28.7041525,47.1280197],[28.7043429,47.1276757],[28.7043972,47.1275776]]}},{"type":"Feature","id":42,"properties":{"row_id":"V01-R042","vineyard_id":"V01","row_structure":"regular","length_m":16.72,"plant_count":6,"max_gap_m":0.28,"tile_structures":{"siret3_r008_c004":"regular"}},"geometry":{"type":"LineString","coordinates":[[28.7040731,47.1281405],[28.7041519,47.128]]}},{"type":"Feature","id":43,"properties":{"row_id":"V01-R043","vineyard_id":"V01","row_structure":"regular","length_m":55.55,"plant_count":4,"max_gap_m":0.1,"tile_structures":{"siret3_r006_c004":"regular"}},"geometry":{"type":"LineString","coordinates":[[28.7035383,47.1290699],[28.7038076,47.1286052]]}},{"type":"Feature","id":44,"properties":{"row_id":"V01-R044","vineyard_id":"V01","row_structure":"regular","length_m":12.82,"plant_count":4,"max_gap_m":0.13,"tile_structures":{"siret3_r009_c005":"regular"}},"geometry":{"type":"LineString","coordinates":[[28.7043075,47.1276763],[28.7043673,47.1275684]]}},{"type":"Feature","id":45,"properties":{"row_id":"V01-R045","vineyard_id":"V01","row_structure":"regular","length_m":55.67,"plant_count":8,"max_gap_m":0.83,"tile_structures":{"siret3_r006_c003":"regular","siret3_r006_c004":"regular"}},"geometry":{"type":"MultiLineString","coordinates":[[[28.7035008,47.1290705],[28.7035105,47.1290541]],[[28.7035105,47.1290541],[28.7037743,47.1286057]]]}},{"type":"Feature","id":46,"properties":{"row_id":"V01-R046","vineyard_id":"V01","row_structure":"regular","length_m":55.35,"plant_count":4,"max_gap_m":6.3,"tile_structures":{"siret3_r007_c004":"regular"}},"geometry":{"type":"LineString","coordinates":[[28.7037554,47.128606],[28.7040178,47.1281413]]}},{"type":"Feature","id":47,"properties":{"row_id":"V01-R047","vineyard_id":"V01","row_structure":"regular","length_m":13.77,"plant_count":2,"max_gap_m":0.08,"tile_structures":{"siret3_r009_c005":"regular"}},"geometry":{"type":"LineString","coordinates":[[28.7042782,47.1276767],[28.704343,47.1275609]]}},{"type":"Feature","id":48,"properties":{"row_id":"V01-R048","vineyard_id":"V01","row_structure":"regular","length_m":55.26,"plant_count":6,"max_gap_m":4.65,"tile_structures":{"siret3_r008_c004":"regular","siret3_r008_c005":"regular"}},"geometry":{"type":"LineString","coordinates":[[28.7040098,47.1281414],[28.7041486,47.1278975],[28.7041714,47.1278575],[28.7042688,47.1276768]]}},{"type":"Feature","id":49,"properties":{"row_id":"V01-R049","vineyard_id":"V01","row_structure":"regular","length_m":55.63,"plant_count":17,"max_gap_m":3.18,"tile_structures":{"siret3_r006_c003":"regular","siret3_r006_c004":"regular"}},"geometry":{"type":"MultiLineString","coordinates":[[[28.7034639,47.129071],[28.7035086,47.1289948]],[[28.7035086,47.1289948],[28.703736,47.1286062]]]}},{"type":"Feature","id":50,"properties":{"row_id":"V01-R050","vineyard_id":"V01","row_structure":"regular","length_m":37.27,"plant_count":3,"max_gap_m":2.33,"tile_structures":{"siret3_r008_c004":"regular"}},"geometry":{"type":"LineString","coordinates":[[28.7039723,47.128142],[28.7041464,47.1278284]]}},{"type":"Feature","id":51,"properties":{"row_id":"V01-R051","vineyard_id":"V01","row_structure":"regular","length_m":34.3,"plant_count":8,"max_gap_m":2.13,"tile_structures":{"siret3_r008_c005":"regular","siret3_r009_c005":"regular"}},"geometry":{"type":"LineString","coordinates":[[28.7041467,47.1278361],[28.7042348,47.1276773],[28.7043068,47.1275475]]}},{"type":"Feature","id":52,"properties":{"row_id":"V01-R052","vineyard_id":"V01","row_structure":"regular","length_m":111.02,"plant_count":40,"max_gap_m":3.13,"tile_structures":{"siret3_r006_c003":"regular","siret3_r006_c004":"regular","siret3_r007_c004":"regular"}},"geometry":{"type":"LineString","coordinates":[[28.7034288,47.1290716],[28.7035068,47.1289392],[28.7036686,47.1286645],[28.7037013,47.1286068],[28.7039646,47.1281421]]}},{"type":"Feature","id":53,"properties":{"row_id":"V01-R053","vineyard_id":"V01","row_structure":"disrupted","length_m":183.61,"plant_count":50,"max_gap_m":5.95,"tile_structures":{"siret3_r006_c003":"regular","siret3_r006_c004":"regular","siret3_r007_c004":"disrupted","siret3_r008_c004":"regular","siret3_r008_c005":"regular","siret3_r009_c005":"regular"}},"geometry":{"type":"LineString","coordinates":[[28.7033962,47.129072],[28.7035052,47.1288902],[28.7036649,47.1286073],[28.703927,47.1281427],[28.7041442,47.1277578],[28.7041892,47.127678],[28.7042715,47.127532]]}},{"type":"Feature","id":54,"properties":{"row_id":"V01-R054","vineyard_id":"V01","row_structure":"disrupted","length_m":185.26,"plant_count":53,"max_gap_m":7.53,"tile_structures":{"siret3_r006_c003":"regular","siret3_r006_c004":"disrupted","siret3_r007_c004":"regular","siret3_r008_c004":"regular","siret3_r008_c005":"regular","siret3_r009_c005":"regular"}},"geometry":{"type":"MultiLineString","coordinates":[[[28.7033602,47.1290726],[28.7034874,47.1288486],[28.703503,47.1288217]],[[28.703503,47.1288217],[28.7036273,47.1286079],[28.7036675,47.1285388],[28.7038471,47.1282227],[28.7038916,47.1281432],[28.7041422,47.1276959],[28.7041519,47.1276786],[28.7042417,47.1275183]]]}},{"type":"Feature","id":55,"properties":{"row_id":"V01-R055","vineyard_id":"V01","row_structure":"regular","length_m":186,"plant_count":42,"max_gap_m":9.38,"tile_structures":{"siret3_r006_c003":"regular","siret3_r006_c004":"regular","siret3_r007_c004":"regular","siret3_r008_c004":"regular","siret3_r009_c004":"regular","siret3_r009_c005":"regular"}},"geometry":{"type":"LineString","coordinates":[[28.7033242,47.1290731],[28.7035012,47.1287642],[28.7035905,47.1286084],[28.7038567,47.1281437],[28.7041165,47.1276791],[28.7041216,47.1276701],[28.7041403,47.127636],[28.7041542,47.1276106],[28.7042038,47.1275112]]}},{"type":"Feature","id":56,"properties":{"row_id":"V01-R056","vineyard_id":"V01","row_structure":"regular","length_m":184.4,"plant_count":47,"max_gap_m":5.65,"tile_structures":{"siret3_r006_c003":"regular","siret3_r006_c004":"regular","siret3_r007_c004":"regular","siret3_r008_c004":"regular","siret3_r009_c004":"regular","siret3_r009_c005":"regular"}},"geometry":{"type":"LineString","coordinates":[[28.7032953,47.1290607],[28.7034994,47.1287081],[28.7035568,47.1286089],[28.7036041,47.1285273],[28.703819,47.1281443],[28.7040642,47.1277071],[28.7040791,47.1276797],[28.7041382,47.1275704],[28.7041694,47.1275127]]}},{"type":"Feature","id":57,"properties":{"row_id":"V01-R057","vineyard_id":"V01","row_structure":"regular","length_m":184.73,"plant_count":49,"max_gap_m":4.88,"tile_structures":{"siret3_r006_c003":"regular","siret3_r006_c004":"regular","siret3_r007_c004":"regular","siret3_r008_c004":"regular","siret3_r009_c004":"regular"}},"geometry":{"type":"MultiLineString","coordinates":[[[28.7032595,47.1290595],[28.7034976,47.1286527]],[[28.7034976,47.1286527],[28.7034983,47.1286515],[28.703522,47.1286094],[28.703783,47.1281448],[28.7040308,47.1277037],[28.7040436,47.1276802],[28.7041362,47.127509]]]}},{"type":"Feature","id":58,"properties":{"row_id":"V01-R058","vineyard_id":"V01","row_structure":"regular","length_m":54.1,"plant_count":6,"max_gap_m":1.65,"tile_structures":{"siret3_r006_c003":"regular"}},"geometry":{"type":"LineString","coordinates":[[28.7032225,47.1290623],[28.7034858,47.12861]]}},{"type":"Feature","id":59,"properties":{"row_id":"V01-R059","vineyard_id":"V01","row_structure":"regular","length_m":132.31,"plant_count":47,"max_gap_m":3.23,"tile_structures":{"siret3_r007_c004":"regular","siret3_r008_c004":"regular","siret3_r009_c004":"regular"}},"geometry":{"type":"LineString","coordinates":[[28.7034956,47.1285886],[28.7037282,47.1281788],[28.7037469,47.1281453],[28.7040053,47.1276808],[28.7040437,47.1276118],[28.7041161,47.1274761]]}},{"type":"Feature","id":60,"properties":{"row_id":"V01-R060","vineyard_id":"V01","row_structure":"regular","length_m":190.47,"plant_count":44,"max_gap_m":2.7,"tile_structures":{"siret3_r006_c003":"regular","siret3_r007_c003":"regular","siret3_r007_c004":"regular","siret3_r008_c004":"regular","siret3_r009_c004":"regular"}},"geometry":{"type":"LineString","coordinates":[[28.7031916,47.1290541],[28.7034477,47.1286105],[28.7034635,47.1285831],[28.7034937,47.1285297],[28.703678,47.1282042],[28.7037103,47.1281459],[28.7039677,47.1276813],[28.7040931,47.1274548]]}},{"type":"Feature","id":61,"properties":{"row_id":"V01-R061","vineyard_id":"V01","row_structure":"regular","length_m":189.83,"plant_count":38,"max_gap_m":3.6,"tile_structures":{"siret3_r006_c003":"regular","siret3_r007_c003":"regular","siret3_r007_c004":"regular","siret3_r008_c004":"regular","siret3_r009_c004":"regular"}},"geometry":{"type":"MultiLineString","coordinates":[[[28.7031673,47.1290348],[28.7034104,47.1286111],[28.7034918,47.1284692]],[[28.7034918,47.1284692],[28.7035455,47.1283755],[28.7036737,47.1281464],[28.7039338,47.1276818],[28.7039689,47.1276191],[28.704067,47.1274411]]]}},{"type":"Feature","id":62,"properties":{"row_id":"V01-R062","vineyard_id":"V01","row_structure":"regular","length_m":188.72,"plant_count":30,"max_gap_m":4.45,"tile_structures":{"siret3_r006_c003":"regular","siret3_r007_c003":"regular","siret3_r007_c004":"regular","siret3_r008_c004":"regular","siret3_r009_c004":"regular"}},"geometry":{"type":"MultiLineString","coordinates":[[[28.7031418,47.1290155],[28.7033749,47.1286116],[28.7033772,47.1286077],[28.7034899,47.1284088]],[[28.7034899,47.1284088],[28.7036382,47.128147],[28.7036619,47.1281051],[28.7038985,47.1276823],[28.7040387,47.1274318]]]}},{"type":"Feature","id":63,"properties":{"row_id":"V01-R063","vineyard_id":"V01","row_structure":"regular","length_m":45.92,"plant_count":3,"max_gap_m":0.45,"tile_structures":{"siret3_r006_c003":"regular"}},"geometry":{"type":"LineString","coordinates":[[28.7031159,47.1289962],[28.703339,47.1286122]]}},{"type":"Feature","id":64,"properties":{"row_id":"V01-R064","vineyard_id":"V01","row_structure":"disrupted","length_m":114.13,"plant_count":32,"max_gap_m":12.23,"tile_structures":{"siret3_r007_c003":"regular","siret3_r007_c004":"regular","siret3_r008_c004":"regular","siret3_r009_c004":"disrupted"}},"geometry":{"type":"LineString","coordinates":[[28.7034708,47.1283804],[28.703488,47.1283498],[28.7036013,47.1281475],[28.7038615,47.1276829],[28.7040046,47.1274204]]}},{"type":"Feature","id":65,"properties":{"row_id":"V01-R065","vineyard_id":"V01","row_structure":"regular","length_m":43.58,"plant_count":7,"max_gap_m":2.68,"tile_structures":{"siret3_r006_c003":"regular"}},"geometry":{"type":"LineString","coordinates":[[28.7030899,47.1289776],[28.7033002,47.1286127]]}},{"type":"Feature","id":66,"properties":{"row_id":"V01-R066","vineyard_id":"V01","row_structure":"disrupted","length_m":113.77,"plant_count":32,"max_gap_m":10.9,"tile_structures":{"siret3_r007_c003":"regular","siret3_r007_c004":"regular","siret3_r008_c004":"disrupted","siret3_r009_c004":"disrupted"}},"geometry":{"type":"LineString","coordinates":[[28.7034462,47.1283637],[28.7034861,47.1282919],[28.7035661,47.128148],[28.7038245,47.1276834],[28.7039784,47.1274067]]}},{"type":"Feature","id":67,"properties":{"row_id":"V01-R067","vineyard_id":"V01","row_structure":"disrupted","length_m":186.17,"plant_count":44,"max_gap_m":5.95,"tile_structures":{"siret3_r006_c003":"regular","siret3_r007_c003":"disrupted","siret3_r007_c004":"regular","siret3_r008_c004":"regular","siret3_r009_c004":"disrupted"}},"geometry":{"type":"LineString","coordinates":[[28.703064,47.1289591],[28.7032636,47.1286133],[28.7034842,47.1282312],[28.7034912,47.1282189],[28.7035292,47.1281486],[28.7035496,47.1281109],[28.7037881,47.127684],[28.7039486,47.1273969]]}},{"type":"Feature","id":68,"properties":{"row_id":"V01-R068","vineyard_id":"V01","row_structure":"regular","length_m":183.41,"plant_count":44,"max_gap_m":4.1,"tile_structures":{"siret3_r006_c003":"regular","siret3_r007_c003":"regular","siret3_r007_c004":"regular","siret3_r008_c004":"regular","siret3_r009_c004":"regular"}},"geometry":{"type":"MultiLineString","coordinates":[[[28.7030469,47.1289261],[28.7032271,47.1286138],[28.7034823,47.1281715]],[[28.7034823,47.1281715],[28.7034952,47.1281491],[28.703498,47.1281443],[28.7037525,47.1276845],[28.7039198,47.1273873]]]}},{"type":"Feature","id":69,"properties":{"row_id":"V01-R069","vineyard_id":"V01","row_structure":"regular","length_m":91.03,"plant_count":16,"max_gap_m":1.18,"tile_structures":{"siret3_r006_c003":"regular","siret3_r007_c003":"regular"}},"geometry":{"type":"LineString","coordinates":[[28.7030193,47.1289122],[28.7031902,47.1286144],[28.703457,47.1281497]]}},{"type":"Feature","id":70,"properties":{"row_id":"V01-R070","vineyard_id":"V01","row_structure":"disrupted","length_m":85.99,"plant_count":28,"max_gap_m":5.08,"tile_structures":{"siret3_r008_c004":"regular","siret3_r009_c004":"disrupted"}},"geometry":{"type":"LineString","coordinates":[[28.7034803,47.1281101],[28.7037159,47.1276851],[28.7038847,47.1273873]]}},{"type":"Feature","id":71,"properties":{"row_id":"V01-R071","vineyard_id":"V01","row_structure":"regular","length_m":7.06,"plant_count":3,"max_gap_m":0.55,"tile_structures":{"siret3_r008_c003":"regular"}},"geometry":{"type":"LineString","coordinates":[[28.7034453,47.1281498],[28.7034797,47.1280908]]}},{"type":"Feature","id":72,"properties":{"row_id":"V01-R072","vineyard_id":"V01","row_structure":"regular","length_m":148.07,"plant_count":28,"max_gap_m":3.4,"tile_structures":{"siret3_r007_c003":"regular","siret3_r008_c003":"regular","siret3_r008_c004":"regular","siret3_r009_c004":"regular"}},"geometry":{"type":"LineString","coordinates":[[28.7031566,47.1286149],[28.7034177,47.1281502],[28.7034575,47.1280793],[28.7034782,47.1280432],[28.7036826,47.1276856],[28.7037091,47.1276393],[28.7038574,47.1273716]]}},{"type":"Feature","id":73,"properties":{"row_id":"V01-R073","vineyard_id":"V01","row_structure":"regular","length_m":33.02,"plant_count":9,"max_gap_m":3.15,"tile_structures":{"siret3_r006_c003":"regular"}},"geometry":{"type":"LineString","coordinates":[[28.7029759,47.1288911],[28.7031371,47.1286152]]}},{"type":"Feature","id":74,"properties":{"row_id":"V01-R074","vineyard_id":"V01","row_structure":"disrupted","length_m":147.92,"plant_count":38,"max_gap_m":6.08,"tile_structures":{"siret3_r007_c003":"regular","siret3_r008_c003":"regular","siret3_r008_c004":"regular","siret3_r009_c004":"disrupted"}},"geometry":{"type":"LineString","coordinates":[[28.703116,47.1286155],[28.7033823,47.1281508],[28.7034763,47.1279852],[28.7036461,47.1276861],[28.7036461,47.1276861],[28.7038205,47.1273746]]}},{"type":"Feature","id":75,"properties":{"row_id":"V01-R075","vineyard_id":"V01","row_structure":"regular","length_m":31.57,"plant_count":9,"max_gap_m":3.93,"tile_structures":{"siret3_r006_c003":"regular"}},"geometry":{"type":"LineString","coordinates":[[28.7029516,47.1288798],[28.7031044,47.1286156]]}},{"type":"Feature","id":76,"properties":{"row_id":"V01-R076","vineyard_id":"V01","row_structure":"regular","length_m":179.65,"plant_count":50,"max_gap_m":3.7,"tile_structures":{"siret3_r006_c003":"regular","siret3_r007_c003":"regular","siret3_r008_c003":"regular","siret3_r008_c004":"regular","siret3_r009_c004":"regular"}},"geometry":{"type":"MultiLineString","coordinates":[[[28.7029354,47.1288715],[28.7030818,47.128616],[28.7033482,47.1281513],[28.7033482,47.1281512],[28.7034701,47.1279288],[28.7034743,47.1279214]],[[28.7034743,47.1279214],[28.703579,47.1277403],[28.7036093,47.1276867],[28.703791,47.1273644]]]}},{"type":"Feature","id":77,"properties":{"row_id":"V01-R077","vineyard_id":"V01","row_structure":"regular","length_m":139.27,"plant_count":34,"max_gap_m":7.5,"tile_structures":{"siret3_r006_c003":"regular","siret3_r007_c003":"regular","siret3_r008_c003":"regular","siret3_r008_c004":"regular"}},"geometry":{"type":"LineString","coordinates":[[28.7029083,47.1288544],[28.7030382,47.1286321],[28.7030471,47.1286165],[28.7033099,47.1281518],[28.7034725,47.1278644],[28.7034988,47.1278178],[28.7035755,47.1276872]]}},{"type":"Feature","id":78,"properties":{"row_id":"V01-R078","vineyard_id":"V01","row_structure":"regular","length_m":98.82,"plant_count":30,"max_gap_m":4.15,"tile_structures":{"siret3_r008_c003":"regular","siret3_r008_c004":"regular","siret3_r009_c004":"regular"}},"geometry":{"type":"LineString","coordinates":[[28.7032723,47.1281524],[28.7034704,47.1278085],[28.7034707,47.1278079],[28.7035375,47.1276877],[28.7037404,47.1273227]]}},{"type":"Feature","id":79,"properties":{"row_id":"V01-R079","vineyard_id":"V01","row_structure":"disrupted","length_m":25.88,"plant_count":6,"max_gap_m":5.85,"tile_structures":{"siret3_r006_c003":"disrupted"}},"geometry":{"type":"LineString","coordinates":[[28.7028803,47.1288328],[28.7030087,47.1286171]]}},{"type":"Feature","id":80,"properties":{"row_id":"V01-R080","vineyard_id":"V01","row_structure":"regular","length_m":179.19,"plant_count":50,"max_gap_m":5.4,"tile_structures":{"siret3_r006_c003":"regular","siret3_r007_c003":"regular","siret3_r008_c003":"regular","siret3_r008_c004":"regular","siret3_r009_c004":"regular"}},"geometry":{"type":"LineString","coordinates":[[28.7028572,47.1288113],[28.7029742,47.1286176],[28.7029742,47.1286176],[28.7032367,47.1281529],[28.7034686,47.1277424],[28.7034991,47.1276883],[28.7037135,47.1273088]]}},{"type":"Feature","id":81,"properties":{"row_id":"V01-R081","vineyard_id":"V01","row_structure":"regular","length_m":32.74,"plant_count":13,"max_gap_m":1.18,"tile_structures":{"siret3_r006_c002":"regular","siret3_r006_c003":"regular","siret3_r007_c003":"regular"}},"geometry":{"type":"LineString","coordinates":[[28.7028174,47.1288191],[28.7028273,47.1288025],[28.7029369,47.1286181],[28.7029796,47.1285462]]}},{"type":"Feature","id":82,"properties":{"row_id":"V01-R082","vineyard_id":"V01","row_structure":"regular","length_m":100.83,"plant_count":26,"max_gap_m":3.4,"tile_structures":{"siret3_r008_c003":"regular","siret3_r009_c004":"regular"}},"geometry":{"type":"MultiLineString","coordinates":[[[28.7032058,47.1281534],[28.7034652,47.1276888]],[[28.7034668,47.127686],[28.7036807,47.1273029]]]}},{"type":"Feature","id":83,"properties":{"row_id":"V01-R083","vineyard_id":"V01","row_structure":"disrupted","length_m":177.05,"plant_count":50,"max_gap_m":7.43,"tile_structures":{"siret3_r006_c002":"regular","siret3_r006_c003":"disrupted","siret3_r007_c003":"disrupted","siret3_r008_c003":"regular","siret3_r009_c003":"regular","siret3_r009_c004":"regular"}},"geometry":{"type":"MultiLineString","coordinates":[[[28.7027872,47.1288064],[28.7028254,47.1287436],[28.7028818,47.1286511],[28.7029004,47.1286187],[28.7031671,47.128154],[28.7034261,47.1276894],[28.7034647,47.1276202]],[[28.7034647,47.1276202],[28.7036313,47.1273213]]]}},{"type":"Feature","id":84,"properties":{"row_id":"V01-R084","vineyard_id":"V01","row_structure":"regular","length_m":112.91,"plant_count":43,"max_gap_m":3.26,"tile_structures":{"siret3_r007_c003":"regular","siret3_r008_c003":"regular","siret3_r009_c003":"regular","siret3_r009_c004":"regular"}},"geometry":{"type":"MultiLineString","coordinates":[[[28.7030676,47.1282682],[28.703131,47.1281545],[28.7033903,47.1276899],[28.7034627,47.12756]],[[28.7034627,47.12756],[28.7035973,47.1273189]]]}},{"type":"Feature","id":85,"properties":{"row_id":"V01-R085","vineyard_id":"V01","row_structure":"disrupted","length_m":21.06,"plant_count":3,"max_gap_m":0.63,"tile_structures":{"siret3_r006_c002":"disrupted","siret3_r006_c003":"regular"}},"geometry":{"type":"LineString","coordinates":[[28.7027573,47.1287942],[28.7028235,47.1286834],[28.7028475,47.1286432],[28.7028636,47.1286192]]}},{"type":"Feature","id":86,"properties":{"row_id":"V01-R086","vineyard_id":"V01","row_structure":"regular","length_m":100.99,"plant_count":30,"max_gap_m":3.93,"tile_structures":{"siret3_r008_c003":"regular","siret3_r009_c003":"regular","siret3_r009_c004":"regular"}},"geometry":{"type":"MultiLineString","coordinates":[[[28.7030963,47.128155],[28.7033552,47.1276904],[28.7034609,47.1275009]],[[28.7034609,47.1275009],[28.7035696,47.1273058]]]}},{"type":"Feature","id":87,"properties":{"row_id":"V01-R087","vineyard_id":"V01","row_structure":"regular","length_m":16.75,"plant_count":4,"max_gap_m":3.45,"tile_structures":{"siret3_r006_c002":"regular"}},"geometry":{"type":"LineString","coordinates":[[28.7027335,47.1287723],[28.702822,47.1286342]]}},{"type":"Feature","id":88,"properties":{"row_id":"V01-R088","vineyard_id":"V01","row_structure":"regular","length_m":157.17,"plant_count":17,"max_gap_m":2.83,"tile_structures":{"siret3_r007_c003":"regular","siret3_r008_c003":"regular","siret3_r009_c003":"regular","siret3_r009_c004":"regular"}},"geometry":{"type":"LineString","coordinates":[[28.7028202,47.1285787],[28.7030594,47.1281556],[28.7033008,47.1277286],[28.7033219,47.1276909],[28.7034591,47.1274459],[28.7034762,47.1274155],[28.7035619,47.1272584]]}},{"type":"Feature","id":89,"properties":{"row_id":"V01-R089","vineyard_id":"V01","row_structure":"regular","length_m":24.8,"plant_count":6,"max_gap_m":0.33,"tile_structures":{"siret3_r006_c002":"regular","siret3_r007_c002":"regular"}},"geometry":{"type":"LineString","coordinates":[[28.7027069,47.1287731],[28.7027892,47.1286203],[28.7028197,47.1285637]]}},{"type":"Feature","id":90,"properties":{"row_id":"V01-R090","vineyard_id":"V01","row_structure":"regular","length_m":30.3,"plant_count":5,"max_gap_m":0.15,"tile_structures":{"siret3_r006_c002":"regular","siret3_r007_c002":"regular"}},"geometry":{"type":"LineString","coordinates":[[28.7026759,47.1287628],[28.7027551,47.1286208],[28.7028179,47.1285081]]}},{"type":"Feature","id":91,"properties":{"row_id":"V01-R091","vineyard_id":"V01","row_structure":"regular","length_m":151.02,"plant_count":27,"max_gap_m":4.7,"tile_structures":{"siret3_r007_c003":"regular","siret3_r008_c003":"regular","siret3_r009_c003":"regular","siret3_r009_c004":"regular"}},"geometry":{"type":"LineString","coordinates":[[28.7028182,47.128517],[28.7030219,47.1281561],[28.7032842,47.1276915],[28.7034572,47.127385],[28.7035339,47.1272491]]}},{"type":"Feature","id":92,"properties":{"row_id":"V01-R092","vineyard_id":"V01","row_structure":"disrupted","length_m":164.72,"plant_count":42,"max_gap_m":8.8,"tile_structures":{"siret3_r007_c002":"disrupted","siret3_r007_c003":"regular","siret3_r008_c003":"regular","siret3_r009_c003":"regular","siret3_r009_c004":"regular"}},"geometry":{"type":"LineString","coordinates":[[28.7027215,47.1286213],[28.7028162,47.1284553],[28.7029548,47.1282127],[28.7029864,47.1281567],[28.7032487,47.127692],[28.7032745,47.1276461],[28.7034529,47.1273293],[28.7034552,47.1273249],[28.703502,47.1272385]]}},{"type":"Feature","id":93,"properties":{"row_id":"V01-R093","vineyard_id":"V01","row_structure":"regular","length_m":15.62,"plant_count":3,"max_gap_m":1.25,"tile_structures":{"siret3_r006_c002":"regular"}},"geometry":{"type":"LineString","coordinates":[[28.7026374,47.1287488],[28.7027239,47.1286213]]}},{"type":"Feature","id":94,"properties":{"row_id":"V01-R094","vineyard_id":"V01","row_structure":"regular","length_m":40.18,"plant_count":8,"max_gap_m":4.05,"tile_structures":{"siret3_r006_c002":"regular","siret3_r007_c002":"regular"}},"geometry":{"type":"LineString","coordinates":[[28.7026233,47.1287328],[28.702682,47.1286219],[28.7028143,47.1283957]]}},{"type":"Feature","id":95,"properties":{"row_id":"V01-R095","vineyard_id":"V01","row_structure":"regular","length_m":127.95,"plant_count":27,"max_gap_m":4.15,"tile_structures":{"siret3_r007_c003":"regular","siret3_r008_c003":"regular","siret3_r009_c003":"regular","siret3_r009_c004":"regular"}},"geometry":{"type":"LineString","coordinates":[[28.702867,47.1283017],[28.7029488,47.1281572],[28.7032117,47.1276926],[28.7034533,47.1272656],[28.7034747,47.1272279]]}},{"type":"Feature","id":96,"properties":{"row_id":"V01-R096","vineyard_id":"V01","row_structure":"regular","length_m":47.04,"plant_count":11,"max_gap_m":2.7,"tile_structures":{"siret3_r006_c002":"regular","siret3_r007_c002":"regular"}},"geometry":{"type":"LineString","coordinates":[[28.7025871,47.1287323],[28.7026459,47.1286225],[28.7028125,47.1283381]]}},{"type":"Feature","id":97,"properties":{"row_id":"V01-R097","vineyard_id":"V01","row_structure":"regular","length_m":111.88,"plant_count":27,"max_gap_m":4.53,"tile_structures":{"siret3_r008_c003":"regular","siret3_r009_c003":"regular","siret3_r010_c003":"regular"}},"geometry":{"type":"MultiLineString","coordinates":[[[28.7029109,47.1281578],[28.7031749,47.1276931],[28.7034389,47.1272284]],[[28.7034389,47.1272284],[28.7034441,47.1272193]]]}},{"type":"Feature","id":98,"properties":{"row_id":"V01-R098","vineyard_id":"V01","row_structure":"regular","length_m":110.81,"plant_count":27,"max_gap_m":2.58,"tile_structures":{"siret3_r008_c003":"regular","siret3_r009_c003":"regular"}},"geometry":{"type":"LineString","coordinates":[[28.7028747,47.1281583],[28.7031391,47.1276936],[28.7034034,47.127229]]}},{"type":"Feature","id":99,"properties":{"row_id":"V01-R099","vineyard_id":"V01","row_structure":"disrupted","length_m":50.56,"plant_count":12,"max_gap_m":13.53,"tile_structures":{"siret3_r006_c002":"regular","siret3_r007_c002":"disrupted"}},"geometry":{"type":"LineString","coordinates":[[28.7025694,47.1286924],[28.7026088,47.128623],[28.7028103,47.1282683]]}},{"type":"Feature","id":100,"properties":{"row_id":"V01-R100","vineyard_id":"V01","row_structure":"regular","length_m":178.17,"plant_count":39,"max_gap_m":3.2,"tile_structures":{"siret3_r006_c002":"regular","siret3_r007_c002":"regular","siret3_r007_c003":"regular","siret3_r008_c003":"regular","siret3_r009_c003":"regular"}},"geometry":{"type":"LineString","coordinates":[[28.7025158,47.1287243],[28.7025735,47.1286235],[28.7028085,47.1282129],[28.7028395,47.1281588],[28.7031055,47.1276941],[28.7031055,47.127694],[28.7033643,47.1272296]]}},{"type":"Feature","id":101,"properties":{"row_id":"V01-R101","vineyard_id":"V01","row_structure":"regular","length_m":182.44,"plant_count":35,"max_gap_m":8.23,"tile_structures":{"siret3_r006_c002":"regular","siret3_r007_c002":"regular","siret3_r008_c002":"regular","siret3_r008_c003":"regular","siret3_r009_c003":"regular","siret3_r010_c003":"regular"}},"geometry":{"type":"MultiLineString","coordinates":[[[28.7024885,47.1287131],[28.7025387,47.1286241],[28.7027924,47.1281739],[28.7028008,47.1281594],[28.7028065,47.1281495],[28.703068,47.1276947],[28.703068,47.1276947],[28.7033281,47.1272301]],[[28.7033281,47.1272301],[28.703355,47.127182]]]}},{"type":"Feature","id":102,"properties":{"row_id":"V01-R102","vineyard_id":"V01","row_structure":"disrupted","length_m":179,"plant_count":37,"max_gap_m":6.38,"tile_structures":{"siret3_r006_c002":"regular","siret3_r007_c002":"disrupted","siret3_r008_c002":"regular","siret3_r008_c003":"regular","siret3_r009_c003":"regular","siret3_r010_c003":"regular"}},"geometry":{"type":"MultiLineString","coordinates":[[[28.7024714,47.1286751],[28.7025002,47.1286246],[28.7027657,47.1281599],[28.7028046,47.1280918],[28.7028377,47.1280339],[28.7030275,47.1276953],[28.7030509,47.1276534],[28.7032923,47.1272306]],[[28.7032923,47.1272306],[28.7033248,47.1271737]]]}},{"type":"Feature","id":103,"properties":{"row_id":"V01-R103","vineyard_id":"V01","row_structure":"regular","length_m":8.71,"plant_count":4,"max_gap_m":1.55,"tile_structures":{"siret3_r006_c002":"regular"}},"geometry":{"type":"LineString","coordinates":[[28.7024205,47.1286965],[28.7024678,47.1286251]]}},{"type":"Feature","id":104,"properties":{"row_id":"V01-R104","vineyard_id":"V01","row_structure":"disrupted","length_m":174.17,"plant_count":44,"max_gap_m":8,"tile_structures":{"siret3_r007_c002":"disrupted","siret3_r008_c002":"regular","siret3_r008_c003":"regular","siret3_r009_c003":"regular","siret3_r010_c003":"regular"}},"geometry":{"type":"MultiLineString","coordinates":[[[28.7024655,47.1286251],[28.7027292,47.1281605],[28.7028027,47.1280309],[28.7029929,47.1276958],[28.7032566,47.1272312]],[[28.7032566,47.1272312],[28.7032947,47.1271639]]]}},{"type":"Feature","id":105,"properties":{"row_id":"V01-R105","vineyard_id":"V01","row_structure":"regular","length_m":182.82,"plant_count":41,"max_gap_m":2.3,"tile_structures":{"siret3_r006_c002":"regular","siret3_r007_c002":"regular","siret3_r008_c002":"regular","siret3_r008_c003":"regular","siret3_r009_c003":"regular","siret3_r010_c003":"regular"}},"geometry":{"type":"MultiLineString","coordinates":[[[28.7023903,47.1286886],[28.7024286,47.1286257],[28.7024382,47.1286099],[28.7026946,47.128161],[28.7027631,47.128041],[28.7028009,47.127974],[28.7029573,47.1276963],[28.7032191,47.1272317]],[[28.7032191,47.1272317],[28.7032621,47.1271553]]]}},{"type":"Feature","id":106,"properties":{"row_id":"V01-R106","vineyard_id":"V01","row_structure":"regular","length_m":177.44,"plant_count":46,"max_gap_m":4.95,"tile_structures":{"siret3_r006_c002":"regular","siret3_r007_c002":"regular","siret3_r008_c002":"regular","siret3_r008_c003":"regular","siret3_r009_c003":"regular","siret3_r010_c003":"regular"}},"geometry":{"type":"MultiLineString","coordinates":[[[28.7023893,47.128636],[28.702394,47.1286262],[28.7024025,47.1286082],[28.7024392,47.1285425],[28.7026572,47.1281616],[28.702799,47.1279139],[28.7028354,47.1278502],[28.7029212,47.1276969],[28.7031811,47.1272323]],[[28.7031811,47.1272323],[28.7032293,47.1271462]]]}},{"type":"Feature","id":107,"properties":{"row_id":"V01-R107","vineyard_id":"V01","row_structure":"regular","length_m":164.83,"plant_count":30,"max_gap_m":4.55,"tile_structures":{"siret3_r007_c002":"regular","siret3_r008_c002":"regular","siret3_r008_c003":"regular","siret3_r009_c003":"regular"}},"geometry":{"type":"LineString","coordinates":[[28.702361,47.1286157],[28.7026226,47.1281621],[28.702797,47.127852],[28.7028839,47.1276974],[28.7031452,47.1272328]]}},{"type":"Feature","id":108,"properties":{"row_id":"V01-R108","vineyard_id":"V01","row_structure":"disrupted","length_m":153.1,"plant_count":41,"max_gap_m":8.07,"tile_structures":{"siret3_r007_c002":"regular","siret3_r008_c002":"disrupted","siret3_r008_c003":"regular","siret3_r009_c003":"regular"}},"geometry":{"type":"LineString","coordinates":[[28.7023415,47.1285878],[28.7025838,47.1281626],[28.7027951,47.1277919],[28.7028486,47.127698],[28.7028598,47.1276782],[28.7030674,47.1273026]]}},{"type":"Feature","id":109,"properties":{"row_id":"V01-R109","vineyard_id":"V01","row_structure":"disrupted","length_m":171.14,"plant_count":28,"max_gap_m":7.93,"tile_structures":{"siret3_r007_c002":"regular","siret3_r008_c002":"disrupted","siret3_r008_c003":"regular","siret3_r009_c003":"regular","siret3_r010_c003":"regular"}},"geometry":{"type":"MultiLineString","coordinates":[[[28.7023229,47.1285585],[28.7025216,47.1282131],[28.7025499,47.1281631],[28.7027719,47.1277715],[28.7027932,47.1277334],[28.7028127,47.1276985],[28.7030538,47.1272674],[28.7030741,47.1272339]],[[28.7030741,47.1272339],[28.7030906,47.1272068],[28.703137,47.1271226]]]}},{"type":"Feature","id":110,"properties":{"row_id":"V01-R110","vineyard_id":"V01","row_structure":"regular","length_m":103.95,"plant_count":9,"max_gap_m":0.25,"tile_structures":{"siret3_r007_c002":"regular","siret3_r008_c002":"regular","siret3_r009_c002":"regular"}},"geometry":{"type":"LineString","coordinates":[[28.7022951,47.1285459],[28.7025126,47.1281637],[28.7027771,47.127699],[28.7027913,47.1276742]]}},{"type":"Feature","id":111,"properties":{"row_id":"V01-R111","vineyard_id":"V01","row_structure":"regular","length_m":69.19,"plant_count":11,"max_gap_m":2.23,"tile_structures":{"siret3_r009_c002":"regular","siret3_r009_c003":"regular","siret3_r010_c003":"regular"}},"geometry":{"type":"MultiLineString","coordinates":[[[28.7027774,47.127699],[28.7027913,47.1276741],[28.7030368,47.1272344]],[[28.7030368,47.1272344],[28.7031022,47.1271174]]]}},{"type":"Feature","id":112,"properties":{"row_id":"V01-R112","vineyard_id":"V01","row_structure":"regular","length_m":168.09,"plant_count":20,"max_gap_m":1.58,"tile_structures":{"siret3_r007_c002":"regular","siret3_r008_c002":"regular","siret3_r009_c002":"regular","siret3_r009_c003":"regular","siret3_r010_c003":"regular"}},"geometry":{"type":"MultiLineString","coordinates":[[[28.7022632,47.1285301],[28.7024765,47.1281643],[28.7024765,47.1281642],[28.7027385,47.1276996],[28.7027892,47.1276097],[28.7030005,47.127235]],[[28.7030005,47.127235],[28.7030652,47.1271203]]]}},{"type":"Feature","id":113,"properties":{"row_id":"V01-R113","vineyard_id":"V01","row_structure":"regular","length_m":97.35,"plant_count":6,"max_gap_m":0.05,"tile_structures":{"siret3_r007_c002":"regular","siret3_r008_c002":"regular"}},"geometry":{"type":"LineString","coordinates":[[28.7022313,47.1285154],[28.7024342,47.1281649],[28.7027003,47.1277002]]}},{"type":"Feature","id":114,"properties":{"row_id":"V01-R114","vineyard_id":"V01","row_structure":"regular","length_m":35.88,"plant_count":2,"max_gap_m":0.05,"tile_structures":{"siret3_r007_c002":"regular"}},"geometry":{"type":"LineString","coordinates":[[28.702174,47.128467],[28.7023457,47.1281662]]}},{"type":"Feature","id":115,"properties":{"row_id":"V02-R001","vineyard_id":"V02","row_structure":"disrupted","length_m":58.75,"plant_count":7,"max_gap_m":35.75,"tile_structures":{"siret3_r007_c002":"regular","siret3_r008_c002":"disrupted"}},"geometry":{"type":"LineString","coordinates":[[28.7023543,47.1281941],[28.7023703,47.1281658],[28.7026339,47.1277012]]}},{"type":"Feature","id":116,"properties":{"row_id":"V02-R002","vineyard_id":"V02","row_structure":"disrupted","length_m":55.41,"plant_count":6,"max_gap_m":27.8,"tile_structures":{"siret3_r008_c002":"disrupted"}},"geometry":{"type":"LineString","coordinates":[[28.7023152,47.1281666],[28.7025795,47.127702]]}},{"type":"Feature","id":117,"properties":{"row_id":"V02-R003","vineyard_id":"V02","row_structure":"disrupted","length_m":44.87,"plant_count":8,"max_gap_m":12.13,"tile_structures":{"siret3_r008_c002":"disrupted"}},"geometry":{"type":"LineString","coordinates":[[28.702293,47.128167],[28.7025055,47.1277903]]}},{"type":"Feature","id":118,"properties":{"row_id":"V02-R004","vineyard_id":"V02","row_structure":"disrupted","length_m":32.31,"plant_count":5,"max_gap_m":12.75,"tile_structures":{"siret3_r008_c002":"disrupted"}},"geometry":{"type":"LineString","coordinates":[[28.7023117,47.128061],[28.7024673,47.1277904]]}},{"type":"Feature","id":119,"properties":{"row_id":"V02-R005","vineyard_id":"V02","row_structure":"disrupted","length_m":50.14,"plant_count":9,"max_gap_m":15.4,"tile_structures":{"siret3_r008_c002":"disrupted"}},"geometry":{"type":"LineString","coordinates":[[28.7022144,47.1281681],[28.7024557,47.1277482]]}},{"type":"Feature","id":120,"properties":{"row_id":"V02-R006","vineyard_id":"V02","row_structure":"disrupted","length_m":55.42,"plant_count":11,"max_gap_m":10.55,"tile_structures":{"siret3_r008_c002":"disrupted"}},"geometry":{"type":"LineString","coordinates":[[28.7021852,47.1281686],[28.7024501,47.1277039]]}},{"type":"Feature","id":121,"properties":{"row_id":"V02-R007","vineyard_id":"V02","row_structure":"disrupted","length_m":44.67,"plant_count":12,"max_gap_m":12.15,"tile_structures":{"siret3_r008_c002":"disrupted"}},"geometry":{"type":"LineString","coordinates":[[28.7021519,47.1281691],[28.7023675,47.1277951]]}},{"type":"Feature","id":122,"properties":{"row_id":"V02-R008","vineyard_id":"V02","row_structure":"disrupted","length_m":47.98,"plant_count":6,"max_gap_m":11.55,"tile_structures":{"siret3_r008_c002":"disrupted"}},"geometry":{"type":"LineString","coordinates":[[28.7021315,47.1281522],[28.7023609,47.1277499]]}},{"type":"Feature","id":123,"properties":{"row_id":"V02-R009","vineyard_id":"V02","row_structure":"disrupted","length_m":47.17,"plant_count":5,"max_gap_m":9.88,"tile_structures":{"siret3_r008_c002":"disrupted"}},"geometry":{"type":"LineString","coordinates":[[28.7021298,47.128101],[28.7023548,47.1277053]]}},{"type":"Feature","id":124,"properties":{"row_id":"V02-R010","vineyard_id":"V02","row_structure":"disrupted","length_m":37.87,"plant_count":6,"max_gap_m":11.38,"tile_structures":{"siret3_r008_c002":"disrupted"}},"geometry":{"type":"LineString","coordinates":[[28.7021274,47.1280238],[28.7023076,47.127706]]}},{"type":"Feature","id":125,"properties":{"row_id":"V02-R011","vineyard_id":"V02","row_structure":"disrupted","length_m":25.21,"plant_count":6,"max_gap_m":10.68,"tile_structures":{"siret3_r008_c002":"disrupted"}},"geometry":{"type":"LineString","coordinates":[[28.7021261,47.1279832],[28.702244,47.1277712]]}},{"type":"Feature","id":126,"properties":{"row_id":"V02-R012","vineyard_id":"V02","row_structure":"disrupted","length_m":28.53,"plant_count":8,"max_gap_m":9.82,"tile_structures":{"siret3_r008_c002":"disrupted"}},"geometry":{"type":"LineString","coordinates":[[28.7021249,47.1279464],[28.7022594,47.1277067]]}},{"type":"Feature","id":127,"properties":{"row_id":"V02-R013","vineyard_id":"V02","row_structure":"disrupted","length_m":19.48,"plant_count":3,"max_gap_m":10.6,"tile_structures":{"siret3_r008_c002":"disrupted"}},"geometry":{"type":"LineString","coordinates":[[28.7021225,47.1278702],[28.7022172,47.1277074]]}},{"type":"Feature","id":128,"properties":{"row_id":"V03-R001","vineyard_id":"V03","row_structure":"disrupted","length_m":34.32,"plant_count":10,"max_gap_m":6.85,"tile_structures":{"siret3_r009_c002":"disrupted"}},"geometry":{"type":"LineString","coordinates":[[28.7025461,47.1277025],[28.7027838,47.1274398]]}},{"type":"Feature","id":129,"properties":{"row_id":"V03-R002","vineyard_id":"V03","row_structure":"regular","length_m":40.96,"plant_count":16,"max_gap_m":1.25,"tile_structures":{"siret3_r009_c002":"regular"}},"geometry":{"type":"LineString","coordinates":[[28.7025004,47.1277031],[28.7027822,47.1273888]]}},{"type":"Feature","id":130,"properties":{"row_id":"V03-R003","vineyard_id":"V03","row_structure":"regular","length_m":47.28,"plant_count":17,"max_gap_m":0.9,"tile_structures":{"siret3_r009_c002":"regular"}},"geometry":{"type":"LineString","coordinates":[[28.7024533,47.1277038],[28.7027807,47.1273419]]}},{"type":"Feature","id":131,"properties":{"row_id":"V03-R004","vineyard_id":"V03","row_structure":"regular","length_m":21.35,"plant_count":2,"max_gap_m":5.7,"tile_structures":{"siret3_r010_c003":"regular"}},"geometry":{"type":"LineString","coordinates":[[28.7028295,47.1272375],[28.7029831,47.1270766]]}},{"type":"Feature","id":132,"properties":{"row_id":"V03-R005","vineyard_id":"V03","row_structure":"regular","length_m":53.61,"plant_count":23,"max_gap_m":1.2,"tile_structures":{"siret3_r009_c002":"regular"}},"geometry":{"type":"LineString","coordinates":[[28.702408,47.1277045],[28.7027792,47.1272941]]}},{"type":"Feature","id":133,"properties":{"row_id":"V03-R006","vineyard_id":"V03","row_structure":"regular","length_m":75.92,"plant_count":31,"max_gap_m":2.2,"tile_structures":{"siret3_r009_c002":"regular","siret3_r009_c003":"regular","siret3_r010_c003":"regular"}},"geometry":{"type":"MultiLineString","coordinates":[[[28.7023603,47.1277052],[28.7027775,47.1272429],[28.7027817,47.1272382]],[[28.7027817,47.1272382],[28.7028015,47.1272164],[28.7028878,47.1271248]]]}},{"type":"Feature","id":134,"properties":{"row_id":"V03-R007","vineyard_id":"V03","row_structure":"regular","length_m":81.49,"plant_count":23,"max_gap_m":2.5,"tile_structures":{"siret3_r009_c002":"regular","siret3_r010_c002":"regular","siret3_r010_c003":"regular"}},"geometry":{"type":"MultiLineString","coordinates":[[[28.7023133,47.1277059],[28.7027343,47.1272389]],[[28.7027343,47.1272389],[28.7027538,47.1272173],[28.702776,47.1271937],[28.7028801,47.1270832]]]}},{"type":"Feature","id":135,"properties":{"row_id":"V03-R008","vineyard_id":"V03","row_structure":"regular","length_m":79.98,"plant_count":36,"max_gap_m":2.68,"tile_structures":{"siret3_r009_c002":"regular","siret3_r010_c002":"regular","siret3_r010_c003":"regular"}},"geometry":{"type":"MultiLineString","coordinates":[[[28.7022653,47.1277066],[28.7026902,47.1272396]],[[28.7026902,47.1272396],[28.7027745,47.127147],[28.7028215,47.1270953]]]}},{"type":"Feature","id":136,"properties":{"row_id":"V03-R009","vineyard_id":"V03","row_structure":"regular","length_m":46.84,"plant_count":9,"max_gap_m":1.9,"tile_structures":{"siret3_r008_c001":"regular"}},"geometry":{"type":"LineString","coordinates":[[28.7017852,47.1281745],[28.7021209,47.1278209]]}},{"type":"Feature","id":137,"properties":{"row_id":"V03-R010","vineyard_id":"V03","row_structure":"regular","length_m":79.68,"plant_count":38,"max_gap_m":1.93,"tile_structures":{"siret3_r009_c002":"regular","siret3_r010_c002":"regular"}},"geometry":{"type":"MultiLineString","coordinates":[[[28.7022194,47.1277073],[28.7026437,47.1272403]],[[28.7026437,47.1272403],[28.7027729,47.1270981]]]}},{"type":"Feature","id":138,"properties":{"row_id":"V03-R011","vineyard_id":"V03","row_structure":"regular","length_m":86.21,"plant_count":39,"max_gap_m":4.2,"tile_structures":{"siret3_r009_c002":"regular","siret3_r010_c002":"regular"}},"geometry":{"type":"MultiLineString","coordinates":[[[28.7021709,47.127708],[28.7025968,47.127241]],[[28.7025968,47.127241],[28.7027714,47.1270495]]]}},{"type":"Feature","id":139,"properties":{"row_id":"V03-R012","vineyard_id":"V03","row_structure":"regular","length_m":53.96,"plant_count":7,"max_gap_m":2.38,"tile_structures":{"siret3_r008_c001":"regular"}},"geometry":{"type":"LineString","coordinates":[[28.7017339,47.1281753],[28.7021192,47.1277672]]}},{"type":"Feature","id":140,"properties":{"row_id":"V03-R013","vineyard_id":"V03","row_structure":"regular","length_m":122.89,"plant_count":34,"max_gap_m":1.73,"tile_structures":{"siret3_r008_c001":"regular","siret3_r008_c002":"regular","siret3_r009_c002":"regular"}},"geometry":{"type":"LineString","coordinates":[[28.7016837,47.128176],[28.702089,47.1277501],[28.7021176,47.1277184],[28.7021264,47.1277087],[28.7025495,47.1272417]]}},{"type":"Feature","id":141,"properties":{"row_id":"V03-R014","vineyard_id":"V03","row_structure":"regular","length_m":5.9,"plant_count":3,"max_gap_m":0.43,"tile_structures":{"siret3_r009_c001":"regular"}},"geometry":{"type":"LineString","coordinates":[[28.7020784,47.1277094],[28.7021159,47.1276629]]}},{"type":"Feature","id":142,"properties":{"row_id":"V03-R015","vineyard_id":"V03","row_structure":"regular","length_m":55.26,"plant_count":25,"max_gap_m":1.43,"tile_structures":{"siret3_r009_c002":"regular"}},"geometry":{"type":"LineString","coordinates":[[28.7021159,47.1276645],[28.7025007,47.1272424]]}},{"type":"Feature","id":143,"properties":{"row_id":"V03-R016","vineyard_id":"V03","row_structure":"regular","length_m":61.84,"plant_count":11,"max_gap_m":3.4,"tile_structures":{"siret3_r008_c001":"regular"}},"geometry":{"type":"LineString","coordinates":[[28.7016346,47.1281768],[28.702077,47.1277094]]}},{"type":"Feature","id":144,"properties":{"row_id":"V03-R017","vineyard_id":"V03","row_structure":"regular","length_m":109.37,"plant_count":43,"max_gap_m":2.42,"tile_structures":{"siret3_r008_c001":"regular","siret3_r009_c001":"regular","siret3_r009_c002":"regular","siret3_r010_c002":"regular"}},"geometry":{"type":"MultiLineString","coordinates":[[[28.7019027,47.1278506],[28.7020309,47.1277101],[28.7021144,47.1276185],[28.7024571,47.127243]],[[28.7024571,47.127243],[28.702665,47.1270154]]]}},{"type":"Feature","id":145,"properties":{"row_id":"V03-R018","vineyard_id":"V03","row_structure":"regular","length_m":103.9,"plant_count":47,"max_gap_m":2.45,"tile_structures":{"siret3_r008_c001":"regular","siret3_r009_c001":"regular","siret3_r009_c002":"regular","siret3_r010_c002":"regular"}},"geometry":{"type":"MultiLineString","coordinates":[[[28.7018879,47.1278169],[28.7019873,47.1277108],[28.7020071,47.1276897],[28.702113,47.1275731],[28.7024125,47.1272437]],[[28.7024125,47.1272437],[28.7026125,47.1270237]]]}},{"type":"Feature","id":146,"properties":{"row_id":"V03-R019","vineyard_id":"V03","row_structure":"regular","length_m":106.42,"plant_count":44,"max_gap_m":5.65,"tile_structures":{"siret3_r008_c001":"regular","siret3_r009_c001":"regular","siret3_r009_c002":"regular","siret3_r010_c002":"regular"}},"geometry":{"type":"MultiLineString","coordinates":[[[28.7018403,47.1278173],[28.7019395,47.1277115],[28.7019395,47.1277115],[28.7021114,47.1275224]],[[28.7021114,47.1275224],[28.7023641,47.1272444]],[[28.7023641,47.1272444],[28.7025821,47.1270046]]]}},{"type":"Feature","id":147,"properties":{"row_id":"V03-R020","vineyard_id":"V03","row_structure":"regular","length_m":107.31,"plant_count":45,"max_gap_m":1.85,"tile_structures":{"siret3_r008_c001":"regular","siret3_r009_c001":"regular","siret3_r009_c002":"regular","siret3_r010_c002":"regular"}},"geometry":{"type":"MultiLineString","coordinates":[[[28.701807,47.1278006],[28.7018876,47.1277123],[28.7021097,47.127469]],[[28.7021097,47.127469],[28.702314,47.1272452]],[[28.702314,47.1272452],[28.702555,47.1269811]]]}},{"type":"Feature","id":148,"properties":{"row_id":"V03-R021","vineyard_id":"V03","row_structure":"regular","length_m":105.8,"plant_count":39,"max_gap_m":1.5,"tile_structures":{"siret3_r008_c001":"regular","siret3_r009_c001":"regular","siret3_r009_c002":"regular","siret3_r010_c002":"regular"}},"geometry":{"type":"MultiLineString","coordinates":[[[28.7017768,47.1277909],[28.7018473,47.1277129],[28.7021082,47.1274238],[28.7022689,47.1272458]],[[28.7022689,47.1272458],[28.7025084,47.1269805]]]}},{"type":"Feature","id":149,"properties":{"row_id":"V03-R022","vineyard_id":"V03","row_structure":"regular","length_m":105.38,"plant_count":20,"max_gap_m":2.15,"tile_structures":{"siret3_r008_c001":"regular","siret3_r009_c001":"regular","siret3_r009_c002":"regular","siret3_r010_c002":"regular"}},"geometry":{"type":"MultiLineString","coordinates":[[[28.7017401,47.1277781],[28.7017987,47.1277136],[28.7021067,47.1273746],[28.702223,47.1272465]],[[28.702223,47.1272465],[28.7024721,47.1269723]]]}},{"type":"Feature","id":150,"properties":{"row_id":"V03-R023","vineyard_id":"V03","row_structure":"regular","length_m":69.08,"plant_count":29,"max_gap_m":2.03,"tile_structures":{"siret3_r008_c001":"regular","siret3_r009_c001":"regular","siret3_r009_c002":"regular"}},"geometry":{"type":"LineString","coordinates":[[28.7017024,47.1277756],[28.7017581,47.1277142],[28.7021053,47.1273315],[28.7021818,47.1272471]]}},{"type":"Feature","id":151,"properties":{"row_id":"V03-R024","vineyard_id":"V03","row_structure":"regular","length_m":61.2,"plant_count":17,"max_gap_m":1.49,"tile_structures":{"siret3_r009_c001":"regular","siret3_r009_c002":"regular"}},"geometry":{"type":"LineString","coordinates":[[28.7016971,47.1277151],[28.7021034,47.127271],[28.7021244,47.127248]]}},{"type":"Feature","id":152,"properties":{"row_id":"V03-R025","vineyard_id":"V03","row_structure":"regular","length_m":61.27,"plant_count":29,"max_gap_m":2.95,"tile_structures":{"siret3_r009_c001":"regular"}},"geometry":{"type":"LineString","coordinates":[[28.7016516,47.1277158],[28.7020805,47.1272486]]}},{"type":"Feature","id":153,"properties":{"row_id":"V03-R026","vineyard_id":"V03","row_structure":"disrupted","length_m":105.83,"plant_count":25,"max_gap_m":5.68,"tile_structures":{"siret3_r009_c001":"regular","siret3_r010_c001":"regular","siret3_r010_c002":"disrupted"}},"geometry":{"type":"MultiLineString","coordinates":[[[28.7016052,47.1277164],[28.7020339,47.1272493]],[[28.7020339,47.1272493],[28.7020502,47.1272316],[28.7021003,47.1271763]],[[28.7021003,47.1271763],[28.7023435,47.1269086]]]}},{"type":"Feature","id":154,"properties":{"row_id":"V03-R027","vineyard_id":"V03","row_structure":"regular","length_m":16.61,"plant_count":3,"max_gap_m":4.13,"tile_structures":{"siret3_r008_c001":"regular"}},"geometry":{"type":"LineString","coordinates":[[28.7014465,47.1278424],[28.7015656,47.127717]]}},{"type":"Feature","id":155,"properties":{"row_id":"V03-R028","vineyard_id":"V03","row_structure":"regular","length_m":107.43,"plant_count":40,"max_gap_m":1.93,"tile_structures":{"siret3_r009_c001":"regular","siret3_r010_c001":"regular","siret3_r010_c002":"regular"}},"geometry":{"type":"MultiLineString","coordinates":[[[28.7015537,47.1277172],[28.7019842,47.1272501],[28.7019842,47.1272501]],[[28.7019842,47.1272501],[28.7020987,47.1271246],[28.7023054,47.1268981]]]}},{"type":"Feature","id":156,"properties":{"row_id":"V03-R029","vineyard_id":"V03","row_structure":"regular","length_m":11.9,"plant_count":2,"max_gap_m":0.25,"tile_structures":{"siret3_r008_c001":"regular"}},"geometry":{"type":"LineString","coordinates":[[28.7014454,47.1278083],[28.7015288,47.1277176]]}},{"type":"Feature","id":157,"properties":{"row_id":"V03-R030","vineyard_id":"V03","row_structure":"regular","length_m":107.47,"plant_count":42,"max_gap_m":2.88,"tile_structures":{"siret3_r009_c001":"regular","siret3_r010_c001":"regular","siret3_r010_c002":"regular"}},"geometry":{"type":"MultiLineString","coordinates":[[[28.7015079,47.1277179],[28.7019354,47.1272508]],[[28.7019354,47.1272508],[28.7020971,47.1270742]],[[28.7020971,47.1270742],[28.7022585,47.1268978]]]}},{"type":"Feature","id":158,"properties":{"row_id":"V03-R031","vineyard_id":"V03","row_structure":"regular","length_m":113,"plant_count":42,"max_gap_m":1.43,"tile_structures":{"siret3_r008_c001":"regular","siret3_r009_c001":"regular","siret3_r010_c001":"regular","siret3_r010_c002":"regular"}},"geometry":{"type":"MultiLineString","coordinates":[[[28.7014431,47.1277364],[28.7014594,47.1277186],[28.701887,47.1272515]],[[28.701887,47.1272515],[28.7020955,47.1270238],[28.7022324,47.1268742]]]}},{"type":"Feature","id":159,"properties":{"row_id":"V03-R032","vineyard_id":"V03","row_structure":"regular","length_m":106.99,"plant_count":38,"max_gap_m":1.43,"tile_structures":{"siret3_r009_c001":"regular","siret3_r010_c001":"regular","siret3_r010_c002":"regular"}},"geometry":{"type":"MultiLineString","coordinates":[[[28.7014415,47.1276853],[28.7018389,47.1272522]],[[28.7018389,47.1272522],[28.7020939,47.1269743],[28.70219,47.1268695]]]}},{"type":"Feature","id":160,"properties":{"row_id":"V03-R033","vineyard_id":"V03","row_structure":"regular","length_m":7.21,"plant_count":1,"max_gap_m":0,"tile_structures":{"siret3_r009_c000":"regular"}},"geometry":{"type":"LineString","coordinates":[[28.7013927,47.1277196],[28.7014408,47.1276636]]}},{"type":"Feature","id":161,"properties":{"row_id":"V03-R034","vineyard_id":"V03","row_structure":"regular","length_m":103.32,"plant_count":45,"max_gap_m":2.58,"tile_structures":{"siret3_r009_c001":"regular","siret3_r010_c001":"regular","siret3_r010_c002":"regular"}},"geometry":{"type":"MultiLineString","coordinates":[[[28.70144,47.1276375],[28.7017911,47.1272529]],[[28.7017911,47.1272529],[28.7020923,47.1269232]],[[28.7020923,47.1269232],[28.7021603,47.1268486]]]}},{"type":"Feature","id":162,"properties":{"row_id":"V03-R035","vineyard_id":"V03","row_structure":"regular","length_m":11.95,"plant_count":2,"max_gap_m":2.93,"tile_structures":{"siret3_r009_c000":"regular"}},"geometry":{"type":"LineString","coordinates":[[28.7013576,47.1277201],[28.7014397,47.1276283]]}},{"type":"Feature","id":163,"properties":{"row_id":"V03-R036","vineyard_id":"V03","row_structure":"regular","length_m":111.05,"plant_count":7,"max_gap_m":0.05,"tile_structures":{"siret3_r009_c000":"regular","siret3_r009_c001":"regular","siret3_r010_c001":"regular"}},"geometry":{"type":"MultiLineString","coordinates":[[[28.7013117,47.1277208],[28.7013903,47.1276353],[28.7014383,47.1275858],[28.7015007,47.1275214],[28.7017412,47.1272537]],[[28.7017412,47.1272537],[28.7017571,47.1272359],[28.7020907,47.126875]]]}},{"type":"Feature","id":164,"properties":{"row_id":"V03-R037","vineyard_id":"V03","row_structure":"regular","length_m":117.64,"plant_count":11,"max_gap_m":0.38,"tile_structures":{"siret3_r009_c000":"regular","siret3_r009_c001":"regular","siret3_r010_c001":"regular"}},"geometry":{"type":"MultiLineString","coordinates":[[[28.7012642,47.1277215],[28.7014367,47.1275342],[28.7016942,47.1272544]],[[28.7016942,47.1272544],[28.7020891,47.1268253]]]}},{"type":"Feature","id":165,"properties":{"row_id":"V03-R038","vineyard_id":"V03","row_structure":"regular","length_m":120.41,"plant_count":6,"max_gap_m":0.43,"tile_structures":{"siret3_r009_c000":"regular","siret3_r009_c001":"regular","siret3_r010_c001":"regular"}},"geometry":{"type":"MultiLineString","coordinates":[[[28.7012161,47.1277222],[28.7014351,47.127484],[28.7016454,47.1272551]],[[28.7016454,47.1272551],[28.7020595,47.1268045]]]}},{"type":"Feature","id":166,"properties":{"row_id":"V03-R039","vineyard_id":"V03","row_structure":"regular","length_m":122.37,"plant_count":18,"max_gap_m":0.2,"tile_structures":{"siret3_r009_c000":"regular","siret3_r009_c001":"regular","siret3_r010_c001":"regular"}},"geometry":{"type":"MultiLineString","coordinates":[[[28.7011724,47.1277229],[28.7014335,47.1274351],[28.7015961,47.1272558]],[[28.7015961,47.1272558],[28.7015961,47.1272558],[28.702026,47.1267887]]]}},{"type":"Feature","id":167,"properties":{"row_id":"V03-R040","vineyard_id":"V03","row_structure":"regular","length_m":122.39,"plant_count":12,"max_gap_m":0.33,"tile_structures":{"siret3_r009_c000":"regular","siret3_r009_c001":"regular","siret3_r010_c001":"regular"}},"geometry":{"type":"MultiLineString","coordinates":[[[28.7011234,47.1277236],[28.7014319,47.127386],[28.7015503,47.1272565]],[[28.7015503,47.1272565],[28.7019773,47.1267894]]]}},{"type":"Feature","id":168,"properties":{"row_id":"V03-R041","vineyard_id":"V03","row_structure":"regular","length_m":122.47,"plant_count":16,"max_gap_m":1.15,"tile_structures":{"siret3_r009_c000":"regular","siret3_r009_c001":"regular","siret3_r010_c001":"regular"}},"geometry":{"type":"MultiLineString","coordinates":[[[28.7010774,47.1277243],[28.7014304,47.127339],[28.7015054,47.1272572]],[[28.7015054,47.1272572],[28.7019335,47.1267901]]]}},{"type":"Feature","id":169,"properties":{"row_id":"V03-R042","vineyard_id":"V03","row_structure":"regular","length_m":65.66,"plant_count":8,"max_gap_m":1.2,"tile_structures":{"siret3_r009_c001":"regular","siret3_r010_c001":"regular"}},"geometry":{"type":"MultiLineString","coordinates":[[[28.7014289,47.1272914],[28.7014572,47.1272579],[28.7014572,47.1272579]],[[28.7014572,47.1272579],[28.7018883,47.1267908]]]}},{"type":"Feature","id":170,"properties":{"row_id":"V03-R043","vineyard_id":"V03","row_structure":"regular","length_m":57.4,"plant_count":4,"max_gap_m":1.55,"tile_structures":{"siret3_r009_c000":"regular"}},"geometry":{"type":"LineString","coordinates":[[28.7010303,47.127725],[28.7014287,47.1272859]]}},{"type":"Feature","id":171,"properties":{"row_id":"V03-R044","vineyard_id":"V03","row_structure":"regular","length_m":122.34,"plant_count":21,"max_gap_m":0.93,"tile_structures":{"siret3_r009_c000":"regular","siret3_r010_c000":"regular","siret3_r010_c001":"regular"}},"geometry":{"type":"MultiLineString","coordinates":[[[28.7009863,47.1277256],[28.7014102,47.1272586]],[[28.7014102,47.1272586],[28.7014273,47.1272398],[28.7014273,47.1272397],[28.7018392,47.1267915]]]}},{"type":"Feature","id":172,"properties":{"row_id":"V03-R045","vineyard_id":"V03","row_structure":"regular","length_m":122.28,"plant_count":23,"max_gap_m":2.65,"tile_structures":{"siret3_r009_c000":"regular","siret3_r010_c000":"regular","siret3_r010_c001":"regular"}},"geometry":{"type":"MultiLineString","coordinates":[[[28.7009413,47.1277263],[28.7013613,47.1272593]],[[28.7013613,47.1272593],[28.70138,47.1272386],[28.7014257,47.1271891],[28.7017926,47.1267922]]]}},{"type":"Feature","id":173,"properties":{"row_id":"V03-R046","vineyard_id":"V03","row_structure":"regular","length_m":109.28,"plant_count":33,"max_gap_m":3.9,"tile_structures":{"siret3_r009_c000":"regular","siret3_r010_c000":"regular","siret3_r010_c001":"regular"}},"geometry":{"type":"MultiLineString","coordinates":[[[28.7009778,47.1276275],[28.701263,47.1273131],[28.7013116,47.1272601]],[[28.7013116,47.1272601],[28.701424,47.1271373],[28.7017394,47.126793]]]}},{"type":"Feature","id":174,"properties":{"row_id":"V03-R047","vineyard_id":"V03","row_structure":"disrupted","length_m":107.26,"plant_count":24,"max_gap_m":9.18,"tile_structures":{"siret3_r009_c000":"disrupted","siret3_r010_c000":"disrupted","siret3_r010_c001":"regular"}},"geometry":{"type":"MultiLineString","coordinates":[[[28.7009423,47.1276116],[28.7012314,47.1272951],[28.7012645,47.1272608]],[[28.7012645,47.1272608],[28.7012836,47.127241],[28.7013851,47.127126],[28.7014224,47.1270857],[28.7016923,47.1267937]]]}},{"type":"Feature","id":175,"properties":{"row_id":"V03-R048","vineyard_id":"V03","row_structure":"regular","length_m":94.18,"plant_count":36,"max_gap_m":3.58,"tile_structures":{"siret3_r009_c000":"regular","siret3_r010_c000":"regular","siret3_r010_c001":"regular"}},"geometry":{"type":"MultiLineString","coordinates":[[[28.7009858,47.1275125],[28.7012161,47.1272615]],[[28.7012161,47.1272615],[28.7014208,47.1270384],[28.7016447,47.1267944]]]}},{"type":"Feature","id":176,"properties":{"row_id":"V03-R049","vineyard_id":"V03","row_structure":"regular","length_m":84.13,"plant_count":28,"max_gap_m":3.93,"tile_structures":{"siret3_r009_c000":"regular","siret3_r010_c000":"regular","siret3_r010_c001":"regular"}},"geometry":{"type":"MultiLineString","coordinates":[[[28.7010104,47.1274374],[28.7011734,47.1272621],[28.7011734,47.1272621]],[[28.7011734,47.1272621],[28.7014192,47.1269873],[28.7014192,47.1269873],[28.7015969,47.1267951]]]}},{"type":"Feature","id":177,"properties":{"row_id":"V03-R050","vineyard_id":"V03","row_structure":"regular","length_m":83.67,"plant_count":24,"max_gap_m":3.78,"tile_structures":{"siret3_r009_c000":"regular","siret3_r010_c000":"regular","siret3_r010_c001":"regular"}},"geometry":{"type":"MultiLineString","coordinates":[[[28.7009655,47.1274318],[28.7010998,47.1272875],[28.701121,47.1272629]],[[28.701121,47.1272629],[28.7011471,47.1272326],[28.7014177,47.1269382],[28.701555,47.1267957]]]}},{"type":"Feature","id":178,"properties":{"row_id":"V03-R051","vineyard_id":"V03","row_structure":"disrupted","length_m":45.96,"plant_count":10,"max_gap_m":7.23,"tile_structures":{"siret3_r009_c000":"disrupted","siret3_r010_c000":"regular"}},"geometry":{"type":"MultiLineString","coordinates":[[[28.7009367,47.1274145],[28.7010764,47.1272636]],[[28.7010764,47.1272636],[28.7012604,47.1270649]]]}},{"type":"Feature","id":179,"properties":{"row_id":"V03-R052","vineyard_id":"V03","row_structure":"regular","length_m":47.78,"plant_count":10,"max_gap_m":1.47,"tile_structures":{"siret3_r009_c000":"regular","siret3_r010_c000":"regular"}},"geometry":{"type":"MultiLineString","coordinates":[[[28.7009352,47.1273729],[28.7010347,47.1272642]],[[28.7010347,47.1272642],[28.7012687,47.1270083]]]}},{"type":"Feature","id":180,"properties":{"row_id":"V03-R053","vineyard_id":"V03","row_structure":"regular","length_m":1.52,"plant_count":1,"max_gap_m":0,"tile_structures":{"siret3_r010_c000":"regular"}},"geometry":{"type":"LineString","coordinates":[[28.7011649,47.1270727],[28.7011756,47.1270611]]}},{"type":"Feature","id":181,"properties":{"row_id":"V04-R001","vineyard_id":"V04","row_structure":"regular","length_m":53.59,"plant_count":7,"max_gap_m":1.43,"tile_structures":{"siret3_r011_c007":"regular"}},"geometry":{"type":"LineString","coordinates":[[28.7055366,47.1262757],[28.7057598,47.1267332]]}},{"type":"Feature","id":182,"properties":{"row_id":"V04-R002","vineyard_id":"V04","row_structure":"regular","length_m":53.62,"plant_count":5,"max_gap_m":0.18,"tile_structures":{"siret3_r011_c007":"regular"}},"geometry":{"type":"LineString","coordinates":[[28.7055756,47.1262752],[28.7058001,47.1267326]]}},{"type":"Feature","id":183,"properties":{"row_id":"V04-R003","vineyard_id":"V04","row_structure":"regular","length_m":53.64,"plant_count":1,"max_gap_m":0,"tile_structures":{"siret3_r011_c007":"regular"}},"geometry":{"type":"LineString","coordinates":[[28.7056158,47.1262746],[28.7058413,47.1267319]]}},{"type":"Feature","id":184,"properties":{"row_id":"V05-R001","vineyard_id":"V05","row_structure":"regular","length_m":12.04,"plant_count":5,"max_gap_m":0.78,"tile_structures":{"siret3_r012_c009":"regular"}},"geometry":{"type":"LineString","coordinates":[[28.7069472,47.1262424],[28.7071053,47.1262524]]}},{"type":"Feature","id":185,"properties":{"row_id":"V05-R002","vineyard_id":"V05","row_structure":"regular","length_m":13.34,"plant_count":6,"max_gap_m":3,"tile_structures":{"siret3_r012_c009":"regular"}},"geometry":{"type":"LineString","coordinates":[[28.7069174,47.1262292],[28.7070926,47.1262395]]}},{"type":"Feature","id":186,"properties":{"row_id":"V05-R003","vineyard_id":"V05","row_structure":"regular","length_m":9.62,"plant_count":3,"max_gap_m":0.4,"tile_structures":{"siret3_r012_c009":"regular"}},"geometry":{"type":"LineString","coordinates":[[28.7069408,47.1262135],[28.707067,47.1262221]]}},{"type":"Feature","id":187,"properties":{"row_id":"V06-R001","vineyard_id":"V06","row_structure":"regular","length_m":6.31,"plant_count":1,"max_gap_m":0,"tile_structures":{"siret3_r012_c005":"regular"}},"geometry":{"type":"LineString","coordinates":[[28.7042197,47.1262004],[28.7042751,47.1262428]]}},{"type":"Feature","id":188,"properties":{"row_id":"V06-R002","vineyard_id":"V06","row_structure":"regular","length_m":11.67,"plant_count":1,"max_gap_m":0,"tile_structures":{"siret3_r012_c005":"regular"}},"geometry":{"type":"LineString","coordinates":[[28.7042211,47.1261641],[28.7043241,47.126242]]}},{"type":"Feature","id":189,"properties":{"row_id":"V06-R003","vineyard_id":"V06","row_structure":"regular","length_m":16.26,"plant_count":4,"max_gap_m":1.95,"tile_structures":{"siret3_r012_c005":"regular"}},"geometry":{"type":"LineString","coordinates":[[28.7042289,47.1261288],[28.7043687,47.1262396]]}},{"type":"Feature","id":190,"properties":{"row_id":"V06-R004","vineyard_id":"V06","row_structure":"regular","length_m":18.5,"plant_count":7,"max_gap_m":1.2,"tile_structures":{"siret3_r012_c005":"regular"}},"geometry":{"type":"LineString","coordinates":[[28.7042433,47.1261171],[28.7044064,47.1262408]]}},{"type":"Feature","id":191,"properties":{"row_id":"V07-R001","vineyard_id":"V07","row_structure":"regular","length_m":7.78,"plant_count":2,"max_gap_m":0,"tile_structures":{"siret3_r013_c004":"regular"}},"geometry":{"type":"LineString","coordinates":[[28.7036305,47.1258434],[28.70372,47.1258092]]}},{"type":"Feature","id":192,"properties":{"row_id":"V07-R002","vineyard_id":"V07","row_structure":"regular","length_m":13.7,"plant_count":5,"max_gap_m":0.5,"tile_structures":{"siret3_r013_c004":"regular"}},"geometry":{"type":"LineString","coordinates":[[28.7035623,47.1258444],[28.7037191,47.1257832]]}},{"type":"Feature","id":193,"properties":{"row_id":"V07-R003","vineyard_id":"V07","row_structure":"regular","length_m":19.26,"plant_count":6,"max_gap_m":1.3,"tile_structures":{"siret3_r013_c004":"regular"}},"geometry":{"type":"LineString","coordinates":[[28.7034966,47.1258454],[28.7037184,47.125761]]}},{"type":"Feature","id":194,"properties":{"row_id":"V07-R004","vineyard_id":"V07","row_structure":"regular","length_m":20.84,"plant_count":6,"max_gap_m":1.27,"tile_structures":{"siret3_r013_c004":"regular"}},"geometry":{"type":"LineString","coordinates":[[28.7034267,47.1258464],[28.7036674,47.1257559]]}},{"type":"Feature","id":195,"properties":{"row_id":"V07-R005","vineyard_id":"V07","row_structure":"regular","length_m":13.55,"plant_count":1,"max_gap_m":0,"tile_structures":{"siret3_r013_c004":"regular"}},"geometry":{"type":"LineString","coordinates":[[28.7034075,47.1258285],[28.7035642,47.1257699]]}},{"type":"Feature","id":196,"properties":{"row_id":"V08-R001","vineyard_id":"V08","row_structure":"regular","length_m":49.08,"plant_count":16,"max_gap_m":2.35,"tile_structures":{"siret3_r013_c009":"regular"}},"geometry":{"type":"LineString","coordinates":[[28.7067783,47.1256875],[28.7074085,47.1257871]]}},{"type":"Feature","id":197,"properties":{"row_id":"V08-R002","vineyard_id":"V08","row_structure":"regular","length_m":52.76,"plant_count":14,"max_gap_m":1.83,"tile_structures":{"siret3_r013_c009":"regular"}},"geometry":{"type":"LineString","coordinates":[[28.7067778,47.1256712],[28.7074562,47.1257756]]}},{"type":"Feature","id":198,"properties":{"row_id":"V08-R003","vineyard_id":"V08","row_structure":"regular","length_m":52.79,"plant_count":17,"max_gap_m":5.13,"tile_structures":{"siret3_r013_c009":"regular"}},"geometry":{"type":"LineString","coordinates":[[28.7067771,47.1256504],[28.7074555,47.1257559]]}},{"type":"Feature","id":199,"properties":{"row_id":"V08-R004","vineyard_id":"V08","row_structure":"regular","length_m":52.72,"plant_count":18,"max_gap_m":8.57,"tile_structures":{"siret3_r013_c009":"regular"}},"geometry":{"type":"LineString","coordinates":[[28.7067766,47.1256337],[28.7074549,47.1257368]]}},{"type":"Feature","id":200,"properties":{"row_id":"V08-R005","vineyard_id":"V08","row_structure":"regular","length_m":49.75,"plant_count":11,"max_gap_m":7,"tile_structures":{"siret3_r013_c009":"regular"}},"geometry":{"type":"LineString","coordinates":[[28.7068146,47.125617],[28.7074542,47.1257156]]}},{"type":"Feature","id":201,"properties":{"row_id":"V08-R006","vineyard_id":"V08","row_structure":"regular","length_m":49.51,"plant_count":14,"max_gap_m":2.08,"tile_structures":{"siret3_r013_c009":"regular"}},"geometry":{"type":"LineString","coordinates":[[28.7068171,47.1256004],[28.7074537,47.1256984]]}},{"type":"Feature","id":202,"properties":{"row_id":"V08-R007","vineyard_id":"V08","row_structure":"regular","length_m":49.2,"plant_count":19,"max_gap_m":5,"tile_structures":{"siret3_r013_c009":"regular"}},"geometry":{"type":"LineString","coordinates":[[28.7068197,47.1255827],[28.707453,47.1256782]]}},{"type":"Feature","id":203,"properties":{"row_id":"V09-R001","vineyard_id":"V09","row_structure":"regular","length_m":8.83,"plant_count":1,"max_gap_m":0,"tile_structures":{"siret3_r013_c009":"regular"}},"geometry":{"type":"LineString","coordinates":[[28.707338,47.1256168],[28.7074516,47.125634]]}},{"type":"Feature","id":204,"properties":{"row_id":"V09-R002","vineyard_id":"V09","row_structure":"regular","length_m":12.79,"plant_count":3,"max_gap_m":2.68,"tile_structures":{"siret3_r013_c009":"regular"}},"geometry":{"type":"LineString","coordinates":[[28.707287,47.1255888],[28.707451,47.1256154]]}},{"type":"Feature","id":205,"properties":{"row_id":"V09-R003","vineyard_id":"V09","row_structure":"regular","length_m":12.55,"plant_count":4,"max_gap_m":0.55,"tile_structures":{"siret3_r013_c009":"regular"}},"geometry":{"type":"LineString","coordinates":[[28.7072889,47.1255694],[28.7074503,47.1255941]]}},{"type":"Feature","id":206,"properties":{"row_id":"V10-R001","vineyard_id":"V10","row_structure":"regular","length_m":27.81,"plant_count":4,"max_gap_m":0.95,"tile_structures":{"siret3_r013_c003":"regular"}},"geometry":{"type":"LineString","coordinates":[[28.7030753,47.1257147],[28.7034001,47.1255986]]}},{"type":"Feature","id":207,"properties":{"row_id":"V10-R002","vineyard_id":"V10","row_structure":"regular","length_m":71.8,"plant_count":18,"max_gap_m":4.8,"tile_structures":{"siret3_r013_c003":"regular","siret3_r013_c004":"regular"}},"geometry":{"type":"MultiLineString","coordinates":[[[28.7029929,47.1257339],[28.7033994,47.1255756]],[[28.7033994,47.1255756],[28.7038149,47.1254137]]]}},{"type":"Feature","id":208,"properties":{"row_id":"V10-R003","vineyard_id":"V10","row_structure":"disrupted","length_m":81.28,"plant_count":25,"max_gap_m":8.4,"tile_structures":{"siret3_r013_c003":"disrupted","siret3_r013_c004":"regular"}},"geometry":{"type":"MultiLineString","coordinates":[[[28.7029077,47.1257426],[28.7033986,47.1255519]],[[28.7033986,47.1255519],[28.7038378,47.1253795]]]}},{"type":"Feature","id":209,"properties":{"row_id":"V10-R004","vineyard_id":"V10","row_structure":"disrupted","length_m":85.3,"plant_count":26,"max_gap_m":7.78,"tile_structures":{"siret3_r013_c003":"disrupted","siret3_r013_c004":"regular","siret3_r014_c004":"regular"}},"geometry":{"type":"MultiLineString","coordinates":[[[28.7028397,47.1257457],[28.7033979,47.1255287]],[[28.7033979,47.1255287],[28.7037795,47.1253804],[28.7038168,47.1253659]]]}},{"type":"Feature","id":210,"properties":{"row_id":"V10-R005","vineyard_id":"V10","row_structure":"regular","length_m":85.18,"plant_count":31,"max_gap_m":4.75,"tile_structures":{"siret3_r013_c003":"regular","siret3_r013_c004":"regular","siret3_r014_c004":"regular"}},"geometry":{"type":"MultiLineString","coordinates":[[[28.7028378,47.1257217],[28.7033971,47.1255067],[28.7033972,47.1255067]],[[28.7033972,47.1255067],[28.7037153,47.1253814],[28.7038136,47.1253427]]]}},{"type":"Feature","id":211,"properties":{"row_id":"V10-R006","vineyard_id":"V10","row_structure":"disrupted","length_m":87.79,"plant_count":27,"max_gap_m":8.7,"tile_structures":{"siret3_r013_c003":"disrupted","siret3_r013_c004":"regular","siret3_r014_c004":"regular"}},"geometry":{"type":"MultiLineString","coordinates":[[[28.7028353,47.1256991],[28.7033963,47.12548]],[[28.7033963,47.12548],[28.7036463,47.1253824],[28.7038397,47.1253069]]]}},{"type":"Feature","id":212,"properties":{"row_id":"V10-R007","vineyard_id":"V10","row_structure":"regular","length_m":85.98,"plant_count":32,"max_gap_m":2.98,"tile_structures":{"siret3_r013_c003":"regular","siret3_r013_c004":"regular","siret3_r014_c004":"regular"}},"geometry":{"type":"MultiLineString","coordinates":[[[28.7028628,47.1256639],[28.7033956,47.1254573]],[[28.7033956,47.1254573],[28.7035865,47.1253833],[28.7038483,47.1252818]]]}},{"type":"Feature","id":213,"properties":{"row_id":"V10-R008","vineyard_id":"V10","row_structure":"regular","length_m":11.09,"plant_count":3,"max_gap_m":1.2,"tile_structures":{"siret3_r013_c004":"regular"}},"geometry":{"type":"LineString","coordinates":[[28.7033949,47.1254353],[28.7035205,47.1253843]]}},{"type":"Feature","id":214,"properties":{"row_id":"V10-R009","vineyard_id":"V10","row_structure":"disrupted","length_m":27.63,"plant_count":9,"max_gap_m":7.9,"tile_structures":{"siret3_r014_c004":"disrupted"}},"geometry":{"type":"LineString","coordinates":[[28.7035131,47.1253844],[28.7038309,47.125263]]}},{"type":"Feature","id":215,"properties":{"row_id":"V10-R010","vineyard_id":"V10","row_structure":"regular","length_m":30.63,"plant_count":9,"max_gap_m":0.95,"tile_structures":{"siret3_r014_c004":"regular"}},"geometry":{"type":"LineString","coordinates":[[28.7034388,47.1253855],[28.7037896,47.1252492]]}},{"type":"Feature","id":216,"properties":{"row_id":"V10-R011","vineyard_id":"V10","row_structure":"regular","length_m":31.11,"plant_count":12,"max_gap_m":2.38,"tile_structures":{"siret3_r014_c004":"regular"}},"geometry":{"type":"LineString","coordinates":[[28.7034346,47.1253714],[28.7037904,47.1252323]]}},{"type":"Feature","id":217,"properties":{"row_id":"V10-R012","vineyard_id":"V10","row_structure":"regular","length_m":5.29,"plant_count":3,"max_gap_m":0.53,"tile_structures":{"siret3_r014_c004":"regular"}},"geometry":{"type":"LineString","coordinates":[[28.703434,47.1253473],[28.7034943,47.1253235]]}},{"type":"Feature","id":218,"properties":{"row_id":"V10-R013","vineyard_id":"V10","row_structure":"disrupted","length_m":21.63,"plant_count":5,"max_gap_m":6.53,"tile_structures":{"siret3_r014_c004":"disrupted"}},"geometry":{"type":"LineString","coordinates":[[28.7034475,47.1253192],[28.7036937,47.1252211]]}},{"type":"Feature","id":219,"properties":{"row_id":"V10-R014","vineyard_id":"V10","row_structure":"regular","length_m":13.24,"plant_count":6,"max_gap_m":3.03,"tile_structures":{"siret3_r014_c004":"regular"}},"geometry":{"type":"LineString","coordinates":[[28.7034329,47.1252995],[28.7035838,47.1252397]]}},{"type":"Feature","id":220,"properties":{"row_id":"V11-R001","vineyard_id":"V11","row_structure":"regular","length_m":10.09,"plant_count":4,"max_gap_m":0.6,"tile_structures":{"siret3_r014_c004":"regular"}},"geometry":{"type":"LineString","coordinates":[[28.7037418,47.1251552],[28.7038569,47.1251097]]}},{"type":"Feature","id":221,"properties":{"row_id":"V11-R002","vineyard_id":"V11","row_structure":"regular","length_m":7.01,"plant_count":5,"max_gap_m":0.38,"tile_structures":{"siret3_r014_c004":"regular"}},"geometry":{"type":"LineString","coordinates":[[28.7037422,47.125128],[28.7038224,47.1250967]]}},{"type":"Feature","id":222,"properties":{"row_id":"V11-R003","vineyard_id":"V11","row_structure":"regular","length_m":4.52,"plant_count":2,"max_gap_m":1.3,"tile_structures":{"siret3_r014_c004":"regular"}},"geometry":{"type":"LineString","coordinates":[[28.7035508,47.1252028],[28.7036025,47.1251826]]}},{"type":"Feature","id":223,"properties":{"row_id":"V11-R004","vineyard_id":"V11","row_structure":"regular","length_m":13.39,"plant_count":4,"max_gap_m":2,"tile_structures":{"siret3_r014_c004":"regular"}},"geometry":{"type":"LineString","coordinates":[[28.7034404,47.1252259],[28.7035927,47.125165]]}},{"type":"Feature","id":224,"properties":{"row_id":"V11-R005","vineyard_id":"V11","row_structure":"regular","length_m":2.18,"plant_count":2,"max_gap_m":0.35,"tile_structures":{"siret3_r014_c004":"regular"}},"geometry":{"type":"LineString","coordinates":[[28.7038076,47.125079],[28.7038323,47.1250691]]}},{"type":"Feature","id":225,"properties":{"row_id":"V11-R006","vineyard_id":"V11","row_structure":"regular","length_m":7.07,"plant_count":2,"max_gap_m":3.08,"tile_structures":{"siret3_r014_c004":"regular"}},"geometry":{"type":"LineString","coordinates":[[28.7037398,47.125083],[28.7038207,47.1250514]]}},{"type":"Feature","id":226,"properties":{"row_id":"V11-R007","vineyard_id":"V11","row_structure":"regular","length_m":6.38,"plant_count":2,"max_gap_m":3.15,"tile_structures":{"siret3_r014_c004":"regular"}},"geometry":{"type":"LineString","coordinates":[[28.7034306,47.1252036],[28.7035036,47.1251751]]}},{"type":"Feature","id":227,"properties":{"row_id":"V11-R008","vineyard_id":"V11","row_structure":"disrupted","length_m":24.49,"plant_count":5,"max_gap_m":6.63,"tile_structures":{"siret3_r014_c004":"disrupted"}},"geometry":{"type":"LineString","coordinates":[[28.7034515,47.1251739],[28.7037303,47.1250629]]}},{"type":"Feature","id":228,"properties":{"row_id":"V11-R009","vineyard_id":"V11","row_structure":"regular","length_m":22.07,"plant_count":10,"max_gap_m":3.35,"tile_structures":{"siret3_r014_c004":"regular"}},"geometry":{"type":"LineString","coordinates":[[28.7035235,47.1251228],[28.7037732,47.125021]]}},{"type":"Feature","id":229,"properties":{"row_id":"V11-R010","vineyard_id":"V11","row_structure":"regular","length_m":7.72,"plant_count":4,"max_gap_m":1.6,"tile_structures":{"siret3_r014_c004":"regular"}},"geometry":{"type":"LineString","coordinates":[[28.7035294,47.1250976],[28.7036166,47.1250619]]}},{"type":"Feature","id":230,"properties":{"row_id":"V11-R011","vineyard_id":"V11","row_structure":"regular","length_m":13.04,"plant_count":5,"max_gap_m":1.88,"tile_structures":{"siret3_r014_c004":"regular"}},"geometry":{"type":"LineString","coordinates":[[28.7035383,47.1250662],[28.7036866,47.1250069]]}},{"type":"Feature","id":231,"properties":{"row_id":"V12-R001","vineyard_id":"V12","row_structure":"regular","length_m":12.2,"plant_count":3,"max_gap_m":0.73,"tile_structures":{"siret3_r015_c011":"regular"}},"geometry":{"type":"LineString","coordinates":[[28.7086479,47.1247046],[28.7087742,47.1247726]]}},{"type":"Feature","id":232,"properties":{"row_id":"V12-R002","vineyard_id":"V12","row_structure":"regular","length_m":8.84,"plant_count":3,"max_gap_m":0.78,"tile_structures":{"siret3_r015_c011":"regular"}},"geometry":{"type":"LineString","coordinates":[[28.7086807,47.1247011],[28.7087734,47.1247492]]}},{"type":"Feature","id":233,"properties":{"row_id":"V12-R003","vineyard_id":"V12","row_structure":"regular","length_m":8.01,"plant_count":3,"max_gap_m":0.9,"tile_structures":{"siret3_r015_c011":"regular"}},"geometry":{"type":"LineString","coordinates":[[28.7086896,47.124682],[28.7087727,47.1247265]]}},{"type":"Feature","id":234,"properties":{"row_id":"V12-R004","vineyard_id":"V12","row_structure":"regular","length_m":7.7,"plant_count":2,"max_gap_m":2.25,"tile_structures":{"siret3_r015_c011":"regular"}},"geometry":{"type":"LineString","coordinates":[[28.708692,47.1246644],[28.7087721,47.124707]]}},{"type":"Feature","id":235,"properties":{"row_id":"V12-R005","vineyard_id":"V12","row_structure":"regular","length_m":4.98,"plant_count":2,"max_gap_m":0.9,"tile_structures":{"siret3_r015_c011":"regular"}},"geometry":{"type":"LineString","coordinates":[[28.708719,47.1246548],[28.7087713,47.124682]]}},{"type":"Feature","id":236,"properties":{"row_id":"V13-R001","vineyard_id":"V13","row_structure":"regular","length_m":7.1,"plant_count":2,"max_gap_m":0.2,"tile_structures":{"siret3_r021_c014":"regular"}},"geometry":{"type":"LineString","coordinates":[[28.7106539,47.1220527],[28.7107105,47.1220018]]}},{"type":"Feature","id":237,"properties":{"row_id":"V13-R002","vineyard_id":"V13","row_structure":"disrupted","length_m":155.62,"plant_count":53,"max_gap_m":46.75,"tile_structures":{"siret3_r019_c013":"disrupted","siret3_r019_c014":"regular","siret3_r020_c014":"regular","siret3_r021_c014":"regular","siret3_r021_c015":"regular"}},"geometry":{"type":"MultiLineString","coordinates":[[[28.7096001,47.12299],[28.7100535,47.1225663],[28.7101012,47.1225217]],[[28.7101012,47.1225217],[28.7106023,47.1220535],[28.7107089,47.1219539],[28.71081,47.1218594]]]}},{"type":"Feature","id":238,"properties":{"row_id":"V13-R003","vineyard_id":"V13","row_structure":"regular","length_m":26.1,"plant_count":7,"max_gap_m":3.48,"tile_structures":{"siret3_r018_c012":"regular"}},"geometry":{"type":"LineString","coordinates":[[28.709194,47.123363],[28.709398,47.123174]]}},{"type":"Feature","id":239,"properties":{"row_id":"V13-R004","vineyard_id":"V13","row_structure":"disrupted","length_m":158.35,"plant_count":62,"max_gap_m":5.9,"tile_structures":{"siret3_r019_c013":"disrupted","siret3_r020_c014":"regular","siret3_r021_c014":"regular","siret3_r021_c015":"regular"}},"geometry":{"type":"MultiLineString","coordinates":[[[28.7095479,47.1229907],[28.7100522,47.1225231]],[[28.7100528,47.1225225],[28.7105151,47.1220938],[28.710557,47.1220542],[28.7107076,47.121912],[28.7107826,47.1218411]]]}},{"type":"Feature","id":240,"properties":{"row_id":"V13-R005","vineyard_id":"V13","row_structure":"regular","length_m":31.38,"plant_count":11,"max_gap_m":3.65,"tile_structures":{"siret3_r018_c012":"regular"}},"geometry":{"type":"LineString","coordinates":[[28.7091501,47.1233579],[28.7093966,47.1231312]]}},{"type":"Feature","id":241,"properties":{"row_id":"V13-R006","vineyard_id":"V13","row_structure":"regular","length_m":158.98,"plant_count":64,"max_gap_m":4.85,"tile_structures":{"siret3_r019_c013":"regular","siret3_r020_c013":"regular","siret3_r020_c014":"regular","siret3_r021_c014":"regular","siret3_r021_c015":"regular"}},"geometry":{"type":"MultiLineString","coordinates":[[[28.7095017,47.1229914],[28.7100097,47.1225231]],[[28.7100097,47.1225231],[28.7100509,47.1224851],[28.710121,47.1224205],[28.7104709,47.1220947],[28.7105132,47.1220548],[28.7107063,47.1218731],[28.7107426,47.1218389]]]}},{"type":"Feature","id":242,"properties":{"row_id":"V13-R007","vineyard_id":"V13","row_structure":"regular","length_m":35.76,"plant_count":17,"max_gap_m":1.25,"tile_structures":{"siret3_r018_c012":"regular"}},"geometry":{"type":"LineString","coordinates":[[28.7091155,47.1233472],[28.7093952,47.1230883]]}},{"type":"Feature","id":243,"properties":{"row_id":"V13-R008","vineyard_id":"V13","row_structure":"regular","length_m":207.55,"plant_count":87,"max_gap_m":8.95,"tile_structures":{"siret3_r018_c012":"regular","siret3_r018_c013":"regular","siret3_r019_c013":"regular","siret3_r020_c013":"regular","siret3_r020_c014":"regular","siret3_r021_c014":"regular"}},"geometry":{"type":"MultiLineString","coordinates":[[[28.7090856,47.1233391],[28.7093941,47.1230525],[28.7094591,47.1229921],[28.709963,47.1225238]],[[28.709963,47.1225238],[28.7100496,47.1224433],[28.7104669,47.1220555],[28.7107051,47.1218342]]]}},{"type":"Feature","id":244,"properties":{"row_id":"V13-R009","vineyard_id":"V13","row_structure":"disrupted","length_m":212.03,"plant_count":82,"max_gap_m":8.57,"tile_structures":{"siret3_r018_c012":"regular","siret3_r018_c013":"regular","siret3_r019_c013":"disrupted","siret3_r020_c013":"regular","siret3_r020_c014":"regular","siret3_r021_c014":"regular"}},"geometry":{"type":"MultiLineString","coordinates":[[[28.7090495,47.1233284],[28.7093928,47.1230107],[28.7094121,47.1229928],[28.7099181,47.1225245]],[[28.7099181,47.1225245],[28.7100483,47.1224039]],[[28.7100483,47.1224039],[28.710424,47.1220562],[28.7107037,47.121791]]]}},{"type":"Feature","id":245,"properties":{"row_id":"V13-R010","vineyard_id":"V13","row_structure":"disrupted","length_m":215.22,"plant_count":87,"max_gap_m":6.83,"tile_structures":{"siret3_r018_c012":"regular","siret3_r019_c012":"regular","siret3_r019_c013":"disrupted","siret3_r020_c013":"regular","siret3_r020_c014":"regular","siret3_r021_c014":"regular"}},"geometry":{"type":"MultiLineString","coordinates":[[[28.7090206,47.1233133],[28.7093657,47.1229935],[28.7093914,47.1229696],[28.7098708,47.1225252]],[[28.7098708,47.1225252],[28.710047,47.1223619],[28.7103759,47.1220569],[28.7107025,47.1217541]]]}},{"type":"Feature","id":246,"properties":{"row_id":"V13-R011","vineyard_id":"V13","row_structure":"disrupted","length_m":214.89,"plant_count":103,"max_gap_m":5.65,"tile_structures":{"siret3_r018_c012":"regular","siret3_r019_c012":"regular","siret3_r019_c013":"disrupted","siret3_r020_c013":"regular","siret3_r020_c014":"regular","siret3_r021_c014":"regular"}},"geometry":{"type":"MultiLineString","coordinates":[[[28.7089691,47.1233189],[28.7093195,47.1229941],[28.7093901,47.1229287],[28.7094681,47.1228565],[28.7098284,47.1225258]],[[28.7098284,47.1225258],[28.7098797,47.1224787],[28.7100458,47.1223238]],[[28.7100458,47.1223238],[28.710331,47.1220576],[28.7106478,47.1217618]]]}},{"type":"Feature","id":247,"properties":{"row_id":"V13-R012","vineyard_id":"V13","row_structure":"disrupted","length_m":215.07,"plant_count":85,"max_gap_m":6.6,"tile_structures":{"siret3_r018_c012":"regular","siret3_r019_c012":"regular","siret3_r019_c013":"disrupted","siret3_r020_c013":"regular","siret3_r020_c014":"regular","siret3_r021_c014":"regular"}},"geometry":{"type":"MultiLineString","coordinates":[[[28.7089295,47.123314],[28.7092754,47.1229948],[28.7093703,47.1229073],[28.7093889,47.1228899],[28.7097187,47.122581],[28.7097775,47.1225266]],[[28.7097775,47.1225266],[28.7100136,47.122308],[28.7100443,47.1222783],[28.7100698,47.1222537],[28.71028,47.1220583],[28.7106072,47.1217543]]]}},{"type":"Feature","id":248,"properties":{"row_id":"V13-R013","vineyard_id":"V13","row_structure":"disrupted","length_m":232.06,"plant_count":92,"max_gap_m":7.48,"tile_structures":{"siret3_r018_c012":"regular","siret3_r019_c012":"regular","siret3_r019_c013":"disrupted","siret3_r020_c013":"regular","siret3_r020_c014":"regular","siret3_r021_c014":"regular"}},"geometry":{"type":"MultiLineString","coordinates":[[[28.7088924,47.123307],[28.709228,47.1229955],[28.7093875,47.1228475],[28.7097326,47.1225272]],[[28.7097326,47.1225272],[28.7100431,47.1222391],[28.7102371,47.122059],[28.7106983,47.1216219]]]}},{"type":"Feature","id":249,"properties":{"row_id":"V13-R014","vineyard_id":"V13","row_structure":"disrupted","length_m":236.05,"plant_count":96,"max_gap_m":6.53,"tile_structures":{"siret3_r018_c012":"regular","siret3_r019_c012":"regular","siret3_r019_c013":"disrupted","siret3_r020_c013":"regular","siret3_r020_c014":"regular","siret3_r021_c014":"regular"}},"geometry":{"type":"MultiLineString","coordinates":[[[28.7088519,47.1233034],[28.7091823,47.1229962],[28.7093862,47.1228066],[28.7096859,47.1225279]],[[28.7096859,47.1225279],[28.7100417,47.122197]],[[28.7100417,47.122197],[28.7101894,47.1220597],[28.7106929,47.1215914]]]}},{"type":"Feature","id":250,"properties":{"row_id":"V13-R015","vineyard_id":"V13","row_structure":"disrupted","length_m":221.66,"plant_count":94,"max_gap_m":6.68,"tile_structures":{"siret3_r018_c012":"regular","siret3_r019_c012":"regular","siret3_r019_c013":"disrupted","siret3_r020_c013":"regular","siret3_r020_c014":"regular","siret3_r021_c014":"regular"}},"geometry":{"type":"MultiLineString","coordinates":[[[28.7088246,47.1232861],[28.7091332,47.1229969],[28.7091942,47.1229398],[28.7093848,47.1227639],[28.709605,47.1225608],[28.7096393,47.1225286]],[[28.7096393,47.1225286],[28.7099551,47.1222324],[28.7100403,47.1221532],[28.7101402,47.1220604],[28.710552,47.1216778]]]}},{"type":"Feature","id":251,"properties":{"row_id":"V13-R016","vineyard_id":"V13","row_structure":"disrupted","length_m":223.65,"plant_count":96,"max_gap_m":8.18,"tile_structures":{"siret3_r018_c012":"regular","siret3_r019_c012":"regular","siret3_r019_c013":"disrupted","siret3_r020_c013":"regular","siret3_r020_c014":"regular","siret3_r021_c014":"regular"}},"geometry":{"type":"MultiLineString","coordinates":[[[28.7087834,47.1232827],[28.7090884,47.1229976],[28.7093836,47.1227265],[28.7094109,47.1227015],[28.7095948,47.1225293]],[[28.7095948,47.1225293],[28.710039,47.1221135]],[[28.710039,47.1221135],[28.7100535,47.1221],[28.7100954,47.1220611],[28.7105267,47.1216602]]]}},{"type":"Feature","id":252,"properties":{"row_id":"V13-R017","vineyard_id":"V13","row_structure":"disrupted","length_m":122.42,"plant_count":49,"max_gap_m":8.98,"tile_structures":{"siret3_r020_c013":"regular","siret3_r020_c014":"regular","siret3_r021_c014":"disrupted"}},"geometry":{"type":"MultiLineString","coordinates":[[[28.7095459,47.12253],[28.7100378,47.1220739]],[[28.7100378,47.1220739],[28.7100508,47.1220617],[28.7105023,47.121643]]]}},{"type":"Feature","id":253,"properties":{"row_id":"V13-R018","vineyard_id":"V13","row_structure":"regular","length_m":99.44,"plant_count":44,"max_gap_m":1.85,"tile_structures":{"siret3_r018_c012":"regular","siret3_r019_c012":"regular","siret3_r019_c013":"regular"}},"geometry":{"type":"LineString","coordinates":[[28.7087267,47.1232922],[28.7090437,47.1229983],[28.7093823,47.1226842],[28.7095036,47.1225717]]}},{"type":"Feature","id":254,"properties":{"row_id":"V13-R019","vineyard_id":"V13","row_structure":"regular","length_m":99.47,"plant_count":43,"max_gap_m":2.75,"tile_structures":{"siret3_r018_c012":"regular","siret3_r019_c012":"regular","siret3_r019_c013":"regular"}},"geometry":{"type":"LineString","coordinates":[[28.7087254,47.1232515],[28.708993,47.1230057],[28.7090003,47.1229989],[28.709381,47.1226438],[28.7095023,47.1225307]]}},{"type":"Feature","id":255,"properties":{"row_id":"V13-R020","vineyard_id":"V13","row_structure":"disrupted","length_m":125.43,"plant_count":33,"max_gap_m":24.38,"tile_structures":{"siret3_r020_c013":"disrupted","siret3_r021_c013":"regular","siret3_r021_c014":"disrupted"}},"geometry":{"type":"MultiLineString","coordinates":[[[28.7094915,47.1225308],[28.7099952,47.1220626],[28.7100362,47.1220245]],[[28.7100362,47.1220245],[28.71047,47.1216212]]]}},{"type":"Feature","id":256,"properties":{"row_id":"V13-R021","vineyard_id":"V13","row_structure":"disrupted","length_m":229.96,"plant_count":80,"max_gap_m":10.7,"tile_structures":{"siret3_r018_c011":"regular","siret3_r018_c012":"regular","siret3_r019_c012":"regular","siret3_r019_c013":"regular","siret3_r020_c013":"disrupted","siret3_r021_c013":"regular","siret3_r021_c014":"disrupted"}},"geometry":{"type":"MultiLineString","coordinates":[[[28.7086697,47.1232655],[28.7087242,47.1232118],[28.7087552,47.1231813],[28.7089507,47.1229996],[28.7093796,47.1226012],[28.7093975,47.1225846],[28.7094524,47.1225314]],[[28.7094524,47.1225314],[28.7095119,47.1224738],[28.7099218,47.122092],[28.7099535,47.1220632],[28.710035,47.1219891],[28.7100404,47.1219842],[28.710097,47.1219296],[28.7104576,47.1215949]]]}},{"type":"Feature","id":257,"properties":{"row_id":"V13-R022","vineyard_id":"V13","row_structure":"disrupted","length_m":228.94,"plant_count":70,"max_gap_m":7.85,"tile_structures":{"siret3_r018_c011":"regular","siret3_r018_c012":"regular","siret3_r019_c012":"regular","siret3_r019_c013":"unassessable","siret3_r020_c013":"disrupted","siret3_r021_c013":"regular","siret3_r021_c014":"disrupted"}},"geometry":{"type":"MultiLineString","coordinates":[[[28.7086336,47.1232564],[28.7087195,47.1231732],[28.7087228,47.1231702]],[[28.7087228,47.1231702],[28.7089088,47.1230003],[28.7089564,47.1229568],[28.7093081,47.1226309],[28.7093785,47.1225653],[28.7094142,47.122532]],[[28.7094142,47.122532],[28.7099162,47.1220638],[28.7100339,47.121954],[28.7104182,47.1215955]]]}},{"type":"Feature","id":258,"properties":{"row_id":"V13-R023","vineyard_id":"V13","row_structure":"disrupted","length_m":128.62,"plant_count":43,"max_gap_m":10.95,"tile_structures":{"siret3_r020_c013":"disrupted","siret3_r021_c013":"regular","siret3_r021_c014":"disrupted"}},"geometry":{"type":"LineString","coordinates":[[28.7093806,47.1225325],[28.7098692,47.1220678],[28.7098728,47.1220644],[28.7100327,47.1219158],[28.7103767,47.1215961]]}},{"type":"Feature","id":259,"properties":{"row_id":"V13-R024","vineyard_id":"V13","row_structure":"regular","length_m":99.6,"plant_count":40,"max_gap_m":1.68,"tile_structures":{"siret3_r018_c011":"regular","siret3_r018_c012":"regular","siret3_r019_c012":"regular"}},"geometry":{"type":"LineString","coordinates":[[28.7085937,47.1232558],[28.7086802,47.1231709],[28.7087216,47.1231325],[28.7088636,47.123001],[28.7093688,47.1225327]]}},{"type":"Feature","id":260,"properties":{"row_id":"V13-R025","vineyard_id":"V13","row_structure":"regular","length_m":58.76,"plant_count":22,"max_gap_m":3.35,"tile_structures":{"siret3_r020_c013":"regular"}},"geometry":{"type":"LineString","coordinates":[[28.7093761,47.1224912],[28.7098342,47.122065]]}},{"type":"Feature","id":261,"properties":{"row_id":"V13-R026","vineyard_id":"V13","row_structure":"disrupted","length_m":64.33,"plant_count":23,"max_gap_m":6.68,"tile_structures":{"siret3_r021_c013":"regular","siret3_r021_c014":"disrupted"}},"geometry":{"type":"LineString","coordinates":[[28.7098211,47.1220652],[28.7100312,47.1218679],[28.7103196,47.121597]]}},{"type":"Feature","id":262,"properties":{"row_id":"V13-R027","vineyard_id":"V13","row_structure":"disrupted","length_m":102.8,"plant_count":44,"max_gap_m":6.3,"tile_structures":{"siret3_r018_c011":"regular","siret3_r018_c012":"regular","siret3_r019_c012":"regular","siret3_r020_c012":"disrupted"}},"geometry":{"type":"MultiLineString","coordinates":[[[28.7085794,47.1232282],[28.7086646,47.1231446],[28.7087203,47.1230925],[28.7088176,47.1230016],[28.7093185,47.1225334]],[[28.7093185,47.1225334],[28.7093757,47.1224799]]]}},{"type":"Feature","id":263,"properties":{"row_id":"V13-R028","vineyard_id":"V13","row_structure":"disrupted","length_m":168.24,"plant_count":71,"max_gap_m":7.03,"tile_structures":{"siret3_r018_c012":"regular","siret3_r019_c012":"regular","siret3_r020_c012":"disrupted","siret3_r020_c013":"regular","siret3_r021_c013":"regular"}},"geometry":{"type":"MultiLineString","coordinates":[[[28.7087189,47.1230488],[28.7087688,47.1230024],[28.7092173,47.1225845],[28.7092705,47.1225341]],[[28.7092705,47.1225341],[28.7093743,47.1224357],[28.7093889,47.1224218],[28.7097759,47.1220658],[28.7097999,47.1220438],[28.7100299,47.121828]]]}},{"type":"Feature","id":264,"properties":{"row_id":"V13-R029","vineyard_id":"V13","row_structure":"regular","length_m":25.78,"plant_count":10,"max_gap_m":1.93,"tile_structures":{"siret3_r018_c011":"regular"}},"geometry":{"type":"LineString","coordinates":[[28.7085244,47.123235],[28.7087188,47.1230448]]}},{"type":"Feature","id":265,"properties":{"row_id":"V13-R030","vineyard_id":"V13","row_structure":"disrupted","length_m":284.42,"plant_count":124,"max_gap_m":7.63,"tile_structures":{"siret3_r019_c012":"regular","siret3_r020_c012":"disrupted","siret3_r020_c013":"regular","siret3_r021_c013":"regular","siret3_r021_c014":"regular","siret3_r022_c014":"regular","siret3_r022_c015":"regular","siret3_r023_c015":"regular"}},"geometry":{"type":"MultiLineString","coordinates":[[[28.7087223,47.1230031],[28.7091622,47.1225929],[28.7092233,47.1225348]],[[28.7092233,47.1225348],[28.709276,47.1224848],[28.709373,47.1223953],[28.7097294,47.1220665],[28.709804,47.1219977],[28.7100285,47.1217864],[28.7102282,47.1215984],[28.7102704,47.1215587],[28.7106839,47.1211729],[28.7107298,47.1211301],[28.7107932,47.121071],[28.7109329,47.1209364]]]}},{"type":"Feature","id":266,"properties":{"row_id":"V13-R031","vineyard_id":"V13","row_structure":"regular","length_m":30.29,"plant_count":14,"max_gap_m":1.25,"tile_structures":{"siret3_r018_c011":"regular"}},"geometry":{"type":"LineString","coordinates":[[28.7084886,47.1232285],[28.7087175,47.1230052]]}},{"type":"Feature","id":267,"properties":{"row_id":"V13-R032","vineyard_id":"V13","row_structure":"regular","length_m":20.98,"plant_count":8,"max_gap_m":1.53,"tile_structures":{"siret3_r023_c015":"regular"}},"geometry":{"type":"LineString","coordinates":[[28.7107312,47.1210889],[28.7108899,47.1209343]]}},{"type":"Feature","id":268,"properties":{"row_id":"V13-R033","vineyard_id":"V13","row_structure":"disrupted","length_m":252.43,"plant_count":106,"max_gap_m":6.68,"tile_structures":{"siret3_r019_c012":"regular","siret3_r020_c012":"disrupted","siret3_r020_c013":"regular","siret3_r021_c013":"regular","siret3_r021_c014":"disrupted","siret3_r022_c014":"regular"}},"geometry":{"type":"MultiLineString","coordinates":[[[28.7087163,47.1229666],[28.7091796,47.1225355],[28.7091796,47.1225355]],[[28.7091796,47.1225355],[28.7093226,47.122399],[28.7093717,47.1223543],[28.7094415,47.1222909],[28.7096809,47.1220673],[28.7097347,47.1220169],[28.7099688,47.1218012],[28.7100273,47.1217466]],[[28.7100273,47.1217466],[28.7101853,47.121599],[28.7106827,47.1211346]]]}},{"type":"Feature","id":269,"properties":{"row_id":"V13-R034","vineyard_id":"V13","row_structure":"regular","length_m":28.88,"plant_count":15,"max_gap_m":2.13,"tile_structures":{"siret3_r018_c011":"regular"}},"geometry":{"type":"LineString","coordinates":[[28.7084529,47.1232167],[28.7086712,47.1230038]]}},{"type":"Feature","id":270,"properties":{"row_id":"V13-R035","vineyard_id":"V13","row_structure":"disrupted","length_m":286.12,"plant_count":118,"max_gap_m":5.48,"tile_structures":{"siret3_r019_c011":"regular","siret3_r019_c012":"regular","siret3_r020_c012":"disrupted","siret3_r020_c013":"regular","siret3_r021_c013":"regular","siret3_r021_c014":"disrupted","siret3_r022_c014":"regular","siret3_r023_c014":"regular","siret3_r023_c015":"regular"}},"geometry":{"type":"MultiLineString","coordinates":[[[28.7086314,47.1230044],[28.708715,47.122926]],[[28.708715,47.122926],[28.709131,47.1225362]],[[28.709131,47.1225362],[28.7093011,47.1223768],[28.7093704,47.1223129],[28.7095935,47.1221073],[28.7096356,47.1220679],[28.7100259,47.1217035],[28.710137,47.1215997],[28.7105879,47.1211787],[28.7106372,47.1211315],[28.7106812,47.1210894],[28.7108534,47.1209246]]]}},{"type":"Feature","id":271,"properties":{"row_id":"V13-R036","vineyard_id":"V13","row_structure":"regular","length_m":28.56,"plant_count":11,"max_gap_m":1.13,"tile_structures":{"siret3_r018_c011":"regular"}},"geometry":{"type":"LineString","coordinates":[[28.7084097,47.1232152],[28.7086251,47.1230045]]}},{"type":"Feature","id":272,"properties":{"row_id":"V13-R037","vineyard_id":"V13","row_structure":"regular","length_m":15.48,"plant_count":4,"max_gap_m":1.58,"tile_structures":{"siret3_r023_c015":"regular"}},"geometry":{"type":"LineString","coordinates":[[28.7106797,47.1210432],[28.7108027,47.1209321]]}},{"type":"Feature","id":273,"properties":{"row_id":"V13-R038","vineyard_id":"V13","row_structure":"disrupted","length_m":296.99,"plant_count":119,"max_gap_m":6.43,"tile_structures":{"siret3_r018_c011":"regular","siret3_r019_c011":"regular","siret3_r019_c012":"regular","siret3_r020_c012":"disrupted","siret3_r020_c013":"regular","siret3_r021_c013":"regular","siret3_r021_c014":"regular","siret3_r022_c014":"regular","siret3_r023_c014":"regular"}},"geometry":{"type":"MultiLineString","coordinates":[[[28.7083725,47.1232055],[28.7085789,47.1230052],[28.7087135,47.1228799],[28.7087835,47.1228147],[28.7090833,47.1225369]],[[28.7090833,47.1225369],[28.7093691,47.122272],[28.7095461,47.122108],[28.709588,47.1220687],[28.7100245,47.121659],[28.7100707,47.1216157],[28.7100871,47.1216005],[28.7105368,47.1211826],[28.7105901,47.1211322],[28.7106799,47.1210472]]]}},{"type":"Feature","id":274,"properties":{"row_id":"V13-R039","vineyard_id":"V13","row_structure":"disrupted","length_m":313.61,"plant_count":135,"max_gap_m":5.58,"tile_structures":{"siret3_r018_c011":"regular","siret3_r019_c011":"regular","siret3_r019_c012":"regular","siret3_r020_c012":"disrupted","siret3_r020_c013":"regular","siret3_r021_c013":"regular","siret3_r021_c014":"regular","siret3_r022_c014":"regular","siret3_r023_c014":"regular","siret3_r023_c015":"regular"}},"geometry":{"type":"MultiLineString","coordinates":[[[28.7083377,47.1232002],[28.7085367,47.1230058],[28.7087124,47.1228441],[28.7087431,47.1228159],[28.7090395,47.1225376]],[[28.7090395,47.1225376],[28.7093677,47.1222295],[28.7095383,47.1220694],[28.7095562,47.1220526],[28.7100232,47.1216193],[28.7100428,47.1216011],[28.7104932,47.1211833],[28.7105458,47.1211329],[28.7106785,47.1210058],[28.7107665,47.1209173]]]}},{"type":"Feature","id":275,"properties":{"row_id":"V13-R040","vineyard_id":"V13","row_structure":"disrupted","length_m":315.42,"plant_count":145,"max_gap_m":5.43,"tile_structures":{"siret3_r018_c011":"regular","siret3_r019_c011":"regular","siret3_r019_c012":"regular","siret3_r020_c012":"disrupted","siret3_r020_c013":"regular","siret3_r021_c013":"regular","siret3_r022_c013":"regular","siret3_r022_c014":"regular","siret3_r023_c014":"regular","siret3_r023_c015":"regular"}},"geometry":{"type":"MultiLineString","coordinates":[[[28.7082968,47.1231971],[28.708491,47.1230065],[28.7087109,47.1227988],[28.7087501,47.1227619],[28.7089913,47.1225383]],[[28.7089913,47.1225383],[28.7093665,47.1221905],[28.7094544,47.122109],[28.709496,47.12207],[28.7099948,47.1216018],[28.7100218,47.1215764]],[[28.7100218,47.1215764],[28.7104433,47.1211808],[28.7104929,47.1211337],[28.7106736,47.120962],[28.710677,47.1209588],[28.7107402,47.1209013]]]}},{"type":"Feature","id":276,"properties":{"row_id":"V13-R041","vineyard_id":"V13","row_structure":"disrupted","length_m":311.13,"plant_count":133,"max_gap_m":6.73,"tile_structures":{"siret3_r018_c011":"regular","siret3_r019_c011":"regular","siret3_r019_c012":"regular","siret3_r020_c012":"disrupted","siret3_r020_c013":"regular","siret3_r021_c013":"regular","siret3_r022_c013":"regular","siret3_r022_c014":"regular","siret3_r023_c014":"regular"}},"geometry":{"type":"MultiLineString","coordinates":[[[28.7082663,47.1231819],[28.7084072,47.1230436],[28.7084467,47.1230072],[28.7085254,47.1229345],[28.7087097,47.1227612]],[[28.7087097,47.1227612],[28.7089462,47.122539]],[[28.7089462,47.122539],[28.7092805,47.1222247],[28.709365,47.1221458],[28.7094455,47.1220708],[28.7099475,47.1216025],[28.7100205,47.1215344],[28.7104494,47.1211343],[28.7106757,47.120917]]]}},{"type":"Feature","id":277,"properties":{"row_id":"V13-R042","vineyard_id":"V13","row_structure":"disrupted","length_m":315.39,"plant_count":126,"max_gap_m":6.75,"tile_structures":{"siret3_r018_c011":"regular","siret3_r019_c011":"regular","siret3_r019_c012":"regular","siret3_r020_c012":"disrupted","siret3_r020_c013":"regular","siret3_r021_c013":"regular","siret3_r022_c013":"regular","siret3_r022_c014":"regular","siret3_r023_c014":"regular"}},"geometry":{"type":"MultiLineString","coordinates":[[[28.7082292,47.1231742],[28.7083992,47.1230079],[28.7087084,47.1227182]],[[28.7087084,47.1227182],[28.7088361,47.1225984],[28.7088973,47.1225397]],[[28.7088973,47.1225397],[28.7089499,47.1224892],[28.7093018,47.1221611],[28.7093637,47.1221046],[28.7094001,47.1220715],[28.7094791,47.1219994],[28.709905,47.1216032],[28.7099913,47.1215193],[28.7100191,47.1214933]],[[28.7100191,47.1214933],[28.7103414,47.1211931],[28.7104032,47.121135],[28.7106745,47.1208797]]]}},{"type":"Feature","id":278,"properties":{"row_id":"V13-R043","vineyard_id":"V13","row_structure":"disrupted","length_m":314.16,"plant_count":137,"max_gap_m":5.2,"tile_structures":{"siret3_r018_c011":"regular","siret3_r019_c011":"regular","siret3_r019_c012":"regular","siret3_r020_c012":"disrupted","siret3_r021_c012":"regular","siret3_r021_c013":"regular","siret3_r022_c013":"regular","siret3_r022_c014":"regular","siret3_r023_c014":"regular"}},"geometry":{"type":"MultiLineString","coordinates":[[[28.7081921,47.1231668],[28.7083528,47.1230086],[28.708707,47.1226769],[28.7088529,47.1225404]],[[28.7088529,47.1225404],[28.7093143,47.1221085],[28.7093535,47.1220722],[28.7093624,47.1220639],[28.7098598,47.1216039],[28.710018,47.1214575],[28.7100758,47.1214041],[28.7103087,47.1211846],[28.7103599,47.1211356],[28.7106268,47.1208807]]]}},{"type":"Feature","id":279,"properties":{"row_id":"V13-R044","vineyard_id":"V13","row_structure":"disrupted","length_m":207.44,"plant_count":77,"max_gap_m":6.55,"tile_structures":{"siret3_r018_c011":"regular","siret3_r019_c011":"regular","siret3_r019_c012":"regular","siret3_r020_c012":"disrupted","siret3_r021_c012":"regular","siret3_r021_c013":"regular"}},"geometry":{"type":"MultiLineString","coordinates":[[[28.7081565,47.1231591],[28.7083081,47.1230092],[28.7087058,47.1226377],[28.7088093,47.122541]],[[28.7088093,47.122541],[28.7093105,47.1220728],[28.7093612,47.1220254],[28.7097637,47.1216494]]]}},{"type":"Feature","id":280,"properties":{"row_id":"V13-R045","vineyard_id":"V13","row_structure":"regular","length_m":101.03,"plant_count":39,"max_gap_m":2.6,"tile_structures":{"siret3_r022_c013":"regular","siret3_r022_c014":"regular","siret3_r023_c014":"regular"}},"geometry":{"type":"LineString","coordinates":[[28.7098105,47.1216046],[28.7099583,47.1214682],[28.7100166,47.1214126],[28.7102455,47.1211945],[28.7103074,47.1211364],[28.7105926,47.120869]]}},{"type":"Feature","id":281,"properties":{"row_id":"V13-R046","vineyard_id":"V13","row_structure":"regular","length_m":101.86,"plant_count":44,"max_gap_m":2.75,"tile_structures":{"siret3_r022_c013":"regular","siret3_r022_c014":"regular","siret3_r023_c014":"regular"}},"geometry":{"type":"LineString","coordinates":[[28.7097668,47.1216052],[28.7100153,47.1213719],[28.7102653,47.1211371],[28.7105562,47.120864]]}},{"type":"Feature","id":282,"properties":{"row_id":"V13-R047","vineyard_id":"V13","row_structure":"disrupted","length_m":208.35,"plant_count":88,"max_gap_m":6.25,"tile_structures":{"siret3_r018_c011":"regular","siret3_r019_c011":"regular","siret3_r019_c012":"regular","siret3_r020_c012":"disrupted","siret3_r021_c012":"regular","siret3_r021_c013":"regular"}},"geometry":{"type":"MultiLineString","coordinates":[[[28.7081166,47.1231555],[28.7082647,47.1230099],[28.7086394,47.1226543],[28.7087044,47.1225936]],[[28.7087044,47.1225936],[28.7087599,47.1225418]],[[28.7087599,47.1225418],[28.7092612,47.1220735],[28.7093598,47.1219815],[28.7097279,47.1216376]]]}},{"type":"Feature","id":283,"properties":{"row_id":"V13-R048","vineyard_id":"V13","row_structure":"disrupted","length_m":296.33,"plant_count":136,"max_gap_m":8.03,"tile_structures":{"siret3_r019_c011":"regular","siret3_r019_c012":"regular","siret3_r020_c012":"disrupted","siret3_r021_c012":"regular","siret3_r021_c013":"regular","siret3_r022_c013":"regular","siret3_r022_c014":"regular","siret3_r023_c014":"regular"}},"geometry":{"type":"MultiLineString","coordinates":[[[28.7082183,47.1230106],[28.708703,47.1225519]],[[28.708703,47.1225519],[28.7087097,47.1225456],[28.7087131,47.1225425]],[[28.7087131,47.1225425],[28.7091792,47.1221102],[28.7092179,47.1220742],[28.7093585,47.1219429],[28.7097198,47.1216059],[28.710014,47.1213316]],[[28.710014,47.1213316],[28.7100558,47.1212925],[28.7102193,47.1211377],[28.7105174,47.1208555]]]}},{"type":"Feature","id":284,"properties":{"row_id":"V13-R049","vineyard_id":"V13","row_structure":"disrupted","length_m":297.74,"plant_count":127,"max_gap_m":6.78,"tile_structures":{"siret3_r019_c011":"regular","siret3_r020_c011":"regular","siret3_r020_c012":"disrupted","siret3_r021_c012":"regular","siret3_r021_c013":"regular","siret3_r022_c013":"regular","siret3_r022_c014":"regular","siret3_r023_c014":"regular"}},"geometry":{"type":"MultiLineString","coordinates":[[[28.7081721,47.1230113],[28.7086693,47.1225431]],[[28.7086693,47.1225431],[28.7087018,47.1225125],[28.7091665,47.1220749],[28.7093571,47.1218992],[28.7096745,47.1216066],[28.7096745,47.1216066],[28.7100126,47.1212884]],[[28.7100126,47.1212884],[28.7101718,47.1211385],[28.7104825,47.1208461]]]}},{"type":"Feature","id":285,"properties":{"row_id":"V13-R050","vineyard_id":"V13","row_structure":"regular","length_m":4.92,"plant_count":2,"max_gap_m":0.55,"tile_structures":{"siret3_r018_c010":"regular"}},"geometry":{"type":"LineString","coordinates":[[28.7080053,47.123129],[28.7080454,47.1230942]]}},{"type":"Feature","id":286,"properties":{"row_id":"V13-R051","vineyard_id":"V13","row_structure":"regular","length_m":78.09,"plant_count":34,"max_gap_m":2.17,"tile_structures":{"siret3_r022_c013":"regular","siret3_r022_c014":"regular","siret3_r023_c014":"regular"}},"geometry":{"type":"LineString","coordinates":[[28.7096595,47.1215766],[28.7100112,47.1212463],[28.7101253,47.1211391],[28.7102646,47.1210083]]}},{"type":"Feature","id":287,"properties":{"row_id":"V13-R052","vineyard_id":"V13","row_structure":"disrupted","length_m":193.33,"plant_count":82,"max_gap_m":5.43,"tile_structures":{"siret3_r019_c011":"regular","siret3_r020_c011":"regular","siret3_r020_c012":"disrupted","siret3_r021_c012":"regular","siret3_r021_c013":"regular"}},"geometry":{"type":"MultiLineString","coordinates":[[[28.7081233,47.123012],[28.708622,47.1225438]],[[28.708622,47.1225438],[28.7087004,47.1224702],[28.7091207,47.1220756],[28.7093557,47.121855],[28.7096261,47.1216073]]]}},{"type":"Feature","id":288,"properties":{"row_id":"V13-R053","vineyard_id":"V13","row_structure":"regular","length_m":100.88,"plant_count":43,"max_gap_m":1.98,"tile_structures":{"siret3_r022_c013":"regular","siret3_r022_c014":"regular","siret3_r023_c014":"regular"}},"geometry":{"type":"LineString","coordinates":[[28.7096214,47.1215692],[28.7100098,47.1212025],[28.7100762,47.1211399],[28.7104004,47.1208337]]}},{"type":"Feature","id":289,"properties":{"row_id":"V13-R054","vineyard_id":"V13","row_structure":"disrupted","length_m":208.46,"plant_count":92,"max_gap_m":6.4,"tile_structures":{"siret3_r018_c010":"regular","siret3_r018_c011":"regular","siret3_r019_c011":"regular","siret3_r020_c011":"regular","siret3_r020_c012":"disrupted","siret3_r021_c012":"regular","siret3_r021_c013":"regular"}},"geometry":{"type":"MultiLineString","coordinates":[[[28.7079626,47.123125],[28.7080343,47.1230589],[28.7080439,47.1230497],[28.708083,47.1230126],[28.7085755,47.1225445]],[[28.7085755,47.1225445],[28.7086852,47.1224402],[28.708699,47.1224272]],[[28.708699,47.1224272],[28.7090334,47.1221126],[28.7090725,47.1220763],[28.7093545,47.1218152],[28.7095781,47.1216081]]]}},{"type":"Feature","id":290,"properties":{"row_id":"V13-R055","vineyard_id":"V13","row_structure":"regular","length_m":314.48,"plant_count":123,"max_gap_m":4.8,"tile_structures":{"siret3_r018_c010":"regular","siret3_r019_c010":"regular","siret3_r019_c011":"regular","siret3_r020_c011":"regular","siret3_r020_c012":"regular","siret3_r021_c012":"regular","siret3_r021_c013":"regular","siret3_r022_c013":"regular","siret3_r022_c014":"regular","siret3_r023_c014":"regular"}},"geometry":{"type":"MultiLineString","coordinates":[[[28.7079247,47.1231127],[28.7080166,47.1230286],[28.7080329,47.1230133],[28.7080425,47.1230043],[28.7085299,47.1225452]],[[28.7085299,47.1225452],[28.7085354,47.12254],[28.7086977,47.1223852],[28.7090206,47.1220772],[28.7090207,47.1220771],[28.7093531,47.121773],[28.7095327,47.1216087],[28.7100085,47.1211606],[28.7100298,47.1211406],[28.7103644,47.1208254]]]}},{"type":"Feature","id":291,"properties":{"row_id":"V13-R056","vineyard_id":"V13","row_structure":"regular","length_m":42.3,"plant_count":22,"max_gap_m":1.48,"tile_structures":{"siret3_r023_c014":"regular"}},"geometry":{"type":"LineString","coordinates":[[28.7100073,47.1211223],[28.7103334,47.1208136]]}},{"type":"Feature","id":292,"properties":{"row_id":"V13-R057","vineyard_id":"V13","row_structure":"disrupted","length_m":104.74,"plant_count":45,"max_gap_m":5.73,"tile_structures":{"siret3_r018_c010":"regular","siret3_r019_c010":"regular","siret3_r019_c011":"regular","siret3_r020_c011":"disrupted"}},"geometry":{"type":"MultiLineString","coordinates":[[[28.7078872,47.1231061],[28.7079875,47.123014],[28.7080342,47.1229711],[28.7080412,47.1229645],[28.7084822,47.1225459]],[[28.7084822,47.1225459],[28.7086963,47.1223427]]]}},{"type":"Feature","id":293,"properties":{"row_id":"V13-R058","vineyard_id":"V13","row_structure":"disrupted","length_m":129.65,"plant_count":60,"max_gap_m":5.35,"tile_structures":{"siret3_r021_c012":"regular","siret3_r021_c013":"regular","siret3_r022_c013":"disrupted"}},"geometry":{"type":"LineString","coordinates":[[28.7089708,47.1220779],[28.7093517,47.1217347],[28.7093519,47.1217345],[28.7094862,47.1216094],[28.709989,47.1211412]]}},{"type":"Feature","id":294,"properties":{"row_id":"V13-R059","vineyard_id":"V13","row_structure":"regular","length_m":34.31,"plant_count":18,"max_gap_m":1.93,"tile_structures":{"siret3_r020_c012":"regular"}},"geometry":{"type":"LineString","coordinates":[[28.7086959,47.1223283],[28.7089605,47.122078]]}},{"type":"Feature","id":295,"properties":{"row_id":"V13-R060","vineyard_id":"V13","row_structure":"disrupted","length_m":256.06,"plant_count":112,"max_gap_m":8.03,"tile_structures":{"siret3_r018_c010":"regular","siret3_r019_c010":"regular","siret3_r019_c011":"regular","siret3_r020_c011":"disrupted","siret3_r020_c012":"regular","siret3_r021_c012":"regular","siret3_r021_c013":"regular","siret3_r022_c013":"disrupted"}},"geometry":{"type":"MultiLineString","coordinates":[[[28.7078582,47.1230793],[28.7079268,47.123018],[28.7079301,47.1230149],[28.7080395,47.1229114],[28.7081009,47.1228533],[28.7083885,47.1225796],[28.7084227,47.1225468]],[[28.7084227,47.1225468],[28.7086945,47.1222858],[28.7086945,47.1222858]],[[28.7086945,47.1222858],[28.708914,47.1220789],[28.7089142,47.1220787],[28.7093499,47.1216742],[28.7094186,47.1216104],[28.7098432,47.1212162]]]}},{"type":"Feature","id":296,"properties":{"row_id":"V13-R061","vineyard_id":"V13","row_structure":"disrupted","length_m":266.54,"plant_count":113,"max_gap_m":8.03,"tile_structures":{"siret3_r018_c010":"regular","siret3_r019_c010":"regular","siret3_r019_c011":"regular","siret3_r020_c011":"disrupted","siret3_r020_c012":"regular","siret3_r021_c012":"regular","siret3_r021_c013":"regular","siret3_r022_c013":"disrupted"}},"geometry":{"type":"MultiLineString","coordinates":[[[28.7077942,47.1230832],[28.7078673,47.1230158],[28.7078748,47.1230089],[28.7080377,47.1228536],[28.7083584,47.1225477]],[[28.7083584,47.1225477],[28.7083927,47.122515],[28.7086928,47.1222311]],[[28.7086928,47.1222311],[28.708741,47.1221855],[28.7088546,47.1220796],[28.7093482,47.1216195],[28.7093569,47.1216114],[28.7098591,47.1211431]]]}},{"type":"Feature","id":297,"properties":{"row_id":"V13-R062","vineyard_id":"V13","row_structure":"disrupted","length_m":266.42,"plant_count":101,"max_gap_m":5.85,"tile_structures":{"siret3_r018_c010":"regular","siret3_r019_c010":"regular","siret3_r019_c011":"regular","siret3_r020_c011":"disrupted","siret3_r020_c012":"regular","siret3_r021_c012":"regular","siret3_r022_c012":"regular","siret3_r022_c013":"disrupted"}},"geometry":{"type":"MultiLineString","coordinates":[[[28.707748,47.1230794],[28.7078179,47.1230165],[28.7078368,47.1229996],[28.7080363,47.1228102],[28.7083011,47.1225587],[28.7083121,47.1225484]],[[28.7083121,47.1225484],[28.7086916,47.1221938]],[[28.7086916,47.1221938],[28.708707,47.1221793],[28.7087648,47.1221234],[28.7088112,47.1220802],[28.709315,47.121612],[28.709347,47.1215823],[28.7098189,47.1211437]]]}},{"type":"Feature","id":298,"properties":{"row_id":"V13-R063","vineyard_id":"V13","row_structure":"disrupted","length_m":258.47,"plant_count":110,"max_gap_m":7.8,"tile_structures":{"siret3_r018_c010":"regular","siret3_r019_c010":"regular","siret3_r019_c011":"regular","siret3_r020_c011":"disrupted","siret3_r020_c012":"regular","siret3_r021_c012":"regular","siret3_r022_c012":"regular","siret3_r022_c013":"regular"}},"geometry":{"type":"MultiLineString","coordinates":[[[28.7077154,47.1230721],[28.7077736,47.1230172],[28.708035,47.1227707],[28.7082701,47.1225491]],[[28.7082701,47.1225491],[28.7083235,47.1224987],[28.7086758,47.12217],[28.7086904,47.122156]],[[28.7086904,47.122156],[28.7087686,47.1220809],[28.7087862,47.122064],[28.7092568,47.1216261],[28.7092708,47.1216126],[28.7093457,47.121541],[28.7093693,47.1215184],[28.7097208,47.1211924]]]}},{"type":"Feature","id":299,"properties":{"row_id":"V13-R064","vineyard_id":"V13","row_structure":"disrupted","length_m":257.27,"plant_count":105,"max_gap_m":5.3,"tile_structures":{"siret3_r018_c010":"regular","siret3_r019_c010":"regular","siret3_r019_c011":"regular","siret3_r020_c011":"disrupted","siret3_r020_c012":"regular","siret3_r021_c012":"regular","siret3_r022_c012":"disrupted","siret3_r022_c013":"regular"}},"geometry":{"type":"MultiLineString","coordinates":[[[28.7076809,47.1230676],[28.7077122,47.1230397],[28.7077352,47.1230178],[28.7080338,47.1227328],[28.7082257,47.1225497]],[[28.7082257,47.1225497],[28.7082863,47.1224919],[28.7086891,47.1221157]],[[28.7086891,47.1221157],[28.708694,47.1221111],[28.7087254,47.1220815],[28.7092223,47.1216134],[28.7093129,47.1215333],[28.7093445,47.1215034],[28.7096712,47.1211937]]]}},{"type":"Feature","id":300,"properties":{"row_id":"V13-R065","vineyard_id":"V13","row_structure":"disrupted","length_m":255.12,"plant_count":115,"max_gap_m":6.1,"tile_structures":{"siret3_r018_c010":"regular","siret3_r019_c010":"regular","siret3_r019_c011":"regular","siret3_r020_c011":"disrupted","siret3_r021_c011":"regular","siret3_r021_c012":"regular","siret3_r022_c012":"disrupted","siret3_r022_c013":"regular"}},"geometry":{"type":"MultiLineString","coordinates":[[[28.70767,47.1230341],[28.7076865,47.1230185],[28.7080325,47.1226909],[28.7081808,47.1225504]],[[28.7081808,47.1225504],[28.7081916,47.1225402],[28.7086796,47.1220822],[28.7086877,47.1220746]],[[28.7086877,47.1220746],[28.7091785,47.121614],[28.7093431,47.1214596],[28.7096449,47.1211764]]]}},{"type":"Feature","id":301,"properties":{"row_id":"V13-R066","vineyard_id":"V13","row_structure":"disrupted","length_m":257.23,"plant_count":102,"max_gap_m":8.45,"tile_structures":{"siret3_r019_c010":"regular","siret3_r019_c011":"regular","siret3_r020_c011":"disrupted","siret3_r021_c011":"regular","siret3_r021_c012":"regular","siret3_r022_c012":"regular","siret3_r022_c013":"regular"}},"geometry":{"type":"MultiLineString","coordinates":[[[28.7076417,47.1230192],[28.7080311,47.122649],[28.7081341,47.1225511]],[[28.7081341,47.1225511],[28.7081894,47.1224985],[28.7085985,47.1221156],[28.7086344,47.1220829],[28.7086865,47.1220354]],[[28.7086865,47.1220354],[28.7087175,47.1220072],[28.7090658,47.1216801],[28.7091347,47.1216147],[28.7093417,47.1214182],[28.7093527,47.1214078],[28.7096336,47.1211465]]]}},{"type":"Feature","id":302,"properties":{"row_id":"V13-R067","vineyard_id":"V13","row_structure":"disrupted","length_m":257.19,"plant_count":103,"max_gap_m":6.03,"tile_structures":{"siret3_r019_c010":"regular","siret3_r019_c011":"regular","siret3_r020_c011":"disrupted","siret3_r021_c011":"regular","siret3_r021_c012":"regular","siret3_r022_c012":"regular","siret3_r022_c013":"regular"}},"geometry":{"type":"MultiLineString","coordinates":[[[28.707594,47.1230199],[28.7079686,47.122663],[28.7080297,47.1226058],[28.7080874,47.1225518]],[[28.7080874,47.1225518],[28.7085491,47.1221199],[28.7085887,47.1220836],[28.7086852,47.1219949]],[[28.7086852,47.1219949],[28.7087277,47.1219559],[28.7090883,47.1216154],[28.7093404,47.1213777],[28.709585,47.1211472]]]}},{"type":"Feature","id":303,"properties":{"row_id":"V13-R068","vineyard_id":"V13","row_structure":"disrupted","length_m":257.29,"plant_count":101,"max_gap_m":6.4,"tile_structures":{"siret3_r019_c010":"regular","siret3_r019_c011":"regular","siret3_r020_c011":"disrupted","siret3_r021_c011":"regular","siret3_r021_c012":"regular","siret3_r022_c012":"disrupted","siret3_r022_c013":"regular"}},"geometry":{"type":"MultiLineString","coordinates":[[[28.7075471,47.1230206],[28.7080285,47.1225674],[28.7080444,47.1225524]],[[28.7080444,47.1225524],[28.7085417,47.1220843],[28.7086838,47.1219505]],[[28.7086838,47.1219505],[28.709039,47.1216161],[28.709339,47.1213336],[28.7093392,47.1213335],[28.7095404,47.1211479]]]}},{"type":"Feature","id":304,"properties":{"row_id":"V13-R069","vineyard_id":"V13","row_structure":"disrupted","length_m":256.94,"plant_count":115,"max_gap_m":6.2,"tile_structures":{"siret3_r019_c010":"regular","siret3_r020_c010":"regular","siret3_r020_c011":"disrupted","siret3_r021_c011":"regular","siret3_r021_c012":"regular","siret3_r022_c012":"regular","siret3_r022_c013":"regular"}},"geometry":{"type":"MultiLineString","coordinates":[[[28.7075046,47.1230212],[28.7079968,47.1225566],[28.7080004,47.1225531]],[[28.7080004,47.1225531],[28.7080272,47.1225274],[28.708455,47.122118],[28.7084903,47.122085],[28.7086824,47.1219063]],[[28.7086824,47.1219063],[28.7089932,47.1216168],[28.7093377,47.1212923],[28.7094902,47.1211486]]]}},{"type":"Feature","id":305,"properties":{"row_id":"V13-R070","vineyard_id":"V13","row_structure":"disrupted","length_m":249.64,"plant_count":106,"max_gap_m":6.88,"tile_structures":{"siret3_r019_c010":"regular","siret3_r020_c010":"regular","siret3_r020_c011":"disrupted","siret3_r021_c011":"regular","siret3_r021_c012":"regular","siret3_r022_c012":"disrupted","siret3_r022_c013":"regular"}},"geometry":{"type":"MultiLineString","coordinates":[[[28.7075134,47.1229682],[28.7079459,47.1225573],[28.7079497,47.1225538]],[[28.7079497,47.1225538],[28.7080258,47.1224831],[28.7080639,47.1224476],[28.7084461,47.1220857],[28.7086426,47.1218997],[28.708681,47.1218638]],[[28.708681,47.1218638],[28.7089446,47.1216175],[28.7093364,47.1212516],[28.7093414,47.1212469],[28.7094436,47.1211493]]]}},{"type":"Feature","id":306,"properties":{"row_id":"V13-R071","vineyard_id":"V13","row_structure":"disrupted","length_m":243.86,"plant_count":96,"max_gap_m":8.38,"tile_structures":{"siret3_r019_c010":"regular","siret3_r020_c010":"regular","siret3_r020_c011":"disrupted","siret3_r021_c011":"regular","siret3_r021_c012":"regular","siret3_r022_c012":"regular","siret3_r022_c013":"regular"}},"geometry":{"type":"MultiLineString","coordinates":[[[28.707513,47.1229279],[28.7079058,47.1225545]],[[28.7079058,47.1225545],[28.7080245,47.1224417],[28.7083981,47.1220864],[28.7086797,47.1218235]],[[28.7086797,47.1218235],[28.7088996,47.1216182],[28.709304,47.1212406],[28.7093351,47.1212101],[28.7093964,47.12115]]]}},{"type":"Feature","id":307,"properties":{"row_id":"V13-R072","vineyard_id":"V13","row_structure":"disrupted","length_m":237.2,"plant_count":94,"max_gap_m":7.2,"tile_structures":{"siret3_r019_c010":"regular","siret3_r020_c010":"regular","siret3_r020_c011":"disrupted","siret3_r021_c011":"regular","siret3_r021_c012":"regular","siret3_r022_c012":"disrupted","siret3_r022_c013":"regular"}},"geometry":{"type":"MultiLineString","coordinates":[[[28.7075147,47.1228775],[28.7078562,47.1225552]],[[28.7078562,47.1225552],[28.7080231,47.1223978],[28.7081039,47.1223215],[28.7083556,47.122087],[28.7083944,47.1220509],[28.7086784,47.121782],[28.708684,47.1217767],[28.7088552,47.1216188],[28.708859,47.1216154],[28.7093337,47.1211676],[28.7093517,47.1211507]]]}},{"type":"Feature","id":308,"properties":{"row_id":"V13-R073","vineyard_id":"V13","row_structure":"disrupted","length_m":231.02,"plant_count":93,"max_gap_m":6.7,"tile_structures":{"siret3_r019_c010":"regular","siret3_r020_c010":"regular","siret3_r020_c011":"disrupted","siret3_r021_c011":"regular","siret3_r021_c012":"regular","siret3_r022_c012":"regular"}},"geometry":{"type":"MultiLineString","coordinates":[[[28.7075189,47.1228343],[28.7078118,47.1225559]],[[28.7078118,47.1225559],[28.7080217,47.1223564],[28.7082622,47.1221279],[28.708305,47.1220878],[28.7086114,47.1218004],[28.708677,47.1217397]],[[28.708677,47.1217397],[28.7088071,47.1216196],[28.7088464,47.1215833],[28.7093058,47.1211514]]]}},{"type":"Feature","id":309,"properties":{"row_id":"V13-R074","vineyard_id":"V13","row_structure":"disrupted","length_m":51.63,"plant_count":14,"max_gap_m":15.6,"tile_structures":{"siret3_r019_c010":"disrupted"}},"geometry":{"type":"LineString","coordinates":[[28.7073652,47.1229335],[28.7077628,47.1225566]]}},{"type":"Feature","id":310,"properties":{"row_id":"V13-R075","vineyard_id":"V13","row_structure":"disrupted","length_m":159.83,"plant_count":75,"max_gap_m":5.88,"tile_structures":{"siret3_r020_c011":"disrupted","siret3_r021_c011":"regular","siret3_r021_c012":"regular","siret3_r022_c012":"disrupted"}},"geometry":{"type":"LineString","coordinates":[[28.7080203,47.1223123],[28.7082604,47.1220885],[28.7086758,47.1217011],[28.7087625,47.1216202],[28.7092646,47.121152]]}},{"type":"Feature","id":311,"properties":{"row_id":"V13-R076","vineyard_id":"V13","row_structure":"disrupted","length_m":224.36,"plant_count":78,"max_gap_m":9.38,"tile_structures":{"siret3_r019_c010":"disrupted","siret3_r020_c010":"regular","siret3_r020_c011":"regular","siret3_r021_c011":"regular","siret3_r021_c012":"regular","siret3_r022_c012":"regular"}},"geometry":{"type":"MultiLineString","coordinates":[[[28.7074804,47.1227858],[28.7076676,47.1226081],[28.7077226,47.1225572]],[[28.7077226,47.1225572],[28.7077858,47.1224988],[28.7080191,47.1222746],[28.7080696,47.1222261],[28.708217,47.1220891],[28.7086746,47.1216638],[28.7087136,47.1216276],[28.7087207,47.1216209],[28.7092184,47.1211527]]]}},{"type":"Feature","id":312,"properties":{"row_id":"V13-R077","vineyard_id":"V13","row_structure":"disrupted","length_m":36.63,"plant_count":7,"max_gap_m":5.95,"tile_structures":{"siret3_r019_c010":"disrupted"}},"geometry":{"type":"LineString","coordinates":[[28.7073617,47.1228254],[28.7076447,47.1225584]]}},{"type":"Feature","id":313,"properties":{"row_id":"V13-R078","vineyard_id":"V13","row_structure":"regular","length_m":16.13,"plant_count":1,"max_gap_m":0,"tile_structures":{"siret3_r020_c011":"regular"}},"geometry":{"type":"LineString","coordinates":[[28.708017,47.1222083],[28.7081406,47.1220903]]}},{"type":"Feature","id":314,"properties":{"row_id":"V13-R079","vineyard_id":"V13","row_structure":"regular","length_m":64.56,"plant_count":8,"max_gap_m":1.43,"tile_structures":{"siret3_r021_c011":"regular"}},"geometry":{"type":"LineString","coordinates":[[28.7081347,47.1220903],[28.7086381,47.1216221]]}},{"type":"Feature","id":315,"properties":{"row_id":"V13-R080","vineyard_id":"V13","row_structure":"regular","length_m":31.16,"plant_count":1,"max_gap_m":0,"tile_structures":{"siret3_r019_c010":"regular"}},"geometry":{"type":"LineString","coordinates":[[28.7073605,47.1227862],[28.7076012,47.122559]]}},{"type":"Feature","id":316,"properties":{"row_id":"V14-R001","vineyard_id":"V14","row_structure":"regular","length_m":2.28,"plant_count":1,"max_gap_m":0,"tile_structures":{"siret3_r021_c016":"regular"}},"geometry":{"type":"LineString","coordinates":[[28.7116287,47.1220235],[28.7116502,47.1220378]]}},{"type":"Feature","id":317,"properties":{"row_id":"V14-R002","vineyard_id":"V14","row_structure":"regular","length_m":12.57,"plant_count":5,"max_gap_m":3.25,"tile_structures":{"siret3_r021_c016":"regular"}},"geometry":{"type":"LineString","coordinates":[[28.7115736,47.1219571],[28.7116905,47.1220372]]}},{"type":"Feature","id":318,"properties":{"row_id":"V14-R003","vineyard_id":"V14","row_structure":"regular","length_m":15.54,"plant_count":6,"max_gap_m":3.43,"tile_structures":{"siret3_r021_c016":"regular"}},"geometry":{"type":"LineString","coordinates":[[28.7115968,47.1219399],[28.7117449,47.1220364]]}},{"type":"Feature","id":319,"properties":{"row_id":"V14-R004","vineyard_id":"V14","row_structure":"regular","length_m":17.32,"plant_count":6,"max_gap_m":3.45,"tile_structures":{"siret3_r021_c016":"regular"}},"geometry":{"type":"LineString","coordinates":[[28.7116332,47.1219293],[28.7118001,47.1220356]]}},{"type":"Feature","id":320,"properties":{"row_id":"V14-R005","vineyard_id":"V14","row_structure":"regular","length_m":16.55,"plant_count":6,"max_gap_m":3.15,"tile_structures":{"siret3_r021_c016":"regular"}},"geometry":{"type":"LineString","coordinates":[[28.7116834,47.1219299],[28.711838,47.122035]]}},{"type":"Feature","id":321,"properties":{"row_id":"V14-R006","vineyard_id":"V14","row_structure":"regular","length_m":9.11,"plant_count":5,"max_gap_m":1.25,"tile_structures":{"siret3_r021_c016":"regular"}},"geometry":{"type":"LineString","coordinates":[[28.7117011,47.1219176],[28.7117871,47.1219748]]}},{"type":"Feature","id":322,"properties":{"row_id":"V14-R007","vineyard_id":"V14","row_structure":"regular","length_m":10.49,"plant_count":6,"max_gap_m":1.43,"tile_structures":{"siret3_r021_c016":"regular"}},"geometry":{"type":"LineString","coordinates":[[28.7117472,47.1219118],[28.7118468,47.1219773]]}},{"type":"Feature","id":323,"properties":{"row_id":"V15-R001","vineyard_id":"V15","row_structure":"regular","length_m":11.37,"plant_count":4,"max_gap_m":2.38,"tile_structures":{"siret3_r025_c019":"regular"}},"geometry":{"type":"LineString","coordinates":[[28.7139852,47.12016],[28.7140232,47.120061]]}},{"type":"Feature","id":324,"properties":{"row_id":"V15-R002","vineyard_id":"V15","row_structure":"regular","length_m":9.58,"plant_count":4,"max_gap_m":1.78,"tile_structures":{"siret3_r025_c019":"regular"}},"geometry":{"type":"LineString","coordinates":[[28.713957,47.1201604],[28.7139869,47.1200766]]}},{"type":"Feature","id":325,"properties":{"row_id":"V15-R003","vineyard_id":"V15","row_structure":"regular","length_m":7.52,"plant_count":2,"max_gap_m":2.53,"tile_structures":{"siret3_r025_c019":"regular"}},"geometry":{"type":"LineString","coordinates":[[28.7139009,47.1201612],[28.713926,47.1200958]]}},{"type":"Feature","id":326,"properties":{"row_id":"V16-R001","vineyard_id":"V16","row_structure":"disrupted","length_m":49.5,"plant_count":14,"max_gap_m":5.15,"tile_structures":{"siret3_r023_c016":"disrupted"}},"geometry":{"type":"LineString","coordinates":[[28.7114927,47.1211187],[28.7118751,47.1207578]]}},{"type":"Feature","id":327,"properties":{"row_id":"V16-R002","vineyard_id":"V16","row_structure":"regular","length_m":3.24,"plant_count":1,"max_gap_m":0,"tile_structures":{"siret3_r024_c016":"regular"}},"geometry":{"type":"LineString","coordinates":[[28.7119912,47.1206505],[28.7120164,47.120627]]}},{"type":"Feature","id":328,"properties":{"row_id":"V16-R003","vineyard_id":"V16","row_structure":"disrupted","length_m":122.83,"plant_count":20,"max_gap_m":17.13,"tile_structures":{"siret3_r023_c016":"disrupted","siret3_r024_c016":"disrupted","siret3_r024_c017":"disrupted"}},"geometry":{"type":"LineString","coordinates":[[28.7113893,47.1211203],[28.711881,47.1206556],[28.7118848,47.1206521],[28.7120134,47.120535],[28.7123428,47.1202272]]}},{"type":"Feature","id":329,"properties":{"row_id":"V16-R004","vineyard_id":"V16","row_structure":"disrupted","length_m":85.07,"plant_count":6,"max_gap_m":2.3,"tile_structures":{"siret3_r023_c016":"disrupted","siret3_r024_c016":"regular"}},"geometry":{"type":"LineString","coordinates":[[28.7113568,47.1211083],[28.7118371,47.1206528],[28.7120119,47.1204871]]}},{"type":"Feature","id":330,"properties":{"row_id":"V16-R005","vineyard_id":"V16","row_structure":"regular","length_m":42.49,"plant_count":2,"max_gap_m":1.1,"tile_structures":{"siret3_r024_c017":"regular"}},"geometry":{"type":"LineString","coordinates":[[28.7120121,47.1204943],[28.7123403,47.1201846]]}},{"type":"Feature","id":331,"properties":{"row_id":"V16-R006","vineyard_id":"V16","row_structure":"regular","length_m":119.64,"plant_count":9,"max_gap_m":4.93,"tile_structures":{"siret3_r023_c016":"regular","siret3_r024_c016":"regular","siret3_r024_c017":"regular"}},"geometry":{"type":"MultiLineString","coordinates":[[[28.7113551,47.1210546],[28.7117842,47.1206536],[28.7120105,47.1204422]],[[28.7120105,47.1204422],[28.7122852,47.1201854]]]}},{"type":"Feature","id":332,"properties":{"row_id":"V16-R007","vineyard_id":"V16","row_structure":"regular","length_m":114.73,"plant_count":9,"max_gap_m":2.53,"tile_structures":{"siret3_r023_c015":"regular","siret3_r023_c016":"regular","siret3_r024_c016":"regular","siret3_r024_c017":"regular"}},"geometry":{"type":"LineString","coordinates":[[28.7113472,47.1210206],[28.7113535,47.121014],[28.7113538,47.1210138],[28.7117374,47.1206543],[28.7120091,47.1203998],[28.7122372,47.1201861]]}},{"type":"Feature","id":333,"properties":{"row_id":"V16-R008","vineyard_id":"V16","row_structure":"regular","length_m":107.81,"plant_count":7,"max_gap_m":2.17,"tile_structures":{"siret3_r023_c016":"regular","siret3_r024_c016":"regular","siret3_r024_c017":"regular"}},"geometry":{"type":"LineString","coordinates":[[28.7113524,47.1209716],[28.7116855,47.1206552],[28.7116855,47.1206551],[28.7120076,47.1203546],[28.7121874,47.1201869]]}},{"type":"Feature","id":334,"properties":{"row_id":"V16-R009","vineyard_id":"V16","row_structure":"regular","length_m":15.02,"plant_count":3,"max_gap_m":1.13,"tile_structures":{"siret3_r027_c018":"regular"}},"geometry":{"type":"LineString","coordinates":[[28.7132018,47.1192502],[28.7133187,47.1191412]]}},{"type":"Feature","id":335,"properties":{"row_id":"V16-R010","vineyard_id":"V16","row_structure":"regular","length_m":19.86,"plant_count":1,"max_gap_m":0,"tile_structures":{"siret3_r027_c018":"regular"}},"geometry":{"type":"LineString","coordinates":[[28.7131625,47.1192508],[28.7133176,47.1191068]]}},{"type":"Feature","id":336,"properties":{"row_id":"V16-R011","vineyard_id":"V16","row_structure":"regular","length_m":101.51,"plant_count":14,"max_gap_m":0.33,"tile_structures":{"siret3_r023_c016":"regular","siret3_r024_c016":"regular","siret3_r024_c017":"regular"}},"geometry":{"type":"LineString","coordinates":[[28.711351,47.120927],[28.7116095,47.1206796],[28.7116358,47.1206558],[28.7116677,47.1206271],[28.7120062,47.1203096],[28.7121363,47.1201876]]}},{"type":"Feature","id":337,"properties":{"row_id":"V16-R012","vineyard_id":"V16","row_structure":"regular","length_m":65.13,"plant_count":14,"max_gap_m":1.75,"tile_structures":{"siret3_r027_c018":"regular","siret3_r027_c019":"regular"}},"geometry":{"type":"LineString","coordinates":[[28.7131126,47.1192515],[28.7133163,47.1190665],[28.7136282,47.1187831]]}},{"type":"Feature","id":338,"properties":{"row_id":"V16-R013","vineyard_id":"V16","row_structure":"regular","length_m":64.98,"plant_count":4,"max_gap_m":0.75,"tile_structures":{"siret3_r025_c017":"regular"}},"geometry":{"type":"LineString","coordinates":[[28.7121005,47.1201882],[28.712613,47.1197197]]}},{"type":"Feature","id":339,"properties":{"row_id":"V16-R014","vineyard_id":"V16","row_structure":"disrupted","length_m":30.49,"plant_count":5,"max_gap_m":10.78,"tile_structures":{"siret3_r028_c019":"disrupted"}},"geometry":{"type":"LineString","coordinates":[[28.7136163,47.1187833],[28.7138558,47.118563]]}},{"type":"Feature","id":340,"properties":{"row_id":"V16-R015","vineyard_id":"V16","row_structure":"regular","length_m":57.41,"plant_count":12,"max_gap_m":1.35,"tile_structures":{"siret3_r026_c018":"regular"}},"geometry":{"type":"LineString","coordinates":[[28.7126606,47.119669],[28.7131064,47.1192516]]}},{"type":"Feature","id":341,"properties":{"row_id":"V16-R016","vineyard_id":"V16","row_structure":"regular","length_m":8.06,"plant_count":2,"max_gap_m":0.3,"tile_structures":{"siret3_r026_c017":"regular"}},"geometry":{"type":"LineString","coordinates":[[28.7125984,47.11972],[28.7126604,47.119661]]}},{"type":"Feature","id":342,"properties":{"row_id":"V16-R017","vineyard_id":"V16","row_structure":"regular","length_m":100.84,"plant_count":13,"max_gap_m":1.15,"tile_structures":{"siret3_r023_c015":"regular","siret3_r023_c016":"regular","siret3_r024_c016":"regular","siret3_r024_c017":"regular"}},"geometry":{"type":"LineString","coordinates":[[28.711308,47.1209216],[28.7113496,47.1208819],[28.7115853,47.1206566],[28.7120049,47.1202677],[28.7120906,47.1201883]]}},{"type":"Feature","id":343,"properties":{"row_id":"V16-R018","vineyard_id":"V16","row_structure":"regular","length_m":33.13,"plant_count":3,"max_gap_m":0.23,"tile_structures":{"siret3_r028_c019":"regular"}},"geometry":{"type":"LineString","coordinates":[[28.7135642,47.118784],[28.7138249,47.1185449]]}},{"type":"Feature","id":344,"properties":{"row_id":"V16-R019","vineyard_id":"V16","row_structure":"regular","length_m":283.92,"plant_count":96,"max_gap_m":5.05,"tile_structures":{"siret3_r023_c016":"regular","siret3_r024_c016":"regular","siret3_r024_c017":"regular","siret3_r025_c017":"regular","siret3_r026_c017":"regular","siret3_r026_c018":"regular","siret3_r027_c018":"regular","siret3_r027_c019":"regular"}},"geometry":{"type":"MultiLineString","coordinates":[[[28.7113481,47.1208368],[28.7115366,47.1206573],[28.7115473,47.1206471],[28.7119606,47.1202631],[28.7120034,47.1202222]],[[28.7120034,47.1202222],[28.712038,47.1201891]],[[28.712038,47.1201891],[28.7120756,47.1201531],[28.7125484,47.1197207],[28.712659,47.1196195],[28.7130606,47.1192523],[28.7130786,47.1192358],[28.7133149,47.1190227]],[[28.7133149,47.1190227],[28.7133185,47.1190194],[28.7135746,47.1187839]]]}},{"type":"Feature","id":345,"properties":{"row_id":"V16-R020","vineyard_id":"V16","row_structure":"regular","length_m":313.72,"plant_count":82,"max_gap_m":3.6,"tile_structures":{"siret3_r023_c016":"regular","siret3_r024_c016":"regular","siret3_r025_c016":"regular","siret3_r025_c017":"regular","siret3_r026_c017":"regular","siret3_r026_c018":"regular","siret3_r027_c018":"regular","siret3_r027_c019":"regular","siret3_r028_c019":"regular"}},"geometry":{"type":"MultiLineString","coordinates":[[[28.7113467,47.120793],[28.7114889,47.120658],[28.7114924,47.1206547],[28.7119905,47.1201898]],[[28.7119905,47.1201898],[28.712002,47.1201791]],[[28.712002,47.1201791],[28.7120744,47.1201115],[28.7124288,47.1197862],[28.7125007,47.1197214],[28.7126067,47.119626],[28.7126577,47.119579],[28.7129609,47.1192995],[28.7130131,47.119253],[28.7130819,47.1191917],[28.7133135,47.1189803],[28.713528,47.1187846],[28.7138107,47.1185266]]]}},{"type":"Feature","id":346,"properties":{"row_id":"V16-R021","vineyard_id":"V16","row_structure":"regular","length_m":312.52,"plant_count":86,"max_gap_m":2.15,"tile_structures":{"siret3_r023_c016":"regular","siret3_r024_c016":"regular","siret3_r025_c016":"regular","siret3_r025_c017":"regular","siret3_r026_c017":"regular","siret3_r026_c018":"regular","siret3_r027_c018":"regular","siret3_r027_c019":"regular","siret3_r028_c019":"regular"}},"geometry":{"type":"MultiLineString","coordinates":[[[28.7113453,47.1207482],[28.7114411,47.1206587],[28.7119008,47.1202301],[28.7119406,47.1201905]],[[28.7119406,47.1201905],[28.7119548,47.1201764],[28.7120006,47.1201343]],[[28.7120006,47.1201343],[28.712429,47.1197408],[28.7124497,47.1197222],[28.7126086,47.1195796],[28.7126564,47.1195359],[28.7129646,47.1192537],[28.7133121,47.1189357],[28.7134763,47.1187853],[28.713799,47.1184899]]]}},{"type":"Feature","id":347,"properties":{"row_id":"V16-R022","vineyard_id":"V16","row_structure":"regular","length_m":18.29,"plant_count":1,"max_gap_m":0.03,"tile_structures":{"siret3_r023_c015":"regular"}},"geometry":{"type":"LineString","coordinates":[[28.7111999,47.1208836],[28.7113454,47.1207524]]}},{"type":"Feature","id":348,"properties":{"row_id":"V16-R023","vineyard_id":"V16","row_structure":"disrupted","length_m":331.75,"plant_count":69,"max_gap_m":8.03,"tile_structures":{"siret3_r023_c015":"regular","siret3_r023_c016":"regular","siret3_r024_c016":"regular","siret3_r025_c016":"disrupted","siret3_r025_c017":"regular","siret3_r026_c017":"regular","siret3_r026_c018":"regular","siret3_r027_c018":"regular","siret3_r027_c019":"regular","siret3_r028_c019":"regular"}},"geometry":{"type":"MultiLineString","coordinates":[[[28.7111713,47.1208623],[28.7113439,47.1207049],[28.7113439,47.1207049],[28.7113902,47.1206595],[28.7114305,47.1206199],[28.7118923,47.1201913]],[[28.7118923,47.1201913],[28.7119992,47.1200921]],[[28.7119992,47.1200921],[28.7123657,47.1197519],[28.7123984,47.119723],[28.7124251,47.1196993],[28.7126548,47.1194886],[28.7128392,47.1193196],[28.7129112,47.1192545],[28.7133107,47.1188935],[28.7133161,47.1188886],[28.7134282,47.1187861],[28.713778,47.1184662]]]}},{"type":"Feature","id":349,"properties":{"row_id":"V16-R024","vineyard_id":"V16","row_structure":"regular","length_m":10.62,"plant_count":5,"max_gap_m":0.28,"tile_structures":{"siret3_r023_c015":"regular"}},"geometry":{"type":"LineString","coordinates":[[28.7111086,47.1208893],[28.7111864,47.1208099]]}},{"type":"Feature","id":350,"properties":{"row_id":"V16-R025","vineyard_id":"V16","row_structure":"regular","length_m":307,"plant_count":102,"max_gap_m":4.15,"tile_structures":{"siret3_r024_c016":"regular","siret3_r025_c016":"regular","siret3_r025_c017":"regular","siret3_r026_c017":"regular","siret3_r026_c018":"regular","siret3_r027_c018":"regular","siret3_r027_c019":"regular","siret3_r028_c019":"regular"}},"geometry":{"type":"MultiLineString","coordinates":[[[28.7113424,47.1206586],[28.7118446,47.120192]],[[28.7118446,47.120192],[28.7118446,47.120192],[28.7119872,47.1200555],[28.7119977,47.1200459],[28.7123498,47.1197237],[28.7126535,47.1194457],[28.7128141,47.1192987],[28.7128634,47.1192553],[28.7129367,47.1191906],[28.7132341,47.1189212],[28.7133094,47.1188522]],[[28.7133094,47.1188522],[28.7133808,47.1187868],[28.7137569,47.1184423]]]}},{"type":"Feature","id":351,"properties":{"row_id":"V16-R026","vineyard_id":"V16","row_structure":"regular","length_m":136.91,"plant_count":27,"max_gap_m":2.73,"tile_structures":{"siret3_r026_c018":"regular","siret3_r027_c018":"regular","siret3_r027_c019":"regular","siret3_r028_c019":"regular"}},"geometry":{"type":"LineString","coordinates":[[28.7126521,47.1194032],[28.7128136,47.119256],[28.7133077,47.1188092],[28.713308,47.1188089],[28.7133314,47.1187875],[28.7137354,47.1184181]]}},{"type":"Feature","id":352,"properties":{"row_id":"V16-R027","vineyard_id":"V16","row_structure":"regular","length_m":19.95,"plant_count":6,"max_gap_m":1.9,"tile_structures":{"siret3_r023_c015":"regular"}},"geometry":{"type":"LineString","coordinates":[[28.711038,47.1209118],[28.7111849,47.1207629]]}},{"type":"Feature","id":353,"properties":{"row_id":"V16-R028","vineyard_id":"V16","row_structure":"regular","length_m":128.97,"plant_count":35,"max_gap_m":2.9,"tile_structures":{"siret3_r024_c015":"regular","siret3_r024_c016":"regular","siret3_r025_c016":"regular","siret3_r025_c017":"regular"}},"geometry":{"type":"MultiLineString","coordinates":[[[28.7112912,47.120661],[28.711341,47.1206149],[28.7117969,47.1201927]],[[28.7117969,47.1201927],[28.7117969,47.1201927],[28.7119963,47.1199997],[28.7122949,47.1197245]]]}},{"type":"Feature","id":354,"properties":{"row_id":"V16-R029","vineyard_id":"V16","row_structure":"regular","length_m":115.29,"plant_count":10,"max_gap_m":1.83,"tile_structures":{"siret3_r027_c018":"regular","siret3_r028_c018":"regular","siret3_r028_c019":"regular"}},"geometry":{"type":"LineString","coordinates":[[28.7127676,47.1192567],[28.7132817,47.1187883],[28.7133066,47.1187656],[28.7136786,47.1184266]]}},{"type":"Feature","id":355,"properties":{"row_id":"V16-R030","vineyard_id":"V16","row_structure":"disrupted","length_m":64.77,"plant_count":24,"max_gap_m":9.7,"tile_structures":{"siret3_r024_c015":"regular","siret3_r024_c016":"disrupted"}},"geometry":{"type":"LineString","coordinates":[[28.7112445,47.1206617],[28.7113397,47.1205739],[28.7117524,47.1201934]]}},{"type":"Feature","id":356,"properties":{"row_id":"V16-R031","vineyard_id":"V16","row_structure":"regular","length_m":26.08,"plant_count":11,"max_gap_m":4.08,"tile_structures":{"siret3_r023_c015":"regular"}},"geometry":{"type":"LineString","coordinates":[[28.7109898,47.120903],[28.7111832,47.120709]]}},{"type":"Feature","id":357,"properties":{"row_id":"V16-R032","vineyard_id":"V16","row_structure":"disrupted","length_m":40.33,"plant_count":8,"max_gap_m":15.18,"tile_structures":{"siret3_r028_c019":"disrupted"}},"geometry":{"type":"LineString","coordinates":[[28.7133833,47.1186551],[28.7137043,47.1183658]]}},{"type":"Feature","id":358,"properties":{"row_id":"V16-R033","vineyard_id":"V16","row_structure":"regular","length_m":2.85,"plant_count":1,"max_gap_m":0,"tile_structures":{"siret3_r025_c017":"regular"}},"geometry":{"type":"LineString","coordinates":[[28.7121691,47.1197464],[28.712192,47.119726]]}},{"type":"Feature","id":359,"properties":{"row_id":"V16-R034","vineyard_id":"V16","row_structure":"disrupted","length_m":121.21,"plant_count":21,"max_gap_m":16.23,"tile_structures":{"siret3_r026_c018":"regular","siret3_r027_c018":"disrupted","siret3_r028_c018":"disrupted","siret3_r028_c019":"disrupted"}},"geometry":{"type":"MultiLineString","coordinates":[[[28.7126484,47.1192888],[28.7126823,47.119258],[28.7131976,47.1187895],[28.7133043,47.1186925]],[[28.7133043,47.1186925],[28.7136076,47.1184167]]]}},{"type":"Feature","id":360,"properties":{"row_id":"V16-R035","vineyard_id":"V16","row_structure":"disrupted","length_m":43.82,"plant_count":11,"max_gap_m":7.23,"tile_structures":{"siret3_r028_c019":"disrupted"}},"geometry":{"type":"LineString","coordinates":[[28.7133031,47.1186563],[28.713646,47.1183391]]}},{"type":"Feature","id":361,"properties":{"row_id":"V16-R036","vineyard_id":"V16","row_structure":"regular","length_m":17.17,"plant_count":3,"max_gap_m":0.08,"tile_structures":{"siret3_r025_c017":"regular"}},"geometry":{"type":"LineString","coordinates":[[28.7119915,47.1198526],[28.7121235,47.1197271]]}},{"type":"Feature","id":362,"properties":{"row_id":"V16-R037","vineyard_id":"V16","row_structure":"regular","length_m":4.06,"plant_count":2,"max_gap_m":0.15,"tile_structures":{"siret3_r027_c017":"regular"}},"geometry":{"type":"LineString","coordinates":[[28.7126141,47.119259],[28.7126465,47.1192299]]}},{"type":"Feature","id":363,"properties":{"row_id":"V16-R038","vineyard_id":"V16","row_structure":"disrupted","length_m":30.59,"plant_count":8,"max_gap_m":11.7,"tile_structures":{"siret3_r028_c019":"disrupted"}},"geometry":{"type":"LineString","coordinates":[[28.7133818,47.118543],[28.7136229,47.1183224]]}},{"type":"Feature","id":364,"properties":{"row_id":"V16-R039","vineyard_id":"V16","row_structure":"disrupted","length_m":50.11,"plant_count":12,"max_gap_m":20.63,"tile_structures":{"siret3_r026_c017":"disrupted","siret3_r027_c017":"regular","siret3_r027_c018":"regular"}},"geometry":{"type":"LineString","coordinates":[[28.712314,47.1195199],[28.7126059,47.1192591],[28.7126463,47.119223],[28.712715,47.1191616]]}},{"type":"Feature","id":365,"properties":{"row_id":"V16-R040","vineyard_id":"V16","row_structure":"disrupted","length_m":109.99,"plant_count":22,"max_gap_m":9.88,"tile_structures":{"siret3_r026_c017":"disrupted","siret3_r027_c017":"regular","siret3_r027_c018":"regular"}},"geometry":{"type":"LineString","coordinates":[[28.7120426,47.1197283],[28.7125672,47.1192597],[28.7126453,47.11919],[28.7129229,47.118942]]}},{"type":"Feature","id":366,"properties":{"row_id":"V16-R041","vineyard_id":"V16","row_structure":"regular","length_m":10.7,"plant_count":4,"max_gap_m":0.55,"tile_structures":{"siret3_r027_c017":"regular"}},"geometry":{"type":"LineString","coordinates":[[28.7125567,47.1192598],[28.7126451,47.1191848]]}},{"type":"Feature","id":367,"properties":{"row_id":"V16-R042","vineyard_id":"V16","row_structure":"disrupted","length_m":33.01,"plant_count":3,"max_gap_m":4.28,"tile_structures":{"siret3_r028_c019":"disrupted"}},"geometry":{"type":"LineString","coordinates":[[28.7133,47.1185606],[28.7135616,47.1183233]]}},{"type":"Feature","id":368,"properties":{"row_id":"V16-R043","vineyard_id":"V16","row_structure":"disrupted","length_m":64.23,"plant_count":13,"max_gap_m":19.3,"tile_structures":{"siret3_r027_c017":"regular","siret3_r027_c018":"disrupted"}},"geometry":{"type":"LineString","coordinates":[[28.712534,47.1192602],[28.7126442,47.1191563],[28.7130303,47.118792]]}},{"type":"Feature","id":369,"properties":{"row_id":"V16-R044","vineyard_id":"V16","row_structure":"regular","length_m":44.83,"plant_count":1,"max_gap_m":0,"tile_structures":{"siret3_r027_c018":"regular"}},"geometry":{"type":"LineString","coordinates":[[28.7126429,47.1191159],[28.712996,47.1187925]]}},{"type":"Feature","id":370,"properties":{"row_id":"V17-R001","vineyard_id":"V17","row_structure":"disrupted","length_m":9.35,"plant_count":0,"max_gap_m":0,"tile_structures":{"siret3_r029_c025":"disrupted"}},"geometry":{"type":"LineString","coordinates":[[28.7173668,47.1181824],[28.7173773,47.1182662]]}},{"type":"Feature","id":371,"properties":{"row_id":"V17-R002","vineyard_id":"V17","row_structure":"disrupted","length_m":16.54,"plant_count":0,"max_gap_m":0,"tile_structures":{"siret3_r029_c025":"disrupted"}},"geometry":{"type":"LineString","coordinates":[[28.717418,47.1182656],[28.7174143,47.1181168]]}},{"type":"Feature","id":372,"properties":{"row_id":"V17-R003","vineyard_id":"V17","row_structure":"regular","length_m":6.8,"plant_count":3,"max_gap_m":0.2,"tile_structures":{"siret3_r029_c025":"regular"}},"geometry":{"type":"LineString","coordinates":[[28.7174567,47.118265],[28.7174555,47.1182038]]}},{"type":"Feature","id":373,"properties":{"row_id":"V17-R004","vineyard_id":"V17","row_structure":"regular","length_m":9.8,"plant_count":3,"max_gap_m":4.05,"tile_structures":{"siret3_r029_c025":"regular"}},"geometry":{"type":"LineString","coordinates":[[28.7174843,47.1181764],[28.71749,47.1182645]]}},{"type":"Feature","id":374,"properties":{"row_id":"V17-R005","vineyard_id":"V17","row_structure":"disrupted","length_m":29.93,"plant_count":8,"max_gap_m":6.83,"tile_structures":{"siret3_r029_c025":"disrupted"}},"geometry":{"type":"LineString","coordinates":[[28.7175304,47.1179946],[28.7175486,47.1182636]]}},{"type":"Feature","id":375,"properties":{"row_id":"V18-R001","vineyard_id":"V18","row_structure":"regular","length_m":61.99,"plant_count":15,"max_gap_m":3.23,"tile_structures":{"siret3_r029_c015":"regular","siret3_r029_c016":"regular"}},"geometry":{"type":"LineString","coordinates":[[28.7112259,47.1183583],[28.7112671,47.1183107],[28.7116714,47.1178909]]}},{"type":"Feature","id":376,"properties":{"row_id":"V18-R002","vineyard_id":"V18","row_structure":"regular","length_m":62.27,"plant_count":6,"max_gap_m":3.28,"tile_structures":{"siret3_r029_c015":"regular","siret3_r029_c016":"regular"}},"geometry":{"type":"LineString","coordinates":[[28.711168,47.1183591],[28.7112654,47.1182584],[28.7116202,47.1178916]]}},{"type":"Feature","id":377,"properties":{"row_id":"V18-R003","vineyard_id":"V18","row_structure":"regular","length_m":62.63,"plant_count":8,"max_gap_m":0.88,"tile_structures":{"siret3_r029_c015":"regular","siret3_r029_c016":"regular"}},"geometry":{"type":"LineString","coordinates":[[28.7111103,47.11836],[28.7112637,47.1182042],[28.7115707,47.1178924]]}},{"type":"Feature","id":378,"properties":{"row_id":"V18-R004","vineyard_id":"V18","row_structure":"regular","length_m":61.73,"plant_count":7,"max_gap_m":0.57,"tile_structures":{"siret3_r029_c015":"regular","siret3_r029_c016":"regular"}},"geometry":{"type":"LineString","coordinates":[[28.7110654,47.1183532],[28.7112622,47.1181574],[28.7112622,47.1181574],[28.7115208,47.1178931]]}},{"type":"Feature","id":379,"properties":{"row_id":"V18-R005","vineyard_id":"V18","row_structure":"regular","length_m":60.99,"plant_count":6,"max_gap_m":1.08,"tile_structures":{"siret3_r029_c015":"regular","siret3_r029_c016":"regular"}},"geometry":{"type":"LineString","coordinates":[[28.7110178,47.1183488],[28.7112604,47.1181033],[28.7114673,47.1178939]]}},{"type":"Feature","id":380,"properties":{"row_id":"V18-R006","vineyard_id":"V18","row_structure":"regular","length_m":55.84,"plant_count":11,"max_gap_m":0.95,"tile_structures":{"siret3_r029_c015":"regular","siret3_r029_c016":"regular"}},"geometry":{"type":"LineString","coordinates":[[28.7110032,47.1183107],[28.7112588,47.1180531],[28.711416,47.1178947]]}},{"type":"Feature","id":381,"properties":{"row_id":"V18-R007","vineyard_id":"V18","row_structure":"regular","length_m":51.17,"plant_count":6,"max_gap_m":1.63,"tile_structures":{"siret3_r029_c015":"regular","siret3_r029_c016":"regular"}},"geometry":{"type":"LineString","coordinates":[[28.7109833,47.1182756],[28.7112573,47.1180048],[28.7113636,47.1178955]]}},{"type":"Feature","id":382,"properties":{"row_id":"V18-R008","vineyard_id":"V18","row_structure":"regular","length_m":63.26,"plant_count":4,"max_gap_m":1.88,"tile_structures":{"siret3_r029_c015":"regular","siret3_r029_c016":"regular"}},"geometry":{"type":"LineString","coordinates":[[28.7108374,47.1183641],[28.7112556,47.1179519],[28.7113121,47.1178962]]}},{"type":"Feature","id":383,"properties":{"row_id":"V18-R009","vineyard_id":"V18","row_structure":"regular","length_m":1.81,"plant_count":1,"max_gap_m":0,"tile_structures":{"siret3_r029_c016":"regular"}},"geometry":{"type":"LineString","coordinates":[[28.7112543,47.1179104],[28.7112675,47.1178969]]}},{"type":"Feature","id":384,"properties":{"row_id":"V18-R010","vineyard_id":"V18","row_structure":"regular","length_m":63.31,"plant_count":9,"max_gap_m":0.6,"tile_structures":{"siret3_r029_c015":"regular"}},"geometry":{"type":"LineString","coordinates":[[28.7107773,47.118365],[28.7112533,47.1178971]]}},{"type":"Feature","id":385,"properties":{"row_id":"V19-R001","vineyard_id":"V19","row_structure":"regular","length_m":40.72,"plant_count":4,"max_gap_m":0.25,"tile_structures":{"siret3_r029_c023":"regular"}},"geometry":{"type":"LineString","coordinates":[[28.7164037,47.1182808],[28.7166555,47.1179572]]}},{"type":"Feature","id":386,"properties":{"row_id":"V19-R002","vineyard_id":"V19","row_structure":"regular","length_m":58.45,"plant_count":5,"max_gap_m":1.55,"tile_structures":{"siret3_r030_c024":"regular"}},"geometry":{"type":"LineString","coordinates":[[28.7167648,47.1178146],[28.7171215,47.1173485]]}},{"type":"Feature","id":387,"properties":{"row_id":"V19-R003","vineyard_id":"V19","row_structure":"regular","length_m":117.23,"plant_count":15,"max_gap_m":0.28,"tile_structures":{"siret3_r029_c023":"regular","siret3_r029_c024":"regular","siret3_r030_c024":"regular"}},"geometry":{"type":"MultiLineString","coordinates":[[[28.716359,47.1182814],[28.7166537,47.1179012]],[[28.7166537,47.1179012],[28.7167202,47.1178153]],[[28.7167202,47.1178153],[28.7170814,47.1173491]]]}},{"type":"Feature","id":388,"properties":{"row_id":"V19-R004","vineyard_id":"V19","row_structure":"regular","length_m":117.19,"plant_count":23,"max_gap_m":1,"tile_structures":{"siret3_r029_c023":"regular","siret3_r029_c024":"regular","siret3_r030_c024":"regular"}},"geometry":{"type":"MultiLineString","coordinates":[[[28.7163172,47.1182821],[28.716652,47.1178493],[28.7166778,47.1178159]],[[28.7166778,47.1178159],[28.7170384,47.1173498]]]}},{"type":"Feature","id":389,"properties":{"row_id":"V19-R005","vineyard_id":"V19","row_structure":"regular","length_m":117.18,"plant_count":18,"max_gap_m":0.78,"tile_structures":{"siret3_r029_c023":"regular","siret3_r030_c023":"regular","siret3_r030_c024":"regular"}},"geometry":{"type":"MultiLineString","coordinates":[[[28.7162734,47.1182827],[28.7166191,47.1178334],[28.7166326,47.1178166]],[[28.7166326,47.1178166],[28.7166503,47.1177945],[28.7167128,47.1177163],[28.7169945,47.1173504]]]}},{"type":"Feature","id":390,"properties":{"row_id":"V19-R006","vineyard_id":"V19","row_structure":"regular","length_m":117.11,"plant_count":17,"max_gap_m":0.75,"tile_structures":{"siret3_r029_c023":"regular","siret3_r030_c023":"regular","siret3_r030_c024":"regular"}},"geometry":{"type":"MultiLineString","coordinates":[[[28.716231,47.1182834],[28.7165906,47.1178172]],[[28.7165906,47.1178172],[28.7166486,47.1177421],[28.7169502,47.1173511]]]}},{"type":"Feature","id":391,"properties":{"row_id":"V19-R007","vineyard_id":"V19","row_structure":"regular","length_m":58.61,"plant_count":7,"max_gap_m":0.57,"tile_structures":{"siret3_r029_c023":"regular"}},"geometry":{"type":"LineString","coordinates":[[28.7161908,47.118284],[28.7165518,47.1178178]]}},{"type":"Feature","id":392,"properties":{"row_id":"V19-R008","vineyard_id":"V19","row_structure":"regular","length_m":42.69,"plant_count":2,"max_gap_m":0,"tile_structures":{"siret3_r030_c024":"regular"}},"geometry":{"type":"LineString","coordinates":[[28.7166469,47.1176916],[28.7169088,47.1173517]]}},{"type":"Feature","id":393,"properties":{"row_id":"V19-R009","vineyard_id":"V19","row_structure":"regular","length_m":36.21,"plant_count":4,"max_gap_m":0.57,"tile_structures":{"siret3_r030_c024":"regular"}},"geometry":{"type":"LineString","coordinates":[[28.7166453,47.1176407],[28.7168672,47.1173523]]}},{"type":"Feature","id":394,"properties":{"row_id":"V19-R010","vineyard_id":"V19","row_structure":"regular","length_m":58.56,"plant_count":1,"max_gap_m":0,"tile_structures":{"siret3_r029_c023":"regular"}},"geometry":{"type":"LineString","coordinates":[[28.7161464,47.1182846],[28.7165061,47.1178185]]}},{"type":"Feature","id":395,"properties":{"row_id":"V19-R011","vineyard_id":"V19","row_structure":"regular","length_m":25.56,"plant_count":6,"max_gap_m":1.6,"tile_structures":{"siret3_r030_c024":"regular"}},"geometry":{"type":"LineString","coordinates":[[28.7166426,47.1175567],[28.7168001,47.1173533]]}},{"type":"Feature","id":396,"properties":{"row_id":"V20-R001","vineyard_id":"V20","row_structure":"regular","length_m":53.02,"plant_count":5,"max_gap_m":1,"tile_structures":{"siret3_r030_c018":"regular"}},"geometry":{"type":"LineString","coordinates":[[28.7126898,47.1175502],[28.7132112,47.1178678]]}},{"type":"Feature","id":397,"properties":{"row_id":"V20-R002","vineyard_id":"V20","row_structure":"regular","length_m":55.74,"plant_count":27,"max_gap_m":3.08,"tile_structures":{"siret3_r030_c018":"regular"}},"geometry":{"type":"LineString","coordinates":[[28.7127204,47.1175298],[28.7132642,47.117867]]}},{"type":"Feature","id":398,"properties":{"row_id":"V20-R003","vineyard_id":"V20","row_structure":"regular","length_m":19.85,"plant_count":10,"max_gap_m":0.88,"tile_structures":{"siret3_r029_c019":"regular"}},"geometry":{"type":"LineString","coordinates":[[28.713278,47.1178736],[28.7134733,47.1179924]]}},{"type":"Feature","id":399,"properties":{"row_id":"V20-R004","vineyard_id":"V20","row_structure":"regular","length_m":75.68,"plant_count":27,"max_gap_m":6.83,"tile_structures":{"siret3_r029_c019":"regular","siret3_r030_c018":"regular","siret3_r030_c019":"regular"}},"geometry":{"type":"MultiLineString","coordinates":[[[28.7127454,47.1175125],[28.7132769,47.1178415],[28.713317,47.1178662]],[[28.713317,47.1178662],[28.7134843,47.1179698]]]}},{"type":"Feature","id":400,"properties":{"row_id":"V20-R005","vineyard_id":"V20","row_structure":"regular","length_m":76.98,"plant_count":32,"max_gap_m":6.63,"tile_structures":{"siret3_r029_c019":"regular","siret3_r030_c018":"regular","siret3_r030_c019":"regular"}},"geometry":{"type":"MultiLineString","coordinates":[[[28.7127707,47.1174955],[28.7132758,47.1178054]],[[28.7132758,47.1178054],[28.7133736,47.1178654]],[[28.7133736,47.1178654],[28.7135253,47.1179585]]]}},{"type":"Feature","id":401,"properties":{"row_id":"V21-R001","vineyard_id":"V21","row_structure":"regular","length_m":96.15,"plant_count":26,"max_gap_m":2.1,"tile_structures":{"siret3_r029_c020":"regular","siret3_r029_c021":"regular","siret3_r030_c021":"regular","siret3_r030_c022":"regular"}},"geometry":{"type":"MultiLineString","coordinates":[[[28.7146013,47.1180907],[28.7146338,47.1180575],[28.7148436,47.1178434]],[[28.7148436,47.1178434],[28.714847,47.1178399],[28.7152395,47.1174468],[28.7152876,47.1173995],[28.7152913,47.1173959],[28.7153143,47.1173756]]]}},{"type":"Feature","id":402,"properties":{"row_id":"V21-R002","vineyard_id":"V21","row_structure":"regular","length_m":95.97,"plant_count":26,"max_gap_m":4.63,"tile_structures":{"siret3_r029_c020":"regular","siret3_r029_c021":"regular","siret3_r030_c021":"regular"}},"geometry":{"type":"MultiLineString","coordinates":[[[28.714556,47.1180904],[28.7146324,47.1180137],[28.7148013,47.117844]],[[28.7148013,47.117844],[28.715267,47.1173763]]]}},{"type":"Feature","id":403,"properties":{"row_id":"V21-R003","vineyard_id":"V21","row_structure":"regular","length_m":95.64,"plant_count":30,"max_gap_m":2.85,"tile_structures":{"siret3_r029_c020":"regular","siret3_r029_c021":"regular","siret3_r030_c021":"regular"}},"geometry":{"type":"MultiLineString","coordinates":[[[28.7145105,47.1180893],[28.7146309,47.117968],[28.7147533,47.1178447]],[[28.7147533,47.1178447],[28.7152177,47.117377]]]}},{"type":"Feature","id":404,"properties":{"row_id":"V21-R004","vineyard_id":"V21","row_structure":"regular","length_m":73.73,"plant_count":12,"max_gap_m":4.53,"tile_structures":{"siret3_r029_c021":"regular","siret3_r030_c021":"regular"}},"geometry":{"type":"MultiLineString","coordinates":[[[28.7146296,47.117927],[28.7147059,47.1178473],[28.7147078,47.1178454]],[[28.7147078,47.1178454],[28.7151745,47.1173777]]]}},{"type":"Feature","id":405,"properties":{"row_id":"V21-R005","vineyard_id":"V21","row_structure":"regular","length_m":62.91,"plant_count":5,"max_gap_m":4.15,"tile_structures":{"siret3_r030_c021":"regular"}},"geometry":{"type":"LineString","coordinates":[[28.7146581,47.1178462],[28.7151249,47.1173784]]}},{"type":"Feature","id":406,"properties":{"row_id":"V22-R001","vineyard_id":"V22","row_structure":"regular","length_m":12.95,"plant_count":2,"max_gap_m":3.03,"tile_structures":{"siret3_r030_c016":"regular"}},"geometry":{"type":"LineString","coordinates":[[28.7115189,47.1176656],[28.7116264,47.1177562]]}},{"type":"Feature","id":407,"properties":{"row_id":"V22-R002","vineyard_id":"V22","row_structure":"regular","length_m":30.86,"plant_count":9,"max_gap_m":0.88,"tile_structures":{"siret3_r030_c016":"regular"}},"geometry":{"type":"LineString","coordinates":[[28.7115375,47.1176451],[28.7117848,47.1178655]]}},{"type":"Feature","id":408,"properties":{"row_id":"V22-R003","vineyard_id":"V22","row_structure":"regular","length_m":31.1,"plant_count":10,"max_gap_m":0.7,"tile_structures":{"siret3_r030_c016":"regular"}},"geometry":{"type":"LineString","coordinates":[[28.7115634,47.1176288],[28.7118196,47.1178473]]}},{"type":"Feature","id":409,"properties":{"row_id":"V22-R004","vineyard_id":"V22","row_structure":"regular","length_m":33.91,"plant_count":8,"max_gap_m":1.45,"tile_structures":{"siret3_r030_c016":"regular"}},"geometry":{"type":"LineString","coordinates":[[28.7115804,47.1176072],[28.7118626,47.1178438]]}},{"type":"Feature","id":410,"properties":{"row_id":"V22-R005","vineyard_id":"V22","row_structure":"regular","length_m":34.75,"plant_count":5,"max_gap_m":0.48,"tile_structures":{"siret3_r030_c016":"regular"}},"geometry":{"type":"LineString","coordinates":[[28.7116047,47.117591],[28.7118921,47.1178345]]}},{"type":"Feature","id":411,"properties":{"row_id":"V22-R006","vineyard_id":"V22","row_structure":"regular","length_m":35.89,"plant_count":8,"max_gap_m":2.95,"tile_structures":{"siret3_r030_c016":"regular"}},"geometry":{"type":"LineString","coordinates":[[28.7116256,47.1175734],[28.7119264,47.1178226]]}},{"type":"Feature","id":412,"properties":{"row_id":"V22-R007","vineyard_id":"V22","row_structure":"regular","length_m":34.02,"plant_count":4,"max_gap_m":0.43,"tile_structures":{"siret3_r030_c016":"regular"}},"geometry":{"type":"LineString","coordinates":[[28.7116416,47.1175533],[28.7119254,47.1177903]]}},{"type":"Feature","id":413,"properties":{"row_id":"V22-R008","vineyard_id":"V22","row_structure":"regular","length_m":30.38,"plant_count":6,"max_gap_m":0.25,"tile_structures":{"siret3_r030_c016":"regular"}},"geometry":{"type":"LineString","coordinates":[[28.7116697,47.1175416],[28.7119242,47.1177525]]}},{"type":"Feature","id":414,"properties":{"row_id":"V22-R009","vineyard_id":"V22","row_structure":"regular","length_m":27.05,"plant_count":4,"max_gap_m":0.95,"tile_structures":{"siret3_r030_c016":"regular"}},"geometry":{"type":"LineString","coordinates":[[28.7116957,47.1175291],[28.711923,47.1177166]]}},{"type":"Feature","id":415,"properties":{"row_id":"V22-R010","vineyard_id":"V22","row_structure":"regular","length_m":24.34,"plant_count":5,"max_gap_m":0.53,"tile_structures":{"siret3_r030_c016":"regular"}},"geometry":{"type":"LineString","coordinates":[[28.7117178,47.1175142],[28.7119219,47.1176832]]}},{"type":"Feature","id":416,"properties":{"row_id":"V22-R011","vineyard_id":"V22","row_structure":"regular","length_m":11.42,"plant_count":2,"max_gap_m":0.15,"tile_structures":{"siret3_r030_c016":"regular"}},"geometry":{"type":"LineString","coordinates":[[28.7118242,47.1175666],[28.7119207,47.1176455]]}},{"type":"Feature","id":417,"properties":{"row_id":"V23-R001","vineyard_id":"V23","row_structure":"regular","length_m":30.52,"plant_count":9,"max_gap_m":3.83,"tile_structures":{"siret3_r030_c017":"regular"}},"geometry":{"type":"LineString","coordinates":[[28.7119147,47.1174568],[28.7121891,47.1176575]]}},{"type":"Feature","id":418,"properties":{"row_id":"V23-R002","vineyard_id":"V23","row_structure":"regular","length_m":33.26,"plant_count":8,"max_gap_m":2.1,"tile_structures":{"siret3_r030_c017":"regular"}},"geometry":{"type":"LineString","coordinates":[[28.7119139,47.1174315],[28.7122186,47.1176465]]}},{"type":"Feature","id":419,"properties":{"row_id":"V23-R003","vineyard_id":"V23","row_structure":"regular","length_m":31.76,"plant_count":7,"max_gap_m":0.9,"tile_structures":{"siret3_r030_c017":"regular"}},"geometry":{"type":"LineString","coordinates":[[28.7119471,47.117426],[28.71224,47.1176302]]}},{"type":"Feature","id":420,"properties":{"row_id":"V23-R004","vineyard_id":"V23","row_structure":"regular","length_m":29.56,"plant_count":7,"max_gap_m":0.23,"tile_structures":{"siret3_r030_c017":"regular"}},"geometry":{"type":"LineString","coordinates":[[28.7119939,47.1174253],[28.7122636,47.1176172]]}},{"type":"Feature","id":421,"properties":{"row_id":"V23-R005","vineyard_id":"V23","row_structure":"regular","length_m":26.48,"plant_count":7,"max_gap_m":1.73,"tile_structures":{"siret3_r030_c017":"regular"}},"geometry":{"type":"LineString","coordinates":[[28.7120307,47.1174247],[28.7122757,47.1175944]]}},{"type":"Feature","id":422,"properties":{"row_id":"V23-R006","vineyard_id":"V23","row_structure":"regular","length_m":15.35,"plant_count":1,"max_gap_m":0,"tile_structures":{"siret3_r030_c017":"regular"}},"geometry":{"type":"LineString","coordinates":[[28.7120684,47.1174242],[28.712204,47.1175266]]}},{"type":"Feature","id":423,"properties":{"row_id":"V24-R001","vineyard_id":"V24","row_structure":"regular","length_m":10.75,"plant_count":7,"max_gap_m":1.55,"tile_structures":{"siret3_r031_c019":"regular"}},"geometry":{"type":"LineString","coordinates":[[28.7135682,47.1173272],[28.7136608,47.1174004]]}},{"type":"Feature","id":424,"properties":{"row_id":"V24-R002","vineyard_id":"V24","row_structure":"regular","length_m":61.08,"plant_count":17,"max_gap_m":4.7,"tile_structures":{"siret3_r030_c019":"regular","siret3_r031_c019":"regular"}},"geometry":{"type":"LineString","coordinates":[[28.7134105,47.1171792],[28.713703,47.1173997],[28.7139438,47.1175907]]}},{"type":"Feature","id":425,"properties":{"row_id":"V24-R003","vineyard_id":"V24","row_structure":"regular","length_m":64.87,"plant_count":26,"max_gap_m":1.5,"tile_structures":{"siret3_r030_c019":"regular","siret3_r030_c020":"regular","siret3_r031_c019":"regular"}},"geometry":{"type":"LineString","coordinates":[[28.7134236,47.1171552],[28.7136553,47.1173323],[28.7137455,47.1173991],[28.7137863,47.1174292],[28.7139222,47.1175344],[28.7139425,47.1175495],[28.7139956,47.1175889]]}},{"type":"Feature","id":426,"properties":{"row_id":"V24-R004","vineyard_id":"V24","row_structure":"regular","length_m":63.92,"plant_count":18,"max_gap_m":3.2,"tile_structures":{"siret3_r030_c019":"regular","siret3_r030_c020":"regular","siret3_r031_c019":"regular"}},"geometry":{"type":"LineString","coordinates":[[28.713453,47.117141],[28.7137892,47.1173984],[28.7138803,47.1174682],[28.7139414,47.1175136],[28.7140158,47.1175689]]}},{"type":"Feature","id":427,"properties":{"row_id":"V24-R005","vineyard_id":"V24","row_structure":"regular","length_m":61.75,"plant_count":23,"max_gap_m":3,"tile_structures":{"siret3_r030_c019":"regular","siret3_r030_c020":"regular","siret3_r031_c019":"regular"}},"geometry":{"type":"LineString","coordinates":[[28.713481,47.1171275],[28.7137785,47.1173549],[28.7138329,47.1173978],[28.7139089,47.1174576],[28.7139403,47.1174806],[28.7140236,47.1175415]]}},{"type":"Feature","id":428,"properties":{"row_id":"V24-R006","vineyard_id":"V24","row_structure":"regular","length_m":49.13,"plant_count":14,"max_gap_m":5.8,"tile_structures":{"siret3_r030_c019":"regular","siret3_r031_c019":"regular"}},"geometry":{"type":"LineString","coordinates":[[28.7135096,47.1171137],[28.7138777,47.1173971],[28.7139392,47.1174444]]}},{"type":"Feature","id":429,"properties":{"row_id":"V25-R001","vineyard_id":"V25","row_structure":"regular","length_m":48.14,"plant_count":16,"max_gap_m":3.73,"tile_structures":{"siret3_r031_c017":"regular"}},"geometry":{"type":"LineString","coordinates":[[28.7121446,47.1170948],[28.7125691,47.1174167]]}},{"type":"Feature","id":430,"properties":{"row_id":"V25-R002","vineyard_id":"V25","row_structure":"disrupted","length_m":47.84,"plant_count":16,"max_gap_m":5.15,"tile_structures":{"siret3_r031_c017":"disrupted","siret3_r031_c018":"regular"}},"geometry":{"type":"LineString","coordinates":[[28.7121904,47.1170958],[28.712539,47.1173612],[28.7125878,47.1173998],[28.7125997,47.1174091],[28.7126114,47.1174161]]}},{"type":"Feature","id":431,"properties":{"row_id":"V25-R003","vineyard_id":"V25","row_structure":"regular","length_m":43.53,"plant_count":13,"max_gap_m":4.68,"tile_structures":{"siret3_r031_c017":"regular"}},"geometry":{"type":"LineString","coordinates":[[28.7122043,47.1170725],[28.7125867,47.1173645]]}},{"type":"Feature","id":432,"properties":{"row_id":"V25-R004","vineyard_id":"V25","row_structure":"regular","length_m":40.75,"plant_count":14,"max_gap_m":6.63,"tile_structures":{"siret3_r031_c017":"regular"}},"geometry":{"type":"LineString","coordinates":[[28.7122275,47.1170559],[28.7125855,47.1173291]]}},{"type":"Feature","id":433,"properties":{"row_id":"V26-R001","vineyard_id":"V26","row_structure":"regular","length_m":29.42,"plant_count":1,"max_gap_m":0,"tile_structures":{"siret3_r032_c018":"regular"}},"geometry":{"type":"LineString","coordinates":[[28.7125725,47.1167328],[28.7128248,47.1169338]]}},{"type":"Feature","id":434,"properties":{"row_id":"V26-R002","vineyard_id":"V26","row_structure":"regular","length_m":35.18,"plant_count":1,"max_gap_m":0,"tile_structures":{"siret3_r032_c018":"regular"}},"geometry":{"type":"LineString","coordinates":[[28.7125913,47.1167119],[28.7128949,47.1169511]]}},{"type":"Feature","id":435,"properties":{"row_id":"V26-R003","vineyard_id":"V26","row_structure":"regular","length_m":37.99,"plant_count":7,"max_gap_m":0.3,"tile_structures":{"siret3_r032_c018":"regular"}},"geometry":{"type":"LineString","coordinates":[[28.7126057,47.1166916],[28.7129326,47.1169505]]}},{"type":"Feature","id":436,"properties":{"row_id":"V26-R004","vineyard_id":"V26","row_structure":"regular","length_m":41.91,"plant_count":10,"max_gap_m":3.33,"tile_structures":{"siret3_r032_c018":"regular"}},"geometry":{"type":"LineString","coordinates":[[28.7126262,47.1166599],[28.7129795,47.1169498]]}},{"type":"Feature","id":437,"properties":{"row_id":"V26-R005","vineyard_id":"V26","row_structure":"regular","length_m":67.95,"plant_count":17,"max_gap_m":3.45,"tile_structures":{"siret3_r031_c018":"regular","siret3_r032_c018":"regular"}},"geometry":{"type":"LineString","coordinates":[[28.7126815,47.1166741],[28.7130234,47.1169492],[28.7132545,47.1171439]]}},{"type":"Feature","id":438,"properties":{"row_id":"V26-R006","vineyard_id":"V26","row_structure":"regular","length_m":67.69,"plant_count":17,"max_gap_m":2,"tile_structures":{"siret3_r031_c018":"regular","siret3_r032_c018":"regular"}},"geometry":{"type":"LineString","coordinates":[[28.7126787,47.1166378],[28.7130674,47.1169485],[28.7132532,47.1171036]]}},{"type":"Feature","id":439,"properties":{"row_id":"V26-R007","vineyard_id":"V26","row_structure":"regular","length_m":65.07,"plant_count":10,"max_gap_m":2.42,"tile_structures":{"siret3_r031_c018":"regular","siret3_r032_c018":"regular"}},"geometry":{"type":"LineString","coordinates":[[28.7126957,47.1166163],[28.7131134,47.1169478],[28.7132519,47.1170619]]}},{"type":"Feature","id":440,"properties":{"row_id":"V27-R001","vineyard_id":"V27","row_structure":"regular","length_m":40.05,"plant_count":7,"max_gap_m":0.05,"tile_structures":{"siret3_r032_c021":"regular"}},"geometry":{"type":"LineString","coordinates":[[28.7145882,47.1166392],[28.7149175,47.1169208]]}},{"type":"Feature","id":441,"properties":{"row_id":"V27-R002","vineyard_id":"V27","row_structure":"regular","length_m":43.83,"plant_count":8,"max_gap_m":1.27,"tile_structures":{"siret3_r032_c021":"regular"}},"geometry":{"type":"LineString","coordinates":[[28.7145874,47.1166134],[28.71495,47.1169203]]}},{"type":"Feature","id":442,"properties":{"row_id":"V27-R003","vineyard_id":"V27","row_structure":"regular","length_m":47.64,"plant_count":10,"max_gap_m":1.5,"tile_structures":{"siret3_r032_c021":"regular"}},"geometry":{"type":"LineString","coordinates":[[28.7145866,47.1165873],[28.7149826,47.1169198]]}},{"type":"Feature","id":443,"properties":{"row_id":"V27-R004","vineyard_id":"V27","row_structure":"regular","length_m":52.83,"plant_count":13,"max_gap_m":2.35,"tile_structures":{"siret3_r032_c021":"regular"}},"geometry":{"type":"LineString","coordinates":[[28.7145854,47.1165499],[28.7150237,47.1169192]]}},{"type":"Feature","id":444,"properties":{"row_id":"V27-R005","vineyard_id":"V27","row_structure":"regular","length_m":58,"plant_count":18,"max_gap_m":2.25,"tile_structures":{"siret3_r032_c021":"regular"}},"geometry":{"type":"LineString","coordinates":[[28.7145842,47.1165127],[28.7150645,47.1169186]]}},{"type":"Feature","id":445,"properties":{"row_id":"V27-R006","vineyard_id":"V27","row_structure":"regular","length_m":63.83,"plant_count":8,"max_gap_m":2.8,"tile_structures":{"siret3_r032_c021":"regular"}},"geometry":{"type":"LineString","coordinates":[[28.7145828,47.1164693],[28.7151079,47.116918]]}},{"type":"Feature","id":446,"properties":{"row_id":"V27-R007","vineyard_id":"V27","row_structure":"disrupted","length_m":64.49,"plant_count":11,"max_gap_m":5.1,"tile_structures":{"siret3_r032_c021":"disrupted"}},"geometry":{"type":"LineString","coordinates":[[28.7146132,47.1164646],[28.7151447,47.1169174]]}},{"type":"Feature","id":447,"properties":{"row_id":"V27-R008","vineyard_id":"V27","row_structure":"regular","length_m":57.4,"plant_count":16,"max_gap_m":3.28,"tile_structures":{"siret3_r032_c021":"regular"}},"geometry":{"type":"LineString","coordinates":[[28.7146545,47.116464],[28.7151294,47.116866]]}},{"type":"Feature","id":448,"properties":{"row_id":"V27-R009","vineyard_id":"V27","row_structure":"regular","length_m":50.78,"plant_count":6,"max_gap_m":0.05,"tile_structures":{"siret3_r032_c021":"regular"}},"geometry":{"type":"LineString","coordinates":[[28.7147088,47.1164632],[28.7151279,47.1168194]]}},{"type":"Feature","id":449,"properties":{"row_id":"V28-R001","vineyard_id":"V28","row_structure":"regular","length_m":43.05,"plant_count":4,"max_gap_m":2.7,"tile_structures":{"siret3_r032_c021":"regular"}},"geometry":{"type":"LineString","coordinates":[[28.7148334,47.1164613],[28.7151877,47.1167638]]}},{"type":"Feature","id":450,"properties":{"row_id":"V28-R002","vineyard_id":"V28","row_structure":"regular","length_m":38.95,"plant_count":9,"max_gap_m":2.85,"tile_structures":{"siret3_r032_c021":"regular"}},"geometry":{"type":"LineString","coordinates":[[28.71488,47.1164606],[28.7152014,47.1167338]]}},{"type":"Feature","id":451,"properties":{"row_id":"V28-R003","vineyard_id":"V28","row_structure":"regular","length_m":42.39,"plant_count":9,"max_gap_m":2.3,"tile_structures":{"siret3_r032_c021":"regular"}},"geometry":{"type":"LineString","coordinates":[[28.7149174,47.1164601],[28.715267,47.1167576]]}},{"type":"Feature","id":452,"properties":{"row_id":"V28-R004","vineyard_id":"V28","row_structure":"regular","length_m":36.48,"plant_count":8,"max_gap_m":0.85,"tile_structures":{"siret3_r032_c021":"regular"}},"geometry":{"type":"LineString","coordinates":[[28.7149645,47.1164594],[28.7152656,47.1167152]]}},{"type":"Feature","id":453,"properties":{"row_id":"V28-R005","vineyard_id":"V28","row_structure":"regular","length_m":31.67,"plant_count":2,"max_gap_m":0.45,"tile_structures":{"siret3_r032_c021":"regular"}},"geometry":{"type":"LineString","coordinates":[[28.7150029,47.1164588],[28.7152645,47.1166808]]}},{"type":"Feature","id":454,"properties":{"row_id":"V28-R006","vineyard_id":"V28","row_structure":"regular","length_m":46.51,"plant_count":9,"max_gap_m":0.75,"tile_structures":{"siret3_r032_c021":"regular","siret3_r032_c022":"regular","siret3_r033_c021":"regular"}},"geometry":{"type":"LineString","coordinates":[[28.71492,47.1163803],[28.7150118,47.1164586],[28.7152643,47.1166741],[28.7153029,47.116707]]}},{"type":"Feature","id":455,"properties":{"row_id":"V28-R007","vineyard_id":"V28","row_structure":"regular","length_m":27.61,"plant_count":14,"max_gap_m":0.98,"tile_structures":{"siret3_r032_c021":"regular"}},"geometry":{"type":"LineString","coordinates":[[28.7150338,47.1164583],[28.7152636,47.1166509]]}},{"type":"Feature","id":456,"properties":{"row_id":"V28-R008","vineyard_id":"V28","row_structure":"regular","length_m":50.4,"plant_count":16,"max_gap_m":2.33,"tile_structures":{"siret3_r032_c021":"regular","siret3_r032_c022":"regular","siret3_r033_c021":"regular"}},"geometry":{"type":"MultiLineString","coordinates":[[[28.7149301,47.1163442],[28.715025,47.116421],[28.7150687,47.1164578],[28.7152626,47.1166209]],[[28.7152626,47.1166209],[28.7152742,47.1166307],[28.7153523,47.1166942]]]}},{"type":"Feature","id":457,"properties":{"row_id":"V28-R009","vineyard_id":"V28","row_structure":"regular","length_m":20.44,"plant_count":4,"max_gap_m":4.38,"tile_structures":{"siret3_r032_c021":"regular"}},"geometry":{"type":"LineString","coordinates":[[28.7150913,47.1164575],[28.7152619,47.1165998]]}},{"type":"Feature","id":458,"properties":{"row_id":"V28-R010","vineyard_id":"V28","row_structure":"regular","length_m":56.12,"plant_count":21,"max_gap_m":1.6,"tile_structures":{"siret3_r032_c021":"regular","siret3_r032_c022":"regular","siret3_r033_c021":"regular"}},"geometry":{"type":"LineString","coordinates":[[28.7149511,47.1163158],[28.7151149,47.1164571],[28.7152612,47.1165762],[28.7154159,47.1167084]]}},{"type":"Feature","id":459,"properties":{"row_id":"V28-R011","vineyard_id":"V28","row_structure":"regular","length_m":55.98,"plant_count":24,"max_gap_m":1.88,"tile_structures":{"siret3_r032_c021":"regular","siret3_r032_c022":"regular","siret3_r033_c021":"regular"}},"geometry":{"type":"MultiLineString","coordinates":[[[28.7149771,47.1162995],[28.7151664,47.1164563],[28.7152598,47.1165337]],[[28.7152598,47.1165337],[28.7154462,47.1166882]]]}},{"type":"Feature","id":460,"properties":{"row_id":"V28-R012","vineyard_id":"V28","row_structure":"regular","length_m":55.94,"plant_count":17,"max_gap_m":1.9,"tile_structures":{"siret3_r032_c021":"regular","siret3_r032_c022":"regular","siret3_r033_c021":"regular"}},"geometry":{"type":"LineString","coordinates":[[28.7150081,47.11628],[28.7151636,47.1164135],[28.7152153,47.1164556],[28.7152584,47.1164907],[28.7154768,47.1166685]]}},{"type":"Feature","id":461,"properties":{"row_id":"V28-R013","vineyard_id":"V28","row_structure":"regular","length_m":55.89,"plant_count":20,"max_gap_m":2.03,"tile_structures":{"siret3_r032_c022":"regular","siret3_r033_c021":"regular","siret3_r033_c022":"regular"}},"geometry":{"type":"MultiLineString","coordinates":[[[28.7150368,47.1162616],[28.715257,47.1164452]],[[28.715257,47.1164452],[28.7152685,47.1164548],[28.7155034,47.1166507]]]}},{"type":"Feature","id":462,"properties":{"row_id":"V28-R014","vineyard_id":"V28","row_structure":"regular","length_m":55.1,"plant_count":18,"max_gap_m":1.15,"tile_structures":{"siret3_r032_c022":"regular","siret3_r033_c021":"regular","siret3_r033_c022":"regular"}},"geometry":{"type":"MultiLineString","coordinates":[[[28.7150568,47.1162489],[28.7152558,47.1164109]],[[28.7152558,47.1164109],[28.7153091,47.1164542],[28.7155235,47.1166286]]]}},{"type":"Feature","id":463,"properties":{"row_id":"V28-R015","vineyard_id":"V28","row_structure":"regular","length_m":55.3,"plant_count":23,"max_gap_m":2.2,"tile_structures":{"siret3_r032_c022":"regular","siret3_r033_c021":"regular","siret3_r033_c022":"regular"}},"geometry":{"type":"MultiLineString","coordinates":[[[28.7150873,47.1162297],[28.7152545,47.1163695]],[[28.7152545,47.1163695],[28.7152545,47.1163695],[28.7153604,47.1164534],[28.7155575,47.1166097]]]}},{"type":"Feature","id":464,"properties":{"row_id":"V28-R016","vineyard_id":"V28","row_structure":"regular","length_m":16.49,"plant_count":8,"max_gap_m":0.83,"tile_structures":{"siret3_r033_c021":"regular"}},"geometry":{"type":"LineString","coordinates":[[28.71512,47.116211],[28.7152532,47.1163283]]}},{"type":"Feature","id":465,"properties":{"row_id":"V28-R017","vineyard_id":"V28","row_structure":"regular","length_m":37.65,"plant_count":17,"max_gap_m":1.45,"tile_structures":{"siret3_r032_c022":"regular","siret3_r033_c022":"regular"}},"geometry":{"type":"LineString","coordinates":[[28.7152531,47.1163243],[28.7153516,47.116402],[28.715413,47.1164526],[28.715475,47.1165038],[28.7155737,47.1165827]]}},{"type":"Feature","id":466,"properties":{"row_id":"V28-R018","vineyard_id":"V28","row_structure":"regular","length_m":52.74,"plant_count":21,"max_gap_m":1.3,"tile_structures":{"siret3_r032_c022":"regular","siret3_r033_c021":"regular","siret3_r033_c022":"regular"}},"geometry":{"type":"LineString","coordinates":[[28.7151571,47.1161999],[28.7152441,47.1162736],[28.7152516,47.1162797],[28.7154639,47.1164519],[28.7154977,47.1164793],[28.7156007,47.1165652]]}},{"type":"Feature","id":467,"properties":{"row_id":"V28-R019","vineyard_id":"V28","row_structure":"regular","length_m":52.13,"plant_count":20,"max_gap_m":3.23,"tile_structures":{"siret3_r032_c022":"regular","siret3_r033_c021":"regular","siret3_r033_c022":"regular"}},"geometry":{"type":"LineString","coordinates":[[28.7151902,47.1161849],[28.7152502,47.1162361],[28.7155148,47.1164511],[28.7156304,47.116545]]}},{"type":"Feature","id":468,"properties":{"row_id":"V28-R020","vineyard_id":"V28","row_structure":"regular","length_m":49.88,"plant_count":21,"max_gap_m":4.13,"tile_structures":{"siret3_r032_c022":"regular","siret3_r033_c022":"regular"}},"geometry":{"type":"LineString","coordinates":[[28.7152489,47.1161956],[28.7155668,47.1164503],[28.7156753,47.1165372]]}},{"type":"Feature","id":469,"properties":{"row_id":"V28-R021","vineyard_id":"V28","row_structure":"disrupted","length_m":30.53,"plant_count":9,"max_gap_m":7.1,"tile_structures":{"siret3_r032_c022":"regular","siret3_r033_c022":"disrupted"}},"geometry":{"type":"LineString","coordinates":[[28.715437,47.116304],[28.7156188,47.1164496],[28.7156622,47.1164843],[28.7156965,47.1165138]]}},{"type":"Feature","id":470,"properties":{"row_id":"V28-R022","vineyard_id":"V28","row_structure":"regular","length_m":7.55,"plant_count":1,"max_gap_m":0,"tile_structures":{"siret3_r032_c022":"regular"}},"geometry":{"type":"LineString","coordinates":[[28.7156706,47.1164488],[28.7157332,47.1165016]]}},{"type":"Feature","id":471,"properties":{"row_id":"V29-R001","vineyard_id":"V29","row_structure":"regular","length_m":11.69,"plant_count":1,"max_gap_m":0,"tile_structures":{"siret3_r032_c020":"regular"}},"geometry":{"type":"LineString","coordinates":[[28.7139101,47.1165401],[28.7140087,47.1166209]]}},{"type":"Feature","id":472,"properties":{"row_id":"V29-R002","vineyard_id":"V29","row_structure":"regular","length_m":74.98,"plant_count":7,"max_gap_m":0.83,"tile_structures":{"siret3_r032_c019":"regular","siret3_r032_c020":"regular","siret3_r033_c019":"regular"}},"geometry":{"type":"LineString","coordinates":[[28.7134068,47.1161094],[28.7138754,47.1164757],[28.7139089,47.1165018],[28.7139153,47.1165068],[28.7140538,47.1166192]]}},{"type":"Feature","id":473,"properties":{"row_id":"V29-R003","vineyard_id":"V29","row_structure":"regular","length_m":81,"plant_count":5,"max_gap_m":1.9,"tile_structures":{"siret3_r032_c020":"regular","siret3_r033_c019":"regular","siret3_r033_c020":"regular"}},"geometry":{"type":"LineString","coordinates":[[28.7133836,47.1160518],[28.7139076,47.1164626],[28.7139233,47.1164749],[28.7140846,47.1166014]]}},{"type":"Feature","id":474,"properties":{"row_id":"V29-R004","vineyard_id":"V29","row_structure":"regular","length_m":2.86,"plant_count":1,"max_gap_m":0,"tile_structures":{"siret3_r033_c020":"regular"}},"geometry":{"type":"LineString","coordinates":[[28.7139074,47.116457],[28.7139347,47.1164748]]}},{"type":"Feature","id":475,"properties":{"row_id":"V29-R005","vineyard_id":"V29","row_structure":"regular","length_m":15.97,"plant_count":1,"max_gap_m":0,"tile_structures":{"siret3_r032_c020":"regular"}},"geometry":{"type":"LineString","coordinates":[[28.7139665,47.1164743],[28.7141049,47.1165825]]}},{"type":"Feature","id":476,"properties":{"row_id":"V29-R006","vineyard_id":"V29","row_structure":"regular","length_m":58.48,"plant_count":2,"max_gap_m":0,"tile_structures":{"siret3_r033_c019":"regular","siret3_r033_c020":"regular"}},"geometry":{"type":"LineString","coordinates":[[28.71347,47.1160782],[28.7139063,47.1164202],[28.7139486,47.1164534],[28.7139775,47.1164741]]}},{"type":"Feature","id":477,"properties":{"row_id":"V29-R007","vineyard_id":"V29","row_structure":"regular","length_m":12.81,"plant_count":0,"max_gap_m":0,"tile_structures":{"siret3_r033_c020":"regular"}},"geometry":{"type":"LineString","coordinates":[[28.7139053,47.1163917],[28.7140245,47.1164734]]}},{"type":"Feature","id":478,"properties":{"row_id":"V29-R008","vineyard_id":"V29","row_structure":"regular","length_m":80.11,"plant_count":5,"max_gap_m":0.95,"tile_structures":{"siret3_r032_c020":"regular","siret3_r033_c019":"regular","siret3_r033_c020":"regular"}},"geometry":{"type":"LineString","coordinates":[[28.7134428,47.1160214],[28.7139051,47.1163831],[28.7140206,47.1164735],[28.7141369,47.1165645]]}},{"type":"Feature","id":479,"properties":{"row_id":"V29-R009","vineyard_id":"V29","row_structure":"regular","length_m":79.43,"plant_count":6,"max_gap_m":2.08,"tile_structures":{"siret3_r032_c020":"regular","siret3_r033_c019":"regular","siret3_r033_c020":"regular"}},"geometry":{"type":"LineString","coordinates":[[28.7134826,47.1160208],[28.7138396,47.1163015],[28.7139024,47.1163527],[28.7139041,47.116354],[28.7140376,47.1164547],[28.7140585,47.1164729],[28.7140956,47.1165056],[28.7141677,47.1165609]]}},{"type":"Feature","id":480,"properties":{"row_id":"V29-R010","vineyard_id":"V29","row_structure":"regular","length_m":76.79,"plant_count":5,"max_gap_m":0.23,"tile_structures":{"siret3_r032_c020":"regular","siret3_r033_c019":"regular","siret3_r033_c020":"regular"}},"geometry":{"type":"LineString","coordinates":[[28.7135265,47.1160201],[28.713903,47.1163186],[28.7139468,47.1163533],[28.7141046,47.1164722],[28.7141453,47.116503],[28.714192,47.1165405]]}},{"type":"Feature","id":481,"properties":{"row_id":"V29-R011","vineyard_id":"V29","row_structure":"regular","length_m":27.53,"plant_count":5,"max_gap_m":0.83,"tile_structures":{"siret3_r033_c020":"regular"}},"geometry":{"type":"LineString","coordinates":[[28.7139024,47.1162992],[28.7141631,47.1164714]]}},{"type":"Feature","id":482,"properties":{"row_id":"V29-R012","vineyard_id":"V29","row_structure":"regular","length_m":7.26,"plant_count":2,"max_gap_m":0.03,"tile_structures":{"siret3_r032_c020":"regular"}},"geometry":{"type":"LineString","coordinates":[[28.7141528,47.1164715],[28.7142153,47.116521]]}},{"type":"Feature","id":483,"properties":{"row_id":"V29-R013","vineyard_id":"V29","row_structure":"regular","length_m":31.76,"plant_count":2,"max_gap_m":0.05,"tile_structures":{"siret3_r033_c020":"regular"}},"geometry":{"type":"LineString","coordinates":[[28.7139015,47.1162727],[28.7142033,47.1164708]]}},{"type":"Feature","id":484,"properties":{"row_id":"V30-R001","vineyard_id":"V30","row_structure":"regular","length_m":53.69,"plant_count":17,"max_gap_m":3.93,"tile_structures":{"siret3_r033_c022":"regular"}},"geometry":{"type":"LineString","coordinates":[[28.7154568,47.1159912],[28.7159289,47.116351]]}},{"type":"Feature","id":485,"properties":{"row_id":"V30-R002","vineyard_id":"V30","row_structure":"regular","length_m":46.15,"plant_count":15,"max_gap_m":6.38,"tile_structures":{"siret3_r033_c022":"regular"}},"geometry":{"type":"LineString","coordinates":[[28.7155178,47.1159903],[28.7159271,47.1162974]]}},{"type":"Feature","id":486,"properties":{"row_id":"V30-R003","vineyard_id":"V30","row_structure":"disrupted","length_m":38.76,"plant_count":12,"max_gap_m":14.6,"tile_structures":{"siret3_r033_c022":"disrupted"}},"geometry":{"type":"LineString","coordinates":[[28.7155791,47.1159894],[28.7159255,47.1162457]]}},{"type":"Feature","id":487,"properties":{"row_id":"V30-R004","vineyard_id":"V30","row_structure":"regular","length_m":34.95,"plant_count":11,"max_gap_m":1.1,"tile_structures":{"siret3_r033_c022":"regular"}},"geometry":{"type":"LineString","coordinates":[[28.7156194,47.1159888],[28.7159248,47.1162242]]}},{"type":"Feature","id":488,"properties":{"row_id":"V31-R001","vineyard_id":"V31","row_structure":"regular","length_m":1,"plant_count":1,"max_gap_m":0,"tile_structures":{"siret3_r034_c026":"regular"}},"geometry":{"type":"LineString","coordinates":[[28.7181978,47.1157788],[28.7182045,47.1157709]]}},{"type":"Feature","id":489,"properties":{"row_id":"V31-R002","vineyard_id":"V31","row_structure":"disrupted","length_m":18.21,"plant_count":4,"max_gap_m":5.23,"tile_structures":{"siret3_r034_c026":"disrupted"}},"geometry":{"type":"LineString","coordinates":[[28.7181129,47.1157969],[28.7182374,47.1156569]]}},{"type":"Feature","id":490,"properties":{"row_id":"V31-R003","vineyard_id":"V31","row_structure":"regular","length_m":15.27,"plant_count":4,"max_gap_m":1.55,"tile_structures":{"siret3_r034_c026":"regular"}},"geometry":{"type":"LineString","coordinates":[[28.7180795,47.1157965],[28.7181811,47.1156779]]}},{"type":"Feature","id":491,"properties":{"row_id":"V31-R004","vineyard_id":"V31","row_structure":"regular","length_m":16.08,"plant_count":5,"max_gap_m":1.88,"tile_structures":{"siret3_r034_c026":"regular"}},"geometry":{"type":"LineString","coordinates":[[28.7180631,47.1157913],[28.7181694,47.1156661]]}},{"type":"Feature","id":492,"properties":{"row_id":"V31-R005","vineyard_id":"V31","row_structure":"regular","length_m":15.21,"plant_count":4,"max_gap_m":6.7,"tile_structures":{"siret3_r034_c026":"regular"}},"geometry":{"type":"LineString","coordinates":[[28.718047,47.1157754],[28.718146,47.1156564]]}},{"type":"Feature","id":493,"properties":{"row_id":"V31-R006","vineyard_id":"V31","row_structure":"disrupted","length_m":15.11,"plant_count":4,"max_gap_m":6.4,"tile_structures":{"siret3_r034_c026":"disrupted"}},"geometry":{"type":"LineString","coordinates":[[28.7180453,47.1157218],[28.7181486,47.1156056]]}},{"type":"Feature","id":494,"properties":{"row_id":"V31-R007","vineyard_id":"V31","row_structure":"regular","length_m":1.12,"plant_count":1,"max_gap_m":0,"tile_structures":{"siret3_r034_c026":"regular"}},"geometry":{"type":"LineString","coordinates":[[28.7180736,47.1156266],[28.718081,47.1156178]]}},{"type":"Feature","id":495,"properties":{"row_id":"V31-R008","vineyard_id":"V31","row_structure":"regular","length_m":3.34,"plant_count":2,"max_gap_m":1.83,"tile_structures":{"siret3_r034_c026":"regular"}},"geometry":{"type":"LineString","coordinates":[[28.7179913,47.1156919],[28.7180127,47.1156657]]}},{"type":"Feature","id":496,"properties":{"row_id":"V31-R009","vineyard_id":"V31","row_structure":"regular","length_m":17.9,"plant_count":3,"max_gap_m":6.63,"tile_structures":{"siret3_r034_c026":"regular"}},"geometry":{"type":"LineString","coordinates":[[28.7179323,47.1156849],[28.7180548,47.1155473]]}},{"type":"Feature","id":497,"properties":{"row_id":"V32-R001","vineyard_id":"V32","row_structure":"regular","length_m":4.22,"plant_count":2,"max_gap_m":2.3,"tile_structures":{"siret3_r034_c025":"regular"}},"geometry":{"type":"LineString","coordinates":[[28.7178352,47.1156024],[28.7178756,47.1156285]]}},{"type":"Feature","id":498,"properties":{"row_id":"V32-R002","vineyard_id":"V32","row_structure":"regular","length_m":10.09,"plant_count":4,"max_gap_m":1.25,"tile_structures":{"siret3_r034_c025":"regular"}},"geometry":{"type":"LineString","coordinates":[[28.717834,47.1155719],[28.7179306,47.1156343]]}},{"type":"Feature","id":499,"properties":{"row_id":"V32-R003","vineyard_id":"V32","row_structure":"regular","length_m":5.02,"plant_count":4,"max_gap_m":0.4,"tile_structures":{"siret3_r034_c025":"regular"}},"geometry":{"type":"LineString","coordinates":[[28.7178815,47.1155685],[28.7179295,47.1155995]]}},{"type":"Feature","id":500,"properties":{"row_id":"V32-R004","vineyard_id":"V32","row_structure":"regular","length_m":6.54,"plant_count":2,"max_gap_m":0.7,"tile_structures":{"siret3_r034_c025":"regular"}},"geometry":{"type":"LineString","coordinates":[[28.7178662,47.1155363],[28.7179288,47.1155768]]}},{"type":"Feature","id":501,"properties":{"row_id":"V33-R001","vineyard_id":"V33","row_structure":"regular","length_m":8.32,"plant_count":3,"max_gap_m":3.5,"tile_structures":{"siret3_r035_c020":"regular"}},"geometry":{"type":"LineString","coordinates":[[28.7139753,47.1155527],[28.7140614,47.1155063]]}},{"type":"Feature","id":502,"properties":{"row_id":"V33-R002","vineyard_id":"V33","row_structure":"regular","length_m":11.54,"plant_count":3,"max_gap_m":1.6,"tile_structures":{"siret3_r035_c020":"regular"}},"geometry":{"type":"LineString","coordinates":[[28.713925,47.1155534],[28.7140444,47.1154891]]}},{"type":"Feature","id":503,"properties":{"row_id":"V33-R003","vineyard_id":"V33","row_structure":"regular","length_m":10.17,"plant_count":3,"max_gap_m":0.23,"tile_structures":{"siret3_r035_c020":"regular"}},"geometry":{"type":"LineString","coordinates":[[28.7138797,47.1155541],[28.7139833,47.1154961]]}},{"type":"Feature","id":504,"properties":{"row_id":"V34-R001","vineyard_id":"V34","row_structure":"regular","length_m":55.22,"plant_count":13,"max_gap_m":0.93,"tile_structures":{"siret3_r034_c021":"regular","siret3_r035_c021":"regular"}},"geometry":{"type":"MultiLineString","coordinates":[[[28.7147717,47.115288],[28.7150688,47.1155363]],[[28.7150688,47.1155363],[28.7152321,47.1156728]]]}},{"type":"Feature","id":505,"properties":{"row_id":"V34-R002","vineyard_id":"V34","row_structure":"regular","length_m":53.22,"plant_count":18,"max_gap_m":1.63,"tile_structures":{"siret3_r034_c021":"regular","siret3_r035_c021":"regular"}},"geometry":{"type":"MultiLineString","coordinates":[[[28.7147858,47.1152569],[28.7151231,47.1155355]],[[28.7151231,47.1155355],[28.7151231,47.1155355],[28.7152307,47.115627]]]}},{"type":"Feature","id":506,"properties":{"row_id":"V34-R003","vineyard_id":"V34","row_structure":"regular","length_m":46.52,"plant_count":19,"max_gap_m":1.23,"tile_structures":{"siret3_r034_c021":"regular","siret3_r035_c021":"regular"}},"geometry":{"type":"MultiLineString","coordinates":[[[28.7148387,47.115257],[28.7151791,47.1155347]],[[28.7151791,47.1155347],[28.7151791,47.1155347],[28.7152291,47.1155796]]]}},{"type":"Feature","id":507,"properties":{"row_id":"V34-R004","vineyard_id":"V34","row_structure":"regular","length_m":40.3,"plant_count":13,"max_gap_m":1.48,"tile_structures":{"siret3_r035_c021":"regular"}},"geometry":{"type":"LineString","coordinates":[[28.7148879,47.1152547],[28.7152266,47.1155339]]}},{"type":"Feature","id":508,"properties":{"row_id":"V35-R001","vineyard_id":"V35","row_structure":"regular","length_m":26.86,"plant_count":9,"max_gap_m":0.35,"tile_structures":{"siret3_r035_c022":"regular"}},"geometry":{"type":"LineString","coordinates":[[28.7152215,47.1153432],[28.7154448,47.1155307]]}},{"type":"Feature","id":509,"properties":{"row_id":"V35-R002","vineyard_id":"V35","row_structure":"disrupted","length_m":22.52,"plant_count":6,"max_gap_m":9.82,"tile_structures":{"siret3_r035_c021":"disrupted"}},"geometry":{"type":"LineString","coordinates":[[28.7150137,47.1151685],[28.7152206,47.1153138]]}},{"type":"Feature","id":510,"properties":{"row_id":"V35-R003","vineyard_id":"V35","row_structure":"regular","length_m":32.81,"plant_count":12,"max_gap_m":6.48,"tile_structures":{"siret3_r035_c022":"regular"}},"geometry":{"type":"LineString","coordinates":[[28.7152202,47.1153023],[28.7154955,47.1155299]]}},{"type":"Feature","id":511,"properties":{"row_id":"V35-R004","vineyard_id":"V35","row_structure":"regular","length_m":21.31,"plant_count":11,"max_gap_m":1.4,"tile_structures":{"siret3_r035_c021":"regular"}},"geometry":{"type":"LineString","coordinates":[[28.7150284,47.1151357],[28.7152194,47.1152763]]}},{"type":"Feature","id":512,"properties":{"row_id":"V35-R005","vineyard_id":"V35","row_structure":"disrupted","length_m":38.17,"plant_count":15,"max_gap_m":5.58,"tile_structures":{"siret3_r035_c022":"disrupted"}},"geometry":{"type":"LineString","coordinates":[[28.715219,47.115264],[28.7155383,47.1155293]]}},{"type":"Feature","id":513,"properties":{"row_id":"V35-R006","vineyard_id":"V35","row_structure":"regular","length_m":41.98,"plant_count":15,"max_gap_m":4.63,"tile_structures":{"siret3_r035_c022":"regular"}},"geometry":{"type":"LineString","coordinates":[[28.7152182,47.1152396],[28.7155742,47.1155287]]}},{"type":"Feature","id":514,"properties":{"row_id":"V35-R007","vineyard_id":"V35","row_structure":"regular","length_m":8.48,"plant_count":2,"max_gap_m":2.2,"tile_structures":{"siret3_r035_c021":"regular"}},"geometry":{"type":"LineString","coordinates":[[28.715104,47.1151486],[28.7151809,47.115204]]}},{"type":"Feature","id":515,"properties":{"row_id":"V35-R008","vineyard_id":"V35","row_structure":"regular","length_m":48.27,"plant_count":7,"max_gap_m":0.7,"tile_structures":{"siret3_r035_c022":"regular"}},"geometry":{"type":"LineString","coordinates":[[28.7152167,47.115192],[28.7156197,47.1155281]]}},{"type":"Feature","id":516,"properties":{"row_id":"V36-R001","vineyard_id":"V36","row_structure":"regular","length_m":62.74,"plant_count":17,"max_gap_m":2.9,"tile_structures":{"siret3_r035_c022":"regular"}},"geometry":{"type":"LineString","coordinates":[[28.7152133,47.1150886],[28.7157353,47.1155263]]}},{"type":"Feature","id":517,"properties":{"row_id":"V36-R002","vineyard_id":"V36","row_structure":"regular","length_m":65.19,"plant_count":19,"max_gap_m":4.33,"tile_structures":{"siret3_r035_c022":"regular"}},"geometry":{"type":"LineString","coordinates":[[28.7152427,47.115073],[28.7157892,47.1155255]]}},{"type":"Feature","id":518,"properties":{"row_id":"V36-R003","vineyard_id":"V36","row_structure":"disrupted","length_m":65.02,"plant_count":14,"max_gap_m":8.55,"tile_structures":{"siret3_r035_c022":"disrupted"}},"geometry":{"type":"LineString","coordinates":[[28.7153312,47.1150716],[28.715874,47.1155242]]}},{"type":"Feature","id":519,"properties":{"row_id":"V37-R001","vineyard_id":"V37","row_structure":"regular","length_m":19.75,"plant_count":3,"max_gap_m":0,"tile_structures":{"siret3_r035_c026":"regular"}},"geometry":{"type":"LineString","coordinates":[[28.718425,47.1153339],[28.7185915,47.1151974]]}},{"type":"Feature","id":520,"properties":{"row_id":"V37-R002","vineyard_id":"V37","row_structure":"regular","length_m":6.98,"plant_count":1,"max_gap_m":0,"tile_structures":{"siret3_r035_c026":"regular"}},"geometry":{"type":"LineString","coordinates":[[28.7182361,47.1154888],[28.718295,47.1154405]]}},{"type":"Feature","id":521,"properties":{"row_id":"V37-R003","vineyard_id":"V37","row_structure":"regular","length_m":48.18,"plant_count":10,"max_gap_m":4.93,"tile_structures":{"siret3_r035_c026":"regular"}},"geometry":{"type":"LineString","coordinates":[[28.7181836,47.1154896],[28.7185902,47.1151566]]}},{"type":"Feature","id":522,"properties":{"row_id":"V37-R004","vineyard_id":"V37","row_structure":"regular","length_m":14.78,"plant_count":1,"max_gap_m":0.03,"tile_structures":{"siret3_r035_c026":"regular"}},"geometry":{"type":"LineString","coordinates":[[28.7184643,47.1152202],[28.7185889,47.1151181]]}},{"type":"Feature","id":523,"properties":{"row_id":"V37-R005","vineyard_id":"V37","row_structure":"regular","length_m":34.98,"plant_count":17,"max_gap_m":2.28,"tile_structures":{"siret3_r035_c026":"regular"}},"geometry":{"type":"LineString","coordinates":[[28.7181346,47.1154904],[28.7184297,47.1152486]]}},{"type":"Feature","id":524,"properties":{"row_id":"V37-R006","vineyard_id":"V37","row_structure":"disrupted","length_m":59.76,"plant_count":16,"max_gap_m":10.25,"tile_structures":{"siret3_r035_c026":"disrupted"}},"geometry":{"type":"LineString","coordinates":[[28.7180871,47.1154911],[28.7185876,47.1150759]]}},{"type":"Feature","id":525,"properties":{"row_id":"V37-R007","vineyard_id":"V37","row_structure":"regular","length_m":63.32,"plant_count":24,"max_gap_m":3.3,"tile_structures":{"siret3_r035_c026":"regular"}},"geometry":{"type":"LineString","coordinates":[[28.7180391,47.1154918],[28.7185705,47.1150525]]}},{"type":"Feature","id":526,"properties":{"row_id":"V37-R008","vineyard_id":"V37","row_structure":"regular","length_m":63.47,"plant_count":20,"max_gap_m":5.18,"tile_structures":{"siret3_r035_c026":"regular"}},"geometry":{"type":"LineString","coordinates":[[28.7180278,47.1154625],[28.7185622,47.1150232]]}},{"type":"Feature","id":527,"properties":{"row_id":"V37-R009","vineyard_id":"V37","row_structure":"regular","length_m":61.35,"plant_count":27,"max_gap_m":2.08,"tile_structures":{"siret3_r035_c026":"regular"}},"geometry":{"type":"LineString","coordinates":[[28.7179987,47.1154472],[28.7185176,47.1150239]]}},{"type":"Feature","id":528,"properties":{"row_id":"V37-R010","vineyard_id":"V37","row_structure":"regular","length_m":57.69,"plant_count":13,"max_gap_m":4.18,"tile_structures":{"siret3_r035_c026":"regular"}},"geometry":{"type":"LineString","coordinates":[[28.7179842,47.1154239],[28.7184697,47.1150246]]}},{"type":"Feature","id":529,"properties":{"row_id":"V37-R011","vineyard_id":"V37","row_structure":"regular","length_m":59.17,"plant_count":13,"max_gap_m":1.85,"tile_structures":{"siret3_r035_c026":"regular"}},"geometry":{"type":"LineString","coordinates":[[28.7179242,47.1154346],[28.7184227,47.1150253]]}},{"type":"Feature","id":530,"properties":{"row_id":"V37-R012","vineyard_id":"V37","row_structure":"regular","length_m":54.64,"plant_count":3,"max_gap_m":0.35,"tile_structures":{"siret3_r035_c026":"regular"}},"geometry":{"type":"LineString","coordinates":[[28.7179232,47.1154034],[28.7183845,47.1150259]]}},{"type":"Feature","id":531,"properties":{"row_id":"V37-R013","vineyard_id":"V37","row_structure":"regular","length_m":51.42,"plant_count":6,"max_gap_m":0.8,"tile_structures":{"siret3_r035_c026":"regular"}},"geometry":{"type":"LineString","coordinates":[[28.7179225,47.1153812],[28.7183573,47.1150263]]}},{"type":"Feature","id":532,"properties":{"row_id":"V38-R001","vineyard_id":"V38","row_structure":"regular","length_m":64.97,"plant_count":11,"max_gap_m":0.65,"tile_structures":{"siret3_r035_c022":"regular","siret3_r035_c023":"regular"}},"geometry":{"type":"LineString","coordinates":[[28.7154043,47.1150705],[28.715901,47.1154856],[28.715946,47.1155232]]}},{"type":"Feature","id":533,"properties":{"row_id":"V38-R002","vineyard_id":"V38","row_structure":"regular","length_m":5.15,"plant_count":2,"max_gap_m":0.25,"tile_structures":{"siret3_r036_c022":"regular"}},"geometry":{"type":"LineString","coordinates":[[28.7153373,47.1150086],[28.7153798,47.1150447]]}},{"type":"Feature","id":534,"properties":{"row_id":"V38-R003","vineyard_id":"V38","row_structure":"regular","length_m":63.21,"plant_count":19,"max_gap_m":3.18,"tile_structures":{"siret3_r035_c022":"regular","siret3_r036_c022":"regular"}},"geometry":{"type":"LineString","coordinates":[[28.7153682,47.1150018],[28.7154507,47.1150698],[28.7158996,47.1154398]]}},{"type":"Feature","id":535,"properties":{"row_id":"V38-R004","vineyard_id":"V38","row_structure":"regular","length_m":66.94,"plant_count":21,"max_gap_m":4,"tile_structures":{"siret3_r035_c022":"regular","siret3_r035_c023":"regular","siret3_r036_c022":"regular"}},"geometry":{"type":"LineString","coordinates":[[28.7153911,47.1149853],[28.7154922,47.1150692],[28.7158985,47.1154065],[28.7159515,47.1154504]]}},{"type":"Feature","id":536,"properties":{"row_id":"V38-R005","vineyard_id":"V38","row_structure":"regular","length_m":66.07,"plant_count":25,"max_gap_m":4.93,"tile_structures":{"siret3_r035_c022":"regular","siret3_r035_c023":"regular","siret3_r036_c022":"regular"}},"geometry":{"type":"LineString","coordinates":[[28.7154202,47.114971],[28.7155357,47.1150686],[28.7158975,47.1153743],[28.7159674,47.1154334]]}},{"type":"Feature","id":537,"properties":{"row_id":"V38-R006","vineyard_id":"V38","row_structure":"regular","length_m":53.74,"plant_count":5,"max_gap_m":0.57,"tile_structures":{"siret3_r035_c022":"regular","siret3_r036_c022":"regular"}},"geometry":{"type":"LineString","coordinates":[[28.7154479,47.1149571],[28.7155805,47.1150679],[28.7158961,47.1153315]]}},{"type":"Feature","id":538,"properties":{"row_id":"V38-R007","vineyard_id":"V38","row_structure":"disrupted","length_m":32.56,"plant_count":10,"max_gap_m":7.08,"tile_structures":{"siret3_r035_c022":"disrupted"}},"geometry":{"type":"LineString","coordinates":[[28.715625,47.1150672],[28.7158949,47.115295]]}},{"type":"Feature","id":539,"properties":{"row_id":"V39-R001","vineyard_id":"V39","row_structure":"regular","length_m":21.63,"plant_count":8,"max_gap_m":5,"tile_structures":{"siret3_r035_c022":"regular"}},"geometry":{"type":"LineString","coordinates":[[28.7157116,47.1150659],[28.7158924,47.1152164]]}},{"type":"Feature","id":540,"properties":{"row_id":"V39-R002","vineyard_id":"V39","row_structure":"regular","length_m":17.51,"plant_count":3,"max_gap_m":2.05,"tile_structures":{"siret3_r035_c022":"regular"}},"geometry":{"type":"LineString","coordinates":[[28.7157458,47.1150654],[28.7158915,47.1151876]]}},{"type":"Feature","id":541,"properties":{"row_id":"V39-R003","vineyard_id":"V39","row_structure":"regular","length_m":13.49,"plant_count":6,"max_gap_m":1.58,"tile_structures":{"siret3_r035_c022":"regular"}},"geometry":{"type":"LineString","coordinates":[[28.7157771,47.115065],[28.7158905,47.1151584]]}},{"type":"Feature","id":542,"properties":{"row_id":"V40-R001","vineyard_id":"V40","row_structure":"disrupted","length_m":55.59,"plant_count":5,"max_gap_m":5.38,"tile_structures":{"siret3_r036_c026":"disrupted"}},"geometry":{"type":"LineString","coordinates":[[28.7181832,47.1145681],[28.7185847,47.1149865]]}},{"type":"Feature","id":543,"properties":{"row_id":"V40-R002","vineyard_id":"V40","row_structure":"disrupted","length_m":47.3,"plant_count":7,"max_gap_m":7.43,"tile_structures":{"siret3_r036_c026":"disrupted"}},"geometry":{"type":"LineString","coordinates":[[28.7182438,47.1145672],[28.7185827,47.1149244]]}},{"type":"Feature","id":544,"properties":{"row_id":"V40-R003","vineyard_id":"V40","row_structure":"disrupted","length_m":39.2,"plant_count":11,"max_gap_m":7.25,"tile_structures":{"siret3_r036_c026":"disrupted"}},"geometry":{"type":"LineString","coordinates":[[28.7182941,47.1145665],[28.7185806,47.1148599]]}},{"type":"Feature","id":545,"properties":{"row_id":"V40-R004","vineyard_id":"V40","row_structure":"disrupted","length_m":34.63,"plant_count":10,"max_gap_m":11.28,"tile_structures":{"siret3_r036_c026":"disrupted"}},"geometry":{"type":"LineString","coordinates":[[28.7183306,47.1145659],[28.7185796,47.114827]]}},{"type":"Feature","id":546,"properties":{"row_id":"V41-R001","vineyard_id":"V41","row_structure":"disrupted","length_m":42.75,"plant_count":8,"max_gap_m":4.97,"tile_structures":{"siret3_r036_c023":"disrupted"}},"geometry":{"type":"LineString","coordinates":[[28.7162488,47.1145971],[28.7165577,47.1149188]]}},{"type":"Feature","id":547,"properties":{"row_id":"V41-R002","vineyard_id":"V41","row_structure":"disrupted","length_m":33.51,"plant_count":5,"max_gap_m":5.38,"tile_structures":{"siret3_r036_c023":"disrupted"}},"geometry":{"type":"LineString","coordinates":[[28.7162905,47.1145965],[28.7165321,47.1148489]]}},{"type":"Feature","id":548,"properties":{"row_id":"V41-R003","vineyard_id":"V41","row_structure":"disrupted","length_m":31.2,"plant_count":2,"max_gap_m":22.15,"tile_structures":{"siret3_r036_c023":"disrupted"}},"geometry":{"type":"LineString","coordinates":[[28.7163297,47.1145959],[28.7165549,47.1148308]]}},{"type":"Feature","id":549,"properties":{"row_id":"V41-R004","vineyard_id":"V41","row_structure":"disrupted","length_m":21.61,"plant_count":3,"max_gap_m":6.98,"tile_structures":{"siret3_r036_c024":"disrupted"}},"geometry":{"type":"LineString","coordinates":[[28.7165534,47.1147827],[28.7167072,47.1149463]]}},{"type":"Feature","id":550,"properties":{"row_id":"V41-R005","vineyard_id":"V41","row_structure":"regular","length_m":14.83,"plant_count":5,"max_gap_m":4.2,"tile_structures":{"siret3_r036_c024":"regular"}},"geometry":{"type":"LineString","coordinates":[[28.7165519,47.1147362],[28.716659,47.1148478]]}},{"type":"Feature","id":551,"properties":{"row_id":"V41-R006","vineyard_id":"V41","row_structure":"disrupted","length_m":38.22,"plant_count":2,"max_gap_m":20.18,"tile_structures":{"siret3_r036_c023":"regular","siret3_r036_c024":"disrupted"}},"geometry":{"type":"LineString","coordinates":[[28.7165445,47.1146802],[28.7165503,47.1146861],[28.716822,47.1149672]]}},{"type":"Feature","id":552,"properties":{"row_id":"V41-R007","vineyard_id":"V41","row_structure":"regular","length_m":20.98,"plant_count":9,"max_gap_m":1.18,"tile_structures":{"siret3_r035_c025":"regular"}},"geometry":{"type":"LineString","coordinates":[[28.7172465,47.1153485],[28.7174088,47.1155012]]}},{"type":"Feature","id":553,"properties":{"row_id":"V41-R008","vineyard_id":"V41","row_structure":"disrupted","length_m":44.29,"plant_count":4,"max_gap_m":21.43,"tile_structures":{"siret3_r036_c024":"disrupted"}},"geometry":{"type":"LineString","coordinates":[[28.7165485,47.1146301],[28.7168655,47.1149646]]}},{"type":"Feature","id":554,"properties":{"row_id":"V41-R009","vineyard_id":"V41","row_structure":"regular","length_m":47.21,"plant_count":12,"max_gap_m":3.3,"tile_structures":{"siret3_r036_c024":"regular"}},"geometry":{"type":"LineString","coordinates":[[28.7165538,47.1145926],[28.7168994,47.1149458]]}},{"type":"Feature","id":555,"properties":{"row_id":"V41-R010","vineyard_id":"V41","row_structure":"disrupted","length_m":31.12,"plant_count":4,"max_gap_m":10.43,"tile_structures":{"siret3_r035_c025":"disrupted"}},"geometry":{"type":"LineString","coordinates":[[28.7172441,47.1152736],[28.7174852,47.1155001]]}},{"type":"Feature","id":556,"properties":{"row_id":"V41-R011","vineyard_id":"V41","row_structure":"regular","length_m":51.38,"plant_count":14,"max_gap_m":2.05,"tile_structures":{"siret3_r036_c024":"regular","siret3_r037_c024":"regular"}},"geometry":{"type":"LineString","coordinates":[[28.7165454,47.1145354],[28.7166004,47.1145919],[28.7169199,47.1149204]]}},{"type":"Feature","id":557,"properties":{"row_id":"V41-R012","vineyard_id":"V41","row_structure":"regular","length_m":35.39,"plant_count":8,"max_gap_m":4.13,"tile_structures":{"siret3_r035_c025":"regular"}},"geometry":{"type":"LineString","coordinates":[[28.7172432,47.1152445],[28.7175224,47.1154995]]}},{"type":"Feature","id":558,"properties":{"row_id":"V41-R013","vineyard_id":"V41","row_structure":"regular","length_m":35.25,"plant_count":11,"max_gap_m":2,"tile_structures":{"siret3_r036_c024":"regular"}},"geometry":{"type":"LineString","coordinates":[[28.7166923,47.114642],[28.7169541,47.1149041]]}},{"type":"Feature","id":559,"properties":{"row_id":"V41-R014","vineyard_id":"V41","row_structure":"regular","length_m":13.95,"plant_count":4,"max_gap_m":3.5,"tile_structures":{"siret3_r037_c024":"regular"}},"geometry":{"type":"LineString","coordinates":[[28.7165438,47.1144856],[28.7166431,47.1145912]]}},{"type":"Feature","id":560,"properties":{"row_id":"V41-R015","vineyard_id":"V41","row_structure":"regular","length_m":62.99,"plant_count":22,"max_gap_m":3.4,"tile_structures":{"siret3_r035_c024":"regular","siret3_r035_c025":"regular"}},"geometry":{"type":"LineString","coordinates":[[28.7170844,47.1150454],[28.7172413,47.1151882],[28.7175826,47.1154986]]}},{"type":"Feature","id":561,"properties":{"row_id":"V41-R016","vineyard_id":"V41","row_structure":"regular","length_m":62.6,"plant_count":14,"max_gap_m":2.15,"tile_structures":{"siret3_r035_c024":"regular","siret3_r035_c025":"regular"}},"geometry":{"type":"LineString","coordinates":[[28.7171279,47.1150447],[28.7172401,47.1151486],[28.7176172,47.1154981]]}},{"type":"Feature","id":562,"properties":{"row_id":"V41-R017","vineyard_id":"V41","row_structure":"disrupted","length_m":61.68,"plant_count":14,"max_gap_m":9.8,"tile_structures":{"siret3_r036_c024":"regular","siret3_r037_c024":"disrupted"}},"geometry":{"type":"LineString","coordinates":[[28.7165423,47.1144402],[28.716691,47.1145905],[28.7169972,47.1149001]]}},{"type":"Feature","id":563,"properties":{"row_id":"V41-R018","vineyard_id":"V41","row_structure":"regular","length_m":54.7,"plant_count":9,"max_gap_m":1.65,"tile_structures":{"siret3_r035_c024":"regular","siret3_r035_c025":"regular"}},"geometry":{"type":"LineString","coordinates":[[28.7171723,47.115044],[28.7172388,47.1151102],[28.7175954,47.1154424]]}},{"type":"Feature","id":564,"properties":{"row_id":"V41-R019","vineyard_id":"V41","row_structure":"disrupted","length_m":55.49,"plant_count":9,"max_gap_m":20.08,"tile_structures":{"siret3_r036_c024":"regular","siret3_r037_c024":"disrupted"}},"geometry":{"type":"LineString","coordinates":[[28.7165409,47.1143962],[28.7167322,47.1145899],[28.7169497,47.1148102]]}},{"type":"Feature","id":565,"properties":{"row_id":"V41-R020","vineyard_id":"V41","row_structure":"regular","length_m":59.26,"plant_count":10,"max_gap_m":3.23,"tile_structures":{"siret3_r035_c025":"regular"}},"geometry":{"type":"LineString","coordinates":[[28.7172374,47.115067],[28.7176994,47.1154969]]}},{"type":"Feature","id":566,"properties":{"row_id":"V41-R021","vineyard_id":"V41","row_structure":"disrupted","length_m":31.85,"plant_count":6,"max_gap_m":6.28,"tile_structures":{"siret3_r037_c024":"disrupted"}},"geometry":{"type":"LineString","coordinates":[[28.7165395,47.1143514],[28.7167736,47.1145893]]}},{"type":"Feature","id":567,"properties":{"row_id":"V41-R022","vineyard_id":"V41","row_structure":"regular","length_m":53.97,"plant_count":8,"max_gap_m":0.4,"tile_structures":{"siret3_r035_c025":"regular"}},"geometry":{"type":"LineString","coordinates":[[28.7172525,47.1150428],[28.7176738,47.1154341]]}},{"type":"Feature","id":568,"properties":{"row_id":"V41-R023","vineyard_id":"V41","row_structure":"disrupted","length_m":62.92,"plant_count":15,"max_gap_m":10.58,"tile_structures":{"siret3_r036_c024":"regular","siret3_r037_c024":"disrupted"}},"geometry":{"type":"LineString","coordinates":[[28.7165382,47.1143122],[28.7168128,47.1145887],[28.7170035,47.1147807]]}},{"type":"Feature","id":569,"properties":{"row_id":"V41-R024","vineyard_id":"V41","row_structure":"regular","length_m":70.2,"plant_count":13,"max_gap_m":1.3,"tile_structures":{"siret3_r035_c025":"regular","siret3_r036_c025":"regular"}},"geometry":{"type":"LineString","coordinates":[[28.7172348,47.1149845],[28.7172915,47.1150423],[28.7172915,47.1150423],[28.7177781,47.1154957]]}},{"type":"Feature","id":570,"properties":{"row_id":"V41-R025","vineyard_id":"V41","row_structure":"regular","length_m":55.74,"plant_count":13,"max_gap_m":5.3,"tile_structures":{"siret3_r036_c024":"regular","siret3_r037_c024":"regular"}},"geometry":{"type":"LineString","coordinates":[[28.7165368,47.114269],[28.7168519,47.1145881],[28.7169474,47.1146848]]}},{"type":"Feature","id":571,"properties":{"row_id":"V41-R026","vineyard_id":"V41","row_structure":"regular","length_m":11.11,"plant_count":1,"max_gap_m":0,"tile_structures":{"siret3_r036_c025":"regular"}},"geometry":{"type":"LineString","coordinates":[[28.7172339,47.1149571],[28.7173113,47.115042]]}},{"type":"Feature","id":572,"properties":{"row_id":"V41-R027","vineyard_id":"V41","row_structure":"disrupted","length_m":48.2,"plant_count":4,"max_gap_m":36.33,"tile_structures":{"siret3_r037_c024":"disrupted"}},"geometry":{"type":"LineString","coordinates":[[28.7165355,47.1142283],[28.7168913,47.1145875]]}},{"type":"Feature","id":573,"properties":{"row_id":"V41-R028","vineyard_id":"V41","row_structure":"regular","length_m":16.89,"plant_count":1,"max_gap_m":0,"tile_structures":{"siret3_r036_c025":"regular"}},"geometry":{"type":"LineString","coordinates":[[28.7172326,47.1149177],[28.7173623,47.1150412]]}},{"type":"Feature","id":574,"properties":{"row_id":"V41-R029","vineyard_id":"V41","row_structure":"regular","length_m":62.55,"plant_count":14,"max_gap_m":0.55,"tile_structures":{"siret3_r035_c025":"regular"}},"geometry":{"type":"LineString","coordinates":[[28.7173487,47.1150414],[28.717837,47.1154948]]}},{"type":"Feature","id":575,"properties":{"row_id":"V41-R030","vineyard_id":"V41","row_structure":"disrupted","length_m":80.97,"plant_count":18,"max_gap_m":13.78,"tile_structures":{"siret3_r036_c024":"disrupted","siret3_r037_c024":"disrupted"}},"geometry":{"type":"LineString","coordinates":[[28.7165341,47.1141837],[28.7169317,47.1145869],[28.71713,47.114788]]}},{"type":"Feature","id":576,"properties":{"row_id":"V41-R031","vineyard_id":"V41","row_structure":"regular","length_m":68.21,"plant_count":16,"max_gap_m":1.85,"tile_structures":{"siret3_r035_c025":"regular","siret3_r036_c025":"regular"}},"geometry":{"type":"LineString","coordinates":[[28.7172316,47.1148864],[28.7173979,47.1150407],[28.7177643,47.1153807]]}},{"type":"Feature","id":577,"properties":{"row_id":"V41-R032","vineyard_id":"V41","row_structure":"regular","length_m":25.36,"plant_count":1,"max_gap_m":0,"tile_structures":{"siret3_r036_c025":"regular"}},"geometry":{"type":"LineString","coordinates":[[28.7172306,47.1148544],[28.7174245,47.1150403]]}},{"type":"Feature","id":578,"properties":{"row_id":"V41-R033","vineyard_id":"V41","row_structure":"regular","length_m":88.65,"plant_count":31,"max_gap_m":4.6,"tile_structures":{"siret3_r036_c024":"regular","siret3_r037_c024":"regular"}},"geometry":{"type":"LineString","coordinates":[[28.7165325,47.1141348],[28.7169752,47.1145863],[28.7171824,47.1147976]]}},{"type":"Feature","id":579,"properties":{"row_id":"V41-R034","vineyard_id":"V41","row_structure":"regular","length_m":55.74,"plant_count":21,"max_gap_m":1.18,"tile_structures":{"siret3_r035_c025":"regular"}},"geometry":{"type":"LineString","coordinates":[[28.7174461,47.1150399],[28.7178808,47.1154441]]}},{"type":"Feature","id":580,"properties":{"row_id":"V41-R035","vineyard_id":"V41","row_structure":"regular","length_m":31.47,"plant_count":3,"max_gap_m":0.15,"tile_structures":{"siret3_r036_c025":"regular"}},"geometry":{"type":"LineString","coordinates":[[28.7172292,47.1148104],[28.7174729,47.1150395]]}},{"type":"Feature","id":581,"properties":{"row_id":"V41-R036","vineyard_id":"V41","row_structure":"regular","length_m":89.59,"plant_count":24,"max_gap_m":11.75,"tile_structures":{"siret3_r036_c024":"regular","siret3_r037_c024":"regular"}},"geometry":{"type":"LineString","coordinates":[[28.7165722,47.1141316],[28.7170174,47.1145856],[28.7172289,47.1148013]]}},{"type":"Feature","id":582,"properties":{"row_id":"V41-R037","vineyard_id":"V41","row_structure":"regular","length_m":42.27,"plant_count":11,"max_gap_m":0.8,"tile_structures":{"siret3_r035_c025":"regular"}},"geometry":{"type":"LineString","coordinates":[[28.7174925,47.1150392],[28.7178209,47.1153464]]}},{"type":"Feature","id":583,"properties":{"row_id":"V41-R038","vineyard_id":"V41","row_structure":"disrupted","length_m":38.22,"plant_count":1,"max_gap_m":0,"tile_structures":{"siret3_r036_c025":"disrupted"}},"geometry":{"type":"LineString","coordinates":[[28.7172273,47.1147515],[28.7175034,47.1150391]]}},{"type":"Feature","id":584,"properties":{"row_id":"V41-R039","vineyard_id":"V41","row_structure":"disrupted","length_m":51.19,"plant_count":11,"max_gap_m":10.1,"tile_structures":{"siret3_r037_c024":"disrupted"}},"geometry":{"type":"LineString","coordinates":[[28.7166128,47.1141309],[28.7169882,47.1145135]]}},{"type":"Feature","id":585,"properties":{"row_id":"V41-R040","vineyard_id":"V41","row_structure":"regular","length_m":15.81,"plant_count":4,"max_gap_m":5.98,"tile_structures":{"siret3_r035_c025":"regular"}},"geometry":{"type":"LineString","coordinates":[[28.7175343,47.1150386],[28.7176549,47.1151546]]}},{"type":"Feature","id":586,"properties":{"row_id":"V41-R041","vineyard_id":"V41","row_structure":"regular","length_m":44.08,"plant_count":11,"max_gap_m":1.53,"tile_structures":{"siret3_r036_c025":"regular"}},"geometry":{"type":"LineString","coordinates":[[28.7172258,47.1147059],[28.7175423,47.1150385]]}},{"type":"Feature","id":587,"properties":{"row_id":"V41-R042","vineyard_id":"V41","row_structure":"regular","length_m":77.65,"plant_count":12,"max_gap_m":4.18,"tile_structures":{"siret3_r036_c024":"regular","siret3_r037_c024":"regular"}},"geometry":{"type":"LineString","coordinates":[[28.7166611,47.1141302],[28.7171016,47.1145844],[28.717226,47.1147127]]}},{"type":"Feature","id":588,"properties":{"row_id":"V41-R043","vineyard_id":"V41","row_structure":"regular","length_m":38.98,"plant_count":10,"max_gap_m":2.08,"tile_structures":{"siret3_r035_c025":"regular"}},"geometry":{"type":"LineString","coordinates":[[28.7175612,47.1150382],[28.7178592,47.1153239]]}},{"type":"Feature","id":589,"properties":{"row_id":"V41-R044","vineyard_id":"V41","row_structure":"regular","length_m":42.22,"plant_count":8,"max_gap_m":2.05,"tile_structures":{"siret3_r035_c025":"regular"}},"geometry":{"type":"LineString","coordinates":[[28.7176025,47.1150376],[28.7179214,47.1153488]]}},{"type":"Feature","id":590,"properties":{"row_id":"V41-R045","vineyard_id":"V41","row_structure":"regular","length_m":94.78,"plant_count":15,"max_gap_m":3.38,"tile_structures":{"siret3_r035_c025":"regular","siret3_r036_c025":"regular"}},"geometry":{"type":"LineString","coordinates":[[28.7172224,47.1146005],[28.7176426,47.115037],[28.7179201,47.1153077]]}},{"type":"Feature","id":591,"properties":{"row_id":"V41-R046","vineyard_id":"V41","row_structure":"regular","length_m":92.22,"plant_count":15,"max_gap_m":3.65,"tile_structures":{"siret3_r035_c025":"regular","siret3_r036_c025":"regular"}},"geometry":{"type":"LineString","coordinates":[[28.717242,47.1145823],[28.7176791,47.1150364],[28.7176791,47.1150364],[28.7179189,47.1152713]]}},{"type":"Feature","id":592,"properties":{"row_id":"V41-R047","vineyard_id":"V41","row_structure":"regular","length_m":32.34,"plant_count":8,"max_gap_m":2.38,"tile_structures":{"siret3_r035_c025":"regular","siret3_r035_c026":"regular"}},"geometry":{"type":"LineString","coordinates":[[28.7177115,47.115036],[28.7179177,47.1152315],[28.7179576,47.1152735]]}},{"type":"Feature","id":593,"properties":{"row_id":"V41-R048","vineyard_id":"V41","row_structure":"regular","length_m":53.1,"plant_count":1,"max_gap_m":0,"tile_structures":{"siret3_r037_c024":"regular"}},"geometry":{"type":"LineString","coordinates":[[28.7168309,47.1141277],[28.71722,47.1145247]]}},{"type":"Feature","id":594,"properties":{"row_id":"V41-R049","vineyard_id":"V41","row_structure":"regular","length_m":8.8,"plant_count":1,"max_gap_m":0,"tile_structures":{"siret3_r037_c025":"regular"}},"geometry":{"type":"LineString","coordinates":[[28.7172197,47.1145157],[28.7172839,47.1145816]]}},{"type":"Feature","id":595,"properties":{"row_id":"V41-R050","vineyard_id":"V41","row_structure":"regular","length_m":6.07,"plant_count":2,"max_gap_m":0.1,"tile_structures":{"siret3_r035_c026":"regular"}},"geometry":{"type":"LineString","coordinates":[[28.7179414,47.1152199],[28.7179868,47.1152648]]}},{"type":"Feature","id":596,"properties":{"row_id":"V41-R051","vineyard_id":"V41","row_structure":"regular","length_m":12.03,"plant_count":2,"max_gap_m":0.03,"tile_structures":{"siret3_r037_c025":"regular"}},"geometry":{"type":"LineString","coordinates":[[28.717219,47.1144924],[28.7173095,47.1145812]]}},{"type":"Feature","id":597,"properties":{"row_id":"V41-R052","vineyard_id":"V41","row_structure":"regular","length_m":60.32,"plant_count":7,"max_gap_m":1.02,"tile_structures":{"siret3_r036_c025":"regular"}},"geometry":{"type":"LineString","coordinates":[[28.7173226,47.114581],[28.7177577,47.1150353]]}},{"type":"Feature","id":598,"properties":{"row_id":"V41-R053","vineyard_id":"V41","row_structure":"regular","length_m":6.26,"plant_count":1,"max_gap_m":0,"tile_structures":{"siret3_r035_c026":"regular"}},"geometry":{"type":"LineString","coordinates":[[28.7179623,47.1152025],[28.7180092,47.115249]]}},{"type":"Feature","id":599,"properties":{"row_id":"V41-R054","vineyard_id":"V41","row_structure":"regular","length_m":60.8,"plant_count":14,"max_gap_m":0.98,"tile_structures":{"siret3_r037_c024":"regular","siret3_r037_c025":"regular"}},"geometry":{"type":"LineString","coordinates":[[28.7169118,47.1141265],[28.7172172,47.1144368],[28.7173586,47.1145805]]}},{"type":"Feature","id":600,"properties":{"row_id":"V41-R055","vineyard_id":"V41","row_structure":"regular","length_m":15.96,"plant_count":6,"max_gap_m":2.23,"tile_structures":{"siret3_r035_c026":"regular"}},"geometry":{"type":"LineString","coordinates":[[28.7179139,47.1151153],[28.7180315,47.1152343]]}},{"type":"Feature","id":601,"properties":{"row_id":"V41-R056","vineyard_id":"V41","row_structure":"regular","length_m":131.81,"plant_count":21,"max_gap_m":1.13,"tile_structures":{"siret3_r035_c025":"regular","siret3_r036_c025":"regular","siret3_r037_c024":"regular","siret3_r037_c025":"regular"}},"geometry":{"type":"LineString","coordinates":[[28.7169468,47.1141259],[28.717216,47.1144003],[28.7173977,47.1145799],[28.7178317,47.1150342],[28.7179138,47.1151109]]}},{"type":"Feature","id":602,"properties":{"row_id":"V41-R057","vineyard_id":"V41","row_structure":"regular","length_m":16.91,"plant_count":5,"max_gap_m":0.95,"tile_structures":{"siret3_r035_c026":"regular"}},"geometry":{"type":"LineString","coordinates":[[28.7179409,47.1150858],[28.7180623,47.1152133]]}},{"type":"Feature","id":603,"properties":{"row_id":"V41-R058","vineyard_id":"V41","row_structure":"regular","length_m":121.26,"plant_count":27,"max_gap_m":0.88,"tile_structures":{"siret3_r036_c025":"regular","siret3_r037_c024":"regular","siret3_r037_c025":"regular"}},"geometry":{"type":"LineString","coordinates":[[28.716987,47.1141253],[28.7172145,47.1143549],[28.7174369,47.1145793],[28.7178722,47.1150335]]}},{"type":"Feature","id":604,"properties":{"row_id":"V41-R059","vineyard_id":"V41","row_structure":"regular","length_m":81.21,"plant_count":16,"max_gap_m":6.1,"tile_structures":{"siret3_r035_c026":"regular","siret3_r036_c025":"regular","siret3_r036_c026":"regular"}},"geometry":{"type":"LineString","coordinates":[[28.717493,47.1145785],[28.7179108,47.115017],[28.7179258,47.1150327],[28.7179694,47.1150786],[28.7180798,47.1151895]]}},{"type":"Feature","id":605,"properties":{"row_id":"V41-R060","vineyard_id":"V41","row_structure":"regular","length_m":25.29,"plant_count":2,"max_gap_m":1.08,"tile_structures":{"siret3_r037_c024":"regular"}},"geometry":{"type":"LineString","coordinates":[[28.7170278,47.1141247],[28.7172132,47.1143138]]}},{"type":"Feature","id":606,"properties":{"row_id":"V41-R061","vineyard_id":"V41","row_structure":"disrupted","length_m":80,"plant_count":23,"max_gap_m":6.7,"tile_structures":{"siret3_r035_c026":"regular","siret3_r036_c025":"disrupted","siret3_r036_c026":"disrupted"}},"geometry":{"type":"LineString","coordinates":[[28.7175301,47.1145779],[28.7179094,47.1149732],[28.7179659,47.1150321],[28.7181078,47.11518]]}},{"type":"Feature","id":607,"properties":{"row_id":"V41-R062","vineyard_id":"V41","row_structure":"disrupted","length_m":75.54,"plant_count":28,"max_gap_m":8.95,"tile_structures":{"siret3_r035_c026":"regular","siret3_r036_c025":"disrupted","siret3_r036_c026":"regular"}},"geometry":{"type":"LineString","coordinates":[[28.7175674,47.1145774],[28.7179082,47.1149365],[28.7179705,47.1150022],[28.7179998,47.1150316],[28.7181131,47.1151458]]}},{"type":"Feature","id":608,"properties":{"row_id":"V41-R063","vineyard_id":"V41","row_structure":"regular","length_m":7.91,"plant_count":3,"max_gap_m":1.78,"tile_structures":{"siret3_r035_c026":"regular"}},"geometry":{"type":"LineString","coordinates":[[28.7180959,47.1150919],[28.7181531,47.1151513]]}},{"type":"Feature","id":609,"properties":{"row_id":"V41-R064","vineyard_id":"V41","row_structure":"regular","length_m":112.91,"plant_count":24,"max_gap_m":5.58,"tile_structures":{"siret3_r036_c025":"regular","siret3_r036_c026":"regular","siret3_r037_c025":"regular"}},"geometry":{"type":"LineString","coordinates":[[28.7172091,47.1141868],[28.7176044,47.1145768],[28.7179068,47.114895],[28.7180361,47.1150311]]}},{"type":"Feature","id":610,"properties":{"row_id":"V41-R065","vineyard_id":"V41","row_structure":"regular","length_m":4.88,"plant_count":2,"max_gap_m":0.05,"tile_structures":{"siret3_r038_c024":"regular"}},"geometry":{"type":"LineString","coordinates":[[28.7170615,47.1140271],[28.7170975,47.1140635]]}},{"type":"Feature","id":611,"properties":{"row_id":"V41-R066","vineyard_id":"V41","row_structure":"regular","length_m":8.13,"plant_count":1,"max_gap_m":0,"tile_structures":{"siret3_r035_c026":"regular"}},"geometry":{"type":"LineString","coordinates":[[28.7181163,47.115075],[28.718176,47.1151357]]}},{"type":"Feature","id":612,"properties":{"row_id":"V41-R067","vineyard_id":"V41","row_structure":"regular","length_m":60.21,"plant_count":9,"max_gap_m":1.33,"tile_structures":{"siret3_r036_c025":"regular","siret3_r036_c026":"regular"}},"geometry":{"type":"LineString","coordinates":[[28.7176415,47.1145763],[28.7179055,47.1148537],[28.7180738,47.1150305]]}},{"type":"Feature","id":613,"properties":{"row_id":"V41-R068","vineyard_id":"V41","row_structure":"regular","length_m":60.07,"plant_count":17,"max_gap_m":4.65,"tile_structures":{"siret3_r037_c025":"regular"}},"geometry":{"type":"LineString","coordinates":[[28.7172073,47.1141291],[28.7176523,47.1145761]]}},{"type":"Feature","id":614,"properties":{"row_id":"V41-R069","vineyard_id":"V41","row_structure":"regular","length_m":8.45,"plant_count":5,"max_gap_m":0.73,"tile_structures":{"siret3_r038_c024":"regular"}},"geometry":{"type":"LineString","coordinates":[[28.7170678,47.1139828],[28.717129,47.1140464]]}},{"type":"Feature","id":615,"properties":{"row_id":"V41-R070","vineyard_id":"V41","row_structure":"regular","length_m":71.5,"plant_count":10,"max_gap_m":0.28,"tile_structures":{"siret3_r035_c026":"regular","siret3_r036_c025":"regular","siret3_r036_c026":"regular"}},"geometry":{"type":"LineString","coordinates":[[28.7176835,47.1145756],[28.717904,47.1148054],[28.7181192,47.1150298],[28.7181998,47.1151138]]}},{"type":"Feature","id":616,"properties":{"row_id":"V41-R071","vineyard_id":"V41","row_structure":"regular","length_m":83.04,"plant_count":32,"max_gap_m":2.7,"tile_structures":{"siret3_r037_c025":"regular","siret3_r038_c024":"regular","siret3_r038_c025":"regular"}},"geometry":{"type":"LineString","coordinates":[[28.7170781,47.1139582],[28.7172059,47.1140861],[28.7172413,47.1141215],[28.7176947,47.1145755]]}},{"type":"Feature","id":617,"properties":{"row_id":"V41-R072","vineyard_id":"V41","row_structure":"regular","length_m":68.48,"plant_count":6,"max_gap_m":1.6,"tile_structures":{"siret3_r035_c026":"regular","siret3_r036_c025":"regular","siret3_r036_c026":"regular"}},"geometry":{"type":"LineString","coordinates":[[28.7177292,47.114575],[28.7179023,47.114755],[28.7181658,47.1150291],[28.7182244,47.1150901]]}},{"type":"Feature","id":618,"properties":{"row_id":"V41-R073","vineyard_id":"V41","row_structure":"regular","length_m":12.12,"plant_count":2,"max_gap_m":0,"tile_structures":{"siret3_r038_c024":"regular"}},"geometry":{"type":"LineString","coordinates":[[28.7171141,47.1139394],[28.7172041,47.1140295]]}},{"type":"Feature","id":619,"properties":{"row_id":"V41-R074","vineyard_id":"V41","row_structure":"regular","length_m":135.35,"plant_count":33,"max_gap_m":2.23,"tile_structures":{"siret3_r036_c025":"regular","siret3_r036_c026":"regular","siret3_r037_c025":"regular","siret3_r038_c025":"regular"}},"geometry":{"type":"LineString","coordinates":[[28.7172038,47.1140231],[28.7172899,47.1141071],[28.7173045,47.1141206],[28.717348,47.1141608],[28.7177743,47.1145742],[28.7177744,47.1145743],[28.7179008,47.1147061],[28.7182097,47.1150285]]}},{"type":"Feature","id":620,"properties":{"row_id":"V41-R075","vineyard_id":"V41","row_structure":"regular","length_m":5.51,"plant_count":1,"max_gap_m":0,"tile_structures":{"siret3_r038_c024":"regular"}},"geometry":{"type":"LineString","coordinates":[[28.7171629,47.1139458],[28.7172027,47.1139873]]}},{"type":"Feature","id":621,"properties":{"row_id":"V41-R076","vineyard_id":"V41","row_structure":"regular","length_m":61.54,"plant_count":18,"max_gap_m":3,"tile_structures":{"siret3_r037_c025":"regular"}},"geometry":{"type":"LineString","coordinates":[[28.7173447,47.11412],[28.7178095,47.1145737]]}},{"type":"Feature","id":622,"properties":{"row_id":"V41-R077","vineyard_id":"V41","row_structure":"regular","length_m":60.31,"plant_count":10,"max_gap_m":0.7,"tile_structures":{"siret3_r036_c025":"regular","siret3_r036_c026":"regular"}},"geometry":{"type":"LineString","coordinates":[[28.7178215,47.1145736],[28.717899,47.1146526],[28.7179039,47.1146576],[28.7182561,47.1150278]]}},{"type":"Feature","id":623,"properties":{"row_id":"V41-R078","vineyard_id":"V41","row_structure":"regular","length_m":20.95,"plant_count":1,"max_gap_m":0,"tile_structures":{"siret3_r038_c025":"regular"}},"geometry":{"type":"LineString","coordinates":[[28.7172021,47.1139681],[28.7173663,47.1141197]]}},{"type":"Feature","id":624,"properties":{"row_id":"V41-R079","vineyard_id":"V41","row_structure":"regular","length_m":56.64,"plant_count":3,"max_gap_m":1.13,"tile_structures":{"siret3_r037_c025":"regular"}},"geometry":{"type":"LineString","coordinates":[[28.7173772,47.1141195],[28.7178025,47.1145382]]}},{"type":"Feature","id":625,"properties":{"row_id":"V41-R080","vineyard_id":"V41","row_structure":"regular","length_m":25.28,"plant_count":2,"max_gap_m":0.57,"tile_structures":{"siret3_r038_c025":"regular"}},"geometry":{"type":"LineString","coordinates":[[28.7172011,47.1139367],[28.7173998,47.1141191]]}},{"type":"Feature","id":626,"properties":{"row_id":"V41-R081","vineyard_id":"V41","row_structure":"regular","length_m":65.27,"plant_count":6,"max_gap_m":0.1,"tile_structures":{"siret3_r036_c025":"regular","siret3_r037_c025":"regular"}},"geometry":{"type":"LineString","coordinates":[[28.7174052,47.1141191],[28.717869,47.1145729],[28.7178974,47.1146006]]}},{"type":"Feature","id":627,"properties":{"row_id":"V41-R082","vineyard_id":"V41","row_structure":"regular","length_m":24.5,"plant_count":1,"max_gap_m":0,"tile_structures":{"siret3_r038_c025":"regular"}},"geometry":{"type":"LineString","coordinates":[[28.7172468,47.1139415],[28.7174392,47.1141186]]}},{"type":"Feature","id":628,"properties":{"row_id":"V41-R083","vineyard_id":"V41","row_structure":"regular","length_m":28.92,"plant_count":3,"max_gap_m":0.28,"tile_structures":{"siret3_r038_c025":"regular"}},"geometry":{"type":"LineString","coordinates":[[28.7172493,47.1139071],[28.7174725,47.1141181]]}},{"type":"Feature","id":629,"properties":{"row_id":"V41-R084","vineyard_id":"V41","row_structure":"regular","length_m":33.88,"plant_count":5,"max_gap_m":0.18,"tile_structures":{"siret3_r038_c025":"regular"}},"geometry":{"type":"LineString","coordinates":[[28.7172503,47.1138713],[28.7175136,47.1141174]]}},{"type":"Feature","id":630,"properties":{"row_id":"V41-R085","vineyard_id":"V41","row_structure":"regular","length_m":36.25,"plant_count":4,"max_gap_m":1.4,"tile_structures":{"siret3_r038_c025":"regular"}},"geometry":{"type":"LineString","coordinates":[[28.7172711,47.1138558],[28.7175577,47.1141168]]}},{"type":"Feature","id":631,"properties":{"row_id":"V41-R086","vineyard_id":"V41","row_structure":"regular","length_m":36.01,"plant_count":1,"max_gap_m":0,"tile_structures":{"siret3_r038_c025":"regular"}},"geometry":{"type":"LineString","coordinates":[[28.7173097,47.1138559],[28.7175922,47.1141163]]}},{"type":"Feature","id":632,"properties":{"row_id":"V41-R087","vineyard_id":"V41","row_structure":"regular","length_m":8.01,"plant_count":2,"max_gap_m":0.2,"tile_structures":{"siret3_r038_c025":"regular"}},"geometry":{"type":"LineString","coordinates":[[28.7174001,47.1139081],[28.7174621,47.1139664]]}},{"type":"Feature","id":633,"properties":{"row_id":"V42-R001","vineyard_id":"V42","row_structure":"regular","length_m":19.61,"plant_count":1,"max_gap_m":0,"tile_structures":{"siret3_r037_c026":"regular"}},"geometry":{"type":"LineString","coordinates":[[28.7180044,47.1144329],[28.71817,47.1145683]]}},{"type":"Feature","id":634,"properties":{"row_id":"V42-R002","vineyard_id":"V42","row_structure":"regular","length_m":22.1,"plant_count":1,"max_gap_m":0,"tile_structures":{"siret3_r037_c026":"regular"}},"geometry":{"type":"LineString","coordinates":[[28.7180219,47.1144159],[28.71821,47.1145677]]}},{"type":"Feature","id":635,"properties":{"row_id":"V42-R003","vineyard_id":"V42","row_structure":"regular","length_m":24.15,"plant_count":1,"max_gap_m":0,"tile_structures":{"siret3_r037_c026":"regular"}},"geometry":{"type":"LineString","coordinates":[[28.7180368,47.1144015],[28.7182426,47.1145672]]}},{"type":"Feature","id":636,"properties":{"row_id":"V42-R004","vineyard_id":"V42","row_structure":"regular","length_m":26.81,"plant_count":3,"max_gap_m":0.83,"tile_structures":{"siret3_r037_c026":"regular"}},"geometry":{"type":"LineString","coordinates":[[28.7180563,47.1143825],[28.7182845,47.1145666]]}},{"type":"Feature","id":637,"properties":{"row_id":"V42-R005","vineyard_id":"V42","row_structure":"regular","length_m":28.79,"plant_count":4,"max_gap_m":0.98,"tile_structures":{"siret3_r037_c026":"regular"}},"geometry":{"type":"LineString","coordinates":[[28.718077,47.114368],[28.7183214,47.1145661]]}},{"type":"Feature","id":638,"properties":{"row_id":"V42-R006","vineyard_id":"V42","row_structure":"regular","length_m":23.92,"plant_count":3,"max_gap_m":1.05,"tile_structures":{"siret3_r037_c026":"regular"}},"geometry":{"type":"LineString","coordinates":[[28.7180952,47.1143559],[28.7182979,47.1145208]]}},{"type":"Feature","id":639,"properties":{"row_id":"V43-R001","vineyard_id":"V43","row_structure":"regular","length_m":54.79,"plant_count":4,"max_gap_m":4.2,"tile_structures":{"siret3_r037_c025":"regular"}},"geometry":{"type":"LineString","coordinates":[[28.717483,47.1141179],[28.7178949,47.1145228]]}},{"type":"Feature","id":640,"properties":{"row_id":"V43-R002","vineyard_id":"V43","row_structure":"regular","length_m":48.43,"plant_count":5,"max_gap_m":0.35,"tile_structures":{"siret3_r037_c025":"regular"}},"geometry":{"type":"LineString","coordinates":[[28.717527,47.1141172],[28.7178933,47.114474]]}},{"type":"Feature","id":641,"properties":{"row_id":"V43-R003","vineyard_id":"V43","row_structure":"regular","length_m":42.54,"plant_count":8,"max_gap_m":0.38,"tile_structures":{"siret3_r037_c025":"regular"}},"geometry":{"type":"LineString","coordinates":[[28.7175722,47.1141166],[28.7178919,47.1144309]]}},{"type":"Feature","id":642,"properties":{"row_id":"V44-R001","vineyard_id":"V44","row_structure":"regular","length_m":3.65,"plant_count":1,"max_gap_m":0,"tile_structures":{"siret3_r038_c023":"regular"}},"geometry":{"type":"LineString","coordinates":[[28.7164946,47.1141327],[28.7165318,47.114112]]}},{"type":"Feature","id":643,"properties":{"row_id":"V44-R002","vineyard_id":"V44","row_structure":"regular","length_m":119.87,"plant_count":19,"max_gap_m":1.83,"tile_structures":{"siret3_r037_c023":"regular","siret3_r038_c023":"regular","siret3_r038_c024":"regular"}},"geometry":{"type":"LineString","coordinates":[[28.7158675,47.1144422],[28.716422,47.1141338],[28.7165306,47.1140734],[28.7170923,47.113761]]}},{"type":"Feature","id":644,"properties":{"row_id":"V44-R003","vineyard_id":"V44","row_structure":"regular","length_m":118.49,"plant_count":17,"max_gap_m":1.45,"tile_structures":{"siret3_r037_c023":"regular","siret3_r038_c023":"regular","siret3_r038_c024":"regular"}},"geometry":{"type":"LineString","coordinates":[[28.7158664,47.1144097],[28.7163611,47.1141347],[28.7165295,47.1140411],[28.7170774,47.1137366]]}},{"type":"Feature","id":645,"properties":{"row_id":"V44-R004","vineyard_id":"V44","row_structure":"regular","length_m":115.76,"plant_count":27,"max_gap_m":2.98,"tile_structures":{"siret3_r037_c023":"regular","siret3_r038_c023":"regular","siret3_r038_c024":"regular"}},"geometry":{"type":"LineString","coordinates":[[28.7158655,47.114379],[28.7163038,47.1141356],[28.7165285,47.1140108],[28.7170488,47.1137218]]}},{"type":"Feature","id":646,"properties":{"row_id":"V44-R005","vineyard_id":"V44","row_structure":"regular","length_m":113.11,"plant_count":26,"max_gap_m":2.88,"tile_structures":{"siret3_r037_c023":"regular","siret3_r038_c023":"regular","siret3_r038_c024":"regular"}},"geometry":{"type":"MultiLineString","coordinates":[[[28.7158645,47.1143479],[28.716245,47.1141365],[28.7165275,47.1139796]],[[28.7165275,47.1139796],[28.7170207,47.1137056]]]}},{"type":"Feature","id":647,"properties":{"row_id":"V44-R006","vineyard_id":"V44","row_structure":"regular","length_m":110.24,"plant_count":24,"max_gap_m":3.23,"tile_structures":{"siret3_r037_c023":"regular","siret3_r038_c023":"regular","siret3_r038_c024":"regular"}},"geometry":{"type":"MultiLineString","coordinates":[[[28.7158634,47.1143162],[28.7161842,47.1141374],[28.7165265,47.1139465]],[[28.7165265,47.1139465],[28.7169887,47.1136888]]]}},{"type":"Feature","id":648,"properties":{"row_id":"V44-R007","vineyard_id":"V44","row_structure":"disrupted","length_m":107.74,"plant_count":28,"max_gap_m":6.85,"tile_structures":{"siret3_r037_c023":"regular","siret3_r038_c023":"disrupted","siret3_r038_c024":"regular"}},"geometry":{"type":"MultiLineString","coordinates":[[[28.7158625,47.1142866],[28.7161293,47.1141382],[28.7165255,47.1139177]],[[28.7165255,47.1139177],[28.7169631,47.1136742]]]}},{"type":"Feature","id":649,"properties":{"row_id":"V44-R008","vineyard_id":"V44","row_structure":"disrupted","length_m":103.8,"plant_count":30,"max_gap_m":9.65,"tile_structures":{"siret3_r037_c023":"regular","siret3_r038_c023":"disrupted","siret3_r038_c024":"regular"}},"geometry":{"type":"LineString","coordinates":[[28.7158615,47.1142565],[28.7160721,47.1141391],[28.7165245,47.1138866],[28.7169208,47.1136656]]}},{"type":"Feature","id":650,"properties":{"row_id":"V44-R009","vineyard_id":"V44","row_structure":"regular","length_m":98.31,"plant_count":31,"max_gap_m":5.73,"tile_structures":{"siret3_r037_c023":"regular","siret3_r038_c023":"regular","siret3_r038_c024":"regular"}},"geometry":{"type":"MultiLineString","coordinates":[[[28.7158605,47.1142262],[28.716014,47.1141399],[28.7165235,47.1138532]],[[28.7165235,47.1138532],[28.7168635,47.1136664]]]}},{"type":"Feature","id":651,"properties":{"row_id":"V44-R010","vineyard_id":"V44","row_structure":"regular","length_m":85.36,"plant_count":41,"max_gap_m":3.35,"tile_structures":{"siret3_r037_c023":"regular","siret3_r038_c023":"regular","siret3_r038_c024":"regular"}},"geometry":{"type":"LineString","coordinates":[[28.7158595,47.1141929],[28.7159529,47.1141408],[28.7165225,47.1138237],[28.7165869,47.1137879],[28.7167337,47.1137096]]}},{"type":"Feature","id":652,"properties":{"row_id":"V44-R011","vineyard_id":"V44","row_structure":"regular","length_m":81.07,"plant_count":31,"max_gap_m":3.8,"tile_structures":{"siret3_r037_c023":"regular","siret3_r038_c023":"regular","siret3_r038_c024":"regular"}},"geometry":{"type":"LineString","coordinates":[[28.7158585,47.1141627],[28.715896,47.1141417],[28.7165215,47.113791],[28.7166841,47.1136998]]}},{"type":"Feature","id":653,"properties":{"row_id":"V44-R012","vineyard_id":"V44","row_structure":"regular","length_m":80.92,"plant_count":35,"max_gap_m":4.63,"tile_structures":{"siret3_r038_c022":"regular","siret3_r038_c023":"regular","siret3_r038_c024":"regular"}},"geometry":{"type":"MultiLineString","coordinates":[[[28.7158327,47.1141426],[28.7158574,47.1141288],[28.7165204,47.1137593]],[[28.7165204,47.1137593],[28.7166587,47.1136823]]]}},{"type":"Feature","id":654,"properties":{"row_id":"V44-R013","vineyard_id":"V44","row_structure":"regular","length_m":75.03,"plant_count":33,"max_gap_m":3.88,"tile_structures":{"siret3_r038_c023":"regular","siret3_r038_c024":"regular"}},"geometry":{"type":"MultiLineString","coordinates":[[[28.7158564,47.1140957],[28.7165194,47.1137279]],[[28.7165194,47.1137279],[28.7166238,47.11367]]]}},{"type":"Feature","id":655,"properties":{"row_id":"V44-R014","vineyard_id":"V44","row_structure":"regular","length_m":7.99,"plant_count":4,"max_gap_m":1.43,"tile_structures":{"siret3_r038_c022":"regular"}},"geometry":{"type":"LineString","coordinates":[[28.7157722,47.1141435],[28.7158565,47.1141004]]}},{"type":"Feature","id":656,"properties":{"row_id":"V44-R015","vineyard_id":"V44","row_structure":"regular","length_m":78.43,"plant_count":33,"max_gap_m":8.15,"tile_structures":{"siret3_r038_c022":"regular","siret3_r038_c023":"regular"}},"geometry":{"type":"LineString","coordinates":[[28.7157199,47.1141443],[28.7158555,47.1140683],[28.7165184,47.1136963]]}},{"type":"Feature","id":657,"properties":{"row_id":"V44-R016","vineyard_id":"V44","row_structure":"regular","length_m":83.92,"plant_count":30,"max_gap_m":4.68,"tile_structures":{"siret3_r038_c022":"regular","siret3_r038_c023":"regular","siret3_r039_c023":"regular"}},"geometry":{"type":"LineString","coordinates":[[28.7156629,47.1141452],[28.7158545,47.1140377],[28.7165069,47.1136718],[28.7165174,47.1136659]]}},{"type":"Feature","id":658,"properties":{"row_id":"V44-R017","vineyard_id":"V44","row_structure":"regular","length_m":83.85,"plant_count":30,"max_gap_m":4.13,"tile_structures":{"siret3_r038_c022":"regular","siret3_r038_c023":"regular","siret3_r039_c023":"regular"}},"geometry":{"type":"LineString","coordinates":[[28.7156662,47.114114],[28.7157795,47.1140477],[28.7158535,47.1140063],[28.7163888,47.1137067],[28.7164469,47.1136727],[28.7165164,47.1136321]]}},{"type":"Feature","id":659,"properties":{"row_id":"V44-R018","vineyard_id":"V44","row_structure":"regular","length_m":65.06,"plant_count":23,"max_gap_m":2.88,"tile_structures":{"siret3_r038_c023":"regular","siret3_r039_c023":"regular"}},"geometry":{"type":"LineString","coordinates":[[28.7158524,47.1139719],[28.7163919,47.1136735],[28.7165154,47.1136008]]}},{"type":"Feature","id":660,"properties":{"row_id":"V44-R019","vineyard_id":"V44","row_structure":"regular","length_m":24.68,"plant_count":11,"max_gap_m":2.7,"tile_structures":{"siret3_r038_c022":"regular"}},"geometry":{"type":"LineString","coordinates":[[28.7155512,47.1141469],[28.7157962,47.1140007]]}},{"type":"Feature","id":661,"properties":{"row_id":"V44-R020","vineyard_id":"V44","row_structure":"regular","length_m":89.8,"plant_count":28,"max_gap_m":5.08,"tile_structures":{"siret3_r038_c022":"regular","siret3_r038_c023":"regular","siret3_r039_c023":"regular"}},"geometry":{"type":"LineString","coordinates":[[28.7155936,47.114094],[28.7158514,47.1139443],[28.7158515,47.1139442],[28.716331,47.1136744],[28.7165034,47.1135774]]}},{"type":"Feature","id":662,"properties":{"row_id":"V44-R021","vineyard_id":"V44","row_structure":"regular","length_m":16.47,"plant_count":9,"max_gap_m":2.65,"tile_structures":{"siret3_r038_c022":"regular"}},"geometry":{"type":"LineString","coordinates":[[28.7156913,47.1140124],[28.7158504,47.1139116]]}},{"type":"Feature","id":663,"properties":{"row_id":"V44-R022","vineyard_id":"V44","row_structure":"regular","length_m":61.49,"plant_count":19,"max_gap_m":5.18,"tile_structures":{"siret3_r038_c023":"regular","siret3_r039_c023":"regular"}},"geometry":{"type":"LineString","coordinates":[[28.7158504,47.1139102],[28.7162719,47.1136753],[28.716272,47.1136753],[28.7164753,47.1135581]]}},{"type":"Feature","id":664,"properties":{"row_id":"V44-R023","vineyard_id":"V44","row_structure":"regular","length_m":11.65,"plant_count":4,"max_gap_m":1,"tile_structures":{"siret3_r038_c022":"regular"}},"geometry":{"type":"LineString","coordinates":[[28.7157385,47.1139561],[28.7158495,47.1138838]]}},{"type":"Feature","id":665,"properties":{"row_id":"V44-R024","vineyard_id":"V44","row_structure":"regular","length_m":59.33,"plant_count":22,"max_gap_m":4.18,"tile_structures":{"siret3_r038_c023":"regular","siret3_r039_c023":"regular"}},"geometry":{"type":"LineString","coordinates":[[28.7158495,47.1138823],[28.7162089,47.1136763],[28.7164506,47.113541]]}},{"type":"Feature","id":666,"properties":{"row_id":"V44-R025","vineyard_id":"V44","row_structure":"regular","length_m":24.55,"plant_count":5,"max_gap_m":7.23,"tile_structures":{"siret3_r039_c023":"regular"}},"geometry":{"type":"LineString","coordinates":[[28.7161524,47.1136771],[28.7164026,47.1135371]]}},{"type":"Feature","id":667,"properties":{"row_id":"V44-R026","vineyard_id":"V44","row_structure":"regular","length_m":25.73,"plant_count":4,"max_gap_m":10.1,"tile_structures":{"siret3_r038_c023":"regular"}},"geometry":{"type":"LineString","coordinates":[[28.7158842,47.1138265],[28.7161435,47.1136772]]}},{"type":"Feature","id":668,"properties":{"row_id":"V44-R027","vineyard_id":"V44","row_structure":"regular","length_m":25.32,"plant_count":6,"max_gap_m":2.35,"tile_structures":{"siret3_r038_c023":"regular","siret3_r039_c023":"regular"}},"geometry":{"type":"LineString","coordinates":[[28.7160855,47.1136877],[28.7161018,47.1136779],[28.7163358,47.1135371]]}},{"type":"Feature","id":669,"properties":{"row_id":"V44-R028","vineyard_id":"V44","row_structure":"regular","length_m":21.34,"plant_count":6,"max_gap_m":0.55,"tile_structures":{"siret3_r039_c023":"regular"}},"geometry":{"type":"LineString","coordinates":[[28.7160763,47.1136635],[28.7162882,47.1135372]]}},{"type":"Feature","id":670,"properties":{"row_id":"V44-R029","vineyard_id":"V44","row_structure":"regular","length_m":12.54,"plant_count":1,"max_gap_m":0,"tile_structures":{"siret3_r039_c023":"regular"}},"geometry":{"type":"LineString","coordinates":[[28.716123,47.1136119],[28.7162469,47.1135372]]}}]}