{"type":"FeatureCollection","features":[{"type":"Feature","id":1,"properties":{"target_id":"T001","type":"missing","vineyard_id":"V13","row_id":"V13-R072","waste_id":null,"route_order":1,"reachable":true,"gap_length_m":2.7,"note":"missing_plant; missing plant 2.70 m","kind":"missing_plant","tile":"siret3_r019_c010","source_target_id":"T-MSP-0593","priority":3,"route_role":"optional","skip_reason":null},"geometry":{"type":"Point","coordinates":[28.707542,47.1228518]}},{"type":"Feature","id":2,"properties":{"target_id":"T002","type":"missing","vineyard_id":"V13","row_id":"V13-R072","waste_id":null,"route_order":2,"reachable":true,"gap_length_m":3.625,"note":"missing_plant; missing plant 3.62 m","kind":"missing_plant","tile":"siret3_r019_c010","source_target_id":"T-MSP-0592","priority":3,"route_role":"optional","skip_reason":null},"geometry":{"type":"Point","coordinates":[28.7076009,47.1227961]}},{"type":"Feature","id":3,"properties":{"target_id":"T003","type":"missing","vineyard_id":"V13","row_id":"V13-R072","waste_id":null,"route_order":3,"reachable":true,"gap_length_m":4.15,"note":"missing_plant; missing plant 4.15 m","kind":"missing_plant","tile":"siret3_r019_c010","source_target_id":"T-MSP-0591","priority":3,"route_role":"optional","skip_reason":null},"geometry":{"type":"Point","coordinates":[28.7076379,47.1227612]}},{"type":"Feature","id":4,"properties":{"target_id":"T004","type":"missing","vineyard_id":"V13","row_id":"V13-R073","waste_id":null,"route_order":4,"reachable":true,"gap_length_m":2.55,"note":"missing_plant; missing plant 2.55 m","kind":"missing_plant","tile":"siret3_r019_c010","source_target_id":"T-MSP-0599","priority":3,"route_role":"optional","skip_reason":null},"geometry":{"type":"Point","coordinates":[28.7076193,47.1227388]}},{"type":"Feature","id":5,"properties":{"target_id":"T005","type":"missing","vineyard_id":"V13","row_id":"V13-R073","waste_id":null,"route_order":5,"reachable":true,"gap_length_m":3.525,"note":"missing_plant; missing plant 3.53 m","kind":"missing_plant","tile":"siret3_r019_c010","source_target_id":"T-MSP-0598","priority":3,"route_role":"optional","skip_reason":null},"geometry":{"type":"Point","coordinates":[28.7076493,47.1227104]}},{"type":"Feature","id":6,"properties":{"target_id":"T006","type":"missing","vineyard_id":"V13","row_id":"V13-R072","waste_id":null,"route_order":6,"reachable":true,"gap_length_m":2.6,"note":"missing_plant; missing plant 2.60 m","kind":"missing_plant","tile":"siret3_r019_c010","source_target_id":"T-MSP-0590","priority":3,"route_role":"optional","skip_reason":null},"geometry":{"type":"Point","coordinates":[28.707708,47.1226951]}},{"type":"Feature","id":7,"properties":{"target_id":"T007","type":"missing","vineyard_id":"V13","row_id":"V13-R072","waste_id":null,"route_order":7,"reachable":true,"gap_length_m":3.45,"note":"missing_plant; missing plant 3.45 m","kind":"missing_plant","tile":"siret3_r019_c010","source_target_id":"T-MSP-0589","priority":3,"route_role":"optional","skip_reason":null},"geometry":{"type":"Point","coordinates":[28.7077623,47.1226439]}},{"type":"Feature","id":8,"properties":{"target_id":"T008","type":"missing","vineyard_id":"V13","row_id":"V13-R072","waste_id":null,"route_order":8,"reachable":true,"gap_length_m":3.95,"note":"missing_plant; missing plant 3.95 m","kind":"missing_plant","tile":"siret3_r019_c010","source_target_id":"T-MSP-0588","priority":3,"route_role":"optional","skip_reason":null},"geometry":{"type":"Point","coordinates":[28.7078082,47.1226005]}},{"type":"Feature","id":9,"properties":{"target_id":"T009","type":"missing","vineyard_id":"V13","row_id":"V13-R073","waste_id":null,"route_order":9,"reachable":true,"gap_length_m":2.625,"note":"missing_plant; missing plant 2.62 m","kind":"missing_plant","tile":"siret3_r019_c010","source_target_id":"T-MSP-0597","priority":3,"route_role":"optional","skip_reason":null},"geometry":{"type":"Point","coordinates":[28.7078067,47.1225608]}},{"type":"Feature","id":10,"properties":{"target_id":"T010","type":"missing","vineyard_id":"V13","row_id":"V13-R073","waste_id":null,"route_order":10,"reachable":true,"gap_length_m":2.325,"note":"missing_plant; missing plant 2.32 m","kind":"missing_plant","tile":"siret3_r020_c010","source_target_id":"T-MSP-0596","priority":3,"route_role":"optional","skip_reason":null},"geometry":{"type":"Point","coordinates":[28.7079019,47.1224703]}},{"type":"Feature","id":11,"properties":{"target_id":"T011","type":"missing","vineyard_id":"V13","row_id":"V13-R072","waste_id":null,"route_order":11,"reachable":true,"gap_length_m":3.2,"note":"missing_plant; missing plant 3.20 m","kind":"missing_plant","tile":"siret3_r020_c010","source_target_id":"T-MSP-0587","priority":3,"route_role":"optional","skip_reason":null},"geometry":{"type":"Point","coordinates":[28.7079502,47.1224665]}},{"type":"Feature","id":12,"properties":{"target_id":"T012","type":"gap","vineyard_id":"V13","row_id":"V13-R072","waste_id":null,"route_order":12,"reachable":true,"gap_length_m":5.075,"note":"row_gap; gap 5.07 m","kind":"row_gap","tile":"siret3_r020_c010","source_target_id":"T-GAP-0123","priority":2,"route_role":"must","skip_reason":null},"geometry":{"type":"Point","coordinates":[28.7080061,47.1224138]}},{"type":"Feature","id":13,"properties":{"target_id":"T013","type":"gap","vineyard_id":"V13","row_id":"V13-R071","waste_id":null,"route_order":13,"reachable":true,"gap_length_m":8.375,"note":"row_gap; gap 8.38 m","kind":"row_gap","tile":"siret3_r019_c010","source_target_id":"T-GAP-0122","priority":2,"route_role":"must","skip_reason":null},"geometry":{"type":"Point","coordinates":[28.7077058,47.1227447]}},{"type":"Feature","id":14,"properties":{"target_id":"T014","type":"missing","vineyard_id":"V13","row_id":"V13-R071","waste_id":null,"route_order":14,"reachable":true,"gap_length_m":2.6,"note":"missing_plant; missing plant 2.60 m","kind":"missing_plant","tile":"siret3_r019_c010","source_target_id":"T-MSP-0580","priority":3,"route_role":"optional","skip_reason":null},"geometry":{"type":"Point","coordinates":[28.707832,47.1226247]}},{"type":"Feature","id":15,"properties":{"target_id":"T015","type":"missing","vineyard_id":"V13","row_id":"V13-R071","waste_id":null,"route_order":15,"reachable":true,"gap_length_m":2.425,"note":"missing_plant; missing plant 2.43 m","kind":"missing_plant","tile":"siret3_r020_c010","source_target_id":"T-MSP-0579","priority":3,"route_role":"optional","skip_reason":null},"geometry":{"type":"Point","coordinates":[28.7079683,47.1224951]}},{"type":"Feature","id":16,"properties":{"target_id":"T016","type":"missing","vineyard_id":"V13","row_id":"V13-R066","waste_id":null,"route_order":16,"reachable":true,"gap_length_m":3.1,"note":"missing_plant; missing plant 3.10 m","kind":"missing_plant","tile":"siret3_r019_c011","source_target_id":"T-MSP-0535","priority":3,"route_role":"optional","skip_reason":null},"geometry":{"type":"Point","coordinates":[28.7080313,47.1226488]}},{"type":"Feature","id":17,"properties":{"target_id":"T017","type":"missing","vineyard_id":"V13","row_id":"V13-R066","waste_id":null,"route_order":17,"reachable":true,"gap_length_m":4.025,"note":"missing_plant; missing plant 4.02 m","kind":"missing_plant","tile":"siret3_r019_c010","source_target_id":"T-MSP-0536","priority":3,"route_role":"optional","skip_reason":null},"geometry":{"type":"Point","coordinates":[28.7078867,47.1227863]}},{"type":"Feature","id":18,"properties":{"target_id":"T018","type":"gap","vineyard_id":"V13","row_id":"V13-R066","waste_id":null,"route_order":18,"reachable":true,"gap_length_m":8.45,"note":"row_gap; gap 8.45 m","kind":"row_gap","tile":"siret3_r019_c010","source_target_id":"T-GAP-0121","priority":2,"route_role":"must","skip_reason":null},"geometry":{"type":"Point","coordinates":[28.7078191,47.1228505]}},{"type":"Feature","id":19,"properties":{"target_id":"T019","type":"missing","vineyard_id":"V13","row_id":"V13-R067","waste_id":null,"route_order":19,"reachable":true,"gap_length_m":2.2,"note":"missing_plant; missing plant 2.20 m","kind":"missing_plant","tile":"siret3_r019_c010","source_target_id":"T-MSP-0542","priority":3,"route_role":"optional","skip_reason":null},"geometry":{"type":"Point","coordinates":[28.7078877,47.12274]}},{"type":"Feature","id":20,"properties":{"target_id":"T020","type":"missing","vineyard_id":"V13","row_id":"V13-R064","waste_id":null,"route_order":20,"reachable":true,"gap_length_m":2.25,"note":"missing_plant; missing plant 2.25 m","kind":"missing_plant","tile":"siret3_r020_c011","source_target_id":"T-MSP-0528","priority":3,"route_role":"optional","skip_reason":null},"geometry":{"type":"Point","coordinates":[28.7083337,47.1224476]}},{"type":"Feature","id":21,"properties":{"target_id":"T021","type":"gap","vineyard_id":"V13","row_id":"V13-R063","waste_id":null,"route_order":21,"reachable":true,"gap_length_m":5.475,"note":"row_gap; gap 5.47 m","kind":"row_gap","tile":"siret3_r019_c011","source_target_id":"T-GAP-0118","priority":2,"route_role":"must","skip_reason":null},"geometry":{"type":"Point","coordinates":[28.7082676,47.1225514]}},{"type":"Feature","id":22,"properties":{"target_id":"T022","type":"gap","vineyard_id":"V13","row_id":"V13-R063","waste_id":null,"route_order":22,"reachable":true,"gap_length_m":7.575,"note":"row_gap; gap 7.57 m","kind":"row_gap","tile":"siret3_r019_c011","source_target_id":"T-GAP-0119","priority":2,"route_role":"must","skip_reason":null},"geometry":{"type":"Point","coordinates":[28.7080947,47.1227144]}},{"type":"Feature","id":23,"properties":{"target_id":"T023","type":"missing","vineyard_id":"V13","row_id":"V13-R063","waste_id":null,"route_order":23,"reachable":true,"gap_length_m":3.75,"note":"missing_plant; missing plant 3.75 m","kind":"missing_plant","tile":"siret3_r019_c010","source_target_id":"T-MSP-0522","priority":3,"route_role":"optional","skip_reason":null},"geometry":{"type":"Point","coordinates":[28.7080019,47.122802]}},{"type":"Feature","id":24,"properties":{"target_id":"T024","type":"missing","vineyard_id":"V13","row_id":"V13-R064","waste_id":null,"route_order":24,"reachable":true,"gap_length_m":3.85,"note":"missing_plant; missing plant 3.85 m","kind":"missing_plant","tile":"siret3_r019_c010","source_target_id":"T-MSP-0529","priority":3,"route_role":"optional","skip_reason":null},"geometry":{"type":"Point","coordinates":[28.7079983,47.1227667]}},{"type":"Feature","id":25,"properties":{"target_id":"T025","type":"missing","vineyard_id":"V13","row_id":"V13-R063","waste_id":null,"route_order":25,"reachable":true,"gap_length_m":2.675,"note":"missing_plant; missing plant 2.68 m","kind":"missing_plant","tile":"siret3_r019_c011","source_target_id":"T-MSP-0521","priority":3,"route_role":"optional","skip_reason":null},"geometry":{"type":"Point","coordinates":[28.7082294,47.1225874]}},{"type":"Feature","id":26,"properties":{"target_id":"T026","type":"missing","vineyard_id":"V13","row_id":"V13-R055","waste_id":null,"route_order":26,"reachable":true,"gap_length_m":2.125,"note":"missing_plant; missing plant 2.12 m","kind":"missing_plant","tile":"siret3_r020_c012","source_target_id":"T-MSP-0499","priority":3,"route_role":"optional","skip_reason":null},"geometry":{"type":"Point","coordinates":[28.7087435,47.1223415]}},{"type":"Feature","id":27,"properties":{"target_id":"T027","type":"missing","vineyard_id":"V13","row_id":"V13-R054","waste_id":null,"route_order":27,"reachable":true,"gap_length_m":4.475,"note":"missing_plant; missing plant 4.47 m","kind":"missing_plant","tile":"siret3_r020_c012","source_target_id":"T-MSP-0495","priority":3,"route_role":"optional","skip_reason":null},"geometry":{"type":"Point","coordinates":[28.7087917,47.12234]}},{"type":"Feature","id":28,"properties":{"target_id":"T028","type":"missing","vineyard_id":"V13","row_id":"V13-R039","waste_id":null,"route_order":28,"reachable":true,"gap_length_m":2.15,"note":"missing_plant; missing plant 2.15 m","kind":"missing_plant","tile":"siret3_r020_c012","source_target_id":"T-MSP-0438","priority":3,"route_role":"optional","skip_reason":null},"geometry":{"type":"Point","coordinates":[28.7092608,47.1223299]}},{"type":"Feature","id":29,"properties":{"target_id":"T029","type":"missing","vineyard_id":"V13","row_id":"V13-R038","waste_id":null,"route_order":29,"reachable":true,"gap_length_m":3.4,"note":"missing_plant; missing plant 3.40 m","kind":"missing_plant","tile":"siret3_r020_c013","source_target_id":"T-MSP-0430","priority":3,"route_role":"optional","skip_reason":null},"geometry":{"type":"Point","coordinates":[28.7093912,47.1222516]}},{"type":"Feature","id":30,"properties":{"target_id":"T030","type":"gap","vineyard_id":"V13","row_id":"V13-R038","waste_id":null,"route_order":30,"reachable":true,"gap_length_m":5.225,"note":"row_gap; gap 5.23 m","kind":"row_gap","tile":"siret3_r021_c013","source_target_id":"T-GAP-0116","priority":2,"route_role":"must","skip_reason":null},"geometry":{"type":"Point","coordinates":[28.7096497,47.1220107]}},{"type":"Feature","id":31,"properties":{"target_id":"T031","type":"missing","vineyard_id":"V13","row_id":"V13-R039","waste_id":null,"route_order":31,"reachable":true,"gap_length_m":2.125,"note":"missing_plant; missing plant 2.12 m","kind":"missing_plant","tile":"siret3_r021_c013","source_target_id":"T-MSP-0435","priority":3,"route_role":"optional","skip_reason":null},"geometry":{"type":"Point","coordinates":[28.7096252,47.1219886]}},{"type":"Feature","id":32,"properties":{"target_id":"T032","type":"missing","vineyard_id":"V13","row_id":"V13-R039","waste_id":null,"route_order":32,"reachable":true,"gap_length_m":2.45,"note":"missing_plant; missing plant 2.45 m","kind":"missing_plant","tile":"siret3_r020_c013","source_target_id":"T-MSP-0436","priority":3,"route_role":"optional","skip_reason":null},"geometry":{"type":"Point","coordinates":[28.70951,47.1220959]}},{"type":"Feature","id":33,"properties":{"target_id":"T033","type":"missing","vineyard_id":"V13","row_id":"V13-R039","waste_id":null,"route_order":33,"reachable":true,"gap_length_m":2.025,"note":"missing_plant; missing plant 2.03 m; truncated","kind":"missing_plant","tile":"siret3_r020_c012","source_target_id":"T-MSP-0437","priority":3,"route_role":"optional","skip_reason":null},"geometry":{"type":"Point","coordinates":[28.7093419,47.1222537]}},{"type":"Feature","id":34,"properties":{"target_id":"T034","type":"missing","vineyard_id":"V13","row_id":"V13-R035","waste_id":null,"route_order":34,"reachable":true,"gap_length_m":3.35,"note":"missing_plant; missing plant 3.35 m","kind":"missing_plant","tile":"siret3_r020_c012","source_target_id":"T-MSP-0424","priority":3,"route_role":"optional","skip_reason":null},"geometry":{"type":"Point","coordinates":[28.7092878,47.1223892]}},{"type":"Feature","id":35,"properties":{"target_id":"T035","type":"missing","vineyard_id":"V13","row_id":"V13-R028","waste_id":null,"route_order":35,"reachable":true,"gap_length_m":3.55,"note":"missing_plant; missing plant 3.55 m","kind":"missing_plant","tile":"siret3_r019_c012","source_target_id":"T-MSP-0406","priority":3,"route_role":"optional","skip_reason":null},"geometry":{"type":"Point","coordinates":[28.7092213,47.1225807]}},{"type":"Feature","id":36,"properties":{"target_id":"T036","type":"missing","vineyard_id":"V13","row_id":"V13-R028","waste_id":null,"route_order":36,"reachable":true,"gap_length_m":2.125,"note":"missing_plant; missing plant 2.12 m","kind":"missing_plant","tile":"siret3_r019_c012","source_target_id":"T-MSP-0407","priority":3,"route_role":"optional","skip_reason":null},"geometry":{"type":"Point","coordinates":[28.708853,47.122924]}},{"type":"Feature","id":37,"properties":{"target_id":"T037","type":"gap","vineyard_id":"V13","row_id":"V13-R030","waste_id":null,"route_order":37,"reachable":true,"gap_length_m":5.075,"note":"row_gap; gap 5.07 m","kind":"row_gap","tile":"siret3_r019_c012","source_target_id":"T-GAP-0115","priority":2,"route_role":"must","skip_reason":null},"geometry":{"type":"Point","coordinates":[28.7088195,47.1229124]}},{"type":"Feature","id":38,"properties":{"target_id":"T038","type":"missing","vineyard_id":"V13","row_id":"V13-R028","waste_id":null,"route_order":38,"reachable":true,"gap_length_m":2.25,"note":"missing_plant; missing plant 2.25 m","kind":"missing_plant","tile":"siret3_r019_c012","source_target_id":"T-MSP-0408","priority":3,"route_role":"optional","skip_reason":null},"geometry":{"type":"Point","coordinates":[28.7088231,47.1229518]}},{"type":"Feature","id":39,"properties":{"target_id":"T039","type":"missing","vineyard_id":"V13","row_id":"V13-R028","waste_id":null,"route_order":39,"reachable":true,"gap_length_m":2.4,"note":"missing_plant; missing plant 2.40 m","kind":"missing_plant","tile":"siret3_r021_c013","source_target_id":"T-MSP-0402","priority":3,"route_role":"optional","skip_reason":null},"geometry":{"type":"Point","coordinates":[28.7098054,47.1220386]}},{"type":"Feature","id":40,"properties":{"target_id":"T040","type":"gap","vineyard_id":"V13","row_id":"V13-R030","waste_id":null,"route_order":40,"reachable":true,"gap_length_m":7.625,"note":"row_gap; gap 7.62 m","kind":"row_gap","tile":"siret3_r020_c013","source_target_id":"T-GAP-0114","priority":2,"route_role":"must","skip_reason":null},"geometry":{"type":"Point","coordinates":[28.7097169,47.122078]}},{"type":"Feature","id":41,"properties":{"target_id":"T041","type":"missing","vineyard_id":"V13","row_id":"V13-R028","waste_id":null,"route_order":41,"reachable":true,"gap_length_m":2.375,"note":"missing_plant; missing plant 2.38 m","kind":"missing_plant","tile":"siret3_r020_c013","source_target_id":"T-MSP-0403","priority":3,"route_role":"optional","skip_reason":null},"geometry":{"type":"Point","coordinates":[28.7096469,47.1221845]}},{"type":"Feature","id":42,"properties":{"target_id":"T042","type":"missing","vineyard_id":"V13","row_id":"V13-R028","waste_id":null,"route_order":42,"reachable":true,"gap_length_m":2.325,"note":"missing_plant; missing plant 2.32 m","kind":"missing_plant","tile":"siret3_r020_c013","source_target_id":"T-MSP-0404","priority":3,"route_role":"optional","skip_reason":null},"geometry":{"type":"Point","coordinates":[28.70962,47.1222093]}},{"type":"Feature","id":43,"properties":{"target_id":"T043","type":"missing","vineyard_id":"V13","row_id":"V13-R028","waste_id":null,"route_order":43,"reachable":true,"gap_length_m":2.075,"note":"missing_plant; missing plant 2.07 m","kind":"missing_plant","tile":"siret3_r020_c013","source_target_id":"T-MSP-0405","priority":3,"route_role":"optional","skip_reason":null},"geometry":{"type":"Point","coordinates":[28.7095334,47.1222889]}},{"type":"Feature","id":44,"properties":{"target_id":"T044","type":"gap","vineyard_id":"V13","row_id":"V13-R028","waste_id":null,"route_order":44,"reachable":true,"gap_length_m":5.225,"note":"row_gap; gap 5.22 m","kind":"row_gap","tile":"siret3_r020_c013","source_target_id":"T-GAP-0113","priority":2,"route_role":"must","skip_reason":null},"geometry":{"type":"Point","coordinates":[28.7093766,47.1224335]}},{"type":"Feature","id":45,"properties":{"target_id":"T045","type":"gap","vineyard_id":"V13","row_id":"V13-R023","waste_id":null,"route_order":45,"reachable":true,"gap_length_m":10.95,"note":"row_gap; gap 10.95 m","kind":"row_gap","tile":"siret3_r020_c013","source_target_id":"T-GAP-0111","priority":1,"route_role":"must","skip_reason":null},"geometry":{"type":"Point","coordinates":[28.7095837,47.1223394]}},{"type":"Feature","id":46,"properties":{"target_id":"T046","type":"missing","vineyard_id":"V13","row_id":"V13-R025","waste_id":null,"route_order":46,"reachable":true,"gap_length_m":3.35,"note":"missing_plant; missing plant 3.35 m","kind":"missing_plant","tile":"siret3_r020_c013","source_target_id":"T-MSP-0394","priority":3,"route_role":"optional","skip_reason":null},"geometry":{"type":"Point","coordinates":[28.7097923,47.122104]}},{"type":"Feature","id":47,"properties":{"target_id":"T047","type":"missing","vineyard_id":"V13","row_id":"V13-R025","waste_id":null,"route_order":47,"reachable":true,"gap_length_m":2.15,"note":"missing_plant; missing plant 2.15 m","kind":"missing_plant","tile":"siret3_r020_c013","source_target_id":"T-MSP-0395","priority":3,"route_role":"optional","skip_reason":null},"geometry":{"type":"Point","coordinates":[28.7096645,47.1222229]}},{"type":"Feature","id":48,"properties":{"target_id":"T048","type":"missing","vineyard_id":"V13","row_id":"V13-R025","waste_id":null,"route_order":48,"reachable":true,"gap_length_m":2.725,"note":"missing_plant; missing plant 2.73 m","kind":"missing_plant","tile":"siret3_r020_c013","source_target_id":"T-MSP-0397","priority":3,"route_role":"optional","skip_reason":null},"geometry":{"type":"Point","coordinates":[28.7094422,47.1224298]}},{"type":"Feature","id":49,"properties":{"target_id":"T049","type":"gap","vineyard_id":"V13","row_id":"V13-R022","waste_id":null,"route_order":49,"reachable":true,"gap_length_m":5.325,"note":"row_gap; gap 5.32 m","kind":"row_gap","tile":"siret3_r019_c013","source_target_id":"T-GAP-0109","priority":2,"route_role":"must","skip_reason":null},"geometry":{"type":"Point","coordinates":[28.7093996,47.1225456]}},{"type":"Feature","id":50,"properties":{"target_id":"T050","type":"gap","vineyard_id":"V13","row_id":"V13-R022","waste_id":null,"route_order":50,"reachable":true,"gap_length_m":6.9,"note":"row_gap; gap 6.90 m","kind":"row_gap","tile":"siret3_r020_c013","source_target_id":"T-GAP-0108","priority":2,"route_role":"must","skip_reason":null},"geometry":{"type":"Point","coordinates":[28.709641,47.1223205]}},{"type":"Feature","id":51,"properties":{"target_id":"T051","type":"missing","vineyard_id":"V13","row_id":"V13-R022","waste_id":null,"route_order":51,"reachable":true,"gap_length_m":3.625,"note":"missing_plant; missing plant 3.62 m","kind":"missing_plant","tile":"siret3_r020_c013","source_target_id":"T-MSP-0389","priority":3,"route_role":"optional","skip_reason":null},"geometry":{"type":"Point","coordinates":[28.7097345,47.1222332]}},{"type":"Feature","id":52,"properties":{"target_id":"T052","type":"missing","vineyard_id":"V13","row_id":"V13-R022","waste_id":null,"route_order":52,"reachable":true,"gap_length_m":2.175,"note":"missing_plant; missing plant 2.17 m","kind":"missing_plant","tile":"siret3_r020_c013","source_target_id":"T-MSP-0388","priority":3,"route_role":"optional","skip_reason":null},"geometry":{"type":"Point","coordinates":[28.7097911,47.1221804]}},{"type":"Feature","id":53,"properties":{"target_id":"T053","type":"missing","vineyard_id":"V13","row_id":"V13-R023","waste_id":null,"route_order":53,"reachable":true,"gap_length_m":2.575,"note":"missing_plant; missing plant 2.58 m","kind":"missing_plant","tile":"siret3_r020_c013","source_target_id":"T-MSP-0393","priority":3,"route_role":"optional","skip_reason":null},"geometry":{"type":"Point","coordinates":[28.7098639,47.1220729]}},{"type":"Feature","id":54,"properties":{"target_id":"T054","type":"missing","vineyard_id":"V13","row_id":"V13-R022","waste_id":null,"route_order":54,"reachable":true,"gap_length_m":4.65,"note":"missing_plant; missing plant 4.65 m","kind":"missing_plant","tile":"siret3_r021_c013","source_target_id":"T-MSP-0387","priority":3,"route_role":"optional","skip_reason":null},"geometry":{"type":"Point","coordinates":[28.7099673,47.1220161]}},{"type":"Feature","id":55,"properties":{"target_id":"T055","type":"missing","vineyard_id":"V13","row_id":"V13-R022","waste_id":null,"route_order":55,"reachable":true,"gap_length_m":2.05,"note":"missing_plant; missing plant 2.05 m; truncated","kind":"missing_plant","tile":"siret3_r021_c014","source_target_id":"T-MSP-0386","priority":3,"route_role":"optional","skip_reason":null},"geometry":{"type":"Point","coordinates":[28.7101711,47.121826]}},{"type":"Feature","id":56,"properties":{"target_id":"T056","type":"gap","vineyard_id":"V13","row_id":"V13-R023","waste_id":null,"route_order":56,"reachable":true,"gap_length_m":7.475,"note":"row_gap; gap 7.47 m","kind":"row_gap","tile":"siret3_r021_c014","source_target_id":"T-GAP-0110","priority":2,"route_role":"must","skip_reason":null},"geometry":{"type":"Point","coordinates":[28.7102513,47.1217126]}},{"type":"Feature","id":57,"properties":{"target_id":"T057","type":"missing","vineyard_id":"V13","row_id":"V13-R020","waste_id":null,"route_order":57,"reachable":true,"gap_length_m":2.534,"note":"missing_plant; missing plant 2.53 m","kind":"missing_plant","tile":"siret3_r021_c014","source_target_id":"T-MSP-0376","priority":3,"route_role":"optional","skip_reason":null},"geometry":{"type":"Point","coordinates":[28.7103762,47.1217084]}},{"type":"Feature","id":58,"properties":{"target_id":"T058","type":"missing","vineyard_id":"V13","row_id":"V13-R021","waste_id":null,"route_order":58,"reachable":true,"gap_length_m":2.61,"note":"missing_plant; missing plant 2.61 m","kind":"missing_plant","tile":"siret3_r021_c014","source_target_id":"T-MSP-0381","priority":3,"route_role":"optional","skip_reason":null},"geometry":{"type":"Point","coordinates":[28.7102866,47.1217536]}},{"type":"Feature","id":59,"properties":{"target_id":"T059","type":"gap","vineyard_id":"V13","row_id":"V13-R020","waste_id":null,"route_order":59,"reachable":true,"gap_length_m":5.257,"note":"row_gap; gap 5.26 m","kind":"row_gap","tile":"siret3_r021_c014","source_target_id":"T-GAP-0100","priority":2,"route_role":"must","skip_reason":null},"geometry":{"type":"Point","coordinates":[28.7103044,47.1217751]}},{"type":"Feature","id":60,"properties":{"target_id":"T060","type":"gap","vineyard_id":"V13","row_id":"V13-R020","waste_id":null,"route_order":60,"reachable":true,"gap_length_m":5.3,"note":"row_gap; gap 5.30 m","kind":"row_gap","tile":"siret3_r021_c014","source_target_id":"T-GAP-0101","priority":2,"route_role":"must","skip_reason":null},"geometry":{"type":"Point","coordinates":[28.710249,47.1218266]}},{"type":"Feature","id":61,"properties":{"target_id":"T061","type":"gap","vineyard_id":"V13","row_id":"V13-R021","waste_id":null,"route_order":61,"reachable":true,"gap_length_m":5.15,"note":"row_gap; gap 5.15 m","kind":"row_gap","tile":"siret3_r021_c014","source_target_id":"T-GAP-0104","priority":2,"route_role":"must","skip_reason":null},"geometry":{"type":"Point","coordinates":[28.7101977,47.1218361]}},{"type":"Feature","id":62,"properties":{"target_id":"T062","type":"missing","vineyard_id":"V13","row_id":"V13-R021","waste_id":null,"route_order":62,"reachable":true,"gap_length_m":3.7,"note":"missing_plant; missing plant 3.70 m","kind":"missing_plant","tile":"siret3_r021_c014","source_target_id":"T-MSP-0382","priority":3,"route_role":"optional","skip_reason":null},"geometry":{"type":"Point","coordinates":[28.7101526,47.121878]}},{"type":"Feature","id":63,"properties":{"target_id":"T063","type":"missing","vineyard_id":"V13","row_id":"V13-R020","waste_id":null,"route_order":63,"reachable":true,"gap_length_m":3.15,"note":"missing_plant; missing plant 3.15 m","kind":"missing_plant","tile":"siret3_r021_c014","source_target_id":"T-MSP-0377","priority":3,"route_role":"optional","skip_reason":null},"geometry":{"type":"Point","coordinates":[28.7101614,47.121908]}},{"type":"Feature","id":64,"properties":{"target_id":"T064","type":"gap","vineyard_id":"V13","row_id":"V13-R021","waste_id":null,"route_order":64,"reachable":true,"gap_length_m":5.45,"note":"row_gap; gap 5.45 m","kind":"row_gap","tile":"siret3_r021_c013","source_target_id":"T-GAP-0105","priority":2,"route_role":"must","skip_reason":null},"geometry":{"type":"Point","coordinates":[28.70997,47.1220482]}},{"type":"Feature","id":65,"properties":{"target_id":"T065","type":"gap","vineyard_id":"V13","row_id":"V13-R021","waste_id":null,"route_order":65,"reachable":true,"gap_length_m":6.9,"note":"row_gap; gap 6.90 m","kind":"row_gap","tile":"siret3_r020_c013","source_target_id":"T-GAP-0106","priority":2,"route_role":"must","skip_reason":null},"geometry":{"type":"Point","coordinates":[28.7098345,47.1221733]}},{"type":"Feature","id":66,"properties":{"target_id":"T066","type":"gap","vineyard_id":"V13","row_id":"V13-R021","waste_id":null,"route_order":66,"reachable":true,"gap_length_m":10.7,"note":"row_gap; gap 10.70 m","kind":"row_gap","tile":"siret3_r020_c013","source_target_id":"T-GAP-0107","priority":1,"route_role":"must","skip_reason":null},"geometry":{"type":"Point","coordinates":[28.7096726,47.1223241]}},{"type":"Feature","id":67,"properties":{"target_id":"T067","type":"gap","vineyard_id":"V13","row_id":"V13-R020","waste_id":null,"route_order":67,"reachable":true,"gap_length_m":24.375,"note":"row_gap; gap 24.38 m","kind":"row_gap","tile":"siret3_r020_c013","source_target_id":"T-GAP-0102","priority":1,"route_role":"must","skip_reason":null},"geometry":{"type":"Point","coordinates":[28.7096732,47.122362]}},{"type":"Feature","id":68,"properties":{"target_id":"T068","type":"gap","vineyard_id":"V13","row_id":"V13-R020","waste_id":null,"route_order":68,"reachable":true,"gap_length_m":24.375,"note":"row_gap; gap 24.38 m","kind":"row_gap","tile":"siret3_r020_c013","source_target_id":"T-GAP-0103","priority":1,"route_role":"must","skip_reason":null},"geometry":{"type":"Point","coordinates":[28.7095781,47.1224504]}},{"type":"Feature","id":69,"properties":{"target_id":"T069","type":"missing","vineyard_id":"V13","row_id":"V13-R020","waste_id":null,"route_order":69,"reachable":true,"gap_length_m":3.7,"note":"missing_plant; missing plant 3.70 m","kind":"missing_plant","tile":"siret3_r020_c013","source_target_id":"T-MSP-0380","priority":3,"route_role":"optional","skip_reason":null},"geometry":{"type":"Point","coordinates":[28.7097439,47.1222962]}},{"type":"Feature","id":70,"properties":{"target_id":"T070","type":"missing","vineyard_id":"V13","row_id":"V13-R020","waste_id":null,"route_order":70,"reachable":true,"gap_length_m":2,"note":"missing_plant; missing plant 2.00 m; truncated","kind":"missing_plant","tile":"siret3_r020_c013","source_target_id":"T-MSP-0379","priority":3,"route_role":"optional","skip_reason":null},"geometry":{"type":"Point","coordinates":[28.7098161,47.1222291]}},{"type":"Feature","id":71,"properties":{"target_id":"T071","type":"missing","vineyard_id":"V13","row_id":"V13-R020","waste_id":null,"route_order":71,"reachable":true,"gap_length_m":2.025,"note":"missing_plant; missing plant 2.02 m; truncated","kind":"missing_plant","tile":"siret3_r020_c013","source_target_id":"T-MSP-0378","priority":3,"route_role":"optional","skip_reason":null},"geometry":{"type":"Point","coordinates":[28.7099197,47.1221328]}},{"type":"Feature","id":72,"properties":{"target_id":"T072","type":"missing","vineyard_id":"V13","row_id":"V13-R021","waste_id":null,"route_order":72,"reachable":true,"gap_length_m":3.425,"note":"missing_plant; missing plant 3.42 m","kind":"missing_plant","tile":"siret3_r021_c014","source_target_id":"T-MSP-0383","priority":3,"route_role":"optional","skip_reason":null},"geometry":{"type":"Point","coordinates":[28.7101197,47.1219085]}},{"type":"Feature","id":73,"properties":{"target_id":"T073","type":"gap","vineyard_id":"V13","row_id":"V13-R026","waste_id":null,"route_order":73,"reachable":true,"gap_length_m":6.675,"note":"row_gap; gap 6.68 m","kind":"row_gap","tile":"siret3_r021_c014","source_target_id":"T-GAP-0112","priority":2,"route_role":"must","skip_reason":null},"geometry":{"type":"Point","coordinates":[28.7101878,47.1217208]}},{"type":"Feature","id":74,"properties":{"target_id":"T074","type":"missing","vineyard_id":"V13","row_id":"V13-R026","waste_id":null,"route_order":74,"reachable":true,"gap_length_m":2.775,"note":"missing_plant; missing plant 2.77 m","kind":"missing_plant","tile":"siret3_r021_c013","source_target_id":"T-MSP-0398","priority":3,"route_role":"optional","skip_reason":null},"geometry":{"type":"Point","coordinates":[28.7099054,47.1219861]}},{"type":"Feature","id":75,"properties":{"target_id":"T075","type":"missing","vineyard_id":"V13","row_id":"V13-R025","waste_id":null,"route_order":75,"reachable":true,"gap_length_m":3.075,"note":"missing_plant; missing plant 3.07 m","kind":"missing_plant","tile":"siret3_r020_c013","source_target_id":"T-MSP-0396","priority":3,"route_role":"optional","skip_reason":null},"geometry":{"type":"Point","coordinates":[28.7096178,47.1222664]}},{"type":"Feature","id":76,"properties":{"target_id":"T076","type":"missing","vineyard_id":"V13","row_id":"V13-R057","waste_id":null,"route_order":76,"reachable":true,"gap_length_m":2.275,"note":"missing_plant; missing plant 2.28 m","kind":"missing_plant","tile":"siret3_r020_c011","source_target_id":"T-MSP-0501","priority":3,"route_role":"optional","skip_reason":null},"geometry":{"type":"Point","coordinates":[28.7086033,47.1224309]}},{"type":"Feature","id":77,"properties":{"target_id":"T077","type":"missing","vineyard_id":"V13","row_id":"V13-R065","waste_id":null,"route_order":77,"reachable":true,"gap_length_m":2.575,"note":"missing_plant; missing plant 2.58 m","kind":"missing_plant","tile":"siret3_r021_c012","source_target_id":"T-MSP-0531","priority":3,"route_role":"optional","skip_reason":null},"geometry":{"type":"Point","coordinates":[28.7088414,47.1219304]}},{"type":"Feature","id":78,"properties":{"target_id":"T078","type":"gap","vineyard_id":"V13","row_id":"V13-R066","waste_id":null,"route_order":78,"reachable":true,"gap_length_m":6.675,"note":"row_gap; gap 6.67 m","kind":"row_gap","tile":"siret3_r021_c012","source_target_id":"T-GAP-0120","priority":2,"route_role":"must","skip_reason":null},"geometry":{"type":"Point","coordinates":[28.7088577,47.1218755]}},{"type":"Feature","id":79,"properties":{"target_id":"T079","type":"missing","vineyard_id":"V13","row_id":"V13-R064","waste_id":null,"route_order":79,"reachable":true,"gap_length_m":2.7,"note":"missing_plant; missing plant 2.70 m","kind":"missing_plant","tile":"siret3_r022_c012","source_target_id":"T-MSP-0525","priority":3,"route_role":"optional","skip_reason":null},"geometry":{"type":"Point","coordinates":[28.7092558,47.1215837]}},{"type":"Feature","id":80,"properties":{"target_id":"T080","type":"missing","vineyard_id":"V13","row_id":"V13-R062","waste_id":null,"route_order":80,"reachable":true,"gap_length_m":3.575,"note":"missing_plant; missing plant 3.58 m","kind":"missing_plant","tile":"siret3_r021_c012","source_target_id":"T-MSP-0514","priority":3,"route_role":"optional","skip_reason":null},"geometry":{"type":"Point","coordinates":[28.7093079,47.1216186]}},{"type":"Feature","id":81,"properties":{"target_id":"T081","type":"missing","vineyard_id":"V13","row_id":"V13-R061","waste_id":null,"route_order":81,"reachable":true,"gap_length_m":2.9,"note":"missing_plant; missing plant 2.90 m","kind":"missing_plant","tile":"siret3_r022_c013","source_target_id":"T-MSP-0511","priority":3,"route_role":"optional","skip_reason":null},"geometry":{"type":"Point","coordinates":[28.7093682,47.1216008]}},{"type":"Feature","id":82,"properties":{"target_id":"T082","type":"missing","vineyard_id":"V13","row_id":"V13-R049","waste_id":null,"route_order":82,"reachable":true,"gap_length_m":3.9,"note":"missing_plant; missing plant 3.90 m","kind":"missing_plant","tile":"siret3_r022_c013","source_target_id":"T-MSP-0486","priority":3,"route_role":"optional","skip_reason":null},"geometry":{"type":"Point","coordinates":[28.7096764,47.1216048]}},{"type":"Feature","id":83,"properties":{"target_id":"T083","type":"missing","vineyard_id":"V13","row_id":"V13-R046","waste_id":null,"route_order":83,"reachable":true,"gap_length_m":2.75,"note":"missing_plant; missing plant 2.75 m","kind":"missing_plant","tile":"siret3_r022_c013","source_target_id":"T-MSP-0474","priority":3,"route_role":"optional","skip_reason":null},"geometry":{"type":"Point","coordinates":[28.7098647,47.1215133]}},{"type":"Feature","id":84,"properties":{"target_id":"T084","type":"missing","vineyard_id":"V13","row_id":"V13-R040","waste_id":null,"route_order":84,"reachable":true,"gap_length_m":2.15,"note":"missing_plant; missing plant 2.15 m","kind":"missing_plant","tile":"siret3_r021_c013","source_target_id":"T-MSP-0440","priority":3,"route_role":"optional","skip_reason":null},"geometry":{"type":"Point","coordinates":[28.7098898,47.1217003]}},{"type":"Feature","id":85,"properties":{"target_id":"T085","type":"missing","vineyard_id":"V13","row_id":"V13-R041","waste_id":null,"route_order":85,"reachable":true,"gap_length_m":2.125,"note":"missing_plant; missing plant 2.12 m","kind":"missing_plant","tile":"siret3_r021_c013","source_target_id":"T-MSP-0449","priority":3,"route_role":"optional","skip_reason":null},"geometry":{"type":"Point","coordinates":[28.7098493,47.1216941]}},{"type":"Feature","id":86,"properties":{"target_id":"T086","type":"missing","vineyard_id":"V13","row_id":"V13-R048","waste_id":null,"route_order":86,"reachable":true,"gap_length_m":4.45,"note":"missing_plant; missing plant 4.45 m","kind":"missing_plant","tile":"siret3_r021_c013","source_target_id":"T-MSP-0481","priority":3,"route_role":"optional","skip_reason":null},"geometry":{"type":"Point","coordinates":[28.7097115,47.1216137]}},{"type":"Feature","id":87,"properties":{"target_id":"T087","type":"missing","vineyard_id":"V13","row_id":"V13-R061","waste_id":null,"route_order":87,"reachable":true,"gap_length_m":2.625,"note":"missing_plant; missing plant 2.62 m","kind":"missing_plant","tile":"siret3_r022_c013","source_target_id":"T-MSP-0510","priority":3,"route_role":"optional","skip_reason":null},"geometry":{"type":"Point","coordinates":[28.709567,47.1214154]}},{"type":"Feature","id":88,"properties":{"target_id":"T088","type":"gap","vineyard_id":"V13","row_id":"V13-R062","waste_id":null,"route_order":88,"reachable":true,"gap_length_m":6.925,"note":"row_end_short; row end (head) without vines 6.93 m","kind":"row_end_short","tile":"siret3_r022_c013","source_target_id":"T-END-0025","priority":2,"route_role":"optional","skip_reason":null},"geometry":{"type":"Point","coordinates":[28.7097919,47.1211688]}},{"type":"Feature","id":89,"properties":{"target_id":"T089","type":"gap","vineyard_id":"V13","row_id":"V13-R061","waste_id":null,"route_order":89,"reachable":true,"gap_length_m":8.025,"note":"row_gap; gap 8.03 m","kind":"row_gap","tile":"siret3_r022_c013","source_target_id":"T-GAP-0117","priority":2,"route_role":"must","skip_reason":null},"geometry":{"type":"Point","coordinates":[28.7098226,47.1211772]}},{"type":"Feature","id":90,"properties":{"target_id":"T090","type":"missing","vineyard_id":"V13","row_id":"V13-R076","waste_id":null,"route_order":90,"reachable":true,"gap_length_m":3,"note":"missing_plant; missing plant 3.00 m","kind":"missing_plant","tile":"siret3_r022_c012","source_target_id":"T-MSP-0606","priority":3,"route_role":"optional","skip_reason":null},"geometry":{"type":"Point","coordinates":[28.7089547,47.1214008]}},{"type":"Feature","id":91,"properties":{"target_id":"T091","type":"missing","vineyard_id":"V13","row_id":"V13-R076","waste_id":null,"route_order":91,"reachable":true,"gap_length_m":4,"note":"missing_plant; missing plant 4.00 m","kind":"missing_plant","tile":"siret3_r022_c012","source_target_id":"T-MSP-0607","priority":3,"route_role":"optional","skip_reason":null},"geometry":{"type":"Point","coordinates":[28.7089069,47.1214458]}},{"type":"Feature","id":92,"properties":{"target_id":"T092","type":"gap","vineyard_id":"V13","row_id":"V13-R075","waste_id":null,"route_order":92,"reachable":true,"gap_length_m":5.875,"note":"row_gap; gap 5.88 m","kind":"row_gap","tile":"siret3_r022_c012","source_target_id":"T-GAP-0126","priority":2,"route_role":"must","skip_reason":null},"geometry":{"type":"Point","coordinates":[28.7089418,47.121453]}},{"type":"Feature","id":93,"properties":{"target_id":"T093","type":"missing","vineyard_id":"V13","row_id":"V13-R076","waste_id":null,"route_order":93,"reachable":true,"gap_length_m":3.45,"note":"missing_plant; missing plant 3.45 m","kind":"missing_plant","tile":"siret3_r021_c011","source_target_id":"T-MSP-0608","priority":3,"route_role":"optional","skip_reason":null},"geometry":{"type":"Point","coordinates":[28.708238,47.1220696]}},{"type":"Feature","id":94,"properties":{"target_id":"T094","type":"missing","vineyard_id":"V13","row_id":"V13-R076","waste_id":null,"route_order":94,"reachable":true,"gap_length_m":2.875,"note":"missing_plant; missing plant 2.88 m","kind":"missing_plant","tile":"siret3_r020_c010","source_target_id":"T-MSP-0610","priority":3,"route_role":"optional","skip_reason":null},"geometry":{"type":"Point","coordinates":[28.7077292,47.1225511]}},{"type":"Feature","id":95,"properties":{"target_id":"T095","type":"missing","vineyard_id":"V13","row_id":"V13-R074","waste_id":null,"route_order":95,"reachable":true,"gap_length_m":3.6,"note":"missing_plant; missing plant 3.60 m","kind":"missing_plant","tile":"siret3_r019_c010","source_target_id":"T-MSP-0600","priority":3,"route_role":"optional","skip_reason":null},"geometry":{"type":"Point","coordinates":[28.707712,47.1226048]}},{"type":"Feature","id":96,"properties":{"target_id":"T096","type":"missing","vineyard_id":"V13","row_id":"V13-R076","waste_id":null,"route_order":96,"reachable":true,"gap_length_m":2,"note":"missing_plant; missing plant 2.00 m; truncated","kind":"missing_plant","tile":"siret3_r019_c010","source_target_id":"T-MSP-0611","priority":3,"route_role":"optional","skip_reason":null},"geometry":{"type":"Point","coordinates":[28.7076496,47.1226252]}},{"type":"Feature","id":97,"properties":{"target_id":"T097","type":"missing","vineyard_id":"V13","row_id":"V13-R074","waste_id":null,"route_order":97,"reachable":true,"gap_length_m":2.45,"note":"missing_plant; missing plant 2.45 m","kind":"missing_plant","tile":"siret3_r019_c010","source_target_id":"T-MSP-0601","priority":3,"route_role":"optional","skip_reason":null},"geometry":{"type":"Point","coordinates":[28.7076569,47.122657]}},{"type":"Feature","id":98,"properties":{"target_id":"T098","type":"missing","vineyard_id":"V13","row_id":"V13-R076","waste_id":null,"route_order":98,"reachable":true,"gap_length_m":4.6,"note":"missing_plant; missing plant 4.60 m","kind":"missing_plant","tile":"siret3_r019_c010","source_target_id":"T-MSP-0612","priority":3,"route_role":"optional","skip_reason":null},"geometry":{"type":"Point","coordinates":[28.70761,47.1226628]}},{"type":"Feature","id":99,"properties":{"target_id":"T099","type":"missing","vineyard_id":"V13","row_id":"V13-R074","waste_id":null,"route_order":99,"reachable":true,"gap_length_m":2.55,"note":"missing_plant; missing plant 2.55 m","kind":"missing_plant","tile":"siret3_r019_c010","source_target_id":"T-MSP-0602","priority":3,"route_role":"optional","skip_reason":null},"geometry":{"type":"Point","coordinates":[28.7075828,47.1227273]}},{"type":"Feature","id":100,"properties":{"target_id":"T100","type":"gap","vineyard_id":"V13","row_id":"V13-R076","waste_id":null,"route_order":100,"reachable":true,"gap_length_m":9.375,"note":"row_gap; gap 9.38 m","kind":"row_gap","tile":"siret3_r019_c010","source_target_id":"T-GAP-0128","priority":2,"route_role":"must","skip_reason":null},"geometry":{"type":"Point","coordinates":[28.7075371,47.1227319]}},{"type":"Feature","id":101,"properties":{"target_id":"T101","type":"gap","vineyard_id":"V13","row_id":"V13-R074","waste_id":null,"route_order":101,"reachable":true,"gap_length_m":5.375,"note":"row_gap; gap 5.38 m","kind":"row_gap","tile":"siret3_r019_c010","source_target_id":"T-GAP-0124","priority":2,"route_role":"must","skip_reason":null},"geometry":{"type":"Point","coordinates":[28.7075313,47.1227761]}},{"type":"Feature","id":102,"properties":{"target_id":"T102","type":"gap","vineyard_id":"V13","row_id":"V13-R074","waste_id":null,"route_order":102,"reachable":true,"gap_length_m":15.6,"note":"row_gap; gap 15.60 m","kind":"row_gap","tile":"siret3_r019_c010","source_target_id":"T-GAP-0125","priority":1,"route_role":"must","skip_reason":null},"geometry":{"type":"Point","coordinates":[28.7074368,47.1228656]}},{"type":"Feature","id":103,"properties":{"target_id":"T103","type":"gap","vineyard_id":"V13","row_id":"V13-R077","waste_id":null,"route_order":103,"reachable":true,"gap_length_m":5.95,"note":"row_gap; gap 5.95 m","kind":"row_gap","tile":"siret3_r019_c010","source_target_id":"T-GAP-0129","priority":2,"route_role":"must","skip_reason":null},"geometry":{"type":"Point","coordinates":[28.7074039,47.1227856]}},{"type":"Feature","id":104,"properties":{"target_id":"T104","type":"gap","vineyard_id":"V10","row_id":"V10-R009","waste_id":null,"route_order":104,"reachable":true,"gap_length_m":7.9,"note":"row_gap; gap 7.90 m","kind":"row_gap","tile":"siret3_r014_c004","source_target_id":"T-GAP-0092","priority":2,"route_role":"must","skip_reason":null},"geometry":{"type":"Point","coordinates":[28.7037343,47.1252999]}},{"type":"Feature","id":105,"properties":{"target_id":"T105","type":"missing","vineyard_id":"V10","row_id":"V10-R009","waste_id":null,"route_order":105,"reachable":true,"gap_length_m":2,"note":"missing_plant; missing plant 2.00 m; truncated","kind":"missing_plant","tile":"siret3_r014_c004","source_target_id":"T-MSP-0287","priority":3,"route_role":"optional","skip_reason":null},"geometry":{"type":"Point","coordinates":[28.7038035,47.1252734]}},{"type":"Feature","id":106,"properties":{"target_id":"T106","type":"missing","vineyard_id":"V10","row_id":"V10-R005","waste_id":null,"route_order":106,"reachable":true,"gap_length_m":2,"note":"missing_plant; missing plant 2.00 m; truncated","kind":"missing_plant","tile":"siret3_r014_c004","source_target_id":"T-MSP-0277","priority":3,"route_role":"optional","skip_reason":null},"geometry":{"type":"Point","coordinates":[28.7037827,47.1253548]}},{"type":"Feature","id":107,"properties":{"target_id":"T107","type":"missing","vineyard_id":"V10","row_id":"V10-R006","waste_id":null,"route_order":107,"reachable":true,"gap_length_m":3.725,"note":"missing_plant; missing plant 3.73 m","kind":"missing_plant","tile":"siret3_r013_c004","source_target_id":"T-MSP-0281","priority":3,"route_role":"optional","skip_reason":null},"geometry":{"type":"Point","coordinates":[28.7034668,47.1254525]}},{"type":"Feature","id":108,"properties":{"target_id":"T108","type":"missing","vineyard_id":"V10","row_id":"V10-R005","waste_id":null,"route_order":108,"reachable":true,"gap_length_m":4.325,"note":"missing_plant; missing plant 4.32 m","kind":"missing_plant","tile":"siret3_r013_c004","source_target_id":"T-MSP-0278","priority":3,"route_role":"optional","skip_reason":null},"geometry":{"type":"Point","coordinates":[28.703476,47.1254756]}},{"type":"Feature","id":109,"properties":{"target_id":"T109","type":"missing","vineyard_id":"V10","row_id":"V10-R005","waste_id":null,"route_order":109,"reachable":true,"gap_length_m":2.6,"note":"missing_plant; missing plant 2.60 m","kind":"missing_plant","tile":"siret3_r013_c003","source_target_id":"T-MSP-0279","priority":3,"route_role":"optional","skip_reason":null},"geometry":{"type":"Point","coordinates":[28.7033156,47.125538]}},{"type":"Feature","id":110,"properties":{"target_id":"T110","type":"missing","vineyard_id":"V10","row_id":"V10-R006","waste_id":null,"route_order":110,"reachable":true,"gap_length_m":2.125,"note":"missing_plant; missing plant 2.12 m","kind":"missing_plant","tile":"siret3_r013_c003","source_target_id":"T-MSP-0282","priority":3,"route_role":"optional","skip_reason":null},"geometry":{"type":"Point","coordinates":[28.7032669,47.1255305]}},{"type":"Feature","id":111,"properties":{"target_id":"T111","type":"missing","vineyard_id":"V10","row_id":"V10-R006","waste_id":null,"route_order":111,"reachable":true,"gap_length_m":3.5,"note":"missing_plant; missing plant 3.50 m","kind":"missing_plant","tile":"siret3_r013_c003","source_target_id":"T-MSP-0283","priority":3,"route_role":"optional","skip_reason":null},"geometry":{"type":"Point","coordinates":[28.7031632,47.125571]}},{"type":"Feature","id":112,"properties":{"target_id":"T112","type":"missing","vineyard_id":"V10","row_id":"V10-R006","waste_id":null,"route_order":112,"reachable":true,"gap_length_m":2.325,"note":"missing_plant; missing plant 2.33 m","kind":"missing_plant","tile":"siret3_r013_c003","source_target_id":"T-MSP-0284","priority":3,"route_role":"optional","skip_reason":null},"geometry":{"type":"Point","coordinates":[28.7031119,47.1255911]}},{"type":"Feature","id":113,"properties":{"target_id":"T113","type":"gap","vineyard_id":"V10","row_id":"V10-R006","waste_id":null,"route_order":113,"reachable":true,"gap_length_m":8.7,"note":"row_gap; gap 8.70 m","kind":"row_gap","tile":"siret3_r013_c003","source_target_id":"T-GAP-0091","priority":2,"route_role":"must","skip_reason":null},"geometry":{"type":"Point","coordinates":[28.7030322,47.1256222]}},{"type":"Feature","id":114,"properties":{"target_id":"T114","type":"missing","vineyard_id":"V10","row_id":"V10-R005","waste_id":null,"route_order":114,"reachable":true,"gap_length_m":4.75,"note":"missing_plant; missing plant 4.75 m","kind":"missing_plant","tile":"siret3_r013_c003","source_target_id":"T-MSP-0280","priority":3,"route_role":"optional","skip_reason":null},"geometry":{"type":"Point","coordinates":[28.7029564,47.1256761]}},{"type":"Feature","id":115,"properties":{"target_id":"T115","type":"missing","vineyard_id":"V10","row_id":"V10-R004","waste_id":null,"route_order":115,"reachable":true,"gap_length_m":2.275,"note":"missing_plant; missing plant 2.28 m","kind":"missing_plant","tile":"siret3_r013_c003","source_target_id":"T-MSP-0276","priority":3,"route_role":"optional","skip_reason":null},"geometry":{"type":"Point","coordinates":[28.7029086,47.1257189]}},{"type":"Feature","id":116,"properties":{"target_id":"T116","type":"gap","vineyard_id":"V10","row_id":"V10-R003","waste_id":null,"route_order":116,"reachable":true,"gap_length_m":6.575,"note":"row_gap; gap 6.58 m","kind":"row_gap","tile":"siret3_r013_c003","source_target_id":"T-GAP-0086","priority":2,"route_role":"must","skip_reason":null},"geometry":{"type":"Point","coordinates":[28.7029752,47.1257164]}},{"type":"Feature","id":117,"properties":{"target_id":"T117","type":"gap","vineyard_id":"V10","row_id":"V10-R004","waste_id":null,"route_order":117,"reachable":true,"gap_length_m":5.45,"note":"row_gap; gap 5.45 m","kind":"row_gap","tile":"siret3_r013_c003","source_target_id":"T-GAP-0090","priority":2,"route_role":"must","skip_reason":null},"geometry":{"type":"Point","coordinates":[28.7030138,47.125678]}},{"type":"Feature","id":118,"properties":{"target_id":"T118","type":"missing","vineyard_id":"V10","row_id":"V10-R003","waste_id":null,"route_order":118,"reachable":true,"gap_length_m":3.1,"note":"missing_plant; missing plant 3.10 m","kind":"missing_plant","tile":"siret3_r013_c003","source_target_id":"T-MSP-0272","priority":3,"route_role":"optional","skip_reason":null},"geometry":{"type":"Point","coordinates":[28.7030713,47.125679]}},{"type":"Feature","id":119,"properties":{"target_id":"T119","type":"gap","vineyard_id":"V10","row_id":"V10-R004","waste_id":null,"route_order":119,"reachable":true,"gap_length_m":5.5,"note":"row_gap; gap 5.50 m","kind":"row_gap","tile":"siret3_r013_c003","source_target_id":"T-GAP-0089","priority":2,"route_role":"must","skip_reason":null},"geometry":{"type":"Point","coordinates":[28.7030868,47.1256496]}},{"type":"Feature","id":120,"properties":{"target_id":"T120","type":"gap","vineyard_id":"V10","row_id":"V10-R004","waste_id":null,"route_order":120,"reachable":true,"gap_length_m":7.775,"note":"row_gap; gap 7.77 m","kind":"row_gap","tile":"siret3_r013_c003","source_target_id":"T-GAP-0088","priority":2,"route_role":"must","skip_reason":null},"geometry":{"type":"Point","coordinates":[28.7032101,47.1256017]}},{"type":"Feature","id":121,"properties":{"target_id":"T121","type":"missing","vineyard_id":"V10","row_id":"V10-R004","waste_id":null,"route_order":121,"reachable":true,"gap_length_m":4.5,"note":"missing_plant; missing plant 4.50 m","kind":"missing_plant","tile":"siret3_r013_c003","source_target_id":"T-MSP-0275","priority":3,"route_role":"optional","skip_reason":null},"geometry":{"type":"Point","coordinates":[28.7033139,47.1255613]}},{"type":"Feature","id":122,"properties":{"target_id":"T122","type":"gap","vineyard_id":"V10","row_id":"V10-R003","waste_id":null,"route_order":122,"reachable":true,"gap_length_m":8.4,"note":"row_gap; gap 8.40 m","kind":"row_gap","tile":"siret3_r013_c003","source_target_id":"T-GAP-0085","priority":2,"route_role":"must","skip_reason":null},"geometry":{"type":"Point","coordinates":[28.703334,47.125577]}},{"type":"Feature","id":123,"properties":{"target_id":"T123","type":"missing","vineyard_id":"V10","row_id":"V10-R004","waste_id":null,"route_order":123,"reachable":true,"gap_length_m":2.05,"note":"missing_plant; missing plant 2.05 m; truncated","kind":"missing_plant","tile":"siret3_r013_c004","source_target_id":"T-MSP-0274","priority":3,"route_role":"optional","skip_reason":null},"geometry":{"type":"Point","coordinates":[28.7034906,47.1254927]}},{"type":"Feature","id":124,"properties":{"target_id":"T124","type":"missing","vineyard_id":"V10","row_id":"V10-R003","waste_id":null,"route_order":124,"reachable":true,"gap_length_m":2.05,"note":"missing_plant; missing plant 2.05 m; truncated","kind":"missing_plant","tile":"siret3_r013_c004","source_target_id":"T-MSP-0271","priority":3,"route_role":"optional","skip_reason":null},"geometry":{"type":"Point","coordinates":[28.7035615,47.125488]}},{"type":"Feature","id":125,"properties":{"target_id":"T125","type":"gap","vineyard_id":"V10","row_id":"V10-R004","waste_id":null,"route_order":125,"reachable":true,"gap_length_m":5.9,"note":"row_gap; gap 5.90 m","kind":"row_gap","tile":"siret3_r013_c004","source_target_id":"T-GAP-0087","priority":2,"route_role":"must","skip_reason":null},"geometry":{"type":"Point","coordinates":[28.7036587,47.1254274]}},{"type":"Feature","id":126,"properties":{"target_id":"T126","type":"missing","vineyard_id":"V10","row_id":"V10-R003","waste_id":null,"route_order":126,"reachable":true,"gap_length_m":4.35,"note":"missing_plant; missing plant 4.35 m","kind":"missing_plant","tile":"siret3_r013_c004","source_target_id":"T-MSP-0270","priority":3,"route_role":"optional","skip_reason":null},"geometry":{"type":"Point","coordinates":[28.7037369,47.1254191]}},{"type":"Feature","id":127,"properties":{"target_id":"T127","type":"missing","vineyard_id":"V10","row_id":"V10-R004","waste_id":null,"route_order":127,"reachable":true,"gap_length_m":2.5,"note":"missing_plant; missing plant 2.50 m","kind":"missing_plant","tile":"siret3_r013_c004","source_target_id":"T-MSP-0273","priority":3,"route_role":"optional","skip_reason":null},"geometry":{"type":"Point","coordinates":[28.7037621,47.1253872]}},{"type":"Feature","id":128,"properties":{"target_id":"T128","type":"missing","vineyard_id":"V01","row_id":"V01-R055","waste_id":null,"route_order":128,"reachable":true,"gap_length_m":2.025,"note":"missing_plant; missing plant 2.03 m; truncated","kind":"missing_plant","tile":"siret3_r009_c005","source_target_id":"T-MSP-0059","priority":3,"route_role":"optional","skip_reason":null},"geometry":{"type":"Point","coordinates":[28.7041862,47.1275465]}},{"type":"Feature","id":129,"properties":{"target_id":"T129","type":"gap","vineyard_id":"V01","row_id":"V01-R056","waste_id":null,"route_order":129,"reachable":true,"gap_length_m":5.65,"note":"row_gap; gap 5.65 m","kind":"row_gap","tile":"siret3_r009_c005","source_target_id":"T-GAP-0024","priority":2,"route_role":"must","skip_reason":null},"geometry":{"type":"Point","coordinates":[28.7041535,47.1275421]}},{"type":"Feature","id":130,"properties":{"target_id":"T130","type":"missing","vineyard_id":"V01","row_id":"V01-R056","waste_id":null,"route_order":130,"reachable":true,"gap_length_m":2.025,"note":"missing_plant; missing plant 2.03 m; truncated","kind":"missing_plant","tile":"siret3_r009_c004","source_target_id":"T-MSP-0061","priority":3,"route_role":"optional","skip_reason":null},"geometry":{"type":"Point","coordinates":[28.7041167,47.1276101]}},{"type":"Feature","id":131,"properties":{"target_id":"T131","type":"missing","vineyard_id":"V01","row_id":"V01-R056","waste_id":null,"route_order":131,"reachable":true,"gap_length_m":2.1,"note":"missing_plant; missing plant 2.10 m","kind":"missing_plant","tile":"siret3_r009_c004","source_target_id":"T-MSP-0062","priority":3,"route_role":"optional","skip_reason":null},"geometry":{"type":"Point","coordinates":[28.704089,47.1276613]}},{"type":"Feature","id":132,"properties":{"target_id":"T132","type":"missing","vineyard_id":"V01","row_id":"V01-R056","waste_id":null,"route_order":132,"reachable":true,"gap_length_m":2.35,"note":"missing_plant; missing plant 2.35 m","kind":"missing_plant","tile":"siret3_r008_c004","source_target_id":"T-MSP-0063","priority":3,"route_role":"optional","skip_reason":null},"geometry":{"type":"Point","coordinates":[28.7040065,47.12781]}},{"type":"Feature","id":133,"properties":{"target_id":"T133","type":"gap","vineyard_id":"V01","row_id":"V01-R055","waste_id":null,"route_order":133,"reachable":true,"gap_length_m":9.375,"note":"row_gap; gap 9.38 m","kind":"row_gap","tile":"siret3_r008_c004","source_target_id":"T-GAP-0023","priority":2,"route_role":"must","skip_reason":null},"geometry":{"type":"Point","coordinates":[28.7039415,47.1279921]}},{"type":"Feature","id":134,"properties":{"target_id":"T134","type":"missing","vineyard_id":"V01","row_id":"V01-R056","waste_id":null,"route_order":134,"reachable":true,"gap_length_m":2.325,"note":"missing_plant; missing plant 2.32 m","kind":"missing_plant","tile":"siret3_r007_c004","source_target_id":"T-MSP-0064","priority":3,"route_role":"optional","skip_reason":null},"geometry":{"type":"Point","coordinates":[28.7037593,47.1282506]}},{"type":"Feature","id":135,"properties":{"target_id":"T135","type":"missing","vineyard_id":"V01","row_id":"V01-R055","waste_id":null,"route_order":135,"reachable":true,"gap_length_m":4.55,"note":"missing_plant; missing plant 4.55 m","kind":"missing_plant","tile":"siret3_r007_c004","source_target_id":"T-MSP-0060","priority":3,"route_role":"optional","skip_reason":null},"geometry":{"type":"Point","coordinates":[28.7037195,47.1283831]}},{"type":"Feature","id":136,"properties":{"target_id":"T136","type":"missing","vineyard_id":"V01","row_id":"V01-R056","waste_id":null,"route_order":136,"reachable":true,"gap_length_m":3.075,"note":"missing_plant; missing plant 3.08 m","kind":"missing_plant","tile":"siret3_r007_c004","source_target_id":"T-MSP-0065","priority":3,"route_role":"optional","skip_reason":null},"geometry":{"type":"Point","coordinates":[28.7036778,47.1283959]}},{"type":"Feature","id":137,"properties":{"target_id":"T137","type":"missing","vineyard_id":"V01","row_id":"V01-R054","waste_id":null,"route_order":137,"reachable":true,"gap_length_m":4.7,"note":"missing_plant; missing plant 4.70 m","kind":"missing_plant","tile":"siret3_r006_c003","source_target_id":"T-MSP-0058","priority":3,"route_role":"optional","skip_reason":null},"geometry":{"type":"Point","coordinates":[28.7033785,47.1290402]}},{"type":"Feature","id":138,"properties":{"target_id":"T138","type":"missing","vineyard_id":"V01","row_id":"V01-R054","waste_id":null,"route_order":138,"reachable":true,"gap_length_m":4.125,"note":"missing_plant; missing plant 4.12 m","kind":"missing_plant","tile":"siret3_r006_c003","source_target_id":"T-MSP-0057","priority":3,"route_role":"optional","skip_reason":null},"geometry":{"type":"Point","coordinates":[28.7034179,47.1289709]}},{"type":"Feature","id":139,"properties":{"target_id":"T139","type":"gap","vineyard_id":"V01","row_id":"V01-R053","waste_id":null,"route_order":139,"reachable":true,"gap_length_m":5.95,"note":"row_gap; gap 5.95 m","kind":"row_gap","tile":"siret3_r006_c003","source_target_id":"T-GAP-0021","priority":2,"route_role":"must","skip_reason":null},"geometry":{"type":"Point","coordinates":[28.7034575,47.1289698]}},{"type":"Feature","id":140,"properties":{"target_id":"T140","type":"missing","vineyard_id":"V01","row_id":"V01-R054","waste_id":null,"route_order":140,"reachable":true,"gap_length_m":2.225,"note":"missing_plant; missing plant 2.22 m","kind":"missing_plant","tile":"siret3_r006_c004","source_target_id":"T-MSP-0056","priority":3,"route_role":"optional","skip_reason":null},"geometry":{"type":"Point","coordinates":[28.7035676,47.1287107]}},{"type":"Feature","id":141,"properties":{"target_id":"T141","type":"gap","vineyard_id":"V01","row_id":"V01-R054","waste_id":null,"route_order":141,"reachable":true,"gap_length_m":7.525,"note":"row_gap; gap 7.53 m","kind":"row_gap","tile":"siret3_r006_c004","source_target_id":"T-GAP-0022","priority":2,"route_role":"must","skip_reason":null},"geometry":{"type":"Point","coordinates":[28.7036127,47.1286331]}},{"type":"Feature","id":142,"properties":{"target_id":"T142","type":"missing","vineyard_id":"V01","row_id":"V01-R054","waste_id":null,"route_order":142,"reachable":true,"gap_length_m":2.125,"note":"missing_plant; missing plant 2.12 m","kind":"missing_plant","tile":"siret3_r007_c004","source_target_id":"T-MSP-0055","priority":3,"route_role":"optional","skip_reason":null},"geometry":{"type":"Point","coordinates":[28.7036445,47.1285783]}},{"type":"Feature","id":143,"properties":{"target_id":"T143","type":"gap","vineyard_id":"V01","row_id":"V01-R053","waste_id":null,"route_order":143,"reachable":true,"gap_length_m":5.4,"note":"row_gap; gap 5.40 m","kind":"row_gap","tile":"siret3_r007_c004","source_target_id":"T-GAP-0020","priority":2,"route_role":"must","skip_reason":null},"geometry":{"type":"Point","coordinates":[28.7036909,47.1285612]}},{"type":"Feature","id":144,"properties":{"target_id":"T144","type":"missing","vineyard_id":"V01","row_id":"V01-R053","waste_id":null,"route_order":144,"reachable":true,"gap_length_m":4.85,"note":"missing_plant; missing plant 4.85 m","kind":"missing_plant","tile":"siret3_r008_c004","source_target_id":"T-MSP-0053","priority":3,"route_role":"optional","skip_reason":null},"geometry":{"type":"Point","coordinates":[28.7040124,47.1279913]}},{"type":"Feature","id":145,"properties":{"target_id":"T145","type":"missing","vineyard_id":"V01","row_id":"V01-R054","waste_id":null,"route_order":145,"reachable":true,"gap_length_m":4.65,"note":"missing_plant; missing plant 4.65 m","kind":"missing_plant","tile":"siret3_r008_c004","source_target_id":"T-MSP-0054","priority":3,"route_role":"optional","skip_reason":null},"geometry":{"type":"Point","coordinates":[28.7041008,47.1277697]}},{"type":"Feature","id":146,"properties":{"target_id":"T146","type":"missing","vineyard_id":"V01","row_id":"V01-R048","waste_id":null,"route_order":146,"reachable":true,"gap_length_m":4.65,"note":"missing_plant; missing plant 4.65 m","kind":"missing_plant","tile":"siret3_r008_c005","source_target_id":"T-MSP-0044","priority":3,"route_role":"optional","skip_reason":null},"geometry":{"type":"Point","coordinates":[28.7042342,47.127741]}},{"type":"Feature","id":147,"properties":{"target_id":"T147","type":"missing","vineyard_id":"V01","row_id":"V01-R051","waste_id":null,"route_order":147,"reachable":true,"gap_length_m":2.125,"note":"missing_plant; missing plant 2.12 m","kind":"missing_plant","tile":"siret3_r008_c005","source_target_id":"T-MSP-0048","priority":3,"route_role":"optional","skip_reason":null},"geometry":{"type":"Point","coordinates":[28.7041767,47.127782]}},{"type":"Feature","id":148,"properties":{"target_id":"T148","type":"missing","vineyard_id":"V01","row_id":"V01-R050","waste_id":null,"route_order":148,"reachable":true,"gap_length_m":2.325,"note":"missing_plant; missing plant 2.33 m","kind":"missing_plant","tile":"siret3_r008_c004","source_target_id":"T-MSP-0047","priority":3,"route_role":"optional","skip_reason":null},"geometry":{"type":"Point","coordinates":[28.704047,47.1280075]}},{"type":"Feature","id":149,"properties":{"target_id":"T149","type":"missing","vineyard_id":"V01","row_id":"V01-R049","waste_id":null,"route_order":149,"reachable":true,"gap_length_m":3.175,"note":"missing_plant; missing plant 3.18 m","kind":"missing_plant","tile":"siret3_r006_c004","source_target_id":"T-MSP-0045","priority":3,"route_role":"optional","skip_reason":null},"geometry":{"type":"Point","coordinates":[28.7037091,47.1286523]}},{"type":"Feature","id":150,"properties":{"target_id":"T150","type":"missing","vineyard_id":"V01","row_id":"V01-R049","waste_id":null,"route_order":150,"reachable":true,"gap_length_m":2.025,"note":"missing_plant; missing plant 2.02 m; truncated","kind":"missing_plant","tile":"siret3_r006_c004","source_target_id":"T-MSP-0046","priority":3,"route_role":"optional","skip_reason":null},"geometry":{"type":"Point","coordinates":[28.7036102,47.1288213]}},{"type":"Feature","id":151,"properties":{"target_id":"T151","type":"gap","vineyard_id":"V01","row_id":"V01-R031","waste_id":null,"route_order":151,"reachable":true,"gap_length_m":5.2,"note":"row_gap; gap 5.20 m","kind":"row_gap","tile":"siret3_r005_c004","source_target_id":"T-GAP-0017","priority":2,"route_role":"must","skip_reason":null},"geometry":{"type":"Point","coordinates":[28.7036498,47.1291263]}},{"type":"Feature","id":152,"properties":{"target_id":"T152","type":"gap","vineyard_id":"V01","row_id":"V01-R032","waste_id":null,"route_order":152,"reachable":true,"gap_length_m":5,"note":"row_gap; gap 5.00 m","kind":"row_gap","tile":"siret3_r006_c004","source_target_id":"T-GAP-0018","priority":2,"route_role":"must","skip_reason":null},"geometry":{"type":"Point","coordinates":[28.7037891,47.1288252]}},{"type":"Feature","id":153,"properties":{"target_id":"T153","type":"missing","vineyard_id":"V01","row_id":"V01-R029","waste_id":null,"route_order":153,"reachable":true,"gap_length_m":2.275,"note":"missing_plant; missing plant 2.27 m","kind":"missing_plant","tile":"siret3_r007_c004","source_target_id":"T-MSP-0024","priority":3,"route_role":"optional","skip_reason":null},"geometry":{"type":"Point","coordinates":[28.7040569,47.1284862]}},{"type":"Feature","id":154,"properties":{"target_id":"T154","type":"gap","vineyard_id":"V01","row_id":"V01-R020","waste_id":null,"route_order":154,"reachable":true,"gap_length_m":12.625,"note":"row_gap; gap 12.62 m","kind":"row_gap","tile":"siret3_r006_c004","source_target_id":"T-GAP-0011","priority":1,"route_role":"must","skip_reason":null},"geometry":{"type":"Point","coordinates":[28.7040881,47.1286857]}},{"type":"Feature","id":155,"properties":{"target_id":"T155","type":"missing","vineyard_id":"V01","row_id":"V01-R020","waste_id":null,"route_order":155,"reachable":true,"gap_length_m":2.25,"note":"missing_plant; missing plant 2.25 m","kind":"missing_plant","tile":"siret3_r006_c004","source_target_id":"T-MSP-0018","priority":3,"route_role":"optional","skip_reason":null},"geometry":{"type":"Point","coordinates":[28.7040378,47.1287717]}},{"type":"Feature","id":156,"properties":{"target_id":"T156","type":"missing","vineyard_id":"V01","row_id":"V01-R020","waste_id":null,"route_order":156,"reachable":true,"gap_length_m":2.925,"note":"missing_plant; missing plant 2.93 m","kind":"missing_plant","tile":"siret3_r006_c004","source_target_id":"T-MSP-0019","priority":3,"route_role":"optional","skip_reason":null},"geometry":{"type":"Point","coordinates":[28.7040195,47.1288031]}},{"type":"Feature","id":157,"properties":{"target_id":"T157","type":"gap","vineyard_id":"V01","row_id":"V01-R020","waste_id":null,"route_order":157,"reachable":true,"gap_length_m":7.775,"note":"row_gap; gap 7.78 m","kind":"row_gap","tile":"siret3_r006_c004","source_target_id":"T-GAP-0012","priority":2,"route_role":"must","skip_reason":null},"geometry":{"type":"Point","coordinates":[28.7039904,47.1288528]}},{"type":"Feature","id":158,"properties":{"target_id":"T158","type":"gap","vineyard_id":"V01","row_id":"V01-R020","waste_id":null,"route_order":158,"reachable":true,"gap_length_m":12.875,"note":"row_gap; gap 12.88 m","kind":"row_gap","tile":"siret3_r006_c004","source_target_id":"T-GAP-0013","priority":1,"route_role":"must","skip_reason":null},"geometry":{"type":"Point","coordinates":[28.7039319,47.1289529]}},{"type":"Feature","id":159,"properties":{"target_id":"T159","type":"gap","vineyard_id":"V01","row_id":"V01-R016","waste_id":null,"route_order":159,"reachable":true,"gap_length_m":14.8,"note":"row_gap; gap 14.80 m","kind":"row_gap","tile":"siret3_r006_c004","source_target_id":"T-GAP-0004","priority":1,"route_role":"must","skip_reason":null},"geometry":{"type":"Point","coordinates":[28.7039583,47.1290314]}},{"type":"Feature","id":160,"properties":{"target_id":"T160","type":"gap","vineyard_id":"V01","row_id":"V01-R018","waste_id":null,"route_order":160,"reachable":true,"gap_length_m":7.7,"note":"row_gap; gap 7.70 m","kind":"row_gap","tile":"siret3_r006_c004","source_target_id":"T-GAP-0008","priority":2,"route_role":"must","skip_reason":null},"geometry":{"type":"Point","coordinates":[28.7039347,47.1290086]}},{"type":"Feature","id":161,"properties":{"target_id":"T161","type":"missing","vineyard_id":"V01","row_id":"V01-R018","waste_id":null,"route_order":161,"reachable":true,"gap_length_m":3.475,"note":"missing_plant; missing plant 3.48 m","kind":"missing_plant","tile":"siret3_r006_c004","source_target_id":"T-MSP-0016","priority":3,"route_role":"optional","skip_reason":null},"geometry":{"type":"Point","coordinates":[28.7039732,47.1289424]}},{"type":"Feature","id":162,"properties":{"target_id":"T162","type":"missing","vineyard_id":"V01","row_id":"V01-R016","waste_id":null,"route_order":162,"reachable":true,"gap_length_m":2.25,"note":"missing_plant; missing plant 2.25 m","kind":"missing_plant","tile":"siret3_r006_c004","source_target_id":"T-MSP-0010","priority":3,"route_role":"optional","skip_reason":null},"geometry":{"type":"Point","coordinates":[28.7040405,47.1288908]}},{"type":"Feature","id":163,"properties":{"target_id":"T163","type":"gap","vineyard_id":"V01","row_id":"V01-R018","waste_id":null,"route_order":163,"reachable":true,"gap_length_m":9.225,"note":"row_gap; gap 9.23 m","kind":"row_gap","tile":"siret3_r006_c004","source_target_id":"T-GAP-0007","priority":2,"route_role":"must","skip_reason":null},"geometry":{"type":"Point","coordinates":[28.7040088,47.1288812]}},{"type":"Feature","id":164,"properties":{"target_id":"T164","type":"missing","vineyard_id":"V01","row_id":"V01-R018","waste_id":null,"route_order":164,"reachable":true,"gap_length_m":2.65,"note":"missing_plant; missing plant 2.65 m","kind":"missing_plant","tile":"siret3_r006_c004","source_target_id":"T-MSP-0015","priority":3,"route_role":"optional","skip_reason":null},"geometry":{"type":"Point","coordinates":[28.7040421,47.128824]}},{"type":"Feature","id":165,"properties":{"target_id":"T165","type":"missing","vineyard_id":"V01","row_id":"V01-R016","waste_id":null,"route_order":165,"reachable":true,"gap_length_m":2.2,"note":"missing_plant; missing plant 2.20 m","kind":"missing_plant","tile":"siret3_r006_c004","source_target_id":"T-MSP-0009","priority":3,"route_role":"optional","skip_reason":null},"geometry":{"type":"Point","coordinates":[28.7040952,47.1287973]}},{"type":"Feature","id":166,"properties":{"target_id":"T166","type":"missing","vineyard_id":"V01","row_id":"V01-R018","waste_id":null,"route_order":166,"reachable":true,"gap_length_m":4.225,"note":"missing_plant; missing plant 4.22 m","kind":"missing_plant","tile":"siret3_r006_c004","source_target_id":"T-MSP-0014","priority":3,"route_role":"optional","skip_reason":null},"geometry":{"type":"Point","coordinates":[28.7040652,47.1287844]}},{"type":"Feature","id":167,"properties":{"target_id":"T167","type":"missing","vineyard_id":"V01","row_id":"V01-R018","waste_id":null,"route_order":167,"reachable":true,"gap_length_m":2.8,"note":"missing_plant; missing plant 2.80 m","kind":"missing_plant","tile":"siret3_r006_c004","source_target_id":"T-MSP-0013","priority":3,"route_role":"optional","skip_reason":null},"geometry":{"type":"Point","coordinates":[28.7040863,47.1287481]}},{"type":"Feature","id":168,"properties":{"target_id":"T168","type":"missing","vineyard_id":"V01","row_id":"V01-R018","waste_id":null,"route_order":168,"reachable":true,"gap_length_m":2.575,"note":"missing_plant; missing plant 2.57 m","kind":"missing_plant","tile":"siret3_r006_c004","source_target_id":"T-MSP-0012","priority":3,"route_role":"optional","skip_reason":null},"geometry":{"type":"Point","coordinates":[28.7041035,47.1287186]}},{"type":"Feature","id":169,"properties":{"target_id":"T169","type":"gap","vineyard_id":"V01","row_id":"V01-R018","waste_id":null,"route_order":169,"reachable":true,"gap_length_m":7.05,"note":"row_gap; gap 7.05 m","kind":"row_gap","tile":"siret3_r006_c004","source_target_id":"T-GAP-0006","priority":2,"route_role":"must","skip_reason":null},"geometry":{"type":"Point","coordinates":[28.704131,47.1286714]}},{"type":"Feature","id":170,"properties":{"target_id":"T170","type":"missing","vineyard_id":"V01","row_id":"V01-R014","waste_id":null,"route_order":170,"reachable":true,"gap_length_m":2.1,"note":"missing_plant; missing plant 2.10 m","kind":"missing_plant","tile":"siret3_r006_c004","source_target_id":"T-MSP-0006","priority":3,"route_role":"optional","skip_reason":null},"geometry":{"type":"Point","coordinates":[28.7041079,47.1288367]}},{"type":"Feature","id":171,"properties":{"target_id":"T171","type":"missing","vineyard_id":"V01","row_id":"V01-R014","waste_id":null,"route_order":171,"reachable":true,"gap_length_m":3.8,"note":"missing_plant; missing plant 3.80 m","kind":"missing_plant","tile":"siret3_r006_c004","source_target_id":"T-MSP-0007","priority":3,"route_role":"optional","skip_reason":null},"geometry":{"type":"Point","coordinates":[28.7040636,47.128913]}},{"type":"Feature","id":172,"properties":{"target_id":"T172","type":"gap","vineyard_id":"V01","row_id":"V01-R014","waste_id":null,"route_order":172,"reachable":true,"gap_length_m":5.55,"note":"row_gap; gap 5.55 m","kind":"row_gap","tile":"siret3_r006_c004","source_target_id":"T-GAP-0002","priority":2,"route_role":"must","skip_reason":null},"geometry":{"type":"Point","coordinates":[28.7040356,47.1289613]}},{"type":"Feature","id":173,"properties":{"target_id":"T173","type":"missing","vineyard_id":"V01","row_id":"V01-R007","waste_id":null,"route_order":173,"reachable":true,"gap_length_m":2.875,"note":"missing_plant; missing plant 2.88 m","kind":"missing_plant","tile":"siret3_r005_c004","source_target_id":"T-MSP-0002","priority":3,"route_role":"optional","skip_reason":null},"geometry":{"type":"Point","coordinates":[28.7041026,47.1292213]}},{"type":"Feature","id":174,"properties":{"target_id":"T174","type":"gap","vineyard_id":"V01","row_id":"V01-R007","waste_id":null,"route_order":174,"reachable":true,"gap_length_m":9.4,"note":"row_gap; gap 9.40 m","kind":"row_gap","tile":"siret3_r005_c004","source_target_id":"T-GAP-0001","priority":2,"route_role":"must","skip_reason":null},"geometry":{"type":"Point","coordinates":[28.7040638,47.1292895]}},{"type":"Feature","id":175,"properties":{"target_id":"T175","type":"missing","vineyard_id":"V01","row_id":"V01-R010","waste_id":null,"route_order":175,"reachable":true,"gap_length_m":3.9,"note":"missing_plant; missing plant 3.90 m","kind":"missing_plant","tile":"siret3_r006_c004","source_target_id":"T-MSP-0003","priority":3,"route_role":"optional","skip_reason":null},"geometry":{"type":"Point","coordinates":[28.7040978,47.129045]}},{"type":"Feature","id":176,"properties":{"target_id":"T176","type":"missing","vineyard_id":"V01","row_id":"V01-R011","waste_id":null,"route_order":176,"reachable":true,"gap_length_m":3.325,"note":"missing_plant; missing plant 3.33 m","kind":"missing_plant","tile":"siret3_r005_c004","source_target_id":"T-MSP-0004","priority":3,"route_role":"optional","skip_reason":null},"geometry":{"type":"Point","coordinates":[28.7039277,47.1292684]}},{"type":"Feature","id":177,"properties":{"target_id":"T177","type":"missing","vineyard_id":"V01","row_id":"V01-R012","waste_id":null,"route_order":177,"reachable":true,"gap_length_m":2.575,"note":"missing_plant; missing plant 2.57 m","kind":"missing_plant","tile":"siret3_r005_c004","source_target_id":"T-MSP-0005","priority":3,"route_role":"optional","skip_reason":null},"geometry":{"type":"Point","coordinates":[28.7039708,47.1291338]}},{"type":"Feature","id":178,"properties":{"target_id":"T178","type":"gap","vineyard_id":"V01","row_id":"V01-R014","waste_id":null,"route_order":178,"reachable":true,"gap_length_m":5.4,"note":"row_gap; gap 5.40 m","kind":"row_gap","tile":"siret3_r005_c004","source_target_id":"T-GAP-0003","priority":2,"route_role":"must","skip_reason":null},"geometry":{"type":"Point","coordinates":[28.7039097,47.1291784]}},{"type":"Feature","id":179,"properties":{"target_id":"T179","type":"gap","vineyard_id":"V01","row_id":"V01-R018","waste_id":null,"route_order":179,"reachable":true,"gap_length_m":5.15,"note":"row_gap; gap 5.15 m","kind":"row_gap","tile":"siret3_r005_c004","source_target_id":"T-GAP-0010","priority":2,"route_role":"must","skip_reason":null},"geometry":{"type":"Point","coordinates":[28.7038321,47.1291848]}},{"type":"Feature","id":180,"properties":{"target_id":"T180","type":"gap","vineyard_id":"V01","row_id":"V01-R016","waste_id":null,"route_order":180,"reachable":true,"gap_length_m":6.4,"note":"row_gap; gap 6.40 m","kind":"row_gap","tile":"siret3_r005_c004","source_target_id":"T-GAP-0005","priority":2,"route_role":"must","skip_reason":null},"geometry":{"type":"Point","coordinates":[28.7038728,47.1291777]}},{"type":"Feature","id":181,"properties":{"target_id":"T181","type":"missing","vineyard_id":"V01","row_id":"V01-R018","waste_id":null,"route_order":181,"reachable":true,"gap_length_m":4.05,"note":"missing_plant; missing plant 4.05 m","kind":"missing_plant","tile":"siret3_r005_c004","source_target_id":"T-MSP-0017","priority":3,"route_role":"optional","skip_reason":null},"geometry":{"type":"Point","coordinates":[28.7038584,47.1291396]}},{"type":"Feature","id":182,"properties":{"target_id":"T182","type":"gap","vineyard_id":"V01","row_id":"V01-R018","waste_id":null,"route_order":182,"reachable":true,"gap_length_m":7.25,"note":"row_gap; gap 7.25 m","kind":"row_gap","tile":"siret3_r005_c004","source_target_id":"T-GAP-0009","priority":2,"route_role":"must","skip_reason":null},"geometry":{"type":"Point","coordinates":[28.703893,47.1290801]}},{"type":"Feature","id":183,"properties":{"target_id":"T183","type":"gap","vineyard_id":"V01","row_id":"V01-R020","waste_id":null,"route_order":183,"reachable":true,"gap_length_m":7.775,"note":"row_gap; gap 7.77 m","kind":"row_gap","tile":"siret3_r006_c004","source_target_id":"T-GAP-0014","priority":2,"route_role":"must","skip_reason":null},"geometry":{"type":"Point","coordinates":[28.703869,47.1290603]}},{"type":"Feature","id":184,"properties":{"target_id":"T184","type":"gap","vineyard_id":"V01","row_id":"V01-R027","waste_id":null,"route_order":184,"reachable":true,"gap_length_m":6.35,"note":"row_gap; gap 6.35 m","kind":"row_gap","tile":"siret3_r005_c004","source_target_id":"T-GAP-0015","priority":2,"route_role":"must","skip_reason":null},"geometry":{"type":"Point","coordinates":[28.7037252,47.1291228]}},{"type":"Feature","id":185,"properties":{"target_id":"T185","type":"missing","vineyard_id":"V01","row_id":"V01-R029","waste_id":null,"route_order":185,"reachable":true,"gap_length_m":3.525,"note":"missing_plant; missing plant 3.52 m","kind":"missing_plant","tile":"siret3_r005_c004","source_target_id":"T-MSP-0027","priority":3,"route_role":"optional","skip_reason":null},"geometry":{"type":"Point","coordinates":[28.7036726,47.1291499]}},{"type":"Feature","id":186,"properties":{"target_id":"T186","type":"missing","vineyard_id":"V01","row_id":"V01-R031","waste_id":null,"route_order":186,"reachable":true,"gap_length_m":3.6,"note":"missing_plant; missing plant 3.60 m","kind":"missing_plant","tile":"siret3_r006_c004","source_target_id":"T-MSP-0035","priority":3,"route_role":"optional","skip_reason":null},"geometry":{"type":"Point","coordinates":[28.7037159,47.1290142]}},{"type":"Feature","id":187,"properties":{"target_id":"T187","type":"missing","vineyard_id":"V01","row_id":"V01-R031","waste_id":null,"route_order":187,"reachable":true,"gap_length_m":2.625,"note":"missing_plant; missing plant 2.62 m","kind":"missing_plant","tile":"siret3_r006_c004","source_target_id":"T-MSP-0034","priority":3,"route_role":"optional","skip_reason":null},"geometry":{"type":"Point","coordinates":[28.703818,47.128838]}},{"type":"Feature","id":188,"properties":{"target_id":"T188","type":"missing","vineyard_id":"V01","row_id":"V01-R031","waste_id":null,"route_order":188,"reachable":true,"gap_length_m":2.2,"note":"missing_plant; missing plant 2.20 m","kind":"missing_plant","tile":"siret3_r006_c004","source_target_id":"T-MSP-0033","priority":3,"route_role":"optional","skip_reason":null},"geometry":{"type":"Point","coordinates":[28.7038826,47.1287264]}},{"type":"Feature","id":189,"properties":{"target_id":"T189","type":"missing","vineyard_id":"V01","row_id":"V01-R029","waste_id":null,"route_order":189,"reachable":true,"gap_length_m":3.1,"note":"missing_plant; missing plant 3.10 m","kind":"missing_plant","tile":"siret3_r006_c004","source_target_id":"T-MSP-0026","priority":3,"route_role":"optional","skip_reason":null},"geometry":{"type":"Point","coordinates":[28.7039416,47.1286872]}},{"type":"Feature","id":190,"properties":{"target_id":"T190","type":"missing","vineyard_id":"V01","row_id":"V01-R029","waste_id":null,"route_order":190,"reachable":true,"gap_length_m":2.875,"note":"missing_plant; missing plant 2.88 m","kind":"missing_plant","tile":"siret3_r006_c004","source_target_id":"T-MSP-0025","priority":3,"route_role":"optional","skip_reason":null},"geometry":{"type":"Point","coordinates":[28.703967,47.1286433]}},{"type":"Feature","id":191,"properties":{"target_id":"T191","type":"missing","vineyard_id":"V01","row_id":"V01-R032","waste_id":null,"route_order":191,"reachable":true,"gap_length_m":2.95,"note":"missing_plant; missing plant 2.95 m","kind":"missing_plant","tile":"siret3_r007_c004","source_target_id":"T-MSP-0039","priority":3,"route_role":"optional","skip_reason":null},"geometry":{"type":"Point","coordinates":[28.7040173,47.1284283]}},{"type":"Feature","id":192,"properties":{"target_id":"T192","type":"missing","vineyard_id":"V01","row_id":"V01-R032","waste_id":null,"route_order":192,"reachable":true,"gap_length_m":3.7,"note":"missing_plant; missing plant 3.70 m","kind":"missing_plant","tile":"siret3_r006_c004","source_target_id":"T-MSP-0040","priority":3,"route_role":"optional","skip_reason":null},"geometry":{"type":"Point","coordinates":[28.7038828,47.1286662]}},{"type":"Feature","id":193,"properties":{"target_id":"T193","type":"missing","vineyard_id":"V01","row_id":"V01-R032","waste_id":null,"route_order":193,"reachable":true,"gap_length_m":3.2,"note":"missing_plant; missing plant 3.20 m","kind":"missing_plant","tile":"siret3_r006_c004","source_target_id":"T-MSP-0041","priority":3,"route_role":"optional","skip_reason":null},"geometry":{"type":"Point","coordinates":[28.7038401,47.1287386]}},{"type":"Feature","id":194,"properties":{"target_id":"T194","type":"missing","vineyard_id":"V01","row_id":"V01-R052","waste_id":null,"route_order":194,"reachable":true,"gap_length_m":3.05,"note":"missing_plant; missing plant 3.05 m","kind":"missing_plant","tile":"siret3_r007_c004","source_target_id":"T-MSP-0051","priority":3,"route_role":"optional","skip_reason":null},"geometry":{"type":"Point","coordinates":[28.7037088,47.1285936]}},{"type":"Feature","id":195,"properties":{"target_id":"T195","type":"missing","vineyard_id":"V01","row_id":"V01-R052","waste_id":null,"route_order":195,"reachable":true,"gap_length_m":2.625,"note":"missing_plant; missing plant 2.62 m","kind":"missing_plant","tile":"siret3_r007_c004","source_target_id":"T-MSP-0050","priority":3,"route_role":"optional","skip_reason":null},"geometry":{"type":"Point","coordinates":[28.7037287,47.1285584]}},{"type":"Feature","id":196,"properties":{"target_id":"T196","type":"gap","vineyard_id":"V01","row_id":"V01-R046","waste_id":null,"route_order":196,"reachable":true,"gap_length_m":6.3,"note":"row_gap; gap 6.30 m","kind":"row_gap","tile":"siret3_r007_c004","source_target_id":"T-GAP-0019","priority":2,"route_role":"must","skip_reason":null},"geometry":{"type":"Point","coordinates":[28.7038559,47.128428]}},{"type":"Feature","id":197,"properties":{"target_id":"T197","type":"missing","vineyard_id":"V01","row_id":"V01-R052","waste_id":null,"route_order":197,"reachable":true,"gap_length_m":2.5,"note":"missing_plant; missing plant 2.50 m","kind":"missing_plant","tile":"siret3_r007_c004","source_target_id":"T-MSP-0049","priority":3,"route_role":"optional","skip_reason":null},"geometry":{"type":"Point","coordinates":[28.70382,47.1283972]}},{"type":"Feature","id":198,"properties":{"target_id":"T198","type":"missing","vineyard_id":"V01","row_id":"V01-R041","waste_id":null,"route_order":198,"reachable":true,"gap_length_m":2.475,"note":"missing_plant; missing plant 2.47 m","kind":"missing_plant","tile":"siret3_r008_c005","source_target_id":"T-MSP-0043","priority":3,"route_role":"optional","skip_reason":null},"geometry":{"type":"Point","coordinates":[28.7042358,47.1278693]}},{"type":"Feature","id":199,"properties":{"target_id":"T199","type":"waste","vineyard_id":"V01","row_id":null,"waste_id":"W0002","route_order":199,"reachable":true,"gap_length_m":null,"note":"waste; waste W0002","kind":"waste","tile":"siret3_r009_c005","source_target_id":"T-WST-0006","priority":1,"route_role":"must","skip_reason":null},"geometry":{"type":"Point","coordinates":[28.7044063,47.1276063]}},{"type":"Feature","id":200,"properties":{"target_id":"T200","type":"missing","vineyard_id":"V01","row_id":"V01-R032","waste_id":null,"route_order":200,"reachable":true,"gap_length_m":2.175,"note":"missing_plant; missing plant 2.18 m","kind":"missing_plant","tile":"siret3_r008_c005","source_target_id":"T-MSP-0036","priority":3,"route_role":"optional","skip_reason":null},"geometry":{"type":"Point","coordinates":[28.7043591,47.1278149]}},{"type":"Feature","id":201,"properties":{"target_id":"T201","type":"missing","vineyard_id":"V01","row_id":"V01-R032","waste_id":null,"route_order":201,"reachable":true,"gap_length_m":3.425,"note":"missing_plant; missing plant 3.43 m","kind":"missing_plant","tile":"siret3_r008_c005","source_target_id":"T-MSP-0037","priority":3,"route_role":"optional","skip_reason":null},"geometry":{"type":"Point","coordinates":[28.7042808,47.1279556]}},{"type":"Feature","id":202,"properties":{"target_id":"T202","type":"missing","vineyard_id":"V01","row_id":"V01-R032","waste_id":null,"route_order":202,"reachable":true,"gap_length_m":2.725,"note":"missing_plant; missing plant 2.73 m","kind":"missing_plant","tile":"siret3_r008_c005","source_target_id":"T-MSP-0038","priority":3,"route_role":"optional","skip_reason":null},"geometry":{"type":"Point","coordinates":[28.7042572,47.1279978]}},{"type":"Feature","id":203,"properties":{"target_id":"T203","type":"missing","vineyard_id":"V01","row_id":"V01-R031","waste_id":null,"route_order":203,"reachable":true,"gap_length_m":2.625,"note":"missing_plant; missing plant 2.62 m","kind":"missing_plant","tile":"siret3_r008_c005","source_target_id":"T-MSP-0032","priority":3,"route_role":"optional","skip_reason":null},"geometry":{"type":"Point","coordinates":[28.7042533,47.1280725]}},{"type":"Feature","id":204,"properties":{"target_id":"T204","type":"missing","vineyard_id":"V01","row_id":"V01-R031","waste_id":null,"route_order":204,"reachable":true,"gap_length_m":2.2,"note":"missing_plant; missing plant 2.20 m","kind":"missing_plant","tile":"siret3_r008_c005","source_target_id":"T-MSP-0031","priority":3,"route_role":"optional","skip_reason":null},"geometry":{"type":"Point","coordinates":[28.7043833,47.1278409]}},{"type":"Feature","id":205,"properties":{"target_id":"T205","type":"gap","vineyard_id":"V01","row_id":"V01-R031","waste_id":null,"route_order":205,"reachable":true,"gap_length_m":6.675,"note":"row_gap; gap 6.68 m","kind":"row_gap","tile":"siret3_r008_c005","source_target_id":"T-GAP-0016","priority":2,"route_role":"must","skip_reason":null},"geometry":{"type":"Point","coordinates":[28.7043424,47.1279137]}},{"type":"Feature","id":206,"properties":{"target_id":"T206","type":"missing","vineyard_id":"V01","row_id":"V01-R034","waste_id":null,"route_order":206,"reachable":true,"gap_length_m":2.5,"note":"missing_plant; missing plant 2.50 m","kind":"missing_plant","tile":"siret3_r008_c005","source_target_id":"T-MSP-0042","priority":3,"route_role":"optional","skip_reason":null},"geometry":{"type":"Point","coordinates":[28.7042114,47.1280183]}},{"type":"Feature","id":207,"properties":{"target_id":"T207","type":"missing","vineyard_id":"V01","row_id":"V01-R066","waste_id":null,"route_order":207,"reachable":true,"gap_length_m":2.3,"note":"missing_plant; missing plant 2.30 m","kind":"missing_plant","tile":"siret3_r009_c004","source_target_id":"T-MSP-0086","priority":3,"route_role":"optional","skip_reason":null},"geometry":{"type":"Point","coordinates":[28.7038304,47.127673]}},{"type":"Feature","id":208,"properties":{"target_id":"T208","type":"missing","vineyard_id":"V01","row_id":"V01-R064","waste_id":null,"route_order":208,"reachable":true,"gap_length_m":2.1,"note":"missing_plant; missing plant 2.10 m","kind":"missing_plant","tile":"siret3_r008_c004","source_target_id":"T-MSP-0084","priority":3,"route_role":"optional","skip_reason":null},"geometry":{"type":"Point","coordinates":[28.7037621,47.1278604]}},{"type":"Feature","id":209,"properties":{"target_id":"T209","type":"gap","vineyard_id":"V01","row_id":"V01-R066","waste_id":null,"route_order":209,"reachable":true,"gap_length_m":6.025,"note":"row_gap; gap 6.02 m","kind":"row_gap","tile":"siret3_r008_c004","source_target_id":"T-GAP-0027","priority":2,"route_role":"must","skip_reason":null},"geometry":{"type":"Point","coordinates":[28.7037736,47.1277751]}},{"type":"Feature","id":210,"properties":{"target_id":"T210","type":"missing","vineyard_id":"V01","row_id":"V01-R064","waste_id":null,"route_order":210,"reachable":true,"gap_length_m":4.25,"note":"missing_plant; missing plant 4.25 m","kind":"missing_plant","tile":"siret3_r009_c004","source_target_id":"T-MSP-0083","priority":3,"route_role":"optional","skip_reason":null},"geometry":{"type":"Point","coordinates":[28.7038893,47.1276318]}},{"type":"Feature","id":211,"properties":{"target_id":"T211","type":"gap","vineyard_id":"V01","row_id":"V01-R066","waste_id":null,"route_order":211,"reachable":true,"gap_length_m":10.9,"note":"row_gap; gap 10.90 m","kind":"row_gap","tile":"siret3_r009_c004","source_target_id":"T-GAP-0026","priority":1,"route_role":"must","skip_reason":null},"geometry":{"type":"Point","coordinates":[28.7039217,47.1275087]}},{"type":"Feature","id":212,"properties":{"target_id":"T212","type":"gap","vineyard_id":"V01","row_id":"V01-R064","waste_id":null,"route_order":212,"reachable":true,"gap_length_m":12.225,"note":"row_gap; gap 12.22 m","kind":"row_gap","tile":"siret3_r009_c004","source_target_id":"T-GAP-0025","priority":1,"route_role":"must","skip_reason":null},"geometry":{"type":"Point","coordinates":[28.7039615,47.1274996]}},{"type":"Feature","id":213,"properties":{"target_id":"T213","type":"missing","vineyard_id":"V01","row_id":"V01-R068","waste_id":null,"route_order":213,"reachable":true,"gap_length_m":2.25,"note":"missing_plant; missing plant 2.25 m","kind":"missing_plant","tile":"siret3_r009_c004","source_target_id":"T-MSP-0096","priority":3,"route_role":"optional","skip_reason":null},"geometry":{"type":"Point","coordinates":[28.7038298,47.1275473]}},{"type":"Feature","id":214,"properties":{"target_id":"T214","type":"missing","vineyard_id":"V01","row_id":"V01-R068","waste_id":null,"route_order":214,"reachable":true,"gap_length_m":3.825,"note":"missing_plant; missing plant 3.82 m","kind":"missing_plant","tile":"siret3_r009_c004","source_target_id":"T-MSP-0097","priority":3,"route_role":"optional","skip_reason":null},"geometry":{"type":"Point","coordinates":[28.7038089,47.1275843]}},{"type":"Feature","id":215,"properties":{"target_id":"T215","type":"missing","vineyard_id":"V01","row_id":"V01-R068","waste_id":null,"route_order":215,"reachable":true,"gap_length_m":2.2,"note":"missing_plant; missing plant 2.20 m","kind":"missing_plant","tile":"siret3_r008_c004","source_target_id":"T-MSP-0098","priority":3,"route_role":"optional","skip_reason":null},"geometry":{"type":"Point","coordinates":[28.7036308,47.1279042]}},{"type":"Feature","id":216,"properties":{"target_id":"T216","type":"missing","vineyard_id":"V01","row_id":"V01-R068","waste_id":null,"route_order":216,"reachable":true,"gap_length_m":4.1,"note":"missing_plant; missing plant 4.10 m","kind":"missing_plant","tile":"siret3_r008_c004","source_target_id":"T-MSP-0099","priority":3,"route_role":"optional","skip_reason":null},"geometry":{"type":"Point","coordinates":[28.7035812,47.1279939]}},{"type":"Feature","id":217,"properties":{"target_id":"T217","type":"missing","vineyard_id":"V01","row_id":"V01-R068","waste_id":null,"route_order":217,"reachable":true,"gap_length_m":2.45,"note":"missing_plant; missing plant 2.45 m","kind":"missing_plant","tile":"siret3_r008_c004","source_target_id":"T-MSP-0100","priority":3,"route_role":"optional","skip_reason":null},"geometry":{"type":"Point","coordinates":[28.703529,47.1280881]}},{"type":"Feature","id":218,"properties":{"target_id":"T218","type":"missing","vineyard_id":"V01","row_id":"V01-R068","waste_id":null,"route_order":218,"reachable":true,"gap_length_m":3.025,"note":"missing_plant; missing plant 3.03 m","kind":"missing_plant","tile":"siret3_r007_c003","source_target_id":"T-MSP-0101","priority":3,"route_role":"optional","skip_reason":null},"geometry":{"type":"Point","coordinates":[28.7034098,47.1282972]}},{"type":"Feature","id":219,"properties":{"target_id":"T219","type":"missing","vineyard_id":"V01","row_id":"V01-R067","waste_id":null,"route_order":219,"reachable":true,"gap_length_m":2.175,"note":"missing_plant; missing plant 2.17 m","kind":"missing_plant","tile":"siret3_r007_c003","source_target_id":"T-MSP-0095","priority":3,"route_role":"optional","skip_reason":null},"geometry":{"type":"Point","coordinates":[28.7033916,47.1283915]}},{"type":"Feature","id":220,"properties":{"target_id":"T220","type":"gap","vineyard_id":"V01","row_id":"V01-R067","waste_id":null,"route_order":220,"reachable":true,"gap_length_m":5.95,"note":"row_gap; gap 5.95 m","kind":"row_gap","tile":"siret3_r007_c003","source_target_id":"T-GAP-0029","priority":2,"route_role":"must","skip_reason":null},"geometry":{"type":"Point","coordinates":[28.7034298,47.1283253]}},{"type":"Feature","id":221,"properties":{"target_id":"T221","type":"missing","vineyard_id":"V01","row_id":"V01-R067","waste_id":null,"route_order":221,"reachable":true,"gap_length_m":2.975,"note":"missing_plant; missing plant 2.97 m","kind":"missing_plant","tile":"siret3_r008_c004","source_target_id":"T-MSP-0094","priority":3,"route_role":"optional","skip_reason":null},"geometry":{"type":"Point","coordinates":[28.7035349,47.1281381]}},{"type":"Feature","id":222,"properties":{"target_id":"T222","type":"missing","vineyard_id":"V01","row_id":"V01-R067","waste_id":null,"route_order":222,"reachable":true,"gap_length_m":2.475,"note":"missing_plant; missing plant 2.47 m","kind":"missing_plant","tile":"siret3_r008_c004","source_target_id":"T-MSP-0093","priority":3,"route_role":"optional","skip_reason":null},"geometry":{"type":"Point","coordinates":[28.703565,47.1280833]}},{"type":"Feature","id":223,"properties":{"target_id":"T223","type":"missing","vineyard_id":"V01","row_id":"V01-R067","waste_id":null,"route_order":223,"reachable":true,"gap_length_m":3.15,"note":"missing_plant; missing plant 3.15 m","kind":"missing_plant","tile":"siret3_r008_c004","source_target_id":"T-MSP-0092","priority":3,"route_role":"optional","skip_reason":null},"geometry":{"type":"Point","coordinates":[28.7036098,47.1280031]}},{"type":"Feature","id":224,"properties":{"target_id":"T224","type":"missing","vineyard_id":"V01","row_id":"V01-R067","waste_id":null,"route_order":224,"reachable":true,"gap_length_m":4.45,"note":"missing_plant; missing plant 4.45 m","kind":"missing_plant","tile":"siret3_r008_c004","source_target_id":"T-MSP-0091","priority":3,"route_role":"optional","skip_reason":null},"geometry":{"type":"Point","coordinates":[28.703638,47.1279527]}},{"type":"Feature","id":225,"properties":{"target_id":"T225","type":"missing","vineyard_id":"V01","row_id":"V01-R067","waste_id":null,"route_order":225,"reachable":true,"gap_length_m":3.825,"note":"missing_plant; missing plant 3.82 m","kind":"missing_plant","tile":"siret3_r008_c004","source_target_id":"T-MSP-0090","priority":3,"route_role":"optional","skip_reason":null},"geometry":{"type":"Point","coordinates":[28.7036876,47.1278639]}},{"type":"Feature","id":226,"properties":{"target_id":"T226","type":"missing","vineyard_id":"V01","row_id":"V01-R067","waste_id":null,"route_order":226,"reachable":true,"gap_length_m":3.225,"note":"missing_plant; missing plant 3.23 m","kind":"missing_plant","tile":"siret3_r008_c004","source_target_id":"T-MSP-0089","priority":3,"route_role":"optional","skip_reason":null},"geometry":{"type":"Point","coordinates":[28.7037673,47.1277212]}},{"type":"Feature","id":227,"properties":{"target_id":"T227","type":"missing","vineyard_id":"V01","row_id":"V01-R067","waste_id":null,"route_order":227,"reachable":true,"gap_length_m":2.375,"note":"missing_plant; missing plant 2.38 m","kind":"missing_plant","tile":"siret3_r008_c004","source_target_id":"T-MSP-0088","priority":3,"route_role":"optional","skip_reason":null},"geometry":{"type":"Point","coordinates":[28.7037847,47.1276901]}},{"type":"Feature","id":228,"properties":{"target_id":"T228","type":"missing","vineyard_id":"V01","row_id":"V01-R067","waste_id":null,"route_order":228,"reachable":true,"gap_length_m":2.975,"note":"missing_plant; missing plant 2.98 m","kind":"missing_plant","tile":"siret3_r009_c004","source_target_id":"T-MSP-0087","priority":3,"route_role":"optional","skip_reason":null},"geometry":{"type":"Point","coordinates":[28.703829,47.1276109]}},{"type":"Feature","id":229,"properties":{"target_id":"T229","type":"gap","vineyard_id":"V01","row_id":"V01-R067","waste_id":null,"route_order":229,"reachable":true,"gap_length_m":5.4,"note":"row_gap; gap 5.40 m","kind":"row_gap","tile":"siret3_r009_c004","source_target_id":"T-GAP-0028","priority":2,"route_role":"must","skip_reason":null},"geometry":{"type":"Point","coordinates":[28.7039182,47.1274513]}},{"type":"Feature","id":230,"properties":{"target_id":"T230","type":"missing","vineyard_id":"V01","row_id":"V01-R070","waste_id":null,"route_order":230,"reachable":true,"gap_length_m":2.35,"note":"missing_plant; missing plant 2.35 m","kind":"missing_plant","tile":"siret3_r009_c004","source_target_id":"T-MSP-0102","priority":3,"route_role":"optional","skip_reason":null},"geometry":{"type":"Point","coordinates":[28.7037789,47.127574]}},{"type":"Feature","id":231,"properties":{"target_id":"T231","type":"missing","vineyard_id":"V01","row_id":"V01-R072","waste_id":null,"route_order":231,"reachable":true,"gap_length_m":2.025,"note":"missing_plant; missing plant 2.03 m; truncated","kind":"missing_plant","tile":"siret3_r009_c004","source_target_id":"T-MSP-0104","priority":3,"route_role":"optional","skip_reason":null},"geometry":{"type":"Point","coordinates":[28.703749,47.1275673]}},{"type":"Feature","id":232,"properties":{"target_id":"T232","type":"gap","vineyard_id":"V01","row_id":"V01-R070","waste_id":null,"route_order":232,"reachable":true,"gap_length_m":5.075,"note":"row_gap; gap 5.07 m","kind":"row_gap","tile":"siret3_r009_c004","source_target_id":"T-GAP-0030","priority":2,"route_role":"must","skip_reason":null},"geometry":{"type":"Point","coordinates":[28.7037284,47.1276631]}},{"type":"Feature","id":233,"properties":{"target_id":"T233","type":"gap","vineyard_id":"V01","row_id":"V01-R074","waste_id":null,"route_order":233,"reachable":true,"gap_length_m":6.075,"note":"row_gap; gap 6.07 m","kind":"row_gap","tile":"siret3_r009_c004","source_target_id":"T-GAP-0031","priority":2,"route_role":"must","skip_reason":null},"geometry":{"type":"Point","coordinates":[28.703693,47.1276022]}},{"type":"Feature","id":234,"properties":{"target_id":"T234","type":"missing","vineyard_id":"V01","row_id":"V01-R076","waste_id":null,"route_order":234,"reachable":true,"gap_length_m":3.7,"note":"missing_plant; missing plant 3.70 m","kind":"missing_plant","tile":"siret3_r009_c004","source_target_id":"T-MSP-0116","priority":3,"route_role":"optional","skip_reason":null},"geometry":{"type":"Point","coordinates":[28.7036496,47.1276152]}},{"type":"Feature","id":235,"properties":{"target_id":"T235","type":"gap","vineyard_id":"V01","row_id":"V01-R074","waste_id":null,"route_order":235,"reachable":true,"gap_length_m":5.675,"note":"row_gap; gap 5.67 m","kind":"row_gap","tile":"siret3_r008_c004","source_target_id":"T-GAP-0032","priority":2,"route_role":"must","skip_reason":null},"geometry":{"type":"Point","coordinates":[28.7035661,47.127827]}},{"type":"Feature","id":236,"properties":{"target_id":"T236","type":"missing","vineyard_id":"V01","row_id":"V01-R074","waste_id":null,"route_order":236,"reachable":true,"gap_length_m":3.35,"note":"missing_plant; missing plant 3.35 m","kind":"missing_plant","tile":"siret3_r008_c004","source_target_id":"T-MSP-0109","priority":3,"route_role":"optional","skip_reason":null},"geometry":{"type":"Point","coordinates":[28.7035322,47.1278867]}},{"type":"Feature","id":237,"properties":{"target_id":"T237","type":"missing","vineyard_id":"V01","row_id":"V01-R076","waste_id":null,"route_order":237,"reachable":true,"gap_length_m":3.125,"note":"missing_plant; missing plant 3.12 m","kind":"missing_plant","tile":"siret3_r008_c004","source_target_id":"T-MSP-0118","priority":3,"route_role":"optional","skip_reason":null},"geometry":{"type":"Point","coordinates":[28.703568,47.1277593]}},{"type":"Feature","id":238,"properties":{"target_id":"T238","type":"missing","vineyard_id":"V01","row_id":"V01-R076","waste_id":null,"route_order":238,"reachable":true,"gap_length_m":2.175,"note":"missing_plant; missing plant 2.17 m","kind":"missing_plant","tile":"siret3_r008_c004","source_target_id":"T-MSP-0117","priority":3,"route_role":"optional","skip_reason":null},"geometry":{"type":"Point","coordinates":[28.7035868,47.1277266]}},{"type":"Feature","id":239,"properties":{"target_id":"T239","type":"missing","vineyard_id":"V01","row_id":"V01-R077","waste_id":null,"route_order":239,"reachable":true,"gap_length_m":2.55,"note":"missing_plant; missing plant 2.55 m","kind":"missing_plant","tile":"siret3_r008_c004","source_target_id":"T-MSP-0124","priority":3,"route_role":"optional","skip_reason":null},"geometry":{"type":"Point","coordinates":[28.7035524,47.1277266]}},{"type":"Feature","id":240,"properties":{"target_id":"T240","type":"gap","vineyard_id":"V01","row_id":"V01-R077","waste_id":null,"route_order":240,"reachable":true,"gap_length_m":7.5,"note":"row_gap; gap 7.50 m","kind":"row_gap","tile":"siret3_r008_c003","source_target_id":"T-GAP-0033","priority":2,"route_role":"must","skip_reason":null},"geometry":{"type":"Point","coordinates":[28.7033584,47.1280661]}},{"type":"Feature","id":241,"properties":{"target_id":"T241","type":"gap","vineyard_id":"V01","row_id":"V01-R079","waste_id":null,"route_order":241,"reachable":true,"gap_length_m":5.85,"note":"row_gap; gap 5.85 m","kind":"row_gap","tile":"siret3_r006_c003","source_target_id":"T-GAP-0034","priority":2,"route_role":"must","skip_reason":null},"geometry":{"type":"Point","coordinates":[28.7029684,47.1286848]}},{"type":"Feature","id":242,"properties":{"target_id":"T242","type":"missing","vineyard_id":"V01","row_id":"V01-R076","waste_id":null,"route_order":242,"reachable":true,"gap_length_m":2.3,"note":"missing_plant; missing plant 2.30 m","kind":"missing_plant","tile":"siret3_r007_c003","source_target_id":"T-MSP-0123","priority":3,"route_role":"optional","skip_reason":null},"geometry":{"type":"Point","coordinates":[28.7032867,47.1282586]}},{"type":"Feature","id":243,"properties":{"target_id":"T243","type":"missing","vineyard_id":"V01","row_id":"V01-R076","waste_id":null,"route_order":243,"reachable":true,"gap_length_m":2.925,"note":"missing_plant; missing plant 2.92 m","kind":"missing_plant","tile":"siret3_r007_c003","source_target_id":"T-MSP-0122","priority":3,"route_role":"optional","skip_reason":null},"geometry":{"type":"Point","coordinates":[28.7033311,47.1281812]}},{"type":"Feature","id":244,"properties":{"target_id":"T244","type":"missing","vineyard_id":"V01","row_id":"V01-R076","waste_id":null,"route_order":244,"reachable":true,"gap_length_m":3.5,"note":"missing_plant; missing plant 3.50 m","kind":"missing_plant","tile":"siret3_r008_c003","source_target_id":"T-MSP-0121","priority":3,"route_role":"optional","skip_reason":null},"geometry":{"type":"Point","coordinates":[28.7033525,47.1281435]}},{"type":"Feature","id":245,"properties":{"target_id":"T245","type":"missing","vineyard_id":"V01","row_id":"V01-R076","waste_id":null,"route_order":245,"reachable":true,"gap_length_m":2.225,"note":"missing_plant; missing plant 2.23 m","kind":"missing_plant","tile":"siret3_r008_c003","source_target_id":"T-MSP-0120","priority":3,"route_role":"optional","skip_reason":null},"geometry":{"type":"Point","coordinates":[28.7033919,47.1280716]}},{"type":"Feature","id":246,"properties":{"target_id":"T246","type":"missing","vineyard_id":"V01","row_id":"V01-R076","waste_id":null,"route_order":246,"reachable":true,"gap_length_m":2.175,"note":"missing_plant; missing plant 2.18 m","kind":"missing_plant","tile":"siret3_r008_c004","source_target_id":"T-MSP-0119","priority":3,"route_role":"optional","skip_reason":null},"geometry":{"type":"Point","coordinates":[28.7035256,47.1278327]}},{"type":"Feature","id":247,"properties":{"target_id":"T247","type":"missing","vineyard_id":"V01","row_id":"V01-R078","waste_id":null,"route_order":247,"reachable":true,"gap_length_m":4.15,"note":"missing_plant; missing plant 4.15 m","kind":"missing_plant","tile":"siret3_r008_c004","source_target_id":"T-MSP-0128","priority":3,"route_role":"optional","skip_reason":null},"geometry":{"type":"Point","coordinates":[28.7035212,47.127717]}},{"type":"Feature","id":248,"properties":{"target_id":"T248","type":"missing","vineyard_id":"V01","row_id":"V01-R078","waste_id":null,"route_order":248,"reachable":true,"gap_length_m":3.675,"note":"missing_plant; missing plant 3.68 m","kind":"missing_plant","tile":"siret3_r008_c003","source_target_id":"T-MSP-0129","priority":3,"route_role":"optional","skip_reason":null},"geometry":{"type":"Point","coordinates":[28.7034269,47.127884]}},{"type":"Feature","id":249,"properties":{"target_id":"T249","type":"missing","vineyard_id":"V01","row_id":"V01-R078","waste_id":null,"route_order":249,"reachable":true,"gap_length_m":2.625,"note":"missing_plant; missing plant 2.63 m","kind":"missing_plant","tile":"siret3_r008_c003","source_target_id":"T-MSP-0130","priority":3,"route_role":"optional","skip_reason":null},"geometry":{"type":"Point","coordinates":[28.70338,47.1279654]}},{"type":"Feature","id":250,"properties":{"target_id":"T250","type":"missing","vineyard_id":"V01","row_id":"V01-R077","waste_id":null,"route_order":250,"reachable":true,"gap_length_m":3.075,"note":"missing_plant; missing plant 3.07 m","kind":"missing_plant","tile":"siret3_r008_c003","source_target_id":"T-MSP-0125","priority":3,"route_role":"optional","skip_reason":null},"geometry":{"type":"Point","coordinates":[28.7034106,47.1279739]}},{"type":"Feature","id":251,"properties":{"target_id":"T251","type":"missing","vineyard_id":"V01","row_id":"V01-R078","waste_id":null,"route_order":251,"reachable":true,"gap_length_m":3.825,"note":"missing_plant; missing plant 3.83 m","kind":"missing_plant","tile":"siret3_r008_c003","source_target_id":"T-MSP-0131","priority":3,"route_role":"optional","skip_reason":null},"geometry":{"type":"Point","coordinates":[28.7033526,47.1280129]}},{"type":"Feature","id":252,"properties":{"target_id":"T252","type":"missing","vineyard_id":"V01","row_id":"V01-R078","waste_id":null,"route_order":252,"reachable":true,"gap_length_m":2.75,"note":"missing_plant; missing plant 2.75 m","kind":"missing_plant","tile":"siret3_r008_c003","source_target_id":"T-MSP-0132","priority":3,"route_role":"optional","skip_reason":null},"geometry":{"type":"Point","coordinates":[28.7032839,47.1281323]}},{"type":"Feature","id":253,"properties":{"target_id":"T253","type":"gap","vineyard_id":"V01","row_id":"V01-R080","waste_id":null,"route_order":253,"reachable":true,"gap_length_m":5.4,"note":"row_gap; gap 5.40 m","kind":"row_gap","tile":"siret3_r008_c003","source_target_id":"T-GAP-0035","priority":2,"route_role":"must","skip_reason":null},"geometry":{"type":"Point","coordinates":[28.7033063,47.1280297]}},{"type":"Feature","id":254,"properties":{"target_id":"T254","type":"missing","vineyard_id":"V01","row_id":"V01-R080","waste_id":null,"route_order":254,"reachable":true,"gap_length_m":4.1,"note":"missing_plant; missing plant 4.10 m","kind":"missing_plant","tile":"siret3_r008_c003","source_target_id":"T-MSP-0135","priority":3,"route_role":"optional","skip_reason":null},"geometry":{"type":"Point","coordinates":[28.7033927,47.1278767]}},{"type":"Feature","id":255,"properties":{"target_id":"T255","type":"missing","vineyard_id":"V01","row_id":"V01-R082","waste_id":null,"route_order":255,"reachable":true,"gap_length_m":2.625,"note":"missing_plant; missing plant 2.62 m","kind":"missing_plant","tile":"siret3_r008_c003","source_target_id":"T-MSP-0143","priority":3,"route_role":"optional","skip_reason":null},"geometry":{"type":"Point","coordinates":[28.7034044,47.1277977]}},{"type":"Feature","id":256,"properties":{"target_id":"T256","type":"missing","vineyard_id":"V01","row_id":"V01-R080","waste_id":null,"route_order":256,"reachable":true,"gap_length_m":3.175,"note":"missing_plant; missing plant 3.18 m","kind":"missing_plant","tile":"siret3_r009_c004","source_target_id":"T-MSP-0134","priority":3,"route_role":"optional","skip_reason":null},"geometry":{"type":"Point","coordinates":[28.7035399,47.1276161]}},{"type":"Feature","id":257,"properties":{"target_id":"T257","type":"missing","vineyard_id":"V01","row_id":"V01-R082","waste_id":null,"route_order":257,"reachable":true,"gap_length_m":3.4,"note":"missing_plant; missing plant 3.40 m","kind":"missing_plant","tile":"siret3_r009_c004","source_target_id":"T-MSP-0142","priority":3,"route_role":"optional","skip_reason":null},"geometry":{"type":"Point","coordinates":[28.7036019,47.1274439]}},{"type":"Feature","id":258,"properties":{"target_id":"T258","type":"missing","vineyard_id":"V01","row_id":"V01-R080","waste_id":null,"route_order":258,"reachable":true,"gap_length_m":2.325,"note":"missing_plant; missing plant 2.33 m","kind":"missing_plant","tile":"siret3_r009_c004","source_target_id":"T-MSP-0133","priority":3,"route_role":"optional","skip_reason":null},"geometry":{"type":"Point","coordinates":[28.7037025,47.1273282]}},{"type":"Feature","id":259,"properties":{"target_id":"T259","type":"missing","vineyard_id":"V01","row_id":"V01-R082","waste_id":null,"route_order":259,"reachable":true,"gap_length_m":2.225,"note":"missing_plant; missing plant 2.23 m","kind":"missing_plant","tile":"siret3_r009_c004","source_target_id":"T-MSP-0141","priority":3,"route_role":"optional","skip_reason":null},"geometry":{"type":"Point","coordinates":[28.7036718,47.1273188]}},{"type":"Feature","id":260,"properties":{"target_id":"T260","type":"missing","vineyard_id":"V01","row_id":"V01-R102","waste_id":null,"route_order":260,"reachable":true,"gap_length_m":2.05,"note":"missing_plant; missing plant 2.05 m; truncated","kind":"missing_plant","tile":"siret3_r009_c003","source_target_id":"T-MSP-0184","priority":3,"route_role":"optional","skip_reason":null},"geometry":{"type":"Point","coordinates":[28.703254,47.1272977]}},{"type":"Feature","id":261,"properties":{"target_id":"T261","type":"gap","vineyard_id":"V01","row_id":"V01-R101","waste_id":null,"route_order":261,"reachable":true,"gap_length_m":8.225,"note":"row_gap; gap 8.23 m","kind":"row_gap","tile":"siret3_r009_c003","source_target_id":"T-GAP-0043","priority":2,"route_role":"must","skip_reason":null},"geometry":{"type":"Point","coordinates":[28.7032163,47.1274298]}},{"type":"Feature","id":262,"properties":{"target_id":"T262","type":"missing","vineyard_id":"V01","row_id":"V01-R094","waste_id":null,"route_order":262,"reachable":true,"gap_length_m":3.9,"note":"missing_plant; missing plant 3.90 m","kind":"missing_plant","tile":"siret3_r007_c002","source_target_id":"T-MSP-0169","priority":3,"route_role":"optional","skip_reason":null},"geometry":{"type":"Point","coordinates":[28.7027769,47.1284596]}},{"type":"Feature","id":263,"properties":{"target_id":"T263","type":"missing","vineyard_id":"V01","row_id":"V01-R092","waste_id":null,"route_order":263,"reachable":true,"gap_length_m":2.1,"note":"missing_plant; missing plant 2.10 m","kind":"missing_plant","tile":"siret3_r007_c002","source_target_id":"T-MSP-0168","priority":3,"route_role":"optional","skip_reason":null},"geometry":{"type":"Point","coordinates":[28.7027443,47.1285814]}},{"type":"Feature","id":264,"properties":{"target_id":"T264","type":"missing","vineyard_id":"V01","row_id":"V01-R094","waste_id":null,"route_order":264,"reachable":true,"gap_length_m":4.05,"note":"missing_plant; missing plant 4.05 m","kind":"missing_plant","tile":"siret3_r007_c002","source_target_id":"T-MSP-0170","priority":3,"route_role":"optional","skip_reason":null},"geometry":{"type":"Point","coordinates":[28.7027364,47.128529]}},{"type":"Feature","id":265,"properties":{"target_id":"T265","type":"gap","vineyard_id":"V01","row_id":"V01-R092","waste_id":null,"route_order":265,"reachable":true,"gap_length_m":8.8,"note":"row_gap; gap 8.80 m","kind":"row_gap","tile":"siret3_r007_c002","source_target_id":"T-GAP-0040","priority":2,"route_role":"must","skip_reason":null},"geometry":{"type":"Point","coordinates":[28.7027845,47.128511]}},{"type":"Feature","id":266,"properties":{"target_id":"T266","type":"missing","vineyard_id":"V01","row_id":"V01-R096","waste_id":null,"route_order":266,"reachable":true,"gap_length_m":2.7,"note":"missing_plant; missing plant 2.70 m","kind":"missing_plant","tile":"siret3_r007_c002","source_target_id":"T-MSP-0175","priority":3,"route_role":"optional","skip_reason":null},"geometry":{"type":"Point","coordinates":[28.702738,47.1284653]}},{"type":"Feature","id":267,"properties":{"target_id":"T267","type":"missing","vineyard_id":"V01","row_id":"V01-R099","waste_id":null,"route_order":267,"reachable":true,"gap_length_m":2.1,"note":"missing_plant; missing plant 2.10 m","kind":"missing_plant","tile":"siret3_r007_c002","source_target_id":"T-MSP-0179","priority":3,"route_role":"optional","skip_reason":null},"geometry":{"type":"Point","coordinates":[28.7026514,47.1285481]}},{"type":"Feature","id":268,"properties":{"target_id":"T268","type":"missing","vineyard_id":"V01","row_id":"V01-R100","waste_id":null,"route_order":268,"reachable":true,"gap_length_m":2.525,"note":"missing_plant; missing plant 2.53 m","kind":"missing_plant","tile":"siret3_r007_c002","source_target_id":"T-MSP-0183","priority":3,"route_role":"optional","skip_reason":null},"geometry":{"type":"Point","coordinates":[28.7025799,47.1286123]}},{"type":"Feature","id":269,"properties":{"target_id":"T269","type":"gap","vineyard_id":"V01","row_id":"V01-R099","waste_id":null,"route_order":269,"reachable":true,"gap_length_m":5.125,"note":"row_gap; gap 5.12 m","kind":"row_gap","tile":"siret3_r006_c002","source_target_id":"T-GAP-0042","priority":2,"route_role":"must","skip_reason":null},"geometry":{"type":"Point","coordinates":[28.702596,47.1286455]}},{"type":"Feature","id":270,"properties":{"target_id":"T270","type":"missing","vineyard_id":"V01","row_id":"V01-R100","waste_id":null,"route_order":270,"reachable":true,"gap_length_m":2.925,"note":"missing_plant; missing plant 2.93 m","kind":"missing_plant","tile":"siret3_r007_c002","source_target_id":"T-MSP-0182","priority":3,"route_role":"optional","skip_reason":null},"geometry":{"type":"Point","coordinates":[28.7026329,47.1285197]}},{"type":"Feature","id":271,"properties":{"target_id":"T271","type":"missing","vineyard_id":"V01","row_id":"V01-R100","waste_id":null,"route_order":271,"reachable":true,"gap_length_m":2.55,"note":"missing_plant; missing plant 2.55 m","kind":"missing_plant","tile":"siret3_r007_c002","source_target_id":"T-MSP-0181","priority":3,"route_role":"optional","skip_reason":null},"geometry":{"type":"Point","coordinates":[28.7026673,47.1284597]}},{"type":"Feature","id":272,"properties":{"target_id":"T272","type":"gap","vineyard_id":"V01","row_id":"V01-R099","waste_id":null,"route_order":272,"reachable":true,"gap_length_m":13.525,"note":"row_gap; gap 13.53 m","kind":"row_gap","tile":"siret3_r007_c002","source_target_id":"T-GAP-0041","priority":1,"route_role":"must","skip_reason":null},"geometry":{"type":"Point","coordinates":[28.7027328,47.1284047]}},{"type":"Feature","id":273,"properties":{"target_id":"T273","type":"gap","vineyard_id":"V01","row_id":"V01-R102","waste_id":null,"route_order":273,"reachable":true,"gap_length_m":6.375,"note":"row_gap; gap 6.38 m","kind":"row_gap","tile":"siret3_r007_c002","source_target_id":"T-GAP-0044","priority":2,"route_role":"must","skip_reason":null},"geometry":{"type":"Point","coordinates":[28.7026584,47.1283478]}},{"type":"Feature","id":274,"properties":{"target_id":"T274","type":"missing","vineyard_id":"V01","row_id":"V01-R102","waste_id":null,"route_order":274,"reachable":true,"gap_length_m":2.875,"note":"missing_plant; missing plant 2.88 m","kind":"missing_plant","tile":"siret3_r006_c002","source_target_id":"T-MSP-0188","priority":3,"route_role":"optional","skip_reason":null},"geometry":{"type":"Point","coordinates":[28.7024868,47.1286481]}},{"type":"Feature","id":275,"properties":{"target_id":"T275","type":"missing","vineyard_id":"V01","row_id":"V01-R102","waste_id":null,"route_order":275,"reachable":true,"gap_length_m":2.875,"note":"missing_plant; missing plant 2.88 m","kind":"missing_plant","tile":"siret3_r007_c002","source_target_id":"T-MSP-0187","priority":3,"route_role":"optional","skip_reason":null},"geometry":{"type":"Point","coordinates":[28.7025155,47.1285978]}},{"type":"Feature","id":276,"properties":{"target_id":"T276","type":"missing","vineyard_id":"V01","row_id":"V01-R104","waste_id":null,"route_order":276,"reachable":true,"gap_length_m":2.175,"note":"missing_plant; missing plant 2.18 m","kind":"missing_plant","tile":"siret3_r007_c002","source_target_id":"T-MSP-0191","priority":3,"route_role":"optional","skip_reason":null},"geometry":{"type":"Point","coordinates":[28.7025192,47.1285305]}},{"type":"Feature","id":277,"properties":{"target_id":"T277","type":"missing","vineyard_id":"V01","row_id":"V01-R102","waste_id":null,"route_order":277,"reachable":true,"gap_length_m":2.1,"note":"missing_plant; missing plant 2.10 m","kind":"missing_plant","tile":"siret3_r007_c002","source_target_id":"T-MSP-0186","priority":3,"route_role":"optional","skip_reason":null},"geometry":{"type":"Point","coordinates":[28.7025674,47.128507]}},{"type":"Feature","id":278,"properties":{"target_id":"T278","type":"gap","vineyard_id":"V01","row_id":"V01-R104","waste_id":null,"route_order":278,"reachable":true,"gap_length_m":5.45,"note":"row_gap; gap 5.45 m","kind":"row_gap","tile":"siret3_r007_c002","source_target_id":"T-GAP-0046","priority":2,"route_role":"must","skip_reason":null},"geometry":{"type":"Point","coordinates":[28.7025457,47.1284838]}},{"type":"Feature","id":279,"properties":{"target_id":"T279","type":"gap","vineyard_id":"V01","row_id":"V01-R104","waste_id":null,"route_order":279,"reachable":true,"gap_length_m":8,"note":"row_gap; gap 8.00 m","kind":"row_gap","tile":"siret3_r007_c002","source_target_id":"T-GAP-0045","priority":2,"route_role":"must","skip_reason":null},"geometry":{"type":"Point","coordinates":[28.7026482,47.1283032]}},{"type":"Feature","id":280,"properties":{"target_id":"T280","type":"missing","vineyard_id":"V01","row_id":"V01-R102","waste_id":null,"route_order":280,"reachable":true,"gap_length_m":2.575,"note":"missing_plant; missing plant 2.58 m","kind":"missing_plant","tile":"siret3_r009_c003","source_target_id":"T-MSP-0185","priority":3,"route_role":"optional","skip_reason":null},"geometry":{"type":"Point","coordinates":[28.7030963,47.1275741]}},{"type":"Feature","id":281,"properties":{"target_id":"T281","type":"missing","vineyard_id":"V01","row_id":"V01-R104","waste_id":null,"route_order":281,"reachable":true,"gap_length_m":3.55,"note":"missing_plant; missing plant 3.55 m","kind":"missing_plant","tile":"siret3_r009_c003","source_target_id":"T-MSP-0190","priority":3,"route_role":"optional","skip_reason":null},"geometry":{"type":"Point","coordinates":[28.7031056,47.1274972]}},{"type":"Feature","id":282,"properties":{"target_id":"T282","type":"missing","vineyard_id":"V01","row_id":"V01-R104","waste_id":null,"route_order":282,"reachable":true,"gap_length_m":3.875,"note":"missing_plant; missing plant 3.88 m","kind":"missing_plant","tile":"siret3_r009_c003","source_target_id":"T-MSP-0189","priority":3,"route_role":"optional","skip_reason":null},"geometry":{"type":"Point","coordinates":[28.7031383,47.1274396]}},{"type":"Feature","id":283,"properties":{"target_id":"T283","type":"gap","vineyard_id":"V03","row_id":"V03-R004","waste_id":null,"route_order":283,"reachable":true,"gap_length_m":5.7,"note":"row_gap; gap 5.70 m","kind":"row_gap","tile":"siret3_r010_c003","source_target_id":"T-GAP-0073","priority":2,"route_role":"must","skip_reason":null},"geometry":{"type":"Point","coordinates":[28.7028969,47.1271668]}},{"type":"Feature","id":284,"properties":{"target_id":"T284","type":"missing","vineyard_id":"V03","row_id":"V03-R007","waste_id":null,"route_order":284,"reachable":true,"gap_length_m":2.5,"note":"missing_plant; missing plant 2.50 m","kind":"missing_plant","tile":"siret3_r010_c003","source_target_id":"T-MSP-0213","priority":3,"route_role":"optional","skip_reason":null},"geometry":{"type":"Point","coordinates":[28.7028637,47.1271006]}},{"type":"Feature","id":285,"properties":{"target_id":"T285","type":"missing","vineyard_id":"V03","row_id":"V03-R008","waste_id":null,"route_order":285,"reachable":true,"gap_length_m":2.075,"note":"missing_plant; missing plant 2.07 m","kind":"missing_plant","tile":"siret3_r009_c002","source_target_id":"T-MSP-0214","priority":3,"route_role":"optional","skip_reason":null},"geometry":{"type":"Point","coordinates":[28.7025001,47.1274486]}},{"type":"Feature","id":286,"properties":{"target_id":"T286","type":"missing","vineyard_id":"V03","row_id":"V03-R008","waste_id":null,"route_order":286,"reachable":true,"gap_length_m":2.5,"note":"missing_plant; missing plant 2.50 m","kind":"missing_plant","tile":"siret3_r009_c002","source_target_id":"T-MSP-0215","priority":3,"route_role":"optional","skip_reason":null},"geometry":{"type":"Point","coordinates":[28.7024684,47.1274834]}},{"type":"Feature","id":287,"properties":{"target_id":"T287","type":"missing","vineyard_id":"V03","row_id":"V03-R008","waste_id":null,"route_order":287,"reachable":true,"gap_length_m":2.675,"note":"missing_plant; missing plant 2.67 m","kind":"missing_plant","tile":"siret3_r009_c002","source_target_id":"T-MSP-0216","priority":3,"route_role":"optional","skip_reason":null},"geometry":{"type":"Point","coordinates":[28.7023645,47.1275976]}},{"type":"Feature","id":288,"properties":{"target_id":"T288","type":"missing","vineyard_id":"V03","row_id":"V03-R011","waste_id":null,"route_order":288,"reachable":true,"gap_length_m":4.2,"note":"missing_plant; missing plant 4.20 m","kind":"missing_plant","tile":"siret3_r009_c002","source_target_id":"T-MSP-0217","priority":3,"route_role":"optional","skip_reason":null},"geometry":{"type":"Point","coordinates":[28.702487,47.1273613]}},{"type":"Feature","id":289,"properties":{"target_id":"T289","type":"missing","vineyard_id":"V03","row_id":"V03-R019","waste_id":null,"route_order":289,"reachable":true,"gap_length_m":2.275,"note":"missing_plant; missing plant 2.27 m","kind":"missing_plant","tile":"siret3_r010_c002","source_target_id":"T-MSP-0226","priority":3,"route_role":"optional","skip_reason":null},"geometry":{"type":"Point","coordinates":[28.7023707,47.1272371]}},{"type":"Feature","id":290,"properties":{"target_id":"T290","type":"gap","vineyard_id":"V03","row_id":"V03-R019","waste_id":null,"route_order":290,"reachable":true,"gap_length_m":5.65,"note":"row_gap; gap 5.65 m","kind":"row_gap","tile":"siret3_r009_c002","source_target_id":"T-GAP-0074","priority":2,"route_role":"must","skip_reason":null},"geometry":{"type":"Point","coordinates":[28.7023128,47.1273009]}},{"type":"Feature","id":291,"properties":{"target_id":"T291","type":"missing","vineyard_id":"V03","row_id":"V03-R019","waste_id":null,"route_order":291,"reachable":true,"gap_length_m":4.85,"note":"missing_plant; missing plant 4.85 m","kind":"missing_plant","tile":"siret3_r009_c002","source_target_id":"T-MSP-0227","priority":3,"route_role":"optional","skip_reason":null},"geometry":{"type":"Point","coordinates":[28.7022586,47.1273605]}},{"type":"Feature","id":292,"properties":{"target_id":"T292","type":"missing","vineyard_id":"V03","row_id":"V03-R019","waste_id":null,"route_order":292,"reachable":true,"gap_length_m":3.475,"note":"missing_plant; missing plant 3.48 m","kind":"missing_plant","tile":"siret3_r009_c002","source_target_id":"T-MSP-0228","priority":3,"route_role":"optional","skip_reason":null},"geometry":{"type":"Point","coordinates":[28.7022083,47.1274158]}},{"type":"Feature","id":293,"properties":{"target_id":"T293","type":"gap","vineyard_id":"V02","row_id":"V02-R013","waste_id":null,"route_order":293,"reachable":true,"gap_length_m":10.6,"note":"row_gap; gap 10.60 m","kind":"row_gap","tile":"siret3_r008_c002","source_target_id":"T-GAP-0071","priority":1,"route_role":"must","skip_reason":null},"geometry":{"type":"Point","coordinates":[28.70217,47.1277885]}},{"type":"Feature","id":294,"properties":{"target_id":"T294","type":"gap","vineyard_id":"V02","row_id":"V02-R012","waste_id":null,"route_order":294,"reachable":true,"gap_length_m":9.825,"note":"row_gap; gap 9.83 m","kind":"row_gap","tile":"siret3_r008_c002","source_target_id":"T-GAP-0070","priority":2,"route_role":"must","skip_reason":null},"geometry":{"type":"Point","coordinates":[28.7022162,47.1277837]}},{"type":"Feature","id":295,"properties":{"target_id":"T295","type":"gap","vineyard_id":"V02","row_id":"V02-R011","waste_id":null,"route_order":295,"reachable":true,"gap_length_m":10.675,"note":"row_gap; gap 10.67 m","kind":"row_gap","tile":"siret3_r008_c002","source_target_id":"T-GAP-0069","priority":1,"route_role":"must","skip_reason":null},"geometry":{"type":"Point","coordinates":[28.7021914,47.1278657]}},{"type":"Feature","id":296,"properties":{"target_id":"T296","type":"gap","vineyard_id":"V02","row_id":"V02-R010","waste_id":null,"route_order":296,"reachable":true,"gap_length_m":6.225,"note":"row_gap; gap 6.23 m","kind":"row_gap","tile":"siret3_r008_c002","source_target_id":"T-GAP-0068","priority":2,"route_role":"must","skip_reason":null},"geometry":{"type":"Point","coordinates":[28.7021912,47.1279113]}},{"type":"Feature","id":297,"properties":{"target_id":"T297","type":"gap","vineyard_id":"V02","row_id":"V02-R010","waste_id":null,"route_order":297,"reachable":true,"gap_length_m":11.375,"note":"row_gap; gap 11.38 m","kind":"row_gap","tile":"siret3_r008_c002","source_target_id":"T-GAP-0067","priority":1,"route_role":"must","skip_reason":null},"geometry":{"type":"Point","coordinates":[28.7022573,47.1277946]}},{"type":"Feature","id":298,"properties":{"target_id":"T298","type":"gap","vineyard_id":"V02","row_id":"V02-R009","waste_id":null,"route_order":298,"reachable":true,"gap_length_m":9.875,"note":"row_gap; gap 9.88 m","kind":"row_gap","tile":"siret3_r008_c002","source_target_id":"T-GAP-0065","priority":2,"route_role":"must","skip_reason":null},"geometry":{"type":"Point","coordinates":[28.7023012,47.1277996]}},{"type":"Feature","id":299,"properties":{"target_id":"T299","type":"gap","vineyard_id":"V02","row_id":"V02-R009","waste_id":null,"route_order":299,"reachable":true,"gap_length_m":8.225,"note":"row_gap; gap 8.22 m","kind":"row_gap","tile":"siret3_r008_c002","source_target_id":"T-GAP-0066","priority":2,"route_role":"must","skip_reason":null},"geometry":{"type":"Point","coordinates":[28.7022359,47.1279145]}},{"type":"Feature","id":300,"properties":{"target_id":"T300","type":"missing","vineyard_id":"V02","row_id":"V02-R008","waste_id":null,"route_order":300,"reachable":true,"gap_length_m":4.7,"note":"missing_plant; missing plant 4.70 m","kind":"missing_plant","tile":"siret3_r008_c002","source_target_id":"T-MSP-0211","priority":3,"route_role":"optional","skip_reason":null},"geometry":{"type":"Point","coordinates":[28.7022531,47.127939]}},{"type":"Feature","id":301,"properties":{"target_id":"T301","type":"missing","vineyard_id":"V02","row_id":"V02-R007","waste_id":null,"route_order":301,"reachable":true,"gap_length_m":2.85,"note":"missing_plant; missing plant 2.85 m","kind":"missing_plant","tile":"siret3_r008_c002","source_target_id":"T-MSP-0210","priority":3,"route_role":"optional","skip_reason":null},"geometry":{"type":"Point","coordinates":[28.7022631,47.1279762]}},{"type":"Feature","id":302,"properties":{"target_id":"T302","type":"gap","vineyard_id":"V02","row_id":"V02-R008","waste_id":null,"route_order":302,"reachable":true,"gap_length_m":11.55,"note":"row_gap; gap 11.55 m","kind":"row_gap","tile":"siret3_r008_c002","source_target_id":"T-GAP-0064","priority":1,"route_role":"must","skip_reason":null},"geometry":{"type":"Point","coordinates":[28.7023097,47.1278396]}},{"type":"Feature","id":303,"properties":{"target_id":"T303","type":"gap","vineyard_id":"V02","row_id":"V02-R006","waste_id":null,"route_order":303,"reachable":true,"gap_length_m":10.45,"note":"row_gap; gap 10.45 m","kind":"row_gap","tile":"siret3_r008_c002","source_target_id":"T-GAP-0061","priority":1,"route_role":"must","skip_reason":null},"geometry":{"type":"Point","coordinates":[28.7024029,47.1277867]}},{"type":"Feature","id":304,"properties":{"target_id":"T304","type":"gap","vineyard_id":"V02","row_id":"V02-R005","waste_id":null,"route_order":304,"reachable":true,"gap_length_m":15.4,"note":"row_gap; gap 15.40 m","kind":"row_gap","tile":"siret3_r008_c002","source_target_id":"T-GAP-0059","priority":1,"route_role":"must","skip_reason":null},"geometry":{"type":"Point","coordinates":[28.7023978,47.1278491]}},{"type":"Feature","id":305,"properties":{"target_id":"T305","type":"gap","vineyard_id":"V02","row_id":"V02-R007","waste_id":null,"route_order":305,"reachable":true,"gap_length_m":12.15,"note":"row_gap; gap 12.15 m","kind":"row_gap","tile":"siret3_r008_c002","source_target_id":"T-GAP-0063","priority":1,"route_role":"must","skip_reason":null},"geometry":{"type":"Point","coordinates":[28.7023241,47.1278705]}},{"type":"Feature","id":306,"properties":{"target_id":"T306","type":"gap","vineyard_id":"V02","row_id":"V02-R006","waste_id":null,"route_order":306,"reachable":true,"gap_length_m":10.55,"note":"row_gap; gap 10.55 m","kind":"row_gap","tile":"siret3_r008_c002","source_target_id":"T-GAP-0062","priority":1,"route_role":"must","skip_reason":null},"geometry":{"type":"Point","coordinates":[28.7023262,47.1279213]}},{"type":"Feature","id":307,"properties":{"target_id":"T307","type":"missing","vineyard_id":"V02","row_id":"V02-R006","waste_id":null,"route_order":307,"reachable":true,"gap_length_m":2.5,"note":"missing_plant; missing plant 2.50 m","kind":"missing_plant","tile":"siret3_r008_c002","source_target_id":"T-MSP-0209","priority":3,"route_role":"optional","skip_reason":null},"geometry":{"type":"Point","coordinates":[28.7022698,47.1280202]}},{"type":"Feature","id":308,"properties":{"target_id":"T308","type":"missing","vineyard_id":"V02","row_id":"V02-R005","waste_id":null,"route_order":308,"reachable":true,"gap_length_m":2.625,"note":"missing_plant; missing plant 2.62 m","kind":"missing_plant","tile":"siret3_r008_c002","source_target_id":"T-MSP-0208","priority":3,"route_role":"optional","skip_reason":null},"geometry":{"type":"Point","coordinates":[28.7022947,47.1280284]}},{"type":"Feature","id":309,"properties":{"target_id":"T309","type":"gap","vineyard_id":"V02","row_id":"V02-R005","waste_id":null,"route_order":309,"reachable":true,"gap_length_m":10.225,"note":"row_gap; gap 10.22 m","kind":"row_gap","tile":"siret3_r008_c002","source_target_id":"T-GAP-0060","priority":1,"route_role":"must","skip_reason":null},"geometry":{"type":"Point","coordinates":[28.7023305,47.127966]}},{"type":"Feature","id":310,"properties":{"target_id":"T310","type":"gap","vineyard_id":"V02","row_id":"V02-R003","waste_id":null,"route_order":310,"reachable":true,"gap_length_m":11.125,"note":"row_gap; gap 11.12 m","kind":"row_gap","tile":"siret3_r008_c002","source_target_id":"T-GAP-0056","priority":1,"route_role":"must","skip_reason":null},"geometry":{"type":"Point","coordinates":[28.702356,47.1280553]}},{"type":"Feature","id":311,"properties":{"target_id":"T311","type":"gap","vineyard_id":"V02","row_id":"V02-R004","waste_id":null,"route_order":311,"reachable":true,"gap_length_m":7.475,"note":"row_gap; gap 7.48 m","kind":"row_gap","tile":"siret3_r008_c002","source_target_id":"T-GAP-0058","priority":2,"route_role":"must","skip_reason":null},"geometry":{"type":"Point","coordinates":[28.7023571,47.1279819]}},{"type":"Feature","id":312,"properties":{"target_id":"T312","type":"gap","vineyard_id":"V02","row_id":"V02-R003","waste_id":null,"route_order":312,"reachable":true,"gap_length_m":12.125,"note":"row_gap; gap 12.13 m","kind":"row_gap","tile":"siret3_r008_c002","source_target_id":"T-GAP-0055","priority":1,"route_role":"must","skip_reason":null},"geometry":{"type":"Point","coordinates":[28.7024482,47.1278917]}},{"type":"Feature","id":313,"properties":{"target_id":"T313","type":"gap","vineyard_id":"V02","row_id":"V02-R004","waste_id":null,"route_order":313,"reachable":true,"gap_length_m":12.75,"note":"row_gap; gap 12.75 m","kind":"row_gap","tile":"siret3_r008_c002","source_target_id":"T-GAP-0057","priority":1,"route_role":"must","skip_reason":null},"geometry":{"type":"Point","coordinates":[28.7024257,47.1278626]}},{"type":"Feature","id":314,"properties":{"target_id":"T314","type":"gap","vineyard_id":"V02","row_id":"V02-R002","waste_id":null,"route_order":314,"reachable":true,"gap_length_m":27.8,"note":"row_gap; gap 27.80 m","kind":"row_gap","tile":"siret3_r008_c002","source_target_id":"T-GAP-0053","priority":1,"route_role":"must","skip_reason":null},"geometry":{"type":"Point","coordinates":[28.702444,47.1279401]}},{"type":"Feature","id":315,"properties":{"target_id":"T315","type":"missing","vineyard_id":"V02","row_id":"V02-R003","waste_id":null,"route_order":315,"reachable":true,"gap_length_m":4.025,"note":"missing_plant; missing plant 4.02 m","kind":"missing_plant","tile":"siret3_r008_c002","source_target_id":"T-MSP-0207","priority":3,"route_role":"optional","skip_reason":null},"geometry":{"type":"Point","coordinates":[28.702399,47.1279791]}},{"type":"Feature","id":316,"properties":{"target_id":"T316","type":"gap","vineyard_id":"V02","row_id":"V02-R002","waste_id":null,"route_order":316,"reachable":true,"gap_length_m":27.8,"note":"row_gap; gap 27.80 m","kind":"row_gap","tile":"siret3_r008_c002","source_target_id":"T-GAP-0054","priority":1,"route_role":"must","skip_reason":null},"geometry":{"type":"Point","coordinates":[28.7023777,47.1280567]}},{"type":"Feature","id":317,"properties":{"target_id":"T317","type":"gap","vineyard_id":"V02","row_id":"V02-R002","waste_id":null,"route_order":317,"reachable":true,"gap_length_m":10.55,"note":"row_gap; gap 10.55 m","kind":"row_gap","tile":"siret3_r008_c002","source_target_id":"T-GAP-0052","priority":1,"route_role":"must","skip_reason":null},"geometry":{"type":"Point","coordinates":[28.7025173,47.1278114]}},{"type":"Feature","id":318,"properties":{"target_id":"T318","type":"gap","vineyard_id":"V02","row_id":"V02-R001","waste_id":null,"route_order":318,"reachable":true,"gap_length_m":35.75,"note":"row_gap; gap 35.75 m","kind":"row_gap","tile":"siret3_r008_c002","source_target_id":"T-GAP-0049","priority":1,"route_role":"must","skip_reason":null},"geometry":{"type":"Point","coordinates":[28.7025364,47.127873]}},{"type":"Feature","id":319,"properties":{"target_id":"T319","type":"gap","vineyard_id":"V02","row_id":"V02-R001","waste_id":null,"route_order":319,"reachable":true,"gap_length_m":35.75,"note":"row_gap; gap 35.75 m","kind":"row_gap","tile":"siret3_r008_c002","source_target_id":"T-GAP-0050","priority":1,"route_role":"must","skip_reason":null},"geometry":{"type":"Point","coordinates":[28.7024797,47.127973]}},{"type":"Feature","id":320,"properties":{"target_id":"T320","type":"gap","vineyard_id":"V02","row_id":"V02-R001","waste_id":null,"route_order":320,"reachable":true,"gap_length_m":35.75,"note":"row_gap; gap 35.75 m","kind":"row_gap","tile":"siret3_r008_c002","source_target_id":"T-GAP-0051","priority":1,"route_role":"must","skip_reason":null},"geometry":{"type":"Point","coordinates":[28.702423,47.128073]}},{"type":"Feature","id":321,"properties":{"target_id":"T321","type":"gap","vineyard_id":"V01","row_id":null,"waste_id":null,"route_order":321,"reachable":true,"gap_length_m":null,"note":"missing_row; missing row between V01-R113 and V01-R114: spacing 6.10 m (median 2.53 m)","kind":"missing_row","tile":"siret3_r007_c002","source_target_id":"T-MRW-0001","priority":2,"route_role":"must","skip_reason":null},"geometry":{"type":"Point","coordinates":[28.7023548,47.1282266]}},{"type":"Feature","id":322,"properties":{"target_id":"T322","type":"gap","vineyard_id":"V01","row_id":null,"waste_id":null,"route_order":322,"reachable":true,"gap_length_m":null,"note":"missing_row; missing row between V01-R113 and V01-R114: spacing 6.10 m (median 2.53 m)","kind":"missing_row","tile":"siret3_r007_c002","source_target_id":"T-MRW-0003","priority":2,"route_role":"must","skip_reason":null},"geometry":{"type":"Point","coordinates":[28.7022397,47.1284269]}},{"type":"Feature","id":323,"properties":{"target_id":"T323","type":"gap","vineyard_id":"V01","row_id":null,"waste_id":null,"route_order":323,"reachable":true,"gap_length_m":null,"note":"missing_row; missing row between V01-R113 and V01-R114: spacing 6.10 m (median 2.53 m)","kind":"missing_row","tile":"siret3_r007_c002","source_target_id":"T-MRW-0002","priority":2,"route_role":"must","skip_reason":null},"geometry":{"type":"Point","coordinates":[28.7022972,47.1283267]}},{"type":"Feature","id":324,"properties":{"target_id":"T324","type":"gap","vineyard_id":"V03","row_id":"V03-R001","waste_id":null,"route_order":324,"reachable":true,"gap_length_m":6.85,"note":"row_gap; gap 6.85 m","kind":"row_gap","tile":"siret3_r009_c002","source_target_id":"T-GAP-0072","priority":2,"route_role":"must","skip_reason":null},"geometry":{"type":"Point","coordinates":[28.7026934,47.1275397]}},{"type":"Feature","id":325,"properties":{"target_id":"T325","type":"missing","vineyard_id":"V01","row_id":"V01-R106","waste_id":null,"route_order":325,"reachable":true,"gap_length_m":4.95,"note":"missing_plant; missing plant 4.95 m","kind":"missing_plant","tile":"siret3_r009_c003","source_target_id":"T-MSP-0193","priority":3,"route_role":"optional","skip_reason":null},"geometry":{"type":"Point","coordinates":[28.7030793,47.1274143]}},{"type":"Feature","id":326,"properties":{"target_id":"T326","type":"missing","vineyard_id":"V01","row_id":"V01-R106","waste_id":null,"route_order":326,"reachable":true,"gap_length_m":3.775,"note":"missing_plant; missing plant 3.77 m","kind":"missing_plant","tile":"siret3_r009_c003","source_target_id":"T-MSP-0194","priority":3,"route_role":"optional","skip_reason":null},"geometry":{"type":"Point","coordinates":[28.7029519,47.1276419]}},{"type":"Feature","id":327,"properties":{"target_id":"T327","type":"missing","vineyard_id":"V01","row_id":"V01-R105","waste_id":null,"route_order":327,"reachable":true,"gap_length_m":2.3,"note":"missing_plant; missing plant 2.30 m","kind":"missing_plant","tile":"siret3_r008_c003","source_target_id":"T-MSP-0192","priority":3,"route_role":"optional","skip_reason":null},"geometry":{"type":"Point","coordinates":[28.702932,47.1277412]}},{"type":"Feature","id":328,"properties":{"target_id":"T328","type":"gap","vineyard_id":"V01","row_id":"V01-R109","waste_id":null,"route_order":328,"reachable":true,"gap_length_m":7.925,"note":"row_gap; gap 7.92 m","kind":"row_gap","tile":"siret3_r008_c002","source_target_id":"T-GAP-0048","priority":2,"route_role":"must","skip_reason":null},"geometry":{"type":"Point","coordinates":[28.7025986,47.1280772]}},{"type":"Feature","id":329,"properties":{"target_id":"T329","type":"missing","vineyard_id":"V01","row_id":"V01-R109","waste_id":null,"route_order":329,"reachable":true,"gap_length_m":2.475,"note":"missing_plant; missing plant 2.48 m","kind":"missing_plant","tile":"siret3_r008_c002","source_target_id":"T-MSP-0205","priority":3,"route_role":"optional","skip_reason":null},"geometry":{"type":"Point","coordinates":[28.7027032,47.1278925]}},{"type":"Feature","id":330,"properties":{"target_id":"T330","type":"missing","vineyard_id":"V01","row_id":"V01-R109","waste_id":null,"route_order":330,"reachable":true,"gap_length_m":2.475,"note":"missing_plant; missing plant 2.47 m","kind":"missing_plant","tile":"siret3_r008_c002","source_target_id":"T-MSP-0204","priority":3,"route_role":"optional","skip_reason":null},"geometry":{"type":"Point","coordinates":[28.7027418,47.1278246]}},{"type":"Feature","id":331,"properties":{"target_id":"T331","type":"gap","vineyard_id":"V01","row_id":"V01-R108","waste_id":null,"route_order":331,"reachable":true,"gap_length_m":8.075,"note":"row_gap; gap 8.08 m","kind":"row_gap","tile":"siret3_r008_c002","source_target_id":"T-GAP-0047","priority":2,"route_role":"must","skip_reason":null},"geometry":{"type":"Point","coordinates":[28.702721,47.1279219]}},{"type":"Feature","id":332,"properties":{"target_id":"T332","type":"missing","vineyard_id":"V01","row_id":"V01-R107","waste_id":null,"route_order":332,"reachable":true,"gap_length_m":2.725,"note":"missing_plant; missing plant 2.73 m","kind":"missing_plant","tile":"siret3_r007_c002","source_target_id":"T-MSP-0200","priority":3,"route_role":"optional","skip_reason":null},"geometry":{"type":"Point","coordinates":[28.7025648,47.1282623]}},{"type":"Feature","id":333,"properties":{"target_id":"T333","type":"missing","vineyard_id":"V01","row_id":"V01-R106","waste_id":null,"route_order":333,"reachable":true,"gap_length_m":2.025,"note":"missing_plant; missing plant 2.02 m; truncated","kind":"missing_plant","tile":"siret3_r008_c002","source_target_id":"T-MSP-0195","priority":3,"route_role":"optional","skip_reason":null},"geometry":{"type":"Point","coordinates":[28.7026809,47.1281202]}},{"type":"Feature","id":334,"properties":{"target_id":"T334","type":"missing","vineyard_id":"V01","row_id":"V01-R107","waste_id":null,"route_order":334,"reachable":true,"gap_length_m":3.1,"note":"missing_plant; missing plant 3.10 m","kind":"missing_plant","tile":"siret3_r008_c002","source_target_id":"T-MSP-0199","priority":3,"route_role":"optional","skip_reason":null},"geometry":{"type":"Point","coordinates":[28.7026999,47.1280247]}},{"type":"Feature","id":335,"properties":{"target_id":"T335","type":"missing","vineyard_id":"V01","row_id":"V01-R107","waste_id":null,"route_order":335,"reachable":true,"gap_length_m":3.3,"note":"missing_plant; missing plant 3.30 m","kind":"missing_plant","tile":"siret3_r008_c003","source_target_id":"T-MSP-0198","priority":3,"route_role":"optional","skip_reason":null},"geometry":{"type":"Point","coordinates":[28.7028217,47.1278082]}},{"type":"Feature","id":336,"properties":{"target_id":"T336","type":"missing","vineyard_id":"V01","row_id":"V01-R107","waste_id":null,"route_order":336,"reachable":true,"gap_length_m":4.55,"note":"missing_plant; missing plant 4.55 m","kind":"missing_plant","tile":"siret3_r008_c003","source_target_id":"T-MSP-0197","priority":3,"route_role":"optional","skip_reason":null},"geometry":{"type":"Point","coordinates":[28.7028467,47.1277636]}},{"type":"Feature","id":337,"properties":{"target_id":"T337","type":"missing","vineyard_id":"V01","row_id":"V01-R107","waste_id":null,"route_order":337,"reachable":true,"gap_length_m":3.6,"note":"missing_plant; missing plant 3.60 m","kind":"missing_plant","tile":"siret3_r009_c003","source_target_id":"T-MSP-0196","priority":3,"route_role":"optional","skip_reason":null},"geometry":{"type":"Point","coordinates":[28.7030885,47.1273336]}},{"type":"Feature","id":338,"properties":{"target_id":"T338","type":"gap","vineyard_id":"V13","row_id":"V13-R002","waste_id":null,"route_order":338,"reachable":true,"gap_length_m":5.382,"note":"row_gap; gap 5.38 m","kind":"row_gap","tile":"siret3_r019_c013","source_target_id":"T-GAP-0095","priority":2,"route_role":"must","skip_reason":null},"geometry":{"type":"Point","coordinates":[28.7099807,47.1226343]}},{"type":"Feature","id":339,"properties":{"target_id":"T339","type":"gap","vineyard_id":"V16","row_id":"V16-R038","waste_id":null,"route_order":339,"reachable":true,"gap_length_m":11.7,"note":"row_gap; gap 11.70 m","kind":"row_gap","tile":"siret3_r028_c019","source_target_id":"T-GAP-0147","priority":1,"route_role":"must","skip_reason":null},"geometry":{"type":"Point","coordinates":[28.7134657,47.1184663]}},{"type":"Feature","id":340,"properties":{"target_id":"T340","type":"missing","vineyard_id":"V16","row_id":"V16-R035","waste_id":null,"route_order":340,"reachable":true,"gap_length_m":3.5,"note":"missing_plant; missing plant 3.50 m","kind":"missing_plant","tile":"siret3_r028_c019","source_target_id":"T-MSP-0658","priority":3,"route_role":"optional","skip_reason":null},"geometry":{"type":"Point","coordinates":[28.7133815,47.1185838]}},{"type":"Feature","id":341,"properties":{"target_id":"T341","type":"missing","vineyard_id":"V16","row_id":"V16-R035","waste_id":null,"route_order":341,"reachable":true,"gap_length_m":2.325,"note":"missing_plant; missing plant 2.32 m","kind":"missing_plant","tile":"siret3_r028_c019","source_target_id":"T-MSP-0659","priority":3,"route_role":"optional","skip_reason":null},"geometry":{"type":"Point","coordinates":[28.7133421,47.1186202]}},{"type":"Feature","id":342,"properties":{"target_id":"T342","type":"gap","vineyard_id":"V16","row_id":"V16-R034","waste_id":null,"route_order":342,"reachable":true,"gap_length_m":12.303,"note":"row_gap; gap 12.30 m (censored)","kind":"row_gap","tile":"siret3_r028_c019","source_target_id":"T-GAP-0143","priority":1,"route_role":"must","skip_reason":null},"geometry":{"type":"Point","coordinates":[28.7133529,47.1186482]}},{"type":"Feature","id":343,"properties":{"target_id":"T343","type":"gap","vineyard_id":"V16","row_id":"V16-R034","waste_id":null,"route_order":343,"reachable":true,"gap_length_m":12.9,"note":"row_gap; gap 12.90 m","kind":"row_gap","tile":"siret3_r028_c019","source_target_id":"T-GAP-0142","priority":1,"route_role":"must","skip_reason":null},"geometry":{"type":"Point","coordinates":[28.713462,47.1185491]}},{"type":"Feature","id":344,"properties":{"target_id":"T344","type":"gap","vineyard_id":"V16","row_id":"V16-R035","waste_id":null,"route_order":344,"reachable":true,"gap_length_m":7.225,"note":"row_gap; gap 7.22 m","kind":"row_gap","tile":"siret3_r028_c019","source_target_id":"T-GAP-0146","priority":2,"route_role":"must","skip_reason":null},"geometry":{"type":"Point","coordinates":[28.7134655,47.118506]}},{"type":"Feature","id":345,"properties":{"target_id":"T345","type":"gap","vineyard_id":"V16","row_id":"V16-R034","waste_id":null,"route_order":345,"reachable":true,"gap_length_m":5.95,"note":"row_gap; gap 5.95 m","kind":"row_gap","tile":"siret3_r028_c019","source_target_id":"T-GAP-0141","priority":2,"route_role":"must","skip_reason":null},"geometry":{"type":"Point","coordinates":[28.7135431,47.1184754]}},{"type":"Feature","id":346,"properties":{"target_id":"T346","type":"missing","vineyard_id":"V16","row_id":"V16-R038","waste_id":null,"route_order":346,"reachable":true,"gap_length_m":2.95,"note":"missing_plant; missing plant 2.95 m","kind":"missing_plant","tile":"siret3_r028_c019","source_target_id":"T-MSP-0660","priority":3,"route_role":"optional","skip_reason":null},"geometry":{"type":"Point","coordinates":[28.7135543,47.1183852]}},{"type":"Feature","id":347,"properties":{"target_id":"T347","type":"gap","vineyard_id":"V16","row_id":"V16-R035","waste_id":null,"route_order":347,"reachable":true,"gap_length_m":6.9,"note":"row_gap; gap 6.90 m","kind":"row_gap","tile":"siret3_r028_c019","source_target_id":"T-GAP-0145","priority":2,"route_role":"must","skip_reason":null},"geometry":{"type":"Point","coordinates":[28.7136112,47.1183713]}},{"type":"Feature","id":348,"properties":{"target_id":"T348","type":"missing","vineyard_id":"V28","row_id":"V28-R015","waste_id":null,"route_order":348,"reachable":true,"gap_length_m":2.2,"note":"missing_plant; missing plant 2.20 m","kind":"missing_plant","tile":"siret3_r033_c021","source_target_id":"T-MSP-0741","priority":3,"route_role":"optional","skip_reason":null},"geometry":{"type":"Point","coordinates":[28.7152036,47.1163269]}},{"type":"Feature","id":349,"properties":{"target_id":"T349","type":"missing","vineyard_id":"V28","row_id":"V28-R021","waste_id":null,"route_order":349,"reachable":true,"gap_length_m":2.975,"note":"missing_plant; missing plant 2.97 m","kind":"missing_plant","tile":"siret3_r033_c022","source_target_id":"T-MSP-0746","priority":3,"route_role":"optional","skip_reason":null},"geometry":{"type":"Point","coordinates":[28.7155466,47.1163917]}},{"type":"Feature","id":350,"properties":{"target_id":"T350","type":"gap","vineyard_id":"V28","row_id":"V28-R021","waste_id":null,"route_order":350,"reachable":true,"gap_length_m":7.1,"note":"row_gap; gap 7.10 m","kind":"row_gap","tile":"siret3_r033_c022","source_target_id":"T-GAP-0161","priority":2,"route_role":"must","skip_reason":null},"geometry":{"type":"Point","coordinates":[28.7154776,47.1163365]}},{"type":"Feature","id":351,"properties":{"target_id":"T351","type":"missing","vineyard_id":"V28","row_id":"V28-R020","waste_id":null,"route_order":351,"reachable":true,"gap_length_m":3.1,"note":"missing_plant; missing plant 3.10 m","kind":"missing_plant","tile":"siret3_r033_c022","source_target_id":"T-MSP-0744","priority":3,"route_role":"optional","skip_reason":null},"geometry":{"type":"Point","coordinates":[28.7154461,47.1163536]}},{"type":"Feature","id":352,"properties":{"target_id":"T352","type":"missing","vineyard_id":"V28","row_id":"V28-R019","waste_id":null,"route_order":352,"reachable":true,"gap_length_m":3.225,"note":"missing_plant; missing plant 3.23 m","kind":"missing_plant","tile":"siret3_r033_c022","source_target_id":"T-MSP-0742","priority":3,"route_role":"optional","skip_reason":null},"geometry":{"type":"Point","coordinates":[28.7155045,47.1164427]}},{"type":"Feature","id":353,"properties":{"target_id":"T353","type":"missing","vineyard_id":"V28","row_id":"V28-R019","waste_id":null,"route_order":353,"reachable":true,"gap_length_m":3.025,"note":"missing_plant; missing plant 3.02 m","kind":"missing_plant","tile":"siret3_r032_c022","source_target_id":"T-MSP-0743","priority":3,"route_role":"optional","skip_reason":null},"geometry":{"type":"Point","coordinates":[28.7155386,47.1164705]}},{"type":"Feature","id":354,"properties":{"target_id":"T354","type":"missing","vineyard_id":"V27","row_id":"V27-R006","waste_id":null,"route_order":354,"reachable":true,"gap_length_m":2.8,"note":"missing_plant; missing plant 2.80 m","kind":"missing_plant","tile":"siret3_r032_c021","source_target_id":"T-MSP-0734","priority":3,"route_role":"optional","skip_reason":null},"geometry":{"type":"Point","coordinates":[28.7150056,47.1168306]}},{"type":"Feature","id":355,"properties":{"target_id":"T355","type":"gap","vineyard_id":"V27","row_id":"V27-R007","waste_id":null,"route_order":355,"reachable":true,"gap_length_m":5.1,"note":"row_gap; gap 5.10 m","kind":"row_gap","tile":"siret3_r032_c021","source_target_id":"T-GAP-0160","priority":2,"route_role":"must","skip_reason":null},"geometry":{"type":"Point","coordinates":[28.7149568,47.1167574]}},{"type":"Feature","id":356,"properties":{"target_id":"T356","type":"missing","vineyard_id":"V24","row_id":"V24-R005","waste_id":null,"route_order":356,"reachable":true,"gap_length_m":2.025,"note":"missing_plant; missing plant 2.02 m; truncated","kind":"missing_plant","tile":"siret3_r030_c019","source_target_id":"T-MSP-0706","priority":3,"route_role":"optional","skip_reason":null},"geometry":{"type":"Point","coordinates":[28.7139347,47.1174765]}},{"type":"Feature","id":357,"properties":{"target_id":"T357","type":"missing","vineyard_id":"V24","row_id":"V24-R006","waste_id":null,"route_order":357,"reachable":true,"gap_length_m":2.025,"note":"missing_plant; missing plant 2.02 m; truncated","kind":"missing_plant","tile":"siret3_r030_c019","source_target_id":"T-MSP-0708","priority":3,"route_role":"optional","skip_reason":null},"geometry":{"type":"Point","coordinates":[28.7139158,47.1174265]}},{"type":"Feature","id":358,"properties":{"target_id":"T358","type":"missing","vineyard_id":"V24","row_id":"V24-R006","waste_id":null,"route_order":358,"reachable":true,"gap_length_m":3.675,"note":"missing_plant; missing plant 3.68 m","kind":"missing_plant","tile":"siret3_r031_c019","source_target_id":"T-MSP-0707","priority":3,"route_role":"optional","skip_reason":null},"geometry":{"type":"Point","coordinates":[28.7137978,47.1173356]}},{"type":"Feature","id":359,"properties":{"target_id":"T359","type":"gap","vineyard_id":"V24","row_id":"V24-R006","waste_id":null,"route_order":359,"reachable":true,"gap_length_m":5.8,"note":"row_gap; gap 5.80 m","kind":"row_gap","tile":"siret3_r031_c019","source_target_id":"T-GAP-0157","priority":2,"route_role":"must","skip_reason":null},"geometry":{"type":"Point","coordinates":[28.713862,47.117385]}},{"type":"Feature","id":360,"properties":{"target_id":"T360","type":"missing","vineyard_id":"V24","row_id":"V24-R005","waste_id":null,"route_order":360,"reachable":true,"gap_length_m":2.8,"note":"missing_plant; missing plant 2.80 m","kind":"missing_plant","tile":"siret3_r030_c019","source_target_id":"T-MSP-0705","priority":3,"route_role":"optional","skip_reason":null},"geometry":{"type":"Point","coordinates":[28.7138912,47.1174437]}},{"type":"Feature","id":361,"properties":{"target_id":"T361","type":"missing","vineyard_id":"V20","row_id":"V20-R005","waste_id":null,"route_order":361,"reachable":true,"gap_length_m":2.975,"note":"missing_plant; missing plant 2.98 m","kind":"missing_plant","tile":"siret3_r029_c019","source_target_id":"T-MSP-0681","priority":3,"route_role":"optional","skip_reason":null},"geometry":{"type":"Point","coordinates":[28.713469,47.1179239]}},{"type":"Feature","id":362,"properties":{"target_id":"T362","type":"gap","vineyard_id":"V20","row_id":"V20-R004","waste_id":null,"route_order":362,"reachable":true,"gap_length_m":6.825,"note":"row_gap; gap 6.83 m","kind":"row_gap","tile":"siret3_r029_c019","source_target_id":"T-GAP-0155","priority":2,"route_role":"must","skip_reason":null},"geometry":{"type":"Point","coordinates":[28.7134024,47.1179191]}},{"type":"Feature","id":363,"properties":{"target_id":"T363","type":"missing","vineyard_id":"V20","row_id":"V20-R004","waste_id":null,"route_order":363,"reachable":true,"gap_length_m":2.3,"note":"missing_plant; missing plant 2.30 m","kind":"missing_plant","tile":"siret3_r030_c018","source_target_id":"T-MSP-0679","priority":3,"route_role":"optional","skip_reason":null},"geometry":{"type":"Point","coordinates":[28.7130915,47.1177267]}},{"type":"Feature","id":364,"properties":{"target_id":"T364","type":"missing","vineyard_id":"V20","row_id":"V20-R004","waste_id":null,"route_order":364,"reachable":true,"gap_length_m":2.025,"note":"missing_plant; missing plant 2.02 m; truncated","kind":"missing_plant","tile":"siret3_r030_c018","source_target_id":"T-MSP-0678","priority":3,"route_role":"optional","skip_reason":null},"geometry":{"type":"Point","coordinates":[28.7130623,47.1177086]}},{"type":"Feature","id":365,"properties":{"target_id":"T365","type":"gap","vineyard_id":"V20","row_id":"V20-R005","waste_id":null,"route_order":365,"reachable":true,"gap_length_m":6.625,"note":"row_gap; gap 6.62 m","kind":"row_gap","tile":"siret3_r030_c018","source_target_id":"T-GAP-0156","priority":2,"route_role":"must","skip_reason":null},"geometry":{"type":"Point","coordinates":[28.7130828,47.117687]}},{"type":"Feature","id":366,"properties":{"target_id":"T366","type":"missing","vineyard_id":"V20","row_id":"V20-R004","waste_id":null,"route_order":366,"reachable":true,"gap_length_m":3.125,"note":"missing_plant; missing plant 3.12 m","kind":"missing_plant","tile":"siret3_r030_c018","source_target_id":"T-MSP-0677","priority":3,"route_role":"optional","skip_reason":null},"geometry":{"type":"Point","coordinates":[28.7130274,47.117687]}},{"type":"Feature","id":367,"properties":{"target_id":"T367","type":"missing","vineyard_id":"V20","row_id":"V20-R004","waste_id":null,"route_order":367,"reachable":true,"gap_length_m":2.65,"note":"missing_plant; missing plant 2.65 m","kind":"missing_plant","tile":"siret3_r030_c018","source_target_id":"T-MSP-0676","priority":3,"route_role":"optional","skip_reason":null},"geometry":{"type":"Point","coordinates":[28.7129172,47.1176188]}},{"type":"Feature","id":368,"properties":{"target_id":"T368","type":"missing","vineyard_id":"V20","row_id":"V20-R005","waste_id":null,"route_order":368,"reachable":true,"gap_length_m":2.9,"note":"missing_plant; missing plant 2.90 m","kind":"missing_plant","tile":"siret3_r030_c018","source_target_id":"T-MSP-0680","priority":3,"route_role":"optional","skip_reason":null},"geometry":{"type":"Point","coordinates":[28.7128636,47.1175525]}},{"type":"Feature","id":369,"properties":{"target_id":"T369","type":"gap","vineyard_id":"V41","row_id":"V41-R009","waste_id":null,"route_order":369,"reachable":true,"gap_length_m":72.814,"note":"row_end_short; row shorter than both neighbours by 72.81 m","kind":"row_end_short","tile":"siret3_r036_c024","source_target_id":"T-END-0044","priority":2,"route_role":"optional","skip_reason":null},"geometry":{"type":"Point","coordinates":[28.7169527,47.1150002]}},{"type":"Feature","id":370,"properties":{"target_id":"T370","type":"gap","vineyard_id":"V41","row_id":"V41-R040","waste_id":null,"route_order":370,"reachable":true,"gap_length_m":5.975,"note":"row_gap; gap 5.98 m","kind":"row_gap","tile":"siret3_r035_c025","source_target_id":"T-GAP-0209","priority":2,"route_role":"must","skip_reason":null},"geometry":{"type":"Point","coordinates":[28.7175634,47.1150666]}},{"type":"Feature","id":371,"properties":{"target_id":"T371","type":"missing","vineyard_id":"V41","row_id":"V41-R040","waste_id":null,"route_order":371,"reachable":true,"gap_length_m":2.475,"note":"missing_plant; missing plant 2.48 m","kind":"missing_plant","tile":"siret3_r035_c025","source_target_id":"T-MSP-0841","priority":3,"route_role":"optional","skip_reason":null},"geometry":{"type":"Point","coordinates":[28.7176017,47.1151034]}},{"type":"Feature","id":372,"properties":{"target_id":"T372","type":"gap","vineyard_id":"V41","row_id":"V41-R038","waste_id":null,"route_order":372,"reachable":true,"gap_length_m":5.575,"note":"row_end_short; row end (head) without vines 5.58 m","kind":"row_end_short","tile":"siret3_r036_c025","source_target_id":"T-END-0049","priority":2,"route_role":"optional","skip_reason":null},"geometry":{"type":"Point","coordinates":[28.7172474,47.1147725]}},{"type":"Feature","id":373,"properties":{"target_id":"T373","type":"missing","vineyard_id":"V41","row_id":"V41-R036","waste_id":null,"route_order":373,"reachable":true,"gap_length_m":4.125,"note":"missing_plant; missing plant 4.12 m","kind":"missing_plant","tile":"siret3_r036_c024","source_target_id":"T-MSP-0838","priority":3,"route_role":"optional","skip_reason":null},"geometry":{"type":"Point","coordinates":[28.7171849,47.1147565]}},{"type":"Feature","id":374,"properties":{"target_id":"T374","type":"missing","vineyard_id":"V41","row_id":"V41-R033","waste_id":null,"route_order":374,"reachable":true,"gap_length_m":4.6,"note":"missing_plant; missing plant 4.60 m","kind":"missing_plant","tile":"siret3_r036_c024","source_target_id":"T-MSP-0831","priority":3,"route_role":"optional","skip_reason":null},"geometry":{"type":"Point","coordinates":[28.7171545,47.1147692]}},{"type":"Feature","id":375,"properties":{"target_id":"T375","type":"missing","vineyard_id":"V41","row_id":"V41-R030","waste_id":null,"route_order":375,"reachable":true,"gap_length_m":4.2,"note":"missing_plant; missing plant 4.20 m","kind":"missing_plant","tile":"siret3_r036_c024","source_target_id":"T-MSP-0828","priority":3,"route_role":"optional","skip_reason":null},"geometry":{"type":"Point","coordinates":[28.7170494,47.1147063]}},{"type":"Feature","id":376,"properties":{"target_id":"T376","type":"gap","vineyard_id":"V41","row_id":"V41-R030","waste_id":null,"route_order":376,"reachable":true,"gap_length_m":6.45,"note":"row_gap; gap 6.45 m","kind":"row_gap","tile":"siret3_r036_c024","source_target_id":"T-GAP-0204","priority":2,"route_role":"must","skip_reason":null},"geometry":{"type":"Point","coordinates":[28.7169983,47.1146544]}},{"type":"Feature","id":377,"properties":{"target_id":"T377","type":"missing","vineyard_id":"V41","row_id":"V41-R033","waste_id":null,"route_order":377,"reachable":true,"gap_length_m":2.45,"note":"missing_plant; missing plant 2.45 m","kind":"missing_plant","tile":"siret3_r036_c024","source_target_id":"T-MSP-0829","priority":3,"route_role":"optional","skip_reason":null},"geometry":{"type":"Point","coordinates":[28.7170207,47.1146327]}},{"type":"Feature","id":378,"properties":{"target_id":"T378","type":"missing","vineyard_id":"V41","row_id":"V41-R030","waste_id":null,"route_order":378,"reachable":true,"gap_length_m":2.325,"note":"missing_plant; missing plant 2.33 m","kind":"missing_plant","tile":"siret3_r037_c024","source_target_id":"T-MSP-0827","priority":3,"route_role":"optional","skip_reason":null},"geometry":{"type":"Point","coordinates":[28.7168414,47.1144954]}},{"type":"Feature","id":379,"properties":{"target_id":"T379","type":"missing","vineyard_id":"V41","row_id":"V41-R025","waste_id":null,"route_order":379,"reachable":true,"gap_length_m":3.075,"note":"missing_plant; missing plant 3.08 m","kind":"missing_plant","tile":"siret3_r037_c024","source_target_id":"T-MSP-0824","priority":3,"route_role":"optional","skip_reason":null},"geometry":{"type":"Point","coordinates":[28.7165968,47.1143297]}},{"type":"Feature","id":380,"properties":{"target_id":"T380","type":"gap","vineyard_id":"V41","row_id":"V41-R025","waste_id":null,"route_order":380,"reachable":true,"gap_length_m":5.3,"note":"row_gap; gap 5.30 m","kind":"row_gap","tile":"siret3_r037_c024","source_target_id":"T-GAP-0196","priority":2,"route_role":"must","skip_reason":null},"geometry":{"type":"Point","coordinates":[28.7166768,47.1144107]}},{"type":"Feature","id":381,"properties":{"target_id":"T381","type":"gap","vineyard_id":"V41","row_id":"V41-R023","waste_id":null,"route_order":381,"reachable":true,"gap_length_m":10.575,"note":"row_gap; gap 10.58 m","kind":"row_gap","tile":"siret3_r037_c024","source_target_id":"T-GAP-0194","priority":1,"route_role":"must","skip_reason":null},"geometry":{"type":"Point","coordinates":[28.7166638,47.1144387]}},{"type":"Feature","id":382,"properties":{"target_id":"T382","type":"gap","vineyard_id":"V41","row_id":"V41-R025","waste_id":null,"route_order":382,"reachable":true,"gap_length_m":5,"note":"row_gap; gap 5.00 m","kind":"row_gap","tile":"siret3_r037_c024","source_target_id":"T-GAP-0197","priority":2,"route_role":"must","skip_reason":null},"geometry":{"type":"Point","coordinates":[28.7167278,47.1144624]}},{"type":"Feature","id":383,"properties":{"target_id":"T383","type":"missing","vineyard_id":"V41","row_id":"V41-R023","waste_id":null,"route_order":383,"reachable":true,"gap_length_m":2.55,"note":"missing_plant; missing plant 2.55 m","kind":"missing_plant","tile":"siret3_r037_c024","source_target_id":"T-MSP-0821","priority":3,"route_role":"optional","skip_reason":null},"geometry":{"type":"Point","coordinates":[28.7167286,47.1145039]}},{"type":"Feature","id":384,"properties":{"target_id":"T384","type":"gap","vineyard_id":"V41","row_id":"V41-R023","waste_id":null,"route_order":384,"reachable":true,"gap_length_m":6.45,"note":"row_gap; gap 6.45 m","kind":"row_gap","tile":"siret3_r037_c024","source_target_id":"T-GAP-0195","priority":2,"route_role":"must","skip_reason":null},"geometry":{"type":"Point","coordinates":[28.7167708,47.1145464]}},{"type":"Feature","id":385,"properties":{"target_id":"T385","type":"gap","vineyard_id":"V41","row_id":"V41-R021","waste_id":null,"route_order":385,"reachable":true,"gap_length_m":5.975,"note":"row_gap; gap 5.97 m","kind":"row_gap","tile":"siret3_r037_c024","source_target_id":"T-GAP-0193","priority":2,"route_role":"must","skip_reason":null},"geometry":{"type":"Point","coordinates":[28.7167099,47.1145246]}},{"type":"Feature","id":386,"properties":{"target_id":"T386","type":"gap","vineyard_id":"V41","row_id":"V41-R021","waste_id":null,"route_order":386,"reachable":true,"gap_length_m":6.275,"note":"row_gap; gap 6.28 m","kind":"row_gap","tile":"siret3_r037_c024","source_target_id":"T-GAP-0192","priority":2,"route_role":"must","skip_reason":null},"geometry":{"type":"Point","coordinates":[28.7166232,47.1144365]}},{"type":"Feature","id":387,"properties":{"target_id":"T387","type":"gap","vineyard_id":"V41","row_id":"V41-R019","waste_id":null,"route_order":387,"reachable":true,"gap_length_m":20.075,"note":"row_gap; gap 20.08 m","kind":"row_gap","tile":"siret3_r037_c024","source_target_id":"T-GAP-0190","priority":1,"route_role":"must","skip_reason":null},"geometry":{"type":"Point","coordinates":[28.7166355,47.114492]}},{"type":"Feature","id":388,"properties":{"target_id":"T388","type":"gap","vineyard_id":"V41","row_id":"V41-R019","waste_id":null,"route_order":388,"reachable":true,"gap_length_m":20.075,"note":"row_gap; gap 20.08 m","kind":"row_gap","tile":"siret3_r037_c024","source_target_id":"T-GAP-0191","priority":1,"route_role":"must","skip_reason":null},"geometry":{"type":"Point","coordinates":[28.7167095,47.1145669]}},{"type":"Feature","id":389,"properties":{"target_id":"T389","type":"gap","vineyard_id":"V41","row_id":"V41-R017","waste_id":null,"route_order":389,"reachable":true,"gap_length_m":9.8,"note":"row_gap; gap 9.80 m","kind":"row_gap","tile":"siret3_r037_c024","source_target_id":"T-GAP-0188","priority":2,"route_role":"must","skip_reason":null},"geometry":{"type":"Point","coordinates":[28.7166589,47.114558]}},{"type":"Feature","id":390,"properties":{"target_id":"T390","type":"gap","vineyard_id":"V41","row_id":"V41-R017","waste_id":null,"route_order":390,"reachable":true,"gap_length_m":5.05,"note":"row_gap; gap 5.05 m","kind":"row_gap","tile":"siret3_r036_c024","source_target_id":"T-GAP-0189","priority":2,"route_role":"must","skip_reason":null},"geometry":{"type":"Point","coordinates":[28.7169338,47.1148359]}},{"type":"Feature","id":391,"properties":{"target_id":"T391","type":"missing","vineyard_id":"V41","row_id":"V41-R017","waste_id":null,"route_order":391,"reachable":true,"gap_length_m":2.4,"note":"missing_plant; missing plant 2.40 m","kind":"missing_plant","tile":"siret3_r036_c024","source_target_id":"T-MSP-0818","priority":3,"route_role":"optional","skip_reason":null},"geometry":{"type":"Point","coordinates":[28.7167391,47.1146391]}},{"type":"Feature","id":392,"properties":{"target_id":"T392","type":"missing","vineyard_id":"V41","row_id":"V41-R025","waste_id":null,"route_order":392,"reachable":true,"gap_length_m":3,"note":"missing_plant; missing plant 3.00 m","kind":"missing_plant","tile":"siret3_r037_c024","source_target_id":"T-MSP-0826","priority":3,"route_role":"optional","skip_reason":null},"geometry":{"type":"Point","coordinates":[28.7167976,47.1145331]}},{"type":"Feature","id":393,"properties":{"target_id":"T393","type":"gap","vineyard_id":"V41","row_id":"V41-R027","waste_id":null,"route_order":393,"reachable":true,"gap_length_m":36.325,"note":"row_gap; gap 36.33 m","kind":"row_gap","tile":"siret3_r037_c024","source_target_id":"T-GAP-0200","priority":1,"route_role":"must","skip_reason":null},"geometry":{"type":"Point","coordinates":[28.7167869,47.114482]}},{"type":"Feature","id":394,"properties":{"target_id":"T394","type":"gap","vineyard_id":"V41","row_id":"V41-R027","waste_id":null,"route_order":394,"reachable":true,"gap_length_m":36.325,"note":"row_gap; gap 36.33 m","kind":"row_gap","tile":"siret3_r037_c024","source_target_id":"T-GAP-0199","priority":1,"route_role":"must","skip_reason":null},"geometry":{"type":"Point","coordinates":[28.7166975,47.1143918]}},{"type":"Feature","id":395,"properties":{"target_id":"T395","type":"missing","vineyard_id":"V41","row_id":"V41-R025","waste_id":null,"route_order":395,"reachable":true,"gap_length_m":2,"note":"missing_plant; missing plant 2.00 m; truncated","kind":"missing_plant","tile":"siret3_r037_c024","source_target_id":"T-MSP-0825","priority":3,"route_role":"optional","skip_reason":null},"geometry":{"type":"Point","coordinates":[28.7166383,47.1143717]}},{"type":"Feature","id":396,"properties":{"target_id":"T396","type":"gap","vineyard_id":"V41","row_id":"V41-R027","waste_id":null,"route_order":396,"reachable":true,"gap_length_m":36.325,"note":"row_gap; gap 36.33 m","kind":"row_gap","tile":"siret3_r037_c024","source_target_id":"T-GAP-0198","priority":1,"route_role":"must","skip_reason":null},"geometry":{"type":"Point","coordinates":[28.7166081,47.1143016]}},{"type":"Feature","id":397,"properties":{"target_id":"T397","type":"gap","vineyard_id":"V41","row_id":"V41-R030","waste_id":null,"route_order":397,"reachable":true,"gap_length_m":7.375,"note":"row_gap; gap 7.38 m","kind":"row_gap","tile":"siret3_r037_c024","source_target_id":"T-GAP-0201","priority":2,"route_role":"must","skip_reason":null},"geometry":{"type":"Point","coordinates":[28.7165897,47.1142401]}},{"type":"Feature","id":398,"properties":{"target_id":"T398","type":"gap","vineyard_id":"V41","row_id":"V41-R030","waste_id":null,"route_order":398,"reachable":true,"gap_length_m":8.575,"note":"row_gap; gap 8.58 m","kind":"row_gap","tile":"siret3_r037_c024","source_target_id":"T-GAP-0202","priority":2,"route_role":"must","skip_reason":null},"geometry":{"type":"Point","coordinates":[28.7166613,47.1143127]}},{"type":"Feature","id":399,"properties":{"target_id":"T399","type":"gap","vineyard_id":"V41","row_id":"V41-R030","waste_id":null,"route_order":399,"reachable":true,"gap_length_m":13.775,"note":"row_gap; gap 13.77 m","kind":"row_gap","tile":"siret3_r037_c024","source_target_id":"T-GAP-0203","priority":1,"route_role":"must","skip_reason":null},"geometry":{"type":"Point","coordinates":[28.7167557,47.1144084]}},{"type":"Feature","id":400,"properties":{"target_id":"T400","type":"missing","vineyard_id":"V41","row_id":"V41-R036","waste_id":null,"route_order":400,"reachable":true,"gap_length_m":3.35,"note":"missing_plant; missing plant 3.35 m","kind":"missing_plant","tile":"siret3_r037_c024","source_target_id":"T-MSP-0835","priority":3,"route_role":"optional","skip_reason":null},"geometry":{"type":"Point","coordinates":[28.7169076,47.1144736]}},{"type":"Feature","id":401,"properties":{"target_id":"T401","type":"missing","vineyard_id":"V41","row_id":"V41-R036","waste_id":null,"route_order":401,"reachable":true,"gap_length_m":4.75,"note":"missing_plant; missing plant 4.75 m","kind":"missing_plant","tile":"siret3_r037_c024","source_target_id":"T-MSP-0834","priority":3,"route_role":"optional","skip_reason":null},"geometry":{"type":"Point","coordinates":[28.7168396,47.1144043]}},{"type":"Feature","id":402,"properties":{"target_id":"T402","type":"missing","vineyard_id":"V41","row_id":"V41-R036","waste_id":null,"route_order":402,"reachable":true,"gap_length_m":4.05,"note":"missing_plant; missing plant 4.05 m","kind":"missing_plant","tile":"siret3_r037_c024","source_target_id":"T-MSP-0833","priority":3,"route_role":"optional","skip_reason":null},"geometry":{"type":"Point","coordinates":[28.7167939,47.1143577]}},{"type":"Feature","id":403,"properties":{"target_id":"T403","type":"gap","vineyard_id":"V41","row_id":"V41-R039","waste_id":null,"route_order":403,"reachable":true,"gap_length_m":6.775,"note":"row_gap; gap 6.78 m","kind":"row_gap","tile":"siret3_r037_c024","source_target_id":"T-GAP-0206","priority":2,"route_role":"must","skip_reason":null},"geometry":{"type":"Point","coordinates":[28.7166734,47.1141927]}},{"type":"Feature","id":404,"properties":{"target_id":"T404","type":"missing","vineyard_id":"V41","row_id":"V41-R036","waste_id":null,"route_order":404,"reachable":true,"gap_length_m":4.075,"note":"missing_plant; missing plant 4.08 m","kind":"missing_plant","tile":"siret3_r037_c024","source_target_id":"T-MSP-0832","priority":3,"route_role":"optional","skip_reason":null},"geometry":{"type":"Point","coordinates":[28.7166362,47.1141969]}},{"type":"Feature","id":405,"properties":{"target_id":"T405","type":"gap","vineyard_id":"V41","row_id":"V41-R039","waste_id":null,"route_order":405,"reachable":true,"gap_length_m":10.1,"note":"row_gap; gap 10.10 m","kind":"row_gap","tile":"siret3_r037_c024","source_target_id":"T-GAP-0207","priority":1,"route_role":"must","skip_reason":null},"geometry":{"type":"Point","coordinates":[28.716749,47.1142698]}},{"type":"Feature","id":406,"properties":{"target_id":"T406","type":"missing","vineyard_id":"V41","row_id":"V41-R039","waste_id":null,"route_order":406,"reachable":true,"gap_length_m":2.625,"note":"missing_plant; missing plant 2.62 m","kind":"missing_plant","tile":"siret3_r037_c024","source_target_id":"T-MSP-0839","priority":3,"route_role":"optional","skip_reason":null},"geometry":{"type":"Point","coordinates":[28.7168019,47.1143237]}},{"type":"Feature","id":407,"properties":{"target_id":"T407","type":"missing","vineyard_id":"V41","row_id":"V41-R039","waste_id":null,"route_order":407,"reachable":true,"gap_length_m":2.975,"note":"missing_plant; missing plant 2.98 m","kind":"missing_plant","tile":"siret3_r037_c024","source_target_id":"T-MSP-0840","priority":3,"route_role":"optional","skip_reason":null},"geometry":{"type":"Point","coordinates":[28.7168355,47.1143579]}},{"type":"Feature","id":408,"properties":{"target_id":"T408","type":"gap","vineyard_id":"V41","row_id":"V41-R039","waste_id":null,"route_order":408,"reachable":true,"gap_length_m":6.625,"note":"row_gap; gap 6.62 m","kind":"row_gap","tile":"siret3_r037_c024","source_target_id":"T-GAP-0208","priority":2,"route_role":"must","skip_reason":null},"geometry":{"type":"Point","coordinates":[28.7169472,47.1144717]}},{"type":"Feature","id":409,"properties":{"target_id":"T409","type":"gap","vineyard_id":"V41","row_id":"V41-R036","waste_id":null,"route_order":409,"reachable":true,"gap_length_m":11.75,"note":"row_gap; gap 11.75 m","kind":"row_gap","tile":"siret3_r037_c024","source_target_id":"T-GAP-0205","priority":1,"route_role":"must","skip_reason":null},"geometry":{"type":"Point","coordinates":[28.7170025,47.1145704]}},{"type":"Feature","id":410,"properties":{"target_id":"T410","type":"missing","vineyard_id":"V41","row_id":"V41-R036","waste_id":null,"route_order":410,"reachable":true,"gap_length_m":2.475,"note":"missing_plant; missing plant 2.48 m","kind":"missing_plant","tile":"siret3_r036_c024","source_target_id":"T-MSP-0836","priority":3,"route_role":"optional","skip_reason":null},"geometry":{"type":"Point","coordinates":[28.7170938,47.1146636]}},{"type":"Feature","id":411,"properties":{"target_id":"T411","type":"missing","vineyard_id":"V41","row_id":"V41-R033","waste_id":null,"route_order":411,"reachable":true,"gap_length_m":3.75,"note":"missing_plant; missing plant 3.75 m","kind":"missing_plant","tile":"siret3_r036_c024","source_target_id":"T-MSP-0830","priority":3,"route_role":"optional","skip_reason":null},"geometry":{"type":"Point","coordinates":[28.7171083,47.1147221]}},{"type":"Feature","id":412,"properties":{"target_id":"T412","type":"missing","vineyard_id":"V41","row_id":"V41-R036","waste_id":null,"route_order":412,"reachable":true,"gap_length_m":2.025,"note":"missing_plant; missing plant 2.03 m; truncated","kind":"missing_plant","tile":"siret3_r036_c024","source_target_id":"T-MSP-0837","priority":3,"route_role":"optional","skip_reason":null},"geometry":{"type":"Point","coordinates":[28.7171396,47.1147103]}},{"type":"Feature","id":413,"properties":{"target_id":"T413","type":"missing","vineyard_id":"V41","row_id":"V41-R020","waste_id":null,"route_order":413,"reachable":true,"gap_length_m":3.225,"note":"missing_plant; missing plant 3.23 m","kind":"missing_plant","tile":"siret3_r035_c025","source_target_id":"T-MSP-0819","priority":3,"route_role":"optional","skip_reason":null},"geometry":{"type":"Point","coordinates":[28.7176024,47.1154066]}},{"type":"Feature","id":414,"properties":{"target_id":"T414","type":"missing","vineyard_id":"V41","row_id":"V41-R016","waste_id":null,"route_order":414,"reachable":true,"gap_length_m":2.15,"note":"missing_plant; missing plant 2.15 m","kind":"missing_plant","tile":"siret3_r035_c025","source_target_id":"T-MSP-0817","priority":3,"route_role":"optional","skip_reason":null},"geometry":{"type":"Point","coordinates":[28.7175872,47.1154702]}},{"type":"Feature","id":415,"properties":{"target_id":"T415","type":"gap","vineyard_id":"V41","row_id":"V41-R010","waste_id":null,"route_order":415,"reachable":true,"gap_length_m":10.425,"note":"row_gap; gap 10.43 m","kind":"row_gap","tile":"siret3_r035_c025","source_target_id":"T-GAP-0187","priority":1,"route_role":"must","skip_reason":null},"geometry":{"type":"Point","coordinates":[28.7174336,47.1154516]}},{"type":"Feature","id":416,"properties":{"target_id":"T416","type":"missing","vineyard_id":"V41","row_id":"V41-R012","waste_id":null,"route_order":416,"reachable":true,"gap_length_m":4.125,"note":"missing_plant; missing plant 4.12 m","kind":"missing_plant","tile":"siret3_r035_c025","source_target_id":"T-MSP-0812","priority":3,"route_role":"optional","skip_reason":null},"geometry":{"type":"Point","coordinates":[28.7174492,47.1154327]}},{"type":"Feature","id":417,"properties":{"target_id":"T417","type":"missing","vineyard_id":"V41","row_id":"V41-R015","waste_id":null,"route_order":417,"reachable":true,"gap_length_m":3.4,"note":"missing_plant; missing plant 3.40 m","kind":"missing_plant","tile":"siret3_r035_c025","source_target_id":"T-MSP-0816","priority":3,"route_role":"optional","skip_reason":null},"geometry":{"type":"Point","coordinates":[28.7174957,47.1154196]}},{"type":"Feature","id":418,"properties":{"target_id":"T418","type":"missing","vineyard_id":"V41","row_id":"V41-R015","waste_id":null,"route_order":418,"reachable":true,"gap_length_m":2.525,"note":"missing_plant; missing plant 2.52 m","kind":"missing_plant","tile":"siret3_r035_c025","source_target_id":"T-MSP-0815","priority":3,"route_role":"optional","skip_reason":null},"geometry":{"type":"Point","coordinates":[28.7174509,47.1153788]}},{"type":"Feature","id":419,"properties":{"target_id":"T419","type":"missing","vineyard_id":"V16","row_id":"V16-R032","waste_id":null,"route_order":419,"reachable":true,"gap_length_m":3.1,"note":"missing_plant; missing plant 3.10 m","kind":"missing_plant","tile":"siret3_r028_c019","source_target_id":"T-MSP-0654","priority":3,"route_role":"optional","skip_reason":null},"geometry":{"type":"Point","coordinates":[28.7136763,47.1183911]}},{"type":"Feature","id":420,"properties":{"target_id":"T420","type":"missing","vineyard_id":"V16","row_id":"V16-R026","waste_id":null,"route_order":420,"reachable":true,"gap_length_m":2.725,"note":"missing_plant; missing plant 2.73 m","kind":"missing_plant","tile":"siret3_r028_c019","source_target_id":"T-MSP-0648","priority":3,"route_role":"optional","skip_reason":null},"geometry":{"type":"Point","coordinates":[28.7137089,47.1184424]}},{"type":"Feature","id":421,"properties":{"target_id":"T421","type":"gap","vineyard_id":"V16","row_id":"V16-R032","waste_id":null,"route_order":421,"reachable":true,"gap_length_m":15.175,"note":"row_gap; gap 15.17 m","kind":"row_gap","tile":"siret3_r028_c019","source_target_id":"T-GAP-0140","priority":1,"route_role":"must","skip_reason":null},"geometry":{"type":"Point","coordinates":[28.7135478,47.1185068]}},{"type":"Feature","id":422,"properties":{"target_id":"T422","type":"missing","vineyard_id":"V16","row_id":"V16-R034","waste_id":null,"route_order":422,"reachable":true,"gap_length_m":2.35,"note":"missing_plant; missing plant 2.35 m","kind":"missing_plant","tile":"siret3_r027_c018","source_target_id":"T-MSP-0657","priority":3,"route_role":"optional","skip_reason":null},"geometry":{"type":"Point","coordinates":[28.7130046,47.118965]}},{"type":"Feature","id":423,"properties":{"target_id":"T423","type":"gap","vineyard_id":"V16","row_id":"V16-R039","waste_id":null,"route_order":423,"reachable":true,"gap_length_m":20.625,"note":"row_gap; gap 20.63 m","kind":"row_gap","tile":"siret3_r026_c017","source_target_id":"T-GAP-0148","priority":1,"route_role":"must","skip_reason":null},"geometry":{"type":"Point","coordinates":[28.7124785,47.1193729]}},{"type":"Feature","id":424,"properties":{"target_id":"T424","type":"gap","vineyard_id":"V16","row_id":"V16-R039","waste_id":null,"route_order":424,"reachable":true,"gap_length_m":20.625,"note":"row_gap; gap 20.63 m","kind":"row_gap","tile":"siret3_r026_c017","source_target_id":"T-GAP-0149","priority":1,"route_role":"must","skip_reason":null},"geometry":{"type":"Point","coordinates":[28.712396,47.1194466]}},{"type":"Feature","id":425,"properties":{"target_id":"T425","type":"gap","vineyard_id":"V16","row_id":"V16-R040","waste_id":null,"route_order":425,"reachable":true,"gap_length_m":5.875,"note":"row_gap; gap 5.88 m","kind":"row_gap","tile":"siret3_r026_c017","source_target_id":"T-GAP-0150","priority":2,"route_role":"must","skip_reason":null},"geometry":{"type":"Point","coordinates":[28.7123289,47.1194725]}},{"type":"Feature","id":426,"properties":{"target_id":"T426","type":"missing","vineyard_id":"V16","row_id":"V16-R039","waste_id":null,"route_order":426,"reachable":true,"gap_length_m":3.45,"note":"missing_plant; missing plant 3.45 m","kind":"missing_plant","tile":"siret3_r026_c017","source_target_id":"T-MSP-0661","priority":3,"route_role":"optional","skip_reason":null},"geometry":{"type":"Point","coordinates":[28.7123339,47.1195021]}},{"type":"Feature","id":427,"properties":{"target_id":"T427","type":"missing","vineyard_id":"V16","row_id":"V16-R040","waste_id":null,"route_order":427,"reachable":true,"gap_length_m":3.55,"note":"missing_plant; missing plant 3.55 m","kind":"missing_plant","tile":"siret3_r026_c017","source_target_id":"T-MSP-0664","priority":3,"route_role":"optional","skip_reason":null},"geometry":{"type":"Point","coordinates":[28.7124905,47.1193282]}},{"type":"Feature","id":428,"properties":{"target_id":"T428","type":"missing","vineyard_id":"V16","row_id":"V16-R040","waste_id":null,"route_order":428,"reachable":true,"gap_length_m":3.05,"note":"missing_plant; missing plant 3.05 m","kind":"missing_plant","tile":"siret3_r026_c017","source_target_id":"T-MSP-0663","priority":3,"route_role":"optional","skip_reason":null},"geometry":{"type":"Point","coordinates":[28.7125583,47.1192676]}},{"type":"Feature","id":429,"properties":{"target_id":"T429","type":"missing","vineyard_id":"V16","row_id":"V16-R043","waste_id":null,"route_order":429,"reachable":true,"gap_length_m":2.35,"note":"missing_plant; missing plant 2.35 m","kind":"missing_plant","tile":"siret3_r027_c018","source_target_id":"T-MSP-0670","priority":3,"route_role":"optional","skip_reason":null},"geometry":{"type":"Point","coordinates":[28.7128107,47.1189992]}},{"type":"Feature","id":430,"properties":{"target_id":"T430","type":"gap","vineyard_id":"V16","row_id":"V16-R043","waste_id":null,"route_order":430,"reachable":true,"gap_length_m":19.3,"note":"row_gap; gap 19.30 m","kind":"row_gap","tile":"siret3_r027_c018","source_target_id":"T-GAP-0152","priority":1,"route_role":"must","skip_reason":null},"geometry":{"type":"Point","coordinates":[28.7129159,47.1188999]}},{"type":"Feature","id":431,"properties":{"target_id":"T431","type":"missing","vineyard_id":"V16","row_id":"V16-R040","waste_id":null,"route_order":431,"reachable":true,"gap_length_m":3.325,"note":"missing_plant; missing plant 3.32 m","kind":"missing_plant","tile":"siret3_r027_c018","source_target_id":"T-MSP-0662","priority":3,"route_role":"optional","skip_reason":null},"geometry":{"type":"Point","coordinates":[28.7128249,47.1190295]}},{"type":"Feature","id":432,"properties":{"target_id":"T432","type":"gap","vineyard_id":"V16","row_id":"V16-R043","waste_id":null,"route_order":432,"reachable":true,"gap_length_m":7.825,"note":"row_gap; gap 7.83 m","kind":"row_gap","tile":"siret3_r027_c018","source_target_id":"T-GAP-0153","priority":2,"route_role":"must","skip_reason":null},"geometry":{"type":"Point","coordinates":[28.7126663,47.1191354]}},{"type":"Feature","id":433,"properties":{"target_id":"T433","type":"gap","vineyard_id":"V16","row_id":"V16-R023","waste_id":null,"route_order":433,"reachable":true,"gap_length_m":8.025,"note":"row_gap; gap 8.03 m","kind":"row_gap","tile":"siret3_r025_c016","source_target_id":"T-GAP-0138","priority":2,"route_role":"must","skip_reason":null},"geometry":{"type":"Point","coordinates":[28.711942,47.1201452]}},{"type":"Feature","id":434,"properties":{"target_id":"T434","type":"gap","vineyard_id":"V16","row_id":"V16-R030","waste_id":null,"route_order":434,"reachable":true,"gap_length_m":9.7,"note":"row_gap; gap 9.70 m","kind":"row_gap","tile":"siret3_r024_c016","source_target_id":"T-GAP-0139","priority":2,"route_role":"must","skip_reason":null},"geometry":{"type":"Point","coordinates":[28.7116822,47.1202581]}},{"type":"Feature","id":435,"properties":{"target_id":"T435","type":"missing","vineyard_id":"V16","row_id":"V16-R008","waste_id":null,"route_order":435,"reachable":true,"gap_length_m":2.175,"note":"missing_plant; missing plant 2.17 m","kind":"missing_plant","tile":"siret3_r023_c016","source_target_id":"T-MSP-0628","priority":3,"route_role":"optional","skip_reason":null},"geometry":{"type":"Point","coordinates":[28.7113803,47.1209452]}},{"type":"Feature","id":436,"properties":{"target_id":"T436","type":"missing","vineyard_id":"V16","row_id":"V16-R007","waste_id":null,"route_order":436,"reachable":true,"gap_length_m":2.525,"note":"missing_plant; missing plant 2.53 m","kind":"missing_plant","tile":"siret3_r023_c016","source_target_id":"T-MSP-0627","priority":3,"route_role":"optional","skip_reason":null},"geometry":{"type":"Point","coordinates":[28.71142,47.1209517]}},{"type":"Feature","id":437,"properties":{"target_id":"T437","type":"missing","vineyard_id":"V16","row_id":"V16-R006","waste_id":null,"route_order":437,"reachable":true,"gap_length_m":2.35,"note":"missing_plant; missing plant 2.35 m","kind":"missing_plant","tile":"siret3_r023_c016","source_target_id":"T-MSP-0625","priority":3,"route_role":"optional","skip_reason":null},"geometry":{"type":"Point","coordinates":[28.7114584,47.120958]}},{"type":"Feature","id":438,"properties":{"target_id":"T438","type":"missing","vineyard_id":"V16","row_id":"V16-R006","waste_id":null,"route_order":438,"reachable":true,"gap_length_m":4.925,"note":"missing_plant; missing plant 4.92 m","kind":"missing_plant","tile":"siret3_r023_c016","source_target_id":"T-MSP-0626","priority":3,"route_role":"optional","skip_reason":null},"geometry":{"type":"Point","coordinates":[28.7114047,47.1210082]}},{"type":"Feature","id":439,"properties":{"target_id":"T439","type":"gap","vineyard_id":"V16","row_id":"V16-R004","waste_id":null,"route_order":439,"reachable":true,"gap_length_m":9.098,"note":"row_end_short; row end (tail) without vines 9.10 m","kind":"row_end_short","tile":"siret3_r023_c016","source_target_id":"T-END-0027","priority":2,"route_role":"optional","skip_reason":null},"geometry":{"type":"Point","coordinates":[28.7113919,47.1210751]}},{"type":"Feature","id":440,"properties":{"target_id":"T440","type":"waste","vineyard_id":"V16","row_id":null,"waste_id":"W0011","route_order":440,"reachable":true,"gap_length_m":null,"note":"waste; waste W0011","kind":"waste","tile":"siret3_r023_c016","source_target_id":"T-WST-0011","priority":1,"route_role":"must","skip_reason":null},"geometry":{"type":"Point","coordinates":[28.7115506,47.1209849]}},{"type":"Feature","id":441,"properties":{"target_id":"T441","type":"missing","vineyard_id":"V16","row_id":"V16-R001","waste_id":null,"route_order":441,"reachable":true,"gap_length_m":2,"note":"missing_plant; missing plant 2.00 m; truncated","kind":"missing_plant","tile":"siret3_r023_c016","source_target_id":"T-MSP-0620","priority":3,"route_role":"optional","skip_reason":null},"geometry":{"type":"Point","coordinates":[28.7117923,47.120836]}},{"type":"Feature","id":442,"properties":{"target_id":"T442","type":"gap","vineyard_id":"V16","row_id":"V16-R001","waste_id":null,"route_order":442,"reachable":true,"gap_length_m":5.15,"note":"row_gap; gap 5.15 m","kind":"row_gap","tile":"siret3_r023_c016","source_target_id":"T-GAP-0130","priority":2,"route_role":"must","skip_reason":null},"geometry":{"type":"Point","coordinates":[28.7118421,47.120789]}},{"type":"Feature","id":443,"properties":{"target_id":"T443","type":"gap","vineyard_id":"V16","row_id":"V16-R003","waste_id":null,"route_order":443,"reachable":true,"gap_length_m":5.7,"note":"row_gap; gap 5.70 m","kind":"row_gap","tile":"siret3_r023_c016","source_target_id":"T-GAP-0135","priority":2,"route_role":"must","skip_reason":null},"geometry":{"type":"Point","coordinates":[28.7114357,47.1210764]}},{"type":"Feature","id":444,"properties":{"target_id":"T444","type":"missing","vineyard_id":"V16","row_id":"V16-R004","waste_id":null,"route_order":444,"reachable":true,"gap_length_m":2.3,"note":"missing_plant; missing plant 2.30 m","kind":"missing_plant","tile":"siret3_r023_c016","source_target_id":"T-MSP-0624","priority":3,"route_role":"optional","skip_reason":null},"geometry":{"type":"Point","coordinates":[28.7115048,47.1209679]}},{"type":"Feature","id":445,"properties":{"target_id":"T445","type":"missing","vineyard_id":"V16","row_id":"V16-R003","waste_id":null,"route_order":445,"reachable":true,"gap_length_m":3.8,"note":"missing_plant; missing plant 3.80 m","kind":"missing_plant","tile":"siret3_r023_c016","source_target_id":"T-MSP-0623","priority":3,"route_role":"optional","skip_reason":null},"geometry":{"type":"Point","coordinates":[28.7117708,47.1207597]}},{"type":"Feature","id":446,"properties":{"target_id":"T446","type":"gap","vineyard_id":"V16","row_id":"V16-R003","waste_id":null,"route_order":446,"reachable":true,"gap_length_m":17.125,"note":"row_gap; gap 17.12 m","kind":"row_gap","tile":"siret3_r023_c016","source_target_id":"T-GAP-0134","priority":1,"route_role":"must","skip_reason":null},"geometry":{"type":"Point","coordinates":[28.71186,47.1206754]}},{"type":"Feature","id":447,"properties":{"target_id":"T447","type":"gap","vineyard_id":"V16","row_id":null,"waste_id":null,"route_order":447,"reachable":true,"gap_length_m":null,"note":"missing_row; missing row between V16-R002 and V16-R003: spacing 6.33 m (median 2.76 m)","kind":"missing_row","tile":"siret3_r024_c016","source_target_id":"T-MRW-0004","priority":2,"route_role":"must","skip_reason":null},"geometry":{"type":"Point","coordinates":[28.7119704,47.1206217]}},{"type":"Feature","id":448,"properties":{"target_id":"T448","type":"gap","vineyard_id":"V16","row_id":"V16-R003","waste_id":null,"route_order":448,"reachable":true,"gap_length_m":6,"note":"row_gap; gap 6.00 m","kind":"row_gap","tile":"siret3_r024_c016","source_target_id":"T-GAP-0133","priority":2,"route_role":"must","skip_reason":null},"geometry":{"type":"Point","coordinates":[28.7119666,47.1205777]}},{"type":"Feature","id":449,"properties":{"target_id":"T449","type":"missing","vineyard_id":"V16","row_id":"V16-R019","waste_id":null,"route_order":449,"reachable":true,"gap_length_m":4.6,"note":"missing_plant; missing plant 4.60 m","kind":"missing_plant","tile":"siret3_r025_c017","source_target_id":"T-MSP-0634","priority":3,"route_role":"optional","skip_reason":null},"geometry":{"type":"Point","coordinates":[28.7123621,47.1198911]}},{"type":"Feature","id":450,"properties":{"target_id":"T450","type":"gap","vineyard_id":"V16","row_id":"V16-R019","waste_id":null,"route_order":450,"reachable":true,"gap_length_m":5.05,"note":"row_gap; gap 5.05 m","kind":"row_gap","tile":"siret3_r025_c017","source_target_id":"T-GAP-0137","priority":2,"route_role":"must","skip_reason":null},"geometry":{"type":"Point","coordinates":[28.7124071,47.11985]}},{"type":"Feature","id":451,"properties":{"target_id":"T451","type":"missing","vineyard_id":"V16","row_id":"V16-R019","waste_id":null,"route_order":451,"reachable":true,"gap_length_m":2.775,"note":"missing_plant; missing plant 2.78 m","kind":"missing_plant","tile":"siret3_r025_c017","source_target_id":"T-MSP-0633","priority":3,"route_role":"optional","skip_reason":null},"geometry":{"type":"Point","coordinates":[28.7124972,47.1197675]}},{"type":"Feature","id":452,"properties":{"target_id":"T452","type":"missing","vineyard_id":"V16","row_id":"V16-R019","waste_id":null,"route_order":452,"reachable":true,"gap_length_m":2.825,"note":"missing_plant; missing plant 2.83 m","kind":"missing_plant","tile":"siret3_r026_c017","source_target_id":"T-MSP-0632","priority":3,"route_role":"optional","skip_reason":null},"geometry":{"type":"Point","coordinates":[28.7126458,47.1196316]}},{"type":"Feature","id":453,"properties":{"target_id":"T453","type":"missing","vineyard_id":"V16","row_id":"V16-R019","waste_id":null,"route_order":453,"reachable":true,"gap_length_m":3.725,"note":"missing_plant; missing plant 3.72 m","kind":"missing_plant","tile":"siret3_r026_c018","source_target_id":"T-MSP-0631","priority":3,"route_role":"optional","skip_reason":null},"geometry":{"type":"Point","coordinates":[28.7126776,47.1196026]}},{"type":"Feature","id":454,"properties":{"target_id":"T454","type":"gap","vineyard_id":"V16","row_id":"V16-R016","waste_id":null,"route_order":454,"reachable":true,"gap_length_m":119.653,"note":"row_end_short; row shorter than both neighbours by 119.65 m","kind":"row_end_short","tile":"siret3_r026_c018","source_target_id":"T-END-0039","priority":2,"route_role":"optional","skip_reason":null},"geometry":{"type":"Point","coordinates":[28.7127178,47.1196063]}},{"type":"Feature","id":455,"properties":{"target_id":"T455","type":"missing","vineyard_id":"V16","row_id":"V16-R019","waste_id":null,"route_order":455,"reachable":true,"gap_length_m":3.75,"note":"missing_plant; missing plant 3.75 m","kind":"missing_plant","tile":"siret3_r026_c018","source_target_id":"T-MSP-0630","priority":3,"route_role":"optional","skip_reason":null},"geometry":{"type":"Point","coordinates":[28.7127689,47.119519]}},{"type":"Feature","id":456,"properties":{"target_id":"T456","type":"gap","vineyard_id":"V16","row_id":"V16-R016","waste_id":null,"route_order":456,"reachable":true,"gap_length_m":119.653,"note":"row_end_short; row shorter than both neighbours by 119.65 m","kind":"row_end_short","tile":"siret3_r026_c018","source_target_id":"T-END-0038","priority":2,"route_role":"optional","skip_reason":null},"geometry":{"type":"Point","coordinates":[28.7128327,47.119497]}},{"type":"Feature","id":457,"properties":{"target_id":"T457","type":"gap","vineyard_id":"V16","row_id":"V16-R016","waste_id":null,"route_order":457,"reachable":true,"gap_length_m":119.653,"note":"row_end_short; row shorter than both neighbours by 119.65 m","kind":"row_end_short","tile":"siret3_r026_c018","source_target_id":"T-END-0037","priority":2,"route_role":"optional","skip_reason":null},"geometry":{"type":"Point","coordinates":[28.7129475,47.1193876]}},{"type":"Feature","id":458,"properties":{"target_id":"T458","type":"missing","vineyard_id":"V16","row_id":"V16-R019","waste_id":null,"route_order":458,"reachable":true,"gap_length_m":2.225,"note":"missing_plant; missing plant 2.23 m","kind":"missing_plant","tile":"siret3_r026_c018","source_target_id":"T-MSP-0629","priority":3,"route_role":"optional","skip_reason":null},"geometry":{"type":"Point","coordinates":[28.7129681,47.1193369]}},{"type":"Feature","id":459,"properties":{"target_id":"T459","type":"gap","vineyard_id":"V16","row_id":"V16-R016","waste_id":null,"route_order":459,"reachable":true,"gap_length_m":119.653,"note":"row_end_short; row shorter than both neighbours by 119.65 m","kind":"row_end_short","tile":"siret3_r026_c018","source_target_id":"T-END-0036","priority":2,"route_role":"optional","skip_reason":null},"geometry":{"type":"Point","coordinates":[28.7130624,47.1192783]}},{"type":"Feature","id":460,"properties":{"target_id":"T460","type":"gap","vineyard_id":"V16","row_id":"V16-R016","waste_id":null,"route_order":460,"reachable":true,"gap_length_m":119.653,"note":"row_end_short; row shorter than both neighbours by 119.65 m","kind":"row_end_short","tile":"siret3_r027_c018","source_target_id":"T-END-0035","priority":2,"route_role":"optional","skip_reason":null},"geometry":{"type":"Point","coordinates":[28.7131772,47.1191689]}},{"type":"Feature","id":461,"properties":{"target_id":"T461","type":"gap","vineyard_id":"V16","row_id":"V16-R016","waste_id":null,"route_order":461,"reachable":true,"gap_length_m":119.653,"note":"row_end_short; row shorter than both neighbours by 119.65 m","kind":"row_end_short","tile":"siret3_r027_c019","source_target_id":"T-END-0034","priority":2,"route_role":"optional","skip_reason":null},"geometry":{"type":"Point","coordinates":[28.713407,47.1189502]}},{"type":"Feature","id":462,"properties":{"target_id":"T462","type":"gap","vineyard_id":"V16","row_id":"V16-R016","waste_id":null,"route_order":462,"reachable":true,"gap_length_m":119.653,"note":"row_end_short; row shorter than both neighbours by 119.65 m","kind":"row_end_short","tile":"siret3_r027_c019","source_target_id":"T-END-0033","priority":2,"route_role":"optional","skip_reason":null},"geometry":{"type":"Point","coordinates":[28.7135218,47.1188408]}},{"type":"Feature","id":463,"properties":{"target_id":"T463","type":"gap","vineyard_id":"V16","row_id":"V16-R014","waste_id":null,"route_order":463,"reachable":true,"gap_length_m":10.775,"note":"row_gap; gap 10.78 m","kind":"row_gap","tile":"siret3_r028_c019","source_target_id":"T-GAP-0136","priority":1,"route_role":"must","skip_reason":null},"geometry":{"type":"Point","coordinates":[28.7136902,47.1187153]}},{"type":"Feature","id":464,"properties":{"target_id":"T464","type":"missing","vineyard_id":"V13","row_id":"V13-R012","waste_id":null,"route_order":464,"reachable":true,"gap_length_m":2.95,"note":"missing_plant; missing plant 2.95 m","kind":"missing_plant","tile":"siret3_r021_c014","source_target_id":"T-MSP-0336","priority":3,"route_role":"optional","skip_reason":null},"geometry":{"type":"Point","coordinates":[28.7104314,47.1219176]}},{"type":"Feature","id":465,"properties":{"target_id":"T465","type":"missing","vineyard_id":"V13","row_id":"V13-R012","waste_id":null,"route_order":465,"reachable":true,"gap_length_m":4.5,"note":"missing_plant; missing plant 4.50 m","kind":"missing_plant","tile":"siret3_r021_c014","source_target_id":"T-MSP-0337","priority":3,"route_role":"optional","skip_reason":null},"geometry":{"type":"Point","coordinates":[28.7103792,47.1219662]}},{"type":"Feature","id":466,"properties":{"target_id":"T466","type":"missing","vineyard_id":"V13","row_id":"V13-R012","waste_id":null,"route_order":466,"reachable":true,"gap_length_m":4.325,"note":"missing_plant; missing plant 4.33 m","kind":"missing_plant","tile":"siret3_r021_c014","source_target_id":"T-MSP-0338","priority":3,"route_role":"optional","skip_reason":null},"geometry":{"type":"Point","coordinates":[28.7103356,47.1220067]}},{"type":"Feature","id":467,"properties":{"target_id":"T467","type":"gap","vineyard_id":"V13","row_id":"V13-R012","waste_id":null,"route_order":467,"reachable":true,"gap_length_m":6.4,"note":"row_gap; gap 6.40 m","kind":"row_gap","tile":"siret3_r020_c014","source_target_id":"T-GAP-0099","priority":2,"route_role":"must","skip_reason":null},"geometry":{"type":"Point","coordinates":[28.7102003,47.1221324]}},{"type":"Feature","id":468,"properties":{"target_id":"T468","type":"missing","vineyard_id":"V13","row_id":"V13-R012","waste_id":null,"route_order":468,"reachable":true,"gap_length_m":2.85,"note":"missing_plant; missing plant 2.85 m","kind":"missing_plant","tile":"siret3_r020_c014","source_target_id":"T-MSP-0339","priority":3,"route_role":"optional","skip_reason":null},"geometry":{"type":"Point","coordinates":[28.7101322,47.1221957]}},{"type":"Feature","id":469,"properties":{"target_id":"T469","type":"missing","vineyard_id":"V13","row_id":"V13-R013","waste_id":null,"route_order":469,"reachable":true,"gap_length_m":2.6,"note":"missing_plant; missing plant 2.60 m","kind":"missing_plant","tile":"siret3_r020_c014","source_target_id":"T-MSP-0347","priority":3,"route_role":"optional","skip_reason":null},"geometry":{"type":"Point","coordinates":[28.7101891,47.1221036]}},{"type":"Feature","id":470,"properties":{"target_id":"T470","type":"missing","vineyard_id":"V13","row_id":"V13-R013","waste_id":null,"route_order":470,"reachable":true,"gap_length_m":3.1,"note":"missing_plant; missing plant 3.10 m","kind":"missing_plant","tile":"siret3_r021_c014","source_target_id":"T-MSP-0346","priority":3,"route_role":"optional","skip_reason":null},"geometry":{"type":"Point","coordinates":[28.7103314,47.1219696]}},{"type":"Feature","id":471,"properties":{"target_id":"T471","type":"missing","vineyard_id":"V13","row_id":"V13-R013","waste_id":null,"route_order":471,"reachable":true,"gap_length_m":3.3,"note":"missing_plant; missing plant 3.30 m","kind":"missing_plant","tile":"siret3_r021_c014","source_target_id":"T-MSP-0345","priority":3,"route_role":"optional","skip_reason":null},"geometry":{"type":"Point","coordinates":[28.710581,47.1217331]}},{"type":"Feature","id":472,"properties":{"target_id":"T472","type":"missing","vineyard_id":"V13","row_id":"V13-R009","waste_id":null,"route_order":472,"reachable":true,"gap_length_m":2.05,"note":"missing_plant; missing plant 2.05 m; truncated","kind":"missing_plant","tile":"siret3_r021_c014","source_target_id":"T-MSP-0324","priority":3,"route_role":"optional","skip_reason":null},"geometry":{"type":"Point","coordinates":[28.710448,47.1220334]}},{"type":"Feature","id":473,"properties":{"target_id":"T473","type":"missing","vineyard_id":"V13","row_id":"V13-R010","waste_id":null,"route_order":473,"reachable":true,"gap_length_m":2.725,"note":"missing_plant; missing plant 2.73 m","kind":"missing_plant","tile":"siret3_r020_c014","source_target_id":"T-MSP-0330","priority":3,"route_role":"optional","skip_reason":null},"geometry":{"type":"Point","coordinates":[28.7103672,47.122065]}},{"type":"Feature","id":474,"properties":{"target_id":"T474","type":"missing","vineyard_id":"V13","row_id":"V13-R009","waste_id":null,"route_order":474,"reachable":true,"gap_length_m":3.925,"note":"missing_plant; missing plant 3.93 m","kind":"missing_plant","tile":"siret3_r020_c014","source_target_id":"T-MSP-0325","priority":3,"route_role":"optional","skip_reason":null},"geometry":{"type":"Point","coordinates":[28.7102703,47.1221984]}},{"type":"Feature","id":475,"properties":{"target_id":"T475","type":"missing","vineyard_id":"V13","row_id":"V13-R010","waste_id":null,"route_order":475,"reachable":true,"gap_length_m":2.45,"note":"missing_plant; missing plant 2.45 m","kind":"missing_plant","tile":"siret3_r020_c014","source_target_id":"T-MSP-0331","priority":3,"route_role":"optional","skip_reason":null},"geometry":{"type":"Point","coordinates":[28.7102203,47.1222011]}},{"type":"Feature","id":476,"properties":{"target_id":"T476","type":"missing","vineyard_id":"V13","row_id":"V13-R010","waste_id":null,"route_order":476,"reachable":true,"gap_length_m":2.175,"note":"missing_plant; missing plant 2.17 m","kind":"missing_plant","tile":"siret3_r020_c014","source_target_id":"T-MSP-0332","priority":3,"route_role":"optional","skip_reason":null},"geometry":{"type":"Point","coordinates":[28.7101839,47.1222349]}},{"type":"Feature","id":477,"properties":{"target_id":"T477","type":"missing","vineyard_id":"V13","row_id":"V13-R009","waste_id":null,"route_order":477,"reachable":true,"gap_length_m":2.875,"note":"missing_plant; missing plant 2.88 m","kind":"missing_plant","tile":"siret3_r020_c014","source_target_id":"T-MSP-0326","priority":3,"route_role":"optional","skip_reason":null},"geometry":{"type":"Point","coordinates":[28.7101649,47.122296]}},{"type":"Feature","id":478,"properties":{"target_id":"T478","type":"missing","vineyard_id":"V13","row_id":"V13-R009","waste_id":null,"route_order":478,"reachable":true,"gap_length_m":2.325,"note":"missing_plant; missing plant 2.33 m","kind":"missing_plant","tile":"siret3_r020_c014","source_target_id":"T-MSP-0327","priority":3,"route_role":"optional","skip_reason":null},"geometry":{"type":"Point","coordinates":[28.7101151,47.1223421]}},{"type":"Feature","id":479,"properties":{"target_id":"T479","type":"missing","vineyard_id":"V13","row_id":"V13-R010","waste_id":null,"route_order":479,"reachable":true,"gap_length_m":3.275,"note":"missing_plant; missing plant 3.28 m","kind":"missing_plant","tile":"siret3_r020_c013","source_target_id":"T-MSP-0333","priority":3,"route_role":"optional","skip_reason":null},"geometry":{"type":"Point","coordinates":[28.709996,47.1224091]}},{"type":"Feature","id":480,"properties":{"target_id":"T480","type":"gap","vineyard_id":"V13","row_id":"V13-R002","waste_id":null,"route_order":480,"reachable":true,"gap_length_m":40.674,"note":"row_gap; gap 40.67 m","kind":"row_gap","tile":"siret3_r019_c013","source_target_id":"T-GAP-0096","priority":1,"route_role":"must","skip_reason":null},"geometry":{"type":"Point","coordinates":[28.7099017,47.1227082]}},{"type":"Feature","id":481,"properties":{"target_id":"T481","type":"missing","vineyard_id":"V13","row_id":"V13-R004","waste_id":null,"route_order":481,"reachable":true,"gap_length_m":2.85,"note":"missing_plant; missing plant 2.85 m","kind":"missing_plant","tile":"siret3_r019_c013","source_target_id":"T-MSP-0304","priority":3,"route_role":"optional","skip_reason":null},"geometry":{"type":"Point","coordinates":[28.709792,47.1227644]}},{"type":"Feature","id":482,"properties":{"target_id":"T482","type":"gap","vineyard_id":"V13","row_id":"V13-R002","waste_id":null,"route_order":482,"reachable":true,"gap_length_m":40.674,"note":"row_gap; gap 40.67 m","kind":"row_gap","tile":"siret3_r019_c013","source_target_id":"T-GAP-0097","priority":1,"route_role":"must","skip_reason":null},"geometry":{"type":"Point","coordinates":[28.7097963,47.1228066]}},{"type":"Feature","id":483,"properties":{"target_id":"T483","type":"missing","vineyard_id":"V13","row_id":"V13-R004","waste_id":null,"route_order":483,"reachable":true,"gap_length_m":2.85,"note":"missing_plant; missing plant 2.85 m","kind":"missing_plant","tile":"siret3_r019_c013","source_target_id":"T-MSP-0305","priority":3,"route_role":"optional","skip_reason":null},"geometry":{"type":"Point","coordinates":[28.7096875,47.1228613]}},{"type":"Feature","id":484,"properties":{"target_id":"T484","type":"gap","vineyard_id":"V13","row_id":"V13-R002","waste_id":null,"route_order":484,"reachable":true,"gap_length_m":40.674,"note":"row_gap; gap 40.67 m","kind":"row_gap","tile":"siret3_r019_c013","source_target_id":"T-GAP-0098","priority":1,"route_role":"must","skip_reason":null},"geometry":{"type":"Point","coordinates":[28.7096908,47.1229051]}},{"type":"Feature","id":485,"properties":{"target_id":"T485","type":"missing","vineyard_id":"V13","row_id":"V13-R008","waste_id":null,"route_order":485,"reachable":true,"gap_length_m":2.475,"note":"missing_plant; missing plant 2.47 m","kind":"missing_plant","tile":"siret3_r019_c013","source_target_id":"T-MSP-0318","priority":3,"route_role":"optional","skip_reason":null},"geometry":{"type":"Point","coordinates":[28.709642,47.1228221]}},{"type":"Feature","id":486,"properties":{"target_id":"T486","type":"missing","vineyard_id":"V13","row_id":"V13-R008","waste_id":null,"route_order":486,"reachable":true,"gap_length_m":2.25,"note":"missing_plant; missing plant 2.25 m","kind":"missing_plant","tile":"siret3_r019_c013","source_target_id":"T-MSP-0319","priority":3,"route_role":"optional","skip_reason":null},"geometry":{"type":"Point","coordinates":[28.7095073,47.1229472]}},{"type":"Feature","id":487,"properties":{"target_id":"T487","type":"missing","vineyard_id":"V13","row_id":"V13-R009","waste_id":null,"route_order":487,"reachable":true,"gap_length_m":2.45,"note":"missing_plant; missing plant 2.45 m","kind":"missing_plant","tile":"siret3_r019_c013","source_target_id":"T-MSP-0328","priority":3,"route_role":"optional","skip_reason":null},"geometry":{"type":"Point","coordinates":[28.7094146,47.1229904]}},{"type":"Feature","id":488,"properties":{"target_id":"T488","type":"missing","vineyard_id":"V13","row_id":"V13-R008","waste_id":null,"route_order":488,"reachable":true,"gap_length_m":3.05,"note":"missing_plant; missing plant 3.05 m","kind":"missing_plant","tile":"siret3_r018_c013","source_target_id":"T-MSP-0320","priority":3,"route_role":"optional","skip_reason":null},"geometry":{"type":"Point","coordinates":[28.7094172,47.123031]}},{"type":"Feature","id":489,"properties":{"target_id":"T489","type":"missing","vineyard_id":"V13","row_id":"V13-R008","waste_id":null,"route_order":489,"reachable":true,"gap_length_m":2.175,"note":"missing_plant; missing plant 2.18 m","kind":"missing_plant","tile":"siret3_r018_c012","source_target_id":"T-MSP-0321","priority":3,"route_role":"optional","skip_reason":null},"geometry":{"type":"Point","coordinates":[28.7093572,47.1230867]}},{"type":"Feature","id":490,"properties":{"target_id":"T490","type":"missing","vineyard_id":"V13","row_id":"V13-R009","waste_id":null,"route_order":490,"reachable":true,"gap_length_m":2.45,"note":"missing_plant; missing plant 2.45 m","kind":"missing_plant","tile":"siret3_r018_c012","source_target_id":"T-MSP-0329","priority":3,"route_role":"optional","skip_reason":null},"geometry":{"type":"Point","coordinates":[28.709266,47.123128]}},{"type":"Feature","id":491,"properties":{"target_id":"T491","type":"missing","vineyard_id":"V13","row_id":"V13-R008","waste_id":null,"route_order":491,"reachable":true,"gap_length_m":2.3,"note":"missing_plant; missing plant 2.30 m","kind":"missing_plant","tile":"siret3_r018_c012","source_target_id":"T-MSP-0322","priority":3,"route_role":"optional","skip_reason":null},"geometry":{"type":"Point","coordinates":[28.7092647,47.1231727]}},{"type":"Feature","id":492,"properties":{"target_id":"T492","type":"missing","vineyard_id":"V13","row_id":"V13-R008","waste_id":null,"route_order":492,"reachable":true,"gap_length_m":3.85,"note":"missing_plant; missing plant 3.85 m","kind":"missing_plant","tile":"siret3_r018_c012","source_target_id":"T-MSP-0323","priority":3,"route_role":"optional","skip_reason":null},"geometry":{"type":"Point","coordinates":[28.7091667,47.1232637]}},{"type":"Feature","id":493,"properties":{"target_id":"T493","type":"gap","vineyard_id":"V01","row_id":"V01-R077","waste_id":null,"route_order":null,"reachable":false,"gap_length_m":39.362,"note":"row_end_short; row shorter than both neighbours by 39.36 m; too_far","kind":"row_end_short","tile":"siret3_r009_c004","source_target_id":"T-END-0001","priority":2,"route_role":"optional","skip_reason":"too_far"},"geometry":{"type":"Point","coordinates":[28.7037364,47.1274132]}},{"type":"Feature","id":494,"properties":{"target_id":"T494","type":"gap","vineyard_id":"V01","row_id":"V01-R077","waste_id":null,"route_order":null,"reachable":false,"gap_length_m":39.362,"note":"row_end_short; row shorter than both neighbours by 39.36 m; too_far","kind":"row_end_short","tile":"siret3_r009_c004","source_target_id":"T-END-0002","priority":2,"route_role":"optional","skip_reason":"too_far"},"geometry":{"type":"Point","coordinates":[28.7036721,47.1275228]}},{"type":"Feature","id":495,"properties":{"target_id":"T495","type":"gap","vineyard_id":"V01","row_id":"V01-R077","waste_id":null,"route_order":null,"reachable":false,"gap_length_m":39.362,"note":"row_end_short; row shorter than both neighbours by 39.36 m; too_far","kind":"row_end_short","tile":"siret3_r009_c004","source_target_id":"T-END-0003","priority":2,"route_role":"optional","skip_reason":"too_far"},"geometry":{"type":"Point","coordinates":[28.7036077,47.1276324]}},{"type":"Feature","id":496,"properties":{"target_id":"T496","type":"gap","vineyard_id":"V01","row_id":"V01-R085","waste_id":null,"route_order":null,"reachable":false,"gap_length_m":15.225,"note":"row_end_short; row end (head) without vines 15.23 m; disconnected","kind":"row_end_short","tile":"siret3_r006_c003","source_target_id":"T-END-0004","priority":2,"route_role":"optional","skip_reason":"disconnected"},"geometry":{"type":"Point","coordinates":[28.7028242,47.1286822]}},{"type":"Feature","id":497,"properties":{"target_id":"T497","type":"gap","vineyard_id":"V01","row_id":"V01-R108","waste_id":null,"route_order":null,"reachable":false,"gap_length_m":9.361,"note":"row_end_short; row shorter than both neighbours by 9.36 m; too_far","kind":"row_end_short","tile":"siret3_r009_c003","source_target_id":"T-END-0005","priority":2,"route_role":"optional","skip_reason":"too_far"},"geometry":{"type":"Point","coordinates":[28.7030891,47.1272632]}},{"type":"Feature","id":498,"properties":{"target_id":"T498","type":"gap","vineyard_id":"V02","row_id":"V02-R004","waste_id":null,"route_order":null,"reachable":false,"gap_length_m":11.483,"note":"row_end_short; row shorter than both neighbours by 11.48 m; too_far","kind":"row_end_short","tile":"siret3_r008_c002","source_target_id":"T-END-0006","priority":2,"route_role":"optional","skip_reason":"too_far"},"geometry":{"type":"Point","coordinates":[28.702284,47.1281091]}},{"type":"Feature","id":499,"properties":{"target_id":"T499","type":"gap","vineyard_id":"V03","row_id":"V03-R027","waste_id":null,"route_order":null,"reachable":false,"gap_length_m":106.906,"note":"row_end_short; row shorter than both neighbours by 106.91 m; disconnected","kind":"row_end_short","tile":"siret3_r010_c002","source_target_id":"T-END-0007","priority":2,"route_role":"optional","skip_reason":"disconnected"},"geometry":{"type":"Point","coordinates":[28.7022848,47.1269606]}},{"type":"Feature","id":500,"properties":{"target_id":"T500","type":"gap","vineyard_id":"V03","row_id":"V03-R027","waste_id":null,"route_order":null,"reachable":false,"gap_length_m":106.906,"note":"row_end_short; row shorter than both neighbours by 106.91 m; disconnected","kind":"row_end_short","tile":"siret3_r010_c002","source_target_id":"T-END-0008","priority":2,"route_role":"optional","skip_reason":"disconnected"},"geometry":{"type":"Point","coordinates":[28.7021889,47.1270615]}},{"type":"Feature","id":501,"properties":{"target_id":"T501","type":"gap","vineyard_id":"V03","row_id":"V03-R027","waste_id":null,"route_order":null,"reachable":true,"gap_length_m":106.906,"note":"row_end_short; row shorter than both neighbours by 106.91 m; optional_detour","kind":"row_end_short","tile":"siret3_r009_c001","source_target_id":"T-END-0009","priority":2,"route_role":"optional","skip_reason":"optional_detour"},"geometry":{"type":"Point","coordinates":[28.7019971,47.1272632]}},{"type":"Feature","id":502,"properties":{"target_id":"T502","type":"gap","vineyard_id":"V03","row_id":"V03-R027","waste_id":null,"route_order":null,"reachable":true,"gap_length_m":106.906,"note":"row_end_short; row shorter than both neighbours by 106.91 m; optional_detour","kind":"row_end_short","tile":"siret3_r009_c001","source_target_id":"T-END-0010","priority":2,"route_role":"optional","skip_reason":"optional_detour"},"geometry":{"type":"Point","coordinates":[28.7019012,47.127364]}},{"type":"Feature","id":503,"properties":{"target_id":"T503","type":"gap","vineyard_id":"V03","row_id":"V03-R027","waste_id":null,"route_order":null,"reachable":true,"gap_length_m":106.906,"note":"row_end_short; row shorter than both neighbours by 106.91 m; optional_detour","kind":"row_end_short","tile":"siret3_r009_c001","source_target_id":"T-END-0011","priority":2,"route_role":"optional","skip_reason":"optional_detour"},"geometry":{"type":"Point","coordinates":[28.7018054,47.1274649]}},{"type":"Feature","id":504,"properties":{"target_id":"T504","type":"gap","vineyard_id":"V03","row_id":"V03-R027","waste_id":null,"route_order":null,"reachable":true,"gap_length_m":106.906,"note":"row_end_short; row shorter than both neighbours by 106.91 m; optional_detour","kind":"row_end_short","tile":"siret3_r009_c001","source_target_id":"T-END-0012","priority":2,"route_role":"optional","skip_reason":"optional_detour"},"geometry":{"type":"Point","coordinates":[28.7017095,47.1275658]}},{"type":"Feature","id":505,"properties":{"target_id":"T505","type":"gap","vineyard_id":"V03","row_id":"V03-R027","waste_id":null,"route_order":null,"reachable":true,"gap_length_m":106.906,"note":"row_end_short; row shorter than both neighbours by 106.91 m; optional_detour","kind":"row_end_short","tile":"siret3_r009_c001","source_target_id":"T-END-0013","priority":2,"route_role":"optional","skip_reason":"optional_detour"},"geometry":{"type":"Point","coordinates":[28.7016136,47.1276666]}},{"type":"Feature","id":506,"properties":{"target_id":"T506","type":"gap","vineyard_id":"V03","row_id":"V03-R051","waste_id":null,"route_order":null,"reachable":false,"gap_length_m":5.654,"note":"row_end_short; row shorter than both neighbours by 5.65 m; too_far","kind":"row_end_short","tile":"siret3_r010_c000","source_target_id":"T-END-0014","priority":2,"route_role":"optional","skip_reason":"too_far"},"geometry":{"type":"Point","coordinates":[28.7012803,47.1270434]}},{"type":"Feature","id":507,"properties":{"target_id":"T507","type":"gap","vineyard_id":"V10","row_id":"V10-R012","waste_id":null,"route_order":null,"reachable":false,"gap_length_m":18.797,"note":"row_end_short; row shorter than both neighbours by 18.80 m; too_far","kind":"row_end_short","tile":"siret3_r014_c004","source_target_id":"T-END-0015","priority":2,"route_role":"optional","skip_reason":"too_far"},"geometry":{"type":"Point","coordinates":[28.7036014,47.125281]}},{"type":"Feature","id":508,"properties":{"target_id":"T508","type":"gap","vineyard_id":"V11","row_id":"V11-R010","waste_id":null,"route_order":null,"reachable":false,"gap_length_m":7.699,"note":"row_end_short; row shorter than both neighbours by 7.70 m; too_far","kind":"row_end_short","tile":"siret3_r014_c004","source_target_id":"T-END-0016","priority":2,"route_role":"optional","skip_reason":"too_far"},"geometry":{"type":"Point","coordinates":[28.7036601,47.1250441]}},{"type":"Feature","id":509,"properties":{"target_id":"T509","type":"gap","vineyard_id":"V13","row_id":"V13-R059","waste_id":null,"route_order":null,"reachable":false,"gap_length_m":116.869,"note":"row_end_short; row shorter than both neighbours by 116.87 m; too_far","kind":"row_end_short","tile":"siret3_r022_c013","source_target_id":"T-END-0017","priority":2,"route_role":"optional","skip_reason":"too_far"},"geometry":{"type":"Point","coordinates":[28.7098055,47.1212787]}},{"type":"Feature","id":510,"properties":{"target_id":"T510","type":"gap","vineyard_id":"V13","row_id":"V13-R059","waste_id":null,"route_order":null,"reachable":false,"gap_length_m":116.869,"note":"row_end_short; row shorter than both neighbours by 116.87 m; too_far","kind":"row_end_short","tile":"siret3_r022_c013","source_target_id":"T-END-0018","priority":2,"route_role":"optional","skip_reason":"too_far"},"geometry":{"type":"Point","coordinates":[28.7096928,47.1213852]}},{"type":"Feature","id":511,"properties":{"target_id":"T511","type":"gap","vineyard_id":"V13","row_id":"V13-R059","waste_id":null,"route_order":null,"reachable":false,"gap_length_m":116.869,"note":"row_end_short; row shorter than both neighbours by 116.87 m; too_far","kind":"row_end_short","tile":"siret3_r022_c013","source_target_id":"T-END-0019","priority":2,"route_role":"optional","skip_reason":"too_far"},"geometry":{"type":"Point","coordinates":[28.7095802,47.1214918]}},{"type":"Feature","id":512,"properties":{"target_id":"T512","type":"gap","vineyard_id":"V13","row_id":"V13-R059","waste_id":null,"route_order":null,"reachable":false,"gap_length_m":116.869,"note":"row_end_short; row shorter than both neighbours by 116.87 m; too_far","kind":"row_end_short","tile":"siret3_r022_c013","source_target_id":"T-END-0020","priority":2,"route_role":"optional","skip_reason":"too_far"},"geometry":{"type":"Point","coordinates":[28.7094675,47.1215984]}},{"type":"Feature","id":513,"properties":{"target_id":"T513","type":"gap","vineyard_id":"V13","row_id":"V13-R059","waste_id":null,"route_order":null,"reachable":false,"gap_length_m":116.869,"note":"row_end_short; row shorter than both neighbours by 116.87 m; too_far","kind":"row_end_short","tile":"siret3_r021_c013","source_target_id":"T-END-0021","priority":2,"route_role":"optional","skip_reason":"too_far"},"geometry":{"type":"Point","coordinates":[28.7093548,47.121705]}},{"type":"Feature","id":514,"properties":{"target_id":"T514","type":"gap","vineyard_id":"V13","row_id":"V13-R059","waste_id":null,"route_order":null,"reachable":false,"gap_length_m":116.869,"note":"row_end_short; row shorter than both neighbours by 116.87 m; too_far","kind":"row_end_short","tile":"siret3_r021_c012","source_target_id":"T-END-0022","priority":2,"route_role":"optional","skip_reason":"too_far"},"geometry":{"type":"Point","coordinates":[28.7092421,47.1218116]}},{"type":"Feature","id":515,"properties":{"target_id":"T515","type":"gap","vineyard_id":"V13","row_id":"V13-R059","waste_id":null,"route_order":null,"reachable":true,"gap_length_m":116.869,"note":"row_end_short; row shorter than both neighbours by 116.87 m; optional_detour","kind":"row_end_short","tile":"siret3_r021_c012","source_target_id":"T-END-0023","priority":2,"route_role":"optional","skip_reason":"optional_detour"},"geometry":{"type":"Point","coordinates":[28.7091295,47.1219182]}},{"type":"Feature","id":516,"properties":{"target_id":"T516","type":"gap","vineyard_id":"V13","row_id":"V13-R059","waste_id":null,"route_order":null,"reachable":true,"gap_length_m":116.869,"note":"row_end_short; row shorter than both neighbours by 116.87 m; optional_detour","kind":"row_end_short","tile":"siret3_r021_c012","source_target_id":"T-END-0024","priority":2,"route_role":"optional","skip_reason":"optional_detour"},"geometry":{"type":"Point","coordinates":[28.7090168,47.1220247]}},{"type":"Feature","id":517,"properties":{"target_id":"T517","type":"gap","vineyard_id":"V13","row_id":"V13-R066","waste_id":null,"route_order":null,"reachable":true,"gap_length_m":7.58,"note":"row_end_short; row end (tail) without vines 7.58 m; optional_detour","kind":"row_end_short","tile":"siret3_r019_c010","source_target_id":"T-END-0026","priority":2,"route_role":"optional","skip_reason":"optional_detour"},"geometry":{"type":"Point","coordinates":[28.7076708,47.1229915]}},{"type":"Feature","id":518,"properties":{"target_id":"T518","type":"gap","vineyard_id":"V16","row_id":"V16-R011","waste_id":null,"route_order":null,"reachable":false,"gap_length_m":63.336,"note":"row_end_short; row shorter than both neighbours by 63.34 m; too_far","kind":"row_end_short","tile":"siret3_r025_c017","source_target_id":"T-END-0028","priority":2,"route_role":"optional","skip_reason":"too_far"},"geometry":{"type":"Point","coordinates":[28.7125784,47.119773]}},{"type":"Feature","id":519,"properties":{"target_id":"T519","type":"gap","vineyard_id":"V16","row_id":"V16-R011","waste_id":null,"route_order":null,"reachable":false,"gap_length_m":63.336,"note":"row_end_short; row shorter than both neighbours by 63.34 m; too_far","kind":"row_end_short","tile":"siret3_r025_c017","source_target_id":"T-END-0029","priority":2,"route_role":"optional","skip_reason":"too_far"},"geometry":{"type":"Point","coordinates":[28.7124801,47.1198651]}},{"type":"Feature","id":520,"properties":{"target_id":"T520","type":"gap","vineyard_id":"V16","row_id":"V16-R011","waste_id":null,"route_order":null,"reachable":false,"gap_length_m":63.336,"note":"row_end_short; row shorter than both neighbours by 63.34 m; too_far","kind":"row_end_short","tile":"siret3_r025_c017","source_target_id":"T-END-0030","priority":2,"route_role":"optional","skip_reason":"too_far"},"geometry":{"type":"Point","coordinates":[28.7123819,47.1199573]}},{"type":"Feature","id":521,"properties":{"target_id":"T521","type":"gap","vineyard_id":"V16","row_id":"V16-R011","waste_id":null,"route_order":null,"reachable":false,"gap_length_m":63.336,"note":"row_end_short; row shorter than both neighbours by 63.34 m; too_far","kind":"row_end_short","tile":"siret3_r025_c017","source_target_id":"T-END-0031","priority":2,"route_role":"optional","skip_reason":"too_far"},"geometry":{"type":"Point","coordinates":[28.7122837,47.1200494]}},{"type":"Feature","id":522,"properties":{"target_id":"T522","type":"gap","vineyard_id":"V16","row_id":"V16-R011","waste_id":null,"route_order":null,"reachable":false,"gap_length_m":63.336,"note":"row_end_short; row shorter than both neighbours by 63.34 m; too_far","kind":"row_end_short","tile":"siret3_r025_c017","source_target_id":"T-END-0032","priority":2,"route_role":"optional","skip_reason":"too_far"},"geometry":{"type":"Point","coordinates":[28.7121854,47.1201415]}},{"type":"Feature","id":523,"properties":{"target_id":"T523","type":"gap","vineyard_id":"V31","row_id":"V31-R007","waste_id":null,"route_order":null,"reachable":false,"gap_length_m":9.418,"note":"row_end_short; row shorter than both neighbours by 9.42 m; too_far","kind":"row_end_short","tile":"siret3_r034_c026","source_target_id":"T-END-0040","priority":2,"route_role":"optional","skip_reason":"too_far"},"geometry":{"type":"Point","coordinates":[28.7180424,47.1156632]}},{"type":"Feature","id":524,"properties":{"target_id":"T524","type":"gap","vineyard_id":"V31","row_id":"V31-R008","waste_id":null,"route_order":null,"reachable":false,"gap_length_m":7.169,"note":"row_end_short; row shorter than both neighbours by 7.17 m; too_far","kind":"row_end_short","tile":"siret3_r034_c026","source_target_id":"T-END-0041","priority":2,"route_role":"optional","skip_reason":"too_far"},"geometry":{"type":"Point","coordinates":[28.7180357,47.1156375]}},{"type":"Feature","id":525,"properties":{"target_id":"T525","type":"gap","vineyard_id":"V41","row_id":"V41-R002","waste_id":null,"route_order":null,"reachable":false,"gap_length_m":10.525,"note":"row_end_short; row end (head) without vines 10.53 m; disconnected","kind":"row_end_short","tile":"siret3_r036_c023","source_target_id":"T-END-0042","priority":2,"route_role":"optional","skip_reason":"disconnected"},"geometry":{"type":"Point","coordinates":[28.7163284,47.1146362]}},{"type":"Feature","id":526,"properties":{"target_id":"T526","type":"gap","vineyard_id":"V41","row_id":"V41-R005","waste_id":null,"route_order":null,"reachable":false,"gap_length_m":11.167,"note":"row_end_short; row shorter than both neighbours by 11.17 m; too_far","kind":"row_end_short","tile":"siret3_r036_c024","source_target_id":"T-END-0043","priority":2,"route_role":"optional","skip_reason":"too_far"},"geometry":{"type":"Point","coordinates":[28.7166994,47.1148898]}},{"type":"Feature","id":527,"properties":{"target_id":"T527","type":"gap","vineyard_id":"V41","row_id":"V41-R009","waste_id":null,"route_order":null,"reachable":false,"gap_length_m":72.814,"note":"row_end_short; row shorter than both neighbours by 72.81 m; too_far","kind":"row_end_short","tile":"siret3_r035_c024","source_target_id":"T-END-0045","priority":2,"route_role":"optional","skip_reason":"too_far"},"geometry":{"type":"Point","coordinates":[28.7170592,47.1151092]}},{"type":"Feature","id":528,"properties":{"target_id":"T528","type":"gap","vineyard_id":"V41","row_id":"V41-R009","waste_id":null,"route_order":null,"reachable":false,"gap_length_m":72.814,"note":"row_end_short; row shorter than both neighbours by 72.81 m; too_far","kind":"row_end_short","tile":"siret3_r035_c024","source_target_id":"T-END-0046","priority":2,"route_role":"optional","skip_reason":"too_far"},"geometry":{"type":"Point","coordinates":[28.7171658,47.1152182]}},{"type":"Feature","id":529,"properties":{"target_id":"T529","type":"gap","vineyard_id":"V41","row_id":"V41-R009","waste_id":null,"route_order":null,"reachable":true,"gap_length_m":72.814,"note":"row_end_short; row shorter than both neighbours by 72.81 m; optional_detour","kind":"row_end_short","tile":"siret3_r035_c025","source_target_id":"T-END-0047","priority":2,"route_role":"optional","skip_reason":"optional_detour"},"geometry":{"type":"Point","coordinates":[28.7172724,47.1153271]}},{"type":"Feature","id":530,"properties":{"target_id":"T530","type":"gap","vineyard_id":"V41","row_id":"V41-R009","waste_id":null,"route_order":null,"reachable":true,"gap_length_m":72.814,"note":"row_end_short; row shorter than both neighbours by 72.81 m; optional_detour","kind":"row_end_short","tile":"siret3_r035_c025","source_target_id":"T-END-0048","priority":2,"route_role":"optional","skip_reason":"optional_detour"},"geometry":{"type":"Point","coordinates":[28.717379,47.1154361]}},{"type":"Feature","id":531,"properties":{"target_id":"T531","type":"gap","vineyard_id":"V01","row_id":"V01-R080","waste_id":null,"route_order":null,"reachable":false,"gap_length_m":5.275,"note":"row_gap; gap 5.27 m; too_far","kind":"row_gap","tile":"siret3_r007_c003","source_target_id":"T-GAP-0036","priority":2,"route_role":"must","skip_reason":"too_far"},"geometry":{"type":"Point","coordinates":[28.7032257,47.1281723]}},{"type":"Feature","id":532,"properties":{"target_id":"T532","type":"gap","vineyard_id":"V01","row_id":"V01-R083","waste_id":null,"route_order":null,"reachable":false,"gap_length_m":6,"note":"row_gap; gap 6.00 m; too_far","kind":"row_gap","tile":"siret3_r007_c003","source_target_id":"T-GAP-0037","priority":2,"route_role":"must","skip_reason":"too_far"},"geometry":{"type":"Point","coordinates":[28.7029154,47.1285926]}},{"type":"Feature","id":533,"properties":{"target_id":"T533","type":"gap","vineyard_id":"V01","row_id":"V01-R083","waste_id":null,"route_order":null,"reachable":false,"gap_length_m":7.425,"note":"row_gap; gap 7.42 m; too_far","kind":"row_gap","tile":"siret3_r006_c003","source_target_id":"T-GAP-0038","priority":2,"route_role":"must","skip_reason":"too_far"},"geometry":{"type":"Point","coordinates":[28.7028713,47.1286683]}},{"type":"Feature","id":534,"properties":{"target_id":"T534","type":"gap","vineyard_id":"V01","row_id":"V01-R083","waste_id":null,"route_order":null,"reachable":false,"gap_length_m":6.025,"note":"row_gap; gap 6.03 m; too_far","kind":"row_gap","tile":"siret3_r006_c003","source_target_id":"T-GAP-0039","priority":2,"route_role":"must","skip_reason":"too_far"},"geometry":{"type":"Point","coordinates":[28.7028326,47.1287319]}},{"type":"Feature","id":535,"properties":{"target_id":"T535","type":"gap","vineyard_id":"V03","row_id":"V03-R026","waste_id":null,"route_order":null,"reachable":false,"gap_length_m":5.675,"note":"row_gap; gap 5.68 m; disconnected","kind":"row_gap","tile":"siret3_r010_c002","source_target_id":"T-GAP-0075","priority":2,"route_role":"must","skip_reason":"disconnected"},"geometry":{"type":"Point","coordinates":[28.7022144,47.1270508]}},{"type":"Feature","id":536,"properties":{"target_id":"T536","type":"gap","vineyard_id":"V03","row_id":"V03-R047","waste_id":null,"route_order":null,"reachable":false,"gap_length_m":6.475,"note":"row_gap; gap 6.48 m; disconnected","kind":"row_gap","tile":"siret3_r010_c000","source_target_id":"T-GAP-0076","priority":2,"route_role":"must","skip_reason":"disconnected"},"geometry":{"type":"Point","coordinates":[28.7014139,47.1270949]}},{"type":"Feature","id":537,"properties":{"target_id":"T537","type":"gap","vineyard_id":"V03","row_id":"V03-R047","waste_id":null,"route_order":null,"reachable":false,"gap_length_m":9.175,"note":"row_gap; gap 9.18 m; disconnected","kind":"row_gap","tile":"siret3_r010_c000","source_target_id":"T-GAP-0077","priority":2,"route_role":"must","skip_reason":"disconnected"},"geometry":{"type":"Point","coordinates":[28.7013553,47.1271598]}},{"type":"Feature","id":538,"properties":{"target_id":"T538","type":"gap","vineyard_id":"V03","row_id":"V03-R047","waste_id":null,"route_order":null,"reachable":false,"gap_length_m":6.375,"note":"row_gap; gap 6.38 m; disconnected","kind":"row_gap","tile":"siret3_r009_c000","source_target_id":"T-GAP-0078","priority":2,"route_role":"must","skip_reason":"disconnected"},"geometry":{"type":"Point","coordinates":[28.7011414,47.1273937]}},{"type":"Feature","id":539,"properties":{"target_id":"T539","type":"gap","vineyard_id":"V03","row_id":"V03-R051","waste_id":null,"route_order":null,"reachable":false,"gap_length_m":7.225,"note":"row_gap; gap 7.23 m; disconnected","kind":"row_gap","tile":"siret3_r009_c000","source_target_id":"T-GAP-0079","priority":2,"route_role":"must","skip_reason":"disconnected"},"geometry":{"type":"Point","coordinates":[28.7009951,47.1273513]}},{"type":"Feature","id":540,"properties":{"target_id":"T540","type":"gap","vineyard_id":"V08","row_id":"V08-R003","waste_id":null,"route_order":null,"reachable":false,"gap_length_m":5.125,"note":"row_gap; gap 5.12 m; disconnected","kind":"row_gap","tile":"siret3_r013_c009","source_target_id":"T-GAP-0080","priority":2,"route_role":"must","skip_reason":"disconnected"},"geometry":{"type":"Point","coordinates":[28.7072531,47.1257244]}},{"type":"Feature","id":541,"properties":{"target_id":"T541","type":"gap","vineyard_id":"V08","row_id":"V08-R004","waste_id":null,"route_order":null,"reachable":false,"gap_length_m":8.575,"note":"row_gap; gap 8.57 m; disconnected","kind":"row_gap","tile":"siret3_r013_c009","source_target_id":"T-GAP-0081","priority":2,"route_role":"must","skip_reason":"disconnected"},"geometry":{"type":"Point","coordinates":[28.7072344,47.1257033]}},{"type":"Feature","id":542,"properties":{"target_id":"T542","type":"gap","vineyard_id":"V08","row_id":"V08-R005","waste_id":null,"route_order":null,"reachable":false,"gap_length_m":5.075,"note":"row_gap; gap 5.07 m; disconnected","kind":"row_gap","tile":"siret3_r013_c009","source_target_id":"T-GAP-0082","priority":2,"route_role":"must","skip_reason":"disconnected"},"geometry":{"type":"Point","coordinates":[28.7070777,47.1256575]}},{"type":"Feature","id":543,"properties":{"target_id":"T543","type":"gap","vineyard_id":"V08","row_id":"V08-R005","waste_id":null,"route_order":null,"reachable":false,"gap_length_m":7,"note":"row_gap; gap 7.00 m; disconnected","kind":"row_gap","tile":"siret3_r013_c009","source_target_id":"T-GAP-0083","priority":2,"route_role":"must","skip_reason":"disconnected"},"geometry":{"type":"Point","coordinates":[28.7071669,47.1256713]}},{"type":"Feature","id":544,"properties":{"target_id":"T544","type":"gap","vineyard_id":"V08","row_id":"V08-R007","waste_id":null,"route_order":null,"reachable":false,"gap_length_m":5,"note":"row_gap; gap 5.00 m; disconnected","kind":"row_gap","tile":"siret3_r013_c009","source_target_id":"T-GAP-0084","priority":2,"route_role":"must","skip_reason":"disconnected"},"geometry":{"type":"Point","coordinates":[28.7071319,47.1256298]}},{"type":"Feature","id":545,"properties":{"target_id":"T545","type":"gap","vineyard_id":"V10","row_id":"V10-R013","waste_id":null,"route_order":null,"reachable":false,"gap_length_m":6.525,"note":"row_gap; gap 6.53 m; too_far","kind":"row_gap","tile":"siret3_r014_c004","source_target_id":"T-GAP-0093","priority":2,"route_role":"must","skip_reason":"too_far"},"geometry":{"type":"Point","coordinates":[28.7036219,47.1252497]}},{"type":"Feature","id":546,"properties":{"target_id":"T546","type":"gap","vineyard_id":"V11","row_id":"V11-R008","waste_id":null,"route_order":null,"reachable":false,"gap_length_m":6.625,"note":"row_gap; gap 6.62 m; disconnected","kind":"row_gap","tile":"siret3_r014_c004","source_target_id":"T-GAP-0094","priority":2,"route_role":"must","skip_reason":"disconnected"},"geometry":{"type":"Point","coordinates":[28.7036229,47.1251057]}},{"type":"Feature","id":547,"properties":{"target_id":"T547","type":"gap","vineyard_id":"V13","row_id":"V13-R076","waste_id":null,"route_order":null,"reachable":false,"gap_length_m":6.9,"note":"row_gap; gap 6.90 m; too_far","kind":"row_gap","tile":"siret3_r020_c010","source_target_id":"T-GAP-0127","priority":2,"route_role":"must","skip_reason":"too_far"},"geometry":{"type":"Point","coordinates":[28.7078351,47.1224514]}},{"type":"Feature","id":548,"properties":{"target_id":"T548","type":"gap","vineyard_id":"V16","row_id":"V16-R003","waste_id":null,"route_order":null,"reachable":false,"gap_length_m":8.625,"note":"row_gap; gap 8.62 m; too_far","kind":"row_gap","tile":"siret3_r024_c017","source_target_id":"T-GAP-0131","priority":2,"route_role":"must","skip_reason":"too_far"},"geometry":{"type":"Point","coordinates":[28.7122492,47.1203146]}},{"type":"Feature","id":549,"properties":{"target_id":"T549","type":"gap","vineyard_id":"V16","row_id":"V16-R003","waste_id":null,"route_order":null,"reachable":false,"gap_length_m":6.575,"note":"row_gap; gap 6.57 m; too_far","kind":"row_gap","tile":"siret3_r024_c017","source_target_id":"T-GAP-0132","priority":2,"route_role":"must","skip_reason":"too_far"},"geometry":{"type":"Point","coordinates":[28.7121425,47.1204143]}},{"type":"Feature","id":550,"properties":{"target_id":"T550","type":"gap","vineyard_id":"V16","row_id":"V16-R034","waste_id":null,"route_order":null,"reachable":false,"gap_length_m":16.225,"note":"row_gap; gap 16.23 m; too_far","kind":"row_gap","tile":"siret3_r027_c018","source_target_id":"T-GAP-0144","priority":1,"route_role":"must","skip_reason":"too_far"},"geometry":{"type":"Point","coordinates":[28.7131889,47.1187974]}},{"type":"Feature","id":551,"properties":{"target_id":"T551","type":"gap","vineyard_id":"V16","row_id":"V16-R040","waste_id":null,"route_order":null,"reachable":false,"gap_length_m":9.875,"note":"row_gap; gap 9.88 m; too_far","kind":"row_gap","tile":"siret3_r026_c017","source_target_id":"T-GAP-0151","priority":2,"route_role":"must","skip_reason":"too_far"},"geometry":{"type":"Point","coordinates":[28.7122271,47.1195635]}},{"type":"Feature","id":552,"properties":{"target_id":"T552","type":"gap","vineyard_id":"V17","row_id":"V17-R005","waste_id":null,"route_order":null,"reachable":false,"gap_length_m":6.825,"note":"row_gap; gap 6.83 m; too_far","kind":"row_gap","tile":"siret3_r029_c025","source_target_id":"T-GAP-0154","priority":2,"route_role":"must","skip_reason":"too_far"},"geometry":{"type":"Point","coordinates":[28.7175336,47.1180414]}},{"type":"Feature","id":553,"properties":{"target_id":"T553","type":"gap","vineyard_id":"V25","row_id":"V25-R002","waste_id":null,"route_order":null,"reachable":false,"gap_length_m":5.15,"note":"row_gap; gap 5.15 m; disconnected","kind":"row_gap","tile":"siret3_r031_c017","source_target_id":"T-GAP-0158","priority":2,"route_role":"must","skip_reason":"disconnected"},"geometry":{"type":"Point","coordinates":[28.7123488,47.1172164]}},{"type":"Feature","id":554,"properties":{"target_id":"T554","type":"gap","vineyard_id":"V25","row_id":"V25-R004","waste_id":null,"route_order":null,"reachable":false,"gap_length_m":6.625,"note":"row_gap; gap 6.62 m; disconnected","kind":"row_gap","tile":"siret3_r031_c017","source_target_id":"T-GAP-0159","priority":2,"route_role":"must","skip_reason":"disconnected"},"geometry":{"type":"Point","coordinates":[28.7125277,47.117285]}},{"type":"Feature","id":555,"properties":{"target_id":"T555","type":"gap","vineyard_id":"V30","row_id":"V30-R002","waste_id":null,"route_order":null,"reachable":false,"gap_length_m":6.375,"note":"row_gap; gap 6.38 m; disconnected","kind":"row_gap","tile":"siret3_r033_c022","source_target_id":"T-GAP-0162","priority":2,"route_role":"must","skip_reason":"disconnected"},"geometry":{"type":"Point","coordinates":[28.7157011,47.1161278]}},{"type":"Feature","id":556,"properties":{"target_id":"T556","type":"gap","vineyard_id":"V30","row_id":"V30-R003","waste_id":null,"route_order":null,"reachable":false,"gap_length_m":14.6,"note":"row_gap; gap 14.60 m; disconnected","kind":"row_gap","tile":"siret3_r033_c022","source_target_id":"T-GAP-0163","priority":1,"route_role":"must","skip_reason":"disconnected"},"geometry":{"type":"Point","coordinates":[28.7157905,47.1161458]}},{"type":"Feature","id":557,"properties":{"target_id":"T557","type":"gap","vineyard_id":"V31","row_id":"V31-R002","waste_id":null,"route_order":null,"reachable":false,"gap_length_m":5.225,"note":"row_gap; gap 5.23 m; disconnected","kind":"row_gap","tile":"siret3_r034_c026","source_target_id":"T-GAP-0164","priority":2,"route_role":"must","skip_reason":"disconnected"},"geometry":{"type":"Point","coordinates":[28.7182101,47.1156876]}},{"type":"Feature","id":558,"properties":{"target_id":"T558","type":"gap","vineyard_id":"V31","row_id":"V31-R005","waste_id":null,"route_order":null,"reachable":false,"gap_length_m":6.7,"note":"row_gap; gap 6.70 m; disconnected","kind":"row_gap","tile":"siret3_r034_c026","source_target_id":"T-GAP-0165","priority":2,"route_role":"must","skip_reason":"disconnected"},"geometry":{"type":"Point","coordinates":[28.7181196,47.1156881]}},{"type":"Feature","id":559,"properties":{"target_id":"T559","type":"gap","vineyard_id":"V31","row_id":"V31-R006","waste_id":null,"route_order":null,"reachable":false,"gap_length_m":6.4,"note":"row_gap; gap 6.40 m; disconnected","kind":"row_gap","tile":"siret3_r034_c026","source_target_id":"T-GAP-0166","priority":2,"route_role":"must","skip_reason":"disconnected"},"geometry":{"type":"Point","coordinates":[28.7181072,47.1156521]}},{"type":"Feature","id":560,"properties":{"target_id":"T560","type":"gap","vineyard_id":"V31","row_id":"V31-R009","waste_id":null,"route_order":null,"reachable":false,"gap_length_m":6.625,"note":"row_gap; gap 6.63 m; too_far","kind":"row_gap","tile":"siret3_r034_c026","source_target_id":"T-GAP-0167","priority":2,"route_role":"must","skip_reason":"too_far"},"geometry":{"type":"Point","coordinates":[28.7179921,47.1156177]}},{"type":"Feature","id":561,"properties":{"target_id":"T561","type":"gap","vineyard_id":"V35","row_id":"V35-R002","waste_id":null,"route_order":null,"reachable":false,"gap_length_m":9.825,"note":"row_gap; gap 9.82 m; disconnected","kind":"row_gap","tile":"siret3_r035_c021","source_target_id":"T-GAP-0168","priority":2,"route_role":"must","skip_reason":"disconnected"},"geometry":{"type":"Point","coordinates":[28.7150976,47.1152274]}},{"type":"Feature","id":562,"properties":{"target_id":"T562","type":"gap","vineyard_id":"V35","row_id":"V35-R003","waste_id":null,"route_order":null,"reachable":false,"gap_length_m":6.475,"note":"row_gap; gap 6.47 m; disconnected","kind":"row_gap","tile":"siret3_r035_c022","source_target_id":"T-GAP-0169","priority":2,"route_role":"must","skip_reason":"disconnected"},"geometry":{"type":"Point","coordinates":[28.7153441,47.1154047]}},{"type":"Feature","id":563,"properties":{"target_id":"T563","type":"gap","vineyard_id":"V35","row_id":"V35-R005","waste_id":null,"route_order":null,"reachable":false,"gap_length_m":5.575,"note":"row_gap; gap 5.57 m; disconnected","kind":"row_gap","tile":"siret3_r035_c022","source_target_id":"T-GAP-0170","priority":2,"route_role":"must","skip_reason":"disconnected"},"geometry":{"type":"Point","coordinates":[28.7154544,47.1154596]}},{"type":"Feature","id":564,"properties":{"target_id":"T564","type":"gap","vineyard_id":"V36","row_id":"V36-R003","waste_id":null,"route_order":null,"reachable":false,"gap_length_m":8.55,"note":"row_gap; gap 8.55 m; disconnected","kind":"row_gap","tile":"siret3_r035_c022","source_target_id":"T-GAP-0171","priority":2,"route_role":"must","skip_reason":"disconnected"},"geometry":{"type":"Point","coordinates":[28.7155395,47.1152453]}},{"type":"Feature","id":565,"properties":{"target_id":"T565","type":"gap","vineyard_id":"V37","row_id":"V37-R006","waste_id":null,"route_order":null,"reachable":false,"gap_length_m":6.525,"note":"row_gap; gap 6.52 m; disconnected","kind":"row_gap","tile":"siret3_r035_c026","source_target_id":"T-GAP-0172","priority":2,"route_role":"must","skip_reason":"disconnected"},"geometry":{"type":"Point","coordinates":[28.7184646,47.1151779]}},{"type":"Feature","id":566,"properties":{"target_id":"T566","type":"gap","vineyard_id":"V37","row_id":"V37-R006","waste_id":null,"route_order":null,"reachable":false,"gap_length_m":10.25,"note":"row_gap; gap 10.25 m; disconnected","kind":"row_gap","tile":"siret3_r035_c026","source_target_id":"T-GAP-0173","priority":1,"route_role":"must","skip_reason":"disconnected"},"geometry":{"type":"Point","coordinates":[28.7182851,47.1153269]}},{"type":"Feature","id":567,"properties":{"target_id":"T567","type":"gap","vineyard_id":"V37","row_id":"V37-R008","waste_id":null,"route_order":null,"reachable":false,"gap_length_m":5.175,"note":"row_gap; gap 5.17 m; disconnected","kind":"row_gap","tile":"siret3_r035_c026","source_target_id":"T-GAP-0174","priority":2,"route_role":"must","skip_reason":"disconnected"},"geometry":{"type":"Point","coordinates":[28.7181571,47.1153562]}},{"type":"Feature","id":568,"properties":{"target_id":"T568","type":"gap","vineyard_id":"V38","row_id":"V38-R007","waste_id":null,"route_order":null,"reachable":false,"gap_length_m":7.075,"note":"row_gap; gap 7.08 m; disconnected","kind":"row_gap","tile":"siret3_r035_c022","source_target_id":"T-GAP-0175","priority":2,"route_role":"must","skip_reason":"disconnected"},"geometry":{"type":"Point","coordinates":[28.7157436,47.1151673]}},{"type":"Feature","id":569,"properties":{"target_id":"T569","type":"gap","vineyard_id":"V39","row_id":"V39-R001","waste_id":null,"route_order":null,"reachable":false,"gap_length_m":5,"note":"row_gap; gap 5.00 m; disconnected","kind":"row_gap","tile":"siret3_r035_c022","source_target_id":"T-GAP-0176","priority":2,"route_role":"must","skip_reason":"disconnected"},"geometry":{"type":"Point","coordinates":[28.7157663,47.1151115]}},{"type":"Feature","id":570,"properties":{"target_id":"T570","type":"gap","vineyard_id":"V40","row_id":"V40-R002","waste_id":null,"route_order":null,"reachable":false,"gap_length_m":7.425,"note":"row_gap; gap 7.43 m; disconnected","kind":"row_gap","tile":"siret3_r036_c026","source_target_id":"T-GAP-0177","priority":2,"route_role":"must","skip_reason":"disconnected"},"geometry":{"type":"Point","coordinates":[28.7184049,47.114737]}},{"type":"Feature","id":571,"properties":{"target_id":"T571","type":"gap","vineyard_id":"V40","row_id":"V40-R004","waste_id":null,"route_order":null,"reachable":false,"gap_length_m":7.075,"note":"row_gap; gap 7.08 m; disconnected","kind":"row_gap","tile":"siret3_r036_c026","source_target_id":"T-GAP-0178","priority":2,"route_role":"must","skip_reason":"disconnected"},"geometry":{"type":"Point","coordinates":[28.718534,47.1147792]}},{"type":"Feature","id":572,"properties":{"target_id":"T572","type":"gap","vineyard_id":"V41","row_id":"V41-R002","waste_id":null,"route_order":null,"reachable":false,"gap_length_m":5.375,"note":"row_gap; gap 5.38 m; disconnected","kind":"row_gap","tile":"siret3_r036_c023","source_target_id":"T-GAP-0179","priority":2,"route_role":"must","skip_reason":"disconnected"},"geometry":{"type":"Point","coordinates":[28.7164862,47.1148009]}},{"type":"Feature","id":573,"properties":{"target_id":"T573","type":"gap","vineyard_id":"V41","row_id":"V41-R003","waste_id":null,"route_order":null,"reachable":false,"gap_length_m":22.15,"note":"row_gap; gap 22.15 m; disconnected","kind":"row_gap","tile":"siret3_r036_c023","source_target_id":"T-GAP-0180","priority":1,"route_role":"must","skip_reason":"disconnected"},"geometry":{"type":"Point","coordinates":[28.716387,47.1146557]}},{"type":"Feature","id":574,"properties":{"target_id":"T574","type":"gap","vineyard_id":"V41","row_id":"V41-R003","waste_id":null,"route_order":null,"reachable":false,"gap_length_m":22.15,"note":"row_gap; gap 22.15 m; disconnected","kind":"row_gap","tile":"siret3_r036_c023","source_target_id":"T-GAP-0181","priority":1,"route_role":"must","skip_reason":"disconnected"},"geometry":{"type":"Point","coordinates":[28.716467,47.114739]}},{"type":"Feature","id":575,"properties":{"target_id":"T575","type":"gap","vineyard_id":"V41","row_id":"V41-R004","waste_id":null,"route_order":null,"reachable":false,"gap_length_m":6.975,"note":"row_gap; gap 6.97 m; too_far","kind":"row_gap","tile":"siret3_r036_c024","source_target_id":"T-GAP-0182","priority":2,"route_role":"must","skip_reason":"too_far"},"geometry":{"type":"Point","coordinates":[28.7166593,47.1148955]}},{"type":"Feature","id":576,"properties":{"target_id":"T576","type":"gap","vineyard_id":"V41","row_id":"V41-R006","waste_id":null,"route_order":null,"reachable":false,"gap_length_m":20.184,"note":"row_gap; gap 20.18 m (censored); disconnected","kind":"row_gap","tile":"siret3_r036_c024","source_target_id":"T-GAP-0183","priority":1,"route_role":"must","skip_reason":"disconnected"},"geometry":{"type":"Point","coordinates":[28.7166602,47.1147998]}},{"type":"Feature","id":577,"properties":{"target_id":"T577","type":"gap","vineyard_id":"V41","row_id":"V41-R006","waste_id":null,"route_order":null,"reachable":false,"gap_length_m":14.7,"note":"row_gap; gap 14.70 m; disconnected","kind":"row_gap","tile":"siret3_r036_c024","source_target_id":"T-GAP-0184","priority":1,"route_role":"must","skip_reason":"disconnected"},"geometry":{"type":"Point","coordinates":[28.7167587,47.1149017]}},{"type":"Feature","id":578,"properties":{"target_id":"T578","type":"gap","vineyard_id":"V41","row_id":"V41-R008","waste_id":null,"route_order":null,"reachable":false,"gap_length_m":21.425,"note":"row_gap; gap 21.43 m; disconnected","kind":"row_gap","tile":"siret3_r036_c024","source_target_id":"T-GAP-0185","priority":1,"route_role":"must","skip_reason":"disconnected"},"geometry":{"type":"Point","coordinates":[28.7167255,47.1148169]}},{"type":"Feature","id":579,"properties":{"target_id":"T579","type":"gap","vineyard_id":"V41","row_id":"V41-R008","waste_id":null,"route_order":null,"reachable":false,"gap_length_m":21.425,"note":"row_gap; gap 21.43 m; disconnected","kind":"row_gap","tile":"siret3_r036_c024","source_target_id":"T-GAP-0186","priority":1,"route_role":"must","skip_reason":"disconnected"},"geometry":{"type":"Point","coordinates":[28.7168022,47.1148978]}},{"type":"Feature","id":580,"properties":{"target_id":"T580","type":"gap","vineyard_id":"V41","row_id":"V41-R059","waste_id":null,"route_order":null,"reachable":false,"gap_length_m":6.1,"note":"row_gap; gap 6.10 m; disconnected","kind":"row_gap","tile":"siret3_r035_c026","source_target_id":"T-GAP-0210","priority":2,"route_role":"must","skip_reason":"disconnected"},"geometry":{"type":"Point","coordinates":[28.7179285,47.1150355]}},{"type":"Feature","id":581,"properties":{"target_id":"T581","type":"gap","vineyard_id":"V41","row_id":"V41-R061","waste_id":null,"route_order":null,"reachable":false,"gap_length_m":6.7,"note":"row_gap; gap 6.70 m; disconnected","kind":"row_gap","tile":"siret3_r036_c025","source_target_id":"T-GAP-0211","priority":2,"route_role":"must","skip_reason":"disconnected"},"geometry":{"type":"Point","coordinates":[28.7177742,47.1148323]}},{"type":"Feature","id":582,"properties":{"target_id":"T582","type":"gap","vineyard_id":"V41","row_id":"V41-R061","waste_id":null,"route_order":null,"reachable":false,"gap_length_m":6.6,"note":"row_gap; gap 6.60 m; disconnected","kind":"row_gap","tile":"siret3_r036_c026","source_target_id":"T-GAP-0212","priority":2,"route_role":"must","skip_reason":"disconnected"},"geometry":{"type":"Point","coordinates":[28.7179412,47.1150063]}},{"type":"Feature","id":583,"properties":{"target_id":"T583","type":"gap","vineyard_id":"V41","row_id":"V41-R062","waste_id":null,"route_order":null,"reachable":false,"gap_length_m":8.95,"note":"row_gap; gap 8.95 m; disconnected","kind":"row_gap","tile":"siret3_r036_c025","source_target_id":"T-GAP-0213","priority":2,"route_role":"must","skip_reason":"disconnected"},"geometry":{"type":"Point","coordinates":[28.7178862,47.1149134]}},{"type":"Feature","id":584,"properties":{"target_id":"T584","type":"gap","vineyard_id":"V41","row_id":"V41-R064","waste_id":null,"route_order":null,"reachable":false,"gap_length_m":5.575,"note":"row_gap; gap 5.58 m; disconnected","kind":"row_gap","tile":"siret3_r036_c025","source_target_id":"T-GAP-0214","priority":2,"route_role":"must","skip_reason":"disconnected"},"geometry":{"type":"Point","coordinates":[28.7176777,47.1146539]}},{"type":"Feature","id":585,"properties":{"target_id":"T585","type":"gap","vineyard_id":"V44","row_id":"V44-R007","waste_id":null,"route_order":null,"reachable":false,"gap_length_m":6.85,"note":"row_gap; gap 6.85 m; disconnected","kind":"row_gap","tile":"siret3_r038_c023","source_target_id":"T-GAP-0215","priority":2,"route_role":"must","skip_reason":"disconnected"},"geometry":{"type":"Point","coordinates":[28.7162649,47.1140627]}},{"type":"Feature","id":586,"properties":{"target_id":"T586","type":"gap","vineyard_id":"V44","row_id":"V44-R007","waste_id":null,"route_order":null,"reachable":false,"gap_length_m":5.875,"note":"row_gap; gap 5.88 m; disconnected","kind":"row_gap","tile":"siret3_r037_c023","source_target_id":"T-GAP-0216","priority":2,"route_role":"must","skip_reason":"disconnected"},"geometry":{"type":"Point","coordinates":[28.7159512,47.1142373]}},{"type":"Feature","id":587,"properties":{"target_id":"T587","type":"gap","vineyard_id":"V44","row_id":"V44-R008","waste_id":null,"route_order":null,"reachable":false,"gap_length_m":5.8,"note":"row_gap; gap 5.80 m; disconnected","kind":"row_gap","tile":"siret3_r038_c023","source_target_id":"T-GAP-0217","priority":2,"route_role":"must","skip_reason":"disconnected"},"geometry":{"type":"Point","coordinates":[28.7164001,47.1139561]}},{"type":"Feature","id":588,"properties":{"target_id":"T588","type":"gap","vineyard_id":"V44","row_id":"V44-R008","waste_id":null,"route_order":null,"reachable":false,"gap_length_m":9.65,"note":"row_gap; gap 9.65 m; disconnected","kind":"row_gap","tile":"siret3_r038_c023","source_target_id":"T-GAP-0218","priority":2,"route_role":"must","skip_reason":"disconnected"},"geometry":{"type":"Point","coordinates":[28.7162626,47.1140328]}},{"type":"Feature","id":589,"properties":{"target_id":"T589","type":"gap","vineyard_id":"V44","row_id":"V44-R008","waste_id":null,"route_order":null,"reachable":false,"gap_length_m":5.25,"note":"row_gap; gap 5.25 m; disconnected","kind":"row_gap","tile":"siret3_r037_c023","source_target_id":"T-GAP-0219","priority":2,"route_role":"must","skip_reason":"disconnected"},"geometry":{"type":"Point","coordinates":[28.7159393,47.1142131]}},{"type":"Feature","id":590,"properties":{"target_id":"T590","type":"gap","vineyard_id":"V44","row_id":"V44-R009","waste_id":null,"route_order":null,"reachable":false,"gap_length_m":5.725,"note":"row_gap; gap 5.73 m; disconnected","kind":"row_gap","tile":"siret3_r038_c023","source_target_id":"T-GAP-0220","priority":2,"route_role":"must","skip_reason":"disconnected"},"geometry":{"type":"Point","coordinates":[28.7163489,47.1139515]}},{"type":"Feature","id":591,"properties":{"target_id":"T591","type":"gap","vineyard_id":"V44","row_id":"V44-R015","waste_id":null,"route_order":null,"reachable":false,"gap_length_m":8.15,"note":"row_gap; gap 8.15 m; disconnected","kind":"row_gap","tile":"siret3_r038_c023","source_target_id":"T-GAP-0221","priority":2,"route_role":"must","skip_reason":"disconnected"},"geometry":{"type":"Point","coordinates":[28.7160603,47.1139533]}},{"type":"Feature","id":592,"properties":{"target_id":"T592","type":"gap","vineyard_id":"V44","row_id":"V44-R020","waste_id":null,"route_order":null,"reachable":false,"gap_length_m":5.075,"note":"row_gap; gap 5.08 m; disconnected","kind":"row_gap","tile":"siret3_r038_c023","source_target_id":"T-GAP-0222","priority":2,"route_role":"must","skip_reason":"disconnected"},"geometry":{"type":"Point","coordinates":[28.7162894,47.1136978]}},{"type":"Feature","id":593,"properties":{"target_id":"T593","type":"gap","vineyard_id":"V44","row_id":"V44-R022","waste_id":null,"route_order":null,"reachable":false,"gap_length_m":5.175,"note":"row_gap; gap 5.18 m; disconnected","kind":"row_gap","tile":"siret3_r038_c023","source_target_id":"T-GAP-0223","priority":2,"route_role":"must","skip_reason":"disconnected"},"geometry":{"type":"Point","coordinates":[28.7158853,47.1138907]}},{"type":"Feature","id":594,"properties":{"target_id":"T594","type":"gap","vineyard_id":"V44","row_id":"V44-R025","waste_id":null,"route_order":null,"reachable":false,"gap_length_m":7.225,"note":"row_gap; gap 7.23 m; disconnected","kind":"row_gap","tile":"siret3_r039_c023","source_target_id":"T-GAP-0224","priority":2,"route_role":"must","skip_reason":"disconnected"},"geometry":{"type":"Point","coordinates":[28.7162116,47.113644]}},{"type":"Feature","id":595,"properties":{"target_id":"T595","type":"gap","vineyard_id":"V44","row_id":"V44-R026","waste_id":null,"route_order":null,"reachable":false,"gap_length_m":10.1,"note":"row_gap; gap 10.10 m; too_far","kind":"row_gap","tile":"siret3_r038_c023","source_target_id":"T-GAP-0225","priority":1,"route_role":"must","skip_reason":"too_far"},"geometry":{"type":"Point","coordinates":[28.7160425,47.1137354]}},{"type":"Feature","id":596,"properties":{"target_id":"T596","type":"missing","vineyard_id":"V01","row_id":"V01-R005","waste_id":null,"route_order":null,"reachable":true,"gap_length_m":3.675,"note":"missing_plant; missing plant 3.68 m; optional_detour","kind":"missing_plant","tile":"siret3_r005_c004","source_target_id":"T-MSP-0001","priority":3,"route_role":"optional","skip_reason":"optional_detour"},"geometry":{"type":"Point","coordinates":[28.7041153,47.1293166]}},{"type":"Feature","id":597,"properties":{"target_id":"T597","type":"missing","vineyard_id":"V01","row_id":"V01-R014","waste_id":null,"route_order":null,"reachable":true,"gap_length_m":2.65,"note":"missing_plant; missing plant 2.65 m","kind":"missing_plant","tile":"siret3_r005_c004","source_target_id":"T-MSP-0008","priority":3,"route_role":"optional","skip_reason":"not_covered"},"geometry":{"type":"Point","coordinates":[28.70397,47.1290745]}},{"type":"Feature","id":598,"properties":{"target_id":"T598","type":"missing","vineyard_id":"V01","row_id":"V01-R016","waste_id":null,"route_order":null,"reachable":true,"gap_length_m":4.5,"note":"missing_plant; missing plant 4.50 m","kind":"missing_plant","tile":"siret3_r005_c004","source_target_id":"T-MSP-0011","priority":3,"route_role":"optional","skip_reason":"not_covered"},"geometry":{"type":"Point","coordinates":[28.7039075,47.1291183]}},{"type":"Feature","id":599,"properties":{"target_id":"T599","type":"missing","vineyard_id":"V01","row_id":"V01-R021","waste_id":null,"route_order":null,"reachable":true,"gap_length_m":2.475,"note":"missing_plant; missing plant 2.48 m; optional_detour","kind":"missing_plant","tile":"siret3_r008_c005","source_target_id":"T-MSP-0020","priority":3,"route_role":"optional","skip_reason":"optional_detour"},"geometry":{"type":"Point","coordinates":[28.7044308,47.1280688]}},{"type":"Feature","id":600,"properties":{"target_id":"T600","type":"missing","vineyard_id":"V01","row_id":"V01-R026","waste_id":null,"route_order":null,"reachable":true,"gap_length_m":2.25,"note":"missing_plant; missing plant 2.25 m; optional_detour","kind":"missing_plant","tile":"siret3_r008_c005","source_target_id":"T-MSP-0021","priority":3,"route_role":"optional","skip_reason":"optional_detour"},"geometry":{"type":"Point","coordinates":[28.7045356,47.1277588]}},{"type":"Feature","id":601,"properties":{"target_id":"T601","type":"missing","vineyard_id":"V01","row_id":"V01-R026","waste_id":null,"route_order":null,"reachable":true,"gap_length_m":2.875,"note":"missing_plant; missing plant 2.88 m; optional_detour","kind":"missing_plant","tile":"siret3_r008_c005","source_target_id":"T-MSP-0022","priority":3,"route_role":"optional","skip_reason":"optional_detour"},"geometry":{"type":"Point","coordinates":[28.7045131,47.1277993]}},{"type":"Feature","id":602,"properties":{"target_id":"T602","type":"missing","vineyard_id":"V01","row_id":"V01-R027","waste_id":null,"route_order":null,"reachable":true,"gap_length_m":2.45,"note":"missing_plant; missing plant 2.45 m; optional_detour","kind":"missing_plant","tile":"siret3_r006_c004","source_target_id":"T-MSP-0023","priority":3,"route_role":"optional","skip_reason":"optional_detour"},"geometry":{"type":"Point","coordinates":[28.7039152,47.1287931]}},{"type":"Feature","id":603,"properties":{"target_id":"T603","type":"missing","vineyard_id":"V01","row_id":"V01-R030","waste_id":null,"route_order":null,"reachable":true,"gap_length_m":2.45,"note":"missing_plant; missing plant 2.45 m; optional_detour","kind":"missing_plant","tile":"siret3_r008_c005","source_target_id":"T-MSP-0028","priority":3,"route_role":"optional","skip_reason":"optional_detour"},"geometry":{"type":"Point","coordinates":[28.7044657,47.1277599]}},{"type":"Feature","id":604,"properties":{"target_id":"T604","type":"missing","vineyard_id":"V01","row_id":"V01-R030","waste_id":null,"route_order":null,"reachable":true,"gap_length_m":4.075,"note":"missing_plant; missing plant 4.07 m; optional_detour","kind":"missing_plant","tile":"siret3_r008_c005","source_target_id":"T-MSP-0029","priority":3,"route_role":"optional","skip_reason":"optional_detour"},"geometry":{"type":"Point","coordinates":[28.7043792,47.1279142]}},{"type":"Feature","id":605,"properties":{"target_id":"T605","type":"missing","vineyard_id":"V01","row_id":"V01-R031","waste_id":null,"route_order":null,"reachable":true,"gap_length_m":2.225,"note":"missing_plant; missing plant 2.22 m; optional_detour","kind":"missing_plant","tile":"siret3_r008_c005","source_target_id":"T-MSP-0030","priority":3,"route_role":"optional","skip_reason":"optional_detour"},"geometry":{"type":"Point","coordinates":[28.7044198,47.1277759]}},{"type":"Feature","id":606,"properties":{"target_id":"T606","type":"missing","vineyard_id":"V01","row_id":"V01-R052","waste_id":null,"route_order":null,"reachable":true,"gap_length_m":3.125,"note":"missing_plant; missing plant 3.12 m; optional_detour","kind":"missing_plant","tile":"siret3_r006_c003","source_target_id":"T-MSP-0052","priority":3,"route_role":"optional","skip_reason":"optional_detour"},"geometry":{"type":"Point","coordinates":[28.7034659,47.1290087]}},{"type":"Feature","id":607,"properties":{"target_id":"T607","type":"missing","vineyard_id":"V01","row_id":"V01-R057","waste_id":null,"route_order":null,"reachable":true,"gap_length_m":4.875,"note":"missing_plant; missing plant 4.88 m; optional_detour","kind":"missing_plant","tile":"siret3_r009_c004","source_target_id":"T-MSP-0066","priority":3,"route_role":"optional","skip_reason":"optional_detour"},"geometry":{"type":"Point","coordinates":[28.7040833,47.1276068]}},{"type":"Feature","id":608,"properties":{"target_id":"T608","type":"missing","vineyard_id":"V01","row_id":"V01-R057","waste_id":null,"route_order":null,"reachable":true,"gap_length_m":2.875,"note":"missing_plant; missing plant 2.88 m; optional_detour","kind":"missing_plant","tile":"siret3_r009_c004","source_target_id":"T-MSP-0067","priority":3,"route_role":"optional","skip_reason":"optional_detour"},"geometry":{"type":"Point","coordinates":[28.7040457,47.1276762]}},{"type":"Feature","id":609,"properties":{"target_id":"T609","type":"missing","vineyard_id":"V01","row_id":"V01-R059","waste_id":null,"route_order":null,"reachable":true,"gap_length_m":3.225,"note":"missing_plant; missing plant 3.23 m; optional_detour","kind":"missing_plant","tile":"siret3_r009_c004","source_target_id":"T-MSP-0068","priority":3,"route_role":"optional","skip_reason":"optional_detour"},"geometry":{"type":"Point","coordinates":[28.7040558,47.1275891]}},{"type":"Feature","id":610,"properties":{"target_id":"T610","type":"missing","vineyard_id":"V01","row_id":"V01-R059","waste_id":null,"route_order":null,"reachable":true,"gap_length_m":2.3,"note":"missing_plant; missing plant 2.30 m; optional_detour","kind":"missing_plant","tile":"siret3_r007_c004","source_target_id":"T-MSP-0069","priority":3,"route_role":"optional","skip_reason":"optional_detour"},"geometry":{"type":"Point","coordinates":[28.7037425,47.1281532]}},{"type":"Feature","id":611,"properties":{"target_id":"T611","type":"missing","vineyard_id":"V01","row_id":"V01-R060","waste_id":null,"route_order":null,"reachable":true,"gap_length_m":2.075,"note":"missing_plant; missing plant 2.07 m; optional_detour","kind":"missing_plant","tile":"siret3_r009_c004","source_target_id":"T-MSP-0070","priority":3,"route_role":"optional","skip_reason":"optional_detour"},"geometry":{"type":"Point","coordinates":[28.7040195,47.1275877]}},{"type":"Feature","id":612,"properties":{"target_id":"T612","type":"missing","vineyard_id":"V01","row_id":"V01-R060","waste_id":null,"route_order":null,"reachable":true,"gap_length_m":2.275,"note":"missing_plant; missing plant 2.27 m; optional_detour","kind":"missing_plant","tile":"siret3_r009_c004","source_target_id":"T-MSP-0071","priority":3,"route_role":"optional","skip_reason":"optional_detour"},"geometry":{"type":"Point","coordinates":[28.7039872,47.1276459]}},{"type":"Feature","id":613,"properties":{"target_id":"T613","type":"missing","vineyard_id":"V01","row_id":"V01-R060","waste_id":null,"route_order":null,"reachable":true,"gap_length_m":2.6,"note":"missing_plant; missing plant 2.60 m; optional_detour","kind":"missing_plant","tile":"siret3_r008_c004","source_target_id":"T-MSP-0072","priority":3,"route_role":"optional","skip_reason":"optional_detour"},"geometry":{"type":"Point","coordinates":[28.7039109,47.1277839]}},{"type":"Feature","id":614,"properties":{"target_id":"T614","type":"missing","vineyard_id":"V01","row_id":"V01-R060","waste_id":null,"route_order":null,"reachable":true,"gap_length_m":2.7,"note":"missing_plant; missing plant 2.70 m; optional_detour","kind":"missing_plant","tile":"siret3_r008_c004","source_target_id":"T-MSP-0073","priority":3,"route_role":"optional","skip_reason":"optional_detour"},"geometry":{"type":"Point","coordinates":[28.7038583,47.1278787]}},{"type":"Feature","id":615,"properties":{"target_id":"T615","type":"missing","vineyard_id":"V01","row_id":"V01-R061","waste_id":null,"route_order":null,"reachable":true,"gap_length_m":2.475,"note":"missing_plant; missing plant 2.47 m; optional_detour","kind":"missing_plant","tile":"siret3_r008_c004","source_target_id":"T-MSP-0074","priority":3,"route_role":"optional","skip_reason":"optional_detour"},"geometry":{"type":"Point","coordinates":[28.7038801,47.1277778]}},{"type":"Feature","id":616,"properties":{"target_id":"T616","type":"missing","vineyard_id":"V01","row_id":"V01-R061","waste_id":null,"route_order":null,"reachable":true,"gap_length_m":3.6,"note":"missing_plant; missing plant 3.60 m; optional_detour","kind":"missing_plant","tile":"siret3_r008_c004","source_target_id":"T-MSP-0075","priority":3,"route_role":"optional","skip_reason":"optional_detour"},"geometry":{"type":"Point","coordinates":[28.7037597,47.1279928]}},{"type":"Feature","id":617,"properties":{"target_id":"T617","type":"missing","vineyard_id":"V01","row_id":"V01-R061","waste_id":null,"route_order":null,"reachable":true,"gap_length_m":2.1,"note":"missing_plant; missing plant 2.10 m; optional_detour","kind":"missing_plant","tile":"siret3_r008_c004","source_target_id":"T-MSP-0076","priority":3,"route_role":"optional","skip_reason":"optional_detour"},"geometry":{"type":"Point","coordinates":[28.7037243,47.1280561]}},{"type":"Feature","id":618,"properties":{"target_id":"T618","type":"missing","vineyard_id":"V01","row_id":"V01-R062","waste_id":null,"route_order":null,"reachable":true,"gap_length_m":2.075,"note":"missing_plant; missing plant 2.07 m; optional_detour","kind":"missing_plant","tile":"siret3_r009_c004","source_target_id":"T-MSP-0077","priority":3,"route_role":"optional","skip_reason":"optional_detour"},"geometry":{"type":"Point","coordinates":[28.7039373,47.127613]}},{"type":"Feature","id":619,"properties":{"target_id":"T619","type":"missing","vineyard_id":"V01","row_id":"V01-R062","waste_id":null,"route_order":null,"reachable":true,"gap_length_m":2.975,"note":"missing_plant; missing plant 2.98 m; optional_detour","kind":"missing_plant","tile":"siret3_r008_c004","source_target_id":"T-MSP-0078","priority":3,"route_role":"optional","skip_reason":"optional_detour"},"geometry":{"type":"Point","coordinates":[28.7038847,47.1277069]}},{"type":"Feature","id":620,"properties":{"target_id":"T620","type":"missing","vineyard_id":"V01","row_id":"V01-R062","waste_id":null,"route_order":null,"reachable":true,"gap_length_m":4.45,"note":"missing_plant; missing plant 4.45 m; optional_detour","kind":"missing_plant","tile":"siret3_r008_c004","source_target_id":"T-MSP-0079","priority":3,"route_role":"optional","skip_reason":"optional_detour"},"geometry":{"type":"Point","coordinates":[28.7037942,47.1278686]}},{"type":"Feature","id":621,"properties":{"target_id":"T621","type":"missing","vineyard_id":"V01","row_id":"V01-R062","waste_id":null,"route_order":null,"reachable":true,"gap_length_m":2.05,"note":"missing_plant; missing plant 2.05 m; truncated","kind":"missing_plant","tile":"siret3_r008_c004","source_target_id":"T-MSP-0080","priority":3,"route_role":"optional","skip_reason":"truncated"},"geometry":{"type":"Point","coordinates":[28.7037265,47.1279896]}},{"type":"Feature","id":622,"properties":{"target_id":"T622","type":"missing","vineyard_id":"V01","row_id":"V01-R062","waste_id":null,"route_order":null,"reachable":true,"gap_length_m":2.4,"note":"missing_plant; missing plant 2.40 m; optional_detour","kind":"missing_plant","tile":"siret3_r007_c004","source_target_id":"T-MSP-0081","priority":3,"route_role":"optional","skip_reason":"optional_detour"},"geometry":{"type":"Point","coordinates":[28.7036141,47.1281895]}},{"type":"Feature","id":623,"properties":{"target_id":"T623","type":"missing","vineyard_id":"V01","row_id":"V01-R062","waste_id":null,"route_order":null,"reachable":true,"gap_length_m":2.925,"note":"missing_plant; missing plant 2.93 m; optional_detour","kind":"missing_plant","tile":"siret3_r007_c003","source_target_id":"T-MSP-0082","priority":3,"route_role":"optional","skip_reason":"optional_detour"},"geometry":{"type":"Point","coordinates":[28.7033769,47.1286081]}},{"type":"Feature","id":624,"properties":{"target_id":"T624","type":"missing","vineyard_id":"V01","row_id":"V01-R065","waste_id":null,"route_order":null,"reachable":true,"gap_length_m":2.675,"note":"missing_plant; missing plant 2.67 m; optional_detour","kind":"missing_plant","tile":"siret3_r006_c003","source_target_id":"T-MSP-0085","priority":3,"route_role":"optional","skip_reason":"optional_detour"},"geometry":{"type":"Point","coordinates":[28.7032559,47.1286897]}},{"type":"Feature","id":625,"properties":{"target_id":"T625","type":"missing","vineyard_id":"V01","row_id":"V01-R070","waste_id":null,"route_order":null,"reachable":true,"gap_length_m":2.675,"note":"missing_plant; missing plant 2.67 m; optional_detour","kind":"missing_plant","tile":"siret3_r008_c004","source_target_id":"T-MSP-0103","priority":3,"route_role":"optional","skip_reason":"optional_detour"},"geometry":{"type":"Point","coordinates":[28.7035976,47.1278986]}},{"type":"Feature","id":626,"properties":{"target_id":"T626","type":"missing","vineyard_id":"V01","row_id":"V01-R072","waste_id":null,"route_order":null,"reachable":true,"gap_length_m":3.4,"note":"missing_plant; missing plant 3.40 m; optional_detour","kind":"missing_plant","tile":"siret3_r007_c003","source_target_id":"T-MSP-0105","priority":3,"route_role":"optional","skip_reason":"optional_detour"},"geometry":{"type":"Point","coordinates":[28.7032007,47.1285364]}},{"type":"Feature","id":627,"properties":{"target_id":"T627","type":"missing","vineyard_id":"V01","row_id":"V01-R073","waste_id":null,"route_order":null,"reachable":true,"gap_length_m":3.15,"note":"missing_plant; missing plant 3.15 m; optional_detour","kind":"missing_plant","tile":"siret3_r006_c003","source_target_id":"T-MSP-0106","priority":3,"route_role":"optional","skip_reason":"optional_detour"},"geometry":{"type":"Point","coordinates":[28.7030308,47.1287971]}},{"type":"Feature","id":628,"properties":{"target_id":"T628","type":"missing","vineyard_id":"V01","row_id":"V01-R074","waste_id":null,"route_order":null,"reachable":true,"gap_length_m":3.575,"note":"missing_plant; missing plant 3.58 m; optional_detour","kind":"missing_plant","tile":"siret3_r009_c004","source_target_id":"T-MSP-0107","priority":3,"route_role":"optional","skip_reason":"optional_detour"},"geometry":{"type":"Point","coordinates":[28.7037903,47.1274285]}},{"type":"Feature","id":629,"properties":{"target_id":"T629","type":"missing","vineyard_id":"V01","row_id":"V01-R074","waste_id":null,"route_order":null,"reachable":true,"gap_length_m":3.7,"note":"missing_plant; missing plant 3.70 m; optional_detour","kind":"missing_plant","tile":"siret3_r009_c004","source_target_id":"T-MSP-0108","priority":3,"route_role":"optional","skip_reason":"optional_detour"},"geometry":{"type":"Point","coordinates":[28.7037575,47.127487]}},{"type":"Feature","id":630,"properties":{"target_id":"T630","type":"missing","vineyard_id":"V01","row_id":"V01-R074","waste_id":null,"route_order":null,"reachable":true,"gap_length_m":3.025,"note":"missing_plant; missing plant 3.03 m; optional_detour","kind":"missing_plant","tile":"siret3_r008_c003","source_target_id":"T-MSP-0110","priority":3,"route_role":"optional","skip_reason":"optional_detour"},"geometry":{"type":"Point","coordinates":[28.7034097,47.1281026]}},{"type":"Feature","id":631,"properties":{"target_id":"T631","type":"missing","vineyard_id":"V01","row_id":"V01-R074","waste_id":null,"route_order":null,"reachable":true,"gap_length_m":3.95,"note":"missing_plant; missing plant 3.95 m; optional_detour","kind":"missing_plant","tile":"siret3_r007_c003","source_target_id":"T-MSP-0111","priority":3,"route_role":"optional","skip_reason":"optional_detour"},"geometry":{"type":"Point","coordinates":[28.7033362,47.1282312]}},{"type":"Feature","id":632,"properties":{"target_id":"T632","type":"missing","vineyard_id":"V01","row_id":"V01-R074","waste_id":null,"route_order":null,"reachable":true,"gap_length_m":4.75,"note":"missing_plant; missing plant 4.75 m; optional_detour","kind":"missing_plant","tile":"siret3_r007_c003","source_target_id":"T-MSP-0112","priority":3,"route_role":"optional","skip_reason":"optional_detour"},"geometry":{"type":"Point","coordinates":[28.7033062,47.1282835]}},{"type":"Feature","id":633,"properties":{"target_id":"T633","type":"missing","vineyard_id":"V01","row_id":"V01-R074","waste_id":null,"route_order":null,"reachable":true,"gap_length_m":2.8,"note":"missing_plant; missing plant 2.80 m; optional_detour","kind":"missing_plant","tile":"siret3_r007_c003","source_target_id":"T-MSP-0113","priority":3,"route_role":"optional","skip_reason":"optional_detour"},"geometry":{"type":"Point","coordinates":[28.7032635,47.1283581]}},{"type":"Feature","id":634,"properties":{"target_id":"T634","type":"missing","vineyard_id":"V01","row_id":"V01-R074","waste_id":null,"route_order":null,"reachable":true,"gap_length_m":2.475,"note":"missing_plant; missing plant 2.48 m; optional_detour","kind":"missing_plant","tile":"siret3_r007_c003","source_target_id":"T-MSP-0114","priority":3,"route_role":"optional","skip_reason":"optional_detour"},"geometry":{"type":"Point","coordinates":[28.7032335,47.1284104]}},{"type":"Feature","id":635,"properties":{"target_id":"T635","type":"missing","vineyard_id":"V01","row_id":"V01-R075","waste_id":null,"route_order":null,"reachable":true,"gap_length_m":3.925,"note":"missing_plant; missing plant 3.92 m; optional_detour","kind":"missing_plant","tile":"siret3_r006_c003","source_target_id":"T-MSP-0115","priority":3,"route_role":"optional","skip_reason":"optional_detour"},"geometry":{"type":"Point","coordinates":[28.7030809,47.1286563]}},{"type":"Feature","id":636,"properties":{"target_id":"T636","type":"missing","vineyard_id":"V01","row_id":"V01-R078","waste_id":null,"route_order":null,"reachable":true,"gap_length_m":2.575,"note":"missing_plant; missing plant 2.57 m; optional_detour","kind":"missing_plant","tile":"siret3_r009_c004","source_target_id":"T-MSP-0126","priority":3,"route_role":"optional","skip_reason":"optional_detour"},"geometry":{"type":"Point","coordinates":[28.7035887,47.1275956]}},{"type":"Feature","id":637,"properties":{"target_id":"T637","type":"missing","vineyard_id":"V01","row_id":"V01-R078","waste_id":null,"route_order":null,"reachable":true,"gap_length_m":2.95,"note":"missing_plant; missing plant 2.95 m; optional_detour","kind":"missing_plant","tile":"siret3_r009_c004","source_target_id":"T-MSP-0127","priority":3,"route_role":"optional","skip_reason":"optional_detour"},"geometry":{"type":"Point","coordinates":[28.7035597,47.1276478]}},{"type":"Feature","id":638,"properties":{"target_id":"T638","type":"missing","vineyard_id":"V01","row_id":"V01-R080","waste_id":null,"route_order":null,"reachable":false,"gap_length_m":2.475,"note":"missing_plant; missing plant 2.47 m; too_far","kind":"missing_plant","tile":"siret3_r007_c003","source_target_id":"T-MSP-0136","priority":3,"route_role":"optional","skip_reason":"too_far"},"geometry":{"type":"Point","coordinates":[28.7031719,47.1282676]}},{"type":"Feature","id":639,"properties":{"target_id":"T639","type":"missing","vineyard_id":"V01","row_id":"V01-R080","waste_id":null,"route_order":null,"reachable":false,"gap_length_m":2.2,"note":"missing_plant; missing plant 2.20 m; too_far","kind":"missing_plant","tile":"siret3_r007_c003","source_target_id":"T-MSP-0137","priority":3,"route_role":"optional","skip_reason":"too_far"},"geometry":{"type":"Point","coordinates":[28.7030691,47.1284496]}},{"type":"Feature","id":640,"properties":{"target_id":"T640","type":"missing","vineyard_id":"V01","row_id":"V01-R080","waste_id":null,"route_order":null,"reachable":false,"gap_length_m":2.275,"note":"missing_plant; missing plant 2.28 m; too_far","kind":"missing_plant","tile":"siret3_r007_c003","source_target_id":"T-MSP-0138","priority":3,"route_role":"optional","skip_reason":"too_far"},"geometry":{"type":"Point","coordinates":[28.703025,47.1285276]}},{"type":"Feature","id":641,"properties":{"target_id":"T641","type":"missing","vineyard_id":"V01","row_id":"V01-R080","waste_id":null,"route_order":null,"reachable":false,"gap_length_m":2.425,"note":"missing_plant; missing plant 2.42 m; too_far","kind":"missing_plant","tile":"siret3_r007_c003","source_target_id":"T-MSP-0139","priority":3,"route_role":"optional","skip_reason":"too_far"},"geometry":{"type":"Point","coordinates":[28.7029902,47.1285893]}},{"type":"Feature","id":642,"properties":{"target_id":"T642","type":"missing","vineyard_id":"V01","row_id":"V01-R080","waste_id":null,"route_order":null,"reachable":true,"gap_length_m":4.075,"note":"missing_plant; missing plant 4.07 m; optional_detour","kind":"missing_plant","tile":"siret3_r006_c003","source_target_id":"T-MSP-0140","priority":3,"route_role":"optional","skip_reason":"optional_detour"},"geometry":{"type":"Point","coordinates":[28.7028885,47.1287594]}},{"type":"Feature","id":643,"properties":{"target_id":"T643","type":"missing","vineyard_id":"V01","row_id":"V01-R083","waste_id":null,"route_order":null,"reachable":true,"gap_length_m":3.55,"note":"missing_plant; missing plant 3.55 m; optional_detour","kind":"missing_plant","tile":"siret3_r009_c004","source_target_id":"T-MSP-0144","priority":3,"route_role":"optional","skip_reason":"optional_detour"},"geometry":{"type":"Point","coordinates":[28.7035545,47.127459]}},{"type":"Feature","id":644,"properties":{"target_id":"T644","type":"missing","vineyard_id":"V01","row_id":"V01-R083","waste_id":null,"route_order":null,"reachable":true,"gap_length_m":2.275,"note":"missing_plant; missing plant 2.27 m; optional_detour","kind":"missing_plant","tile":"siret3_r009_c004","source_target_id":"T-MSP-0145","priority":3,"route_role":"optional","skip_reason":"optional_detour"},"geometry":{"type":"Point","coordinates":[28.7035066,47.1275449]}},{"type":"Feature","id":645,"properties":{"target_id":"T645","type":"missing","vineyard_id":"V01","row_id":"V01-R083","waste_id":null,"route_order":null,"reachable":true,"gap_length_m":2.225,"note":"missing_plant; missing plant 2.23 m; optional_detour","kind":"missing_plant","tile":"siret3_r008_c003","source_target_id":"T-MSP-0146","priority":3,"route_role":"optional","skip_reason":"optional_detour"},"geometry":{"type":"Point","coordinates":[28.7033953,47.1277446]}},{"type":"Feature","id":646,"properties":{"target_id":"T646","type":"missing","vineyard_id":"V01","row_id":"V01-R083","waste_id":null,"route_order":null,"reachable":true,"gap_length_m":3.675,"note":"missing_plant; missing plant 3.67 m; optional_detour","kind":"missing_plant","tile":"siret3_r007_c003","source_target_id":"T-MSP-0147","priority":3,"route_role":"optional","skip_reason":"optional_detour"},"geometry":{"type":"Point","coordinates":[28.7031066,47.1282595]}},{"type":"Feature","id":647,"properties":{"target_id":"T647","type":"missing","vineyard_id":"V01","row_id":"V01-R083","waste_id":null,"route_order":null,"reachable":true,"gap_length_m":2.05,"note":"missing_plant; missing plant 2.05 m; truncated","kind":"missing_plant","tile":"siret3_r007_c003","source_target_id":"T-MSP-0148","priority":3,"route_role":"optional","skip_reason":"truncated"},"geometry":{"type":"Point","coordinates":[28.703075,47.1283144]}},{"type":"Feature","id":648,"properties":{"target_id":"T648","type":"missing","vineyard_id":"V01","row_id":"V01-R083","waste_id":null,"route_order":null,"reachable":true,"gap_length_m":3.925,"note":"missing_plant; missing plant 3.92 m; optional_detour","kind":"missing_plant","tile":"siret3_r007_c003","source_target_id":"T-MSP-0149","priority":3,"route_role":"optional","skip_reason":"optional_detour"},"geometry":{"type":"Point","coordinates":[28.7030564,47.1283468]}},{"type":"Feature","id":649,"properties":{"target_id":"T649","type":"missing","vineyard_id":"V01","row_id":"V01-R083","waste_id":null,"route_order":null,"reachable":false,"gap_length_m":2.375,"note":"missing_plant; missing plant 2.38 m; too_far","kind":"missing_plant","tile":"siret3_r007_c003","source_target_id":"T-MSP-0150","priority":3,"route_role":"optional","skip_reason":"too_far"},"geometry":{"type":"Point","coordinates":[28.7030284,47.1283956]}},{"type":"Feature","id":650,"properties":{"target_id":"T650","type":"missing","vineyard_id":"V01","row_id":"V01-R084","waste_id":null,"route_order":null,"reachable":true,"gap_length_m":2.4,"note":"missing_plant; missing plant 2.40 m; optional_detour","kind":"missing_plant","tile":"siret3_r009_c004","source_target_id":"T-MSP-0151","priority":3,"route_role":"optional","skip_reason":"optional_detour"},"geometry":{"type":"Point","coordinates":[28.7035805,47.1273489]}},{"type":"Feature","id":651,"properties":{"target_id":"T651","type":"missing","vineyard_id":"V01","row_id":"V01-R084","waste_id":null,"route_order":null,"reachable":true,"gap_length_m":2.2,"note":"missing_plant; missing plant 2.20 m; optional_detour","kind":"missing_plant","tile":"siret3_r009_c004","source_target_id":"T-MSP-0152","priority":3,"route_role":"optional","skip_reason":"optional_detour"},"geometry":{"type":"Point","coordinates":[28.7035636,47.1273792]}},{"type":"Feature","id":652,"properties":{"target_id":"T652","type":"missing","vineyard_id":"V01","row_id":"V01-R084","waste_id":null,"route_order":null,"reachable":true,"gap_length_m":2.35,"note":"missing_plant; missing plant 2.35 m; optional_detour","kind":"missing_plant","tile":"siret3_r008_c003","source_target_id":"T-MSP-0153","priority":3,"route_role":"optional","skip_reason":"optional_detour"},"geometry":{"type":"Point","coordinates":[28.703319,47.1278177]}},{"type":"Feature","id":653,"properties":{"target_id":"T653","type":"missing","vineyard_id":"V01","row_id":"V01-R086","waste_id":null,"route_order":null,"reachable":true,"gap_length_m":2.025,"note":"missing_plant; missing plant 2.03 m; truncated","kind":"missing_plant","tile":"siret3_r009_c004","source_target_id":"T-MSP-0154","priority":3,"route_role":"optional","skip_reason":"truncated"},"geometry":{"type":"Point","coordinates":[28.7035564,47.1273295]}},{"type":"Feature","id":654,"properties":{"target_id":"T654","type":"missing","vineyard_id":"V01","row_id":"V01-R086","waste_id":null,"route_order":null,"reachable":true,"gap_length_m":2.25,"note":"missing_plant; missing plant 2.25 m; optional_detour","kind":"missing_plant","tile":"siret3_r009_c003","source_target_id":"T-MSP-0155","priority":3,"route_role":"optional","skip_reason":"optional_detour"},"geometry":{"type":"Point","coordinates":[28.7033927,47.1276233]}},{"type":"Feature","id":655,"properties":{"target_id":"T655","type":"missing","vineyard_id":"V01","row_id":"V01-R086","waste_id":null,"route_order":null,"reachable":true,"gap_length_m":3.75,"note":"missing_plant; missing plant 3.75 m; optional_detour","kind":"missing_plant","tile":"siret3_r008_c003","source_target_id":"T-MSP-0156","priority":3,"route_role":"optional","skip_reason":"optional_detour"},"geometry":{"type":"Point","coordinates":[28.7033474,47.1277044]}},{"type":"Feature","id":656,"properties":{"target_id":"T656","type":"missing","vineyard_id":"V01","row_id":"V01-R086","waste_id":null,"route_order":null,"reachable":true,"gap_length_m":3.925,"note":"missing_plant; missing plant 3.92 m; optional_detour","kind":"missing_plant","tile":"siret3_r008_c003","source_target_id":"T-MSP-0157","priority":3,"route_role":"optional","skip_reason":"optional_detour"},"geometry":{"type":"Point","coordinates":[28.7032581,47.1278647]}},{"type":"Feature","id":657,"properties":{"target_id":"T657","type":"missing","vineyard_id":"V01","row_id":"V01-R086","waste_id":null,"route_order":null,"reachable":true,"gap_length_m":2.2,"note":"missing_plant; missing plant 2.20 m; optional_detour","kind":"missing_plant","tile":"siret3_r008_c003","source_target_id":"T-MSP-0158","priority":3,"route_role":"optional","skip_reason":"optional_detour"},"geometry":{"type":"Point","coordinates":[28.7031848,47.1279962]}},{"type":"Feature","id":658,"properties":{"target_id":"T658","type":"missing","vineyard_id":"V01","row_id":"V01-R087","waste_id":null,"route_order":null,"reachable":false,"gap_length_m":3.45,"note":"missing_plant; missing plant 3.45 m; disconnected","kind":"missing_plant","tile":"siret3_r006_c002","source_target_id":"T-MSP-0159","priority":3,"route_role":"optional","skip_reason":"disconnected"},"geometry":{"type":"Point","coordinates":[28.7027977,47.1286721]}},{"type":"Feature","id":659,"properties":{"target_id":"T659","type":"missing","vineyard_id":"V01","row_id":"V01-R088","waste_id":null,"route_order":null,"reachable":true,"gap_length_m":2.825,"note":"missing_plant; missing plant 2.83 m; optional_detour","kind":"missing_plant","tile":"siret3_r008_c003","source_target_id":"T-MSP-0160","priority":3,"route_role":"optional","skip_reason":"optional_detour"},"geometry":{"type":"Point","coordinates":[28.7031138,47.1280593]}},{"type":"Feature","id":660,"properties":{"target_id":"T660","type":"missing","vineyard_id":"V01","row_id":"V01-R091","waste_id":null,"route_order":null,"reachable":true,"gap_length_m":4.7,"note":"missing_plant; missing plant 4.70 m; optional_detour","kind":"missing_plant","tile":"siret3_r009_c003","source_target_id":"T-MSP-0161","priority":3,"route_role":"optional","skip_reason":"optional_detour"},"geometry":{"type":"Point","coordinates":[28.7034065,47.1274747]}},{"type":"Feature","id":661,"properties":{"target_id":"T661","type":"missing","vineyard_id":"V01","row_id":"V01-R092","waste_id":null,"route_order":null,"reachable":true,"gap_length_m":2.6,"note":"missing_plant; missing plant 2.60 m; optional_detour","kind":"missing_plant","tile":"siret3_r009_c003","source_target_id":"T-MSP-0162","priority":3,"route_role":"optional","skip_reason":"optional_detour"},"geometry":{"type":"Point","coordinates":[28.7033579,47.127498]}},{"type":"Feature","id":662,"properties":{"target_id":"T662","type":"missing","vineyard_id":"V01","row_id":"V01-R092","waste_id":null,"route_order":null,"reachable":true,"gap_length_m":2.625,"note":"missing_plant; missing plant 2.62 m; optional_detour","kind":"missing_plant","tile":"siret3_r009_c003","source_target_id":"T-MSP-0163","priority":3,"route_role":"optional","skip_reason":"optional_detour"},"geometry":{"type":"Point","coordinates":[28.7033029,47.1275958]}},{"type":"Feature","id":663,"properties":{"target_id":"T663","type":"missing","vineyard_id":"V01","row_id":"V01-R092","waste_id":null,"route_order":null,"reachable":true,"gap_length_m":4.45,"note":"missing_plant; missing plant 4.45 m; optional_detour","kind":"missing_plant","tile":"siret3_r008_c003","source_target_id":"T-MSP-0164","priority":3,"route_role":"optional","skip_reason":"optional_detour"},"geometry":{"type":"Point","coordinates":[28.7032201,47.1277426]}},{"type":"Feature","id":664,"properties":{"target_id":"T664","type":"missing","vineyard_id":"V01","row_id":"V01-R092","waste_id":null,"route_order":null,"reachable":false,"gap_length_m":2.15,"note":"missing_plant; missing plant 2.15 m; disconnected","kind":"missing_plant","tile":"siret3_r007_c003","source_target_id":"T-MSP-0165","priority":3,"route_role":"optional","skip_reason":"disconnected"},"geometry":{"type":"Point","coordinates":[28.7029529,47.1282159]}},{"type":"Feature","id":665,"properties":{"target_id":"T665","type":"missing","vineyard_id":"V01","row_id":"V01-R092","waste_id":null,"route_order":null,"reachable":false,"gap_length_m":2.3,"note":"missing_plant; missing plant 2.30 m; disconnected","kind":"missing_plant","tile":"siret3_r007_c003","source_target_id":"T-MSP-0166","priority":3,"route_role":"optional","skip_reason":"disconnected"},"geometry":{"type":"Point","coordinates":[28.7029353,47.1282467]}},{"type":"Feature","id":666,"properties":{"target_id":"T666","type":"missing","vineyard_id":"V01","row_id":"V01-R092","waste_id":null,"route_order":null,"reachable":false,"gap_length_m":2.175,"note":"missing_plant; missing plant 2.17 m; disconnected","kind":"missing_plant","tile":"siret3_r007_c003","source_target_id":"T-MSP-0167","priority":3,"route_role":"optional","skip_reason":"disconnected"},"geometry":{"type":"Point","coordinates":[28.7028744,47.1283535]}},{"type":"Feature","id":667,"properties":{"target_id":"T667","type":"missing","vineyard_id":"V01","row_id":"V01-R094","waste_id":null,"route_order":null,"reachable":true,"gap_length_m":3,"note":"missing_plant; missing plant 3.00 m; optional_detour","kind":"missing_plant","tile":"siret3_r007_c002","source_target_id":"T-MSP-0171","priority":3,"route_role":"optional","skip_reason":"optional_detour"},"geometry":{"type":"Point","coordinates":[28.7026898,47.1286086]}},{"type":"Feature","id":668,"properties":{"target_id":"T668","type":"missing","vineyard_id":"V01","row_id":"V01-R094","waste_id":null,"route_order":null,"reachable":true,"gap_length_m":2.425,"note":"missing_plant; missing plant 2.42 m; optional_detour","kind":"missing_plant","tile":"siret3_r006_c002","source_target_id":"T-MSP-0172","priority":3,"route_role":"optional","skip_reason":"optional_detour"},"geometry":{"type":"Point","coordinates":[28.7026726,47.1286396]}},{"type":"Feature","id":669,"properties":{"target_id":"T669","type":"missing","vineyard_id":"V01","row_id":"V01-R095","waste_id":null,"route_order":null,"reachable":true,"gap_length_m":4.15,"note":"missing_plant; missing plant 4.15 m; optional_detour","kind":"missing_plant","tile":"siret3_r009_c003","source_target_id":"T-MSP-0173","priority":3,"route_role":"optional","skip_reason":"optional_detour"},"geometry":{"type":"Point","coordinates":[28.7033796,47.127396]}},{"type":"Feature","id":670,"properties":{"target_id":"T670","type":"missing","vineyard_id":"V01","row_id":"V01-R095","waste_id":null,"route_order":null,"reachable":true,"gap_length_m":3.475,"note":"missing_plant; missing plant 3.47 m; optional_detour","kind":"missing_plant","tile":"siret3_r008_c003","source_target_id":"T-MSP-0174","priority":3,"route_role":"optional","skip_reason":"optional_detour"},"geometry":{"type":"Point","coordinates":[28.7031532,47.127796]}},{"type":"Feature","id":671,"properties":{"target_id":"T671","type":"missing","vineyard_id":"V01","row_id":"V01-R097","waste_id":null,"route_order":null,"reachable":true,"gap_length_m":4.525,"note":"missing_plant; missing plant 4.53 m; optional_detour","kind":"missing_plant","tile":"siret3_r009_c003","source_target_id":"T-MSP-0176","priority":3,"route_role":"optional","skip_reason":"optional_detour"},"geometry":{"type":"Point","coordinates":[28.7032481,47.1275644]}},{"type":"Feature","id":672,"properties":{"target_id":"T672","type":"missing","vineyard_id":"V01","row_id":"V01-R097","waste_id":null,"route_order":null,"reachable":true,"gap_length_m":3.35,"note":"missing_plant; missing plant 3.35 m; optional_detour","kind":"missing_plant","tile":"siret3_r008_c003","source_target_id":"T-MSP-0177","priority":3,"route_role":"optional","skip_reason":"optional_detour"},"geometry":{"type":"Point","coordinates":[28.7031452,47.1277454]}},{"type":"Feature","id":673,"properties":{"target_id":"T673","type":"missing","vineyard_id":"V01","row_id":"V01-R098","waste_id":null,"route_order":null,"reachable":true,"gap_length_m":2.575,"note":"missing_plant; missing plant 2.58 m; optional_detour","kind":"missing_plant","tile":"siret3_r008_c003","source_target_id":"T-MSP-0178","priority":3,"route_role":"optional","skip_reason":"optional_detour"},"geometry":{"type":"Point","coordinates":[28.7028982,47.128117]}},{"type":"Feature","id":674,"properties":{"target_id":"T674","type":"missing","vineyard_id":"V01","row_id":"V01-R100","waste_id":null,"route_order":null,"reachable":true,"gap_length_m":3.2,"note":"missing_plant; missing plant 3.20 m; optional_detour","kind":"missing_plant","tile":"siret3_r008_c003","source_target_id":"T-MSP-0180","priority":3,"route_role":"optional","skip_reason":"optional_detour"},"geometry":{"type":"Point","coordinates":[28.7028904,47.1280698]}},{"type":"Feature","id":675,"properties":{"target_id":"T675","type":"missing","vineyard_id":"V01","row_id":"V01-R108","waste_id":null,"route_order":null,"reachable":true,"gap_length_m":3.6,"note":"missing_plant; missing plant 3.60 m; optional_detour","kind":"missing_plant","tile":"siret3_r009_c003","source_target_id":"T-MSP-0201","priority":3,"route_role":"optional","skip_reason":"optional_detour"},"geometry":{"type":"Point","coordinates":[28.7029929,47.1274373]}},{"type":"Feature","id":676,"properties":{"target_id":"T676","type":"missing","vineyard_id":"V01","row_id":"V01-R108","waste_id":null,"route_order":null,"reachable":true,"gap_length_m":3.425,"note":"missing_plant; missing plant 3.42 m; optional_detour","kind":"missing_plant","tile":"siret3_r008_c003","source_target_id":"T-MSP-0202","priority":3,"route_role":"optional","skip_reason":"optional_detour"},"geometry":{"type":"Point","coordinates":[28.7028163,47.1277547]}},{"type":"Feature","id":677,"properties":{"target_id":"T677","type":"missing","vineyard_id":"V01","row_id":"V01-R109","waste_id":null,"route_order":null,"reachable":true,"gap_length_m":4.4,"note":"missing_plant; missing plant 4.40 m; optional_detour","kind":"missing_plant","tile":"siret3_r008_c003","source_target_id":"T-MSP-0203","priority":3,"route_role":"optional","skip_reason":"optional_detour"},"geometry":{"type":"Point","coordinates":[28.7028073,47.1277082]}},{"type":"Feature","id":678,"properties":{"target_id":"T678","type":"missing","vineyard_id":"V01","row_id":"V01-R111","waste_id":null,"route_order":null,"reachable":true,"gap_length_m":2.225,"note":"missing_plant; missing plant 2.23 m","kind":"missing_plant","tile":"siret3_r009_c003","source_target_id":"T-MSP-0206","priority":3,"route_role":"optional","skip_reason":"not_covered"},"geometry":{"type":"Point","coordinates":[28.7029715,47.1273514]}},{"type":"Feature","id":679,"properties":{"target_id":"T679","type":"missing","vineyard_id":"V03","row_id":"V03-R006","waste_id":null,"route_order":null,"reachable":true,"gap_length_m":2.2,"note":"missing_plant; missing plant 2.20 m; optional_detour","kind":"missing_plant","tile":"siret3_r009_c002","source_target_id":"T-MSP-0212","priority":3,"route_role":"optional","skip_reason":"optional_detour"},"geometry":{"type":"Point","coordinates":[28.7025134,47.1275356]}},{"type":"Feature","id":680,"properties":{"target_id":"T680","type":"missing","vineyard_id":"V03","row_id":"V03-R012","waste_id":null,"route_order":null,"reachable":true,"gap_length_m":2.375,"note":"missing_plant; missing plant 2.38 m; optional_detour","kind":"missing_plant","tile":"siret3_r008_c001","source_target_id":"T-MSP-0218","priority":3,"route_role":"optional","skip_reason":"optional_detour"},"geometry":{"type":"Point","coordinates":[28.7020159,47.1278766]}},{"type":"Feature","id":681,"properties":{"target_id":"T681","type":"missing","vineyard_id":"V03","row_id":"V03-R012","waste_id":null,"route_order":null,"reachable":true,"gap_length_m":2.025,"note":"missing_plant; missing plant 2.03 m; truncated","kind":"missing_plant","tile":"siret3_r008_c001","source_target_id":"T-MSP-0219","priority":3,"route_role":"optional","skip_reason":"truncated"},"geometry":{"type":"Point","coordinates":[28.7019804,47.1279142]}},{"type":"Feature","id":682,"properties":{"target_id":"T682","type":"missing","vineyard_id":"V03","row_id":"V03-R016","waste_id":null,"route_order":null,"reachable":true,"gap_length_m":3.4,"note":"missing_plant; missing plant 3.40 m; optional_detour","kind":"missing_plant","tile":"siret3_r008_c001","source_target_id":"T-MSP-0220","priority":3,"route_role":"optional","skip_reason":"optional_detour"},"geometry":{"type":"Point","coordinates":[28.7017524,47.1280523]}},{"type":"Feature","id":683,"properties":{"target_id":"T683","type":"missing","vineyard_id":"V03","row_id":"V03-R016","waste_id":null,"route_order":null,"reachable":true,"gap_length_m":3.25,"note":"missing_plant; missing plant 3.25 m; optional_detour","kind":"missing_plant","tile":"siret3_r008_c001","source_target_id":"T-MSP-0221","priority":3,"route_role":"optional","skip_reason":"optional_detour"},"geometry":{"type":"Point","coordinates":[28.7017195,47.1280871]}},{"type":"Feature","id":684,"properties":{"target_id":"T684","type":"missing","vineyard_id":"V03","row_id":"V03-R017","waste_id":null,"route_order":null,"reachable":true,"gap_length_m":2.425,"note":"missing_plant; missing plant 2.42 m; optional_detour","kind":"missing_plant","tile":"siret3_r009_c002","source_target_id":"T-MSP-0222","priority":3,"route_role":"optional","skip_reason":"optional_detour"},"geometry":{"type":"Point","coordinates":[28.7024485,47.1272526]}},{"type":"Feature","id":685,"properties":{"target_id":"T685","type":"missing","vineyard_id":"V03","row_id":"V03-R018","waste_id":null,"route_order":null,"reachable":true,"gap_length_m":2.45,"note":"missing_plant; missing plant 2.45 m; optional_detour","kind":"missing_plant","tile":"siret3_r009_c002","source_target_id":"T-MSP-0223","priority":3,"route_role":"optional","skip_reason":"optional_detour"},"geometry":{"type":"Point","coordinates":[28.7021707,47.1275097]}},{"type":"Feature","id":686,"properties":{"target_id":"T686","type":"missing","vineyard_id":"V03","row_id":"V03-R019","waste_id":null,"route_order":null,"reachable":true,"gap_length_m":2.375,"note":"missing_plant; missing plant 2.38 m; optional_detour","kind":"missing_plant","tile":"siret3_r010_c002","source_target_id":"T-MSP-0224","priority":3,"route_role":"optional","skip_reason":"optional_detour"},"geometry":{"type":"Point","coordinates":[28.7024836,47.1271129]}},{"type":"Feature","id":687,"properties":{"target_id":"T687","type":"missing","vineyard_id":"V03","row_id":"V03-R019","waste_id":null,"route_order":null,"reachable":true,"gap_length_m":3.475,"note":"missing_plant; missing plant 3.48 m; optional_detour","kind":"missing_plant","tile":"siret3_r010_c002","source_target_id":"T-MSP-0225","priority":3,"route_role":"optional","skip_reason":"optional_detour"},"geometry":{"type":"Point","coordinates":[28.7024002,47.1272046]}},{"type":"Feature","id":688,"properties":{"target_id":"T688","type":"missing","vineyard_id":"V03","row_id":"V03-R022","waste_id":null,"route_order":null,"reachable":true,"gap_length_m":2.15,"note":"missing_plant; missing plant 2.15 m; optional_detour","kind":"missing_plant","tile":"siret3_r010_c002","source_target_id":"T-MSP-0229","priority":3,"route_role":"optional","skip_reason":"optional_detour"},"geometry":{"type":"Point","coordinates":[28.7023816,47.1270719]}},{"type":"Feature","id":689,"properties":{"target_id":"T689","type":"missing","vineyard_id":"V03","row_id":"V03-R023","waste_id":null,"route_order":null,"reachable":true,"gap_length_m":2.025,"note":"missing_plant; missing plant 2.03 m; truncated","kind":"missing_plant","tile":"siret3_r008_c001","source_target_id":"T-MSP-0230","priority":3,"route_role":"optional","skip_reason":"truncated"},"geometry":{"type":"Point","coordinates":[28.7017142,47.1277626]}},{"type":"Feature","id":690,"properties":{"target_id":"T690","type":"missing","vineyard_id":"V03","row_id":"V03-R025","waste_id":null,"route_order":null,"reachable":true,"gap_length_m":2.95,"note":"missing_plant; missing plant 2.95 m; optional_detour","kind":"missing_plant","tile":"siret3_r009_c001","source_target_id":"T-MSP-0231","priority":3,"route_role":"optional","skip_reason":"optional_detour"},"geometry":{"type":"Point","coordinates":[28.7020123,47.127323]}},{"type":"Feature","id":691,"properties":{"target_id":"T691","type":"missing","vineyard_id":"V03","row_id":"V03-R025","waste_id":null,"route_order":null,"reachable":true,"gap_length_m":2.05,"note":"missing_plant; missing plant 2.05 m; truncated","kind":"missing_plant","tile":"siret3_r009_c001","source_target_id":"T-MSP-0232","priority":3,"route_role":"optional","skip_reason":"truncated"},"geometry":{"type":"Point","coordinates":[28.7018264,47.1275254]}},{"type":"Feature","id":692,"properties":{"target_id":"T692","type":"missing","vineyard_id":"V03","row_id":"V03-R026","waste_id":null,"route_order":null,"reachable":false,"gap_length_m":2.625,"note":"missing_plant; missing plant 2.62 m; disconnected","kind":"missing_plant","tile":"siret3_r010_c002","source_target_id":"T-MSP-0233","priority":3,"route_role":"optional","skip_reason":"disconnected"},"geometry":{"type":"Point","coordinates":[28.7021776,47.1270913]}},{"type":"Feature","id":693,"properties":{"target_id":"T693","type":"missing","vineyard_id":"V03","row_id":"V03-R026","waste_id":null,"route_order":null,"reachable":true,"gap_length_m":3.525,"note":"missing_plant; missing plant 3.52 m; optional_detour","kind":"missing_plant","tile":"siret3_r009_c001","source_target_id":"T-MSP-0234","priority":3,"route_role":"optional","skip_reason":"optional_detour"},"geometry":{"type":"Point","coordinates":[28.7019963,47.1272903]}},{"type":"Feature","id":694,"properties":{"target_id":"T694","type":"missing","vineyard_id":"V03","row_id":"V03-R027","waste_id":null,"route_order":null,"reachable":true,"gap_length_m":4.125,"note":"missing_plant; missing plant 4.12 m; optional_detour","kind":"missing_plant","tile":"siret3_r008_c001","source_target_id":"T-MSP-0235","priority":3,"route_role":"optional","skip_reason":"optional_detour"},"geometry":{"type":"Point","coordinates":[28.7015318,47.1277526]}},{"type":"Feature","id":695,"properties":{"target_id":"T695","type":"missing","vineyard_id":"V03","row_id":"V03-R030","waste_id":null,"route_order":null,"reachable":false,"gap_length_m":2.875,"note":"missing_plant; missing plant 2.88 m; disconnected","kind":"missing_plant","tile":"siret3_r010_c001","source_target_id":"T-MSP-0236","priority":3,"route_role":"optional","skip_reason":"disconnected"},"geometry":{"type":"Point","coordinates":[28.7020436,47.1271326]}},{"type":"Feature","id":696,"properties":{"target_id":"T696","type":"missing","vineyard_id":"V03","row_id":"V03-R034","waste_id":null,"route_order":null,"reachable":true,"gap_length_m":2.125,"note":"missing_plant; missing plant 2.12 m; optional_detour","kind":"missing_plant","tile":"siret3_r010_c001","source_target_id":"T-MSP-0237","priority":3,"route_role":"optional","skip_reason":"optional_detour"},"geometry":{"type":"Point","coordinates":[28.7019967,47.1270278]}},{"type":"Feature","id":697,"properties":{"target_id":"T697","type":"missing","vineyard_id":"V03","row_id":"V03-R034","waste_id":null,"route_order":null,"reachable":true,"gap_length_m":2.15,"note":"missing_plant; missing plant 2.15 m; optional_detour","kind":"missing_plant","tile":"siret3_r010_c001","source_target_id":"T-MSP-0238","priority":3,"route_role":"optional","skip_reason":"optional_detour"},"geometry":{"type":"Point","coordinates":[28.7018905,47.1271441]}},{"type":"Feature","id":698,"properties":{"target_id":"T698","type":"missing","vineyard_id":"V03","row_id":"V03-R034","waste_id":null,"route_order":null,"reachable":true,"gap_length_m":2.05,"note":"missing_plant; missing plant 2.05 m; truncated","kind":"missing_plant","tile":"siret3_r010_c001","source_target_id":"T-MSP-0239","priority":3,"route_role":"optional","skip_reason":"truncated"},"geometry":{"type":"Point","coordinates":[28.7018664,47.1271705]}},{"type":"Feature","id":699,"properties":{"target_id":"T699","type":"missing","vineyard_id":"V03","row_id":"V03-R034","waste_id":null,"route_order":null,"reachable":true,"gap_length_m":2.575,"note":"missing_plant; missing plant 2.57 m; optional_detour","kind":"missing_plant","tile":"siret3_r009_c001","source_target_id":"T-MSP-0240","priority":3,"route_role":"optional","skip_reason":"optional_detour"},"geometry":{"type":"Point","coordinates":[28.7014921,47.1275804]}},{"type":"Feature","id":700,"properties":{"target_id":"T700","type":"missing","vineyard_id":"V03","row_id":"V03-R035","waste_id":null,"route_order":null,"reachable":true,"gap_length_m":2.925,"note":"missing_plant; missing plant 2.92 m; optional_detour","kind":"missing_plant","tile":"siret3_r009_c000","source_target_id":"T-MSP-0241","priority":3,"route_role":"optional","skip_reason":"optional_detour"},"geometry":{"type":"Point","coordinates":[28.7013783,47.127697]}},{"type":"Feature","id":701,"properties":{"target_id":"T701","type":"missing","vineyard_id":"V03","row_id":"V03-R045","waste_id":null,"route_order":null,"reachable":false,"gap_length_m":2.65,"note":"missing_plant; missing plant 2.65 m; disconnected","kind":"missing_plant","tile":"siret3_r009_c000","source_target_id":"T-MSP-0242","priority":3,"route_role":"optional","skip_reason":"disconnected"},"geometry":{"type":"Point","coordinates":[28.7010787,47.1275735]}},{"type":"Feature","id":702,"properties":{"target_id":"T702","type":"missing","vineyard_id":"V03","row_id":"V03-R046","waste_id":null,"route_order":null,"reachable":false,"gap_length_m":3.9,"note":"missing_plant; missing plant 3.90 m; disconnected","kind":"missing_plant","tile":"siret3_r010_c001","source_target_id":"T-MSP-0243","priority":3,"route_role":"optional","skip_reason":"disconnected"},"geometry":{"type":"Point","coordinates":[28.7016566,47.1268834]}},{"type":"Feature","id":703,"properties":{"target_id":"T703","type":"missing","vineyard_id":"V03","row_id":"V03-R046","waste_id":null,"route_order":null,"reachable":false,"gap_length_m":3.4,"note":"missing_plant; missing plant 3.40 m; disconnected","kind":"missing_plant","tile":"siret3_r010_c001","source_target_id":"T-MSP-0244","priority":3,"route_role":"optional","skip_reason":"disconnected"},"geometry":{"type":"Point","coordinates":[28.701599,47.1269463]}},{"type":"Feature","id":704,"properties":{"target_id":"T704","type":"missing","vineyard_id":"V03","row_id":"V03-R046","waste_id":null,"route_order":null,"reachable":false,"gap_length_m":2.55,"note":"missing_plant; missing plant 2.55 m; disconnected","kind":"missing_plant","tile":"siret3_r010_c001","source_target_id":"T-MSP-0245","priority":3,"route_role":"optional","skip_reason":"disconnected"},"geometry":{"type":"Point","coordinates":[28.7015202,47.1270323]}},{"type":"Feature","id":705,"properties":{"target_id":"T705","type":"missing","vineyard_id":"V03","row_id":"V03-R046","waste_id":null,"route_order":null,"reachable":false,"gap_length_m":2.225,"note":"missing_plant; missing plant 2.22 m; disconnected","kind":"missing_plant","tile":"siret3_r010_c000","source_target_id":"T-MSP-0246","priority":3,"route_role":"optional","skip_reason":"disconnected"},"geometry":{"type":"Point","coordinates":[28.7013454,47.1272231]}},{"type":"Feature","id":706,"properties":{"target_id":"T706","type":"missing","vineyard_id":"V03","row_id":"V03-R046","waste_id":null,"route_order":null,"reachable":false,"gap_length_m":2.25,"note":"missing_plant; missing plant 2.25 m; disconnected","kind":"missing_plant","tile":"siret3_r009_c000","source_target_id":"T-MSP-0247","priority":3,"route_role":"optional","skip_reason":"disconnected"},"geometry":{"type":"Point","coordinates":[28.7012389,47.1273396]}},{"type":"Feature","id":707,"properties":{"target_id":"T707","type":"missing","vineyard_id":"V03","row_id":"V03-R047","waste_id":null,"route_order":null,"reachable":false,"gap_length_m":3.95,"note":"missing_plant; missing plant 3.95 m; disconnected","kind":"missing_plant","tile":"siret3_r010_c001","source_target_id":"T-MSP-0248","priority":3,"route_role":"optional","skip_reason":"disconnected"},"geometry":{"type":"Point","coordinates":[28.7015595,47.1269373]}},{"type":"Feature","id":708,"properties":{"target_id":"T708","type":"missing","vineyard_id":"V03","row_id":"V03-R047","waste_id":null,"route_order":null,"reachable":false,"gap_length_m":4.15,"note":"missing_plant; missing plant 4.15 m; disconnected","kind":"missing_plant","tile":"siret3_r010_c000","source_target_id":"T-MSP-0249","priority":3,"route_role":"optional","skip_reason":"disconnected"},"geometry":{"type":"Point","coordinates":[28.70128,47.1272448]}},{"type":"Feature","id":709,"properties":{"target_id":"T709","type":"missing","vineyard_id":"V03","row_id":"V03-R048","waste_id":null,"route_order":null,"reachable":false,"gap_length_m":2.175,"note":"missing_plant; missing plant 2.18 m; disconnected","kind":"missing_plant","tile":"siret3_r010_c001","source_target_id":"T-MSP-0250","priority":3,"route_role":"optional","skip_reason":"disconnected"},"geometry":{"type":"Point","coordinates":[28.7015915,47.1268524]}},{"type":"Feature","id":710,"properties":{"target_id":"T710","type":"missing","vineyard_id":"V03","row_id":"V03-R048","waste_id":null,"route_order":null,"reachable":false,"gap_length_m":3.575,"note":"missing_plant; missing plant 3.57 m; disconnected","kind":"missing_plant","tile":"siret3_r010_c001","source_target_id":"T-MSP-0251","priority":3,"route_role":"optional","skip_reason":"disconnected"},"geometry":{"type":"Point","coordinates":[28.7014947,47.1269578]}},{"type":"Feature","id":711,"properties":{"target_id":"T711","type":"missing","vineyard_id":"V03","row_id":"V03-R048","waste_id":null,"route_order":null,"reachable":false,"gap_length_m":2,"note":"missing_plant; missing plant 2.00 m; disconnected","kind":"missing_plant","tile":"siret3_r010_c000","source_target_id":"T-MSP-0252","priority":3,"route_role":"optional","skip_reason":"disconnected"},"geometry":{"type":"Point","coordinates":[28.7013913,47.1270706]}},{"type":"Feature","id":712,"properties":{"target_id":"T712","type":"missing","vineyard_id":"V03","row_id":"V03-R048","waste_id":null,"route_order":null,"reachable":false,"gap_length_m":2.975,"note":"missing_plant; missing plant 2.97 m; disconnected","kind":"missing_plant","tile":"siret3_r009_c000","source_target_id":"T-MSP-0253","priority":3,"route_role":"optional","skip_reason":"disconnected"},"geometry":{"type":"Point","coordinates":[28.7011176,47.1273688]}},{"type":"Feature","id":713,"properties":{"target_id":"T713","type":"missing","vineyard_id":"V03","row_id":"V03-R049","waste_id":null,"route_order":null,"reachable":false,"gap_length_m":3.925,"note":"missing_plant; missing plant 3.92 m; disconnected","kind":"missing_plant","tile":"siret3_r010_c000","source_target_id":"T-MSP-0254","priority":3,"route_role":"optional","skip_reason":"disconnected"},"geometry":{"type":"Point","coordinates":[28.7013095,47.12711]}},{"type":"Feature","id":714,"properties":{"target_id":"T714","type":"missing","vineyard_id":"V03","row_id":"V03-R050","waste_id":null,"route_order":null,"reachable":false,"gap_length_m":3.775,"note":"missing_plant; missing plant 3.77 m; disconnected","kind":"missing_plant","tile":"siret3_r010_c000","source_target_id":"T-MSP-0255","priority":3,"route_role":"optional","skip_reason":"disconnected"},"geometry":{"type":"Point","coordinates":[28.701304,47.1270619]}},{"type":"Feature","id":715,"properties":{"target_id":"T715","type":"missing","vineyard_id":"V03","row_id":"V03-R050","waste_id":null,"route_order":null,"reachable":false,"gap_length_m":2.125,"note":"missing_plant; missing plant 2.12 m; disconnected","kind":"missing_plant","tile":"siret3_r009_c000","source_target_id":"T-MSP-0256","priority":3,"route_role":"optional","skip_reason":"disconnected"},"geometry":{"type":"Point","coordinates":[28.7010033,47.1273911]}},{"type":"Feature","id":716,"properties":{"target_id":"T716","type":"missing","vineyard_id":"V08","row_id":"V08-R001","waste_id":null,"route_order":null,"reachable":false,"gap_length_m":2.35,"note":"missing_plant; missing plant 2.35 m; disconnected","kind":"missing_plant","tile":"siret3_r013_c009","source_target_id":"T-MSP-0257","priority":3,"route_role":"optional","skip_reason":"disconnected"},"geometry":{"type":"Point","coordinates":[28.7071141,47.1257406]}},{"type":"Feature","id":717,"properties":{"target_id":"T717","type":"missing","vineyard_id":"V08","row_id":"V08-R003","waste_id":null,"route_order":null,"reachable":false,"gap_length_m":3.225,"note":"missing_plant; missing plant 3.22 m; disconnected","kind":"missing_plant","tile":"siret3_r013_c009","source_target_id":"T-MSP-0258","priority":3,"route_role":"optional","skip_reason":"disconnected"},"geometry":{"type":"Point","coordinates":[28.7071603,47.12571]}},{"type":"Feature","id":718,"properties":{"target_id":"T718","type":"missing","vineyard_id":"V08","row_id":"V08-R004","waste_id":null,"route_order":null,"reachable":false,"gap_length_m":2.3,"note":"missing_plant; missing plant 2.30 m; disconnected","kind":"missing_plant","tile":"siret3_r013_c009","source_target_id":"T-MSP-0259","priority":3,"route_role":"optional","skip_reason":"disconnected"},"geometry":{"type":"Point","coordinates":[28.7069872,47.1256657]}},{"type":"Feature","id":719,"properties":{"target_id":"T719","type":"missing","vineyard_id":"V08","row_id":"V08-R006","waste_id":null,"route_order":null,"reachable":false,"gap_length_m":2.075,"note":"missing_plant; missing plant 2.07 m; disconnected","kind":"missing_plant","tile":"siret3_r013_c009","source_target_id":"T-MSP-0260","priority":3,"route_role":"optional","skip_reason":"disconnected"},"geometry":{"type":"Point","coordinates":[28.7071217,47.1256473]}},{"type":"Feature","id":720,"properties":{"target_id":"T720","type":"missing","vineyard_id":"V09","row_id":"V09-R002","waste_id":null,"route_order":null,"reachable":false,"gap_length_m":2.675,"note":"missing_plant; missing plant 2.68 m; disconnected","kind":"missing_plant","tile":"siret3_r013_c009","source_target_id":"T-MSP-0261","priority":3,"route_role":"optional","skip_reason":"disconnected"},"geometry":{"type":"Point","coordinates":[28.7073186,47.1255939]}},{"type":"Feature","id":721,"properties":{"target_id":"T721","type":"missing","vineyard_id":"V10","row_id":"V10-R002","waste_id":null,"route_order":null,"reachable":true,"gap_length_m":4.05,"note":"missing_plant; missing plant 4.05 m; optional_detour","kind":"missing_plant","tile":"siret3_r013_c004","source_target_id":"T-MSP-0262","priority":3,"route_role":"optional","skip_reason":"optional_detour"},"geometry":{"type":"Point","coordinates":[28.7037411,47.1254425]}},{"type":"Feature","id":722,"properties":{"target_id":"T722","type":"missing","vineyard_id":"V10","row_id":"V10-R002","waste_id":null,"route_order":null,"reachable":true,"gap_length_m":4.65,"note":"missing_plant; missing plant 4.65 m; optional_detour","kind":"missing_plant","tile":"siret3_r013_c004","source_target_id":"T-MSP-0263","priority":3,"route_role":"optional","skip_reason":"optional_detour"},"geometry":{"type":"Point","coordinates":[28.7036544,47.1254763]}},{"type":"Feature","id":723,"properties":{"target_id":"T723","type":"missing","vineyard_id":"V10","row_id":"V10-R002","waste_id":null,"route_order":null,"reachable":true,"gap_length_m":4.675,"note":"missing_plant; missing plant 4.68 m; optional_detour","kind":"missing_plant","tile":"siret3_r013_c004","source_target_id":"T-MSP-0264","priority":3,"route_role":"optional","skip_reason":"optional_detour"},"geometry":{"type":"Point","coordinates":[28.7035595,47.1255132]}},{"type":"Feature","id":724,"properties":{"target_id":"T724","type":"missing","vineyard_id":"V10","row_id":"V10-R002","waste_id":null,"route_order":null,"reachable":true,"gap_length_m":4.8,"note":"missing_plant; missing plant 4.80 m; optional_detour","kind":"missing_plant","tile":"siret3_r013_c003","source_target_id":"T-MSP-0265","priority":3,"route_role":"optional","skip_reason":"optional_detour"},"geometry":{"type":"Point","coordinates":[28.7032665,47.1256273]}},{"type":"Feature","id":725,"properties":{"target_id":"T725","type":"missing","vineyard_id":"V10","row_id":"V10-R002","waste_id":null,"route_order":null,"reachable":true,"gap_length_m":3.1,"note":"missing_plant; missing plant 3.10 m; optional_detour","kind":"missing_plant","tile":"siret3_r013_c003","source_target_id":"T-MSP-0266","priority":3,"route_role":"optional","skip_reason":"optional_detour"},"geometry":{"type":"Point","coordinates":[28.7032038,47.1256518]}},{"type":"Feature","id":726,"properties":{"target_id":"T726","type":"missing","vineyard_id":"V10","row_id":"V10-R002","waste_id":null,"route_order":null,"reachable":true,"gap_length_m":4.25,"note":"missing_plant; missing plant 4.25 m; optional_detour","kind":"missing_plant","tile":"siret3_r013_c003","source_target_id":"T-MSP-0267","priority":3,"route_role":"optional","skip_reason":"optional_detour"},"geometry":{"type":"Point","coordinates":[28.7031392,47.1256769]}},{"type":"Feature","id":727,"properties":{"target_id":"T727","type":"missing","vineyard_id":"V10","row_id":"V10-R002","waste_id":null,"route_order":null,"reachable":true,"gap_length_m":4.225,"note":"missing_plant; missing plant 4.23 m; optional_detour","kind":"missing_plant","tile":"siret3_r013_c003","source_target_id":"T-MSP-0268","priority":3,"route_role":"optional","skip_reason":"optional_detour"},"geometry":{"type":"Point","coordinates":[28.7030666,47.1257052]}},{"type":"Feature","id":728,"properties":{"target_id":"T728","type":"missing","vineyard_id":"V10","row_id":"V10-R002","waste_id":null,"route_order":null,"reachable":true,"gap_length_m":2.625,"note":"missing_plant; missing plant 2.62 m; optional_detour","kind":"missing_plant","tile":"siret3_r013_c003","source_target_id":"T-MSP-0269","priority":3,"route_role":"optional","skip_reason":"optional_detour"},"geometry":{"type":"Point","coordinates":[28.7030159,47.1257249]}},{"type":"Feature","id":729,"properties":{"target_id":"T729","type":"missing","vineyard_id":"V10","row_id":"V10-R007","waste_id":null,"route_order":null,"reachable":true,"gap_length_m":2.625,"note":"missing_plant; missing plant 2.62 m","kind":"missing_plant","tile":"siret3_r013_c003","source_target_id":"T-MSP-0285","priority":3,"route_role":"optional","skip_reason":"not_covered"},"geometry":{"type":"Point","coordinates":[28.7031687,47.1255452]}},{"type":"Feature","id":730,"properties":{"target_id":"T730","type":"missing","vineyard_id":"V10","row_id":"V10-R007","waste_id":null,"route_order":null,"reachable":true,"gap_length_m":2.975,"note":"missing_plant; missing plant 2.97 m","kind":"missing_plant","tile":"siret3_r013_c003","source_target_id":"T-MSP-0286","priority":3,"route_role":"optional","skip_reason":"not_covered"},"geometry":{"type":"Point","coordinates":[28.7031283,47.1255609]}},{"type":"Feature","id":731,"properties":{"target_id":"T731","type":"missing","vineyard_id":"V10","row_id":"V10-R009","waste_id":null,"route_order":null,"reachable":true,"gap_length_m":2.75,"note":"missing_plant; missing plant 2.75 m","kind":"missing_plant","tile":"siret3_r014_c004","source_target_id":"T-MSP-0288","priority":3,"route_role":"optional","skip_reason":"not_covered"},"geometry":{"type":"Point","coordinates":[28.7035893,47.1253553]}},{"type":"Feature","id":732,"properties":{"target_id":"T732","type":"missing","vineyard_id":"V10","row_id":"V10-R011","waste_id":null,"route_order":null,"reachable":false,"gap_length_m":2.375,"note":"missing_plant; missing plant 2.38 m; disconnected","kind":"missing_plant","tile":"siret3_r014_c004","source_target_id":"T-MSP-0289","priority":3,"route_role":"optional","skip_reason":"disconnected"},"geometry":{"type":"Point","coordinates":[28.7035452,47.1253282]}},{"type":"Feature","id":733,"properties":{"target_id":"T733","type":"missing","vineyard_id":"V10","row_id":"V10-R013","waste_id":null,"route_order":null,"reachable":false,"gap_length_m":4.625,"note":"missing_plant; missing plant 4.62 m; disconnected","kind":"missing_plant","tile":"siret3_r014_c004","source_target_id":"T-MSP-0290","priority":3,"route_role":"optional","skip_reason":"disconnected"},"geometry":{"type":"Point","coordinates":[28.703514,47.1252927]}},{"type":"Feature","id":734,"properties":{"target_id":"T734","type":"missing","vineyard_id":"V10","row_id":"V10-R014","waste_id":null,"route_order":null,"reachable":false,"gap_length_m":2.15,"note":"missing_plant; missing plant 2.15 m; disconnected","kind":"missing_plant","tile":"siret3_r014_c004","source_target_id":"T-MSP-0291","priority":3,"route_role":"optional","skip_reason":"disconnected"},"geometry":{"type":"Point","coordinates":[28.7035567,47.1252505]}},{"type":"Feature","id":735,"properties":{"target_id":"T735","type":"missing","vineyard_id":"V10","row_id":"V10-R014","waste_id":null,"route_order":null,"reachable":false,"gap_length_m":3.025,"note":"missing_plant; missing plant 3.03 m; disconnected","kind":"missing_plant","tile":"siret3_r014_c004","source_target_id":"T-MSP-0292","priority":3,"route_role":"optional","skip_reason":"disconnected"},"geometry":{"type":"Point","coordinates":[28.7034651,47.1252868]}},{"type":"Feature","id":736,"properties":{"target_id":"T736","type":"missing","vineyard_id":"V11","row_id":"V11-R004","waste_id":null,"route_order":null,"reachable":false,"gap_length_m":2,"note":"missing_plant; missing plant 2.00 m; disconnected","kind":"missing_plant","tile":"siret3_r014_c004","source_target_id":"T-MSP-0293","priority":3,"route_role":"optional","skip_reason":"disconnected"},"geometry":{"type":"Point","coordinates":[28.7034929,47.1252049]}},{"type":"Feature","id":737,"properties":{"target_id":"T737","type":"missing","vineyard_id":"V11","row_id":"V11-R006","waste_id":null,"route_order":null,"reachable":false,"gap_length_m":3.075,"note":"missing_plant; missing plant 3.08 m; disconnected","kind":"missing_plant","tile":"siret3_r014_c004","source_target_id":"T-MSP-0294","priority":3,"route_role":"optional","skip_reason":"disconnected"},"geometry":{"type":"Point","coordinates":[28.7037957,47.1250612]}},{"type":"Feature","id":738,"properties":{"target_id":"T738","type":"missing","vineyard_id":"V11","row_id":"V11-R007","waste_id":null,"route_order":null,"reachable":false,"gap_length_m":3.15,"note":"missing_plant; missing plant 3.15 m; disconnected","kind":"missing_plant","tile":"siret3_r014_c004","source_target_id":"T-MSP-0295","priority":3,"route_role":"optional","skip_reason":"disconnected"},"geometry":{"type":"Point","coordinates":[28.7034682,47.1251889]}},{"type":"Feature","id":739,"properties":{"target_id":"T739","type":"missing","vineyard_id":"V11","row_id":"V11-R008","waste_id":null,"route_order":null,"reachable":false,"gap_length_m":3.4,"note":"missing_plant; missing plant 3.40 m; disconnected","kind":"missing_plant","tile":"siret3_r014_c004","source_target_id":"T-MSP-0296","priority":3,"route_role":"optional","skip_reason":"disconnected"},"geometry":{"type":"Point","coordinates":[28.7036879,47.1250798]}},{"type":"Feature","id":740,"properties":{"target_id":"T740","type":"missing","vineyard_id":"V11","row_id":"V11-R009","waste_id":null,"route_order":null,"reachable":false,"gap_length_m":3.35,"note":"missing_plant; missing plant 3.35 m; disconnected","kind":"missing_plant","tile":"siret3_r014_c004","source_target_id":"T-MSP-0297","priority":3,"route_role":"optional","skip_reason":"disconnected"},"geometry":{"type":"Point","coordinates":[28.7036784,47.1250596]}},{"type":"Feature","id":741,"properties":{"target_id":"T741","type":"missing","vineyard_id":"V12","row_id":"V12-R004","waste_id":null,"route_order":null,"reachable":false,"gap_length_m":2.25,"note":"missing_plant; missing plant 2.25 m; disconnected","kind":"missing_plant","tile":"siret3_r015_c011","source_target_id":"T-MSP-0298","priority":3,"route_role":"optional","skip_reason":"disconnected"},"geometry":{"type":"Point","coordinates":[28.7087203,47.1246795]}},{"type":"Feature","id":742,"properties":{"target_id":"T742","type":"missing","vineyard_id":"V13","row_id":"V13-R003","waste_id":null,"route_order":null,"reachable":true,"gap_length_m":3.475,"note":"missing_plant; missing plant 3.48 m; optional_detour","kind":"missing_plant","tile":"siret3_r018_c012","source_target_id":"T-MSP-0299","priority":3,"route_role":"optional","skip_reason":"optional_detour"},"geometry":{"type":"Point","coordinates":[28.7093512,47.1232174]}},{"type":"Feature","id":743,"properties":{"target_id":"T743","type":"missing","vineyard_id":"V13","row_id":"V13-R003","waste_id":null,"route_order":null,"reachable":true,"gap_length_m":2.625,"note":"missing_plant; missing plant 2.62 m; optional_detour","kind":"missing_plant","tile":"siret3_r018_c012","source_target_id":"T-MSP-0300","priority":3,"route_role":"optional","skip_reason":"optional_detour"},"geometry":{"type":"Point","coordinates":[28.7092808,47.1232826]}},{"type":"Feature","id":744,"properties":{"target_id":"T744","type":"missing","vineyard_id":"V13","row_id":"V13-R004","waste_id":null,"route_order":null,"reachable":true,"gap_length_m":2.6,"note":"missing_plant; missing plant 2.60 m; optional_detour","kind":"missing_plant","tile":"siret3_r021_c014","source_target_id":"T-MSP-0301","priority":3,"route_role":"optional","skip_reason":"optional_detour"},"geometry":{"type":"Point","coordinates":[28.7105602,47.1220511]}},{"type":"Feature","id":745,"properties":{"target_id":"T745","type":"missing","vineyard_id":"V13","row_id":"V13-R004","waste_id":null,"route_order":null,"reachable":true,"gap_length_m":2.475,"note":"missing_plant; missing plant 2.48 m; optional_detour","kind":"missing_plant","tile":"siret3_r020_c014","source_target_id":"T-MSP-0302","priority":3,"route_role":"optional","skip_reason":"optional_detour"},"geometry":{"type":"Point","coordinates":[28.7104612,47.1221437]}},{"type":"Feature","id":746,"properties":{"target_id":"T746","type":"missing","vineyard_id":"V13","row_id":"V13-R004","waste_id":null,"route_order":null,"reachable":true,"gap_length_m":3.05,"note":"missing_plant; missing plant 3.05 m; optional_detour","kind":"missing_plant","tile":"siret3_r020_c014","source_target_id":"T-MSP-0303","priority":3,"route_role":"optional","skip_reason":"optional_detour"},"geometry":{"type":"Point","coordinates":[28.7103813,47.1222179]}},{"type":"Feature","id":747,"properties":{"target_id":"T747","type":"missing","vineyard_id":"V13","row_id":"V13-R005","waste_id":null,"route_order":null,"reachable":true,"gap_length_m":3.65,"note":"missing_plant; missing plant 3.65 m; optional_detour","kind":"missing_plant","tile":"siret3_r018_c012","source_target_id":"T-MSP-0306","priority":3,"route_role":"optional","skip_reason":"optional_detour"},"geometry":{"type":"Point","coordinates":[28.7093255,47.1231966]}},{"type":"Feature","id":748,"properties":{"target_id":"T748","type":"missing","vineyard_id":"V13","row_id":"V13-R006","waste_id":null,"route_order":null,"reachable":true,"gap_length_m":2.625,"note":"missing_plant; missing plant 2.63 m; optional_detour","kind":"missing_plant","tile":"siret3_r021_c015","source_target_id":"T-MSP-0307","priority":3,"route_role":"optional","skip_reason":"optional_detour"},"geometry":{"type":"Point","coordinates":[28.7107159,47.1218641]}},{"type":"Feature","id":749,"properties":{"target_id":"T749","type":"missing","vineyard_id":"V13","row_id":"V13-R006","waste_id":null,"route_order":null,"reachable":true,"gap_length_m":2.525,"note":"missing_plant; missing plant 2.53 m; optional_detour","kind":"missing_plant","tile":"siret3_r020_c014","source_target_id":"T-MSP-0308","priority":3,"route_role":"optional","skip_reason":"optional_detour"},"geometry":{"type":"Point","coordinates":[28.7105066,47.1220611]}},{"type":"Feature","id":750,"properties":{"target_id":"T750","type":"missing","vineyard_id":"V13","row_id":"V13-R006","waste_id":null,"route_order":null,"reachable":true,"gap_length_m":3.5,"note":"missing_plant; missing plant 3.50 m; optional_detour","kind":"missing_plant","tile":"siret3_r020_c014","source_target_id":"T-MSP-0309","priority":3,"route_role":"optional","skip_reason":"optional_detour"},"geometry":{"type":"Point","coordinates":[28.7103805,47.1221789]}},{"type":"Feature","id":751,"properties":{"target_id":"T751","type":"missing","vineyard_id":"V13","row_id":"V13-R006","waste_id":null,"route_order":null,"reachable":true,"gap_length_m":2.625,"note":"missing_plant; missing plant 2.62 m; optional_detour","kind":"missing_plant","tile":"siret3_r020_c014","source_target_id":"T-MSP-0310","priority":3,"route_role":"optional","skip_reason":"optional_detour"},"geometry":{"type":"Point","coordinates":[28.710249,47.1223012]}},{"type":"Feature","id":752,"properties":{"target_id":"T752","type":"missing","vineyard_id":"V13","row_id":"V13-R006","waste_id":null,"route_order":null,"reachable":true,"gap_length_m":4.75,"note":"missing_plant; missing plant 4.75 m; optional_detour","kind":"missing_plant","tile":"siret3_r020_c014","source_target_id":"T-MSP-0311","priority":3,"route_role":"optional","skip_reason":"optional_detour"},"geometry":{"type":"Point","coordinates":[28.7101864,47.1223596]}},{"type":"Feature","id":753,"properties":{"target_id":"T753","type":"missing","vineyard_id":"V13","row_id":"V13-R006","waste_id":null,"route_order":null,"reachable":true,"gap_length_m":2,"note":"missing_plant; missing plant 2.00 m; truncated","kind":"missing_plant","tile":"siret3_r019_c013","source_target_id":"T-MSP-0312","priority":3,"route_role":"optional","skip_reason":"truncated"},"geometry":{"type":"Point","coordinates":[28.7098278,47.1226908]}},{"type":"Feature","id":754,"properties":{"target_id":"T754","type":"missing","vineyard_id":"V13","row_id":"V13-R006","waste_id":null,"route_order":null,"reachable":true,"gap_length_m":3.825,"note":"missing_plant; missing plant 3.83 m; optional_detour","kind":"missing_plant","tile":"siret3_r019_c013","source_target_id":"T-MSP-0313","priority":3,"route_role":"optional","skip_reason":"optional_detour"},"geometry":{"type":"Point","coordinates":[28.7097601,47.1227532]}},{"type":"Feature","id":755,"properties":{"target_id":"T755","type":"missing","vineyard_id":"V13","row_id":"V13-R006","waste_id":null,"route_order":null,"reachable":true,"gap_length_m":3,"note":"missing_plant; missing plant 3.00 m; optional_detour","kind":"missing_plant","tile":"siret3_r019_c013","source_target_id":"T-MSP-0314","priority":3,"route_role":"optional","skip_reason":"optional_detour"},"geometry":{"type":"Point","coordinates":[28.7096225,47.12288]}},{"type":"Feature","id":756,"properties":{"target_id":"T756","type":"missing","vineyard_id":"V13","row_id":"V13-R008","waste_id":null,"route_order":null,"reachable":true,"gap_length_m":2.1,"note":"missing_plant; missing plant 2.10 m; optional_detour","kind":"missing_plant","tile":"siret3_r021_c014","source_target_id":"T-MSP-0315","priority":3,"route_role":"optional","skip_reason":"optional_detour"},"geometry":{"type":"Point","coordinates":[28.7106306,47.1219035]}},{"type":"Feature","id":757,"properties":{"target_id":"T757","type":"missing","vineyard_id":"V13","row_id":"V13-R008","waste_id":null,"route_order":null,"reachable":true,"gap_length_m":3.15,"note":"missing_plant; missing plant 3.15 m; optional_detour","kind":"missing_plant","tile":"siret3_r020_c014","source_target_id":"T-MSP-0316","priority":3,"route_role":"optional","skip_reason":"optional_detour"},"geometry":{"type":"Point","coordinates":[28.7103817,47.1221348]}},{"type":"Feature","id":758,"properties":{"target_id":"T758","type":"missing","vineyard_id":"V13","row_id":"V13-R008","waste_id":null,"route_order":null,"reachable":true,"gap_length_m":2.075,"note":"missing_plant; missing plant 2.07 m; optional_detour","kind":"missing_plant","tile":"siret3_r020_c014","source_target_id":"T-MSP-0317","priority":3,"route_role":"optional","skip_reason":"optional_detour"},"geometry":{"type":"Point","coordinates":[28.7102801,47.1222291]}},{"type":"Feature","id":759,"properties":{"target_id":"T759","type":"missing","vineyard_id":"V13","row_id":"V13-R010","waste_id":null,"route_order":null,"reachable":true,"gap_length_m":2.625,"note":"missing_plant; missing plant 2.62 m; optional_detour","kind":"missing_plant","tile":"siret3_r019_c013","source_target_id":"T-MSP-0334","priority":3,"route_role":"optional","skip_reason":"optional_detour"},"geometry":{"type":"Point","coordinates":[28.7094456,47.1229194]}},{"type":"Feature","id":760,"properties":{"target_id":"T760","type":"missing","vineyard_id":"V13","row_id":"V13-R010","waste_id":null,"route_order":null,"reachable":true,"gap_length_m":2.075,"note":"missing_plant; missing plant 2.07 m; optional_detour","kind":"missing_plant","tile":"siret3_r018_c012","source_target_id":"T-MSP-0335","priority":3,"route_role":"optional","skip_reason":"optional_detour"},"geometry":{"type":"Point","coordinates":[28.7092176,47.1231307]}},{"type":"Feature","id":761,"properties":{"target_id":"T761","type":"missing","vineyard_id":"V13","row_id":"V13-R012","waste_id":null,"route_order":null,"reachable":true,"gap_length_m":2.15,"note":"missing_plant; missing plant 2.15 m; optional_detour","kind":"missing_plant","tile":"siret3_r020_c013","source_target_id":"T-MSP-0340","priority":3,"route_role":"optional","skip_reason":"optional_detour"},"geometry":{"type":"Point","coordinates":[28.7099304,47.122385]}},{"type":"Feature","id":762,"properties":{"target_id":"T762","type":"missing","vineyard_id":"V13","row_id":"V13-R012","waste_id":null,"route_order":null,"reachable":true,"gap_length_m":2.05,"note":"missing_plant; missing plant 2.05 m; truncated","kind":"missing_plant","tile":"siret3_r019_c013","source_target_id":"T-MSP-0341","priority":3,"route_role":"optional","skip_reason":"truncated"},"geometry":{"type":"Point","coordinates":[28.7094987,47.122787]}},{"type":"Feature","id":763,"properties":{"target_id":"T763","type":"missing","vineyard_id":"V13","row_id":"V13-R012","waste_id":null,"route_order":null,"reachable":true,"gap_length_m":3,"note":"missing_plant; missing plant 3.00 m; optional_detour","kind":"missing_plant","tile":"siret3_r018_c012","source_target_id":"T-MSP-0342","priority":3,"route_role":"optional","skip_reason":"optional_detour"},"geometry":{"type":"Point","coordinates":[28.7091272,47.1231315]}},{"type":"Feature","id":764,"properties":{"target_id":"T764","type":"missing","vineyard_id":"V13","row_id":"V13-R012","waste_id":null,"route_order":null,"reachable":true,"gap_length_m":4.025,"note":"missing_plant; missing plant 4.03 m; optional_detour","kind":"missing_plant","tile":"siret3_r018_c012","source_target_id":"T-MSP-0343","priority":3,"route_role":"optional","skip_reason":"optional_detour"},"geometry":{"type":"Point","coordinates":[28.7089911,47.1232571]}},{"type":"Feature","id":765,"properties":{"target_id":"T765","type":"missing","vineyard_id":"V13","row_id":"V13-R013","waste_id":null,"route_order":null,"reachable":true,"gap_length_m":4.45,"note":"missing_plant; missing plant 4.45 m; optional_detour","kind":"missing_plant","tile":"siret3_r021_c014","source_target_id":"T-MSP-0344","priority":3,"route_role":"optional","skip_reason":"optional_detour"},"geometry":{"type":"Point","coordinates":[28.7106623,47.121656]}},{"type":"Feature","id":766,"properties":{"target_id":"T766","type":"missing","vineyard_id":"V13","row_id":"V13-R013","waste_id":null,"route_order":null,"reachable":true,"gap_length_m":2.5,"note":"missing_plant; missing plant 2.50 m; optional_detour","kind":"missing_plant","tile":"siret3_r020_c013","source_target_id":"T-MSP-0348","priority":3,"route_role":"optional","skip_reason":"optional_detour"},"geometry":{"type":"Point","coordinates":[28.709928,47.1223459]}},{"type":"Feature","id":767,"properties":{"target_id":"T767","type":"missing","vineyard_id":"V13","row_id":"V13-R013","waste_id":null,"route_order":null,"reachable":true,"gap_length_m":2.05,"note":"missing_plant; missing plant 2.05 m; truncated","kind":"missing_plant","tile":"siret3_r020_c013","source_target_id":"T-MSP-0349","priority":3,"route_role":"optional","skip_reason":"truncated"},"geometry":{"type":"Point","coordinates":[28.7097773,47.1224857]}},{"type":"Feature","id":768,"properties":{"target_id":"T768","type":"missing","vineyard_id":"V13","row_id":"V13-R014","waste_id":null,"route_order":null,"reachable":true,"gap_length_m":2.775,"note":"missing_plant; missing plant 2.77 m; optional_detour","kind":"missing_plant","tile":"siret3_r021_c014","source_target_id":"T-MSP-0350","priority":3,"route_role":"optional","skip_reason":"optional_detour"},"geometry":{"type":"Point","coordinates":[28.7104198,47.1218454]}},{"type":"Feature","id":769,"properties":{"target_id":"T769","type":"missing","vineyard_id":"V13","row_id":"V13-R014","waste_id":null,"route_order":null,"reachable":true,"gap_length_m":2.75,"note":"missing_plant; missing plant 2.75 m; optional_detour","kind":"missing_plant","tile":"siret3_r021_c014","source_target_id":"T-MSP-0351","priority":3,"route_role":"optional","skip_reason":"optional_detour"},"geometry":{"type":"Point","coordinates":[28.7103841,47.1218786]}},{"type":"Feature","id":770,"properties":{"target_id":"T770","type":"missing","vineyard_id":"V13","row_id":"V13-R014","waste_id":null,"route_order":null,"reachable":true,"gap_length_m":2.425,"note":"missing_plant; missing plant 2.42 m; optional_detour","kind":"missing_plant","tile":"siret3_r019_c012","source_target_id":"T-MSP-0352","priority":3,"route_role":"optional","skip_reason":"optional_detour"},"geometry":{"type":"Point","coordinates":[28.7092898,47.1228963]}},{"type":"Feature","id":771,"properties":{"target_id":"T771","type":"missing","vineyard_id":"V13","row_id":"V13-R014","waste_id":null,"route_order":null,"reachable":true,"gap_length_m":2.8,"note":"missing_plant; missing plant 2.80 m; optional_detour","kind":"missing_plant","tile":"siret3_r018_c012","source_target_id":"T-MSP-0353","priority":3,"route_role":"optional","skip_reason":"optional_detour"},"geometry":{"type":"Point","coordinates":[28.7089773,47.1231869]}},{"type":"Feature","id":772,"properties":{"target_id":"T772","type":"missing","vineyard_id":"V13","row_id":"V13-R014","waste_id":null,"route_order":null,"reachable":true,"gap_length_m":4.2,"note":"missing_plant; missing plant 4.20 m; optional_detour","kind":"missing_plant","tile":"siret3_r018_c012","source_target_id":"T-MSP-0354","priority":3,"route_role":"optional","skip_reason":"optional_detour"},"geometry":{"type":"Point","coordinates":[28.7089001,47.1232587]}},{"type":"Feature","id":773,"properties":{"target_id":"T773","type":"missing","vineyard_id":"V13","row_id":"V13-R015","waste_id":null,"route_order":null,"reachable":true,"gap_length_m":2.075,"note":"missing_plant; missing plant 2.08 m; optional_detour","kind":"missing_plant","tile":"siret3_r020_c014","source_target_id":"T-MSP-0355","priority":3,"route_role":"optional","skip_reason":"optional_detour"},"geometry":{"type":"Point","coordinates":[28.7100898,47.1221073]}},{"type":"Feature","id":774,"properties":{"target_id":"T774","type":"missing","vineyard_id":"V13","row_id":"V13-R015","waste_id":null,"route_order":null,"reachable":true,"gap_length_m":2.45,"note":"missing_plant; missing plant 2.45 m; optional_detour","kind":"missing_plant","tile":"siret3_r019_c012","source_target_id":"T-MSP-0356","priority":3,"route_role":"optional","skip_reason":"optional_detour"},"geometry":{"type":"Point","coordinates":[28.7092037,47.122931]}},{"type":"Feature","id":775,"properties":{"target_id":"T775","type":"missing","vineyard_id":"V13","row_id":"V13-R015","waste_id":null,"route_order":null,"reachable":true,"gap_length_m":2.1,"note":"missing_plant; missing plant 2.10 m; optional_detour","kind":"missing_plant","tile":"siret3_r018_c012","source_target_id":"T-MSP-0357","priority":3,"route_role":"optional","skip_reason":"optional_detour"},"geometry":{"type":"Point","coordinates":[28.7088926,47.1232224]}},{"type":"Feature","id":776,"properties":{"target_id":"T776","type":"missing","vineyard_id":"V13","row_id":"V13-R016","waste_id":null,"route_order":null,"reachable":true,"gap_length_m":2.475,"note":"missing_plant; missing plant 2.48 m; optional_detour","kind":"missing_plant","tile":"siret3_r021_c014","source_target_id":"T-MSP-0358","priority":3,"route_role":"optional","skip_reason":"optional_detour"},"geometry":{"type":"Point","coordinates":[28.7101621,47.1219991]}},{"type":"Feature","id":777,"properties":{"target_id":"T777","type":"missing","vineyard_id":"V13","row_id":"V13-R016","waste_id":null,"route_order":null,"reachable":true,"gap_length_m":4.4,"note":"missing_plant; missing plant 4.40 m; optional_detour","kind":"missing_plant","tile":"siret3_r020_c014","source_target_id":"T-MSP-0359","priority":3,"route_role":"optional","skip_reason":"optional_detour"},"geometry":{"type":"Point","coordinates":[28.7100884,47.1220675]}},{"type":"Feature","id":778,"properties":{"target_id":"T778","type":"missing","vineyard_id":"V13","row_id":"V13-R016","waste_id":null,"route_order":null,"reachable":true,"gap_length_m":2.425,"note":"missing_plant; missing plant 2.42 m; optional_detour","kind":"missing_plant","tile":"siret3_r020_c013","source_target_id":"T-MSP-0360","priority":3,"route_role":"optional","skip_reason":"optional_detour"},"geometry":{"type":"Point","coordinates":[28.7099923,47.1221573]}},{"type":"Feature","id":779,"properties":{"target_id":"T779","type":"missing","vineyard_id":"V13","row_id":"V13-R016","waste_id":null,"route_order":null,"reachable":true,"gap_length_m":2.875,"note":"missing_plant; missing plant 2.88 m; optional_detour","kind":"missing_plant","tile":"siret3_r020_c013","source_target_id":"T-MSP-0361","priority":3,"route_role":"optional","skip_reason":"optional_detour"},"geometry":{"type":"Point","coordinates":[28.7099024,47.1222415]}},{"type":"Feature","id":780,"properties":{"target_id":"T780","type":"missing","vineyard_id":"V13","row_id":"V13-R016","waste_id":null,"route_order":null,"reachable":true,"gap_length_m":3.7,"note":"missing_plant; missing plant 3.70 m; optional_detour","kind":"missing_plant","tile":"siret3_r018_c012","source_target_id":"T-MSP-0362","priority":3,"route_role":"optional","skip_reason":"optional_detour"},"geometry":{"type":"Point","coordinates":[28.7090494,47.1230341]}},{"type":"Feature","id":781,"properties":{"target_id":"T781","type":"missing","vineyard_id":"V13","row_id":"V13-R016","waste_id":null,"route_order":null,"reachable":true,"gap_length_m":2.1,"note":"missing_plant; missing plant 2.10 m; optional_detour","kind":"missing_plant","tile":"siret3_r018_c012","source_target_id":"T-MSP-0363","priority":3,"route_role":"optional","skip_reason":"optional_detour"},"geometry":{"type":"Point","coordinates":[28.7089482,47.1231287]}},{"type":"Feature","id":782,"properties":{"target_id":"T782","type":"missing","vineyard_id":"V13","row_id":"V13-R017","waste_id":null,"route_order":null,"reachable":true,"gap_length_m":2.592,"note":"missing_plant; missing plant 2.59 m; optional_detour","kind":"missing_plant","tile":"siret3_r021_c014","source_target_id":"T-MSP-0364","priority":3,"route_role":"optional","skip_reason":"optional_detour"},"geometry":{"type":"Point","coordinates":[28.7104146,47.1217243]}},{"type":"Feature","id":783,"properties":{"target_id":"T783","type":"missing","vineyard_id":"V13","row_id":"V13-R017","waste_id":null,"route_order":null,"reachable":true,"gap_length_m":3.775,"note":"missing_plant; missing plant 3.77 m; optional_detour","kind":"missing_plant","tile":"siret3_r021_c014","source_target_id":"T-MSP-0365","priority":3,"route_role":"optional","skip_reason":"optional_detour"},"geometry":{"type":"Point","coordinates":[28.7103071,47.1218241]}},{"type":"Feature","id":784,"properties":{"target_id":"T784","type":"missing","vineyard_id":"V13","row_id":"V13-R017","waste_id":null,"route_order":null,"reachable":true,"gap_length_m":2.275,"note":"missing_plant; missing plant 2.27 m; optional_detour","kind":"missing_plant","tile":"siret3_r021_c014","source_target_id":"T-MSP-0366","priority":3,"route_role":"optional","skip_reason":"optional_detour"},"geometry":{"type":"Point","coordinates":[28.71026,47.1218677]}},{"type":"Feature","id":785,"properties":{"target_id":"T785","type":"missing","vineyard_id":"V13","row_id":"V13-R017","waste_id":null,"route_order":null,"reachable":true,"gap_length_m":3.4,"note":"missing_plant; missing plant 3.40 m; optional_detour","kind":"missing_plant","tile":"siret3_r020_c013","source_target_id":"T-MSP-0367","priority":3,"route_role":"optional","skip_reason":"optional_detour"},"geometry":{"type":"Point","coordinates":[28.7099788,47.1221285]}},{"type":"Feature","id":786,"properties":{"target_id":"T786","type":"missing","vineyard_id":"V13","row_id":"V13-R017","waste_id":null,"route_order":null,"reachable":true,"gap_length_m":2.475,"note":"missing_plant; missing plant 2.48 m; optional_detour","kind":"missing_plant","tile":"siret3_r020_c013","source_target_id":"T-MSP-0368","priority":3,"route_role":"optional","skip_reason":"optional_detour"},"geometry":{"type":"Point","coordinates":[28.7099233,47.12218]}},{"type":"Feature","id":787,"properties":{"target_id":"T787","type":"missing","vineyard_id":"V13","row_id":"V13-R017","waste_id":null,"route_order":null,"reachable":true,"gap_length_m":2.075,"note":"missing_plant; missing plant 2.08 m; optional_detour","kind":"missing_plant","tile":"siret3_r020_c013","source_target_id":"T-MSP-0369","priority":3,"route_role":"optional","skip_reason":"optional_detour"},"geometry":{"type":"Point","coordinates":[28.7098703,47.1222291]}},{"type":"Feature","id":788,"properties":{"target_id":"T788","type":"missing","vineyard_id":"V13","row_id":"V13-R017","waste_id":null,"route_order":null,"reachable":true,"gap_length_m":2.525,"note":"missing_plant; missing plant 2.53 m; optional_detour","kind":"missing_plant","tile":"siret3_r020_c013","source_target_id":"T-MSP-0370","priority":3,"route_role":"optional","skip_reason":"optional_detour"},"geometry":{"type":"Point","coordinates":[28.7097014,47.1223858]}},{"type":"Feature","id":789,"properties":{"target_id":"T789","type":"missing","vineyard_id":"V13","row_id":"V13-R019","waste_id":null,"route_order":null,"reachable":true,"gap_length_m":2.75,"note":"missing_plant; missing plant 2.75 m; optional_detour","kind":"missing_plant","tile":"siret3_r019_c013","source_target_id":"T-MSP-0371","priority":3,"route_role":"optional","skip_reason":"optional_detour"},"geometry":{"type":"Point","coordinates":[28.7094825,47.1225492]}},{"type":"Feature","id":790,"properties":{"target_id":"T790","type":"missing","vineyard_id":"V13","row_id":"V13-R019","waste_id":null,"route_order":null,"reachable":true,"gap_length_m":2.025,"note":"missing_plant; missing plant 2.03 m; truncated","kind":"missing_plant","tile":"siret3_r019_c013","source_target_id":"T-MSP-0372","priority":3,"route_role":"optional","skip_reason":"truncated"},"geometry":{"type":"Point","coordinates":[28.7094283,47.1225997]}},{"type":"Feature","id":791,"properties":{"target_id":"T791","type":"missing","vineyard_id":"V13","row_id":"V13-R019","waste_id":null,"route_order":null,"reachable":true,"gap_length_m":2.55,"note":"missing_plant; missing plant 2.55 m; optional_detour","kind":"missing_plant","tile":"siret3_r019_c012","source_target_id":"T-MSP-0373","priority":3,"route_role":"optional","skip_reason":"optional_detour"},"geometry":{"type":"Point","coordinates":[28.7090911,47.1229142]}},{"type":"Feature","id":792,"properties":{"target_id":"T792","type":"missing","vineyard_id":"V13","row_id":"V13-R019","waste_id":null,"route_order":null,"reachable":true,"gap_length_m":2.025,"note":"missing_plant; missing plant 2.02 m; truncated","kind":"missing_plant","tile":"siret3_r019_c012","source_target_id":"T-MSP-0374","priority":3,"route_role":"optional","skip_reason":"truncated"},"geometry":{"type":"Point","coordinates":[28.7090056,47.1229939]}},{"type":"Feature","id":793,"properties":{"target_id":"T793","type":"missing","vineyard_id":"V13","row_id":"V13-R019","waste_id":null,"route_order":null,"reachable":true,"gap_length_m":2.025,"note":"missing_plant; missing plant 2.02 m; truncated","kind":"missing_plant","tile":"siret3_r018_c012","source_target_id":"T-MSP-0375","priority":3,"route_role":"optional","skip_reason":"truncated"},"geometry":{"type":"Point","coordinates":[28.7087744,47.1232065]}},{"type":"Feature","id":794,"properties":{"target_id":"T794","type":"missing","vineyard_id":"V13","row_id":"V13-R021","waste_id":null,"route_order":null,"reachable":true,"gap_length_m":3.75,"note":"missing_plant; missing plant 3.75 m; optional_detour","kind":"missing_plant","tile":"siret3_r019_c013","source_target_id":"T-MSP-0384","priority":3,"route_role":"optional","skip_reason":"optional_detour"},"geometry":{"type":"Point","coordinates":[28.709432,47.1225512]}},{"type":"Feature","id":795,"properties":{"target_id":"T795","type":"missing","vineyard_id":"V13","row_id":"V13-R021","waste_id":null,"route_order":null,"reachable":true,"gap_length_m":2,"note":"missing_plant; missing plant 2.00 m; truncated","kind":"missing_plant","tile":"siret3_r019_c012","source_target_id":"T-MSP-0385","priority":3,"route_role":"optional","skip_reason":"truncated"},"geometry":{"type":"Point","coordinates":[28.7089731,47.1229789]}},{"type":"Feature","id":796,"properties":{"target_id":"T796","type":"missing","vineyard_id":"V13","row_id":"V13-R022","waste_id":null,"route_order":null,"reachable":true,"gap_length_m":4,"note":"missing_plant; missing plant 4.00 m; optional_detour","kind":"missing_plant","tile":"siret3_r019_c012","source_target_id":"T-MSP-0390","priority":3,"route_role":"optional","skip_reason":"optional_detour"},"geometry":{"type":"Point","coordinates":[28.7090485,47.1228715]}},{"type":"Feature","id":797,"properties":{"target_id":"T797","type":"missing","vineyard_id":"V13","row_id":"V13-R022","waste_id":null,"route_order":null,"reachable":true,"gap_length_m":3.975,"note":"missing_plant; missing plant 3.97 m; optional_detour","kind":"missing_plant","tile":"siret3_r019_c012","source_target_id":"T-MSP-0391","priority":3,"route_role":"optional","skip_reason":"optional_detour"},"geometry":{"type":"Point","coordinates":[28.7089352,47.1229762]}},{"type":"Feature","id":798,"properties":{"target_id":"T798","type":"missing","vineyard_id":"V13","row_id":"V13-R022","waste_id":null,"route_order":null,"reachable":true,"gap_length_m":2.075,"note":"missing_plant; missing plant 2.08 m; optional_detour","kind":"missing_plant","tile":"siret3_r018_c012","source_target_id":"T-MSP-0392","priority":3,"route_role":"optional","skip_reason":"optional_detour"},"geometry":{"type":"Point","coordinates":[28.7089025,47.1230061]}},{"type":"Feature","id":799,"properties":{"target_id":"T799","type":"missing","vineyard_id":"V13","row_id":"V13-R027","waste_id":null,"route_order":null,"reachable":true,"gap_length_m":2.675,"note":"missing_plant; missing plant 2.67 m; optional_detour","kind":"missing_plant","tile":"siret3_r019_c012","source_target_id":"T-MSP-0399","priority":3,"route_role":"optional","skip_reason":"optional_detour"},"geometry":{"type":"Point","coordinates":[28.7091364,47.1227036]}},{"type":"Feature","id":800,"properties":{"target_id":"T800","type":"missing","vineyard_id":"V13","row_id":"V13-R028","waste_id":null,"route_order":null,"reachable":true,"gap_length_m":2.175,"note":"missing_plant; missing plant 2.18 m; optional_detour","kind":"missing_plant","tile":"siret3_r021_c013","source_target_id":"T-MSP-0400","priority":3,"route_role":"optional","skip_reason":"optional_detour"},"geometry":{"type":"Point","coordinates":[28.7099005,47.1219494]}},{"type":"Feature","id":801,"properties":{"target_id":"T801","type":"missing","vineyard_id":"V13","row_id":"V13-R028","waste_id":null,"route_order":null,"reachable":true,"gap_length_m":2.95,"note":"missing_plant; missing plant 2.95 m; optional_detour","kind":"missing_plant","tile":"siret3_r021_c013","source_target_id":"T-MSP-0401","priority":3,"route_role":"optional","skip_reason":"optional_detour"},"geometry":{"type":"Point","coordinates":[28.7098748,47.1219735]}},{"type":"Feature","id":802,"properties":{"target_id":"T802","type":"missing","vineyard_id":"V13","row_id":"V13-R030","waste_id":null,"route_order":null,"reachable":true,"gap_length_m":2.325,"note":"missing_plant; missing plant 2.33 m; optional_detour","kind":"missing_plant","tile":"siret3_r023_c015","source_target_id":"T-MSP-0409","priority":3,"route_role":"optional","skip_reason":"optional_detour"},"geometry":{"type":"Point","coordinates":[28.7109147,47.1209539]}},{"type":"Feature","id":803,"properties":{"target_id":"T803","type":"missing","vineyard_id":"V13","row_id":"V13-R030","waste_id":null,"route_order":null,"reachable":true,"gap_length_m":2,"note":"missing_plant; missing plant 2.00 m; truncated","kind":"missing_plant","tile":"siret3_r023_c015","source_target_id":"T-MSP-0410","priority":3,"route_role":"optional","skip_reason":"truncated"},"geometry":{"type":"Point","coordinates":[28.7107812,47.1210822]}},{"type":"Feature","id":804,"properties":{"target_id":"T804","type":"missing","vineyard_id":"V13","row_id":"V13-R030","waste_id":null,"route_order":null,"reachable":true,"gap_length_m":2.8,"note":"missing_plant; missing plant 2.80 m; optional_detour","kind":"missing_plant","tile":"siret3_r021_c013","source_target_id":"T-MSP-0411","priority":3,"route_role":"optional","skip_reason":"optional_detour"},"geometry":{"type":"Point","coordinates":[28.7098157,47.1219867]}},{"type":"Feature","id":805,"properties":{"target_id":"T805","type":"missing","vineyard_id":"V13","row_id":"V13-R033","waste_id":null,"route_order":null,"reachable":true,"gap_length_m":2.125,"note":"missing_plant; missing plant 2.12 m; optional_detour","kind":"missing_plant","tile":"siret3_r021_c013","source_target_id":"T-MSP-0412","priority":3,"route_role":"optional","skip_reason":"optional_detour"},"geometry":{"type":"Point","coordinates":[28.7097689,47.1219854]}},{"type":"Feature","id":806,"properties":{"target_id":"T806","type":"missing","vineyard_id":"V13","row_id":"V13-R033","waste_id":null,"route_order":null,"reachable":true,"gap_length_m":3.475,"note":"missing_plant; missing plant 3.47 m; optional_detour","kind":"missing_plant","tile":"siret3_r021_c013","source_target_id":"T-MSP-0413","priority":3,"route_role":"optional","skip_reason":"optional_detour"},"geometry":{"type":"Point","coordinates":[28.7096819,47.1220663]}},{"type":"Feature","id":807,"properties":{"target_id":"T807","type":"missing","vineyard_id":"V13","row_id":"V13-R033","waste_id":null,"route_order":null,"reachable":true,"gap_length_m":2.275,"note":"missing_plant; missing plant 2.28 m; optional_detour","kind":"missing_plant","tile":"siret3_r020_c013","source_target_id":"T-MSP-0414","priority":3,"route_role":"optional","skip_reason":"optional_detour"},"geometry":{"type":"Point","coordinates":[28.7096306,47.1221142]}},{"type":"Feature","id":808,"properties":{"target_id":"T808","type":"missing","vineyard_id":"V13","row_id":"V13-R033","waste_id":null,"route_order":null,"reachable":true,"gap_length_m":4.05,"note":"missing_plant; missing plant 4.05 m; optional_detour","kind":"missing_plant","tile":"siret3_r019_c012","source_target_id":"T-MSP-0415","priority":3,"route_role":"optional","skip_reason":"optional_detour"},"geometry":{"type":"Point","coordinates":[28.7090805,47.1226278]}},{"type":"Feature","id":809,"properties":{"target_id":"T809","type":"missing","vineyard_id":"V13","row_id":"V13-R033","waste_id":null,"route_order":null,"reachable":true,"gap_length_m":3.675,"note":"missing_plant; missing plant 3.68 m; optional_detour","kind":"missing_plant","tile":"siret3_r019_c012","source_target_id":"T-MSP-0416","priority":3,"route_role":"optional","skip_reason":"optional_detour"},"geometry":{"type":"Point","coordinates":[28.7090277,47.1226768]}},{"type":"Feature","id":810,"properties":{"target_id":"T810","type":"missing","vineyard_id":"V13","row_id":"V13-R034","waste_id":null,"route_order":null,"reachable":true,"gap_length_m":2.125,"note":"missing_plant; missing plant 2.12 m; optional_detour","kind":"missing_plant","tile":"siret3_r018_c011","source_target_id":"T-MSP-0417","priority":3,"route_role":"optional","skip_reason":"optional_detour"},"geometry":{"type":"Point","coordinates":[28.708467,47.1232029]}},{"type":"Feature","id":811,"properties":{"target_id":"T811","type":"missing","vineyard_id":"V13","row_id":"V13-R035","waste_id":null,"route_order":null,"reachable":true,"gap_length_m":2.65,"note":"missing_plant; missing plant 2.65 m; optional_detour","kind":"missing_plant","tile":"siret3_r023_c015","source_target_id":"T-MSP-0418","priority":3,"route_role":"optional","skip_reason":"optional_detour"},"geometry":{"type":"Point","coordinates":[28.7107897,47.1209856]}},{"type":"Feature","id":812,"properties":{"target_id":"T812","type":"missing","vineyard_id":"V13","row_id":"V13-R035","waste_id":null,"route_order":null,"reachable":true,"gap_length_m":2.825,"note":"missing_plant; missing plant 2.83 m; optional_detour","kind":"missing_plant","tile":"siret3_r022_c014","source_target_id":"T-MSP-0419","priority":3,"route_role":"optional","skip_reason":"optional_detour"},"geometry":{"type":"Point","coordinates":[28.7106112,47.1211563]}},{"type":"Feature","id":813,"properties":{"target_id":"T813","type":"missing","vineyard_id":"V13","row_id":"V13-R035","waste_id":null,"route_order":null,"reachable":true,"gap_length_m":2.2,"note":"missing_plant; missing plant 2.20 m; optional_detour","kind":"missing_plant","tile":"siret3_r021_c013","source_target_id":"T-MSP-0420","priority":3,"route_role":"optional","skip_reason":"optional_detour"},"geometry":{"type":"Point","coordinates":[28.7099156,47.1218065]}},{"type":"Feature","id":814,"properties":{"target_id":"T814","type":"missing","vineyard_id":"V13","row_id":"V13-R035","waste_id":null,"route_order":null,"reachable":true,"gap_length_m":2.2,"note":"missing_plant; missing plant 2.20 m; optional_detour","kind":"missing_plant","tile":"siret3_r021_c013","source_target_id":"T-MSP-0421","priority":3,"route_role":"optional","skip_reason":"optional_detour"},"geometry":{"type":"Point","coordinates":[28.7097651,47.1219471]}},{"type":"Feature","id":815,"properties":{"target_id":"T815","type":"missing","vineyard_id":"V13","row_id":"V13-R035","waste_id":null,"route_order":null,"reachable":true,"gap_length_m":2.475,"note":"missing_plant; missing plant 2.47 m; optional_detour","kind":"missing_plant","tile":"siret3_r021_c013","source_target_id":"T-MSP-0422","priority":3,"route_role":"optional","skip_reason":"optional_detour"},"geometry":{"type":"Point","coordinates":[28.7097339,47.1219762]}},{"type":"Feature","id":816,"properties":{"target_id":"T816","type":"missing","vineyard_id":"V13","row_id":"V13-R035","waste_id":null,"route_order":null,"reachable":true,"gap_length_m":2.125,"note":"missing_plant; missing plant 2.12 m; optional_detour","kind":"missing_plant","tile":"siret3_r021_c013","source_target_id":"T-MSP-0423","priority":3,"route_role":"optional","skip_reason":"optional_detour"},"geometry":{"type":"Point","coordinates":[28.7096942,47.1220132]}},{"type":"Feature","id":817,"properties":{"target_id":"T817","type":"missing","vineyard_id":"V13","row_id":"V13-R035","waste_id":null,"route_order":null,"reachable":true,"gap_length_m":2.625,"note":"missing_plant; missing plant 2.62 m; optional_detour","kind":"missing_plant","tile":"siret3_r019_c012","source_target_id":"T-MSP-0425","priority":3,"route_role":"optional","skip_reason":"optional_detour"},"geometry":{"type":"Point","coordinates":[28.7091207,47.1225459]}},{"type":"Feature","id":818,"properties":{"target_id":"T818","type":"missing","vineyard_id":"V13","row_id":"V13-R035","waste_id":null,"route_order":null,"reachable":true,"gap_length_m":2.525,"note":"missing_plant; missing plant 2.53 m; optional_detour","kind":"missing_plant","tile":"siret3_r019_c012","source_target_id":"T-MSP-0426","priority":3,"route_role":"optional","skip_reason":"optional_detour"},"geometry":{"type":"Point","coordinates":[28.7090772,47.1225866]}},{"type":"Feature","id":819,"properties":{"target_id":"T819","type":"missing","vineyard_id":"V13","row_id":"V13-R035","waste_id":null,"route_order":null,"reachable":true,"gap_length_m":4.175,"note":"missing_plant; missing plant 4.18 m; optional_detour","kind":"missing_plant","tile":"siret3_r019_c012","source_target_id":"T-MSP-0427","priority":3,"route_role":"optional","skip_reason":"optional_detour"},"geometry":{"type":"Point","coordinates":[28.7087763,47.1228686]}},{"type":"Feature","id":820,"properties":{"target_id":"T820","type":"missing","vineyard_id":"V13","row_id":"V13-R038","waste_id":null,"route_order":null,"reachable":true,"gap_length_m":2.425,"note":"missing_plant; missing plant 2.42 m; optional_detour","kind":"missing_plant","tile":"siret3_r022_c014","source_target_id":"T-MSP-0428","priority":3,"route_role":"optional","skip_reason":"optional_detour"},"geometry":{"type":"Point","coordinates":[28.7104619,47.1212522]}},{"type":"Feature","id":821,"properties":{"target_id":"T821","type":"missing","vineyard_id":"V13","row_id":"V13-R038","waste_id":null,"route_order":null,"reachable":true,"gap_length_m":2.85,"note":"missing_plant; missing plant 2.85 m","kind":"missing_plant","tile":"siret3_r021_c013","source_target_id":"T-MSP-0429","priority":3,"route_role":"optional","skip_reason":"not_covered"},"geometry":{"type":"Point","coordinates":[28.7096874,47.1219754]}},{"type":"Feature","id":822,"properties":{"target_id":"T822","type":"missing","vineyard_id":"V13","row_id":"V13-R038","waste_id":null,"route_order":null,"reachable":true,"gap_length_m":2.475,"note":"missing_plant; missing plant 2.47 m; optional_detour","kind":"missing_plant","tile":"siret3_r019_c012","source_target_id":"T-MSP-0431","priority":3,"route_role":"optional","skip_reason":"optional_detour"},"geometry":{"type":"Point","coordinates":[28.7090135,47.1226015]}},{"type":"Feature","id":823,"properties":{"target_id":"T823","type":"missing","vineyard_id":"V13","row_id":"V13-R038","waste_id":null,"route_order":null,"reachable":true,"gap_length_m":2.2,"note":"missing_plant; missing plant 2.20 m; optional_detour","kind":"missing_plant","tile":"siret3_r019_c012","source_target_id":"T-MSP-0432","priority":3,"route_role":"optional","skip_reason":"optional_detour"},"geometry":{"type":"Point","coordinates":[28.7089589,47.1226522]}},{"type":"Feature","id":824,"properties":{"target_id":"T824","type":"missing","vineyard_id":"V13","row_id":"V13-R038","waste_id":null,"route_order":null,"reachable":true,"gap_length_m":2.425,"note":"missing_plant; missing plant 2.43 m; optional_detour","kind":"missing_plant","tile":"siret3_r019_c012","source_target_id":"T-MSP-0433","priority":3,"route_role":"optional","skip_reason":"optional_detour"},"geometry":{"type":"Point","coordinates":[28.7088509,47.1227522]}},{"type":"Feature","id":825,"properties":{"target_id":"T825","type":"missing","vineyard_id":"V13","row_id":"V13-R039","waste_id":null,"route_order":null,"reachable":true,"gap_length_m":2.425,"note":"missing_plant; missing plant 2.43 m; optional_detour","kind":"missing_plant","tile":"siret3_r023_c014","source_target_id":"T-MSP-0434","priority":3,"route_role":"optional","skip_reason":"optional_detour"},"geometry":{"type":"Point","coordinates":[28.7106617,47.1210219]}},{"type":"Feature","id":826,"properties":{"target_id":"T826","type":"missing","vineyard_id":"V13","row_id":"V13-R039","waste_id":null,"route_order":null,"reachable":true,"gap_length_m":2.375,"note":"missing_plant; missing plant 2.38 m; optional_detour","kind":"missing_plant","tile":"siret3_r019_c012","source_target_id":"T-MSP-0439","priority":3,"route_role":"optional","skip_reason":"optional_detour"},"geometry":{"type":"Point","coordinates":[28.7088152,47.1227482]}},{"type":"Feature","id":827,"properties":{"target_id":"T827","type":"missing","vineyard_id":"V13","row_id":"V13-R040","waste_id":null,"route_order":null,"reachable":true,"gap_length_m":2.075,"note":"missing_plant; missing plant 2.08 m; optional_detour","kind":"missing_plant","tile":"siret3_r021_c013","source_target_id":"T-MSP-0441","priority":3,"route_role":"optional","skip_reason":"optional_detour"},"geometry":{"type":"Point","coordinates":[28.7097477,47.1218338]}},{"type":"Feature","id":828,"properties":{"target_id":"T828","type":"missing","vineyard_id":"V13","row_id":"V13-R040","waste_id":null,"route_order":null,"reachable":true,"gap_length_m":2.625,"note":"missing_plant; missing plant 2.62 m; optional_detour","kind":"missing_plant","tile":"siret3_r021_c013","source_target_id":"T-MSP-0442","priority":3,"route_role":"optional","skip_reason":"optional_detour"},"geometry":{"type":"Point","coordinates":[28.7096913,47.1218867]}},{"type":"Feature","id":829,"properties":{"target_id":"T829","type":"missing","vineyard_id":"V13","row_id":"V13-R040","waste_id":null,"route_order":null,"reachable":true,"gap_length_m":2.025,"note":"missing_plant; missing plant 2.02 m; truncated","kind":"missing_plant","tile":"siret3_r020_c012","source_target_id":"T-MSP-0443","priority":3,"route_role":"optional","skip_reason":"truncated"},"geometry":{"type":"Point","coordinates":[28.7093623,47.1221945]}},{"type":"Feature","id":830,"properties":{"target_id":"T830","type":"missing","vineyard_id":"V13","row_id":"V13-R040","waste_id":null,"route_order":null,"reachable":true,"gap_length_m":2.175,"note":"missing_plant; missing plant 2.17 m; optional_detour","kind":"missing_plant","tile":"siret3_r020_c012","source_target_id":"T-MSP-0444","priority":3,"route_role":"optional","skip_reason":"optional_detour"},"geometry":{"type":"Point","coordinates":[28.709306,47.1222466]}},{"type":"Feature","id":831,"properties":{"target_id":"T831","type":"missing","vineyard_id":"V13","row_id":"V13-R040","waste_id":null,"route_order":null,"reachable":true,"gap_length_m":2.975,"note":"missing_plant; missing plant 2.97 m; optional_detour","kind":"missing_plant","tile":"siret3_r020_c012","source_target_id":"T-MSP-0445","priority":3,"route_role":"optional","skip_reason":"optional_detour"},"geometry":{"type":"Point","coordinates":[28.7092493,47.1222991]}},{"type":"Feature","id":832,"properties":{"target_id":"T832","type":"missing","vineyard_id":"V13","row_id":"V13-R040","waste_id":null,"route_order":null,"reachable":true,"gap_length_m":3.35,"note":"missing_plant; missing plant 3.35 m; optional_detour","kind":"missing_plant","tile":"siret3_r020_c012","source_target_id":"T-MSP-0446","priority":3,"route_role":"optional","skip_reason":"optional_detour"},"geometry":{"type":"Point","coordinates":[28.7091431,47.1223976]}},{"type":"Feature","id":833,"properties":{"target_id":"T833","type":"missing","vineyard_id":"V13","row_id":"V13-R040","waste_id":null,"route_order":null,"reachable":true,"gap_length_m":3.15,"note":"missing_plant; missing plant 3.15 m; optional_detour","kind":"missing_plant","tile":"siret3_r020_c012","source_target_id":"T-MSP-0447","priority":3,"route_role":"optional","skip_reason":"optional_detour"},"geometry":{"type":"Point","coordinates":[28.7090343,47.1224985]}},{"type":"Feature","id":834,"properties":{"target_id":"T834","type":"missing","vineyard_id":"V13","row_id":"V13-R041","waste_id":null,"route_order":null,"reachable":true,"gap_length_m":3.675,"note":"missing_plant; missing plant 3.68 m; optional_detour","kind":"missing_plant","tile":"siret3_r023_c014","source_target_id":"T-MSP-0448","priority":3,"route_role":"optional","skip_reason":"optional_detour"},"geometry":{"type":"Point","coordinates":[28.7106445,47.1209469]}},{"type":"Feature","id":835,"properties":{"target_id":"T835","type":"missing","vineyard_id":"V13","row_id":"V13-R041","waste_id":null,"route_order":null,"reachable":true,"gap_length_m":2.65,"note":"missing_plant; missing plant 2.65 m; optional_detour","kind":"missing_plant","tile":"siret3_r021_c013","source_target_id":"T-MSP-0450","priority":3,"route_role":"optional","skip_reason":"optional_detour"},"geometry":{"type":"Point","coordinates":[28.7097618,47.1217757]}},{"type":"Feature","id":836,"properties":{"target_id":"T836","type":"missing","vineyard_id":"V13","row_id":"V13-R041","waste_id":null,"route_order":null,"reachable":true,"gap_length_m":4.975,"note":"missing_plant; missing plant 4.97 m; optional_detour","kind":"missing_plant","tile":"siret3_r021_c013","source_target_id":"T-MSP-0451","priority":3,"route_role":"optional","skip_reason":"optional_detour"},"geometry":{"type":"Point","coordinates":[28.7096925,47.1218404]}},{"type":"Feature","id":837,"properties":{"target_id":"T837","type":"missing","vineyard_id":"V13","row_id":"V13-R041","waste_id":null,"route_order":null,"reachable":true,"gap_length_m":2.15,"note":"missing_plant; missing plant 2.15 m; optional_detour","kind":"missing_plant","tile":"siret3_r020_c013","source_target_id":"T-MSP-0452","priority":3,"route_role":"optional","skip_reason":"optional_detour"},"geometry":{"type":"Point","coordinates":[28.7093699,47.1221413]}},{"type":"Feature","id":838,"properties":{"target_id":"T838","type":"missing","vineyard_id":"V13","row_id":"V13-R041","waste_id":null,"route_order":null,"reachable":true,"gap_length_m":2.3,"note":"missing_plant; missing plant 2.30 m; optional_detour","kind":"missing_plant","tile":"siret3_r020_c012","source_target_id":"T-MSP-0453","priority":3,"route_role":"optional","skip_reason":"optional_detour"},"geometry":{"type":"Point","coordinates":[28.7092818,47.1222235]}},{"type":"Feature","id":839,"properties":{"target_id":"T839","type":"missing","vineyard_id":"V13","row_id":"V13-R041","waste_id":null,"route_order":null,"reachable":true,"gap_length_m":3.325,"note":"missing_plant; missing plant 3.33 m; optional_detour","kind":"missing_plant","tile":"siret3_r020_c012","source_target_id":"T-MSP-0454","priority":3,"route_role":"optional","skip_reason":"optional_detour"},"geometry":{"type":"Point","coordinates":[28.7092195,47.122282]}},{"type":"Feature","id":840,"properties":{"target_id":"T840","type":"missing","vineyard_id":"V13","row_id":"V13-R041","waste_id":null,"route_order":null,"reachable":true,"gap_length_m":2.025,"note":"missing_plant; missing plant 2.03 m; truncated","kind":"missing_plant","tile":"siret3_r020_c012","source_target_id":"T-MSP-0455","priority":3,"route_role":"optional","skip_reason":"truncated"},"geometry":{"type":"Point","coordinates":[28.7091897,47.12231]}},{"type":"Feature","id":841,"properties":{"target_id":"T841","type":"missing","vineyard_id":"V13","row_id":"V13-R041","waste_id":null,"route_order":null,"reachable":true,"gap_length_m":2.25,"note":"missing_plant; missing plant 2.25 m; optional_detour","kind":"missing_plant","tile":"siret3_r019_c012","source_target_id":"T-MSP-0456","priority":3,"route_role":"optional","skip_reason":"optional_detour"},"geometry":{"type":"Point","coordinates":[28.7088677,47.1226128]}},{"type":"Feature","id":842,"properties":{"target_id":"T842","type":"missing","vineyard_id":"V13","row_id":"V13-R041","waste_id":null,"route_order":null,"reachable":true,"gap_length_m":3.275,"note":"missing_plant; missing plant 3.28 m; optional_detour","kind":"missing_plant","tile":"siret3_r019_c012","source_target_id":"T-MSP-0457","priority":3,"route_role":"optional","skip_reason":"optional_detour"},"geometry":{"type":"Point","coordinates":[28.7088404,47.1226384]}},{"type":"Feature","id":843,"properties":{"target_id":"T843","type":"missing","vineyard_id":"V13","row_id":"V13-R041","waste_id":null,"route_order":null,"reachable":true,"gap_length_m":2.675,"note":"missing_plant; missing plant 2.67 m; optional_detour","kind":"missing_plant","tile":"siret3_r019_c012","source_target_id":"T-MSP-0458","priority":3,"route_role":"optional","skip_reason":"optional_detour"},"geometry":{"type":"Point","coordinates":[28.7088112,47.1226658]}},{"type":"Feature","id":844,"properties":{"target_id":"T844","type":"missing","vineyard_id":"V13","row_id":"V13-R041","waste_id":null,"route_order":null,"reachable":true,"gap_length_m":2.2,"note":"missing_plant; missing plant 2.20 m; optional_detour","kind":"missing_plant","tile":"siret3_r019_c011","source_target_id":"T-MSP-0459","priority":3,"route_role":"optional","skip_reason":"optional_detour"},"geometry":{"type":"Point","coordinates":[28.7086679,47.1228006]}},{"type":"Feature","id":845,"properties":{"target_id":"T845","type":"missing","vineyard_id":"V13","row_id":"V13-R041","waste_id":null,"route_order":null,"reachable":true,"gap_length_m":3.15,"note":"missing_plant; missing plant 3.15 m; optional_detour","kind":"missing_plant","tile":"siret3_r019_c011","source_target_id":"T-MSP-0460","priority":3,"route_role":"optional","skip_reason":"optional_detour"},"geometry":{"type":"Point","coordinates":[28.7085741,47.1228887]}},{"type":"Feature","id":846,"properties":{"target_id":"T846","type":"missing","vineyard_id":"V13","row_id":"V13-R042","waste_id":null,"route_order":null,"reachable":true,"gap_length_m":2.55,"note":"missing_plant; missing plant 2.55 m; optional_detour","kind":"missing_plant","tile":"siret3_r022_c013","source_target_id":"T-MSP-0461","priority":3,"route_role":"optional","skip_reason":"optional_detour"},"geometry":{"type":"Point","coordinates":[28.7099694,47.1215406]}},{"type":"Feature","id":847,"properties":{"target_id":"T847","type":"missing","vineyard_id":"V13","row_id":"V13-R042","waste_id":null,"route_order":null,"reachable":true,"gap_length_m":3.625,"note":"missing_plant; missing plant 3.62 m; optional_detour","kind":"missing_plant","tile":"siret3_r020_c012","source_target_id":"T-MSP-0462","priority":3,"route_role":"optional","skip_reason":"optional_detour"},"geometry":{"type":"Point","coordinates":[28.7093418,47.1221246]}},{"type":"Feature","id":848,"properties":{"target_id":"T848","type":"missing","vineyard_id":"V13","row_id":"V13-R042","waste_id":null,"route_order":null,"reachable":true,"gap_length_m":2.175,"note":"missing_plant; missing plant 2.17 m; optional_detour","kind":"missing_plant","tile":"siret3_r019_c012","source_target_id":"T-MSP-0463","priority":3,"route_role":"optional","skip_reason":"optional_detour"},"geometry":{"type":"Point","coordinates":[28.7088961,47.1225408]}},{"type":"Feature","id":849,"properties":{"target_id":"T849","type":"missing","vineyard_id":"V13","row_id":"V13-R043","waste_id":null,"route_order":null,"reachable":true,"gap_length_m":2.575,"note":"missing_plant; missing plant 2.58 m; optional_detour","kind":"missing_plant","tile":"siret3_r023_c014","source_target_id":"T-MSP-0464","priority":3,"route_role":"optional","skip_reason":"optional_detour"},"geometry":{"type":"Point","coordinates":[28.7106113,47.1208954]}},{"type":"Feature","id":850,"properties":{"target_id":"T850","type":"missing","vineyard_id":"V13","row_id":"V13-R043","waste_id":null,"route_order":null,"reachable":true,"gap_length_m":2.225,"note":"missing_plant; missing plant 2.23 m; optional_detour","kind":"missing_plant","tile":"siret3_r022_c014","source_target_id":"T-MSP-0465","priority":3,"route_role":"optional","skip_reason":"optional_detour"},"geometry":{"type":"Point","coordinates":[28.7103338,47.1211606]}},{"type":"Feature","id":851,"properties":{"target_id":"T851","type":"missing","vineyard_id":"V13","row_id":"V13-R043","waste_id":null,"route_order":null,"reachable":true,"gap_length_m":2.125,"note":"missing_plant; missing plant 2.12 m; optional_detour","kind":"missing_plant","tile":"siret3_r022_c014","source_target_id":"T-MSP-0466","priority":3,"route_role":"optional","skip_reason":"optional_detour"},"geometry":{"type":"Point","coordinates":[28.7101811,47.1213048]}},{"type":"Feature","id":852,"properties":{"target_id":"T852","type":"missing","vineyard_id":"V13","row_id":"V13-R043","waste_id":null,"route_order":null,"reachable":true,"gap_length_m":2.025,"note":"missing_plant; missing plant 2.03 m; truncated","kind":"missing_plant","tile":"siret3_r020_c012","source_target_id":"T-MSP-0467","priority":3,"route_role":"optional","skip_reason":"truncated"},"geometry":{"type":"Point","coordinates":[28.7093055,47.1221166]}},{"type":"Feature","id":853,"properties":{"target_id":"T853","type":"missing","vineyard_id":"V13","row_id":"V13-R043","waste_id":null,"route_order":null,"reachable":true,"gap_length_m":2.475,"note":"missing_plant; missing plant 2.48 m; optional_detour","kind":"missing_plant","tile":"siret3_r019_c011","source_target_id":"T-MSP-0468","priority":3,"route_role":"optional","skip_reason":"optional_detour"},"geometry":{"type":"Point","coordinates":[28.7085659,47.1228091]}},{"type":"Feature","id":854,"properties":{"target_id":"T854","type":"missing","vineyard_id":"V13","row_id":"V13-R044","waste_id":null,"route_order":null,"reachable":true,"gap_length_m":3.4,"note":"missing_plant; missing plant 3.40 m; optional_detour","kind":"missing_plant","tile":"siret3_r019_c012","source_target_id":"T-MSP-0469","priority":3,"route_role":"optional","skip_reason":"optional_detour"},"geometry":{"type":"Point","coordinates":[28.7087863,47.1225625]}},{"type":"Feature","id":855,"properties":{"target_id":"T855","type":"missing","vineyard_id":"V13","row_id":"V13-R044","waste_id":null,"route_order":null,"reachable":true,"gap_length_m":2.175,"note":"missing_plant; missing plant 2.18 m; optional_detour","kind":"missing_plant","tile":"siret3_r019_c011","source_target_id":"T-MSP-0470","priority":3,"route_role":"optional","skip_reason":"optional_detour"},"geometry":{"type":"Point","coordinates":[28.7085704,47.1227642]}},{"type":"Feature","id":856,"properties":{"target_id":"T856","type":"missing","vineyard_id":"V13","row_id":"V13-R044","waste_id":null,"route_order":null,"reachable":true,"gap_length_m":2.075,"note":"missing_plant; missing plant 2.08 m; optional_detour","kind":"missing_plant","tile":"siret3_r019_c011","source_target_id":"T-MSP-0471","priority":3,"route_role":"optional","skip_reason":"optional_detour"},"geometry":{"type":"Point","coordinates":[28.7083325,47.1229865]}},{"type":"Feature","id":857,"properties":{"target_id":"T857","type":"missing","vineyard_id":"V13","row_id":"V13-R045","waste_id":null,"route_order":null,"reachable":true,"gap_length_m":2.6,"note":"missing_plant; missing plant 2.60 m; optional_detour","kind":"missing_plant","tile":"siret3_r023_c014","source_target_id":"T-MSP-0472","priority":3,"route_role":"optional","skip_reason":"optional_detour"},"geometry":{"type":"Point","coordinates":[28.7104285,47.1210229]}},{"type":"Feature","id":858,"properties":{"target_id":"T858","type":"missing","vineyard_id":"V13","row_id":"V13-R046","waste_id":null,"route_order":null,"reachable":true,"gap_length_m":2.05,"note":"missing_plant; missing plant 2.05 m; truncated","kind":"missing_plant","tile":"siret3_r022_c013","source_target_id":"T-MSP-0473","priority":3,"route_role":"optional","skip_reason":"truncated"},"geometry":{"type":"Point","coordinates":[28.7098978,47.1214822]}},{"type":"Feature","id":859,"properties":{"target_id":"T859","type":"missing","vineyard_id":"V13","row_id":"V13-R047","waste_id":null,"route_order":null,"reachable":true,"gap_length_m":3.05,"note":"missing_plant; missing plant 3.05 m; optional_detour","kind":"missing_plant","tile":"siret3_r021_c013","source_target_id":"T-MSP-0475","priority":3,"route_role":"optional","skip_reason":"optional_detour"},"geometry":{"type":"Point","coordinates":[28.7095185,47.1218332]}},{"type":"Feature","id":860,"properties":{"target_id":"T860","type":"missing","vineyard_id":"V13","row_id":"V13-R047","waste_id":null,"route_order":null,"reachable":true,"gap_length_m":3.05,"note":"missing_plant; missing plant 3.05 m; optional_detour","kind":"missing_plant","tile":"siret3_r020_c012","source_target_id":"T-MSP-0476","priority":3,"route_role":"optional","skip_reason":"optional_detour"},"geometry":{"type":"Point","coordinates":[28.709091,47.1222325]}},{"type":"Feature","id":861,"properties":{"target_id":"T861","type":"missing","vineyard_id":"V13","row_id":"V13-R047","waste_id":null,"route_order":null,"reachable":true,"gap_length_m":2.275,"note":"missing_plant; missing plant 2.28 m; optional_detour","kind":"missing_plant","tile":"siret3_r020_c012","source_target_id":"T-MSP-0477","priority":3,"route_role":"optional","skip_reason":"optional_detour"},"geometry":{"type":"Point","coordinates":[28.7089894,47.1223274]}},{"type":"Feature","id":862,"properties":{"target_id":"T862","type":"missing","vineyard_id":"V13","row_id":"V13-R047","waste_id":null,"route_order":null,"reachable":true,"gap_length_m":2.625,"note":"missing_plant; missing plant 2.62 m; optional_detour","kind":"missing_plant","tile":"siret3_r020_c012","source_target_id":"T-MSP-0478","priority":3,"route_role":"optional","skip_reason":"optional_detour"},"geometry":{"type":"Point","coordinates":[28.7087637,47.1225383]}},{"type":"Feature","id":863,"properties":{"target_id":"T863","type":"missing","vineyard_id":"V13","row_id":"V13-R047","waste_id":null,"route_order":null,"reachable":true,"gap_length_m":2.575,"note":"missing_plant; missing plant 2.58 m; optional_detour","kind":"missing_plant","tile":"siret3_r019_c011","source_target_id":"T-MSP-0479","priority":3,"route_role":"optional","skip_reason":"optional_detour"},"geometry":{"type":"Point","coordinates":[28.7083579,47.1229214]}},{"type":"Feature","id":864,"properties":{"target_id":"T864","type":"missing","vineyard_id":"V13","row_id":"V13-R048","waste_id":null,"route_order":null,"reachable":true,"gap_length_m":2.4,"note":"missing_plant; missing plant 2.40 m; optional_detour","kind":"missing_plant","tile":"siret3_r023_c014","source_target_id":"T-MSP-0480","priority":3,"route_role":"optional","skip_reason":"optional_detour"},"geometry":{"type":"Point","coordinates":[28.7104714,47.1208991]}},{"type":"Feature","id":865,"properties":{"target_id":"T865","type":"missing","vineyard_id":"V13","row_id":"V13-R048","waste_id":null,"route_order":null,"reachable":true,"gap_length_m":2.2,"note":"missing_plant; missing plant 2.20 m; optional_detour","kind":"missing_plant","tile":"siret3_r021_c013","source_target_id":"T-MSP-0482","priority":3,"route_role":"optional","skip_reason":"optional_detour"},"geometry":{"type":"Point","coordinates":[28.7094819,47.1218279]}},{"type":"Feature","id":866,"properties":{"target_id":"T866","type":"missing","vineyard_id":"V13","row_id":"V13-R048","waste_id":null,"route_order":null,"reachable":true,"gap_length_m":2.35,"note":"missing_plant; missing plant 2.35 m; optional_detour","kind":"missing_plant","tile":"siret3_r021_c012","source_target_id":"T-MSP-0483","priority":3,"route_role":"optional","skip_reason":"optional_detour"},"geometry":{"type":"Point","coordinates":[28.7093066,47.1219914]}},{"type":"Feature","id":867,"properties":{"target_id":"T867","type":"missing","vineyard_id":"V13","row_id":"V13-R048","waste_id":null,"route_order":null,"reachable":true,"gap_length_m":4.8,"note":"missing_plant; missing plant 4.80 m; optional_detour","kind":"missing_plant","tile":"siret3_r019_c011","source_target_id":"T-MSP-0484","priority":3,"route_role":"optional","skip_reason":"optional_detour"},"geometry":{"type":"Point","coordinates":[28.7085599,47.1226873]}},{"type":"Feature","id":868,"properties":{"target_id":"T868","type":"missing","vineyard_id":"V13","row_id":"V13-R049","waste_id":null,"route_order":null,"reachable":true,"gap_length_m":2.3,"note":"missing_plant; missing plant 2.30 m; optional_detour","kind":"missing_plant","tile":"siret3_r023_c014","source_target_id":"T-MSP-0485","priority":3,"route_role":"optional","skip_reason":"optional_detour"},"geometry":{"type":"Point","coordinates":[28.7103775,47.1209449]}},{"type":"Feature","id":869,"properties":{"target_id":"T869","type":"missing","vineyard_id":"V13","row_id":"V13-R049","waste_id":null,"route_order":null,"reachable":true,"gap_length_m":2.575,"note":"missing_plant; missing plant 2.57 m; optional_detour","kind":"missing_plant","tile":"siret3_r021_c012","source_target_id":"T-MSP-0487","priority":3,"route_role":"optional","skip_reason":"optional_detour"},"geometry":{"type":"Point","coordinates":[28.7093142,47.1219388]}},{"type":"Feature","id":870,"properties":{"target_id":"T870","type":"missing","vineyard_id":"V13","row_id":"V13-R049","waste_id":null,"route_order":null,"reachable":true,"gap_length_m":2.55,"note":"missing_plant; missing plant 2.55 m; optional_detour","kind":"missing_plant","tile":"siret3_r019_c011","source_target_id":"T-MSP-0488","priority":3,"route_role":"optional","skip_reason":"optional_detour"},"geometry":{"type":"Point","coordinates":[28.7085294,47.1226748]}},{"type":"Feature","id":871,"properties":{"target_id":"T871","type":"missing","vineyard_id":"V13","row_id":"V13-R051","waste_id":null,"route_order":null,"reachable":true,"gap_length_m":2.05,"note":"missing_plant; missing plant 2.05 m; truncated","kind":"missing_plant","tile":"siret3_r023_c014","source_target_id":"T-MSP-0489","priority":3,"route_role":"optional","skip_reason":"truncated"},"geometry":{"type":"Point","coordinates":[28.7101875,47.1210807]}},{"type":"Feature","id":872,"properties":{"target_id":"T872","type":"missing","vineyard_id":"V13","row_id":"V13-R051","waste_id":null,"route_order":null,"reachable":true,"gap_length_m":2.175,"note":"missing_plant; missing plant 2.17 m; optional_detour","kind":"missing_plant","tile":"siret3_r023_c014","source_target_id":"T-MSP-0490","priority":3,"route_role":"optional","skip_reason":"optional_detour"},"geometry":{"type":"Point","coordinates":[28.7101539,47.1211123]}},{"type":"Feature","id":873,"properties":{"target_id":"T873","type":"missing","vineyard_id":"V13","row_id":"V13-R052","waste_id":null,"route_order":null,"reachable":true,"gap_length_m":3.75,"note":"missing_plant; missing plant 3.75 m; optional_detour","kind":"missing_plant","tile":"siret3_r020_c012","source_target_id":"T-MSP-0491","priority":3,"route_role":"optional","skip_reason":"optional_detour"},"geometry":{"type":"Point","coordinates":[28.708844,47.1223354]}},{"type":"Feature","id":874,"properties":{"target_id":"T874","type":"missing","vineyard_id":"V13","row_id":"V13-R052","waste_id":null,"route_order":null,"reachable":true,"gap_length_m":2.2,"note":"missing_plant; missing plant 2.20 m; optional_detour","kind":"missing_plant","tile":"siret3_r019_c011","source_target_id":"T-MSP-0492","priority":3,"route_role":"optional","skip_reason":"optional_detour"},"geometry":{"type":"Point","coordinates":[28.7083173,47.1228299]}},{"type":"Feature","id":875,"properties":{"target_id":"T875","type":"missing","vineyard_id":"V13","row_id":"V13-R054","waste_id":null,"route_order":null,"reachable":true,"gap_length_m":2.05,"note":"missing_plant; missing plant 2.05 m; truncated","kind":"missing_plant","tile":"siret3_r021_c012","source_target_id":"T-MSP-0493","priority":3,"route_role":"optional","skip_reason":"truncated"},"geometry":{"type":"Point","coordinates":[28.7092461,47.1219155]}},{"type":"Feature","id":876,"properties":{"target_id":"T876","type":"missing","vineyard_id":"V13","row_id":"V13-R054","waste_id":null,"route_order":null,"reachable":true,"gap_length_m":2,"note":"missing_plant; missing plant 2.00 m; truncated","kind":"missing_plant","tile":"siret3_r020_c012","source_target_id":"T-MSP-0494","priority":3,"route_role":"optional","skip_reason":"truncated"},"geometry":{"type":"Point","coordinates":[28.7090265,47.1221191]}},{"type":"Feature","id":877,"properties":{"target_id":"T877","type":"missing","vineyard_id":"V13","row_id":"V13-R055","waste_id":null,"route_order":null,"reachable":true,"gap_length_m":2,"note":"missing_plant; missing plant 2.00 m; truncated","kind":"missing_plant","tile":"siret3_r022_c013","source_target_id":"T-MSP-0496","priority":3,"route_role":"optional","skip_reason":"truncated"},"geometry":{"type":"Point","coordinates":[28.7098316,47.1213272]}},{"type":"Feature","id":878,"properties":{"target_id":"T878","type":"missing","vineyard_id":"V13","row_id":"V13-R055","waste_id":null,"route_order":null,"reachable":true,"gap_length_m":2.05,"note":"missing_plant; missing plant 2.05 m; optional_detour","kind":"missing_plant","tile":"siret3_r020_c012","source_target_id":"T-MSP-0497","priority":3,"route_role":"optional","skip_reason":"optional_detour"},"geometry":{"type":"Point","coordinates":[28.7088714,47.1222195]}},{"type":"Feature","id":879,"properties":{"target_id":"T879","type":"missing","vineyard_id":"V13","row_id":"V13-R055","waste_id":null,"route_order":null,"reachable":true,"gap_length_m":2.525,"note":"missing_plant; missing plant 2.52 m; optional_detour","kind":"missing_plant","tile":"siret3_r020_c012","source_target_id":"T-MSP-0498","priority":3,"route_role":"optional","skip_reason":"optional_detour"},"geometry":{"type":"Point","coordinates":[28.708825,47.1222637]}},{"type":"Feature","id":880,"properties":{"target_id":"T880","type":"missing","vineyard_id":"V13","row_id":"V13-R055","waste_id":null,"route_order":null,"reachable":true,"gap_length_m":2.475,"note":"missing_plant; missing plant 2.48 m; optional_detour","kind":"missing_plant","tile":"siret3_r018_c010","source_target_id":"T-MSP-0500","priority":3,"route_role":"optional","skip_reason":"optional_detour"},"geometry":{"type":"Point","coordinates":[28.7079469,47.1230924]}},{"type":"Feature","id":881,"properties":{"target_id":"T881","type":"missing","vineyard_id":"V13","row_id":"V13-R057","waste_id":null,"route_order":null,"reachable":true,"gap_length_m":2,"note":"missing_plant; missing plant 2.00 m; truncated","kind":"missing_plant","tile":"siret3_r020_c011","source_target_id":"T-MSP-0502","priority":3,"route_role":"optional","skip_reason":"truncated"},"geometry":{"type":"Point","coordinates":[28.708563,47.1224692]}},{"type":"Feature","id":882,"properties":{"target_id":"T882","type":"missing","vineyard_id":"V13","row_id":"V13-R057","waste_id":null,"route_order":null,"reachable":true,"gap_length_m":3.8,"note":"missing_plant; missing plant 3.80 m; optional_detour","kind":"missing_plant","tile":"siret3_r019_c011","source_target_id":"T-MSP-0503","priority":3,"route_role":"optional","skip_reason":"optional_detour"},"geometry":{"type":"Point","coordinates":[28.7081421,47.1228687]}},{"type":"Feature","id":883,"properties":{"target_id":"T883","type":"missing","vineyard_id":"V13","row_id":"V13-R057","waste_id":null,"route_order":null,"reachable":true,"gap_length_m":2.575,"note":"missing_plant; missing plant 2.58 m; optional_detour","kind":"missing_plant","tile":"siret3_r018_c010","source_target_id":"T-MSP-0504","priority":3,"route_role":"optional","skip_reason":"optional_detour"},"geometry":{"type":"Point","coordinates":[28.7079367,47.1230606]}},{"type":"Feature","id":884,"properties":{"target_id":"T884","type":"missing","vineyard_id":"V13","row_id":"V13-R060","waste_id":null,"route_order":null,"reachable":true,"gap_length_m":3.375,"note":"missing_plant; missing plant 3.38 m; optional_detour","kind":"missing_plant","tile":"siret3_r022_c013","source_target_id":"T-MSP-0505","priority":3,"route_role":"optional","skip_reason":"optional_detour"},"geometry":{"type":"Point","coordinates":[28.7097748,47.1212797]}},{"type":"Feature","id":885,"properties":{"target_id":"T885","type":"missing","vineyard_id":"V13","row_id":"V13-R060","waste_id":null,"route_order":null,"reachable":true,"gap_length_m":4.65,"note":"missing_plant; missing plant 4.65 m; optional_detour","kind":"missing_plant","tile":"siret3_r022_c013","source_target_id":"T-MSP-0506","priority":3,"route_role":"optional","skip_reason":"optional_detour"},"geometry":{"type":"Point","coordinates":[28.7096082,47.1214344]}},{"type":"Feature","id":886,"properties":{"target_id":"T886","type":"missing","vineyard_id":"V13","row_id":"V13-R060","waste_id":null,"route_order":null,"reachable":true,"gap_length_m":2.125,"note":"missing_plant; missing plant 2.12 m; optional_detour","kind":"missing_plant","tile":"siret3_r020_c012","source_target_id":"T-MSP-0507","priority":3,"route_role":"optional","skip_reason":"optional_detour"},"geometry":{"type":"Point","coordinates":[28.7088568,47.1221328]}},{"type":"Feature","id":887,"properties":{"target_id":"T887","type":"missing","vineyard_id":"V13","row_id":"V13-R060","waste_id":null,"route_order":null,"reachable":true,"gap_length_m":2.075,"note":"missing_plant; missing plant 2.07 m; optional_detour","kind":"missing_plant","tile":"siret3_r020_c011","source_target_id":"T-MSP-0508","priority":3,"route_role":"optional","skip_reason":"optional_detour"},"geometry":{"type":"Point","coordinates":[28.7084459,47.1225245]}},{"type":"Feature","id":888,"properties":{"target_id":"T888","type":"missing","vineyard_id":"V13","row_id":"V13-R060","waste_id":null,"route_order":null,"reachable":true,"gap_length_m":4.175,"note":"missing_plant; missing plant 4.18 m; optional_detour","kind":"missing_plant","tile":"siret3_r019_c011","source_target_id":"T-MSP-0509","priority":3,"route_role":"optional","skip_reason":"optional_detour"},"geometry":{"type":"Point","coordinates":[28.7081176,47.1228374]}},{"type":"Feature","id":889,"properties":{"target_id":"T889","type":"missing","vineyard_id":"V13","row_id":"V13-R061","waste_id":null,"route_order":null,"reachable":true,"gap_length_m":2.9,"note":"missing_plant; missing plant 2.90 m; optional_detour","kind":"missing_plant","tile":"siret3_r021_c012","source_target_id":"T-MSP-0512","priority":3,"route_role":"optional","skip_reason":"optional_detour"},"geometry":{"type":"Point","coordinates":[28.7091366,47.1218168]}},{"type":"Feature","id":890,"properties":{"target_id":"T890","type":"missing","vineyard_id":"V13","row_id":"V13-R061","waste_id":null,"route_order":null,"reachable":true,"gap_length_m":2.05,"note":"missing_plant; missing plant 2.05 m; truncated","kind":"missing_plant","tile":"siret3_r021_c012","source_target_id":"T-MSP-0513","priority":3,"route_role":"optional","skip_reason":"truncated"},"geometry":{"type":"Point","coordinates":[28.7089845,47.1219585]}},{"type":"Feature","id":891,"properties":{"target_id":"T891","type":"missing","vineyard_id":"V13","row_id":"V13-R062","waste_id":null,"route_order":null,"reachable":true,"gap_length_m":2.2,"note":"missing_plant; missing plant 2.20 m; optional_detour","kind":"missing_plant","tile":"siret3_r021_c012","source_target_id":"T-MSP-0515","priority":3,"route_role":"optional","skip_reason":"optional_detour"},"geometry":{"type":"Point","coordinates":[28.7090769,47.1218333]}},{"type":"Feature","id":892,"properties":{"target_id":"T892","type":"missing","vineyard_id":"V13","row_id":"V13-R062","waste_id":null,"route_order":null,"reachable":true,"gap_length_m":3.7,"note":"missing_plant; missing plant 3.70 m; optional_detour","kind":"missing_plant","tile":"siret3_r021_c012","source_target_id":"T-MSP-0516","priority":3,"route_role":"optional","skip_reason":"optional_detour"},"geometry":{"type":"Point","coordinates":[28.7089417,47.1219589]}},{"type":"Feature","id":893,"properties":{"target_id":"T893","type":"missing","vineyard_id":"V13","row_id":"V13-R062","waste_id":null,"route_order":null,"reachable":true,"gap_length_m":3.225,"note":"missing_plant; missing plant 3.23 m; optional_detour","kind":"missing_plant","tile":"siret3_r021_c012","source_target_id":"T-MSP-0517","priority":3,"route_role":"optional","skip_reason":"optional_detour"},"geometry":{"type":"Point","coordinates":[28.7089003,47.1219975]}},{"type":"Feature","id":894,"properties":{"target_id":"T894","type":"missing","vineyard_id":"V13","row_id":"V13-R062","waste_id":null,"route_order":null,"reachable":true,"gap_length_m":2.3,"note":"missing_plant; missing plant 2.30 m; optional_detour","kind":"missing_plant","tile":"siret3_r020_c011","source_target_id":"T-MSP-0518","priority":3,"route_role":"optional","skip_reason":"optional_detour"},"geometry":{"type":"Point","coordinates":[28.7083431,47.1225194]}},{"type":"Feature","id":895,"properties":{"target_id":"T895","type":"missing","vineyard_id":"V13","row_id":"V13-R063","waste_id":null,"route_order":null,"reachable":true,"gap_length_m":2.85,"note":"missing_plant; missing plant 2.85 m; optional_detour","kind":"missing_plant","tile":"siret3_r021_c012","source_target_id":"T-MSP-0519","priority":3,"route_role":"optional","skip_reason":"optional_detour"},"geometry":{"type":"Point","coordinates":[28.7088896,47.1219678]}},{"type":"Feature","id":896,"properties":{"target_id":"T896","type":"missing","vineyard_id":"V13","row_id":"V13-R063","waste_id":null,"route_order":null,"reachable":true,"gap_length_m":2.65,"note":"missing_plant; missing plant 2.65 m; optional_detour","kind":"missing_plant","tile":"siret3_r021_c012","source_target_id":"T-MSP-0520","priority":3,"route_role":"optional","skip_reason":"optional_detour"},"geometry":{"type":"Point","coordinates":[28.7088605,47.1219948]}},{"type":"Feature","id":897,"properties":{"target_id":"T897","type":"missing","vineyard_id":"V13","row_id":"V13-R063","waste_id":null,"route_order":null,"reachable":true,"gap_length_m":3.5,"note":"missing_plant; missing plant 3.50 m; optional_detour","kind":"missing_plant","tile":"siret3_r019_c010","source_target_id":"T-MSP-0523","priority":3,"route_role":"optional","skip_reason":"optional_detour"},"geometry":{"type":"Point","coordinates":[28.7078902,47.1229073]}},{"type":"Feature","id":898,"properties":{"target_id":"T898","type":"missing","vineyard_id":"V13","row_id":"V13-R063","waste_id":null,"route_order":null,"reachable":true,"gap_length_m":3.575,"note":"missing_plant; missing plant 3.57 m; optional_detour","kind":"missing_plant","tile":"siret3_r019_c010","source_target_id":"T-MSP-0524","priority":3,"route_role":"optional","skip_reason":"optional_detour"},"geometry":{"type":"Point","coordinates":[28.7078149,47.1229783]}},{"type":"Feature","id":899,"properties":{"target_id":"T899","type":"missing","vineyard_id":"V13","row_id":"V13-R064","waste_id":null,"route_order":null,"reachable":true,"gap_length_m":2.475,"note":"missing_plant; missing plant 2.48 m; optional_detour","kind":"missing_plant","tile":"siret3_r021_c012","source_target_id":"T-MSP-0526","priority":3,"route_role":"optional","skip_reason":"optional_detour"},"geometry":{"type":"Point","coordinates":[28.70915,47.1216815]}},{"type":"Feature","id":900,"properties":{"target_id":"T900","type":"missing","vineyard_id":"V13","row_id":"V13-R064","waste_id":null,"route_order":null,"reachable":true,"gap_length_m":2.075,"note":"missing_plant; missing plant 2.08 m; optional_detour","kind":"missing_plant","tile":"siret3_r021_c012","source_target_id":"T-MSP-0527","priority":3,"route_role":"optional","skip_reason":"optional_detour"},"geometry":{"type":"Point","coordinates":[28.7091125,47.1217168]}},{"type":"Feature","id":901,"properties":{"target_id":"T901","type":"missing","vineyard_id":"V13","row_id":"V13-R064","waste_id":null,"route_order":null,"reachable":true,"gap_length_m":2.15,"note":"missing_plant; missing plant 2.15 m; optional_detour","kind":"missing_plant","tile":"siret3_r019_c010","source_target_id":"T-MSP-0530","priority":3,"route_role":"optional","skip_reason":"optional_detour"},"geometry":{"type":"Point","coordinates":[28.7078916,47.1228686]}},{"type":"Feature","id":902,"properties":{"target_id":"T902","type":"missing","vineyard_id":"V13","row_id":"V13-R065","waste_id":null,"route_order":null,"reachable":true,"gap_length_m":3.7,"note":"missing_plant; missing plant 3.70 m; optional_detour","kind":"missing_plant","tile":"siret3_r020_c011","source_target_id":"T-MSP-0532","priority":3,"route_role":"optional","skip_reason":"optional_detour"},"geometry":{"type":"Point","coordinates":[28.7082367,47.1224979]}},{"type":"Feature","id":903,"properties":{"target_id":"T903","type":"missing","vineyard_id":"V13","row_id":"V13-R065","waste_id":null,"route_order":null,"reachable":true,"gap_length_m":4.975,"note":"missing_plant; missing plant 4.97 m; optional_detour","kind":"missing_plant","tile":"siret3_r019_c011","source_target_id":"T-MSP-0533","priority":3,"route_role":"optional","skip_reason":"optional_detour"},"geometry":{"type":"Point","coordinates":[28.7080356,47.1226879]}},{"type":"Feature","id":904,"properties":{"target_id":"T904","type":"missing","vineyard_id":"V13","row_id":"V13-R066","waste_id":null,"route_order":null,"reachable":true,"gap_length_m":2.55,"note":"missing_plant; missing plant 2.55 m; optional_detour","kind":"missing_plant","tile":"siret3_r022_c013","source_target_id":"T-MSP-0534","priority":3,"route_role":"optional","skip_reason":"optional_detour"},"geometry":{"type":"Point","coordinates":[28.7094691,47.1212995]}},{"type":"Feature","id":905,"properties":{"target_id":"T905","type":"missing","vineyard_id":"V13","row_id":"V13-R066","waste_id":null,"route_order":null,"reachable":true,"gap_length_m":3,"note":"missing_plant; missing plant 3.00 m; optional_detour","kind":"missing_plant","tile":"siret3_r019_c010","source_target_id":"T-MSP-0537","priority":3,"route_role":"optional","skip_reason":"optional_detour"},"geometry":{"type":"Point","coordinates":[28.7077177,47.122947]}},{"type":"Feature","id":906,"properties":{"target_id":"T906","type":"missing","vineyard_id":"V13","row_id":"V13-R067","waste_id":null,"route_order":null,"reachable":true,"gap_length_m":2.05,"note":"missing_plant; missing plant 2.05 m; truncated","kind":"missing_plant","tile":"siret3_r022_c012","source_target_id":"T-MSP-0538","priority":3,"route_role":"optional","skip_reason":"truncated"},"geometry":{"type":"Point","coordinates":[28.709263,47.1214507]}},{"type":"Feature","id":907,"properties":{"target_id":"T907","type":"missing","vineyard_id":"V13","row_id":"V13-R067","waste_id":null,"route_order":null,"reachable":true,"gap_length_m":2.775,"note":"missing_plant; missing plant 2.77 m","kind":"missing_plant","tile":"siret3_r021_c012","source_target_id":"T-MSP-0539","priority":3,"route_role":"optional","skip_reason":"not_covered"},"geometry":{"type":"Point","coordinates":[28.7090778,47.1216253]}},{"type":"Feature","id":908,"properties":{"target_id":"T908","type":"missing","vineyard_id":"V13","row_id":"V13-R067","waste_id":null,"route_order":null,"reachable":true,"gap_length_m":3.4,"note":"missing_plant; missing plant 3.40 m","kind":"missing_plant","tile":"siret3_r021_c012","source_target_id":"T-MSP-0540","priority":3,"route_role":"optional","skip_reason":"not_covered"},"geometry":{"type":"Point","coordinates":[28.7087391,47.1219451]}},{"type":"Feature","id":909,"properties":{"target_id":"T909","type":"missing","vineyard_id":"V13","row_id":"V13-R067","waste_id":null,"route_order":null,"reachable":true,"gap_length_m":2.75,"note":"missing_plant; missing plant 2.75 m","kind":"missing_plant","tile":"siret3_r020_c011","source_target_id":"T-MSP-0541","priority":3,"route_role":"optional","skip_reason":"not_covered"},"geometry":{"type":"Point","coordinates":[28.7084146,47.1222457]}},{"type":"Feature","id":910,"properties":{"target_id":"T910","type":"missing","vineyard_id":"V13","row_id":"V13-R067","waste_id":null,"route_order":null,"reachable":true,"gap_length_m":2.65,"note":"missing_plant; missing plant 2.65 m; optional_detour","kind":"missing_plant","tile":"siret3_r019_c010","source_target_id":"T-MSP-0543","priority":3,"route_role":"optional","skip_reason":"optional_detour"},"geometry":{"type":"Point","coordinates":[28.707677,47.1229408]}},{"type":"Feature","id":911,"properties":{"target_id":"T911","type":"missing","vineyard_id":"V13","row_id":"V13-R068","waste_id":null,"route_order":null,"reachable":true,"gap_length_m":2.025,"note":"missing_plant; missing plant 2.02 m; truncated","kind":"missing_plant","tile":"siret3_r022_c012","source_target_id":"T-MSP-0544","priority":3,"route_role":"optional","skip_reason":"truncated"},"geometry":{"type":"Point","coordinates":[28.7091067,47.1215523]}},{"type":"Feature","id":912,"properties":{"target_id":"T912","type":"missing","vineyard_id":"V13","row_id":"V13-R068","waste_id":null,"route_order":null,"reachable":true,"gap_length_m":2.275,"note":"missing_plant; missing plant 2.27 m; optional_detour","kind":"missing_plant","tile":"siret3_r021_c012","source_target_id":"T-MSP-0545","priority":3,"route_role":"optional","skip_reason":"optional_detour"},"geometry":{"type":"Point","coordinates":[28.7090339,47.1216208]}},{"type":"Feature","id":913,"properties":{"target_id":"T913","type":"missing","vineyard_id":"V13","row_id":"V13-R068","waste_id":null,"route_order":null,"reachable":true,"gap_length_m":3.175,"note":"missing_plant; missing plant 3.17 m; optional_detour","kind":"missing_plant","tile":"siret3_r021_c012","source_target_id":"T-MSP-0546","priority":3,"route_role":"optional","skip_reason":"optional_detour"},"geometry":{"type":"Point","coordinates":[28.7087531,47.1218852]}},{"type":"Feature","id":914,"properties":{"target_id":"T914","type":"missing","vineyard_id":"V13","row_id":"V13-R068","waste_id":null,"route_order":null,"reachable":true,"gap_length_m":2.1,"note":"missing_plant; missing plant 2.10 m; optional_detour","kind":"missing_plant","tile":"siret3_r020_c011","source_target_id":"T-MSP-0547","priority":3,"route_role":"optional","skip_reason":"optional_detour"},"geometry":{"type":"Point","coordinates":[28.7085211,47.1221036]}},{"type":"Feature","id":915,"properties":{"target_id":"T915","type":"missing","vineyard_id":"V13","row_id":"V13-R068","waste_id":null,"route_order":null,"reachable":true,"gap_length_m":2.975,"note":"missing_plant; missing plant 2.97 m; optional_detour","kind":"missing_plant","tile":"siret3_r020_c011","source_target_id":"T-MSP-0548","priority":3,"route_role":"optional","skip_reason":"optional_detour"},"geometry":{"type":"Point","coordinates":[28.7084243,47.1221948]}},{"type":"Feature","id":916,"properties":{"target_id":"T916","type":"missing","vineyard_id":"V13","row_id":"V13-R068","waste_id":null,"route_order":null,"reachable":true,"gap_length_m":2.575,"note":"missing_plant; missing plant 2.58 m; optional_detour","kind":"missing_plant","tile":"siret3_r019_c010","source_target_id":"T-MSP-0549","priority":3,"route_role":"optional","skip_reason":"optional_detour"},"geometry":{"type":"Point","coordinates":[28.7080026,47.1225917]}},{"type":"Feature","id":917,"properties":{"target_id":"T917","type":"missing","vineyard_id":"V13","row_id":"V13-R068","waste_id":null,"route_order":null,"reachable":true,"gap_length_m":4.425,"note":"missing_plant; missing plant 4.43 m; optional_detour","kind":"missing_plant","tile":"siret3_r019_c010","source_target_id":"T-MSP-0550","priority":3,"route_role":"optional","skip_reason":"optional_detour"},"geometry":{"type":"Point","coordinates":[28.7079545,47.1226371]}},{"type":"Feature","id":918,"properties":{"target_id":"T918","type":"missing","vineyard_id":"V13","row_id":"V13-R068","waste_id":null,"route_order":null,"reachable":true,"gap_length_m":2.45,"note":"missing_plant; missing plant 2.45 m; optional_detour","kind":"missing_plant","tile":"siret3_r019_c010","source_target_id":"T-MSP-0551","priority":3,"route_role":"optional","skip_reason":"optional_detour"},"geometry":{"type":"Point","coordinates":[28.7079029,47.1226856]}},{"type":"Feature","id":919,"properties":{"target_id":"T919","type":"missing","vineyard_id":"V13","row_id":"V13-R068","waste_id":null,"route_order":null,"reachable":true,"gap_length_m":2.25,"note":"missing_plant; missing plant 2.25 m; optional_detour","kind":"missing_plant","tile":"siret3_r019_c010","source_target_id":"T-MSP-0552","priority":3,"route_role":"optional","skip_reason":"optional_detour"},"geometry":{"type":"Point","coordinates":[28.7078344,47.1227501]}},{"type":"Feature","id":920,"properties":{"target_id":"T920","type":"missing","vineyard_id":"V13","row_id":"V13-R068","waste_id":null,"route_order":null,"reachable":true,"gap_length_m":2.425,"note":"missing_plant; missing plant 2.42 m; optional_detour","kind":"missing_plant","tile":"siret3_r019_c010","source_target_id":"T-MSP-0553","priority":3,"route_role":"optional","skip_reason":"optional_detour"},"geometry":{"type":"Point","coordinates":[28.7077986,47.1227839]}},{"type":"Feature","id":921,"properties":{"target_id":"T921","type":"missing","vineyard_id":"V13","row_id":"V13-R068","waste_id":null,"route_order":null,"reachable":true,"gap_length_m":3.525,"note":"missing_plant; missing plant 3.53 m; optional_detour","kind":"missing_plant","tile":"siret3_r019_c010","source_target_id":"T-MSP-0554","priority":3,"route_role":"optional","skip_reason":"optional_detour"},"geometry":{"type":"Point","coordinates":[28.7077616,47.1228186]}},{"type":"Feature","id":922,"properties":{"target_id":"T922","type":"missing","vineyard_id":"V13","row_id":"V13-R068","waste_id":null,"route_order":null,"reachable":true,"gap_length_m":2.525,"note":"missing_plant; missing plant 2.52 m; optional_detour","kind":"missing_plant","tile":"siret3_r019_c010","source_target_id":"T-MSP-0555","priority":3,"route_role":"optional","skip_reason":"optional_detour"},"geometry":{"type":"Point","coordinates":[28.7077225,47.1228554]}},{"type":"Feature","id":923,"properties":{"target_id":"T923","type":"missing","vineyard_id":"V13","row_id":"V13-R068","waste_id":null,"route_order":null,"reachable":true,"gap_length_m":2.4,"note":"missing_plant; missing plant 2.40 m; optional_detour","kind":"missing_plant","tile":"siret3_r019_c010","source_target_id":"T-MSP-0556","priority":3,"route_role":"optional","skip_reason":"optional_detour"},"geometry":{"type":"Point","coordinates":[28.7076753,47.1228999]}},{"type":"Feature","id":924,"properties":{"target_id":"T924","type":"missing","vineyard_id":"V13","row_id":"V13-R068","waste_id":null,"route_order":null,"reachable":true,"gap_length_m":4.025,"note":"missing_plant; missing plant 4.03 m; optional_detour","kind":"missing_plant","tile":"siret3_r019_c010","source_target_id":"T-MSP-0557","priority":3,"route_role":"optional","skip_reason":"optional_detour"},"geometry":{"type":"Point","coordinates":[28.7076208,47.1229512]}},{"type":"Feature","id":925,"properties":{"target_id":"T925","type":"missing","vineyard_id":"V13","row_id":"V13-R068","waste_id":null,"route_order":null,"reachable":true,"gap_length_m":2.6,"note":"missing_plant; missing plant 2.60 m; optional_detour","kind":"missing_plant","tile":"siret3_r019_c010","source_target_id":"T-MSP-0558","priority":3,"route_role":"optional","skip_reason":"optional_detour"},"geometry":{"type":"Point","coordinates":[28.7075824,47.1229873]}},{"type":"Feature","id":926,"properties":{"target_id":"T926","type":"missing","vineyard_id":"V13","row_id":"V13-R069","waste_id":null,"route_order":null,"reachable":true,"gap_length_m":2.875,"note":"missing_plant; missing plant 2.88 m; optional_detour","kind":"missing_plant","tile":"siret3_r022_c013","source_target_id":"T-MSP-0559","priority":3,"route_role":"optional","skip_reason":"optional_detour"},"geometry":{"type":"Point","coordinates":[28.7093799,47.1212525]}},{"type":"Feature","id":927,"properties":{"target_id":"T927","type":"missing","vineyard_id":"V13","row_id":"V13-R069","waste_id":null,"route_order":null,"reachable":true,"gap_length_m":2.075,"note":"missing_plant; missing plant 2.08 m; optional_detour","kind":"missing_plant","tile":"siret3_r021_c011","source_target_id":"T-MSP-0560","priority":3,"route_role":"optional","skip_reason":"optional_detour"},"geometry":{"type":"Point","coordinates":[28.7086071,47.1219764]}},{"type":"Feature","id":928,"properties":{"target_id":"T928","type":"missing","vineyard_id":"V13","row_id":"V13-R069","waste_id":null,"route_order":null,"reachable":true,"gap_length_m":3.3,"note":"missing_plant; missing plant 3.30 m; optional_detour","kind":"missing_plant","tile":"siret3_r019_c010","source_target_id":"T-MSP-0561","priority":3,"route_role":"optional","skip_reason":"optional_detour"},"geometry":{"type":"Point","coordinates":[28.7079121,47.1226365]}},{"type":"Feature","id":929,"properties":{"target_id":"T929","type":"missing","vineyard_id":"V13","row_id":"V13-R069","waste_id":null,"route_order":null,"reachable":true,"gap_length_m":3.125,"note":"missing_plant; missing plant 3.12 m; optional_detour","kind":"missing_plant","tile":"siret3_r019_c010","source_target_id":"T-MSP-0562","priority":3,"route_role":"optional","skip_reason":"optional_detour"},"geometry":{"type":"Point","coordinates":[28.7077731,47.1227677]}},{"type":"Feature","id":930,"properties":{"target_id":"T930","type":"missing","vineyard_id":"V13","row_id":"V13-R070","waste_id":null,"route_order":null,"reachable":true,"gap_length_m":3.05,"note":"missing_plant; missing plant 3.05 m; optional_detour","kind":"missing_plant","tile":"siret3_r022_c012","source_target_id":"T-MSP-0563","priority":3,"route_role":"optional","skip_reason":"optional_detour"},"geometry":{"type":"Point","coordinates":[28.7093146,47.1212719]}},{"type":"Feature","id":931,"properties":{"target_id":"T931","type":"missing","vineyard_id":"V13","row_id":"V13-R070","waste_id":null,"route_order":null,"reachable":true,"gap_length_m":2.225,"note":"missing_plant; missing plant 2.23 m; optional_detour","kind":"missing_plant","tile":"siret3_r022_c012","source_target_id":"T-MSP-0564","priority":3,"route_role":"optional","skip_reason":"optional_detour"},"geometry":{"type":"Point","coordinates":[28.7090422,47.1215264]}},{"type":"Feature","id":932,"properties":{"target_id":"T932","type":"missing","vineyard_id":"V13","row_id":"V13-R070","waste_id":null,"route_order":null,"reachable":true,"gap_length_m":3.05,"note":"missing_plant; missing plant 3.05 m; optional_detour","kind":"missing_plant","tile":"siret3_r021_c012","source_target_id":"T-MSP-0565","priority":3,"route_role":"optional","skip_reason":"optional_detour"},"geometry":{"type":"Point","coordinates":[28.7088552,47.121701]}},{"type":"Feature","id":933,"properties":{"target_id":"T933","type":"missing","vineyard_id":"V13","row_id":"V13-R070","waste_id":null,"route_order":null,"reachable":true,"gap_length_m":2.25,"note":"missing_plant; missing plant 2.25 m; optional_detour","kind":"missing_plant","tile":"siret3_r021_c012","source_target_id":"T-MSP-0566","priority":3,"route_role":"optional","skip_reason":"optional_detour"},"geometry":{"type":"Point","coordinates":[28.7087646,47.1217856]}},{"type":"Feature","id":934,"properties":{"target_id":"T934","type":"missing","vineyard_id":"V13","row_id":"V13-R070","waste_id":null,"route_order":null,"reachable":true,"gap_length_m":2.35,"note":"missing_plant; missing plant 2.35 m; optional_detour","kind":"missing_plant","tile":"siret3_r021_c011","source_target_id":"T-MSP-0567","priority":3,"route_role":"optional","skip_reason":"optional_detour"},"geometry":{"type":"Point","coordinates":[28.7085659,47.1219723]}},{"type":"Feature","id":935,"properties":{"target_id":"T935","type":"missing","vineyard_id":"V13","row_id":"V13-R070","waste_id":null,"route_order":null,"reachable":true,"gap_length_m":2.725,"note":"missing_plant; missing plant 2.72 m; optional_detour","kind":"missing_plant","tile":"siret3_r020_c011","source_target_id":"T-MSP-0568","priority":3,"route_role":"optional","skip_reason":"optional_detour"},"geometry":{"type":"Point","coordinates":[28.708075,47.1224371]}},{"type":"Feature","id":936,"properties":{"target_id":"T936","type":"missing","vineyard_id":"V13","row_id":"V13-R070","waste_id":null,"route_order":null,"reachable":true,"gap_length_m":3.825,"note":"missing_plant; missing plant 3.82 m; optional_detour","kind":"missing_plant","tile":"siret3_r020_c010","source_target_id":"T-MSP-0569","priority":3,"route_role":"optional","skip_reason":"optional_detour"},"geometry":{"type":"Point","coordinates":[28.7080038,47.1225036]}},{"type":"Feature","id":937,"properties":{"target_id":"T937","type":"missing","vineyard_id":"V13","row_id":"V13-R070","waste_id":null,"route_order":null,"reachable":true,"gap_length_m":2.775,"note":"missing_plant; missing plant 2.78 m; optional_detour","kind":"missing_plant","tile":"siret3_r020_c010","source_target_id":"T-MSP-0570","priority":3,"route_role":"optional","skip_reason":"optional_detour"},"geometry":{"type":"Point","coordinates":[28.7079712,47.1225338]}},{"type":"Feature","id":938,"properties":{"target_id":"T938","type":"missing","vineyard_id":"V13","row_id":"V13-R070","waste_id":null,"route_order":null,"reachable":true,"gap_length_m":3.325,"note":"missing_plant; missing plant 3.32 m; optional_detour","kind":"missing_plant","tile":"siret3_r019_c010","source_target_id":"T-MSP-0571","priority":3,"route_role":"optional","skip_reason":"optional_detour"},"geometry":{"type":"Point","coordinates":[28.707857,47.1226418]}},{"type":"Feature","id":939,"properties":{"target_id":"T939","type":"missing","vineyard_id":"V13","row_id":"V13-R070","waste_id":null,"route_order":null,"reachable":true,"gap_length_m":2.425,"note":"missing_plant; missing plant 2.43 m; optional_detour","kind":"missing_plant","tile":"siret3_r019_c010","source_target_id":"T-MSP-0572","priority":3,"route_role":"optional","skip_reason":"optional_detour"},"geometry":{"type":"Point","coordinates":[28.7077818,47.1227132]}},{"type":"Feature","id":940,"properties":{"target_id":"T940","type":"missing","vineyard_id":"V13","row_id":"V13-R070","waste_id":null,"route_order":null,"reachable":true,"gap_length_m":2.3,"note":"missing_plant; missing plant 2.30 m; optional_detour","kind":"missing_plant","tile":"siret3_r019_c010","source_target_id":"T-MSP-0573","priority":3,"route_role":"optional","skip_reason":"optional_detour"},"geometry":{"type":"Point","coordinates":[28.7077231,47.122769]}},{"type":"Feature","id":941,"properties":{"target_id":"T941","type":"missing","vineyard_id":"V13","row_id":"V13-R070","waste_id":null,"route_order":null,"reachable":true,"gap_length_m":3.1,"note":"missing_plant; missing plant 3.10 m; optional_detour","kind":"missing_plant","tile":"siret3_r019_c010","source_target_id":"T-MSP-0574","priority":3,"route_role":"optional","skip_reason":"optional_detour"},"geometry":{"type":"Point","coordinates":[28.7076656,47.1228236]}},{"type":"Feature","id":942,"properties":{"target_id":"T942","type":"missing","vineyard_id":"V13","row_id":"V13-R070","waste_id":null,"route_order":null,"reachable":true,"gap_length_m":2.2,"note":"missing_plant; missing plant 2.20 m; optional_detour","kind":"missing_plant","tile":"siret3_r019_c010","source_target_id":"T-MSP-0575","priority":3,"route_role":"optional","skip_reason":"optional_detour"},"geometry":{"type":"Point","coordinates":[28.7076346,47.122853]}},{"type":"Feature","id":943,"properties":{"target_id":"T943","type":"missing","vineyard_id":"V13","row_id":"V13-R070","waste_id":null,"route_order":null,"reachable":true,"gap_length_m":2.2,"note":"missing_plant; missing plant 2.20 m; optional_detour","kind":"missing_plant","tile":"siret3_r019_c010","source_target_id":"T-MSP-0576","priority":3,"route_role":"optional","skip_reason":"optional_detour"},"geometry":{"type":"Point","coordinates":[28.7076098,47.1228766]}},{"type":"Feature","id":944,"properties":{"target_id":"T944","type":"missing","vineyard_id":"V13","row_id":"V13-R070","waste_id":null,"route_order":null,"reachable":true,"gap_length_m":3.2,"note":"missing_plant; missing plant 3.20 m; optional_detour","kind":"missing_plant","tile":"siret3_r019_c010","source_target_id":"T-MSP-0577","priority":3,"route_role":"optional","skip_reason":"optional_detour"},"geometry":{"type":"Point","coordinates":[28.7075548,47.1229288]}},{"type":"Feature","id":945,"properties":{"target_id":"T945","type":"missing","vineyard_id":"V13","row_id":"V13-R071","waste_id":null,"route_order":null,"reachable":true,"gap_length_m":2.85,"note":"missing_plant; missing plant 2.85 m; optional_detour","kind":"missing_plant","tile":"siret3_r022_c012","source_target_id":"T-MSP-0578","priority":3,"route_role":"optional","skip_reason":"optional_detour"},"geometry":{"type":"Point","coordinates":[28.709204,47.121334]}},{"type":"Feature","id":946,"properties":{"target_id":"T946","type":"missing","vineyard_id":"V13","row_id":"V13-R071","waste_id":null,"route_order":null,"reachable":true,"gap_length_m":3.025,"note":"missing_plant; missing plant 3.02 m; optional_detour","kind":"missing_plant","tile":"siret3_r019_c010","source_target_id":"T-MSP-0581","priority":3,"route_role":"optional","skip_reason":"optional_detour"},"geometry":{"type":"Point","coordinates":[28.7075313,47.1229106]}},{"type":"Feature","id":947,"properties":{"target_id":"T947","type":"missing","vineyard_id":"V13","row_id":"V13-R072","waste_id":null,"route_order":null,"reachable":true,"gap_length_m":2.858,"note":"missing_plant; missing plant 2.86 m; optional_detour","kind":"missing_plant","tile":"siret3_r022_c012","source_target_id":"T-MSP-0582","priority":3,"route_role":"optional","skip_reason":"optional_detour"},"geometry":{"type":"Point","coordinates":[28.7090464,47.1214386]}},{"type":"Feature","id":948,"properties":{"target_id":"T948","type":"missing","vineyard_id":"V13","row_id":"V13-R072","waste_id":null,"route_order":null,"reachable":true,"gap_length_m":3.798,"note":"missing_plant; missing plant 3.80 m; optional_detour","kind":"missing_plant","tile":"siret3_r022_c012","source_target_id":"T-MSP-0583","priority":3,"route_role":"optional","skip_reason":"optional_detour"},"geometry":{"type":"Point","coordinates":[28.7090165,47.1214668]}},{"type":"Feature","id":949,"properties":{"target_id":"T949","type":"missing","vineyard_id":"V13","row_id":"V13-R072","waste_id":null,"route_order":null,"reachable":true,"gap_length_m":2.125,"note":"missing_plant; missing plant 2.12 m; optional_detour","kind":"missing_plant","tile":"siret3_r021_c012","source_target_id":"T-MSP-0584","priority":3,"route_role":"optional","skip_reason":"optional_detour"},"geometry":{"type":"Point","coordinates":[28.7088166,47.1216545]}},{"type":"Feature","id":950,"properties":{"target_id":"T950","type":"missing","vineyard_id":"V13","row_id":"V13-R072","waste_id":null,"route_order":null,"reachable":true,"gap_length_m":2.4,"note":"missing_plant; missing plant 2.40 m; optional_detour","kind":"missing_plant","tile":"siret3_r021_c012","source_target_id":"T-MSP-0585","priority":3,"route_role":"optional","skip_reason":"optional_detour"},"geometry":{"type":"Point","coordinates":[28.7087457,47.1217198]}},{"type":"Feature","id":951,"properties":{"target_id":"T951","type":"missing","vineyard_id":"V13","row_id":"V13-R072","waste_id":null,"route_order":null,"reachable":true,"gap_length_m":3.575,"note":"missing_plant; missing plant 3.58 m; optional_detour","kind":"missing_plant","tile":"siret3_r021_c011","source_target_id":"T-MSP-0586","priority":3,"route_role":"optional","skip_reason":"optional_detour"},"geometry":{"type":"Point","coordinates":[28.7086122,47.1218447]}},{"type":"Feature","id":952,"properties":{"target_id":"T952","type":"missing","vineyard_id":"V13","row_id":"V13-R073","waste_id":null,"route_order":null,"reachable":true,"gap_length_m":4.575,"note":"missing_plant; missing plant 4.58 m; optional_detour","kind":"missing_plant","tile":"siret3_r022_c012","source_target_id":"T-MSP-0594","priority":3,"route_role":"optional","skip_reason":"optional_detour"},"geometry":{"type":"Point","coordinates":[28.7089836,47.1214543]}},{"type":"Feature","id":953,"properties":{"target_id":"T953","type":"missing","vineyard_id":"V13","row_id":"V13-R073","waste_id":null,"route_order":null,"reachable":true,"gap_length_m":2.8,"note":"missing_plant; missing plant 2.80 m; optional_detour","kind":"missing_plant","tile":"siret3_r022_c012","source_target_id":"T-MSP-0595","priority":3,"route_role":"optional","skip_reason":"optional_detour"},"geometry":{"type":"Point","coordinates":[28.7089231,47.1215112]}},{"type":"Feature","id":954,"properties":{"target_id":"T954","type":"missing","vineyard_id":"V13","row_id":"V13-R075","waste_id":null,"route_order":null,"reachable":true,"gap_length_m":3.15,"note":"missing_plant; missing plant 3.15 m; optional_detour","kind":"missing_plant","tile":"siret3_r022_c012","source_target_id":"T-MSP-0603","priority":3,"route_role":"optional","skip_reason":"optional_detour"},"geometry":{"type":"Point","coordinates":[28.7090935,47.1213115]}},{"type":"Feature","id":955,"properties":{"target_id":"T955","type":"missing","vineyard_id":"V13","row_id":"V13-R075","waste_id":null,"route_order":null,"reachable":true,"gap_length_m":3.575,"note":"missing_plant; missing plant 3.57 m; optional_detour","kind":"missing_plant","tile":"siret3_r022_c012","source_target_id":"T-MSP-0604","priority":3,"route_role":"optional","skip_reason":"optional_detour"},"geometry":{"type":"Point","coordinates":[28.70905,47.1213521]}},{"type":"Feature","id":956,"properties":{"target_id":"T956","type":"missing","vineyard_id":"V13","row_id":"V13-R076","waste_id":null,"route_order":null,"reachable":true,"gap_length_m":3.675,"note":"missing_plant; missing plant 3.68 m; optional_detour","kind":"missing_plant","tile":"siret3_r022_c012","source_target_id":"T-MSP-0605","priority":3,"route_role":"optional","skip_reason":"optional_detour"},"geometry":{"type":"Point","coordinates":[28.7090163,47.1213428]}},{"type":"Feature","id":957,"properties":{"target_id":"T957","type":"missing","vineyard_id":"V13","row_id":"V13-R076","waste_id":null,"route_order":null,"reachable":false,"gap_length_m":2.375,"note":"missing_plant; missing plant 2.38 m; too_far","kind":"missing_plant","tile":"siret3_r020_c010","source_target_id":"T-MSP-0609","priority":3,"route_role":"optional","skip_reason":"too_far"},"geometry":{"type":"Point","coordinates":[28.7077549,47.1225274]}},{"type":"Feature","id":958,"properties":{"target_id":"T958","type":"missing","vineyard_id":"V14","row_id":"V14-R002","waste_id":null,"route_order":null,"reachable":false,"gap_length_m":3.25,"note":"missing_plant; missing plant 3.25 m; disconnected","kind":"missing_plant","tile":"siret3_r021_c016","source_target_id":"T-MSP-0613","priority":3,"route_role":"optional","skip_reason":"disconnected"},"geometry":{"type":"Point","coordinates":[28.7116036,47.1219776]}},{"type":"Feature","id":959,"properties":{"target_id":"T959","type":"missing","vineyard_id":"V14","row_id":"V14-R003","waste_id":null,"route_order":null,"reachable":false,"gap_length_m":3.425,"note":"missing_plant; missing plant 3.42 m; disconnected","kind":"missing_plant","tile":"siret3_r021_c016","source_target_id":"T-MSP-0614","priority":3,"route_role":"optional","skip_reason":"disconnected"},"geometry":{"type":"Point","coordinates":[28.7116257,47.1219588]}},{"type":"Feature","id":960,"properties":{"target_id":"T960","type":"missing","vineyard_id":"V14","row_id":"V14-R004","waste_id":null,"route_order":null,"reachable":false,"gap_length_m":2.35,"note":"missing_plant; missing plant 2.35 m; disconnected","kind":"missing_plant","tile":"siret3_r021_c016","source_target_id":"T-MSP-0615","priority":3,"route_role":"optional","skip_reason":"disconnected"},"geometry":{"type":"Point","coordinates":[28.7116546,47.121943]}},{"type":"Feature","id":961,"properties":{"target_id":"T961","type":"missing","vineyard_id":"V14","row_id":"V14-R004","waste_id":null,"route_order":null,"reachable":false,"gap_length_m":3.45,"note":"missing_plant; missing plant 3.45 m; disconnected","kind":"missing_plant","tile":"siret3_r021_c016","source_target_id":"T-MSP-0616","priority":3,"route_role":"optional","skip_reason":"disconnected"},"geometry":{"type":"Point","coordinates":[28.7116905,47.1219659]}},{"type":"Feature","id":962,"properties":{"target_id":"T962","type":"missing","vineyard_id":"V14","row_id":"V14-R004","waste_id":null,"route_order":null,"reachable":false,"gap_length_m":3.125,"note":"missing_plant; missing plant 3.12 m; disconnected","kind":"missing_plant","tile":"siret3_r021_c016","source_target_id":"T-MSP-0617","priority":3,"route_role":"optional","skip_reason":"disconnected"},"geometry":{"type":"Point","coordinates":[28.7117461,47.1220012]}},{"type":"Feature","id":963,"properties":{"target_id":"T963","type":"missing","vineyard_id":"V14","row_id":"V14-R005","waste_id":null,"route_order":null,"reachable":false,"gap_length_m":3.15,"note":"missing_plant; missing plant 3.15 m; disconnected","kind":"missing_plant","tile":"siret3_r021_c016","source_target_id":"T-MSP-0618","priority":3,"route_role":"optional","skip_reason":"disconnected"},"geometry":{"type":"Point","coordinates":[28.7117649,47.1219853]}},{"type":"Feature","id":964,"properties":{"target_id":"T964","type":"missing","vineyard_id":"V15","row_id":"V15-R003","waste_id":null,"route_order":null,"reachable":false,"gap_length_m":2.525,"note":"missing_plant; missing plant 2.53 m; disconnected","kind":"missing_plant","tile":"siret3_r025_c019","source_target_id":"T-MSP-0619","priority":3,"route_role":"optional","skip_reason":"disconnected"},"geometry":{"type":"Point","coordinates":[28.7139122,47.1201318]}},{"type":"Feature","id":965,"properties":{"target_id":"T965","type":"missing","vineyard_id":"V16","row_id":"V16-R003","waste_id":null,"route_order":null,"reachable":false,"gap_length_m":2.075,"note":"missing_plant; missing plant 2.08 m; too_far","kind":"missing_plant","tile":"siret3_r024_c017","source_target_id":"T-MSP-0621","priority":3,"route_role":"optional","skip_reason":"too_far"},"geometry":{"type":"Point","coordinates":[28.7123209,47.1202476]}},{"type":"Feature","id":966,"properties":{"target_id":"T966","type":"missing","vineyard_id":"V16","row_id":"V16-R003","waste_id":null,"route_order":null,"reachable":false,"gap_length_m":3.225,"note":"missing_plant; missing plant 3.23 m; too_far","kind":"missing_plant","tile":"siret3_r024_c017","source_target_id":"T-MSP-0622","priority":3,"route_role":"optional","skip_reason":"too_far"},"geometry":{"type":"Point","coordinates":[28.7120914,47.1204621]}},{"type":"Feature","id":967,"properties":{"target_id":"T967","type":"missing","vineyard_id":"V16","row_id":"V16-R019","waste_id":null,"route_order":null,"reachable":true,"gap_length_m":2.35,"note":"missing_plant; missing plant 2.35 m; optional_detour","kind":"missing_plant","tile":"siret3_r025_c017","source_target_id":"T-MSP-0635","priority":3,"route_role":"optional","skip_reason":"optional_detour"},"geometry":{"type":"Point","coordinates":[28.7122449,47.1199983]}},{"type":"Feature","id":968,"properties":{"target_id":"T968","type":"missing","vineyard_id":"V16","row_id":"V16-R020","waste_id":null,"route_order":null,"reachable":true,"gap_length_m":2.075,"note":"missing_plant; missing plant 2.08 m; optional_detour","kind":"missing_plant","tile":"siret3_r026_c017","source_target_id":"T-MSP-0636","priority":3,"route_role":"optional","skip_reason":"optional_detour"},"geometry":{"type":"Point","coordinates":[28.712656,47.1195806]}},{"type":"Feature","id":969,"properties":{"target_id":"T969","type":"missing","vineyard_id":"V16","row_id":"V16-R020","waste_id":null,"route_order":null,"reachable":true,"gap_length_m":2.375,"note":"missing_plant; missing plant 2.38 m; optional_detour","kind":"missing_plant","tile":"siret3_r025_c017","source_target_id":"T-MSP-0637","priority":3,"route_role":"optional","skip_reason":"optional_detour"},"geometry":{"type":"Point","coordinates":[28.7124463,47.1197704]}},{"type":"Feature","id":970,"properties":{"target_id":"T970","type":"missing","vineyard_id":"V16","row_id":"V16-R020","waste_id":null,"route_order":null,"reachable":true,"gap_length_m":2.45,"note":"missing_plant; missing plant 2.45 m; optional_detour","kind":"missing_plant","tile":"siret3_r025_c017","source_target_id":"T-MSP-0638","priority":3,"route_role":"optional","skip_reason":"optional_detour"},"geometry":{"type":"Point","coordinates":[28.7124161,47.1197978]}},{"type":"Feature","id":971,"properties":{"target_id":"T971","type":"missing","vineyard_id":"V16","row_id":"V16-R020","waste_id":null,"route_order":null,"reachable":true,"gap_length_m":3.6,"note":"missing_plant; missing plant 3.60 m; optional_detour","kind":"missing_plant","tile":"siret3_r025_c017","source_target_id":"T-MSP-0639","priority":3,"route_role":"optional","skip_reason":"optional_detour"},"geometry":{"type":"Point","coordinates":[28.7123456,47.1198626]}},{"type":"Feature","id":972,"properties":{"target_id":"T972","type":"missing","vineyard_id":"V16","row_id":"V16-R020","waste_id":null,"route_order":null,"reachable":true,"gap_length_m":2.7,"note":"missing_plant; missing plant 2.70 m; optional_detour","kind":"missing_plant","tile":"siret3_r025_c017","source_target_id":"T-MSP-0640","priority":3,"route_role":"optional","skip_reason":"optional_detour"},"geometry":{"type":"Point","coordinates":[28.7120416,47.1201422]}},{"type":"Feature","id":973,"properties":{"target_id":"T973","type":"missing","vineyard_id":"V16","row_id":"V16-R021","waste_id":null,"route_order":null,"reachable":true,"gap_length_m":2.15,"note":"missing_plant; missing plant 2.15 m; optional_detour","kind":"missing_plant","tile":"siret3_r028_c019","source_target_id":"T-MSP-0641","priority":3,"route_role":"optional","skip_reason":"optional_detour"},"geometry":{"type":"Point","coordinates":[28.7137754,47.1185116]}},{"type":"Feature","id":974,"properties":{"target_id":"T974","type":"missing","vineyard_id":"V16","row_id":"V16-R025","waste_id":null,"route_order":null,"reachable":true,"gap_length_m":2.675,"note":"missing_plant; missing plant 2.67 m; optional_detour","kind":"missing_plant","tile":"siret3_r026_c017","source_target_id":"T-MSP-0642","priority":3,"route_role":"optional","skip_reason":"optional_detour"},"geometry":{"type":"Point","coordinates":[28.7123652,47.1197095]}},{"type":"Feature","id":975,"properties":{"target_id":"T975","type":"missing","vineyard_id":"V16","row_id":"V16-R025","waste_id":null,"route_order":null,"reachable":true,"gap_length_m":4.15,"note":"missing_plant; missing plant 4.15 m; optional_detour","kind":"missing_plant","tile":"siret3_r025_c017","source_target_id":"T-MSP-0643","priority":3,"route_role":"optional","skip_reason":"optional_detour"},"geometry":{"type":"Point","coordinates":[28.7123318,47.1197401]}},{"type":"Feature","id":976,"properties":{"target_id":"T976","type":"missing","vineyard_id":"V16","row_id":"V16-R025","waste_id":null,"route_order":null,"reachable":true,"gap_length_m":3.025,"note":"missing_plant; missing plant 3.03 m; optional_detour","kind":"missing_plant","tile":"siret3_r025_c017","source_target_id":"T-MSP-0644","priority":3,"route_role":"optional","skip_reason":"optional_detour"},"geometry":{"type":"Point","coordinates":[28.7122431,47.1198213]}},{"type":"Feature","id":977,"properties":{"target_id":"T977","type":"missing","vineyard_id":"V16","row_id":"V16-R025","waste_id":null,"route_order":null,"reachable":true,"gap_length_m":3.55,"note":"missing_plant; missing plant 3.55 m; optional_detour","kind":"missing_plant","tile":"siret3_r025_c017","source_target_id":"T-MSP-0645","priority":3,"route_role":"optional","skip_reason":"optional_detour"},"geometry":{"type":"Point","coordinates":[28.7121664,47.1198915]}},{"type":"Feature","id":978,"properties":{"target_id":"T978","type":"missing","vineyard_id":"V16","row_id":"V16-R025","waste_id":null,"route_order":null,"reachable":true,"gap_length_m":2.2,"note":"missing_plant; missing plant 2.20 m; optional_detour","kind":"missing_plant","tile":"siret3_r025_c016","source_target_id":"T-MSP-0646","priority":3,"route_role":"optional","skip_reason":"optional_detour"},"geometry":{"type":"Point","coordinates":[28.7119286,47.1201116]}},{"type":"Feature","id":979,"properties":{"target_id":"T979","type":"missing","vineyard_id":"V16","row_id":"V16-R025","waste_id":null,"route_order":null,"reachable":true,"gap_length_m":2.075,"note":"missing_plant; missing plant 2.07 m; truncated","kind":"missing_plant","tile":"siret3_r024_c016","source_target_id":"T-MSP-0647","priority":3,"route_role":"optional","skip_reason":"truncated"},"geometry":{"type":"Point","coordinates":[28.7114408,47.1205671]}},{"type":"Feature","id":980,"properties":{"target_id":"T980","type":"missing","vineyard_id":"V16","row_id":"V16-R026","waste_id":null,"route_order":null,"reachable":true,"gap_length_m":2,"note":"missing_plant; missing plant 2.00 m; truncated","kind":"missing_plant","tile":"siret3_r028_c019","source_target_id":"T-MSP-0649","priority":3,"route_role":"optional","skip_reason":"truncated"},"geometry":{"type":"Point","coordinates":[28.7136772,47.1184713]}},{"type":"Feature","id":981,"properties":{"target_id":"T981","type":"missing","vineyard_id":"V16","row_id":"V16-R028","waste_id":null,"route_order":null,"reachable":true,"gap_length_m":2.9,"note":"missing_plant; missing plant 2.90 m; optional_detour","kind":"missing_plant","tile":"siret3_r024_c016","source_target_id":"T-MSP-0650","priority":3,"route_role":"optional","skip_reason":"optional_detour"},"geometry":{"type":"Point","coordinates":[28.7114246,47.1205375]}},{"type":"Feature","id":982,"properties":{"target_id":"T982","type":"missing","vineyard_id":"V16","row_id":"V16-R030","waste_id":null,"route_order":null,"reachable":true,"gap_length_m":2.7,"note":"missing_plant; missing plant 2.70 m; optional_detour","kind":"missing_plant","tile":"siret3_r024_c015","source_target_id":"T-MSP-0651","priority":3,"route_role":"optional","skip_reason":"optional_detour"},"geometry":{"type":"Point","coordinates":[28.7113282,47.1205845]}},{"type":"Feature","id":983,"properties":{"target_id":"T983","type":"missing","vineyard_id":"V16","row_id":"V16-R031","waste_id":null,"route_order":null,"reachable":false,"gap_length_m":4.075,"note":"missing_plant; missing plant 4.08 m; disconnected","kind":"missing_plant","tile":"siret3_r023_c015","source_target_id":"T-MSP-0652","priority":3,"route_role":"optional","skip_reason":"disconnected"},"geometry":{"type":"Point","coordinates":[28.7110976,47.1207948]}},{"type":"Feature","id":984,"properties":{"target_id":"T984","type":"missing","vineyard_id":"V16","row_id":"V16-R031","waste_id":null,"route_order":null,"reachable":false,"gap_length_m":2.55,"note":"missing_plant; missing plant 2.55 m; disconnected","kind":"missing_plant","tile":"siret3_r023_c015","source_target_id":"T-MSP-0653","priority":3,"route_role":"optional","skip_reason":"disconnected"},"geometry":{"type":"Point","coordinates":[28.7110271,47.1208655]}},{"type":"Feature","id":985,"properties":{"target_id":"T985","type":"missing","vineyard_id":"V16","row_id":"V16-R034","waste_id":null,"route_order":null,"reachable":false,"gap_length_m":2.525,"note":"missing_plant; missing plant 2.53 m; too_far","kind":"missing_plant","tile":"siret3_r027_c018","source_target_id":"T-MSP-0655","priority":3,"route_role":"optional","skip_reason":"too_far"},"geometry":{"type":"Point","coordinates":[28.7130816,47.1188949]}},{"type":"Feature","id":986,"properties":{"target_id":"T986","type":"missing","vineyard_id":"V16","row_id":"V16-R034","waste_id":null,"route_order":null,"reachable":false,"gap_length_m":3.675,"note":"missing_plant; missing plant 3.68 m; too_far","kind":"missing_plant","tile":"siret3_r027_c018","source_target_id":"T-MSP-0656","priority":3,"route_role":"optional","skip_reason":"too_far"},"geometry":{"type":"Point","coordinates":[28.7130476,47.1189259]}},{"type":"Feature","id":987,"properties":{"target_id":"T987","type":"missing","vineyard_id":"V16","row_id":"V16-R040","waste_id":null,"route_order":null,"reachable":false,"gap_length_m":2.875,"note":"missing_plant; missing plant 2.88 m; too_far","kind":"missing_plant","tile":"siret3_r026_c017","source_target_id":"T-MSP-0665","priority":3,"route_role":"optional","skip_reason":"too_far"},"geometry":{"type":"Point","coordinates":[28.7121659,47.1196182]}},{"type":"Feature","id":988,"properties":{"target_id":"T988","type":"missing","vineyard_id":"V16","row_id":"V16-R040","waste_id":null,"route_order":null,"reachable":false,"gap_length_m":2.3,"note":"missing_plant; missing plant 2.30 m; too_far","kind":"missing_plant","tile":"siret3_r026_c017","source_target_id":"T-MSP-0666","priority":3,"route_role":"optional","skip_reason":"too_far"},"geometry":{"type":"Point","coordinates":[28.712138,47.1196431]}},{"type":"Feature","id":989,"properties":{"target_id":"T989","type":"missing","vineyard_id":"V16","row_id":"V16-R040","waste_id":null,"route_order":null,"reachable":false,"gap_length_m":3.525,"note":"missing_plant; missing plant 3.52 m; too_far","kind":"missing_plant","tile":"siret3_r026_c017","source_target_id":"T-MSP-0667","priority":3,"route_role":"optional","skip_reason":"too_far"},"geometry":{"type":"Point","coordinates":[28.7121096,47.1196684]}},{"type":"Feature","id":990,"properties":{"target_id":"T990","type":"missing","vineyard_id":"V16","row_id":"V16-R042","waste_id":null,"route_order":null,"reachable":true,"gap_length_m":3.4,"note":"missing_plant; missing plant 3.40 m; optional_detour","kind":"missing_plant","tile":"siret3_r028_c019","source_target_id":"T-MSP-0668","priority":3,"route_role":"optional","skip_reason":"optional_detour"},"geometry":{"type":"Point","coordinates":[28.713521,47.1183602]}},{"type":"Feature","id":991,"properties":{"target_id":"T991","type":"missing","vineyard_id":"V16","row_id":"V16-R042","waste_id":null,"route_order":null,"reachable":true,"gap_length_m":4.275,"note":"missing_plant; missing plant 4.28 m; optional_detour","kind":"missing_plant","tile":"siret3_r028_c019","source_target_id":"T-MSP-0669","priority":3,"route_role":"optional","skip_reason":"optional_detour"},"geometry":{"type":"Point","coordinates":[28.7134795,47.1183978]}},{"type":"Feature","id":992,"properties":{"target_id":"T992","type":"missing","vineyard_id":"V17","row_id":"V17-R004","waste_id":null,"route_order":null,"reachable":true,"gap_length_m":4.05,"note":"missing_plant; missing plant 4.05 m; optional_detour","kind":"missing_plant","tile":"siret3_r029_c025","source_target_id":"T-MSP-0671","priority":3,"route_role":"optional","skip_reason":"optional_detour"},"geometry":{"type":"Point","coordinates":[28.7174865,47.118211]}},{"type":"Feature","id":993,"properties":{"target_id":"T993","type":"missing","vineyard_id":"V18","row_id":"V18-R001","waste_id":null,"route_order":null,"reachable":true,"gap_length_m":3.225,"note":"missing_plant; missing plant 3.22 m; optional_detour","kind":"missing_plant","tile":"siret3_r029_c016","source_target_id":"T-MSP-0672","priority":3,"route_role":"optional","skip_reason":"optional_detour"},"geometry":{"type":"Point","coordinates":[28.7116231,47.1179409]}},{"type":"Feature","id":994,"properties":{"target_id":"T994","type":"missing","vineyard_id":"V18","row_id":"V18-R002","waste_id":null,"route_order":null,"reachable":true,"gap_length_m":3.275,"note":"missing_plant; missing plant 3.28 m; optional_detour","kind":"missing_plant","tile":"siret3_r029_c016","source_target_id":"T-MSP-0673","priority":3,"route_role":"optional","skip_reason":"optional_detour"},"geometry":{"type":"Point","coordinates":[28.7115892,47.1179236]}},{"type":"Feature","id":995,"properties":{"target_id":"T995","type":"missing","vineyard_id":"V20","row_id":"V20-R002","waste_id":null,"route_order":null,"reachable":true,"gap_length_m":3.075,"note":"missing_plant; missing plant 3.08 m; optional_detour","kind":"missing_plant","tile":"siret3_r030_c018","source_target_id":"T-MSP-0674","priority":3,"route_role":"optional","skip_reason":"optional_detour"},"geometry":{"type":"Point","coordinates":[28.7128098,47.1175852]}},{"type":"Feature","id":996,"properties":{"target_id":"T996","type":"missing","vineyard_id":"V20","row_id":"V20-R002","waste_id":null,"route_order":null,"reachable":true,"gap_length_m":2.95,"note":"missing_plant; missing plant 2.95 m; optional_detour","kind":"missing_plant","tile":"siret3_r030_c018","source_target_id":"T-MSP-0675","priority":3,"route_role":"optional","skip_reason":"optional_detour"},"geometry":{"type":"Point","coordinates":[28.7129811,47.1176915]}},{"type":"Feature","id":997,"properties":{"target_id":"T997","type":"missing","vineyard_id":"V21","row_id":"V21-R001","waste_id":null,"route_order":null,"reachable":false,"gap_length_m":2.1,"note":"missing_plant; missing plant 2.10 m; disconnected","kind":"missing_plant","tile":"siret3_r030_c021","source_target_id":"T-MSP-0682","priority":3,"route_role":"optional","skip_reason":"disconnected"},"geometry":{"type":"Point","coordinates":[28.7149195,47.1177673]}},{"type":"Feature","id":998,"properties":{"target_id":"T998","type":"missing","vineyard_id":"V21","row_id":"V21-R002","waste_id":null,"route_order":null,"reachable":false,"gap_length_m":4.6,"note":"missing_plant; missing plant 4.60 m; disconnected","kind":"missing_plant","tile":"siret3_r030_c021","source_target_id":"T-MSP-0683","priority":3,"route_role":"optional","skip_reason":"disconnected"},"geometry":{"type":"Point","coordinates":[28.7152065,47.1174371]}},{"type":"Feature","id":999,"properties":{"target_id":"T999","type":"missing","vineyard_id":"V21","row_id":"V21-R002","waste_id":null,"route_order":null,"reachable":false,"gap_length_m":4.625,"note":"missing_plant; missing plant 4.62 m; disconnected","kind":"missing_plant","tile":"siret3_r030_c021","source_target_id":"T-MSP-0684","priority":3,"route_role":"optional","skip_reason":"disconnected"},"geometry":{"type":"Point","coordinates":[28.7150276,47.1176167]}},{"type":"Feature","id":1000,"properties":{"target_id":"T1000","type":"missing","vineyard_id":"V21","row_id":"V21-R002","waste_id":null,"route_order":null,"reachable":false,"gap_length_m":2.675,"note":"missing_plant; missing plant 2.67 m; disconnected","kind":"missing_plant","tile":"siret3_r030_c021","source_target_id":"T-MSP-0685","priority":3,"route_role":"optional","skip_reason":"disconnected"},"geometry":{"type":"Point","coordinates":[28.7148472,47.1177979]}},{"type":"Feature","id":1001,"properties":{"target_id":"T1001","type":"missing","vineyard_id":"V21","row_id":"V21-R002","waste_id":null,"route_order":null,"reachable":false,"gap_length_m":4.075,"note":"missing_plant; missing plant 4.07 m; disconnected","kind":"missing_plant","tile":"siret3_r030_c021","source_target_id":"T-MSP-0686","priority":3,"route_role":"optional","skip_reason":"disconnected"},"geometry":{"type":"Point","coordinates":[28.7148172,47.1178281]}},{"type":"Feature","id":1002,"properties":{"target_id":"T1002","type":"missing","vineyard_id":"V21","row_id":"V21-R003","waste_id":null,"route_order":null,"reachable":false,"gap_length_m":2.85,"note":"missing_plant; missing plant 2.85 m; disconnected","kind":"missing_plant","tile":"siret3_r030_c021","source_target_id":"T-MSP-0687","priority":3,"route_role":"optional","skip_reason":"disconnected"},"geometry":{"type":"Point","coordinates":[28.7150815,47.1175143]}},{"type":"Feature","id":1003,"properties":{"target_id":"T1003","type":"missing","vineyard_id":"V21","row_id":"V21-R003","waste_id":null,"route_order":null,"reachable":false,"gap_length_m":2,"note":"missing_plant; missing plant 2.00 m; disconnected","kind":"missing_plant","tile":"siret3_r029_c021","source_target_id":"T-MSP-0688","priority":3,"route_role":"optional","skip_reason":"disconnected"},"geometry":{"type":"Point","coordinates":[28.7147138,47.1178846]}},{"type":"Feature","id":1004,"properties":{"target_id":"T1004","type":"missing","vineyard_id":"V21","row_id":"V21-R003","waste_id":null,"route_order":null,"reachable":false,"gap_length_m":2.8,"note":"missing_plant; missing plant 2.80 m; disconnected","kind":"missing_plant","tile":"siret3_r029_c021","source_target_id":"T-MSP-0689","priority":3,"route_role":"optional","skip_reason":"disconnected"},"geometry":{"type":"Point","coordinates":[28.7146574,47.1179414]}},{"type":"Feature","id":1005,"properties":{"target_id":"T1005","type":"missing","vineyard_id":"V21","row_id":"V21-R004","waste_id":null,"route_order":null,"reachable":false,"gap_length_m":4.525,"note":"missing_plant; missing plant 4.52 m; disconnected","kind":"missing_plant","tile":"siret3_r030_c021","source_target_id":"T-MSP-0690","priority":3,"route_role":"optional","skip_reason":"disconnected"},"geometry":{"type":"Point","coordinates":[28.7147993,47.1177537]}},{"type":"Feature","id":1006,"properties":{"target_id":"T1006","type":"missing","vineyard_id":"V21","row_id":"V21-R004","waste_id":null,"route_order":null,"reachable":false,"gap_length_m":2.325,"note":"missing_plant; missing plant 2.33 m; disconnected","kind":"missing_plant","tile":"siret3_r029_c021","source_target_id":"T-MSP-0691","priority":3,"route_role":"optional","skip_reason":"disconnected"},"geometry":{"type":"Point","coordinates":[28.7146873,47.1178667]}},{"type":"Feature","id":1007,"properties":{"target_id":"T1007","type":"missing","vineyard_id":"V21","row_id":"V21-R005","waste_id":null,"route_order":null,"reachable":false,"gap_length_m":4.15,"note":"missing_plant; missing plant 4.15 m; disconnected","kind":"missing_plant","tile":"siret3_r030_c021","source_target_id":"T-MSP-0692","priority":3,"route_role":"optional","skip_reason":"disconnected"},"geometry":{"type":"Point","coordinates":[28.7147919,47.1177121]}},{"type":"Feature","id":1008,"properties":{"target_id":"T1008","type":"missing","vineyard_id":"V22","row_id":"V22-R001","waste_id":null,"route_order":null,"reachable":false,"gap_length_m":3.025,"note":"missing_plant; missing plant 3.03 m; disconnected","kind":"missing_plant","tile":"siret3_r030_c016","source_target_id":"T-MSP-0693","priority":3,"route_role":"optional","skip_reason":"disconnected"},"geometry":{"type":"Point","coordinates":[28.7116034,47.1177368]}},{"type":"Feature","id":1009,"properties":{"target_id":"T1009","type":"missing","vineyard_id":"V23","row_id":"V23-R001","waste_id":null,"route_order":null,"reachable":false,"gap_length_m":3.825,"note":"missing_plant; missing plant 3.83 m; disconnected","kind":"missing_plant","tile":"siret3_r030_c017","source_target_id":"T-MSP-0694","priority":3,"route_role":"optional","skip_reason":"disconnected"},"geometry":{"type":"Point","coordinates":[28.7120966,47.1175899]}},{"type":"Feature","id":1010,"properties":{"target_id":"T1010","type":"missing","vineyard_id":"V23","row_id":"V23-R002","waste_id":null,"route_order":null,"reachable":false,"gap_length_m":2.1,"note":"missing_plant; missing plant 2.10 m; disconnected","kind":"missing_plant","tile":"siret3_r030_c017","source_target_id":"T-MSP-0695","priority":3,"route_role":"optional","skip_reason":"disconnected"},"geometry":{"type":"Point","coordinates":[28.7121618,47.1176064]}},{"type":"Feature","id":1011,"properties":{"target_id":"T1011","type":"missing","vineyard_id":"V24","row_id":"V24-R002","waste_id":null,"route_order":null,"reachable":true,"gap_length_m":2.375,"note":"missing_plant; missing plant 2.37 m; optional_detour","kind":"missing_plant","tile":"siret3_r031_c019","source_target_id":"T-MSP-0696","priority":3,"route_role":"optional","skip_reason":"optional_detour"},"geometry":{"type":"Point","coordinates":[28.7135566,47.1172893]}},{"type":"Feature","id":1012,"properties":{"target_id":"T1012","type":"missing","vineyard_id":"V24","row_id":"V24-R002","waste_id":null,"route_order":null,"reachable":true,"gap_length_m":4.7,"note":"missing_plant; missing plant 4.70 m; optional_detour","kind":"missing_plant","tile":"siret3_r031_c019","source_target_id":"T-MSP-0697","priority":3,"route_role":"optional","skip_reason":"optional_detour"},"geometry":{"type":"Point","coordinates":[28.7136828,47.1173844]}},{"type":"Feature","id":1013,"properties":{"target_id":"T1013","type":"missing","vineyard_id":"V24","row_id":"V24-R002","waste_id":null,"route_order":null,"reachable":true,"gap_length_m":4.3,"note":"missing_plant; missing plant 4.30 m; optional_detour","kind":"missing_plant","tile":"siret3_r030_c019","source_target_id":"T-MSP-0698","priority":3,"route_role":"optional","skip_reason":"optional_detour"},"geometry":{"type":"Point","coordinates":[28.7138417,47.1175097]}},{"type":"Feature","id":1014,"properties":{"target_id":"T1014","type":"missing","vineyard_id":"V24","row_id":"V24-R002","waste_id":null,"route_order":null,"reachable":true,"gap_length_m":2.25,"note":"missing_plant; missing plant 2.25 m; optional_detour","kind":"missing_plant","tile":"siret3_r030_c019","source_target_id":"T-MSP-0699","priority":3,"route_role":"optional","skip_reason":"optional_detour"},"geometry":{"type":"Point","coordinates":[28.7138852,47.1175442]}},{"type":"Feature","id":1015,"properties":{"target_id":"T1015","type":"missing","vineyard_id":"V24","row_id":"V24-R004","waste_id":null,"route_order":null,"reachable":true,"gap_length_m":3.2,"note":"missing_plant; missing plant 3.20 m; optional_detour","kind":"missing_plant","tile":"siret3_r031_c019","source_target_id":"T-MSP-0700","priority":3,"route_role":"optional","skip_reason":"optional_detour"},"geometry":{"type":"Point","coordinates":[28.7136725,47.1173091]}},{"type":"Feature","id":1016,"properties":{"target_id":"T1016","type":"missing","vineyard_id":"V24","row_id":"V24-R004","waste_id":null,"route_order":null,"reachable":true,"gap_length_m":3.1,"note":"missing_plant; missing plant 3.10 m; optional_detour","kind":"missing_plant","tile":"siret3_r031_c019","source_target_id":"T-MSP-0701","priority":3,"route_role":"optional","skip_reason":"optional_detour"},"geometry":{"type":"Point","coordinates":[28.7137391,47.1173601]}},{"type":"Feature","id":1017,"properties":{"target_id":"T1017","type":"missing","vineyard_id":"V24","row_id":"V24-R004","waste_id":null,"route_order":null,"reachable":true,"gap_length_m":2.275,"note":"missing_plant; missing plant 2.27 m; optional_detour","kind":"missing_plant","tile":"siret3_r031_c019","source_target_id":"T-MSP-0702","priority":3,"route_role":"optional","skip_reason":"optional_detour"},"geometry":{"type":"Point","coordinates":[28.7137704,47.117384]}},{"type":"Feature","id":1018,"properties":{"target_id":"T1018","type":"missing","vineyard_id":"V24","row_id":"V24-R005","waste_id":null,"route_order":null,"reachable":true,"gap_length_m":2.5,"note":"missing_plant; missing plant 2.50 m; optional_detour","kind":"missing_plant","tile":"siret3_r031_c019","source_target_id":"T-MSP-0703","priority":3,"route_role":"optional","skip_reason":"optional_detour"},"geometry":{"type":"Point","coordinates":[28.7136096,47.1172258]}},{"type":"Feature","id":1019,"properties":{"target_id":"T1019","type":"missing","vineyard_id":"V24","row_id":"V24-R005","waste_id":null,"route_order":null,"reachable":true,"gap_length_m":3,"note":"missing_plant; missing plant 3.00 m; optional_detour","kind":"missing_plant","tile":"siret3_r031_c019","source_target_id":"T-MSP-0704","priority":3,"route_role":"optional","skip_reason":"optional_detour"},"geometry":{"type":"Point","coordinates":[28.7136816,47.1172808]}},{"type":"Feature","id":1020,"properties":{"target_id":"T1020","type":"missing","vineyard_id":"V25","row_id":"V25-R001","waste_id":null,"route_order":null,"reachable":false,"gap_length_m":2.025,"note":"missing_plant; missing plant 2.03 m; disconnected","kind":"missing_plant","tile":"siret3_r031_c017","source_target_id":"T-MSP-0709","priority":3,"route_role":"optional","skip_reason":"disconnected"},"geometry":{"type":"Point","coordinates":[28.7122439,47.1171701]}},{"type":"Feature","id":1021,"properties":{"target_id":"T1021","type":"missing","vineyard_id":"V25","row_id":"V25-R001","waste_id":null,"route_order":null,"reachable":false,"gap_length_m":2.7,"note":"missing_plant; missing plant 2.70 m; disconnected","kind":"missing_plant","tile":"siret3_r031_c017","source_target_id":"T-MSP-0710","priority":3,"route_role":"optional","skip_reason":"disconnected"},"geometry":{"type":"Point","coordinates":[28.7122756,47.1171941]}},{"type":"Feature","id":1022,"properties":{"target_id":"T1022","type":"missing","vineyard_id":"V25","row_id":"V25-R001","waste_id":null,"route_order":null,"reachable":false,"gap_length_m":3.025,"note":"missing_plant; missing plant 3.03 m; disconnected","kind":"missing_plant","tile":"siret3_r031_c017","source_target_id":"T-MSP-0711","priority":3,"route_role":"optional","skip_reason":"disconnected"},"geometry":{"type":"Point","coordinates":[28.7123085,47.1172191]}},{"type":"Feature","id":1023,"properties":{"target_id":"T1023","type":"missing","vineyard_id":"V25","row_id":"V25-R001","waste_id":null,"route_order":null,"reachable":false,"gap_length_m":3.725,"note":"missing_plant; missing plant 3.72 m; disconnected","kind":"missing_plant","tile":"siret3_r031_c017","source_target_id":"T-MSP-0712","priority":3,"route_role":"optional","skip_reason":"disconnected"},"geometry":{"type":"Point","coordinates":[28.7124249,47.1173074]}},{"type":"Feature","id":1024,"properties":{"target_id":"T1024","type":"missing","vineyard_id":"V25","row_id":"V25-R001","waste_id":null,"route_order":null,"reachable":false,"gap_length_m":2.375,"note":"missing_plant; missing plant 2.38 m; disconnected","kind":"missing_plant","tile":"siret3_r031_c017","source_target_id":"T-MSP-0713","priority":3,"route_role":"optional","skip_reason":"disconnected"},"geometry":{"type":"Point","coordinates":[28.7125314,47.1173881]}},{"type":"Feature","id":1025,"properties":{"target_id":"T1025","type":"missing","vineyard_id":"V25","row_id":"V25-R002","waste_id":null,"route_order":null,"reachable":false,"gap_length_m":3.65,"note":"missing_plant; missing plant 3.65 m; disconnected","kind":"missing_plant","tile":"siret3_r031_c017","source_target_id":"T-MSP-0714","priority":3,"route_role":"optional","skip_reason":"disconnected"},"geometry":{"type":"Point","coordinates":[28.7122199,47.1171183]}},{"type":"Feature","id":1026,"properties":{"target_id":"T1026","type":"missing","vineyard_id":"V25","row_id":"V25-R002","waste_id":null,"route_order":null,"reachable":false,"gap_length_m":2.25,"note":"missing_plant; missing plant 2.25 m; disconnected","kind":"missing_plant","tile":"siret3_r031_c017","source_target_id":"T-MSP-0715","priority":3,"route_role":"optional","skip_reason":"disconnected"},"geometry":{"type":"Point","coordinates":[28.7122722,47.1171581]}},{"type":"Feature","id":1027,"properties":{"target_id":"T1027","type":"missing","vineyard_id":"V25","row_id":"V25-R002","waste_id":null,"route_order":null,"reachable":false,"gap_length_m":2.35,"note":"missing_plant; missing plant 2.35 m; disconnected","kind":"missing_plant","tile":"siret3_r031_c017","source_target_id":"T-MSP-0716","priority":3,"route_role":"optional","skip_reason":"disconnected"},"geometry":{"type":"Point","coordinates":[28.71242,47.1172707]}},{"type":"Feature","id":1028,"properties":{"target_id":"T1028","type":"missing","vineyard_id":"V25","row_id":"V25-R002","waste_id":null,"route_order":null,"reachable":false,"gap_length_m":2.1,"note":"missing_plant; missing plant 2.10 m; disconnected","kind":"missing_plant","tile":"siret3_r031_c017","source_target_id":"T-MSP-0717","priority":3,"route_role":"optional","skip_reason":"disconnected"},"geometry":{"type":"Point","coordinates":[28.7125309,47.1173551]}},{"type":"Feature","id":1029,"properties":{"target_id":"T1029","type":"missing","vineyard_id":"V25","row_id":"V25-R002","waste_id":null,"route_order":null,"reachable":false,"gap_length_m":4.925,"note":"missing_plant; missing plant 4.93 m; disconnected","kind":"missing_plant","tile":"siret3_r031_c017","source_target_id":"T-MSP-0718","priority":3,"route_role":"optional","skip_reason":"disconnected"},"geometry":{"type":"Point","coordinates":[28.7125754,47.1173899]}},{"type":"Feature","id":1030,"properties":{"target_id":"T1030","type":"missing","vineyard_id":"V25","row_id":"V25-R003","waste_id":null,"route_order":null,"reachable":false,"gap_length_m":4.675,"note":"missing_plant; missing plant 4.68 m; disconnected","kind":"missing_plant","tile":"siret3_r031_c017","source_target_id":"T-MSP-0719","priority":3,"route_role":"optional","skip_reason":"disconnected"},"geometry":{"type":"Point","coordinates":[28.7123346,47.117172]}},{"type":"Feature","id":1031,"properties":{"target_id":"T1031","type":"missing","vineyard_id":"V25","row_id":"V25-R003","waste_id":null,"route_order":null,"reachable":false,"gap_length_m":3.175,"note":"missing_plant; missing plant 3.18 m; disconnected","kind":"missing_plant","tile":"siret3_r031_c017","source_target_id":"T-MSP-0720","priority":3,"route_role":"optional","skip_reason":"disconnected"},"geometry":{"type":"Point","coordinates":[28.7123887,47.1172133]}},{"type":"Feature","id":1032,"properties":{"target_id":"T1032","type":"missing","vineyard_id":"V25","row_id":"V25-R003","waste_id":null,"route_order":null,"reachable":false,"gap_length_m":2.3,"note":"missing_plant; missing plant 2.30 m; disconnected","kind":"missing_plant","tile":"siret3_r031_c017","source_target_id":"T-MSP-0721","priority":3,"route_role":"optional","skip_reason":"disconnected"},"geometry":{"type":"Point","coordinates":[28.7124498,47.11726]}},{"type":"Feature","id":1033,"properties":{"target_id":"T1033","type":"missing","vineyard_id":"V25","row_id":"V25-R004","waste_id":null,"route_order":null,"reachable":false,"gap_length_m":3.85,"note":"missing_plant; missing plant 3.85 m; disconnected","kind":"missing_plant","tile":"siret3_r031_c017","source_target_id":"T-MSP-0722","priority":3,"route_role":"optional","skip_reason":"disconnected"},"geometry":{"type":"Point","coordinates":[28.7122572,47.1170785]}},{"type":"Feature","id":1034,"properties":{"target_id":"T1034","type":"missing","vineyard_id":"V25","row_id":"V25-R004","waste_id":null,"route_order":null,"reachable":false,"gap_length_m":2.85,"note":"missing_plant; missing plant 2.85 m; disconnected","kind":"missing_plant","tile":"siret3_r031_c017","source_target_id":"T-MSP-0723","priority":3,"route_role":"optional","skip_reason":"disconnected"},"geometry":{"type":"Point","coordinates":[28.7123169,47.1171241]}},{"type":"Feature","id":1035,"properties":{"target_id":"T1035","type":"missing","vineyard_id":"V25","row_id":"V25-R004","waste_id":null,"route_order":null,"reachable":false,"gap_length_m":2.2,"note":"missing_plant; missing plant 2.20 m; disconnected","kind":"missing_plant","tile":"siret3_r031_c017","source_target_id":"T-MSP-0724","priority":3,"route_role":"optional","skip_reason":"disconnected"},"geometry":{"type":"Point","coordinates":[28.712378,47.1171707]}},{"type":"Feature","id":1036,"properties":{"target_id":"T1036","type":"missing","vineyard_id":"V26","row_id":"V26-R004","waste_id":null,"route_order":null,"reachable":true,"gap_length_m":3.325,"note":"missing_plant; missing plant 3.33 m; optional_detour","kind":"missing_plant","tile":"siret3_r032_c018","source_target_id":"T-MSP-0725","priority":3,"route_role":"optional","skip_reason":"optional_detour"},"geometry":{"type":"Point","coordinates":[28.7127057,47.1167252]}},{"type":"Feature","id":1037,"properties":{"target_id":"T1037","type":"missing","vineyard_id":"V26","row_id":"V26-R004","waste_id":null,"route_order":null,"reachable":true,"gap_length_m":2.075,"note":"missing_plant; missing plant 2.08 m; truncated","kind":"missing_plant","tile":"siret3_r032_c018","source_target_id":"T-MSP-0726","priority":3,"route_role":"optional","skip_reason":"truncated"},"geometry":{"type":"Point","coordinates":[28.7128657,47.1168564]}},{"type":"Feature","id":1038,"properties":{"target_id":"T1038","type":"missing","vineyard_id":"V26","row_id":"V26-R004","waste_id":null,"route_order":null,"reachable":true,"gap_length_m":2.15,"note":"missing_plant; missing plant 2.15 m; optional_detour","kind":"missing_plant","tile":"siret3_r032_c018","source_target_id":"T-MSP-0727","priority":3,"route_role":"optional","skip_reason":"optional_detour"},"geometry":{"type":"Point","coordinates":[28.7129183,47.1168996]}},{"type":"Feature","id":1039,"properties":{"target_id":"T1039","type":"missing","vineyard_id":"V26","row_id":"V26-R005","waste_id":null,"route_order":null,"reachable":true,"gap_length_m":3.45,"note":"missing_plant; missing plant 3.45 m; optional_detour","kind":"missing_plant","tile":"siret3_r032_c018","source_target_id":"T-MSP-0728","priority":3,"route_role":"optional","skip_reason":"optional_detour"},"geometry":{"type":"Point","coordinates":[28.712774,47.1167485]}},{"type":"Feature","id":1040,"properties":{"target_id":"T1040","type":"missing","vineyard_id":"V26","row_id":"V26-R005","waste_id":null,"route_order":null,"reachable":true,"gap_length_m":2.675,"note":"missing_plant; missing plant 2.68 m; optional_detour","kind":"missing_plant","tile":"siret3_r032_c018","source_target_id":"T-MSP-0729","priority":3,"route_role":"optional","skip_reason":"optional_detour"},"geometry":{"type":"Point","coordinates":[28.7128392,47.1168009]}},{"type":"Feature","id":1041,"properties":{"target_id":"T1041","type":"missing","vineyard_id":"V26","row_id":"V26-R006","waste_id":null,"route_order":null,"reachable":true,"gap_length_m":2,"note":"missing_plant; missing plant 2.00 m; truncated","kind":"missing_plant","tile":"siret3_r032_c018","source_target_id":"T-MSP-0730","priority":3,"route_role":"optional","skip_reason":"truncated"},"geometry":{"type":"Point","coordinates":[28.7127384,47.1166855]}},{"type":"Feature","id":1042,"properties":{"target_id":"T1042","type":"missing","vineyard_id":"V26","row_id":"V26-R007","waste_id":null,"route_order":null,"reachable":true,"gap_length_m":2.425,"note":"missing_plant; missing plant 2.42 m; optional_detour","kind":"missing_plant","tile":"siret3_r032_c018","source_target_id":"T-MSP-0731","priority":3,"route_role":"optional","skip_reason":"optional_detour"},"geometry":{"type":"Point","coordinates":[28.7130183,47.1168723]}},{"type":"Feature","id":1043,"properties":{"target_id":"T1043","type":"missing","vineyard_id":"V27","row_id":"V27-R004","waste_id":null,"route_order":null,"reachable":true,"gap_length_m":2.35,"note":"missing_plant; missing plant 2.35 m; optional_detour","kind":"missing_plant","tile":"siret3_r032_c021","source_target_id":"T-MSP-0732","priority":3,"route_role":"optional","skip_reason":"optional_detour"},"geometry":{"type":"Point","coordinates":[28.7148987,47.1168139]}},{"type":"Feature","id":1044,"properties":{"target_id":"T1044","type":"missing","vineyard_id":"V27","row_id":"V27-R005","waste_id":null,"route_order":null,"reachable":true,"gap_length_m":2.25,"note":"missing_plant; missing plant 2.25 m; optional_detour","kind":"missing_plant","tile":"siret3_r032_c021","source_target_id":"T-MSP-0733","priority":3,"route_role":"optional","skip_reason":"optional_detour"},"geometry":{"type":"Point","coordinates":[28.7146691,47.1165844]}},{"type":"Feature","id":1045,"properties":{"target_id":"T1045","type":"missing","vineyard_id":"V27","row_id":"V27-R007","waste_id":null,"route_order":null,"reachable":true,"gap_length_m":2.85,"note":"missing_plant; missing plant 2.85 m; optional_detour","kind":"missing_plant","tile":"siret3_r032_c021","source_target_id":"T-MSP-0735","priority":3,"route_role":"optional","skip_reason":"optional_detour"},"geometry":{"type":"Point","coordinates":[28.7148137,47.1166354]}},{"type":"Feature","id":1046,"properties":{"target_id":"T1046","type":"missing","vineyard_id":"V27","row_id":"V27-R008","waste_id":null,"route_order":null,"reachable":true,"gap_length_m":3.275,"note":"missing_plant; missing plant 3.28 m; optional_detour","kind":"missing_plant","tile":"siret3_r032_c021","source_target_id":"T-MSP-0736","priority":3,"route_role":"optional","skip_reason":"optional_detour"},"geometry":{"type":"Point","coordinates":[28.7147647,47.1165572]}},{"type":"Feature","id":1047,"properties":{"target_id":"T1047","type":"missing","vineyard_id":"V28","row_id":"V28-R001","waste_id":null,"route_order":null,"reachable":false,"gap_length_m":2.7,"note":"missing_plant; missing plant 2.70 m; disconnected","kind":"missing_plant","tile":"siret3_r032_c021","source_target_id":"T-MSP-0737","priority":3,"route_role":"optional","skip_reason":"disconnected"},"geometry":{"type":"Point","coordinates":[28.715167,47.1167461]}},{"type":"Feature","id":1048,"properties":{"target_id":"T1048","type":"missing","vineyard_id":"V28","row_id":"V28-R002","waste_id":null,"route_order":null,"reachable":false,"gap_length_m":2.85,"note":"missing_plant; missing plant 2.85 m; disconnected","kind":"missing_plant","tile":"siret3_r032_c021","source_target_id":"T-MSP-0738","priority":3,"route_role":"optional","skip_reason":"disconnected"},"geometry":{"type":"Point","coordinates":[28.7151792,47.1167149]}},{"type":"Feature","id":1049,"properties":{"target_id":"T1049","type":"missing","vineyard_id":"V28","row_id":"V28-R003","waste_id":null,"route_order":null,"reachable":false,"gap_length_m":2.3,"note":"missing_plant; missing plant 2.30 m; disconnected","kind":"missing_plant","tile":"siret3_r032_c021","source_target_id":"T-MSP-0739","priority":3,"route_role":"optional","skip_reason":"disconnected"},"geometry":{"type":"Point","coordinates":[28.7151766,47.1166806]}},{"type":"Feature","id":1050,"properties":{"target_id":"T1050","type":"missing","vineyard_id":"V28","row_id":"V28-R009","waste_id":null,"route_order":null,"reachable":false,"gap_length_m":4.375,"note":"missing_plant; missing plant 4.38 m; too_far","kind":"missing_plant","tile":"siret3_r032_c021","source_target_id":"T-MSP-0740","priority":3,"route_role":"optional","skip_reason":"too_far"},"geometry":{"type":"Point","coordinates":[28.7151655,47.1165193]}},{"type":"Feature","id":1051,"properties":{"target_id":"T1051","type":"missing","vineyard_id":"V28","row_id":"V28-R020","waste_id":null,"route_order":null,"reachable":true,"gap_length_m":4.125,"note":"missing_plant; missing plant 4.12 m; optional_detour","kind":"missing_plant","tile":"siret3_r032_c022","source_target_id":"T-MSP-0745","priority":3,"route_role":"optional","skip_reason":"optional_detour"},"geometry":{"type":"Point","coordinates":[28.7156415,47.1165102]}},{"type":"Feature","id":1052,"properties":{"target_id":"T1052","type":"missing","vineyard_id":"V28","row_id":"V28-R021","waste_id":null,"route_order":null,"reachable":true,"gap_length_m":2.25,"note":"missing_plant; missing plant 2.25 m; optional_detour","kind":"missing_plant","tile":"siret3_r032_c022","source_target_id":"T-MSP-0747","priority":3,"route_role":"optional","skip_reason":"optional_detour"},"geometry":{"type":"Point","coordinates":[28.7156307,47.116459]}},{"type":"Feature","id":1053,"properties":{"target_id":"T1053","type":"missing","vineyard_id":"V29","row_id":"V29-R009","waste_id":null,"route_order":null,"reachable":true,"gap_length_m":2.075,"note":"missing_plant; missing plant 2.08 m; truncated","kind":"missing_plant","tile":"siret3_r033_c019","source_target_id":"T-MSP-0748","priority":3,"route_role":"optional","skip_reason":"truncated"},"geometry":{"type":"Point","coordinates":[28.7135005,47.1160348]}},{"type":"Feature","id":1054,"properties":{"target_id":"T1054","type":"missing","vineyard_id":"V30","row_id":"V30-R001","waste_id":null,"route_order":null,"reachable":false,"gap_length_m":3.925,"note":"missing_plant; missing plant 3.92 m; disconnected","kind":"missing_plant","tile":"siret3_r033_c022","source_target_id":"T-MSP-0749","priority":3,"route_role":"optional","skip_reason":"disconnected"},"geometry":{"type":"Point","coordinates":[28.7158176,47.1162663]}},{"type":"Feature","id":1055,"properties":{"target_id":"T1055","type":"missing","vineyard_id":"V30","row_id":"V30-R002","waste_id":null,"route_order":null,"reachable":false,"gap_length_m":2.55,"note":"missing_plant; missing plant 2.55 m; disconnected","kind":"missing_plant","tile":"siret3_r033_c022","source_target_id":"T-MSP-0750","priority":3,"route_role":"optional","skip_reason":"disconnected"},"geometry":{"type":"Point","coordinates":[28.715848,47.116238]}},{"type":"Feature","id":1056,"properties":{"target_id":"T1056","type":"missing","vineyard_id":"V30","row_id":"V30-R002","waste_id":null,"route_order":null,"reachable":false,"gap_length_m":3.65,"note":"missing_plant; missing plant 3.65 m; disconnected","kind":"missing_plant","tile":"siret3_r033_c022","source_target_id":"T-MSP-0751","priority":3,"route_role":"optional","skip_reason":"disconnected"},"geometry":{"type":"Point","coordinates":[28.7158965,47.1162745]}},{"type":"Feature","id":1057,"properties":{"target_id":"T1057","type":"missing","vineyard_id":"V31","row_id":"V31-R002","waste_id":null,"route_order":null,"reachable":false,"gap_length_m":4.05,"note":"missing_plant; missing plant 4.05 m; disconnected","kind":"missing_plant","tile":"siret3_r034_c026","source_target_id":"T-MSP-0752","priority":3,"route_role":"optional","skip_reason":"disconnected"},"geometry":{"type":"Point","coordinates":[28.7181726,47.1157298]}},{"type":"Feature","id":1058,"properties":{"target_id":"T1058","type":"missing","vineyard_id":"V32","row_id":"V32-R001","waste_id":null,"route_order":null,"reachable":false,"gap_length_m":2.3,"note":"missing_plant; missing plant 2.30 m; disconnected","kind":"missing_plant","tile":"siret3_r034_c025","source_target_id":"T-MSP-0753","priority":3,"route_role":"optional","skip_reason":"disconnected"},"geometry":{"type":"Point","coordinates":[28.7178512,47.1156127]}},{"type":"Feature","id":1059,"properties":{"target_id":"T1059","type":"missing","vineyard_id":"V33","row_id":"V33-R001","waste_id":null,"route_order":null,"reachable":false,"gap_length_m":3.5,"note":"missing_plant; missing plant 3.50 m; disconnected","kind":"missing_plant","tile":"siret3_r035_c020","source_target_id":"T-MSP-0754","priority":3,"route_role":"optional","skip_reason":"disconnected"},"geometry":{"type":"Point","coordinates":[28.7140169,47.1155303]}},{"type":"Feature","id":1060,"properties":{"target_id":"T1060","type":"missing","vineyard_id":"V35","row_id":"V35-R003","waste_id":null,"route_order":null,"reachable":false,"gap_length_m":2.775,"note":"missing_plant; missing plant 2.78 m; disconnected","kind":"missing_plant","tile":"siret3_r035_c022","source_target_id":"T-MSP-0755","priority":3,"route_role":"optional","skip_reason":"disconnected"},"geometry":{"type":"Point","coordinates":[28.7152835,47.1153545]}},{"type":"Feature","id":1061,"properties":{"target_id":"T1061","type":"missing","vineyard_id":"V35","row_id":"V35-R003","waste_id":null,"route_order":null,"reachable":false,"gap_length_m":3.475,"note":"missing_plant; missing plant 3.47 m; disconnected","kind":"missing_plant","tile":"siret3_r035_c022","source_target_id":"T-MSP-0756","priority":3,"route_role":"optional","skip_reason":"disconnected"},"geometry":{"type":"Point","coordinates":[28.7154137,47.1154623]}},{"type":"Feature","id":1062,"properties":{"target_id":"T1062","type":"missing","vineyard_id":"V35","row_id":"V35-R005","waste_id":null,"route_order":null,"reachable":false,"gap_length_m":2.9,"note":"missing_plant; missing plant 2.90 m; disconnected","kind":"missing_plant","tile":"siret3_r035_c022","source_target_id":"T-MSP-0757","priority":3,"route_role":"optional","skip_reason":"disconnected"},"geometry":{"type":"Point","coordinates":[28.7152888,47.115322]}},{"type":"Feature","id":1063,"properties":{"target_id":"T1063","type":"missing","vineyard_id":"V35","row_id":"V35-R006","waste_id":null,"route_order":null,"reachable":false,"gap_length_m":4.625,"note":"missing_plant; missing plant 4.62 m; disconnected","kind":"missing_plant","tile":"siret3_r035_c022","source_target_id":"T-MSP-0758","priority":3,"route_role":"optional","skip_reason":"disconnected"},"geometry":{"type":"Point","coordinates":[28.7153179,47.1153206]}},{"type":"Feature","id":1064,"properties":{"target_id":"T1064","type":"missing","vineyard_id":"V35","row_id":"V35-R007","waste_id":null,"route_order":null,"reachable":false,"gap_length_m":2.2,"note":"missing_plant; missing plant 2.20 m; disconnected","kind":"missing_plant","tile":"siret3_r035_c021","source_target_id":"T-MSP-0759","priority":3,"route_role":"optional","skip_reason":"disconnected"},"geometry":{"type":"Point","coordinates":[28.7151611,47.1151897]}},{"type":"Feature","id":1065,"properties":{"target_id":"T1065","type":"missing","vineyard_id":"V36","row_id":"V36-R001","waste_id":null,"route_order":null,"reachable":false,"gap_length_m":2.9,"note":"missing_plant; missing plant 2.90 m; disconnected","kind":"missing_plant","tile":"siret3_r035_c022","source_target_id":"T-MSP-0760","priority":3,"route_role":"optional","skip_reason":"disconnected"},"geometry":{"type":"Point","coordinates":[28.7153456,47.1151995]}},{"type":"Feature","id":1066,"properties":{"target_id":"T1066","type":"missing","vineyard_id":"V36","row_id":"V36-R001","waste_id":null,"route_order":null,"reachable":false,"gap_length_m":2.325,"note":"missing_plant; missing plant 2.33 m; disconnected","kind":"missing_plant","tile":"siret3_r035_c022","source_target_id":"T-MSP-0761","priority":3,"route_role":"optional","skip_reason":"disconnected"},"geometry":{"type":"Point","coordinates":[28.7154788,47.1153112]}},{"type":"Feature","id":1067,"properties":{"target_id":"T1067","type":"missing","vineyard_id":"V36","row_id":"V36-R002","waste_id":null,"route_order":null,"reachable":false,"gap_length_m":2.05,"note":"missing_plant; missing plant 2.05 m; disconnected","kind":"missing_plant","tile":"siret3_r035_c022","source_target_id":"T-MSP-0762","priority":3,"route_role":"optional","skip_reason":"disconnected"},"geometry":{"type":"Point","coordinates":[28.7153789,47.1151858]}},{"type":"Feature","id":1068,"properties":{"target_id":"T1068","type":"missing","vineyard_id":"V36","row_id":"V36-R002","waste_id":null,"route_order":null,"reachable":false,"gap_length_m":4.325,"note":"missing_plant; missing plant 4.33 m; disconnected","kind":"missing_plant","tile":"siret3_r035_c022","source_target_id":"T-MSP-0763","priority":3,"route_role":"optional","skip_reason":"disconnected"},"geometry":{"type":"Point","coordinates":[28.7157217,47.1154696]}},{"type":"Feature","id":1069,"properties":{"target_id":"T1069","type":"missing","vineyard_id":"V36","row_id":"V36-R003","waste_id":null,"route_order":null,"reachable":false,"gap_length_m":3.3,"note":"missing_plant; missing plant 3.30 m; disconnected","kind":"missing_plant","tile":"siret3_r035_c022","source_target_id":"T-MSP-0764","priority":3,"route_role":"optional","skip_reason":"disconnected"},"geometry":{"type":"Point","coordinates":[28.715481,47.1151966]}},{"type":"Feature","id":1070,"properties":{"target_id":"T1070","type":"missing","vineyard_id":"V37","row_id":"V37-R003","waste_id":null,"route_order":null,"reachable":false,"gap_length_m":4.925,"note":"missing_plant; missing plant 4.93 m; too_far","kind":"missing_plant","tile":"siret3_r035_c026","source_target_id":"T-MSP-0765","priority":3,"route_role":"optional","skip_reason":"too_far"},"geometry":{"type":"Point","coordinates":[28.7184019,47.1153108]}},{"type":"Feature","id":1071,"properties":{"target_id":"T1071","type":"missing","vineyard_id":"V37","row_id":"V37-R003","waste_id":null,"route_order":null,"reachable":false,"gap_length_m":2.425,"note":"missing_plant; missing plant 2.43 m; disconnected","kind":"missing_plant","tile":"siret3_r035_c026","source_target_id":"T-MSP-0766","priority":3,"route_role":"optional","skip_reason":"disconnected"},"geometry":{"type":"Point","coordinates":[28.7183635,47.1153423]}},{"type":"Feature","id":1072,"properties":{"target_id":"T1072","type":"missing","vineyard_id":"V37","row_id":"V37-R003","waste_id":null,"route_order":null,"reachable":false,"gap_length_m":3.15,"note":"missing_plant; missing plant 3.15 m; disconnected","kind":"missing_plant","tile":"siret3_r035_c026","source_target_id":"T-MSP-0767","priority":3,"route_role":"optional","skip_reason":"disconnected"},"geometry":{"type":"Point","coordinates":[28.7183288,47.1153707]}},{"type":"Feature","id":1073,"properties":{"target_id":"T1073","type":"missing","vineyard_id":"V37","row_id":"V37-R003","waste_id":null,"route_order":null,"reachable":false,"gap_length_m":3.625,"note":"missing_plant; missing plant 3.63 m; disconnected","kind":"missing_plant","tile":"siret3_r035_c026","source_target_id":"T-MSP-0768","priority":3,"route_role":"optional","skip_reason":"disconnected"},"geometry":{"type":"Point","coordinates":[28.718272,47.1154173]}},{"type":"Feature","id":1074,"properties":{"target_id":"T1074","type":"missing","vineyard_id":"V37","row_id":"V37-R005","waste_id":null,"route_order":null,"reachable":false,"gap_length_m":2,"note":"missing_plant; missing plant 2.00 m; disconnected","kind":"missing_plant","tile":"siret3_r035_c026","source_target_id":"T-MSP-0769","priority":3,"route_role":"optional","skip_reason":"disconnected"},"geometry":{"type":"Point","coordinates":[28.7182956,47.1153585]}},{"type":"Feature","id":1075,"properties":{"target_id":"T1075","type":"missing","vineyard_id":"V37","row_id":"V37-R005","waste_id":null,"route_order":null,"reachable":false,"gap_length_m":2.275,"note":"missing_plant; missing plant 2.28 m; disconnected","kind":"missing_plant","tile":"siret3_r035_c026","source_target_id":"T-MSP-0770","priority":3,"route_role":"optional","skip_reason":"disconnected"},"geometry":{"type":"Point","coordinates":[28.7181765,47.115456]}},{"type":"Feature","id":1076,"properties":{"target_id":"T1076","type":"missing","vineyard_id":"V37","row_id":"V37-R006","waste_id":null,"route_order":null,"reachable":false,"gap_length_m":2.65,"note":"missing_plant; missing plant 2.65 m; disconnected","kind":"missing_plant","tile":"siret3_r035_c026","source_target_id":"T-MSP-0771","priority":3,"route_role":"optional","skip_reason":"disconnected"},"geometry":{"type":"Point","coordinates":[28.7184209,47.1152141]}},{"type":"Feature","id":1077,"properties":{"target_id":"T1077","type":"missing","vineyard_id":"V37","row_id":"V37-R006","waste_id":null,"route_order":null,"reachable":false,"gap_length_m":2.4,"note":"missing_plant; missing plant 2.40 m; disconnected","kind":"missing_plant","tile":"siret3_r035_c026","source_target_id":"T-MSP-0772","priority":3,"route_role":"optional","skip_reason":"disconnected"},"geometry":{"type":"Point","coordinates":[28.7182032,47.1153948]}},{"type":"Feature","id":1078,"properties":{"target_id":"T1078","type":"missing","vineyard_id":"V37","row_id":"V37-R006","waste_id":null,"route_order":null,"reachable":false,"gap_length_m":2.05,"note":"missing_plant; missing plant 2.05 m; disconnected","kind":"missing_plant","tile":"siret3_r035_c026","source_target_id":"T-MSP-0773","priority":3,"route_role":"optional","skip_reason":"disconnected"},"geometry":{"type":"Point","coordinates":[28.7181272,47.1154578]}},{"type":"Feature","id":1079,"properties":{"target_id":"T1079","type":"missing","vineyard_id":"V37","row_id":"V37-R007","waste_id":null,"route_order":null,"reachable":false,"gap_length_m":2.45,"note":"missing_plant; missing plant 2.45 m; disconnected","kind":"missing_plant","tile":"siret3_r035_c026","source_target_id":"T-MSP-0774","priority":3,"route_role":"optional","skip_reason":"disconnected"},"geometry":{"type":"Point","coordinates":[28.7185036,47.1151079]}},{"type":"Feature","id":1080,"properties":{"target_id":"T1080","type":"missing","vineyard_id":"V37","row_id":"V37-R007","waste_id":null,"route_order":null,"reachable":false,"gap_length_m":3.3,"note":"missing_plant; missing plant 3.30 m; disconnected","kind":"missing_plant","tile":"siret3_r035_c026","source_target_id":"T-MSP-0775","priority":3,"route_role":"optional","skip_reason":"disconnected"},"geometry":{"type":"Point","coordinates":[28.7183213,47.1152586]}},{"type":"Feature","id":1081,"properties":{"target_id":"T1081","type":"missing","vineyard_id":"V37","row_id":"V37-R007","waste_id":null,"route_order":null,"reachable":false,"gap_length_m":3.025,"note":"missing_plant; missing plant 3.02 m; disconnected","kind":"missing_plant","tile":"siret3_r035_c026","source_target_id":"T-MSP-0776","priority":3,"route_role":"optional","skip_reason":"disconnected"},"geometry":{"type":"Point","coordinates":[28.7182756,47.1152963]}},{"type":"Feature","id":1082,"properties":{"target_id":"T1082","type":"missing","vineyard_id":"V37","row_id":"V37-R007","waste_id":null,"route_order":null,"reachable":false,"gap_length_m":3.1,"note":"missing_plant; missing plant 3.10 m; disconnected","kind":"missing_plant","tile":"siret3_r035_c026","source_target_id":"T-MSP-0777","priority":3,"route_role":"optional","skip_reason":"disconnected"},"geometry":{"type":"Point","coordinates":[28.7182441,47.1153224]}},{"type":"Feature","id":1083,"properties":{"target_id":"T1083","type":"missing","vineyard_id":"V37","row_id":"V37-R008","waste_id":null,"route_order":null,"reachable":false,"gap_length_m":3.3,"note":"missing_plant; missing plant 3.30 m; disconnected","kind":"missing_plant","tile":"siret3_r035_c026","source_target_id":"T-MSP-0778","priority":3,"route_role":"optional","skip_reason":"disconnected"},"geometry":{"type":"Point","coordinates":[28.7182593,47.1152722]}},{"type":"Feature","id":1084,"properties":{"target_id":"T1084","type":"missing","vineyard_id":"V37","row_id":"V37-R008","waste_id":null,"route_order":null,"reachable":false,"gap_length_m":2.5,"note":"missing_plant; missing plant 2.50 m; disconnected","kind":"missing_plant","tile":"siret3_r035_c026","source_target_id":"T-MSP-0779","priority":3,"route_role":"optional","skip_reason":"disconnected"},"geometry":{"type":"Point","coordinates":[28.7182241,47.1153011]}},{"type":"Feature","id":1085,"properties":{"target_id":"T1085","type":"missing","vineyard_id":"V37","row_id":"V37-R008","waste_id":null,"route_order":null,"reachable":false,"gap_length_m":4.65,"note":"missing_plant; missing plant 4.65 m; disconnected","kind":"missing_plant","tile":"siret3_r035_c026","source_target_id":"T-MSP-0780","priority":3,"route_role":"optional","skip_reason":"disconnected"},"geometry":{"type":"Point","coordinates":[28.7180696,47.1154281]}},{"type":"Feature","id":1086,"properties":{"target_id":"T1086","type":"missing","vineyard_id":"V37","row_id":"V37-R009","waste_id":null,"route_order":null,"reachable":false,"gap_length_m":2.075,"note":"missing_plant; missing plant 2.08 m; disconnected","kind":"missing_plant","tile":"siret3_r035_c026","source_target_id":"T-MSP-0781","priority":3,"route_role":"optional","skip_reason":"disconnected"},"geometry":{"type":"Point","coordinates":[28.7180927,47.1153705]}},{"type":"Feature","id":1087,"properties":{"target_id":"T1087","type":"missing","vineyard_id":"V37","row_id":"V37-R010","waste_id":null,"route_order":null,"reachable":false,"gap_length_m":2.225,"note":"missing_plant; missing plant 2.23 m; disconnected","kind":"missing_plant","tile":"siret3_r035_c026","source_target_id":"T-MSP-0782","priority":3,"route_role":"optional","skip_reason":"disconnected"},"geometry":{"type":"Point","coordinates":[28.7181456,47.1152912]}},{"type":"Feature","id":1088,"properties":{"target_id":"T1088","type":"missing","vineyard_id":"V37","row_id":"V37-R010","waste_id":null,"route_order":null,"reachable":false,"gap_length_m":4.175,"note":"missing_plant; missing plant 4.18 m; disconnected","kind":"missing_plant","tile":"siret3_r035_c026","source_target_id":"T-MSP-0783","priority":3,"route_role":"optional","skip_reason":"disconnected"},"geometry":{"type":"Point","coordinates":[28.7180965,47.1153315]}},{"type":"Feature","id":1089,"properties":{"target_id":"T1089","type":"missing","vineyard_id":"V37","row_id":"V37-R010","waste_id":null,"route_order":null,"reachable":false,"gap_length_m":3.65,"note":"missing_plant; missing plant 3.65 m; disconnected","kind":"missing_plant","tile":"siret3_r035_c026","source_target_id":"T-MSP-0784","priority":3,"route_role":"optional","skip_reason":"disconnected"},"geometry":{"type":"Point","coordinates":[28.7180577,47.1153635]}},{"type":"Feature","id":1090,"properties":{"target_id":"T1090","type":"missing","vineyard_id":"V37","row_id":"V37-R010","waste_id":null,"route_order":null,"reachable":false,"gap_length_m":2.925,"note":"missing_plant; missing plant 2.92 m; disconnected","kind":"missing_plant","tile":"siret3_r035_c026","source_target_id":"T-MSP-0785","priority":3,"route_role":"optional","skip_reason":"disconnected"},"geometry":{"type":"Point","coordinates":[28.7180225,47.1153924]}},{"type":"Feature","id":1091,"properties":{"target_id":"T1091","type":"missing","vineyard_id":"V38","row_id":"V38-R003","waste_id":null,"route_order":null,"reachable":false,"gap_length_m":2.95,"note":"missing_plant; missing plant 2.95 m; disconnected","kind":"missing_plant","tile":"siret3_r035_c022","source_target_id":"T-MSP-0786","priority":3,"route_role":"optional","skip_reason":"disconnected"},"geometry":{"type":"Point","coordinates":[28.7156065,47.1151983]}},{"type":"Feature","id":1092,"properties":{"target_id":"T1092","type":"missing","vineyard_id":"V38","row_id":"V38-R003","waste_id":null,"route_order":null,"reachable":false,"gap_length_m":2.125,"note":"missing_plant; missing plant 2.12 m; disconnected","kind":"missing_plant","tile":"siret3_r035_c022","source_target_id":"T-MSP-0787","priority":3,"route_role":"optional","skip_reason":"disconnected"},"geometry":{"type":"Point","coordinates":[28.7156804,47.1152591]}},{"type":"Feature","id":1093,"properties":{"target_id":"T1093","type":"missing","vineyard_id":"V38","row_id":"V38-R003","waste_id":null,"route_order":null,"reachable":false,"gap_length_m":3.175,"note":"missing_plant; missing plant 3.17 m; disconnected","kind":"missing_plant","tile":"siret3_r035_c022","source_target_id":"T-MSP-0788","priority":3,"route_role":"optional","skip_reason":"disconnected"},"geometry":{"type":"Point","coordinates":[28.7157737,47.1153361]}},{"type":"Feature","id":1094,"properties":{"target_id":"T1094","type":"missing","vineyard_id":"V38","row_id":"V38-R004","waste_id":null,"route_order":null,"reachable":false,"gap_length_m":3.6,"note":"missing_plant; missing plant 3.60 m; disconnected","kind":"missing_plant","tile":"siret3_r035_c022","source_target_id":"T-MSP-0789","priority":3,"route_role":"optional","skip_reason":"disconnected"},"geometry":{"type":"Point","coordinates":[28.7157362,47.1152717]}},{"type":"Feature","id":1095,"properties":{"target_id":"T1095","type":"missing","vineyard_id":"V38","row_id":"V38-R004","waste_id":null,"route_order":null,"reachable":false,"gap_length_m":4,"note":"missing_plant; missing plant 4.00 m; disconnected","kind":"missing_plant","tile":"siret3_r035_c022","source_target_id":"T-MSP-0790","priority":3,"route_role":"optional","skip_reason":"disconnected"},"geometry":{"type":"Point","coordinates":[28.7157898,47.1153162]}},{"type":"Feature","id":1096,"properties":{"target_id":"T1096","type":"missing","vineyard_id":"V38","row_id":"V38-R004","waste_id":null,"route_order":null,"reachable":false,"gap_length_m":2.925,"note":"missing_plant; missing plant 2.93 m; disconnected","kind":"missing_plant","tile":"siret3_r035_c022","source_target_id":"T-MSP-0791","priority":3,"route_role":"optional","skip_reason":"disconnected"},"geometry":{"type":"Point","coordinates":[28.7158887,47.1153983]}},{"type":"Feature","id":1097,"properties":{"target_id":"T1097","type":"missing","vineyard_id":"V38","row_id":"V38-R005","waste_id":null,"route_order":null,"reachable":false,"gap_length_m":4.925,"note":"missing_plant; missing plant 4.93 m; disconnected","kind":"missing_plant","tile":"siret3_r035_c022","source_target_id":"T-MSP-0792","priority":3,"route_role":"optional","skip_reason":"disconnected"},"geometry":{"type":"Point","coordinates":[28.7156303,47.1151485]}},{"type":"Feature","id":1098,"properties":{"target_id":"T1098","type":"missing","vineyard_id":"V38","row_id":"V38-R005","waste_id":null,"route_order":null,"reachable":false,"gap_length_m":3.9,"note":"missing_plant; missing plant 3.90 m; disconnected","kind":"missing_plant","tile":"siret3_r035_c022","source_target_id":"T-MSP-0793","priority":3,"route_role":"optional","skip_reason":"disconnected"},"geometry":{"type":"Point","coordinates":[28.7156894,47.1151984]}},{"type":"Feature","id":1099,"properties":{"target_id":"T1099","type":"missing","vineyard_id":"V38","row_id":"V38-R005","waste_id":null,"route_order":null,"reachable":false,"gap_length_m":4.725,"note":"missing_plant; missing plant 4.73 m; disconnected","kind":"missing_plant","tile":"siret3_r035_c022","source_target_id":"T-MSP-0794","priority":3,"route_role":"optional","skip_reason":"disconnected"},"geometry":{"type":"Point","coordinates":[28.715757,47.1152556]}},{"type":"Feature","id":1100,"properties":{"target_id":"T1100","type":"missing","vineyard_id":"V38","row_id":"V38-R005","waste_id":null,"route_order":null,"reachable":false,"gap_length_m":3.975,"note":"missing_plant; missing plant 3.98 m; disconnected","kind":"missing_plant","tile":"siret3_r035_c023","source_target_id":"T-MSP-0795","priority":3,"route_role":"optional","skip_reason":"disconnected"},"geometry":{"type":"Point","coordinates":[28.7159272,47.1153994]}},{"type":"Feature","id":1101,"properties":{"target_id":"T1101","type":"missing","vineyard_id":"V38","row_id":"V38-R007","waste_id":null,"route_order":null,"reachable":false,"gap_length_m":4.75,"note":"missing_plant; missing plant 4.75 m; disconnected","kind":"missing_plant","tile":"siret3_r035_c022","source_target_id":"T-MSP-0796","priority":3,"route_role":"optional","skip_reason":"disconnected"},"geometry":{"type":"Point","coordinates":[28.7156598,47.1150966]}},{"type":"Feature","id":1102,"properties":{"target_id":"T1102","type":"missing","vineyard_id":"V39","row_id":"V39-R002","waste_id":null,"route_order":null,"reachable":false,"gap_length_m":2.05,"note":"missing_plant; missing plant 2.05 m; disconnected","kind":"missing_plant","tile":"siret3_r035_c022","source_target_id":"T-MSP-0797","priority":3,"route_role":"optional","skip_reason":"disconnected"},"geometry":{"type":"Point","coordinates":[28.7158047,47.1151148]}},{"type":"Feature","id":1103,"properties":{"target_id":"T1103","type":"missing","vineyard_id":"V40","row_id":"V40-R002","waste_id":null,"route_order":null,"reachable":false,"gap_length_m":3.225,"note":"missing_plant; missing plant 3.23 m; disconnected","kind":"missing_plant","tile":"siret3_r036_c026","source_target_id":"T-MSP-0798","priority":3,"route_role":"optional","skip_reason":"disconnected"},"geometry":{"type":"Point","coordinates":[28.7183011,47.1146275]}},{"type":"Feature","id":1104,"properties":{"target_id":"T1104","type":"missing","vineyard_id":"V41","row_id":"V41-R001","waste_id":null,"route_order":null,"reachable":false,"gap_length_m":4.975,"note":"missing_plant; missing plant 4.98 m; disconnected","kind":"missing_plant","tile":"siret3_r036_c023","source_target_id":"T-MSP-0799","priority":3,"route_role":"optional","skip_reason":"disconnected"},"geometry":{"type":"Point","coordinates":[28.7163866,47.1147406]}},{"type":"Feature","id":1105,"properties":{"target_id":"T1105","type":"missing","vineyard_id":"V41","row_id":"V41-R001","waste_id":null,"route_order":null,"reachable":false,"gap_length_m":2.775,"note":"missing_plant; missing plant 2.77 m; disconnected","kind":"missing_plant","tile":"siret3_r036_c023","source_target_id":"T-MSP-0800","priority":3,"route_role":"optional","skip_reason":"disconnected"},"geometry":{"type":"Point","coordinates":[28.7164596,47.1148165]}},{"type":"Feature","id":1106,"properties":{"target_id":"T1106","type":"missing","vineyard_id":"V41","row_id":"V41-R001","waste_id":null,"route_order":null,"reachable":false,"gap_length_m":4.425,"note":"missing_plant; missing plant 4.42 m; disconnected","kind":"missing_plant","tile":"siret3_r036_c023","source_target_id":"T-MSP-0801","priority":3,"route_role":"optional","skip_reason":"disconnected"},"geometry":{"type":"Point","coordinates":[28.7165145,47.1148737]}},{"type":"Feature","id":1107,"properties":{"target_id":"T1107","type":"missing","vineyard_id":"V41","row_id":"V41-R002","waste_id":null,"route_order":null,"reachable":false,"gap_length_m":3.025,"note":"missing_plant; missing plant 3.03 m; disconnected","kind":"missing_plant","tile":"siret3_r036_c023","source_target_id":"T-MSP-0802","priority":3,"route_role":"optional","skip_reason":"disconnected"},"geometry":{"type":"Point","coordinates":[28.7163852,47.1146954]}},{"type":"Feature","id":1108,"properties":{"target_id":"T1108","type":"missing","vineyard_id":"V41","row_id":"V41-R002","waste_id":null,"route_order":null,"reachable":false,"gap_length_m":4.825,"note":"missing_plant; missing plant 4.82 m; disconnected","kind":"missing_plant","tile":"siret3_r036_c023","source_target_id":"T-MSP-0803","priority":3,"route_role":"optional","skip_reason":"disconnected"},"geometry":{"type":"Point","coordinates":[28.7164231,47.114735]}},{"type":"Feature","id":1109,"properties":{"target_id":"T1109","type":"missing","vineyard_id":"V41","row_id":"V41-R002","waste_id":null,"route_order":null,"reachable":false,"gap_length_m":2.075,"note":"missing_plant; missing plant 2.07 m; disconnected","kind":"missing_plant","tile":"siret3_r036_c023","source_target_id":"T-MSP-0804","priority":3,"route_role":"optional","skip_reason":"disconnected"},"geometry":{"type":"Point","coordinates":[28.7164523,47.1147655]}},{"type":"Feature","id":1110,"properties":{"target_id":"T1110","type":"missing","vineyard_id":"V41","row_id":"V41-R005","waste_id":null,"route_order":null,"reachable":false,"gap_length_m":2.05,"note":"missing_plant; missing plant 2.05 m; disconnected","kind":"missing_plant","tile":"siret3_r036_c024","source_target_id":"T-MSP-0805","priority":3,"route_role":"optional","skip_reason":"disconnected"},"geometry":{"type":"Point","coordinates":[28.7166016,47.1147879]}},{"type":"Feature","id":1111,"properties":{"target_id":"T1111","type":"missing","vineyard_id":"V41","row_id":"V41-R005","waste_id":null,"route_order":null,"reachable":false,"gap_length_m":4.2,"note":"missing_plant; missing plant 4.20 m; disconnected","kind":"missing_plant","tile":"siret3_r036_c024","source_target_id":"T-MSP-0806","priority":3,"route_role":"optional","skip_reason":"disconnected"},"geometry":{"type":"Point","coordinates":[28.7166314,47.114819]}},{"type":"Feature","id":1112,"properties":{"target_id":"T1112","type":"missing","vineyard_id":"V41","row_id":"V41-R009","waste_id":null,"route_order":null,"reachable":false,"gap_length_m":2.925,"note":"missing_plant; missing plant 2.92 m; disconnected","kind":"missing_plant","tile":"siret3_r036_c024","source_target_id":"T-MSP-0807","priority":3,"route_role":"optional","skip_reason":"disconnected"},"geometry":{"type":"Point","coordinates":[28.7166128,47.1146529]}},{"type":"Feature","id":1113,"properties":{"target_id":"T1113","type":"missing","vineyard_id":"V41","row_id":"V41-R009","waste_id":null,"route_order":null,"reachable":false,"gap_length_m":2,"note":"missing_plant; missing plant 2.00 m; too_far","kind":"missing_plant","tile":"siret3_r036_c024","source_target_id":"T-MSP-0808","priority":3,"route_role":"optional","skip_reason":"too_far"},"geometry":{"type":"Point","coordinates":[28.7167214,47.1147639]}},{"type":"Feature","id":1114,"properties":{"target_id":"T1114","type":"missing","vineyard_id":"V41","row_id":"V41-R009","waste_id":null,"route_order":null,"reachable":false,"gap_length_m":3.075,"note":"missing_plant; missing plant 3.07 m; too_far","kind":"missing_plant","tile":"siret3_r036_c024","source_target_id":"T-MSP-0809","priority":3,"route_role":"optional","skip_reason":"too_far"},"geometry":{"type":"Point","coordinates":[28.7168024,47.1148467]}},{"type":"Feature","id":1115,"properties":{"target_id":"T1115","type":"missing","vineyard_id":"V41","row_id":"V41-R011","waste_id":null,"route_order":null,"reachable":true,"gap_length_m":2.05,"note":"missing_plant; missing plant 2.05 m; truncated","kind":"missing_plant","tile":"siret3_r036_c024","source_target_id":"T-MSP-0810","priority":3,"route_role":"optional","skip_reason":"truncated"},"geometry":{"type":"Point","coordinates":[28.7168363,47.1148344]}},{"type":"Feature","id":1116,"properties":{"target_id":"T1116","type":"missing","vineyard_id":"V41","row_id":"V41-R012","waste_id":null,"route_order":null,"reachable":true,"gap_length_m":2.6,"note":"missing_plant; missing plant 2.60 m","kind":"missing_plant","tile":"siret3_r035_c025","source_target_id":"T-MSP-0811","priority":3,"route_role":"optional","skip_reason":"not_covered"},"geometry":{"type":"Point","coordinates":[28.717328,47.115322]}},{"type":"Feature","id":1117,"properties":{"target_id":"T1117","type":"missing","vineyard_id":"V41","row_id":"V41-R013","waste_id":null,"route_order":null,"reachable":true,"gap_length_m":2,"note":"missing_plant; missing plant 2.00 m; truncated","kind":"missing_plant","tile":"siret3_r036_c024","source_target_id":"T-MSP-0813","priority":3,"route_role":"optional","skip_reason":"truncated"},"geometry":{"type":"Point","coordinates":[28.716848,47.1147979]}},{"type":"Feature","id":1118,"properties":{"target_id":"T1118","type":"missing","vineyard_id":"V41","row_id":"V41-R014","waste_id":null,"route_order":null,"reachable":true,"gap_length_m":2.2,"note":"missing_plant; missing plant 2.20 m; optional_detour","kind":"missing_plant","tile":"siret3_r037_c024","source_target_id":"T-MSP-0814","priority":3,"route_role":"optional","skip_reason":"optional_detour"},"geometry":{"type":"Point","coordinates":[28.7166091,47.1145551]}},{"type":"Feature","id":1119,"properties":{"target_id":"T1119","type":"missing","vineyard_id":"V41","row_id":"V41-R020","waste_id":null,"route_order":null,"reachable":false,"gap_length_m":2.125,"note":"missing_plant; missing plant 2.12 m; too_far","kind":"missing_plant","tile":"siret3_r035_c025","source_target_id":"T-MSP-0820","priority":3,"route_role":"optional","skip_reason":"too_far"},"geometry":{"type":"Point","coordinates":[28.7176663,47.1154661]}},{"type":"Feature","id":1120,"properties":{"target_id":"T1120","type":"missing","vineyard_id":"V41","row_id":"V41-R023","waste_id":null,"route_order":null,"reachable":true,"gap_length_m":2.25,"note":"missing_plant; missing plant 2.25 m; optional_detour","kind":"missing_plant","tile":"siret3_r036_c024","source_target_id":"T-MSP-0822","priority":3,"route_role":"optional","skip_reason":"optional_detour"},"geometry":{"type":"Point","coordinates":[28.7168726,47.114649]}},{"type":"Feature","id":1121,"properties":{"target_id":"T1121","type":"missing","vineyard_id":"V41","row_id":"V41-R023","waste_id":null,"route_order":null,"reachable":false,"gap_length_m":2.425,"note":"missing_plant; missing plant 2.43 m; too_far","kind":"missing_plant","tile":"siret3_r036_c024","source_target_id":"T-MSP-0823","priority":3,"route_role":"optional","skip_reason":"too_far"},"geometry":{"type":"Point","coordinates":[28.7169583,47.1147353]}},{"type":"Feature","id":1122,"properties":{"target_id":"T1122","type":"missing","vineyard_id":"V41","row_id":"V41-R042","waste_id":null,"route_order":null,"reachable":false,"gap_length_m":4.175,"note":"missing_plant; missing plant 4.18 m; too_far","kind":"missing_plant","tile":"siret3_r036_c024","source_target_id":"T-MSP-0842","priority":3,"route_role":"optional","skip_reason":"too_far"},"geometry":{"type":"Point","coordinates":[28.7171159,47.1145992]}},{"type":"Feature","id":1123,"properties":{"target_id":"T1123","type":"missing","vineyard_id":"V41","row_id":"V41-R042","waste_id":null,"route_order":null,"reachable":false,"gap_length_m":2.05,"note":"missing_plant; missing plant 2.05 m; too_far","kind":"missing_plant","tile":"siret3_r036_c024","source_target_id":"T-MSP-0843","priority":3,"route_role":"optional","skip_reason":"too_far"},"geometry":{"type":"Point","coordinates":[28.7171797,47.1146649]}},{"type":"Feature","id":1124,"properties":{"target_id":"T1124","type":"missing","vineyard_id":"V41","row_id":"V41-R043","waste_id":null,"route_order":null,"reachable":false,"gap_length_m":2.075,"note":"missing_plant; missing plant 2.07 m; disconnected","kind":"missing_plant","tile":"siret3_r035_c025","source_target_id":"T-MSP-0844","priority":3,"route_role":"optional","skip_reason":"disconnected"},"geometry":{"type":"Point","coordinates":[28.7177763,47.1152444]}},{"type":"Feature","id":1125,"properties":{"target_id":"T1125","type":"missing","vineyard_id":"V41","row_id":"V41-R044","waste_id":null,"route_order":null,"reachable":false,"gap_length_m":2.05,"note":"missing_plant; missing plant 2.05 m; too_far","kind":"missing_plant","tile":"siret3_r035_c025","source_target_id":"T-MSP-0845","priority":3,"route_role":"optional","skip_reason":"too_far"},"geometry":{"type":"Point","coordinates":[28.7176748,47.1151082]}},{"type":"Feature","id":1126,"properties":{"target_id":"T1126","type":"missing","vineyard_id":"V41","row_id":"V41-R045","waste_id":null,"route_order":null,"reachable":false,"gap_length_m":3.375,"note":"missing_plant; missing plant 3.38 m; disconnected","kind":"missing_plant","tile":"siret3_r035_c025","source_target_id":"T-MSP-0846","priority":3,"route_role":"optional","skip_reason":"disconnected"},"geometry":{"type":"Point","coordinates":[28.717746,47.1151379]}},{"type":"Feature","id":1127,"properties":{"target_id":"T1127","type":"missing","vineyard_id":"V41","row_id":"V41-R046","waste_id":null,"route_order":null,"reachable":false,"gap_length_m":3.65,"note":"missing_plant; missing plant 3.65 m; disconnected","kind":"missing_plant","tile":"siret3_r036_c025","source_target_id":"T-MSP-0847","priority":3,"route_role":"optional","skip_reason":"disconnected"},"geometry":{"type":"Point","coordinates":[28.7174229,47.1147702]}},{"type":"Feature","id":1128,"properties":{"target_id":"T1128","type":"missing","vineyard_id":"V41","row_id":"V41-R046","waste_id":null,"route_order":null,"reachable":false,"gap_length_m":3.55,"note":"missing_plant; missing plant 3.55 m; disconnected","kind":"missing_plant","tile":"siret3_r035_c025","source_target_id":"T-MSP-0848","priority":3,"route_role":"optional","skip_reason":"disconnected"},"geometry":{"type":"Point","coordinates":[28.7178084,47.115163]}},{"type":"Feature","id":1129,"properties":{"target_id":"T1129","type":"missing","vineyard_id":"V41","row_id":"V41-R047","waste_id":null,"route_order":null,"reachable":false,"gap_length_m":2.375,"note":"missing_plant; missing plant 2.38 m; disconnected","kind":"missing_plant","tile":"siret3_r035_c025","source_target_id":"T-MSP-0849","priority":3,"route_role":"optional","skip_reason":"disconnected"},"geometry":{"type":"Point","coordinates":[28.7178875,47.1152029]}},{"type":"Feature","id":1130,"properties":{"target_id":"T1130","type":"missing","vineyard_id":"V41","row_id":"V41-R055","waste_id":null,"route_order":null,"reachable":false,"gap_length_m":2.225,"note":"missing_plant; missing plant 2.22 m; disconnected","kind":"missing_plant","tile":"siret3_r035_c026","source_target_id":"T-MSP-0850","priority":3,"route_role":"optional","skip_reason":"disconnected"},"geometry":{"type":"Point","coordinates":[28.7179859,47.1151881]}},{"type":"Feature","id":1131,"properties":{"target_id":"T1131","type":"missing","vineyard_id":"V41","row_id":"V41-R059","waste_id":null,"route_order":null,"reachable":false,"gap_length_m":3.225,"note":"missing_plant; missing plant 3.23 m; disconnected","kind":"missing_plant","tile":"siret3_r036_c025","source_target_id":"T-MSP-0851","priority":3,"route_role":"optional","skip_reason":"disconnected"},"geometry":{"type":"Point","coordinates":[28.7177674,47.1148665]}},{"type":"Feature","id":1132,"properties":{"target_id":"T1132","type":"missing","vineyard_id":"V41","row_id":"V41-R059","waste_id":null,"route_order":null,"reachable":false,"gap_length_m":2.25,"note":"missing_plant; missing plant 2.25 m; disconnected","kind":"missing_plant","tile":"siret3_r036_c025","source_target_id":"T-MSP-0852","priority":3,"route_role":"optional","skip_reason":"disconnected"},"geometry":{"type":"Point","coordinates":[28.7178888,47.1149939]}},{"type":"Feature","id":1133,"properties":{"target_id":"T1133","type":"missing","vineyard_id":"V41","row_id":"V41-R061","waste_id":null,"route_order":null,"reachable":false,"gap_length_m":2.625,"note":"missing_plant; missing plant 2.62 m; disconnected","kind":"missing_plant","tile":"siret3_r036_c025","source_target_id":"T-MSP-0853","priority":3,"route_role":"optional","skip_reason":"disconnected"},"geometry":{"type":"Point","coordinates":[28.7178925,47.1149556]}},{"type":"Feature","id":1134,"properties":{"target_id":"T1134","type":"missing","vineyard_id":"V41","row_id":"V41-R068","waste_id":null,"route_order":null,"reachable":false,"gap_length_m":4.65,"note":"missing_plant; missing plant 4.65 m; disconnected","kind":"missing_plant","tile":"siret3_r037_c025","source_target_id":"T-MSP-0854","priority":3,"route_role":"optional","skip_reason":"disconnected"},"geometry":{"type":"Point","coordinates":[28.7174927,47.1144158]}},{"type":"Feature","id":1135,"properties":{"target_id":"T1135","type":"missing","vineyard_id":"V41","row_id":"V41-R071","waste_id":null,"route_order":null,"reachable":false,"gap_length_m":2.7,"note":"missing_plant; missing plant 2.70 m; disconnected","kind":"missing_plant","tile":"siret3_r037_c025","source_target_id":"T-MSP-0855","priority":3,"route_role":"optional","skip_reason":"disconnected"},"geometry":{"type":"Point","coordinates":[28.7173313,47.1142116]}},{"type":"Feature","id":1136,"properties":{"target_id":"T1136","type":"missing","vineyard_id":"V41","row_id":"V41-R071","waste_id":null,"route_order":null,"reachable":false,"gap_length_m":2.5,"note":"missing_plant; missing plant 2.50 m; disconnected","kind":"missing_plant","tile":"siret3_r037_c025","source_target_id":"T-MSP-0856","priority":3,"route_role":"optional","skip_reason":"disconnected"},"geometry":{"type":"Point","coordinates":[28.7174566,47.1143371]}},{"type":"Feature","id":1137,"properties":{"target_id":"T1137","type":"missing","vineyard_id":"V41","row_id":"V41-R071","waste_id":null,"route_order":null,"reachable":false,"gap_length_m":2.025,"note":"missing_plant; missing plant 2.02 m; disconnected","kind":"missing_plant","tile":"siret3_r037_c025","source_target_id":"T-MSP-0857","priority":3,"route_role":"optional","skip_reason":"disconnected"},"geometry":{"type":"Point","coordinates":[28.7175298,47.1144104]}},{"type":"Feature","id":1138,"properties":{"target_id":"T1138","type":"missing","vineyard_id":"V41","row_id":"V41-R071","waste_id":null,"route_order":null,"reachable":false,"gap_length_m":2.375,"note":"missing_plant; missing plant 2.38 m; disconnected","kind":"missing_plant","tile":"siret3_r037_c025","source_target_id":"T-MSP-0858","priority":3,"route_role":"optional","skip_reason":"disconnected"},"geometry":{"type":"Point","coordinates":[28.7176139,47.1144946]}},{"type":"Feature","id":1139,"properties":{"target_id":"T1139","type":"missing","vineyard_id":"V41","row_id":"V41-R074","waste_id":null,"route_order":null,"reachable":false,"gap_length_m":2.225,"note":"missing_plant; missing plant 2.23 m; disconnected","kind":"missing_plant","tile":"siret3_r037_c025","source_target_id":"T-MSP-0859","priority":3,"route_role":"optional","skip_reason":"disconnected"},"geometry":{"type":"Point","coordinates":[28.7176704,47.1144734]}},{"type":"Feature","id":1140,"properties":{"target_id":"T1140","type":"missing","vineyard_id":"V41","row_id":"V41-R076","waste_id":null,"route_order":null,"reachable":false,"gap_length_m":2,"note":"missing_plant; missing plant 2.00 m; disconnected","kind":"missing_plant","tile":"siret3_r037_c025","source_target_id":"T-MSP-0860","priority":3,"route_role":"optional","skip_reason":"disconnected"},"geometry":{"type":"Point","coordinates":[28.7174448,47.1142177]}},{"type":"Feature","id":1141,"properties":{"target_id":"T1141","type":"missing","vineyard_id":"V41","row_id":"V41-R076","waste_id":null,"route_order":null,"reachable":false,"gap_length_m":3,"note":"missing_plant; missing plant 3.00 m; disconnected","kind":"missing_plant","tile":"siret3_r037_c025","source_target_id":"T-MSP-0861","priority":3,"route_role":"optional","skip_reason":"disconnected"},"geometry":{"type":"Point","coordinates":[28.7175414,47.114312]}},{"type":"Feature","id":1142,"properties":{"target_id":"T1142","type":"missing","vineyard_id":"V41","row_id":"V41-R076","waste_id":null,"route_order":null,"reachable":false,"gap_length_m":2.15,"note":"missing_plant; missing plant 2.15 m; disconnected","kind":"missing_plant","tile":"siret3_r037_c025","source_target_id":"T-MSP-0862","priority":3,"route_role":"optional","skip_reason":"disconnected"},"geometry":{"type":"Point","coordinates":[28.7176337,47.1144022]}},{"type":"Feature","id":1143,"properties":{"target_id":"T1143","type":"missing","vineyard_id":"V43","row_id":"V43-R001","waste_id":null,"route_order":null,"reachable":false,"gap_length_m":4.2,"note":"missing_plant; missing plant 4.20 m; disconnected","kind":"missing_plant","tile":"siret3_r037_c025","source_target_id":"T-MSP-0863","priority":3,"route_role":"optional","skip_reason":"disconnected"},"geometry":{"type":"Point","coordinates":[28.7177241,47.1143549]}},{"type":"Feature","id":1144,"properties":{"target_id":"T1144","type":"missing","vineyard_id":"V44","row_id":"V44-R004","waste_id":null,"route_order":null,"reachable":false,"gap_length_m":2.975,"note":"missing_plant; missing plant 2.97 m; disconnected","kind":"missing_plant","tile":"siret3_r038_c023","source_target_id":"T-MSP-0864","priority":3,"route_role":"optional","skip_reason":"disconnected"},"geometry":{"type":"Point","coordinates":[28.7163965,47.1140841]}},{"type":"Feature","id":1145,"properties":{"target_id":"T1145","type":"missing","vineyard_id":"V44","row_id":"V44-R005","waste_id":null,"route_order":null,"reachable":false,"gap_length_m":2.875,"note":"missing_plant; missing plant 2.88 m; disconnected","kind":"missing_plant","tile":"siret3_r037_c023","source_target_id":"T-MSP-0865","priority":3,"route_role":"optional","skip_reason":"disconnected"},"geometry":{"type":"Point","coordinates":[28.7160418,47.1142494]}},{"type":"Feature","id":1146,"properties":{"target_id":"T1146","type":"missing","vineyard_id":"V44","row_id":"V44-R006","waste_id":null,"route_order":null,"reachable":false,"gap_length_m":3.225,"note":"missing_plant; missing plant 3.23 m; disconnected","kind":"missing_plant","tile":"siret3_r038_c023","source_target_id":"T-MSP-0866","priority":3,"route_role":"optional","skip_reason":"disconnected"},"geometry":{"type":"Point","coordinates":[28.7164009,47.1140165]}},{"type":"Feature","id":1147,"properties":{"target_id":"T1147","type":"missing","vineyard_id":"V44","row_id":"V44-R006","waste_id":null,"route_order":null,"reachable":false,"gap_length_m":2.625,"note":"missing_plant; missing plant 2.62 m; disconnected","kind":"missing_plant","tile":"siret3_r037_c023","source_target_id":"T-MSP-0867","priority":3,"route_role":"optional","skip_reason":"disconnected"},"geometry":{"type":"Point","coordinates":[28.7159564,47.1142644]}},{"type":"Feature","id":1148,"properties":{"target_id":"T1148","type":"missing","vineyard_id":"V44","row_id":"V44-R007","waste_id":null,"route_order":null,"reachable":false,"gap_length_m":4.525,"note":"missing_plant; missing plant 4.53 m; disconnected","kind":"missing_plant","tile":"siret3_r038_c023","source_target_id":"T-MSP-0868","priority":3,"route_role":"optional","skip_reason":"disconnected"},"geometry":{"type":"Point","coordinates":[28.7164292,47.1139713]}},{"type":"Feature","id":1149,"properties":{"target_id":"T1149","type":"missing","vineyard_id":"V44","row_id":"V44-R007","waste_id":null,"route_order":null,"reachable":false,"gap_length_m":2.925,"note":"missing_plant; missing plant 2.92 m; disconnected","kind":"missing_plant","tile":"siret3_r038_c023","source_target_id":"T-MSP-0869","priority":3,"route_role":"optional","skip_reason":"disconnected"},"geometry":{"type":"Point","coordinates":[28.7162002,47.1140988]}},{"type":"Feature","id":1150,"properties":{"target_id":"T1150","type":"missing","vineyard_id":"V44","row_id":"V44-R007","waste_id":null,"route_order":null,"reachable":false,"gap_length_m":3.2,"note":"missing_plant; missing plant 3.20 m; disconnected","kind":"missing_plant","tile":"siret3_r038_c023","source_target_id":"T-MSP-0870","priority":3,"route_role":"optional","skip_reason":"disconnected"},"geometry":{"type":"Point","coordinates":[28.716161,47.1141206]}},{"type":"Feature","id":1151,"properties":{"target_id":"T1151","type":"missing","vineyard_id":"V44","row_id":"V44-R007","waste_id":null,"route_order":null,"reachable":false,"gap_length_m":3.075,"note":"missing_plant; missing plant 3.08 m; disconnected","kind":"missing_plant","tile":"siret3_r037_c023","source_target_id":"T-MSP-0871","priority":3,"route_role":"optional","skip_reason":"disconnected"},"geometry":{"type":"Point","coordinates":[28.7160066,47.1142065]}},{"type":"Feature","id":1152,"properties":{"target_id":"T1152","type":"missing","vineyard_id":"V44","row_id":"V44-R008","waste_id":null,"route_order":null,"reachable":false,"gap_length_m":3.3,"note":"missing_plant; missing plant 3.30 m; disconnected","kind":"missing_plant","tile":"siret3_r038_c024","source_target_id":"T-MSP-0872","priority":3,"route_role":"optional","skip_reason":"disconnected"},"geometry":{"type":"Point","coordinates":[28.7166001,47.1138445]}},{"type":"Feature","id":1153,"properties":{"target_id":"T1153","type":"missing","vineyard_id":"V44","row_id":"V44-R008","waste_id":null,"route_order":null,"reachable":false,"gap_length_m":2.2,"note":"missing_plant; missing plant 2.20 m; disconnected","kind":"missing_plant","tile":"siret3_r038_c023","source_target_id":"T-MSP-0873","priority":3,"route_role":"optional","skip_reason":"disconnected"},"geometry":{"type":"Point","coordinates":[28.7164626,47.1139212]}},{"type":"Feature","id":1154,"properties":{"target_id":"T1154","type":"missing","vineyard_id":"V44","row_id":"V44-R008","waste_id":null,"route_order":null,"reachable":false,"gap_length_m":4.525,"note":"missing_plant; missing plant 4.53 m; disconnected","kind":"missing_plant","tile":"siret3_r038_c023","source_target_id":"T-MSP-0874","priority":3,"route_role":"optional","skip_reason":"disconnected"},"geometry":{"type":"Point","coordinates":[28.7161525,47.1140942]}},{"type":"Feature","id":1155,"properties":{"target_id":"T1155","type":"missing","vineyard_id":"V44","row_id":"V44-R008","waste_id":null,"route_order":null,"reachable":false,"gap_length_m":3.325,"note":"missing_plant; missing plant 3.32 m; disconnected","kind":"missing_plant","tile":"siret3_r038_c023","source_target_id":"T-MSP-0875","priority":3,"route_role":"optional","skip_reason":"disconnected"},"geometry":{"type":"Point","coordinates":[28.716101,47.114123]}},{"type":"Feature","id":1156,"properties":{"target_id":"T1156","type":"missing","vineyard_id":"V44","row_id":"V44-R009","waste_id":null,"route_order":null,"reachable":false,"gap_length_m":3.25,"note":"missing_plant; missing plant 3.25 m; disconnected","kind":"missing_plant","tile":"siret3_r038_c023","source_target_id":"T-MSP-0876","priority":3,"route_role":"optional","skip_reason":"disconnected"},"geometry":{"type":"Point","coordinates":[28.7164044,47.1139202]}},{"type":"Feature","id":1157,"properties":{"target_id":"T1157","type":"missing","vineyard_id":"V44","row_id":"V44-R009","waste_id":null,"route_order":null,"reachable":false,"gap_length_m":2.125,"note":"missing_plant; missing plant 2.12 m; disconnected","kind":"missing_plant","tile":"siret3_r038_c023","source_target_id":"T-MSP-0877","priority":3,"route_role":"optional","skip_reason":"disconnected"},"geometry":{"type":"Point","coordinates":[28.7162919,47.1139835]}},{"type":"Feature","id":1158,"properties":{"target_id":"T1158","type":"missing","vineyard_id":"V44","row_id":"V44-R009","waste_id":null,"route_order":null,"reachable":false,"gap_length_m":3.5,"note":"missing_plant; missing plant 3.50 m; disconnected","kind":"missing_plant","tile":"siret3_r038_c023","source_target_id":"T-MSP-0878","priority":3,"route_role":"optional","skip_reason":"disconnected"},"geometry":{"type":"Point","coordinates":[28.7161466,47.1140653]}},{"type":"Feature","id":1159,"properties":{"target_id":"T1159","type":"missing","vineyard_id":"V44","row_id":"V44-R009","waste_id":null,"route_order":null,"reachable":false,"gap_length_m":2.55,"note":"missing_plant; missing plant 2.55 m; disconnected","kind":"missing_plant","tile":"siret3_r038_c023","source_target_id":"T-MSP-0879","priority":3,"route_role":"optional","skip_reason":"disconnected"},"geometry":{"type":"Point","coordinates":[28.7161065,47.1140879]}},{"type":"Feature","id":1160,"properties":{"target_id":"T1160","type":"missing","vineyard_id":"V44","row_id":"V44-R010","waste_id":null,"route_order":null,"reachable":false,"gap_length_m":3.35,"note":"missing_plant; missing plant 3.35 m; disconnected","kind":"missing_plant","tile":"siret3_r038_c023","source_target_id":"T-MSP-0880","priority":3,"route_role":"optional","skip_reason":"disconnected"},"geometry":{"type":"Point","coordinates":[28.7161243,47.1140454]}},{"type":"Feature","id":1161,"properties":{"target_id":"T1161","type":"missing","vineyard_id":"V44","row_id":"V44-R010","waste_id":null,"route_order":null,"reachable":false,"gap_length_m":2.95,"note":"missing_plant; missing plant 2.95 m; disconnected","kind":"missing_plant","tile":"siret3_r037_c023","source_target_id":"T-MSP-0881","priority":3,"route_role":"optional","skip_reason":"disconnected"},"geometry":{"type":"Point","coordinates":[28.71593,47.1141536]}},{"type":"Feature","id":1162,"properties":{"target_id":"T1162","type":"missing","vineyard_id":"V44","row_id":"V44-R011","waste_id":null,"route_order":null,"reachable":false,"gap_length_m":3.625,"note":"missing_plant; missing plant 3.63 m; disconnected","kind":"missing_plant","tile":"siret3_r038_c023","source_target_id":"T-MSP-0882","priority":3,"route_role":"optional","skip_reason":"disconnected"},"geometry":{"type":"Point","coordinates":[28.7162759,47.1139287]}},{"type":"Feature","id":1163,"properties":{"target_id":"T1163","type":"missing","vineyard_id":"V44","row_id":"V44-R011","waste_id":null,"route_order":null,"reachable":false,"gap_length_m":3.8,"note":"missing_plant; missing plant 3.80 m; disconnected","kind":"missing_plant","tile":"siret3_r038_c023","source_target_id":"T-MSP-0883","priority":3,"route_role":"optional","skip_reason":"disconnected"},"geometry":{"type":"Point","coordinates":[28.7162269,47.1139562]}},{"type":"Feature","id":1164,"properties":{"target_id":"T1164","type":"missing","vineyard_id":"V44","row_id":"V44-R011","waste_id":null,"route_order":null,"reachable":false,"gap_length_m":2.575,"note":"missing_plant; missing plant 2.58 m; disconnected","kind":"missing_plant","tile":"siret3_r038_c023","source_target_id":"T-MSP-0884","priority":3,"route_role":"optional","skip_reason":"disconnected"},"geometry":{"type":"Point","coordinates":[28.7161878,47.1139781]}},{"type":"Feature","id":1165,"properties":{"target_id":"T1165","type":"missing","vineyard_id":"V44","row_id":"V44-R012","waste_id":null,"route_order":null,"reachable":false,"gap_length_m":2.025,"note":"missing_plant; missing plant 2.02 m; disconnected","kind":"missing_plant","tile":"siret3_r038_c024","source_target_id":"T-MSP-0885","priority":3,"route_role":"optional","skip_reason":"disconnected"},"geometry":{"type":"Point","coordinates":[28.7165695,47.113732]}},{"type":"Feature","id":1166,"properties":{"target_id":"T1166","type":"missing","vineyard_id":"V44","row_id":"V44-R012","waste_id":null,"route_order":null,"reachable":false,"gap_length_m":2.1,"note":"missing_plant; missing plant 2.10 m; disconnected","kind":"missing_plant","tile":"siret3_r038_c023","source_target_id":"T-MSP-0886","priority":3,"route_role":"optional","skip_reason":"disconnected"},"geometry":{"type":"Point","coordinates":[28.7164168,47.1138171]}},{"type":"Feature","id":1167,"properties":{"target_id":"T1167","type":"missing","vineyard_id":"V44","row_id":"V44-R012","waste_id":null,"route_order":null,"reachable":false,"gap_length_m":4.625,"note":"missing_plant; missing plant 4.62 m; disconnected","kind":"missing_plant","tile":"siret3_r038_c023","source_target_id":"T-MSP-0887","priority":3,"route_role":"optional","skip_reason":"disconnected"},"geometry":{"type":"Point","coordinates":[28.716032,47.1140315]}},{"type":"Feature","id":1168,"properties":{"target_id":"T1168","type":"missing","vineyard_id":"V44","row_id":"V44-R013","waste_id":null,"route_order":null,"reachable":false,"gap_length_m":2.35,"note":"missing_plant; missing plant 2.35 m; disconnected","kind":"missing_plant","tile":"siret3_r038_c023","source_target_id":"T-MSP-0888","priority":3,"route_role":"optional","skip_reason":"disconnected"},"geometry":{"type":"Point","coordinates":[28.716344,47.1138252]}},{"type":"Feature","id":1169,"properties":{"target_id":"T1169","type":"missing","vineyard_id":"V44","row_id":"V44-R013","waste_id":null,"route_order":null,"reachable":false,"gap_length_m":3.525,"note":"missing_plant; missing plant 3.52 m; disconnected","kind":"missing_plant","tile":"siret3_r038_c023","source_target_id":"T-MSP-0889","priority":3,"route_role":"optional","skip_reason":"disconnected"},"geometry":{"type":"Point","coordinates":[28.7162889,47.1138558]}},{"type":"Feature","id":1170,"properties":{"target_id":"T1170","type":"missing","vineyard_id":"V44","row_id":"V44-R013","waste_id":null,"route_order":null,"reachable":false,"gap_length_m":3.075,"note":"missing_plant; missing plant 3.07 m; disconnected","kind":"missing_plant","tile":"siret3_r038_c023","source_target_id":"T-MSP-0890","priority":3,"route_role":"optional","skip_reason":"disconnected"},"geometry":{"type":"Point","coordinates":[28.7162115,47.1138988]}},{"type":"Feature","id":1171,"properties":{"target_id":"T1171","type":"missing","vineyard_id":"V44","row_id":"V44-R013","waste_id":null,"route_order":null,"reachable":false,"gap_length_m":3.875,"note":"missing_plant; missing plant 3.88 m; disconnected","kind":"missing_plant","tile":"siret3_r038_c023","source_target_id":"T-MSP-0891","priority":3,"route_role":"optional","skip_reason":"disconnected"},"geometry":{"type":"Point","coordinates":[28.7161238,47.1139474]}},{"type":"Feature","id":1172,"properties":{"target_id":"T1172","type":"missing","vineyard_id":"V44","row_id":"V44-R013","waste_id":null,"route_order":null,"reachable":false,"gap_length_m":2.075,"note":"missing_plant; missing plant 2.08 m; disconnected","kind":"missing_plant","tile":"siret3_r038_c023","source_target_id":"T-MSP-0892","priority":3,"route_role":"optional","skip_reason":"disconnected"},"geometry":{"type":"Point","coordinates":[28.7160176,47.1140063]}},{"type":"Feature","id":1173,"properties":{"target_id":"T1173","type":"missing","vineyard_id":"V44","row_id":"V44-R015","waste_id":null,"route_order":null,"reachable":false,"gap_length_m":3.475,"note":"missing_plant; missing plant 3.47 m; disconnected","kind":"missing_plant","tile":"siret3_r038_c023","source_target_id":"T-MSP-0893","priority":3,"route_role":"optional","skip_reason":"disconnected"},"geometry":{"type":"Point","coordinates":[28.7162841,47.1138277]}},{"type":"Feature","id":1174,"properties":{"target_id":"T1174","type":"missing","vineyard_id":"V44","row_id":"V44-R015","waste_id":null,"route_order":null,"reachable":false,"gap_length_m":2.1,"note":"missing_plant; missing plant 2.10 m; disconnected","kind":"missing_plant","tile":"siret3_r038_c023","source_target_id":"T-MSP-0894","priority":3,"route_role":"optional","skip_reason":"disconnected"},"geometry":{"type":"Point","coordinates":[28.7162435,47.1138505]}},{"type":"Feature","id":1175,"properties":{"target_id":"T1175","type":"missing","vineyard_id":"V44","row_id":"V44-R015","waste_id":null,"route_order":null,"reachable":false,"gap_length_m":2.825,"note":"missing_plant; missing plant 2.82 m; disconnected","kind":"missing_plant","tile":"siret3_r038_c023","source_target_id":"T-MSP-0895","priority":3,"route_role":"optional","skip_reason":"disconnected"},"geometry":{"type":"Point","coordinates":[28.7161281,47.1139153]}},{"type":"Feature","id":1176,"properties":{"target_id":"T1176","type":"missing","vineyard_id":"V44","row_id":"V44-R016","waste_id":null,"route_order":null,"reachable":false,"gap_length_m":2.375,"note":"missing_plant; missing plant 2.38 m; disconnected","kind":"missing_plant","tile":"siret3_r038_c023","source_target_id":"T-MSP-0896","priority":3,"route_role":"optional","skip_reason":"disconnected"},"geometry":{"type":"Point","coordinates":[28.7163521,47.1137586]}},{"type":"Feature","id":1177,"properties":{"target_id":"T1177","type":"missing","vineyard_id":"V44","row_id":"V44-R016","waste_id":null,"route_order":null,"reachable":false,"gap_length_m":4.4,"note":"missing_plant; missing plant 4.40 m; disconnected","kind":"missing_plant","tile":"siret3_r038_c023","source_target_id":"T-MSP-0897","priority":3,"route_role":"optional","skip_reason":"disconnected"},"geometry":{"type":"Point","coordinates":[28.7162591,47.1138108]}},{"type":"Feature","id":1178,"properties":{"target_id":"T1178","type":"missing","vineyard_id":"V44","row_id":"V44-R016","waste_id":null,"route_order":null,"reachable":false,"gap_length_m":4.675,"note":"missing_plant; missing plant 4.67 m; disconnected","kind":"missing_plant","tile":"siret3_r038_c023","source_target_id":"T-MSP-0898","priority":3,"route_role":"optional","skip_reason":"disconnected"},"geometry":{"type":"Point","coordinates":[28.7160797,47.1139114]}},{"type":"Feature","id":1179,"properties":{"target_id":"T1179","type":"missing","vineyard_id":"V44","row_id":"V44-R017","waste_id":null,"route_order":null,"reachable":false,"gap_length_m":4.125,"note":"missing_plant; missing plant 4.12 m; disconnected","kind":"missing_plant","tile":"siret3_r039_c023","source_target_id":"T-MSP-0899","priority":3,"route_role":"optional","skip_reason":"disconnected"},"geometry":{"type":"Point","coordinates":[28.7164659,47.1136616]}},{"type":"Feature","id":1180,"properties":{"target_id":"T1180","type":"missing","vineyard_id":"V44","row_id":"V44-R017","waste_id":null,"route_order":null,"reachable":false,"gap_length_m":2.3,"note":"missing_plant; missing plant 2.30 m; disconnected","kind":"missing_plant","tile":"siret3_r038_c023","source_target_id":"T-MSP-0900","priority":3,"route_role":"optional","skip_reason":"disconnected"},"geometry":{"type":"Point","coordinates":[28.7164087,47.113695]}},{"type":"Feature","id":1181,"properties":{"target_id":"T1181","type":"missing","vineyard_id":"V44","row_id":"V44-R017","waste_id":null,"route_order":null,"reachable":false,"gap_length_m":3.55,"note":"missing_plant; missing plant 3.55 m; disconnected","kind":"missing_plant","tile":"siret3_r038_c022","source_target_id":"T-MSP-0901","priority":3,"route_role":"optional","skip_reason":"disconnected"},"geometry":{"type":"Point","coordinates":[28.7157222,47.1140812]}},{"type":"Feature","id":1182,"properties":{"target_id":"T1182","type":"missing","vineyard_id":"V44","row_id":"V44-R018","waste_id":null,"route_order":null,"reachable":false,"gap_length_m":2.875,"note":"missing_plant; missing plant 2.88 m; disconnected","kind":"missing_plant","tile":"siret3_r038_c023","source_target_id":"T-MSP-0902","priority":3,"route_role":"optional","skip_reason":"disconnected"},"geometry":{"type":"Point","coordinates":[28.7162274,47.1137645]}},{"type":"Feature","id":1183,"properties":{"target_id":"T1183","type":"missing","vineyard_id":"V44","row_id":"V44-R018","waste_id":null,"route_order":null,"reachable":false,"gap_length_m":2.675,"note":"missing_plant; missing plant 2.67 m; disconnected","kind":"missing_plant","tile":"siret3_r038_c023","source_target_id":"T-MSP-0903","priority":3,"route_role":"optional","skip_reason":"disconnected"},"geometry":{"type":"Point","coordinates":[28.7159798,47.1139014]}},{"type":"Feature","id":1184,"properties":{"target_id":"T1184","type":"missing","vineyard_id":"V44","row_id":"V44-R022","waste_id":null,"route_order":null,"reachable":false,"gap_length_m":3.2,"note":"missing_plant; missing plant 3.20 m; disconnected","kind":"missing_plant","tile":"siret3_r038_c023","source_target_id":"T-MSP-0904","priority":3,"route_role":"optional","skip_reason":"disconnected"},"geometry":{"type":"Point","coordinates":[28.7161984,47.1137163]}},{"type":"Feature","id":1185,"properties":{"target_id":"T1185","type":"missing","vineyard_id":"V44","row_id":"V44-R022","waste_id":null,"route_order":null,"reachable":false,"gap_length_m":2.5,"note":"missing_plant; missing plant 2.50 m; disconnected","kind":"missing_plant","tile":"siret3_r038_c023","source_target_id":"T-MSP-0905","priority":3,"route_role":"optional","skip_reason":"disconnected"},"geometry":{"type":"Point","coordinates":[28.7160406,47.1138042]}},{"type":"Feature","id":1186,"properties":{"target_id":"T1186","type":"missing","vineyard_id":"V44","row_id":"V44-R022","waste_id":null,"route_order":null,"reachable":false,"gap_length_m":3.1,"note":"missing_plant; missing plant 3.10 m; disconnected","kind":"missing_plant","tile":"siret3_r038_c023","source_target_id":"T-MSP-0906","priority":3,"route_role":"optional","skip_reason":"disconnected"},"geometry":{"type":"Point","coordinates":[28.7160021,47.1138257]}},{"type":"Feature","id":1187,"properties":{"target_id":"T1187","type":"missing","vineyard_id":"V44","row_id":"V44-R022","waste_id":null,"route_order":null,"reachable":false,"gap_length_m":4.925,"note":"missing_plant; missing plant 4.93 m; disconnected","kind":"missing_plant","tile":"siret3_r038_c023","source_target_id":"T-MSP-0907","priority":3,"route_role":"optional","skip_reason":"disconnected"},"geometry":{"type":"Point","coordinates":[28.7159504,47.1138545]}},{"type":"Feature","id":1188,"properties":{"target_id":"T1188","type":"missing","vineyard_id":"V44","row_id":"V44-R024","waste_id":null,"route_order":null,"reachable":false,"gap_length_m":2.075,"note":"missing_plant; missing plant 2.07 m; disconnected","kind":"missing_plant","tile":"siret3_r039_c023","source_target_id":"T-MSP-0908","priority":3,"route_role":"optional","skip_reason":"disconnected"},"geometry":{"type":"Point","coordinates":[28.7163758,47.1135829]}},{"type":"Feature","id":1189,"properties":{"target_id":"T1189","type":"missing","vineyard_id":"V44","row_id":"V44-R024","waste_id":null,"route_order":null,"reachable":false,"gap_length_m":4.175,"note":"missing_plant; missing plant 4.18 m; too_far","kind":"missing_plant","tile":"siret3_r038_c023","source_target_id":"T-MSP-0909","priority":3,"route_role":"optional","skip_reason":"too_far"},"geometry":{"type":"Point","coordinates":[28.7160603,47.1137615]}},{"type":"Feature","id":1190,"properties":{"target_id":"T1190","type":"missing","vineyard_id":"V44","row_id":"V44-R027","waste_id":null,"route_order":null,"reachable":false,"gap_length_m":2.35,"note":"missing_plant; missing plant 2.35 m; disconnected","kind":"missing_plant","tile":"siret3_r039_c023","source_target_id":"T-MSP-0910","priority":3,"route_role":"optional","skip_reason":"disconnected"},"geometry":{"type":"Point","coordinates":[28.7161426,47.1136534]}},{"type":"Feature","id":1191,"properties":{"target_id":"T1191","type":"waste","vineyard_id":null,"row_id":null,"waste_id":"W0005","route_order":null,"reachable":false,"gap_length_m":null,"note":"waste; waste W0005; too_far","kind":"waste","tile":"siret3_r013_c004","source_target_id":"T-WST-0001","priority":1,"route_role":"must","skip_reason":"too_far"},"geometry":{"type":"Point","coordinates":[28.7039521,47.1258279]}},{"type":"Feature","id":1192,"properties":{"target_id":"T1192","type":"waste","vineyard_id":null,"row_id":null,"waste_id":"W0006","route_order":null,"reachable":false,"gap_length_m":null,"note":"waste; waste W0006; too_far","kind":"waste","tile":"siret3_r013_c004","source_target_id":"T-WST-0002","priority":1,"route_role":"must","skip_reason":"too_far"},"geometry":{"type":"Point","coordinates":[28.7039808,47.1257442]}},{"type":"Feature","id":1193,"properties":{"target_id":"T1193","type":"waste","vineyard_id":null,"row_id":null,"waste_id":"W0008","route_order":null,"reachable":false,"gap_length_m":null,"note":"waste; waste W0008; too_far","kind":"waste","tile":"siret3_r015_c011","source_target_id":"T-WST-0003","priority":1,"route_role":"must","skip_reason":"too_far"},"geometry":{"type":"Point","coordinates":[28.7085261,47.1244676]}},{"type":"Feature","id":1194,"properties":{"target_id":"T1194","type":"waste","vineyard_id":null,"row_id":null,"waste_id":"W0012","route_order":null,"reachable":false,"gap_length_m":null,"note":"waste; waste W0012; too_far","kind":"waste","tile":"siret3_r026_c019","source_target_id":"T-WST-0004","priority":1,"route_role":"must","skip_reason":"too_far"},"geometry":{"type":"Point","coordinates":[28.7136359,47.1195785]}},{"type":"Feature","id":1195,"properties":{"target_id":"T1195","type":"waste","vineyard_id":null,"row_id":null,"waste_id":"W0013","route_order":null,"reachable":false,"gap_length_m":null,"note":"waste; waste W0013; too_far","kind":"waste","tile":"siret3_r027_c027","source_target_id":"T-WST-0005","priority":1,"route_role":"must","skip_reason":"too_far"},"geometry":{"type":"Point","coordinates":[28.719211,47.1187745]}},{"type":"Feature","id":1196,"properties":{"target_id":"T1196","type":"waste","vineyard_id":"V03","row_id":null,"waste_id":"W0001","route_order":null,"reachable":false,"gap_length_m":null,"note":"waste; waste W0001; too_far","kind":"waste","tile":"siret3_r008_c000","source_target_id":"T-WST-0007","priority":1,"route_role":"must","skip_reason":"too_far"},"geometry":{"type":"Point","coordinates":[28.7009885,47.1278165]}},{"type":"Feature","id":1197,"properties":{"target_id":"T1197","type":"waste","vineyard_id":"V12","row_id":null,"waste_id":"W0007","route_order":null,"reachable":false,"gap_length_m":null,"note":"waste; waste W0007; too_far","kind":"waste","tile":"siret3_r015_c011","source_target_id":"T-WST-0008","priority":1,"route_role":"must","skip_reason":"too_far"},"geometry":{"type":"Point","coordinates":[28.7085307,47.1247346]}},{"type":"Feature","id":1198,"properties":{"target_id":"T1198","type":"waste","vineyard_id":"V16","row_id":null,"waste_id":"W0009","route_order":null,"reachable":false,"gap_length_m":null,"note":"waste; waste W0009; too_far","kind":"waste","tile":"siret3_r022_c016","source_target_id":"T-WST-0009","priority":1,"route_role":"must","skip_reason":"too_far"},"geometry":{"type":"Point","coordinates":[28.7114743,47.1211753]}},{"type":"Feature","id":1199,"properties":{"target_id":"T1199","type":"waste","vineyard_id":"V16","row_id":null,"waste_id":"W0010","route_order":null,"reachable":false,"gap_length_m":null,"note":"waste; waste W0010; too_far","kind":"waste","tile":"siret3_r023_c016","source_target_id":"T-WST-0010","priority":1,"route_role":"must","skip_reason":"too_far"},"geometry":{"type":"Point","coordinates":[28.7117853,47.1210322]}}]}