{"type":"FeatureCollection","features":[{"type":"Feature","id":1,"properties":{"tile":"siret3_r005_c004","status":"vineyard","n_rows":25,"n_canopies":128,"n_interrows":24,"n_waste":0,"veg_frac":0.148,"nodata_frac":0.503,"review_priority":1,"review_note":null,"review_status":null,"has_mask":true},"geometry":{"type":"Polygon","coordinates":[[[28.7041858,47.1290603],[28.7042005,47.1295208],[28.7035257,47.1295309],[28.703511,47.1290703],[28.7041858,47.1290603]]]}},{"type":"Feature","id":2,"properties":{"tile":"siret3_r006_c002","status":"vineyard","n_rows":16,"n_canopies":43,"n_interrows":15,"n_waste":0,"veg_frac":0.174,"nodata_frac":0.828,"review_priority":1,"review_note":null,"review_status":null,"has_mask":true},"geometry":{"type":"Polygon","coordinates":[[[28.7028215,47.1286199],[28.7028362,47.1290804],[28.7021614,47.1290904],[28.7021467,47.1286299],[28.7028215,47.1286199]]]}},{"type":"Feature","id":3,"properties":{"tile":"siret3_r006_c003","status":"vineyard","n_rows":26,"n_canopies":118,"n_interrows":25,"n_waste":0,"veg_frac":0.236,"nodata_frac":0.183,"review_priority":1,"review_note":null,"review_status":null,"has_mask":true},"geometry":{"type":"Polygon","coordinates":[[[28.7034963,47.1286098],[28.703511,47.1290703],[28.7028362,47.1290804],[28.7028215,47.1286199],[28.7034963,47.1286098]]]}},{"type":"Feature","id":4,"properties":{"tile":"siret3_r006_c004","status":"vineyard","n_rows":26,"n_canopies":259,"n_interrows":25,"n_waste":0,"veg_frac":0.255,"nodata_frac":0,"review_priority":2,"review_note":null,"review_status":null,"has_mask":true},"geometry":{"type":"Polygon","coordinates":[[[28.7041711,47.1285998],[28.7041858,47.1290603],[28.703511,47.1290703],[28.7034963,47.1286098],[28.7041711,47.1285998]]]}},{"type":"Feature","id":5,"properties":{"tile":"siret3_r007_c001","status":"no_vineyard","n_rows":0,"n_canopies":0,"n_interrows":0,"n_waste":0,"veg_frac":0.354,"nodata_frac":0.57,"review_priority":1,"review_note":null,"review_status":null,"has_mask":true},"geometry":{"type":"Polygon","coordinates":[[[28.702132,47.1281694],[28.7021467,47.1286299],[28.7014719,47.1286399],[28.7014572,47.1281794],[28.702132,47.1281694]]]}},{"type":"Feature","id":6,"properties":{"tile":"siret3_r007_c002","status":"vineyard","n_rows":20,"n_canopies":145,"n_interrows":18,"n_waste":0,"veg_frac":0.324,"nodata_frac":0.069,"review_priority":1,"review_note":null,"review_status":null,"has_mask":true},"geometry":{"type":"Polygon","coordinates":[[[28.7028068,47.1281593],[28.7028215,47.1286199],[28.7021467,47.1286299],[28.702132,47.1281694],[28.7028068,47.1281593]]]}},{"type":"Feature","id":7,"properties":{"tile":"siret3_r007_c003","status":"vineyard","n_rows":21,"n_canopies":152,"n_interrows":17,"n_waste":0,"veg_frac":0.327,"nodata_frac":0,"review_priority":1,"review_note":"left half of the vineyard unmapped","review_status":"partial","has_mask":true},"geometry":{"type":"Polygon","coordinates":[[[28.7034816,47.1281493],[28.7034963,47.1286098],[28.7028215,47.1286199],[28.7028068,47.1281593],[28.7034816,47.1281493]]]}},{"type":"Feature","id":8,"properties":{"tile":"siret3_r007_c004","status":"vineyard","n_rows":23,"n_canopies":221,"n_interrows":21,"n_waste":0,"veg_frac":0.48,"nodata_frac":0,"review_priority":1,"review_note":null,"review_status":null,"has_mask":true},"geometry":{"type":"Polygon","coordinates":[[[28.7041563,47.1281393],[28.7041711,47.1285998],[28.7034963,47.1286098],[28.7034816,47.1281493],[28.7041563,47.1281393]]]}},{"type":"Feature","id":9,"properties":{"tile":"siret3_r008_c000","status":"no_vineyard","n_rows":0,"n_canopies":0,"n_interrows":0,"n_waste":1,"veg_frac":0.628,"nodata_frac":0.516,"review_priority":2,"review_note":null,"review_status":null,"has_mask":true},"geometry":{"type":"Polygon","coordinates":[[[28.7014426,47.1277189],[28.7014572,47.1281794],[28.7007825,47.1281894],[28.7007678,47.1277289],[28.7014426,47.1277189]]]}},{"type":"Feature","id":10,"properties":{"tile":"siret3_r008_c001","status":"vineyard","n_rows":14,"n_canopies":70,"n_interrows":12,"n_waste":0,"veg_frac":0.327,"nodata_frac":0,"review_priority":1,"review_note":null,"review_status":null,"has_mask":true},"geometry":{"type":"Polygon","coordinates":[[[28.7021173,47.1277088],[28.702132,47.1281694],[28.7014572,47.1281794],[28.7014426,47.1277189],[28.7021173,47.1277088]]]}},{"type":"Feature","id":11,"properties":{"tile":"siret3_r008_c002","status":"vineyard","n_rows":25,"n_canopies":157,"n_interrows":23,"n_waste":0,"veg_frac":0.227,"nodata_frac":0.001,"review_priority":1,"review_note":null,"review_status":null,"has_mask":true},"geometry":{"type":"Polygon","coordinates":[[[28.7027921,47.1276988],[28.7028068,47.1281593],[28.702132,47.1281694],[28.7021173,47.1277088],[28.7027921,47.1276988]]]}},{"type":"Feature","id":12,"properties":{"tile":"siret3_r008_c003","status":"vineyard","n_rows":26,"n_canopies":257,"n_interrows":25,"n_waste":0,"veg_frac":0.186,"nodata_frac":0,"review_priority":1,"review_note":null,"review_status":null,"has_mask":true},"geometry":{"type":"Polygon","coordinates":[[[28.7034669,47.1276888],[28.7034816,47.1281493],[28.7028068,47.1281593],[28.7027921,47.1276988],[28.7034669,47.1276888]]]}},{"type":"Feature","id":13,"properties":{"tile":"siret3_r008_c004","status":"vineyard","n_rows":25,"n_canopies":298,"n_interrows":24,"n_waste":0,"veg_frac":0.243,"nodata_frac":0,"review_priority":1,"review_note":null,"review_status":null,"has_mask":true},"geometry":{"type":"Polygon","coordinates":[[[28.7041416,47.1276787],[28.7041563,47.1281393],[28.7034816,47.1281493],[28.7034669,47.1276888],[28.7041416,47.1276787]]]}},{"type":"Feature","id":14,"properties":{"tile":"siret3_r008_c005","status":"vineyard","n_rows":18,"n_canopies":213,"n_interrows":16,"n_waste":0,"veg_frac":0.374,"nodata_frac":0.001,"review_priority":2,"review_note":null,"review_status":null,"has_mask":true},"geometry":{"type":"Polygon","coordinates":[[[28.7048164,47.1276687],[28.7048311,47.1281292],[28.7041563,47.1281393],[28.7041416,47.1276787],[28.7048164,47.1276687]]]}},{"type":"Feature","id":15,"properties":{"tile":"siret3_r009_c000","status":"vineyard","n_rows":18,"n_canopies":94,"n_interrows":18,"n_waste":0,"veg_frac":0.577,"nodata_frac":0.308,"review_priority":2,"review_note":null,"review_status":null,"has_mask":true},"geometry":{"type":"Polygon","coordinates":[[[28.7014279,47.1272583],[28.7014426,47.1277189],[28.7007678,47.1277289],[28.7007531,47.1272684],[28.7014279,47.1272583]]]}},{"type":"Feature","id":16,"properties":{"tile":"siret3_r009_c001","status":"vineyard","n_rows":23,"n_canopies":280,"n_interrows":22,"n_waste":0,"veg_frac":0.226,"nodata_frac":0,"review_priority":1,"review_note":null,"review_status":null,"has_mask":true},"geometry":{"type":"Polygon","coordinates":[[[28.7021026,47.1272483],[28.7021173,47.1277088],[28.7014426,47.1277189],[28.7014279,47.1272583],[28.7021026,47.1272483]]]}},{"type":"Feature","id":17,"properties":{"tile":"siret3_r009_c002","status":"vineyard","n_rows":22,"n_canopies":337,"n_interrows":19,"n_waste":0,"veg_frac":0.17,"nodata_frac":0,"review_priority":1,"review_note":null,"review_status":null,"has_mask":true},"geometry":{"type":"Polygon","coordinates":[[[28.7027774,47.1272383],[28.7027921,47.1276988],[28.7021173,47.1277088],[28.7021026,47.1272483],[28.7027774,47.1272383]]]}},{"type":"Feature","id":18,"properties":{"tile":"siret3_r009_c003","status":"vineyard","n_rows":21,"n_canopies":198,"n_interrows":19,"n_waste":0,"veg_frac":0.24,"nodata_frac":0,"review_priority":1,"review_note":null,"review_status":null,"has_mask":true},"geometry":{"type":"Polygon","coordinates":[[[28.7034522,47.1272282],[28.7034669,47.1276888],[28.7027921,47.1276988],[28.7027774,47.1272383],[28.7034522,47.1272282]]]}},{"type":"Feature","id":19,"properties":{"tile":"siret3_r009_c004","status":"vineyard","n_rows":25,"n_canopies":200,"n_interrows":23,"n_waste":0,"veg_frac":0.232,"nodata_frac":0,"review_priority":1,"review_note":null,"review_status":null,"has_mask":true},"geometry":{"type":"Polygon","coordinates":[[[28.7041269,47.1272182],[28.7041416,47.1276787],[28.7034669,47.1276888],[28.7034522,47.1272282],[28.7041269,47.1272182]]]}},{"type":"Feature","id":20,"properties":{"tile":"siret3_r009_c005","status":"vineyard","n_rows":10,"n_canopies":27,"n_interrows":9,"n_waste":1,"veg_frac":0.657,"nodata_frac":0.003,"review_priority":1,"review_note":null,"review_status":null,"has_mask":true},"geometry":{"type":"Polygon","coordinates":[[[28.7048017,47.1272082],[28.7048164,47.1276687],[28.7041416,47.1276787],[28.7041269,47.1272182],[28.7048017,47.1272082]]]}},{"type":"Feature","id":21,"properties":{"tile":"siret3_r009_c006","status":"no_vineyard","n_rows":0,"n_canopies":0,"n_interrows":0,"n_waste":0,"veg_frac":0.561,"nodata_frac":0,"review_priority":1,"review_note":null,"review_status":null,"has_mask":true},"geometry":{"type":"Polygon","coordinates":[[[28.7054764,47.1271981],[28.7054912,47.1276586],[28.7048164,47.1276687],[28.7048017,47.1272082],[28.7054764,47.1271981]]]}},{"type":"Feature","id":22,"properties":{"tile":"siret3_r010_c000","status":"vineyard","n_rows":10,"n_canopies":64,"n_interrows":10,"n_waste":0,"veg_frac":0.185,"nodata_frac":0.751,"review_priority":2,"review_note":null,"review_status":null,"has_mask":true},"geometry":{"type":"Polygon","coordinates":[[[28.7014132,47.1267978],[28.7014279,47.1272583],[28.7007531,47.1272684],[28.7007384,47.1268078],[28.7014132,47.1267978]]]}},{"type":"Feature","id":23,"properties":{"tile":"siret3_r010_c001","status":"vineyard","n_rows":20,"n_canopies":176,"n_interrows":19,"n_waste":0,"veg_frac":0.315,"nodata_frac":0.028,"review_priority":2,"review_note":null,"review_status":null,"has_mask":true},"geometry":{"type":"Polygon","coordinates":[[[28.7020879,47.1267878],[28.7021026,47.1272483],[28.7014279,47.1272583],[28.7014132,47.1267978],[28.7020879,47.1267878]]]}},{"type":"Feature","id":24,"properties":{"tile":"siret3_r010_c002","status":"vineyard","n_rows":16,"n_canopies":138,"n_interrows":13,"n_waste":0,"veg_frac":0.257,"nodata_frac":0,"review_priority":2,"review_note":null,"review_status":null,"has_mask":true},"geometry":{"type":"Polygon","coordinates":[[[28.7027627,47.1267778],[28.7027774,47.1272383],[28.7021026,47.1272483],[28.7020879,47.1267878],[28.7027627,47.1267778]]]}},{"type":"Feature","id":25,"properties":{"tile":"siret3_r010_c003","status":"vineyard","n_rows":13,"n_canopies":28,"n_interrows":9,"n_waste":0,"veg_frac":0.629,"nodata_frac":0,"review_priority":1,"review_note":"left strip of the vineyard south of the road unmapped","review_status":"partial","has_mask":true},"geometry":{"type":"Polygon","coordinates":[[[28.7034374,47.1267677],[28.7034522,47.1272282],[28.7027774,47.1272383],[28.7027627,47.1267778],[28.7034374,47.1267677]]]}},{"type":"Feature","id":26,"properties":{"tile":"siret3_r010_c004","status":"no_vineyard","n_rows":0,"n_canopies":0,"n_interrows":0,"n_waste":0,"veg_frac":0.811,"nodata_frac":0,"review_priority":1,"review_note":null,"review_status":null,"has_mask":true},"geometry":{"type":"Polygon","coordinates":[[[28.7041122,47.1267577],[28.7041269,47.1272182],[28.7034522,47.1272282],[28.7034374,47.1267677],[28.7041122,47.1267577]]]}},{"type":"Feature","id":27,"properties":{"tile":"siret3_r010_c005","status":"no_vineyard","n_rows":0,"n_canopies":0,"n_interrows":0,"n_waste":0,"veg_frac":0.946,"nodata_frac":0,"review_priority":1,"review_note":null,"review_status":null,"has_mask":true},"geometry":{"type":"Polygon","coordinates":[[[28.704787,47.1267476],[28.7048017,47.1272082],[28.7041269,47.1272182],[28.7041122,47.1267577],[28.704787,47.1267476]]]}},{"type":"Feature","id":28,"properties":{"tile":"siret3_r010_c006","status":"no_vineyard","n_rows":0,"n_canopies":0,"n_interrows":0,"n_waste":0,"veg_frac":0.871,"nodata_frac":0,"review_priority":1,"review_note":null,"review_status":null,"has_mask":true},"geometry":{"type":"Polygon","coordinates":[[[28.7054617,47.1267376],[28.7054764,47.1271981],[28.7048017,47.1272082],[28.704787,47.1267476],[28.7054617,47.1267376]]]}},{"type":"Feature","id":29,"properties":{"tile":"siret3_r011_c001","status":"no_vineyard","n_rows":0,"n_canopies":0,"n_interrows":0,"n_waste":0,"veg_frac":0.716,"nodata_frac":0.603,"review_priority":1,"review_note":null,"review_status":null,"has_mask":true},"geometry":{"type":"Polygon","coordinates":[[[28.7020732,47.1263273],[28.7020879,47.1267878],[28.7014132,47.1267978],[28.7013985,47.1263373],[28.7020732,47.1263273]]]}},{"type":"Feature","id":30,"properties":{"tile":"siret3_r011_c002","status":"no_vineyard","n_rows":0,"n_canopies":0,"n_interrows":0,"n_waste":0,"veg_frac":0.89,"nodata_frac":0.002,"review_priority":1,"review_note":null,"review_status":null,"has_mask":true},"geometry":{"type":"Polygon","coordinates":[[[28.702748,47.1263172],[28.7027627,47.1267778],[28.7020879,47.1267878],[28.7020732,47.1263273],[28.702748,47.1263172]]]}},{"type":"Feature","id":31,"properties":{"tile":"siret3_r011_c003","status":"no_vineyard","n_rows":0,"n_canopies":0,"n_interrows":0,"n_waste":0,"veg_frac":0.837,"nodata_frac":0,"review_priority":1,"review_note":null,"review_status":null,"has_mask":true},"geometry":{"type":"Polygon","coordinates":[[[28.7034227,47.1263072],[28.7034374,47.1267677],[28.7027627,47.1267778],[28.702748,47.1263172],[28.7034227,47.1263072]]]}},{"type":"Feature","id":32,"properties":{"tile":"siret3_r011_c004","status":"no_vineyard","n_rows":0,"n_canopies":0,"n_interrows":0,"n_waste":0,"veg_frac":0.877,"nodata_frac":0,"review_priority":1,"review_note":null,"review_status":null,"has_mask":true},"geometry":{"type":"Polygon","coordinates":[[[28.7040975,47.1262972],[28.7041122,47.1267577],[28.7034374,47.1267677],[28.7034227,47.1263072],[28.7040975,47.1262972]]]}},{"type":"Feature","id":33,"properties":{"tile":"siret3_r011_c005","status":"no_vineyard","n_rows":0,"n_canopies":0,"n_interrows":0,"n_waste":0,"veg_frac":0.896,"nodata_frac":0,"review_priority":1,"review_note":null,"review_status":null,"has_mask":true},"geometry":{"type":"Polygon","coordinates":[[[28.7047722,47.1262871],[28.704787,47.1267476],[28.7041122,47.1267577],[28.7040975,47.1262972],[28.7047722,47.1262871]]]}},{"type":"Feature","id":34,"properties":{"tile":"siret3_r011_c006","status":"no_vineyard","n_rows":0,"n_canopies":0,"n_interrows":0,"n_waste":0,"veg_frac":0.856,"nodata_frac":0,"review_priority":1,"review_note":null,"review_status":null,"has_mask":true},"geometry":{"type":"Polygon","coordinates":[[[28.705447,47.1262771],[28.7054617,47.1267376],[28.704787,47.1267476],[28.7047722,47.1262871],[28.705447,47.1262771]]]}},{"type":"Feature","id":35,"properties":{"tile":"siret3_r011_c007","status":"vineyard","n_rows":3,"n_canopies":13,"n_interrows":2,"n_waste":0,"veg_frac":0.537,"nodata_frac":0,"review_priority":3,"review_note":null,"review_status":null,"has_mask":true},"geometry":{"type":"Polygon","coordinates":[[[28.7061217,47.126267],[28.7061365,47.1267275],[28.7054617,47.1267376],[28.705447,47.1262771],[28.7061217,47.126267]]]}},{"type":"Feature","id":36,"properties":{"tile":"siret3_r011_c008","status":"no_vineyard","n_rows":0,"n_canopies":0,"n_interrows":0,"n_waste":0,"veg_frac":0.375,"nodata_frac":0.001,"review_priority":1,"review_note":null,"review_status":null,"has_mask":true},"geometry":{"type":"Polygon","coordinates":[[[28.7067965,47.126257],[28.7068112,47.1267175],[28.7061365,47.1267275],[28.7061217,47.126267],[28.7067965,47.126257]]]}},{"type":"Feature","id":37,"properties":{"tile":"siret3_r012_c002","status":"no_vineyard","n_rows":0,"n_canopies":0,"n_interrows":0,"n_waste":0,"veg_frac":0.868,"nodata_frac":0.455,"review_priority":1,"review_note":null,"review_status":null,"has_mask":true},"geometry":{"type":"Polygon","coordinates":[[[28.7027333,47.1258567],[28.702748,47.1263172],[28.7020732,47.1263273],[28.7020585,47.1258667],[28.7027333,47.1258567]]]}},{"type":"Feature","id":38,"properties":{"tile":"siret3_r012_c003","status":"no_vineyard","n_rows":0,"n_canopies":0,"n_interrows":0,"n_waste":0,"veg_frac":0.708,"nodata_frac":0.001,"review_priority":1,"review_note":null,"review_status":null,"has_mask":true},"geometry":{"type":"Polygon","coordinates":[[[28.703408,47.1258467],[28.7034227,47.1263072],[28.702748,47.1263172],[28.7027333,47.1258567],[28.703408,47.1258467]]]}},{"type":"Feature","id":39,"properties":{"tile":"siret3_r012_c004","status":"no_vineyard","n_rows":0,"n_canopies":0,"n_interrows":0,"n_waste":0,"veg_frac":0.633,"nodata_frac":0,"review_priority":1,"review_note":null,"review_status":null,"has_mask":true},"geometry":{"type":"Polygon","coordinates":[[[28.7040828,47.1258366],[28.7040975,47.1262972],[28.7034227,47.1263072],[28.703408,47.1258467],[28.7040828,47.1258366]]]}},{"type":"Feature","id":40,"properties":{"tile":"siret3_r012_c005","status":"vineyard","n_rows":4,"n_canopies":13,"n_interrows":3,"n_waste":0,"veg_frac":0.799,"nodata_frac":0,"review_priority":1,"review_note":null,"review_status":null,"has_mask":true},"geometry":{"type":"Polygon","coordinates":[[[28.7047575,47.1258266],[28.7047722,47.1262871],[28.7040975,47.1262972],[28.7040828,47.1258366],[28.7047575,47.1258266]]]}},{"type":"Feature","id":41,"properties":{"tile":"siret3_r012_c006","status":"no_vineyard","n_rows":0,"n_canopies":0,"n_interrows":0,"n_waste":0,"veg_frac":0.926,"nodata_frac":0,"review_priority":1,"review_note":null,"review_status":null,"has_mask":true},"geometry":{"type":"Polygon","coordinates":[[[28.7054323,47.1258166],[28.705447,47.1262771],[28.7047722,47.1262871],[28.7047575,47.1258266],[28.7054323,47.1258166]]]}},{"type":"Feature","id":42,"properties":{"tile":"siret3_r012_c007","status":"no_vineyard","n_rows":0,"n_canopies":0,"n_interrows":0,"n_waste":0,"veg_frac":0.548,"nodata_frac":0,"review_priority":1,"review_note":"rows of green plants on the left - vines or crop","review_status":"verify","has_mask":true},"geometry":{"type":"Polygon","coordinates":[[[28.706107,47.1258065],[28.7061217,47.126267],[28.705447,47.1262771],[28.7054323,47.1258166],[28.706107,47.1258065]]]}},{"type":"Feature","id":43,"properties":{"tile":"siret3_r012_c008","status":"no_vineyard","n_rows":0,"n_canopies":0,"n_interrows":0,"n_waste":0,"veg_frac":0.626,"nodata_frac":0.002,"review_priority":1,"review_note":null,"review_status":null,"has_mask":true},"geometry":{"type":"Polygon","coordinates":[[[28.7067818,47.1257964],[28.7067965,47.126257],[28.7061217,47.126267],[28.706107,47.1258065],[28.7067818,47.1257964]]]}},{"type":"Feature","id":44,"properties":{"tile":"siret3_r012_c009","status":"vineyard","n_rows":3,"n_canopies":15,"n_interrows":2,"n_waste":0,"veg_frac":0.392,"nodata_frac":0.002,"review_priority":1,"review_note":"garden rows in the bottom-right","review_status":"verify","has_mask":true},"geometry":{"type":"Polygon","coordinates":[[[28.7074565,47.1257864],[28.7074712,47.1262469],[28.7067965,47.126257],[28.7067818,47.1257964],[28.7074565,47.1257864]]]}},{"type":"Feature","id":45,"properties":{"tile":"siret3_r013_c003","status":"vineyard","n_rows":7,"n_canopies":92,"n_interrows":6,"n_waste":0,"veg_frac":0.525,"nodata_frac":0.297,"review_priority":1,"review_note":"vine block in the lower-left","review_status":"missed","has_mask":true},"geometry":{"type":"Polygon","coordinates":[[[28.7033933,47.1253862],[28.703408,47.1258467],[28.7027333,47.1258567],[28.7027186,47.1253962],[28.7033933,47.1253862]]]}},{"type":"Feature","id":46,"properties":{"tile":"siret3_r013_c004","status":"vineyard","n_rows":12,"n_canopies":78,"n_interrows":10,"n_waste":2,"veg_frac":0.642,"nodata_frac":0,"review_priority":1,"review_note":null,"review_status":null,"has_mask":true},"geometry":{"type":"Polygon","coordinates":[[[28.7040681,47.1253761],[28.7040828,47.1258366],[28.703408,47.1258467],[28.7033933,47.1253862],[28.7040681,47.1253761]]]}},{"type":"Feature","id":47,"properties":{"tile":"siret3_r013_c005","status":"no_vineyard","n_rows":0,"n_canopies":0,"n_interrows":0,"n_waste":0,"veg_frac":0.925,"nodata_frac":0,"review_priority":1,"review_note":null,"review_status":null,"has_mask":true},"geometry":{"type":"Polygon","coordinates":[[[28.7047428,47.1253661],[28.7047575,47.1258266],[28.7040828,47.1258366],[28.7040681,47.1253761],[28.7047428,47.1253661]]]}},{"type":"Feature","id":48,"properties":{"tile":"siret3_r013_c006","status":"no_vineyard","n_rows":0,"n_canopies":0,"n_interrows":0,"n_waste":0,"veg_frac":0.966,"nodata_frac":0,"review_priority":1,"review_note":null,"review_status":null,"has_mask":true},"geometry":{"type":"Polygon","coordinates":[[[28.7054175,47.125356],[28.7054323,47.1258166],[28.7047575,47.1258266],[28.7047428,47.1253661],[28.7054175,47.125356]]]}},{"type":"Feature","id":49,"properties":{"tile":"siret3_r013_c007","status":"no_vineyard","n_rows":0,"n_canopies":0,"n_interrows":0,"n_waste":0,"veg_frac":0.437,"nodata_frac":0,"review_priority":1,"review_note":null,"review_status":null,"has_mask":true},"geometry":{"type":"Polygon","coordinates":[[[28.7060923,47.125346],[28.706107,47.1258065],[28.7054323,47.1258166],[28.7054175,47.125356],[28.7060923,47.125346]]]}},{"type":"Feature","id":50,"properties":{"tile":"siret3_r013_c008","status":"no_vineyard","n_rows":0,"n_canopies":0,"n_interrows":0,"n_waste":0,"veg_frac":0.58,"nodata_frac":0,"review_priority":1,"review_note":null,"review_status":null,"has_mask":true},"geometry":{"type":"Polygon","coordinates":[[[28.706767,47.1253359],[28.7067818,47.1257964],[28.706107,47.1258065],[28.7060923,47.125346],[28.706767,47.1253359]]]}},{"type":"Feature","id":51,"properties":{"tile":"siret3_r013_c009","status":"vineyard","n_rows":10,"n_canopies":116,"n_interrows":8,"n_waste":0,"veg_frac":0.416,"nodata_frac":0,"review_priority":1,"review_note":"whole-tile vineyard","review_status":"missed","has_mask":true},"geometry":{"type":"Polygon","coordinates":[[[28.7074418,47.1253259],[28.7074565,47.1257864],[28.7067818,47.1257964],[28.706767,47.1253359],[28.7074418,47.1253259]]]}},{"type":"Feature","id":52,"properties":{"tile":"siret3_r014_c004","status":"vineyard","n_rows":21,"n_canopies":105,"n_interrows":17,"n_waste":0,"veg_frac":0.472,"nodata_frac":0.15,"review_priority":1,"review_note":"vineyard on the left half of the tile","review_status":"missed","has_mask":true},"geometry":{"type":"Polygon","coordinates":[[[28.7040534,47.1249156],[28.7040681,47.1253761],[28.7033933,47.1253862],[28.7033786,47.1249256],[28.7040534,47.1249156]]]}},{"type":"Feature","id":53,"properties":{"tile":"siret3_r014_c005","status":"no_vineyard","n_rows":0,"n_canopies":0,"n_interrows":0,"n_waste":0,"veg_frac":0.984,"nodata_frac":0,"review_priority":1,"review_note":null,"review_status":null,"has_mask":true},"geometry":{"type":"Polygon","coordinates":[[[28.7047281,47.1249056],[28.7047428,47.1253661],[28.7040681,47.1253761],[28.7040534,47.1249156],[28.7047281,47.1249056]]]}},{"type":"Feature","id":54,"properties":{"tile":"siret3_r014_c006","status":"no_vineyard","n_rows":0,"n_canopies":0,"n_interrows":0,"n_waste":0,"veg_frac":0.884,"nodata_frac":0,"review_priority":1,"review_note":null,"review_status":null,"has_mask":true},"geometry":{"type":"Polygon","coordinates":[[[28.7054028,47.1248955],[28.7054175,47.125356],[28.7047428,47.1253661],[28.7047281,47.1249056],[28.7054028,47.1248955]]]}},{"type":"Feature","id":55,"properties":{"tile":"siret3_r014_c007","status":"no_vineyard","n_rows":0,"n_canopies":0,"n_interrows":0,"n_waste":0,"veg_frac":0.365,"nodata_frac":0,"review_priority":1,"review_note":null,"review_status":null,"has_mask":true},"geometry":{"type":"Polygon","coordinates":[[[28.7060776,47.1248855],[28.7060923,47.125346],[28.7054175,47.125356],[28.7054028,47.1248955],[28.7060776,47.1248855]]]}},{"type":"Feature","id":56,"properties":{"tile":"siret3_r014_c008","status":"no_vineyard","n_rows":0,"n_canopies":0,"n_interrows":0,"n_waste":0,"veg_frac":0.325,"nodata_frac":0,"review_priority":1,"review_note":null,"review_status":null,"has_mask":true},"geometry":{"type":"Polygon","coordinates":[[[28.7067523,47.1248754],[28.706767,47.1253359],[28.7060923,47.125346],[28.7060776,47.1248855],[28.7067523,47.1248754]]]}},{"type":"Feature","id":57,"properties":{"tile":"siret3_r014_c009","status":"no_vineyard","n_rows":0,"n_canopies":0,"n_interrows":0,"n_waste":0,"veg_frac":0.751,"nodata_frac":0,"review_priority":1,"review_note":"young vine rows in the upper half","review_status":"missed","has_mask":true},"geometry":{"type":"Polygon","coordinates":[[[28.707427,47.1248653],[28.7074418,47.1253259],[28.706767,47.1253359],[28.7067523,47.1248754],[28.707427,47.1248653]]]}},{"type":"Feature","id":58,"properties":{"tile":"siret3_r014_c010","status":"no_vineyard","n_rows":0,"n_canopies":0,"n_interrows":0,"n_waste":0,"veg_frac":0.742,"nodata_frac":0,"review_priority":1,"review_note":null,"review_status":null,"has_mask":true},"geometry":{"type":"Polygon","coordinates":[[[28.7081018,47.1248553],[28.7081165,47.1253158],[28.7074418,47.1253259],[28.707427,47.1248653],[28.7081018,47.1248553]]]}},{"type":"Feature","id":59,"properties":{"tile":"siret3_r015_c004","status":"no_vineyard","n_rows":0,"n_canopies":0,"n_interrows":0,"n_waste":0,"veg_frac":0.855,"nodata_frac":0.84,"review_priority":1,"review_note":null,"review_status":null,"has_mask":true},"geometry":{"type":"Polygon","coordinates":[[[28.7040386,47.1244551],[28.7040534,47.1249156],[28.7033786,47.1249256],[28.7033639,47.1244651],[28.7040386,47.1244551]]]}},{"type":"Feature","id":60,"properties":{"tile":"siret3_r015_c005","status":"no_vineyard","n_rows":0,"n_canopies":0,"n_interrows":0,"n_waste":0,"veg_frac":0.964,"nodata_frac":0.047,"review_priority":1,"review_note":null,"review_status":null,"has_mask":true},"geometry":{"type":"Polygon","coordinates":[[[28.7047134,47.124445],[28.7047281,47.1249056],[28.7040534,47.1249156],[28.7040386,47.1244551],[28.7047134,47.124445]]]}},{"type":"Feature","id":61,"properties":{"tile":"siret3_r015_c006","status":"no_vineyard","n_rows":0,"n_canopies":0,"n_interrows":0,"n_waste":0,"veg_frac":0.814,"nodata_frac":0,"review_priority":1,"review_note":null,"review_status":null,"has_mask":true},"geometry":{"type":"Polygon","coordinates":[[[28.7053881,47.124435],[28.7054028,47.1248955],[28.7047281,47.1249056],[28.7047134,47.124445],[28.7053881,47.124435]]]}},{"type":"Feature","id":62,"properties":{"tile":"siret3_r015_c007","status":"no_vineyard","n_rows":0,"n_canopies":0,"n_interrows":0,"n_waste":0,"veg_frac":0.62,"nodata_frac":0,"review_priority":1,"review_note":null,"review_status":null,"has_mask":true},"geometry":{"type":"Polygon","coordinates":[[[28.7060628,47.1244249],[28.7060776,47.1248855],[28.7054028,47.1248955],[28.7053881,47.124435],[28.7060628,47.1244249]]]}},{"type":"Feature","id":63,"properties":{"tile":"siret3_r015_c008","status":"no_vineyard","n_rows":0,"n_canopies":0,"n_interrows":0,"n_waste":0,"veg_frac":0.589,"nodata_frac":0,"review_priority":1,"review_note":null,"review_status":null,"has_mask":true},"geometry":{"type":"Polygon","coordinates":[[[28.7067376,47.1244149],[28.7067523,47.1248754],[28.7060776,47.1248855],[28.7060628,47.1244249],[28.7067376,47.1244149]]]}},{"type":"Feature","id":64,"properties":{"tile":"siret3_r015_c009","status":"no_vineyard","n_rows":0,"n_canopies":0,"n_interrows":0,"n_waste":0,"veg_frac":0.829,"nodata_frac":0,"review_priority":1,"review_note":null,"review_status":null,"has_mask":true},"geometry":{"type":"Polygon","coordinates":[[[28.7074123,47.1244048],[28.707427,47.1248653],[28.7067523,47.1248754],[28.7067376,47.1244149],[28.7074123,47.1244048]]]}},{"type":"Feature","id":65,"properties":{"tile":"siret3_r015_c010","status":"no_vineyard","n_rows":0,"n_canopies":0,"n_interrows":0,"n_waste":0,"veg_frac":0.638,"nodata_frac":0,"review_priority":1,"review_note":null,"review_status":null,"has_mask":true},"geometry":{"type":"Polygon","coordinates":[[[28.708087,47.1243948],[28.7081018,47.1248553],[28.707427,47.1248653],[28.7074123,47.1244048],[28.708087,47.1243948]]]}},{"type":"Feature","id":66,"properties":{"tile":"siret3_r015_c011","status":"vineyard","n_rows":5,"n_canopies":13,"n_interrows":4,"n_waste":2,"veg_frac":0.482,"nodata_frac":0.002,"review_priority":1,"review_note":null,"review_status":null,"has_mask":true},"geometry":{"type":"Polygon","coordinates":[[[28.7087617,47.1243847],[28.7087765,47.1248452],[28.7081018,47.1248553],[28.708087,47.1243948],[28.7087617,47.1243847]]]}},{"type":"Feature","id":67,"properties":{"tile":"siret3_r016_c005","status":"no_vineyard","n_rows":0,"n_canopies":0,"n_interrows":0,"n_waste":0,"veg_frac":0.925,"nodata_frac":0.658,"review_priority":1,"review_note":null,"review_status":null,"has_mask":true},"geometry":{"type":"Polygon","coordinates":[[[28.7046987,47.1239845],[28.7047134,47.124445],[28.7040386,47.1244551],[28.7040239,47.1239946],[28.7046987,47.1239845]]]}},{"type":"Feature","id":68,"properties":{"tile":"siret3_r016_c006","status":"no_vineyard","n_rows":0,"n_canopies":0,"n_interrows":0,"n_waste":0,"veg_frac":0.945,"nodata_frac":0.001,"review_priority":1,"review_note":null,"review_status":null,"has_mask":true},"geometry":{"type":"Polygon","coordinates":[[[28.7053734,47.1239745],[28.7053881,47.124435],[28.7047134,47.124445],[28.7046987,47.1239845],[28.7053734,47.1239745]]]}},{"type":"Feature","id":69,"properties":{"tile":"siret3_r016_c007","status":"no_vineyard","n_rows":0,"n_canopies":0,"n_interrows":0,"n_waste":0,"veg_frac":0.458,"nodata_frac":0,"review_priority":1,"review_note":null,"review_status":null,"has_mask":true},"geometry":{"type":"Polygon","coordinates":[[[28.7060481,47.1239644],[28.7060628,47.1244249],[28.7053881,47.124435],[28.7053734,47.1239745],[28.7060481,47.1239644]]]}},{"type":"Feature","id":70,"properties":{"tile":"siret3_r016_c008","status":"no_vineyard","n_rows":0,"n_canopies":0,"n_interrows":0,"n_waste":0,"veg_frac":0.97,"nodata_frac":0,"review_priority":1,"review_note":null,"review_status":null,"has_mask":true},"geometry":{"type":"Polygon","coordinates":[[[28.7067228,47.1239544],[28.7067376,47.1244149],[28.7060628,47.1244249],[28.7060481,47.1239644],[28.7067228,47.1239544]]]}},{"type":"Feature","id":71,"properties":{"tile":"siret3_r016_c009","status":"no_vineyard","n_rows":0,"n_canopies":0,"n_interrows":0,"n_waste":0,"veg_frac":0.849,"nodata_frac":0,"review_priority":1,"review_note":null,"review_status":null,"has_mask":true},"geometry":{"type":"Polygon","coordinates":[[[28.7073975,47.1239443],[28.7074123,47.1244048],[28.7067376,47.1244149],[28.7067228,47.1239544],[28.7073975,47.1239443]]]}},{"type":"Feature","id":72,"properties":{"tile":"siret3_r016_c010","status":"no_vineyard","n_rows":0,"n_canopies":0,"n_interrows":0,"n_waste":0,"veg_frac":0.941,"nodata_frac":0,"review_priority":1,"review_note":null,"review_status":null,"has_mask":true},"geometry":{"type":"Polygon","coordinates":[[[28.7080723,47.1239342],[28.708087,47.1243948],[28.7074123,47.1244048],[28.7073975,47.1239443],[28.7080723,47.1239342]]]}},{"type":"Feature","id":73,"properties":{"tile":"siret3_r016_c011","status":"no_vineyard","n_rows":0,"n_canopies":0,"n_interrows":0,"n_waste":0,"veg_frac":0.566,"nodata_frac":0,"review_priority":1,"review_note":null,"review_status":null,"has_mask":true},"geometry":{"type":"Polygon","coordinates":[[[28.708747,47.1239242],[28.7087617,47.1243847],[28.708087,47.1243948],[28.7080723,47.1239342],[28.708747,47.1239242]]]}},{"type":"Feature","id":74,"properties":{"tile":"siret3_r017_c006","status":"no_vineyard","n_rows":0,"n_canopies":0,"n_interrows":0,"n_waste":0,"veg_frac":0.977,"nodata_frac":0.504,"review_priority":1,"review_note":null,"review_status":null,"has_mask":true},"geometry":{"type":"Polygon","coordinates":[[[28.7053587,47.1235139],[28.7053734,47.1239745],[28.7046987,47.1239845],[28.7046839,47.123524],[28.7053587,47.1235139]]]}},{"type":"Feature","id":75,"properties":{"tile":"siret3_r017_c007","status":"no_vineyard","n_rows":0,"n_canopies":0,"n_interrows":0,"n_waste":0,"veg_frac":0.659,"nodata_frac":0,"review_priority":1,"review_note":null,"review_status":null,"has_mask":true},"geometry":{"type":"Polygon","coordinates":[[[28.7060334,47.1235039],[28.7060481,47.1239644],[28.7053734,47.1239745],[28.7053587,47.1235139],[28.7060334,47.1235039]]]}},{"type":"Feature","id":76,"properties":{"tile":"siret3_r017_c008","status":"no_vineyard","n_rows":0,"n_canopies":0,"n_interrows":0,"n_waste":0,"veg_frac":0.985,"nodata_frac":0,"review_priority":1,"review_note":null,"review_status":null,"has_mask":true},"geometry":{"type":"Polygon","coordinates":[[[28.7067081,47.1234938],[28.7067228,47.1239544],[28.7060481,47.1239644],[28.7060334,47.1235039],[28.7067081,47.1234938]]]}},{"type":"Feature","id":77,"properties":{"tile":"siret3_r017_c009","status":"no_vineyard","n_rows":0,"n_canopies":0,"n_interrows":0,"n_waste":0,"veg_frac":0.919,"nodata_frac":0,"review_priority":1,"review_note":null,"review_status":null,"has_mask":true},"geometry":{"type":"Polygon","coordinates":[[[28.7073828,47.1234838],[28.7073975,47.1239443],[28.7067228,47.1239544],[28.7067081,47.1234938],[28.7073828,47.1234838]]]}},{"type":"Feature","id":78,"properties":{"tile":"siret3_r017_c010","status":"no_vineyard","n_rows":0,"n_canopies":0,"n_interrows":0,"n_waste":0,"veg_frac":0.955,"nodata_frac":0,"review_priority":1,"review_note":null,"review_status":null,"has_mask":true},"geometry":{"type":"Polygon","coordinates":[[[28.7080575,47.1234737],[28.7080723,47.1239342],[28.7073975,47.1239443],[28.7073828,47.1234838],[28.7080575,47.1234737]]]}},{"type":"Feature","id":79,"properties":{"tile":"siret3_r017_c011","status":"no_vineyard","n_rows":0,"n_canopies":0,"n_interrows":0,"n_waste":0,"veg_frac":0.952,"nodata_frac":0,"review_priority":1,"review_note":null,"review_status":null,"has_mask":true},"geometry":{"type":"Polygon","coordinates":[[[28.7087322,47.1234637],[28.708747,47.1239242],[28.7080723,47.1239342],[28.7080575,47.1234737],[28.7087322,47.1234637]]]}},{"type":"Feature","id":80,"properties":{"tile":"siret3_r017_c012","status":"no_vineyard","n_rows":0,"n_canopies":0,"n_interrows":0,"n_waste":0,"veg_frac":0.645,"nodata_frac":0,"review_priority":1,"review_note":null,"review_status":null,"has_mask":true},"geometry":{"type":"Polygon","coordinates":[[[28.7094069,47.1234536],[28.7094217,47.1239141],[28.708747,47.1239242],[28.7087322,47.1234637],[28.7094069,47.1234536]]]}},{"type":"Feature","id":81,"properties":{"tile":"siret3_r018_c007","status":"no_vineyard","n_rows":0,"n_canopies":0,"n_interrows":0,"n_waste":0,"veg_frac":0.446,"nodata_frac":0.309,"review_priority":1,"review_note":null,"review_status":null,"has_mask":true},"geometry":{"type":"Polygon","coordinates":[[[28.7060186,47.1230434],[28.7060334,47.1235039],[28.7053587,47.1235139],[28.7053439,47.1230534],[28.7060186,47.1230434]]]}},{"type":"Feature","id":82,"properties":{"tile":"siret3_r018_c008","status":"no_vineyard","n_rows":0,"n_canopies":0,"n_interrows":0,"n_waste":0,"veg_frac":0.933,"nodata_frac":0,"review_priority":1,"review_note":null,"review_status":null,"has_mask":true},"geometry":{"type":"Polygon","coordinates":[[[28.7066934,47.1230333],[28.7067081,47.1234938],[28.7060334,47.1235039],[28.7060186,47.1230434],[28.7066934,47.1230333]]]}},{"type":"Feature","id":83,"properties":{"tile":"siret3_r018_c009","status":"no_vineyard","n_rows":0,"n_canopies":0,"n_interrows":0,"n_waste":0,"veg_frac":0.938,"nodata_frac":0,"review_priority":1,"review_note":null,"review_status":null,"has_mask":true},"geometry":{"type":"Polygon","coordinates":[[[28.7073681,47.1230233],[28.7073828,47.1234838],[28.7067081,47.1234938],[28.7066934,47.1230333],[28.7073681,47.1230233]]]}},{"type":"Feature","id":84,"properties":{"tile":"siret3_r018_c010","status":"vineyard","n_rows":10,"n_canopies":38,"n_interrows":9,"n_waste":0,"veg_frac":0.531,"nodata_frac":0,"review_priority":1,"review_note":null,"review_status":null,"has_mask":true},"geometry":{"type":"Polygon","coordinates":[[[28.7080428,47.1230132],[28.7080575,47.1234737],[28.7073828,47.1234838],[28.7073681,47.1230233],[28.7080428,47.1230132]]]}},{"type":"Feature","id":85,"properties":{"tile":"siret3_r018_c011","status":"vineyard","n_rows":17,"n_canopies":149,"n_interrows":15,"n_waste":0,"veg_frac":0.487,"nodata_frac":0,"review_priority":1,"review_note":null,"review_status":null,"has_mask":true},"geometry":{"type":"Polygon","coordinates":[[[28.7087175,47.1230031],[28.7087322,47.1234637],[28.7080575,47.1234737],[28.7080428,47.1230132],[28.7087175,47.1230031]]]}},{"type":"Feature","id":86,"properties":{"tile":"siret3_r018_c012","status":"vineyard","n_rows":19,"n_canopies":254,"n_interrows":18,"n_waste":0,"veg_frac":0.261,"nodata_frac":0,"review_priority":1,"review_note":null,"review_status":null,"has_mask":true},"geometry":{"type":"Polygon","coordinates":[[[28.7093922,47.1229931],[28.7094069,47.1234536],[28.7087322,47.1234637],[28.7087175,47.1230031],[28.7093922,47.1229931]]]}},{"type":"Feature","id":87,"properties":{"tile":"siret3_r018_c013","status":"vineyard","n_rows":2,"n_canopies":4,"n_interrows":1,"n_waste":0,"veg_frac":0.381,"nodata_frac":0,"review_priority":1,"review_note":null,"review_status":null,"has_mask":true},"geometry":{"type":"Polygon","coordinates":[[[28.7100669,47.122983],[28.7100817,47.1234435],[28.7094069,47.1234536],[28.7093922,47.1229931],[28.7100669,47.122983]]]}},{"type":"Feature","id":88,"properties":{"tile":"siret3_r019_c008","status":"no_vineyard","n_rows":0,"n_canopies":0,"n_interrows":0,"n_waste":0,"veg_frac":0.991,"nodata_frac":0.11,"review_priority":1,"review_note":null,"review_status":null,"has_mask":true},"geometry":{"type":"Polygon","coordinates":[[[28.7066786,47.1225728],[28.7066934,47.1230333],[28.7060186,47.1230434],[28.7060039,47.1225828],[28.7066786,47.1225728]]]}},{"type":"Feature","id":89,"properties":{"tile":"siret3_r019_c009","status":"no_vineyard","n_rows":0,"n_canopies":0,"n_interrows":0,"n_waste":0,"veg_frac":0.831,"nodata_frac":0,"review_priority":1,"review_note":null,"review_status":null,"has_mask":true},"geometry":{"type":"Polygon","coordinates":[[[28.7073533,47.1225627],[28.7073681,47.1230233],[28.7066934,47.1230333],[28.7066786,47.1225728],[28.7073533,47.1225627]]]}},{"type":"Feature","id":90,"properties":{"tile":"siret3_r019_c010","status":"vineyard","n_rows":20,"n_canopies":286,"n_interrows":19,"n_waste":0,"veg_frac":0.184,"nodata_frac":0,"review_priority":1,"review_note":null,"review_status":null,"has_mask":true},"geometry":{"type":"Polygon","coordinates":[[[28.708028,47.1225527],[28.7080428,47.1230132],[28.7073681,47.1230233],[28.7073533,47.1225627],[28.708028,47.1225527]]]}},{"type":"Feature","id":91,"properties":{"tile":"siret3_r019_c011","status":"vineyard","n_rows":24,"n_canopies":389,"n_interrows":23,"n_waste":0,"veg_frac":0.144,"nodata_frac":0,"review_priority":1,"review_note":null,"review_status":null,"has_mask":true},"geometry":{"type":"Polygon","coordinates":[[[28.7087027,47.1225426],[28.7087175,47.1230031],[28.7080428,47.1230132],[28.708028,47.1225527],[28.7087027,47.1225426]]]}},{"type":"Feature","id":92,"properties":{"tile":"siret3_r019_c012","status":"vineyard","n_rows":26,"n_canopies":418,"n_interrows":25,"n_waste":0,"veg_frac":0.139,"nodata_frac":0,"review_priority":2,"review_note":null,"review_status":null,"has_mask":true},"geometry":{"type":"Polygon","coordinates":[[[28.7093774,47.1225325],[28.7093922,47.1229931],[28.7087175,47.1230031],[28.7087027,47.1225426],[28.7093774,47.1225325]]]}},{"type":"Feature","id":93,"properties":{"tile":"siret3_r019_c013","status":"vineyard","n_rows":16,"n_canopies":223,"n_interrows":15,"n_waste":0,"veg_frac":0.236,"nodata_frac":0,"review_priority":1,"review_note":null,"review_status":null,"has_mask":true},"geometry":{"type":"Polygon","coordinates":[[[28.7100521,47.1225225],[28.7100669,47.122983],[28.7093922,47.1229931],[28.7093774,47.1225325],[28.7100521,47.1225225]]]}},{"type":"Feature","id":94,"properties":{"tile":"siret3_r019_c014","status":"vineyard","n_rows":1,"n_canopies":3,"n_interrows":0,"n_waste":0,"veg_frac":0.595,"nodata_frac":0,"review_priority":1,"review_note":null,"review_status":null,"has_mask":true},"geometry":{"type":"Polygon","coordinates":[[[28.7107268,47.1225124],[28.7107416,47.1229729],[28.7100669,47.122983],[28.7100521,47.1225225],[28.7107268,47.1225124]]]}},{"type":"Feature","id":95,"properties":{"tile":"siret3_r020_c008","status":"no_vineyard","n_rows":0,"n_canopies":0,"n_interrows":0,"n_waste":0,"veg_frac":0.959,"nodata_frac":0.73,"review_priority":1,"review_note":null,"review_status":null,"has_mask":true},"geometry":{"type":"Polygon","coordinates":[[[28.7066639,47.1221123],[28.7066786,47.1225728],[28.7060039,47.1225828],[28.7059892,47.1221223],[28.7066639,47.1221123]]]}},{"type":"Feature","id":96,"properties":{"tile":"siret3_r020_c009","status":"no_vineyard","n_rows":0,"n_canopies":0,"n_interrows":0,"n_waste":0,"veg_frac":0.902,"nodata_frac":0.005,"review_priority":1,"review_note":null,"review_status":null,"has_mask":true},"geometry":{"type":"Polygon","coordinates":[[[28.7073386,47.1221022],[28.7073533,47.1225627],[28.7066786,47.1225728],[28.7066639,47.1221123],[28.7073386,47.1221022]]]}},{"type":"Feature","id":97,"properties":{"tile":"siret3_r020_c010","status":"vineyard","n_rows":6,"n_canopies":48,"n_interrows":4,"n_waste":0,"veg_frac":0.734,"nodata_frac":0,"review_priority":1,"review_note":null,"review_status":null,"has_mask":true},"geometry":{"type":"Polygon","coordinates":[[[28.7080133,47.1220922],[28.708028,47.1225527],[28.7073533,47.1225627],[28.7073386,47.1221022],[28.7080133,47.1220922]]]}},{"type":"Feature","id":98,"properties":{"tile":"siret3_r020_c011","status":"vineyard","n_rows":22,"n_canopies":348,"n_interrows":21,"n_waste":0,"veg_frac":0.141,"nodata_frac":0,"review_priority":1,"review_note":null,"review_status":null,"has_mask":true},"geometry":{"type":"Polygon","coordinates":[[[28.708688,47.1220821],[28.7087027,47.1225426],[28.708028,47.1225527],[28.7080133,47.1220922],[28.708688,47.1220821]]]}},{"type":"Feature","id":99,"properties":{"tile":"siret3_r020_c012","status":"vineyard","n_rows":24,"n_canopies":361,"n_interrows":23,"n_waste":0,"veg_frac":0.123,"nodata_frac":0,"review_priority":1,"review_note":null,"review_status":null,"has_mask":true},"geometry":{"type":"Polygon","coordinates":[[[28.7093627,47.122072],[28.7093774,47.1225325],[28.7087027,47.1225426],[28.708688,47.1220821],[28.7093627,47.122072]]]}},{"type":"Feature","id":100,"properties":{"tile":"siret3_r020_c013","status":"vineyard","n_rows":25,"n_canopies":386,"n_interrows":24,"n_waste":0,"veg_frac":0.169,"nodata_frac":0,"review_priority":1,"review_note":null,"review_status":null,"has_mask":true},"geometry":{"type":"Polygon","coordinates":[[[28.7100374,47.1220619],[28.7100521,47.1225225],[28.7093774,47.1225325],[28.7093627,47.122072],[28.7100374,47.1220619]]]}},{"type":"Feature","id":101,"properties":{"tile":"siret3_r020_c014","status":"vineyard","n_rows":13,"n_canopies":206,"n_interrows":12,"n_waste":0,"veg_frac":0.294,"nodata_frac":0,"review_priority":1,"review_note":null,"review_status":null,"has_mask":true},"geometry":{"type":"Polygon","coordinates":[[[28.7107121,47.1220519],[28.7107268,47.1225124],[28.7100521,47.1225225],[28.7100374,47.1220619],[28.7107121,47.1220519]]]}},{"type":"Feature","id":102,"properties":{"tile":"siret3_r020_c015","status":"no_vineyard","n_rows":0,"n_canopies":0,"n_interrows":0,"n_waste":0,"veg_frac":0.282,"nodata_frac":0,"review_priority":1,"review_note":null,"review_status":null,"has_mask":true},"geometry":{"type":"Polygon","coordinates":[[[28.7113868,47.1220418],[28.7114015,47.1225023],[28.7107268,47.1225124],[28.7107121,47.1220519],[28.7113868,47.1220418]]]}},{"type":"Feature","id":103,"properties":{"tile":"siret3_r021_c009","status":"no_vineyard","n_rows":0,"n_canopies":0,"n_interrows":0,"n_waste":0,"veg_frac":0.965,"nodata_frac":0.407,"review_priority":1,"review_note":null,"review_status":null,"has_mask":true},"geometry":{"type":"Polygon","coordinates":[[[28.7073239,47.1216417],[28.7073386,47.1221022],[28.7066639,47.1221123],[28.7066492,47.1216517],[28.7073239,47.1216417]]]}},{"type":"Feature","id":104,"properties":{"tile":"siret3_r021_c010","status":"no_vineyard","n_rows":0,"n_canopies":0,"n_interrows":0,"n_waste":0,"veg_frac":0.89,"nodata_frac":0,"review_priority":1,"review_note":null,"review_status":null,"has_mask":true},"geometry":{"type":"Polygon","coordinates":[[[28.7079985,47.1216316],[28.7080133,47.1220922],[28.7073386,47.1221022],[28.7073239,47.1216417],[28.7079985,47.1216316]]]}},{"type":"Feature","id":105,"properties":{"tile":"siret3_r021_c011","status":"vineyard","n_rows":12,"n_canopies":151,"n_interrows":11,"n_waste":0,"veg_frac":0.631,"nodata_frac":0,"review_priority":1,"review_note":null,"review_status":null,"has_mask":true},"geometry":{"type":"Polygon","coordinates":[[[28.7086732,47.1216216],[28.708688,47.1220821],[28.7080133,47.1220922],[28.7079985,47.1216316],[28.7086732,47.1216216]]]}},{"type":"Feature","id":106,"properties":{"tile":"siret3_r021_c012","status":"vineyard","n_rows":25,"n_canopies":397,"n_interrows":24,"n_waste":0,"veg_frac":0.145,"nodata_frac":0,"review_priority":1,"review_note":null,"review_status":null,"has_mask":true},"geometry":{"type":"Polygon","coordinates":[[[28.7093479,47.1216115],[28.7093627,47.122072],[28.708688,47.1220821],[28.7086732,47.1216216],[28.7093479,47.1216115]]]}},{"type":"Feature","id":107,"properties":{"tile":"siret3_r021_c013","status":"vineyard","n_rows":25,"n_canopies":401,"n_interrows":23,"n_waste":0,"veg_frac":0.13,"nodata_frac":0,"review_priority":1,"review_note":null,"review_status":null,"has_mask":true},"geometry":{"type":"Polygon","coordinates":[[[28.7100226,47.1216014],[28.7100374,47.1220619],[28.7093627,47.122072],[28.7093479,47.1216115],[28.7100226,47.1216014]]]}},{"type":"Feature","id":108,"properties":{"tile":"siret3_r021_c014","status":"vineyard","n_rows":24,"n_canopies":315,"n_interrows":22,"n_waste":0,"veg_frac":0.262,"nodata_frac":0,"review_priority":1,"review_note":null,"review_status":null,"has_mask":true},"geometry":{"type":"Polygon","coordinates":[[[28.7106973,47.1215913],[28.7107121,47.1220519],[28.7100374,47.1220619],[28.7100226,47.1216014],[28.7106973,47.1215913]]]}},{"type":"Feature","id":109,"properties":{"tile":"siret3_r021_c015","status":"vineyard","n_rows":3,"n_canopies":9,"n_interrows":2,"n_waste":0,"veg_frac":0.452,"nodata_frac":0,"review_priority":1,"review_note":null,"review_status":null,"has_mask":true},"geometry":{"type":"Polygon","coordinates":[[[28.711372,47.1215813],[28.7113868,47.1220418],[28.7107121,47.1220519],[28.7106973,47.1215913],[28.711372,47.1215813]]]}},{"type":"Feature","id":110,"properties":{"tile":"siret3_r021_c016","status":"vineyard","n_rows":7,"n_canopies":35,"n_interrows":6,"n_waste":0,"veg_frac":0.428,"nodata_frac":0,"review_priority":2,"review_note":null,"review_status":null,"has_mask":true},"geometry":{"type":"Polygon","coordinates":[[[28.7120467,47.1215712],[28.7120615,47.1220317],[28.7113868,47.1220418],[28.711372,47.1215813],[28.7120467,47.1215712]]]}},{"type":"Feature","id":111,"properties":{"tile":"siret3_r022_c010","status":"no_vineyard","n_rows":0,"n_canopies":0,"n_interrows":0,"n_waste":0,"veg_frac":0.789,"nodata_frac":0.13,"review_priority":1,"review_note":null,"review_status":null,"has_mask":true},"geometry":{"type":"Polygon","coordinates":[[[28.7079838,47.1211711],[28.7079985,47.1216316],[28.7073239,47.1216417],[28.7073091,47.1211812],[28.7079838,47.1211711]]]}},{"type":"Feature","id":112,"properties":{"tile":"siret3_r022_c011","status":"no_vineyard","n_rows":0,"n_canopies":0,"n_interrows":0,"n_waste":0,"veg_frac":0.861,"nodata_frac":0,"review_priority":1,"review_note":null,"review_status":null,"has_mask":true},"geometry":{"type":"Polygon","coordinates":[[[28.7086585,47.121161],[28.7086732,47.1216216],[28.7079985,47.1216316],[28.7079838,47.1211711],[28.7086585,47.121161]]]}},{"type":"Feature","id":113,"properties":{"tile":"siret3_r022_c012","status":"vineyard","n_rows":14,"n_canopies":219,"n_interrows":13,"n_waste":0,"veg_frac":0.413,"nodata_frac":0,"review_priority":1,"review_note":null,"review_status":null,"has_mask":true},"geometry":{"type":"Polygon","coordinates":[[[28.7093332,47.121151],[28.7093479,47.1216115],[28.7086732,47.1216216],[28.7086585,47.121161],[28.7093332,47.121151]]]}},{"type":"Feature","id":114,"properties":{"tile":"siret3_r022_c013","status":"vineyard","n_rows":25,"n_canopies":364,"n_interrows":23,"n_waste":0,"veg_frac":0.139,"nodata_frac":0,"review_priority":1,"review_note":null,"review_status":null,"has_mask":true},"geometry":{"type":"Polygon","coordinates":[[[28.7100079,47.1211409],[28.7100226,47.1216014],[28.7093479,47.1216115],[28.7093332,47.121151],[28.7100079,47.1211409]]]}},{"type":"Feature","id":115,"properties":{"tile":"siret3_r022_c014","status":"vineyard","n_rows":16,"n_canopies":288,"n_interrows":15,"n_waste":0,"veg_frac":0.344,"nodata_frac":0,"review_priority":2,"review_note":null,"review_status":null,"has_mask":true},"geometry":{"type":"Polygon","coordinates":[[[28.7106825,47.1211308],[28.7106973,47.1215913],[28.7100226,47.1216014],[28.7100079,47.1211409],[28.7106825,47.1211308]]]}},{"type":"Feature","id":116,"properties":{"tile":"siret3_r022_c015","status":"vineyard","n_rows":1,"n_canopies":4,"n_interrows":0,"n_waste":0,"veg_frac":0.548,"nodata_frac":0,"review_priority":2,"review_note":null,"review_status":null,"has_mask":true},"geometry":{"type":"Polygon","coordinates":[[[28.7113572,47.1211207],[28.711372,47.1215813],[28.7106973,47.1215913],[28.7106825,47.1211308],[28.7113572,47.1211207]]]}},{"type":"Feature","id":117,"properties":{"tile":"siret3_r022_c016","status":"no_vineyard","n_rows":0,"n_canopies":0,"n_interrows":0,"n_waste":1,"veg_frac":0.575,"nodata_frac":0,"review_priority":3,"review_note":null,"review_status":null,"has_mask":true},"geometry":{"type":"Polygon","coordinates":[[[28.7120319,47.1211107],[28.7120467,47.1215712],[28.711372,47.1215813],[28.7113572,47.1211207],[28.7120319,47.1211107]]]}},{"type":"Feature","id":118,"properties":{"tile":"siret3_r022_c017","status":"no_vineyard","n_rows":0,"n_canopies":0,"n_interrows":0,"n_waste":0,"veg_frac":0.674,"nodata_frac":0,"review_priority":1,"review_note":null,"review_status":null,"has_mask":true},"geometry":{"type":"Polygon","coordinates":[[[28.7127066,47.1211006],[28.7127214,47.1215611],[28.7120467,47.1215712],[28.7120319,47.1211107],[28.7127066,47.1211006]]]}},{"type":"Feature","id":119,"properties":{"tile":"siret3_r023_c010","status":"no_vineyard","n_rows":0,"n_canopies":0,"n_interrows":0,"n_waste":0,"veg_frac":0.967,"nodata_frac":0.806,"review_priority":1,"review_note":null,"review_status":null,"has_mask":true},"geometry":{"type":"Polygon","coordinates":[[[28.7079691,47.1207106],[28.7079838,47.1211711],[28.7073091,47.1211812],[28.7072944,47.1207206],[28.7079691,47.1207106]]]}},{"type":"Feature","id":120,"properties":{"tile":"siret3_r023_c011","status":"no_vineyard","n_rows":0,"n_canopies":0,"n_interrows":0,"n_waste":0,"veg_frac":0.454,"nodata_frac":0.035,"review_priority":1,"review_note":null,"review_status":null,"has_mask":true},"geometry":{"type":"Polygon","coordinates":[[[28.7086437,47.1207005],[28.7086585,47.121161],[28.7079838,47.1211711],[28.7079691,47.1207106],[28.7086437,47.1207005]]]}},{"type":"Feature","id":121,"properties":{"tile":"siret3_r023_c012","status":"no_vineyard","n_rows":0,"n_canopies":0,"n_interrows":0,"n_waste":0,"veg_frac":0.905,"nodata_frac":0,"review_priority":1,"review_note":null,"review_status":null,"has_mask":true},"geometry":{"type":"Polygon","coordinates":[[[28.7093184,47.1206905],[28.7093332,47.121151],[28.7086585,47.121161],[28.7086437,47.1207005],[28.7093184,47.1206905]]]}},{"type":"Feature","id":122,"properties":{"tile":"siret3_r023_c013","status":"no_vineyard","n_rows":0,"n_canopies":0,"n_interrows":0,"n_waste":0,"veg_frac":0.817,"nodata_frac":0,"review_priority":1,"review_note":null,"review_status":null,"has_mask":true},"geometry":{"type":"Polygon","coordinates":[[[28.7099931,47.1206804],[28.7100079,47.1211409],[28.7093332,47.121151],[28.7093184,47.1206905],[28.7099931,47.1206804]]]}},{"type":"Feature","id":123,"properties":{"tile":"siret3_r023_c014","status":"vineyard","n_rows":15,"n_canopies":184,"n_interrows":14,"n_waste":0,"veg_frac":0.435,"nodata_frac":0,"review_priority":1,"review_note":null,"review_status":null,"has_mask":true},"geometry":{"type":"Polygon","coordinates":[[[28.7106678,47.1206703],[28.7106825,47.1211308],[28.7100079,47.1211409],[28.7099931,47.1206804],[28.7106678,47.1206703]]]}},{"type":"Feature","id":124,"properties":{"tile":"siret3_r023_c015","status":"vineyard","n_rows":13,"n_canopies":70,"n_interrows":9,"n_waste":0,"veg_frac":0.427,"nodata_frac":0,"review_priority":1,"review_note":"left block unmapped","review_status":"partial","has_mask":true},"geometry":{"type":"Polygon","coordinates":[[[28.7113424,47.1206602],[28.7113572,47.1211207],[28.7106825,47.1211308],[28.7106678,47.1206703],[28.7113424,47.1206602]]]}},{"type":"Feature","id":125,"properties":{"tile":"siret3_r023_c016","status":"vineyard","n_rows":12,"n_canopies":71,"n_interrows":11,"n_waste":2,"veg_frac":0.28,"nodata_frac":0,"review_priority":1,"review_note":null,"review_status":null,"has_mask":true},"geometry":{"type":"Polygon","coordinates":[[[28.7120171,47.1206501],[28.7120319,47.1211107],[28.7113572,47.1211207],[28.7113424,47.1206602],[28.7120171,47.1206501]]]}},{"type":"Feature","id":126,"properties":{"tile":"siret3_r023_c017","status":"no_vineyard","n_rows":0,"n_canopies":0,"n_interrows":0,"n_waste":0,"veg_frac":0.628,"nodata_frac":0,"review_priority":1,"review_note":null,"review_status":null,"has_mask":true},"geometry":{"type":"Polygon","coordinates":[[[28.7126918,47.1206401],[28.7127066,47.1211006],[28.7120319,47.1211107],[28.7120171,47.1206501],[28.7126918,47.1206401]]]}},{"type":"Feature","id":127,"properties":{"tile":"siret3_r024_c011","status":"no_vineyard","n_rows":0,"n_canopies":0,"n_interrows":0,"n_waste":0,"veg_frac":0.923,"nodata_frac":0.604,"review_priority":1,"review_note":null,"review_status":null,"has_mask":true},"geometry":{"type":"Polygon","coordinates":[[[28.708629,47.12024],[28.7086437,47.1207005],[28.7079691,47.1207106],[28.7079543,47.1202501],[28.708629,47.12024]]]}},{"type":"Feature","id":128,"properties":{"tile":"siret3_r024_c012","status":"no_vineyard","n_rows":0,"n_canopies":0,"n_interrows":0,"n_waste":0,"veg_frac":0.911,"nodata_frac":0,"review_priority":1,"review_note":null,"review_status":null,"has_mask":true},"geometry":{"type":"Polygon","coordinates":[[[28.7093037,47.1202299],[28.7093184,47.1206905],[28.7086437,47.1207005],[28.708629,47.12024],[28.7093037,47.1202299]]]}},{"type":"Feature","id":129,"properties":{"tile":"siret3_r024_c013","status":"no_vineyard","n_rows":0,"n_canopies":0,"n_interrows":0,"n_waste":0,"veg_frac":0.919,"nodata_frac":0,"review_priority":1,"review_note":null,"review_status":null,"has_mask":true},"geometry":{"type":"Polygon","coordinates":[[[28.7099783,47.1202199],[28.7099931,47.1206804],[28.7093184,47.1206905],[28.7093037,47.1202299],[28.7099783,47.1202199]]]}},{"type":"Feature","id":130,"properties":{"tile":"siret3_r024_c014","status":"no_vineyard","n_rows":0,"n_canopies":0,"n_interrows":0,"n_waste":0,"veg_frac":0.877,"nodata_frac":0,"review_priority":1,"review_note":null,"review_status":null,"has_mask":true},"geometry":{"type":"Polygon","coordinates":[[[28.710653,47.1202098],[28.7106678,47.1206703],[28.7099931,47.1206804],[28.7099783,47.1202199],[28.710653,47.1202098]]]}},{"type":"Feature","id":131,"properties":{"tile":"siret3_r024_c015","status":"vineyard","n_rows":2,"n_canopies":6,"n_interrows":1,"n_waste":0,"veg_frac":0.702,"nodata_frac":0,"review_priority":2,"review_note":null,"review_status":null,"has_mask":true},"geometry":{"type":"Polygon","coordinates":[[[28.7113277,47.1201997],[28.7113424,47.1206602],[28.7106678,47.1206703],[28.710653,47.1202098],[28.7113277,47.1201997]]]}},{"type":"Feature","id":132,"properties":{"tile":"siret3_r024_c016","status":"vineyard","n_rows":15,"n_canopies":106,"n_interrows":14,"n_waste":0,"veg_frac":0.194,"nodata_frac":0,"review_priority":1,"review_note":null,"review_status":null,"has_mask":true},"geometry":{"type":"Polygon","coordinates":[[[28.7120023,47.1201896],[28.7120171,47.1206501],[28.7113424,47.1206602],[28.7113277,47.1201997],[28.7120023,47.1201896]]]}},{"type":"Feature","id":133,"properties":{"tile":"siret3_r024_c017","status":"vineyard","n_rows":8,"n_canopies":19,"n_interrows":7,"n_waste":0,"veg_frac":0.548,"nodata_frac":0,"review_priority":1,"review_note":null,"review_status":null,"has_mask":true},"geometry":{"type":"Polygon","coordinates":[[[28.712677,47.1201795],[28.7126918,47.1206401],[28.7120171,47.1206501],[28.7120023,47.1201896],[28.712677,47.1201795]]]}},{"type":"Feature","id":134,"properties":{"tile":"siret3_r024_c018","status":"no_vineyard","n_rows":0,"n_canopies":0,"n_interrows":0,"n_waste":0,"veg_frac":0.597,"nodata_frac":0,"review_priority":1,"review_note":null,"review_status":null,"has_mask":true},"geometry":{"type":"Polygon","coordinates":[[[28.7133517,47.1201694],[28.7133665,47.12063],[28.7126918,47.1206401],[28.712677,47.1201795],[28.7133517,47.1201694]]]}},{"type":"Feature","id":135,"properties":{"tile":"siret3_r025_c012","status":"no_vineyard","n_rows":0,"n_canopies":0,"n_interrows":0,"n_waste":0,"veg_frac":0.989,"nodata_frac":0.427,"review_priority":1,"review_note":null,"review_status":null,"has_mask":true},"geometry":{"type":"Polygon","coordinates":[[[28.7092889,47.1197694],[28.7093037,47.1202299],[28.708629,47.12024],[28.7086142,47.1197795],[28.7092889,47.1197694]]]}},{"type":"Feature","id":136,"properties":{"tile":"siret3_r025_c013","status":"no_vineyard","n_rows":0,"n_canopies":0,"n_interrows":0,"n_waste":0,"veg_frac":0.822,"nodata_frac":0,"review_priority":1,"review_note":null,"review_status":null,"has_mask":true},"geometry":{"type":"Polygon","coordinates":[[[28.7099636,47.1197593],[28.7099783,47.1202199],[28.7093037,47.1202299],[28.7092889,47.1197694],[28.7099636,47.1197593]]]}},{"type":"Feature","id":137,"properties":{"tile":"siret3_r025_c014","status":"no_vineyard","n_rows":0,"n_canopies":0,"n_interrows":0,"n_waste":0,"veg_frac":0.936,"nodata_frac":0,"review_priority":1,"review_note":null,"review_status":null,"has_mask":true},"geometry":{"type":"Polygon","coordinates":[[[28.7106382,47.1197493],[28.710653,47.1202098],[28.7099783,47.1202199],[28.7099636,47.1197593],[28.7106382,47.1197493]]]}},{"type":"Feature","id":138,"properties":{"tile":"siret3_r025_c015","status":"no_vineyard","n_rows":0,"n_canopies":0,"n_interrows":0,"n_waste":0,"veg_frac":0.905,"nodata_frac":0,"review_priority":1,"review_note":null,"review_status":null,"has_mask":true},"geometry":{"type":"Polygon","coordinates":[[[28.7113129,47.1197392],[28.7113277,47.1201997],[28.710653,47.1202098],[28.7106382,47.1197493],[28.7113129,47.1197392]]]}},{"type":"Feature","id":139,"properties":{"tile":"siret3_r025_c016","status":"vineyard","n_rows":5,"n_canopies":24,"n_interrows":4,"n_waste":0,"veg_frac":0.553,"nodata_frac":0,"review_priority":1,"review_note":"tan strip unmapped","review_status":"partial","has_mask":true},"geometry":{"type":"Polygon","coordinates":[[[28.7119876,47.1197291],[28.7120023,47.1201896],[28.7113277,47.1201997],[28.7113129,47.1197392],[28.7119876,47.1197291]]]}},{"type":"Feature","id":140,"properties":{"tile":"siret3_r025_c017","status":"vineyard","n_rows":9,"n_canopies":86,"n_interrows":8,"n_waste":0,"veg_frac":0.537,"nodata_frac":0,"review_priority":1,"review_note":null,"review_status":null,"has_mask":true},"geometry":{"type":"Polygon","coordinates":[[[28.7126622,47.119719],[28.712677,47.1201795],[28.7120023,47.1201896],[28.7119876,47.1197291],[28.7126622,47.119719]]]}},{"type":"Feature","id":141,"properties":{"tile":"siret3_r025_c018","status":"no_vineyard","n_rows":0,"n_canopies":0,"n_interrows":0,"n_waste":0,"veg_frac":0.42,"nodata_frac":0,"review_priority":1,"review_note":null,"review_status":null,"has_mask":true},"geometry":{"type":"Polygon","coordinates":[[[28.7133369,47.1197089],[28.7133517,47.1201694],[28.712677,47.1201795],[28.7126622,47.119719],[28.7133369,47.1197089]]]}},{"type":"Feature","id":142,"properties":{"tile":"siret3_r025_c019","status":"vineyard","n_rows":3,"n_canopies":10,"n_interrows":2,"n_waste":0,"veg_frac":0.361,"nodata_frac":0,"review_priority":1,"review_note":null,"review_status":null,"has_mask":true},"geometry":{"type":"Polygon","coordinates":[[[28.7140116,47.1196988],[28.7140264,47.1201593],[28.7133517,47.1201694],[28.7133369,47.1197089],[28.7140116,47.1196988]]]}},{"type":"Feature","id":143,"properties":{"tile":"siret3_r025_c031","status":"no_vineyard","n_rows":0,"n_canopies":0,"n_interrows":0,"n_waste":0,"veg_frac":0.181,"nodata_frac":0.38,"review_priority":1,"review_note":null,"review_status":null,"has_mask":true},"geometry":{"type":"Polygon","coordinates":[[[28.7221075,47.1195774],[28.7221224,47.1200379],[28.7214477,47.120048],[28.7214328,47.1195875],[28.7221075,47.1195774]]]}},{"type":"Feature","id":144,"properties":{"tile":"siret3_r026_c013","status":"no_vineyard","n_rows":0,"n_canopies":0,"n_interrows":0,"n_waste":0,"veg_frac":0.951,"nodata_frac":0.228,"review_priority":1,"review_note":null,"review_status":null,"has_mask":true},"geometry":{"type":"Polygon","coordinates":[[[28.7099488,47.1192988],[28.7099636,47.1197593],[28.7092889,47.1197694],[28.7092742,47.1193089],[28.7099488,47.1192988]]]}},{"type":"Feature","id":145,"properties":{"tile":"siret3_r026_c014","status":"no_vineyard","n_rows":0,"n_canopies":0,"n_interrows":0,"n_waste":0,"veg_frac":0.914,"nodata_frac":0,"review_priority":1,"review_note":null,"review_status":null,"has_mask":true},"geometry":{"type":"Polygon","coordinates":[[[28.7106235,47.1192887],[28.7106382,47.1197493],[28.7099636,47.1197593],[28.7099488,47.1192988],[28.7106235,47.1192887]]]}},{"type":"Feature","id":146,"properties":{"tile":"siret3_r026_c015","status":"no_vineyard","n_rows":0,"n_canopies":0,"n_interrows":0,"n_waste":0,"veg_frac":0.963,"nodata_frac":0,"review_priority":1,"review_note":null,"review_status":null,"has_mask":true},"geometry":{"type":"Polygon","coordinates":[[[28.7112981,47.1192787],[28.7113129,47.1197392],[28.7106382,47.1197493],[28.7106235,47.1192887],[28.7112981,47.1192787]]]}},{"type":"Feature","id":147,"properties":{"tile":"siret3_r026_c016","status":"no_vineyard","n_rows":0,"n_canopies":0,"n_interrows":0,"n_waste":0,"veg_frac":0.852,"nodata_frac":0,"review_priority":1,"review_note":null,"review_status":null,"has_mask":true},"geometry":{"type":"Polygon","coordinates":[[[28.7119728,47.1192686],[28.7119876,47.1197291],[28.7113129,47.1197392],[28.7112981,47.1192787],[28.7119728,47.1192686]]]}},{"type":"Feature","id":148,"properties":{"tile":"siret3_r026_c017","status":"vineyard","n_rows":8,"n_canopies":73,"n_interrows":6,"n_waste":0,"veg_frac":0.51,"nodata_frac":0,"review_priority":1,"review_note":"tan strip partly mapped","review_status":"partial","has_mask":true},"geometry":{"type":"Polygon","coordinates":[[[28.7126475,47.1192585],[28.7126622,47.119719],[28.7119876,47.1197291],[28.7119728,47.1192686],[28.7126475,47.1192585]]]}},{"type":"Feature","id":149,"properties":{"tile":"siret3_r026_c018","status":"vineyard","n_rows":8,"n_canopies":81,"n_interrows":6,"n_waste":0,"veg_frac":0.478,"nodata_frac":0,"review_priority":1,"review_note":null,"review_status":null,"has_mask":true},"geometry":{"type":"Polygon","coordinates":[[[28.7133221,47.1192484],[28.7133369,47.1197089],[28.7126622,47.119719],[28.7126475,47.1192585],[28.7133221,47.1192484]]]}},{"type":"Feature","id":150,"properties":{"tile":"siret3_r026_c019","status":"no_vineyard","n_rows":0,"n_canopies":0,"n_interrows":0,"n_waste":1,"veg_frac":0.367,"nodata_frac":0.001,"review_priority":3,"review_note":"garden rows in the bottom-left next to the houses","review_status":"verify","has_mask":true},"geometry":{"type":"Polygon","coordinates":[[[28.7139968,47.1192383],[28.7140116,47.1196988],[28.7133369,47.1197089],[28.7133221,47.1192484],[28.7139968,47.1192383]]]}},{"type":"Feature","id":151,"properties":{"tile":"siret3_r026_c020","status":"no_vineyard","n_rows":0,"n_canopies":0,"n_interrows":0,"n_waste":0,"veg_frac":0.391,"nodata_frac":0.004,"review_priority":1,"review_note":null,"review_status":null,"has_mask":true},"geometry":{"type":"Polygon","coordinates":[[[28.7146714,47.1192282],[28.7146862,47.1196887],[28.7140116,47.1196988],[28.7139968,47.1192383],[28.7146714,47.1192282]]]}},{"type":"Feature","id":152,"properties":{"tile":"siret3_r026_c021","status":"no_vineyard","n_rows":0,"n_canopies":0,"n_interrows":0,"n_waste":0,"veg_frac":0.428,"nodata_frac":0,"review_priority":1,"review_note":null,"review_status":null,"has_mask":true},"geometry":{"type":"Polygon","coordinates":[[[28.7153461,47.1192181],[28.7153609,47.1196786],[28.7146862,47.1196887],[28.7146714,47.1192282],[28.7153461,47.1192181]]]}},{"type":"Feature","id":153,"properties":{"tile":"siret3_r026_c022","status":"no_vineyard","n_rows":0,"n_canopies":0,"n_interrows":0,"n_waste":0,"veg_frac":0.675,"nodata_frac":0,"review_priority":1,"review_note":null,"review_status":null,"has_mask":true},"geometry":{"type":"Polygon","coordinates":[[[28.7160207,47.119208],[28.7160356,47.1196685],[28.7153609,47.1196786],[28.7153461,47.1192181],[28.7160207,47.119208]]]}},{"type":"Feature","id":154,"properties":{"tile":"siret3_r026_c029","status":"no_vineyard","n_rows":0,"n_canopies":0,"n_interrows":0,"n_waste":0,"veg_frac":0.534,"nodata_frac":0,"review_priority":1,"review_note":null,"review_status":null,"has_mask":true},"geometry":{"type":"Polygon","coordinates":[[[28.7207433,47.1191371],[28.7207582,47.1195976],[28.7200835,47.1196078],[28.7200687,47.1191473],[28.7207433,47.1191371]]]}},{"type":"Feature","id":155,"properties":{"tile":"siret3_r026_c030","status":"no_vineyard","n_rows":0,"n_canopies":0,"n_interrows":0,"n_waste":0,"veg_frac":0.247,"nodata_frac":0,"review_priority":1,"review_note":null,"review_status":null,"has_mask":true},"geometry":{"type":"Polygon","coordinates":[[[28.721418,47.119127],[28.7214328,47.1195875],[28.7207582,47.1195976],[28.7207433,47.1191371],[28.721418,47.119127]]]}},{"type":"Feature","id":156,"properties":{"tile":"siret3_r026_c031","status":"no_vineyard","n_rows":0,"n_canopies":0,"n_interrows":0,"n_waste":0,"veg_frac":0.001,"nodata_frac":0,"review_priority":1,"review_note":null,"review_status":null,"has_mask":true},"geometry":{"type":"Polygon","coordinates":[[[28.7220926,47.1191168],[28.7221075,47.1195774],[28.7214328,47.1195875],[28.721418,47.119127],[28.7220926,47.1191168]]]}},{"type":"Feature","id":157,"properties":{"tile":"siret3_r026_c032","status":"no_vineyard","n_rows":0,"n_canopies":0,"n_interrows":0,"n_waste":0,"veg_frac":0.001,"nodata_frac":0.627,"review_priority":1,"review_note":null,"review_status":null,"has_mask":true},"geometry":{"type":"Polygon","coordinates":[[[28.7227673,47.1191067],[28.7227822,47.1195672],[28.7221075,47.1195774],[28.7220926,47.1191168],[28.7227673,47.1191067]]]}},{"type":"Feature","id":158,"properties":{"tile":"siret3_r027_c013","status":"no_vineyard","n_rows":0,"n_canopies":0,"n_interrows":0,"n_waste":0,"veg_frac":0.972,"nodata_frac":0.897,"review_priority":1,"review_note":null,"review_status":null,"has_mask":true},"geometry":{"type":"Polygon","coordinates":[[[28.7099341,47.1188383],[28.7099488,47.1192988],[28.7092742,47.1193089],[28.7092594,47.1188484],[28.7099341,47.1188383]]]}},{"type":"Feature","id":159,"properties":{"tile":"siret3_r027_c014","status":"no_vineyard","n_rows":0,"n_canopies":0,"n_interrows":0,"n_waste":0,"veg_frac":0.96,"nodata_frac":0.095,"review_priority":1,"review_note":null,"review_status":null,"has_mask":true},"geometry":{"type":"Polygon","coordinates":[[[28.7106087,47.1188282],[28.7106235,47.1192887],[28.7099488,47.1192988],[28.7099341,47.1188383],[28.7106087,47.1188282]]]}},{"type":"Feature","id":160,"properties":{"tile":"siret3_r027_c015","status":"no_vineyard","n_rows":0,"n_canopies":0,"n_interrows":0,"n_waste":0,"veg_frac":0.912,"nodata_frac":0,"review_priority":1,"review_note":null,"review_status":null,"has_mask":true},"geometry":{"type":"Polygon","coordinates":[[[28.7112834,47.1188181],[28.7112981,47.1192787],[28.7106235,47.1192887],[28.7106087,47.1188282],[28.7112834,47.1188181]]]}},{"type":"Feature","id":161,"properties":{"tile":"siret3_r027_c016","status":"no_vineyard","n_rows":0,"n_canopies":0,"n_interrows":0,"n_waste":0,"veg_frac":0.978,"nodata_frac":0,"review_priority":1,"review_note":null,"review_status":null,"has_mask":true},"geometry":{"type":"Polygon","coordinates":[[[28.711958,47.1188081],[28.7119728,47.1192686],[28.7112981,47.1192787],[28.7112834,47.1188181],[28.711958,47.1188081]]]}},{"type":"Feature","id":162,"properties":{"tile":"siret3_r027_c017","status":"vineyard","n_rows":5,"n_canopies":11,"n_interrows":2,"n_waste":0,"veg_frac":0.828,"nodata_frac":0,"review_priority":1,"review_note":null,"review_status":null,"has_mask":true},"geometry":{"type":"Polygon","coordinates":[[[28.7126327,47.118798],[28.7126475,47.1192585],[28.7119728,47.1192686],[28.711958,47.1188081],[28.7126327,47.118798]]]}},{"type":"Feature","id":163,"properties":{"tile":"siret3_r027_c018","status":"vineyard","n_rows":15,"n_canopies":157,"n_interrows":13,"n_waste":0,"veg_frac":0.308,"nodata_frac":0,"review_priority":1,"review_note":null,"review_status":null,"has_mask":true},"geometry":{"type":"Polygon","coordinates":[[[28.7133073,47.1187879],[28.7133221,47.1192484],[28.7126475,47.1192585],[28.7126327,47.118798],[28.7133073,47.1187879]]]}},{"type":"Feature","id":164,"properties":{"tile":"siret3_r027_c019","status":"vineyard","n_rows":7,"n_canopies":50,"n_interrows":6,"n_waste":0,"veg_frac":0.58,"nodata_frac":0,"review_priority":1,"review_note":null,"review_status":null,"has_mask":true},"geometry":{"type":"Polygon","coordinates":[[[28.713982,47.1187778],[28.7139968,47.1192383],[28.7133221,47.1192484],[28.7133073,47.1187879],[28.713982,47.1187778]]]}},{"type":"Feature","id":165,"properties":{"tile":"siret3_r027_c020","status":"no_vineyard","n_rows":0,"n_canopies":0,"n_interrows":0,"n_waste":0,"veg_frac":0.592,"nodata_frac":0,"review_priority":1,"review_note":null,"review_status":null,"has_mask":true},"geometry":{"type":"Polygon","coordinates":[[[28.7146566,47.1187677],[28.7146714,47.1192282],[28.7139968,47.1192383],[28.713982,47.1187778],[28.7146566,47.1187677]]]}},{"type":"Feature","id":166,"properties":{"tile":"siret3_r027_c021","status":"no_vineyard","n_rows":0,"n_canopies":0,"n_interrows":0,"n_waste":0,"veg_frac":0.662,"nodata_frac":0,"review_priority":1,"review_note":null,"review_status":null,"has_mask":true},"geometry":{"type":"Polygon","coordinates":[[[28.7153313,47.1187576],[28.7153461,47.1192181],[28.7146714,47.1192282],[28.7146566,47.1187677],[28.7153313,47.1187576]]]}},{"type":"Feature","id":167,"properties":{"tile":"siret3_r027_c022","status":"no_vineyard","n_rows":0,"n_canopies":0,"n_interrows":0,"n_waste":0,"veg_frac":0.798,"nodata_frac":0,"review_priority":1,"review_note":null,"review_status":null,"has_mask":true},"geometry":{"type":"Polygon","coordinates":[[[28.7160059,47.1187475],[28.7160207,47.119208],[28.7153461,47.1192181],[28.7153313,47.1187576],[28.7160059,47.1187475]]]}},{"type":"Feature","id":168,"properties":{"tile":"siret3_r027_c023","status":"no_vineyard","n_rows":0,"n_canopies":0,"n_interrows":0,"n_waste":0,"veg_frac":0.799,"nodata_frac":0,"review_priority":1,"review_note":null,"review_status":null,"has_mask":true},"geometry":{"type":"Polygon","coordinates":[[[28.7166806,47.1187374],[28.7166954,47.1191979],[28.7160207,47.119208],[28.7160059,47.1187475],[28.7166806,47.1187374]]]}},{"type":"Feature","id":169,"properties":{"tile":"siret3_r027_c024","status":"no_vineyard","n_rows":0,"n_canopies":0,"n_interrows":0,"n_waste":0,"veg_frac":0.234,"nodata_frac":0,"review_priority":1,"review_note":null,"review_status":null,"has_mask":true},"geometry":{"type":"Polygon","coordinates":[[[28.7173552,47.1187272],[28.7173701,47.1191878],[28.7166954,47.1191979],[28.7166806,47.1187374],[28.7173552,47.1187272]]]}},{"type":"Feature","id":170,"properties":{"tile":"siret3_r027_c025","status":"no_vineyard","n_rows":0,"n_canopies":0,"n_interrows":0,"n_waste":0,"veg_frac":0.996,"nodata_frac":0,"review_priority":1,"review_note":null,"review_status":null,"has_mask":true},"geometry":{"type":"Polygon","coordinates":[[[28.7180299,47.1187171],[28.7180447,47.1191776],[28.7173701,47.1191878],[28.7173552,47.1187272],[28.7180299,47.1187171]]]}},{"type":"Feature","id":171,"properties":{"tile":"siret3_r027_c026","status":"no_vineyard","n_rows":0,"n_canopies":0,"n_interrows":0,"n_waste":0,"veg_frac":0.999,"nodata_frac":0,"review_priority":1,"review_note":null,"review_status":null,"has_mask":true},"geometry":{"type":"Polygon","coordinates":[[[28.7187045,47.118707],[28.7187194,47.1191675],[28.7180447,47.1191776],[28.7180299,47.1187171],[28.7187045,47.118707]]]}},{"type":"Feature","id":172,"properties":{"tile":"siret3_r027_c027","status":"no_vineyard","n_rows":0,"n_canopies":0,"n_interrows":0,"n_waste":1,"veg_frac":0.697,"nodata_frac":0,"review_priority":3,"review_note":null,"review_status":null,"has_mask":true},"geometry":{"type":"Polygon","coordinates":[[[28.7193792,47.1186969],[28.719394,47.1191574],[28.7187194,47.1191675],[28.7187045,47.118707],[28.7193792,47.1186969]]]}},{"type":"Feature","id":173,"properties":{"tile":"siret3_r027_c029","status":"no_vineyard","n_rows":0,"n_canopies":0,"n_interrows":0,"n_waste":0,"veg_frac":0.499,"nodata_frac":0,"review_priority":1,"review_note":null,"review_status":null,"has_mask":true},"geometry":{"type":"Polygon","coordinates":[[[28.7207285,47.1186766],[28.7207433,47.1191371],[28.7200687,47.1191473],[28.7200538,47.1186867],[28.7207285,47.1186766]]]}},{"type":"Feature","id":174,"properties":{"tile":"siret3_r027_c030","status":"no_vineyard","n_rows":0,"n_canopies":0,"n_interrows":0,"n_waste":0,"veg_frac":0.455,"nodata_frac":0,"review_priority":1,"review_note":null,"review_status":null,"has_mask":true},"geometry":{"type":"Polygon","coordinates":[[[28.7214031,47.1186665],[28.721418,47.119127],[28.7207433,47.1191371],[28.7207285,47.1186766],[28.7214031,47.1186665]]]}},{"type":"Feature","id":175,"properties":{"tile":"siret3_r027_c031","status":"no_vineyard","n_rows":0,"n_canopies":0,"n_interrows":0,"n_waste":0,"veg_frac":0.025,"nodata_frac":0,"review_priority":1,"review_note":"dense dark striped beds - likely a mulched crop not vines","review_status":"verify","has_mask":true},"geometry":{"type":"Polygon","coordinates":[[[28.7220778,47.1186563],[28.7220926,47.1191168],[28.721418,47.119127],[28.7214031,47.1186665],[28.7220778,47.1186563]]]}},{"type":"Feature","id":176,"properties":{"tile":"siret3_r027_c032","status":"no_vineyard","n_rows":0,"n_canopies":0,"n_interrows":0,"n_waste":0,"veg_frac":0.001,"nodata_frac":0.04,"review_priority":1,"review_note":"dense dark striped beds - likely a mulched crop not vines","review_status":"verify","has_mask":true},"geometry":{"type":"Polygon","coordinates":[[[28.7227524,47.1186462],[28.7227673,47.1191067],[28.7220926,47.1191168],[28.7220778,47.1186563],[28.7227524,47.1186462]]]}},{"type":"Feature","id":177,"properties":{"tile":"siret3_r027_c033","status":"no_vineyard","n_rows":0,"n_canopies":0,"n_interrows":0,"n_waste":0,"veg_frac":0,"nodata_frac":0.819,"review_priority":1,"review_note":null,"review_status":null,"has_mask":true},"geometry":{"type":"Polygon","coordinates":[[[28.7234271,47.118636],[28.723442,47.1190965],[28.7227673,47.1191067],[28.7227524,47.1186462],[28.7234271,47.118636]]]}},{"type":"Feature","id":178,"properties":{"tile":"siret3_r028_c014","status":"no_vineyard","n_rows":0,"n_canopies":0,"n_interrows":0,"n_waste":0,"veg_frac":0.982,"nodata_frac":0.773,"review_priority":1,"review_note":null,"review_status":null,"has_mask":true},"geometry":{"type":"Polygon","coordinates":[[[28.7105939,47.1183677],[28.7106087,47.1188282],[28.7099341,47.1188383],[28.7099193,47.1183778],[28.7105939,47.1183677]]]}},{"type":"Feature","id":179,"properties":{"tile":"siret3_r028_c015","status":"no_vineyard","n_rows":0,"n_canopies":0,"n_interrows":0,"n_waste":0,"veg_frac":0.888,"nodata_frac":0.022,"review_priority":1,"review_note":null,"review_status":null,"has_mask":true},"geometry":{"type":"Polygon","coordinates":[[[28.7112686,47.1183576],[28.7112834,47.1188181],[28.7106087,47.1188282],[28.7105939,47.1183677],[28.7112686,47.1183576]]]}},{"type":"Feature","id":180,"properties":{"tile":"siret3_r028_c016","status":"no_vineyard","n_rows":0,"n_canopies":0,"n_interrows":0,"n_waste":0,"veg_frac":0.975,"nodata_frac":0,"review_priority":1,"review_note":null,"review_status":null,"has_mask":true},"geometry":{"type":"Polygon","coordinates":[[[28.7119432,47.1183475],[28.711958,47.1188081],[28.7112834,47.1188181],[28.7112686,47.1183576],[28.7119432,47.1183475]]]}},{"type":"Feature","id":181,"properties":{"tile":"siret3_r028_c017","status":"no_vineyard","n_rows":0,"n_canopies":0,"n_interrows":0,"n_waste":0,"veg_frac":0.96,"nodata_frac":0,"review_priority":1,"review_note":null,"review_status":null,"has_mask":true},"geometry":{"type":"Polygon","coordinates":[[[28.7126179,47.1183374],[28.7126327,47.118798],[28.711958,47.1188081],[28.7119432,47.1183475],[28.7126179,47.1183374]]]}},{"type":"Feature","id":182,"properties":{"tile":"siret3_r028_c018","status":"vineyard","n_rows":2,"n_canopies":3,"n_interrows":0,"n_waste":0,"veg_frac":0.739,"nodata_frac":0,"review_priority":1,"review_note":null,"review_status":null,"has_mask":true},"geometry":{"type":"Polygon","coordinates":[[[28.7132925,47.1183274],[28.7133073,47.1187879],[28.7126327,47.118798],[28.7126179,47.1183374],[28.7132925,47.1183274]]]}},{"type":"Feature","id":183,"properties":{"tile":"siret3_r028_c019","status":"vineyard","n_rows":13,"n_canopies":87,"n_interrows":12,"n_waste":0,"veg_frac":0.263,"nodata_frac":0,"review_priority":1,"review_note":null,"review_status":null,"has_mask":true},"geometry":{"type":"Polygon","coordinates":[[[28.7139672,47.1183173],[28.713982,47.1187778],[28.7133073,47.1187879],[28.7132925,47.1183274],[28.7139672,47.1183173]]]}},{"type":"Feature","id":184,"properties":{"tile":"siret3_r028_c020","status":"no_vineyard","n_rows":0,"n_canopies":0,"n_interrows":0,"n_waste":0,"veg_frac":0.472,"nodata_frac":0,"review_priority":1,"review_note":null,"review_status":null,"has_mask":true},"geometry":{"type":"Polygon","coordinates":[[[28.7146418,47.1183072],[28.7146566,47.1187677],[28.713982,47.1187778],[28.7139672,47.1183173],[28.7146418,47.1183072]]]}},{"type":"Feature","id":185,"properties":{"tile":"siret3_r028_c021","status":"no_vineyard","n_rows":0,"n_canopies":0,"n_interrows":0,"n_waste":0,"veg_frac":0.6,"nodata_frac":0,"review_priority":1,"review_note":null,"review_status":null,"has_mask":true},"geometry":{"type":"Polygon","coordinates":[[[28.7153165,47.1182971],[28.7153313,47.1187576],[28.7146566,47.1187677],[28.7146418,47.1183072],[28.7153165,47.1182971]]]}},{"type":"Feature","id":186,"properties":{"tile":"siret3_r028_c022","status":"no_vineyard","n_rows":0,"n_canopies":0,"n_interrows":0,"n_waste":0,"veg_frac":0.442,"nodata_frac":0,"review_priority":1,"review_note":null,"review_status":null,"has_mask":true},"geometry":{"type":"Polygon","coordinates":[[[28.7159911,47.1182869],[28.7160059,47.1187475],[28.7153313,47.1187576],[28.7153165,47.1182971],[28.7159911,47.1182869]]]}},{"type":"Feature","id":187,"properties":{"tile":"siret3_r028_c023","status":"no_vineyard","n_rows":0,"n_canopies":0,"n_interrows":0,"n_waste":0,"veg_frac":0.899,"nodata_frac":0,"review_priority":1,"review_note":null,"review_status":null,"has_mask":true},"geometry":{"type":"Polygon","coordinates":[[[28.7166658,47.1182768],[28.7166806,47.1187374],[28.7160059,47.1187475],[28.7159911,47.1182869],[28.7166658,47.1182768]]]}},{"type":"Feature","id":188,"properties":{"tile":"siret3_r028_c024","status":"no_vineyard","n_rows":0,"n_canopies":0,"n_interrows":0,"n_waste":0,"veg_frac":0.313,"nodata_frac":0,"review_priority":1,"review_note":null,"review_status":null,"has_mask":true},"geometry":{"type":"Polygon","coordinates":[[[28.7173404,47.1182667],[28.7173552,47.1187272],[28.7166806,47.1187374],[28.7166658,47.1182768],[28.7173404,47.1182667]]]}},{"type":"Feature","id":189,"properties":{"tile":"siret3_r028_c025","status":"no_vineyard","n_rows":0,"n_canopies":0,"n_interrows":0,"n_waste":0,"veg_frac":0.907,"nodata_frac":0,"review_priority":1,"review_note":null,"review_status":null,"has_mask":true},"geometry":{"type":"Polygon","coordinates":[[[28.7180151,47.1182566],[28.7180299,47.1187171],[28.7173552,47.1187272],[28.7173404,47.1182667],[28.7180151,47.1182566]]]}},{"type":"Feature","id":190,"properties":{"tile":"siret3_r028_c026","status":"no_vineyard","n_rows":0,"n_canopies":0,"n_interrows":0,"n_waste":0,"veg_frac":1,"nodata_frac":0,"review_priority":1,"review_note":null,"review_status":null,"has_mask":true},"geometry":{"type":"Polygon","coordinates":[[[28.7186897,47.1182465],[28.7187045,47.118707],[28.7180299,47.1187171],[28.7180151,47.1182566],[28.7186897,47.1182465]]]}},{"type":"Feature","id":191,"properties":{"tile":"siret3_r028_c027","status":"no_vineyard","n_rows":0,"n_canopies":0,"n_interrows":0,"n_waste":0,"veg_frac":0.889,"nodata_frac":0,"review_priority":1,"review_note":null,"review_status":null,"has_mask":true},"geometry":{"type":"Polygon","coordinates":[[[28.7193643,47.1182363],[28.7193792,47.1186969],[28.7187045,47.118707],[28.7186897,47.1182465],[28.7193643,47.1182363]]]}},{"type":"Feature","id":192,"properties":{"tile":"siret3_r028_c028","status":"no_vineyard","n_rows":0,"n_canopies":0,"n_interrows":0,"n_waste":0,"veg_frac":0.268,"nodata_frac":0,"review_priority":1,"review_note":null,"review_status":null,"has_mask":true},"geometry":{"type":"Polygon","coordinates":[[[28.720039,47.1182262],[28.7200538,47.1186867],[28.7193792,47.1186969],[28.7193643,47.1182363],[28.720039,47.1182262]]]}},{"type":"Feature","id":193,"properties":{"tile":"siret3_r028_c029","status":"no_vineyard","n_rows":0,"n_canopies":0,"n_interrows":0,"n_waste":0,"veg_frac":0.506,"nodata_frac":0,"review_priority":1,"review_note":null,"review_status":null,"has_mask":true},"geometry":{"type":"Polygon","coordinates":[[[28.7207136,47.1182161],[28.7207285,47.1186766],[28.7200538,47.1186867],[28.720039,47.1182262],[28.7207136,47.1182161]]]}},{"type":"Feature","id":194,"properties":{"tile":"siret3_r028_c030","status":"no_vineyard","n_rows":0,"n_canopies":0,"n_interrows":0,"n_waste":0,"veg_frac":0.534,"nodata_frac":0,"review_priority":1,"review_note":null,"review_status":null,"has_mask":true},"geometry":{"type":"Polygon","coordinates":[[[28.7213883,47.1182059],[28.7214031,47.1186665],[28.7207285,47.1186766],[28.7207136,47.1182161],[28.7213883,47.1182059]]]}},{"type":"Feature","id":195,"properties":{"tile":"siret3_r028_c031","status":"no_vineyard","n_rows":0,"n_canopies":0,"n_interrows":0,"n_waste":0,"veg_frac":0.001,"nodata_frac":0,"review_priority":1,"review_note":null,"review_status":null,"has_mask":true},"geometry":{"type":"Polygon","coordinates":[[[28.7220629,47.1181958],[28.7220778,47.1186563],[28.7214031,47.1186665],[28.7213883,47.1182059],[28.7220629,47.1181958]]]}},{"type":"Feature","id":196,"properties":{"tile":"siret3_r028_c032","status":"no_vineyard","n_rows":0,"n_canopies":0,"n_interrows":0,"n_waste":0,"veg_frac":0,"nodata_frac":0,"review_priority":1,"review_note":"dense dark striped beds - likely a mulched crop not vines","review_status":"verify","has_mask":true},"geometry":{"type":"Polygon","coordinates":[[[28.7227376,47.1181857],[28.7227524,47.1186462],[28.7220778,47.1186563],[28.7220629,47.1181958],[28.7227376,47.1181857]]]}},{"type":"Feature","id":197,"properties":{"tile":"siret3_r028_c033","status":"no_vineyard","n_rows":0,"n_canopies":0,"n_interrows":0,"n_waste":0,"veg_frac":0.004,"nodata_frac":0.385,"review_priority":1,"review_note":null,"review_status":null,"has_mask":true},"geometry":{"type":"Polygon","coordinates":[[[28.7234122,47.1181755],[28.7234271,47.118636],[28.7227524,47.1186462],[28.7227376,47.1181857],[28.7234122,47.1181755]]]}},{"type":"Feature","id":198,"properties":{"tile":"siret3_r029_c015","status":"vineyard","n_rows":9,"n_canopies":33,"n_interrows":8,"n_waste":0,"veg_frac":0.567,"nodata_frac":0.571,"review_priority":1,"review_note":null,"review_status":null,"has_mask":true},"geometry":{"type":"Polygon","coordinates":[[[28.7112538,47.1178971],[28.7112686,47.1183576],[28.7105939,47.1183677],[28.7105792,47.1179072],[28.7112538,47.1178971]]]}},{"type":"Feature","id":199,"properties":{"tile":"siret3_r029_c016","status":"vineyard","n_rows":9,"n_canopies":40,"n_interrows":8,"n_waste":0,"veg_frac":0.599,"nodata_frac":0,"review_priority":1,"review_note":null,"review_status":null,"has_mask":true},"geometry":{"type":"Polygon","coordinates":[[[28.7119285,47.117887],[28.7119432,47.1183475],[28.7112686,47.1183576],[28.7112538,47.1178971],[28.7119285,47.117887]]]}},{"type":"Feature","id":200,"properties":{"tile":"siret3_r029_c017","status":"no_vineyard","n_rows":0,"n_canopies":0,"n_interrows":0,"n_waste":0,"veg_frac":0.924,"nodata_frac":0,"review_priority":1,"review_note":null,"review_status":null,"has_mask":true},"geometry":{"type":"Polygon","coordinates":[[[28.7126031,47.1178769],[28.7126179,47.1183374],[28.7119432,47.1183475],[28.7119285,47.117887],[28.7126031,47.1178769]]]}},{"type":"Feature","id":201,"properties":{"tile":"siret3_r029_c018","status":"no_vineyard","n_rows":0,"n_canopies":0,"n_interrows":0,"n_waste":0,"veg_frac":0.912,"nodata_frac":0,"review_priority":1,"review_note":null,"review_status":null,"has_mask":true},"geometry":{"type":"Polygon","coordinates":[[[28.7132778,47.1178668],[28.7132925,47.1183274],[28.7126179,47.1183374],[28.7126031,47.1178769],[28.7132778,47.1178668]]]}},{"type":"Feature","id":202,"properties":{"tile":"siret3_r029_c019","status":"vineyard","n_rows":3,"n_canopies":22,"n_interrows":2,"n_waste":0,"veg_frac":0.313,"nodata_frac":0,"review_priority":1,"review_note":null,"review_status":null,"has_mask":true},"geometry":{"type":"Polygon","coordinates":[[[28.7139524,47.1178567],[28.7139672,47.1183173],[28.7132925,47.1183274],[28.7132778,47.1178668],[28.7139524,47.1178567]]]}},{"type":"Feature","id":203,"properties":{"tile":"siret3_r029_c020","status":"vineyard","n_rows":3,"n_canopies":10,"n_interrows":2,"n_waste":0,"veg_frac":0.298,"nodata_frac":0,"review_priority":1,"review_note":null,"review_status":null,"has_mask":true},"geometry":{"type":"Polygon","coordinates":[[[28.714627,47.1178466],[28.7146418,47.1183072],[28.7139672,47.1183173],[28.7139524,47.1178567],[28.714627,47.1178466]]]}},{"type":"Feature","id":204,"properties":{"tile":"siret3_r029_c021","status":"vineyard","n_rows":4,"n_canopies":19,"n_interrows":3,"n_waste":0,"veg_frac":0.477,"nodata_frac":0,"review_priority":1,"review_note":null,"review_status":null,"has_mask":true},"geometry":{"type":"Polygon","coordinates":[[[28.7153017,47.1178365],[28.7153165,47.1182971],[28.7146418,47.1183072],[28.714627,47.1178466],[28.7153017,47.1178365]]]}},{"type":"Feature","id":205,"properties":{"tile":"siret3_r029_c022","status":"no_vineyard","n_rows":0,"n_canopies":0,"n_interrows":0,"n_waste":0,"veg_frac":0.506,"nodata_frac":0,"review_priority":1,"review_note":null,"review_status":null,"has_mask":true},"geometry":{"type":"Polygon","coordinates":[[[28.7159763,47.1178264],[28.7159911,47.1182869],[28.7153165,47.1182971],[28.7153017,47.1178365],[28.7159763,47.1178264]]]}},{"type":"Feature","id":206,"properties":{"tile":"siret3_r029_c023","status":"vineyard","n_rows":7,"n_canopies":58,"n_interrows":6,"n_waste":0,"veg_frac":0.585,"nodata_frac":0,"review_priority":1,"review_note":null,"review_status":null,"has_mask":true},"geometry":{"type":"Polygon","coordinates":[[[28.716651,47.1178163],[28.7166658,47.1182768],[28.7159911,47.1182869],[28.7159763,47.1178264],[28.716651,47.1178163]]]}},{"type":"Feature","id":207,"properties":{"tile":"siret3_r029_c024","status":"vineyard","n_rows":2,"n_canopies":5,"n_interrows":1,"n_waste":0,"veg_frac":0.46,"nodata_frac":0,"review_priority":1,"review_note":null,"review_status":null,"has_mask":true},"geometry":{"type":"Polygon","coordinates":[[[28.7173256,47.1178062],[28.7173404,47.1182667],[28.7166658,47.1182768],[28.716651,47.1178163],[28.7173256,47.1178062]]]}},{"type":"Feature","id":208,"properties":{"tile":"siret3_r029_c025","status":"vineyard","n_rows":5,"n_canopies":14,"n_interrows":4,"n_waste":0,"veg_frac":0.516,"nodata_frac":0,"review_priority":1,"review_note":null,"review_status":null,"has_mask":true},"geometry":{"type":"Polygon","coordinates":[[[28.7180002,47.1177961],[28.7180151,47.1182566],[28.7173404,47.1182667],[28.7173256,47.1178062],[28.7180002,47.1177961]]]}},{"type":"Feature","id":209,"properties":{"tile":"siret3_r029_c026","status":"no_vineyard","n_rows":0,"n_canopies":0,"n_interrows":0,"n_waste":0,"veg_frac":0.602,"nodata_frac":0,"review_priority":1,"review_note":null,"review_status":null,"has_mask":true},"geometry":{"type":"Polygon","coordinates":[[[28.7186749,47.117786],[28.7186897,47.1182465],[28.7180151,47.1182566],[28.7180002,47.1177961],[28.7186749,47.117786]]]}},{"type":"Feature","id":210,"properties":{"tile":"siret3_r029_c027","status":"no_vineyard","n_rows":0,"n_canopies":0,"n_interrows":0,"n_waste":0,"veg_frac":0.26,"nodata_frac":0,"review_priority":1,"review_note":null,"review_status":null,"has_mask":true},"geometry":{"type":"Polygon","coordinates":[[[28.7193495,47.1177758],[28.7193643,47.1182363],[28.7186897,47.1182465],[28.7186749,47.117786],[28.7193495,47.1177758]]]}},{"type":"Feature","id":211,"properties":{"tile":"siret3_r029_c028","status":"no_vineyard","n_rows":0,"n_canopies":0,"n_interrows":0,"n_waste":0,"veg_frac":0.08,"nodata_frac":0,"review_priority":1,"review_note":null,"review_status":null,"has_mask":true},"geometry":{"type":"Polygon","coordinates":[[[28.7200241,47.1177657],[28.720039,47.1182262],[28.7193643,47.1182363],[28.7193495,47.1177758],[28.7200241,47.1177657]]]}},{"type":"Feature","id":212,"properties":{"tile":"siret3_r029_c029","status":"no_vineyard","n_rows":0,"n_canopies":0,"n_interrows":0,"n_waste":0,"veg_frac":0.463,"nodata_frac":0,"review_priority":1,"review_note":"garden rows in the bottom-left","review_status":"verify","has_mask":true},"geometry":{"type":"Polygon","coordinates":[[[28.7206988,47.1177556],[28.7207136,47.1182161],[28.720039,47.1182262],[28.7200241,47.1177657],[28.7206988,47.1177556]]]}},{"type":"Feature","id":213,"properties":{"tile":"siret3_r029_c030","status":"no_vineyard","n_rows":0,"n_canopies":0,"n_interrows":0,"n_waste":0,"veg_frac":0.639,"nodata_frac":0,"review_priority":1,"review_note":null,"review_status":null,"has_mask":true},"geometry":{"type":"Polygon","coordinates":[[[28.7213734,47.1177454],[28.7213883,47.1182059],[28.7207136,47.1182161],[28.7206988,47.1177556],[28.7213734,47.1177454]]]}},{"type":"Feature","id":214,"properties":{"tile":"siret3_r029_c031","status":"no_vineyard","n_rows":0,"n_canopies":0,"n_interrows":0,"n_waste":0,"veg_frac":0.206,"nodata_frac":0,"review_priority":1,"review_note":null,"review_status":null,"has_mask":true},"geometry":{"type":"Polygon","coordinates":[[[28.7220481,47.1177353],[28.7220629,47.1181958],[28.7213883,47.1182059],[28.7213734,47.1177454],[28.7220481,47.1177353]]]}},{"type":"Feature","id":215,"properties":{"tile":"siret3_r029_c032","status":"no_vineyard","n_rows":0,"n_canopies":0,"n_interrows":0,"n_waste":0,"veg_frac":0.045,"nodata_frac":0.001,"review_priority":1,"review_note":null,"review_status":null,"has_mask":true},"geometry":{"type":"Polygon","coordinates":[[[28.7227227,47.1177251],[28.7227376,47.1181857],[28.7220629,47.1181958],[28.7220481,47.1177353],[28.7227227,47.1177251]]]}},{"type":"Feature","id":216,"properties":{"tile":"siret3_r029_c033","status":"no_vineyard","n_rows":0,"n_canopies":0,"n_interrows":0,"n_waste":0,"veg_frac":0.015,"nodata_frac":0.6,"review_priority":1,"review_note":null,"review_status":null,"has_mask":true},"geometry":{"type":"Polygon","coordinates":[[[28.7233973,47.117715],[28.7234122,47.1181755],[28.7227376,47.1181857],[28.7227227,47.1177251],[28.7233973,47.117715]]]}},{"type":"Feature","id":217,"properties":{"tile":"siret3_r030_c016","status":"vineyard","n_rows":11,"n_canopies":63,"n_interrows":10,"n_waste":0,"veg_frac":0.488,"nodata_frac":0.399,"review_priority":2,"review_note":"vine block along the top","review_status":"missed","has_mask":true},"geometry":{"type":"Polygon","coordinates":[[[28.7119137,47.1174265],[28.7119285,47.117887],[28.7112538,47.1178971],[28.7112391,47.1174366],[28.7119137,47.1174265]]]}},{"type":"Feature","id":218,"properties":{"tile":"siret3_r030_c017","status":"vineyard","n_rows":6,"n_canopies":39,"n_interrows":5,"n_waste":0,"veg_frac":0.75,"nodata_frac":0,"review_priority":1,"review_note":"vine block in the centre-left","review_status":"missed","has_mask":true},"geometry":{"type":"Polygon","coordinates":[[[28.7125883,47.1174164],[28.7126031,47.1178769],[28.7119285,47.117887],[28.7119137,47.1174265],[28.7125883,47.1174164]]]}},{"type":"Feature","id":219,"properties":{"tile":"siret3_r030_c018","status":"vineyard","n_rows":4,"n_canopies":74,"n_interrows":3,"n_waste":0,"veg_frac":0.704,"nodata_frac":0,"review_priority":1,"review_note":"vine strip in the centre","review_status":"missed","has_mask":true},"geometry":{"type":"Polygon","coordinates":[[[28.713263,47.1174063],[28.7132778,47.1178668],[28.7126031,47.1178769],[28.7125883,47.1174164],[28.713263,47.1174063]]]}},{"type":"Feature","id":220,"properties":{"tile":"siret3_r030_c019","status":"vineyard","n_rows":7,"n_canopies":32,"n_interrows":5,"n_waste":0,"veg_frac":0.771,"nodata_frac":0,"review_priority":1,"review_note":null,"review_status":null,"has_mask":true},"geometry":{"type":"Polygon","coordinates":[[[28.7139376,47.1173962],[28.7139524,47.1178567],[28.7132778,47.1178668],[28.713263,47.1174063],[28.7139376,47.1173962]]]}},{"type":"Feature","id":221,"properties":{"tile":"siret3_r030_c020","status":"vineyard","n_rows":3,"n_canopies":7,"n_interrows":2,"n_waste":0,"veg_frac":0.718,"nodata_frac":0,"review_priority":1,"review_note":null,"review_status":null,"has_mask":true},"geometry":{"type":"Polygon","coordinates":[[[28.7146122,47.1173861],[28.714627,47.1178466],[28.7139524,47.1178567],[28.7139376,47.1173962],[28.7146122,47.1173861]]]}},{"type":"Feature","id":222,"properties":{"tile":"siret3_r030_c021","status":"vineyard","n_rows":5,"n_canopies":68,"n_interrows":4,"n_waste":0,"veg_frac":0.512,"nodata_frac":0,"review_priority":2,"review_note":null,"review_status":null,"has_mask":true},"geometry":{"type":"Polygon","coordinates":[[[28.7152869,47.117376],[28.7153017,47.1178365],[28.714627,47.1178466],[28.7146122,47.1173861],[28.7152869,47.117376]]]}},{"type":"Feature","id":223,"properties":{"tile":"siret3_r030_c022","status":"vineyard","n_rows":1,"n_canopies":2,"n_interrows":0,"n_waste":0,"veg_frac":0.665,"nodata_frac":0,"review_priority":2,"review_note":null,"review_status":null,"has_mask":true},"geometry":{"type":"Polygon","coordinates":[[[28.7159615,47.1173659],[28.7159763,47.1178264],[28.7153017,47.1178365],[28.7152869,47.117376],[28.7159615,47.1173659]]]}},{"type":"Feature","id":224,"properties":{"tile":"siret3_r030_c023","status":"vineyard","n_rows":2,"n_canopies":5,"n_interrows":1,"n_waste":0,"veg_frac":0.672,"nodata_frac":0,"review_priority":1,"review_note":null,"review_status":null,"has_mask":true},"geometry":{"type":"Polygon","coordinates":[[[28.7166361,47.1173558],[28.716651,47.1178163],[28.7159763,47.1178264],[28.7159615,47.1173659],[28.7166361,47.1173558]]]}},{"type":"Feature","id":225,"properties":{"tile":"siret3_r030_c024","status":"vineyard","n_rows":8,"n_canopies":34,"n_interrows":7,"n_waste":0,"veg_frac":0.532,"nodata_frac":0,"review_priority":1,"review_note":null,"review_status":null,"has_mask":true},"geometry":{"type":"Polygon","coordinates":[[[28.7173108,47.1173457],[28.7173256,47.1178062],[28.716651,47.1178163],[28.7166361,47.1173558],[28.7173108,47.1173457]]]}},{"type":"Feature","id":226,"properties":{"tile":"siret3_r030_c025","status":"no_vineyard","n_rows":0,"n_canopies":0,"n_interrows":0,"n_waste":0,"veg_frac":0.197,"nodata_frac":0,"review_priority":1,"review_note":null,"review_status":null,"has_mask":true},"geometry":{"type":"Polygon","coordinates":[[[28.7179854,47.1173356],[28.7180002,47.1177961],[28.7173256,47.1178062],[28.7173108,47.1173457],[28.7179854,47.1173356]]]}},{"type":"Feature","id":227,"properties":{"tile":"siret3_r030_c026","status":"no_vineyard","n_rows":0,"n_canopies":0,"n_interrows":0,"n_waste":0,"veg_frac":0.033,"nodata_frac":0,"review_priority":1,"review_note":null,"review_status":null,"has_mask":true},"geometry":{"type":"Polygon","coordinates":[[[28.71866,47.1173254],[28.7186749,47.117786],[28.7180002,47.1177961],[28.7179854,47.1173356],[28.71866,47.1173254]]]}},{"type":"Feature","id":228,"properties":{"tile":"siret3_r030_c027","status":"no_vineyard","n_rows":0,"n_canopies":0,"n_interrows":0,"n_waste":0,"veg_frac":0.027,"nodata_frac":0,"review_priority":1,"review_note":null,"review_status":null,"has_mask":true},"geometry":{"type":"Polygon","coordinates":[[[28.7193347,47.1173153],[28.7193495,47.1177758],[28.7186749,47.117786],[28.71866,47.1173254],[28.7193347,47.1173153]]]}},{"type":"Feature","id":229,"properties":{"tile":"siret3_r030_c028","status":"no_vineyard","n_rows":0,"n_canopies":0,"n_interrows":0,"n_waste":0,"veg_frac":0.139,"nodata_frac":0,"review_priority":1,"review_note":null,"review_status":null,"has_mask":true},"geometry":{"type":"Polygon","coordinates":[[[28.7200093,47.1173052],[28.7200241,47.1177657],[28.7193495,47.1177758],[28.7193347,47.1173153],[28.7200093,47.1173052]]]}},{"type":"Feature","id":230,"properties":{"tile":"siret3_r030_c029","status":"no_vineyard","n_rows":0,"n_canopies":0,"n_interrows":0,"n_waste":0,"veg_frac":0.099,"nodata_frac":0,"review_priority":1,"review_note":null,"review_status":null,"has_mask":true},"geometry":{"type":"Polygon","coordinates":[[[28.7206839,47.117295],[28.7206988,47.1177556],[28.7200241,47.1177657],[28.7200093,47.1173052],[28.7206839,47.117295]]]}},{"type":"Feature","id":231,"properties":{"tile":"siret3_r030_c030","status":"no_vineyard","n_rows":0,"n_canopies":0,"n_interrows":0,"n_waste":0,"veg_frac":0.173,"nodata_frac":0.001,"review_priority":1,"review_note":null,"review_status":null,"has_mask":true},"geometry":{"type":"Polygon","coordinates":[[[28.7213586,47.1172849],[28.7213734,47.1177454],[28.7206988,47.1177556],[28.7206839,47.117295],[28.7213586,47.1172849]]]}},{"type":"Feature","id":232,"properties":{"tile":"siret3_r030_c031","status":"no_vineyard","n_rows":0,"n_canopies":0,"n_interrows":0,"n_waste":0,"veg_frac":0.622,"nodata_frac":0,"review_priority":1,"review_note":null,"review_status":null,"has_mask":true},"geometry":{"type":"Polygon","coordinates":[[[28.7220332,47.1172748],[28.7220481,47.1177353],[28.7213734,47.1177454],[28.7213586,47.1172849],[28.7220332,47.1172748]]]}},{"type":"Feature","id":233,"properties":{"tile":"siret3_r030_c032","status":"no_vineyard","n_rows":0,"n_canopies":0,"n_interrows":0,"n_waste":0,"veg_frac":0.025,"nodata_frac":0.394,"review_priority":1,"review_note":null,"review_status":null,"has_mask":true},"geometry":{"type":"Polygon","coordinates":[[[28.7227078,47.1172646],[28.7227227,47.1177251],[28.7220481,47.1177353],[28.7220332,47.1172748],[28.7227078,47.1172646]]]}},{"type":"Feature","id":234,"properties":{"tile":"siret3_r031_c017","status":"vineyard","n_rows":4,"n_canopies":58,"n_interrows":3,"n_waste":0,"veg_frac":0.739,"nodata_frac":0.235,"review_priority":2,"review_note":"vine strip on the right edge","review_status":"missed","has_mask":true},"geometry":{"type":"Polygon","coordinates":[[[28.7125736,47.1169559],[28.7125883,47.1174164],[28.7119137,47.1174265],[28.7118989,47.116966],[28.7125736,47.1169559]]]}},{"type":"Feature","id":235,"properties":{"tile":"siret3_r031_c018","status":"vineyard","n_rows":4,"n_canopies":14,"n_interrows":2,"n_waste":0,"veg_frac":0.881,"nodata_frac":0,"review_priority":1,"review_note":"most of the vineyard unmapped","review_status":"partial","has_mask":true},"geometry":{"type":"Polygon","coordinates":[[[28.7132482,47.1169458],[28.713263,47.1174063],[28.7125883,47.1174164],[28.7125736,47.1169559],[28.7132482,47.1169458]]]}},{"type":"Feature","id":236,"properties":{"tile":"siret3_r031_c019","status":"vineyard","n_rows":6,"n_canopies":71,"n_interrows":5,"n_waste":0,"veg_frac":0.659,"nodata_frac":0,"review_priority":1,"review_note":"vine rows in the upper part","review_status":"missed","has_mask":true},"geometry":{"type":"Polygon","coordinates":[[[28.7139228,47.1169357],[28.7139376,47.1173962],[28.713263,47.1174063],[28.7132482,47.1169458],[28.7139228,47.1169357]]]}},{"type":"Feature","id":237,"properties":{"tile":"siret3_r031_c020","status":"no_vineyard","n_rows":0,"n_canopies":0,"n_interrows":0,"n_waste":0,"veg_frac":0.452,"nodata_frac":0,"review_priority":1,"review_note":null,"review_status":null,"has_mask":true},"geometry":{"type":"Polygon","coordinates":[[[28.7145974,47.1169256],[28.7146122,47.1173861],[28.7139376,47.1173962],[28.7139228,47.1169357],[28.7145974,47.1169256]]]}},{"type":"Feature","id":238,"properties":{"tile":"siret3_r031_c021","status":"no_vineyard","n_rows":0,"n_canopies":0,"n_interrows":0,"n_waste":0,"veg_frac":0.729,"nodata_frac":0,"review_priority":1,"review_note":null,"review_status":null,"has_mask":true},"geometry":{"type":"Polygon","coordinates":[[[28.7152721,47.1169155],[28.7152869,47.117376],[28.7146122,47.1173861],[28.7145974,47.1169256],[28.7152721,47.1169155]]]}},{"type":"Feature","id":239,"properties":{"tile":"siret3_r031_c022","status":"no_vineyard","n_rows":0,"n_canopies":0,"n_interrows":0,"n_waste":0,"veg_frac":0.647,"nodata_frac":0,"review_priority":1,"review_note":null,"review_status":null,"has_mask":true},"geometry":{"type":"Polygon","coordinates":[[[28.7159467,47.1169054],[28.7159615,47.1173659],[28.7152869,47.117376],[28.7152721,47.1169155],[28.7159467,47.1169054]]]}},{"type":"Feature","id":240,"properties":{"tile":"siret3_r031_c023","status":"no_vineyard","n_rows":0,"n_canopies":0,"n_interrows":0,"n_waste":0,"veg_frac":0.625,"nodata_frac":0,"review_priority":1,"review_note":null,"review_status":null,"has_mask":true},"geometry":{"type":"Polygon","coordinates":[[[28.7166213,47.1168953],[28.7166361,47.1173558],[28.7159615,47.1173659],[28.7159467,47.1169054],[28.7166213,47.1168953]]]}},{"type":"Feature","id":241,"properties":{"tile":"siret3_r031_c024","status":"no_vineyard","n_rows":0,"n_canopies":0,"n_interrows":0,"n_waste":0,"veg_frac":0.833,"nodata_frac":0,"review_priority":1,"review_note":null,"review_status":null,"has_mask":true},"geometry":{"type":"Polygon","coordinates":[[[28.717296,47.1168852],[28.7173108,47.1173457],[28.7166361,47.1173558],[28.7166213,47.1168953],[28.717296,47.1168852]]]}},{"type":"Feature","id":242,"properties":{"tile":"siret3_r031_c025","status":"no_vineyard","n_rows":0,"n_canopies":0,"n_interrows":0,"n_waste":0,"veg_frac":0.276,"nodata_frac":0,"review_priority":1,"review_note":null,"review_status":null,"has_mask":true},"geometry":{"type":"Polygon","coordinates":[[[28.7179706,47.116875],[28.7179854,47.1173356],[28.7173108,47.1173457],[28.717296,47.1168852],[28.7179706,47.116875]]]}},{"type":"Feature","id":243,"properties":{"tile":"siret3_r031_c026","status":"no_vineyard","n_rows":0,"n_canopies":0,"n_interrows":0,"n_waste":0,"veg_frac":0.691,"nodata_frac":0,"review_priority":1,"review_note":null,"review_status":null,"has_mask":true},"geometry":{"type":"Polygon","coordinates":[[[28.7186452,47.1168649],[28.71866,47.1173254],[28.7179854,47.1173356],[28.7179706,47.116875],[28.7186452,47.1168649]]]}},{"type":"Feature","id":244,"properties":{"tile":"siret3_r031_c027","status":"no_vineyard","n_rows":0,"n_canopies":0,"n_interrows":0,"n_waste":0,"veg_frac":0.147,"nodata_frac":0,"review_priority":1,"review_note":null,"review_status":null,"has_mask":true},"geometry":{"type":"Polygon","coordinates":[[[28.7193198,47.1168548],[28.7193347,47.1173153],[28.71866,47.1173254],[28.7186452,47.1168649],[28.7193198,47.1168548]]]}},{"type":"Feature","id":245,"properties":{"tile":"siret3_r031_c028","status":"no_vineyard","n_rows":0,"n_canopies":0,"n_interrows":0,"n_waste":0,"veg_frac":0.071,"nodata_frac":0,"review_priority":1,"review_note":null,"review_status":null,"has_mask":true},"geometry":{"type":"Polygon","coordinates":[[[28.7199945,47.1168447],[28.7200093,47.1173052],[28.7193347,47.1173153],[28.7193198,47.1168548],[28.7199945,47.1168447]]]}},{"type":"Feature","id":246,"properties":{"tile":"siret3_r031_c029","status":"no_vineyard","n_rows":0,"n_canopies":0,"n_interrows":0,"n_waste":0,"veg_frac":0.126,"nodata_frac":0,"review_priority":1,"review_note":null,"review_status":null,"has_mask":true},"geometry":{"type":"Polygon","coordinates":[[[28.7206691,47.1168345],[28.7206839,47.117295],[28.7200093,47.1173052],[28.7199945,47.1168447],[28.7206691,47.1168345]]]}},{"type":"Feature","id":247,"properties":{"tile":"siret3_r031_c030","status":"no_vineyard","n_rows":0,"n_canopies":0,"n_interrows":0,"n_waste":0,"veg_frac":0.109,"nodata_frac":0.001,"review_priority":1,"review_note":null,"review_status":null,"has_mask":true},"geometry":{"type":"Polygon","coordinates":[[[28.7213437,47.1168244],[28.7213586,47.1172849],[28.7206839,47.117295],[28.7206691,47.1168345],[28.7213437,47.1168244]]]}},{"type":"Feature","id":248,"properties":{"tile":"siret3_r031_c031","status":"no_vineyard","n_rows":0,"n_canopies":0,"n_interrows":0,"n_waste":0,"veg_frac":0.448,"nodata_frac":0.341,"review_priority":1,"review_note":null,"review_status":null,"has_mask":true},"geometry":{"type":"Polygon","coordinates":[[[28.7220183,47.1168142],[28.7220332,47.1172748],[28.7213586,47.1172849],[28.7213437,47.1168244],[28.7220183,47.1168142]]]}},{"type":"Feature","id":249,"properties":{"tile":"siret3_r032_c018","status":"vineyard","n_rows":7,"n_canopies":50,"n_interrows":6,"n_waste":0,"veg_frac":0.277,"nodata_frac":0.093,"review_priority":2,"review_note":null,"review_status":null,"has_mask":true},"geometry":{"type":"Polygon","coordinates":[[[28.7132334,47.1164853],[28.7132482,47.1169458],[28.7125736,47.1169559],[28.7125588,47.1164954],[28.7132334,47.1164853]]]}},{"type":"Feature","id":250,"properties":{"tile":"siret3_r032_c019","status":"vineyard","n_rows":1,"n_canopies":1,"n_interrows":0,"n_waste":0,"veg_frac":0.789,"nodata_frac":0,"review_priority":1,"review_note":null,"review_status":null,"has_mask":true},"geometry":{"type":"Polygon","coordinates":[[[28.713908,47.1164752],[28.7139228,47.1169357],[28.7132482,47.1169458],[28.7132334,47.1164853],[28.713908,47.1164752]]]}},{"type":"Feature","id":251,"properties":{"tile":"siret3_r032_c020","status":"vineyard","n_rows":8,"n_canopies":14,"n_interrows":7,"n_waste":0,"veg_frac":0.769,"nodata_frac":0,"review_priority":1,"review_note":"vine rows in the bottom-left","review_status":"missed","has_mask":true},"geometry":{"type":"Polygon","coordinates":[[[28.7145826,47.1164651],[28.7145974,47.1169256],[28.7139228,47.1169357],[28.713908,47.1164752],[28.7145826,47.1164651]]]}},{"type":"Feature","id":252,"properties":{"tile":"siret3_r032_c021","status":"vineyard","n_rows":21,"n_canopies":176,"n_interrows":18,"n_waste":0,"veg_frac":0.69,"nodata_frac":0,"review_priority":1,"review_note":null,"review_status":null,"has_mask":true},"geometry":{"type":"Polygon","coordinates":[[[28.7152573,47.116455],[28.7152721,47.1169155],[28.7145974,47.1169256],[28.7145826,47.1164651],[28.7152573,47.116455]]]}},{"type":"Feature","id":253,"properties":{"tile":"siret3_r032_c022","status":"vineyard","n_rows":14,"n_canopies":80,"n_interrows":13,"n_waste":0,"veg_frac":0.575,"nodata_frac":0,"review_priority":1,"review_note":"vine patch in the bottom-left","review_status":"missed","has_mask":true},"geometry":{"type":"Polygon","coordinates":[[[28.7159319,47.1164449],[28.7159467,47.1169054],[28.7152721,47.1169155],[28.7152573,47.116455],[28.7159319,47.1164449]]]}},{"type":"Feature","id":254,"properties":{"tile":"siret3_r032_c023","status":"no_vineyard","n_rows":0,"n_canopies":0,"n_interrows":0,"n_waste":0,"veg_frac":0.646,"nodata_frac":0,"review_priority":1,"review_note":null,"review_status":null,"has_mask":true},"geometry":{"type":"Polygon","coordinates":[[[28.7166065,47.1164348],[28.7166213,47.1168953],[28.7159467,47.1169054],[28.7159319,47.1164449],[28.7166065,47.1164348]]]}},{"type":"Feature","id":255,"properties":{"tile":"siret3_r032_c024","status":"no_vineyard","n_rows":0,"n_canopies":0,"n_interrows":0,"n_waste":0,"veg_frac":0.885,"nodata_frac":0,"review_priority":1,"review_note":null,"review_status":null,"has_mask":true},"geometry":{"type":"Polygon","coordinates":[[[28.7172811,47.1164246],[28.717296,47.1168852],[28.7166213,47.1168953],[28.7166065,47.1164348],[28.7172811,47.1164246]]]}},{"type":"Feature","id":256,"properties":{"tile":"siret3_r032_c025","status":"no_vineyard","n_rows":0,"n_canopies":0,"n_interrows":0,"n_waste":0,"veg_frac":0.408,"nodata_frac":0,"review_priority":1,"review_note":null,"review_status":null,"has_mask":true},"geometry":{"type":"Polygon","coordinates":[[[28.7179558,47.1164145],[28.7179706,47.116875],[28.717296,47.1168852],[28.7172811,47.1164246],[28.7179558,47.1164145]]]}},{"type":"Feature","id":257,"properties":{"tile":"siret3_r032_c026","status":"no_vineyard","n_rows":0,"n_canopies":0,"n_interrows":0,"n_waste":0,"veg_frac":0.292,"nodata_frac":0,"review_priority":1,"review_note":null,"review_status":null,"has_mask":true},"geometry":{"type":"Polygon","coordinates":[[[28.7186304,47.1164044],[28.7186452,47.1168649],[28.7179706,47.116875],[28.7179558,47.1164145],[28.7186304,47.1164044]]]}},{"type":"Feature","id":258,"properties":{"tile":"siret3_r032_c027","status":"no_vineyard","n_rows":0,"n_canopies":0,"n_interrows":0,"n_waste":0,"veg_frac":0.301,"nodata_frac":0,"review_priority":1,"review_note":null,"review_status":null,"has_mask":true},"geometry":{"type":"Polygon","coordinates":[[[28.719305,47.1163943],[28.7193198,47.1168548],[28.7186452,47.1168649],[28.7186304,47.1164044],[28.719305,47.1163943]]]}},{"type":"Feature","id":259,"properties":{"tile":"siret3_r032_c028","status":"no_vineyard","n_rows":0,"n_canopies":0,"n_interrows":0,"n_waste":0,"veg_frac":0.369,"nodata_frac":0,"review_priority":1,"review_note":null,"review_status":null,"has_mask":true},"geometry":{"type":"Polygon","coordinates":[[[28.7199796,47.1163841],[28.7199945,47.1168447],[28.7193198,47.1168548],[28.719305,47.1163943],[28.7199796,47.1163841]]]}},{"type":"Feature","id":260,"properties":{"tile":"siret3_r032_c029","status":"no_vineyard","n_rows":0,"n_canopies":0,"n_interrows":0,"n_waste":0,"veg_frac":0.314,"nodata_frac":0,"review_priority":1,"review_note":null,"review_status":null,"has_mask":true},"geometry":{"type":"Polygon","coordinates":[[[28.7206542,47.116374],[28.7206691,47.1168345],[28.7199945,47.1168447],[28.7199796,47.1163841],[28.7206542,47.116374]]]}},{"type":"Feature","id":261,"properties":{"tile":"siret3_r032_c030","status":"no_vineyard","n_rows":0,"n_canopies":0,"n_interrows":0,"n_waste":0,"veg_frac":0.284,"nodata_frac":0.225,"review_priority":1,"review_note":null,"review_status":null,"has_mask":true},"geometry":{"type":"Polygon","coordinates":[[[28.7213289,47.1163639],[28.7213437,47.1168244],[28.7206691,47.1168345],[28.7206542,47.116374],[28.7213289,47.1163639]]]}},{"type":"Feature","id":262,"properties":{"tile":"siret3_r033_c018","status":"no_vineyard","n_rows":0,"n_canopies":0,"n_interrows":0,"n_waste":0,"veg_frac":0.861,"nodata_frac":0.728,"review_priority":1,"review_note":null,"review_status":null,"has_mask":true},"geometry":{"type":"Polygon","coordinates":[[[28.7132186,47.1160247],[28.7132334,47.1164853],[28.7125588,47.1164954],[28.712544,47.1160348],[28.7132186,47.1160247]]]}},{"type":"Feature","id":263,"properties":{"tile":"siret3_r033_c019","status":"vineyard","n_rows":6,"n_canopies":15,"n_interrows":5,"n_waste":0,"veg_frac":0.7,"nodata_frac":0.009,"review_priority":1,"review_note":"upper-left rows of the block unmapped","review_status":"partial","has_mask":true},"geometry":{"type":"Polygon","coordinates":[[[28.7138932,47.1160147],[28.713908,47.1164752],[28.7132334,47.1164853],[28.7132186,47.1160247],[28.7138932,47.1160147]]]}},{"type":"Feature","id":264,"properties":{"tile":"siret3_r033_c020","status":"vineyard","n_rows":9,"n_canopies":12,"n_interrows":6,"n_waste":0,"veg_frac":0.933,"nodata_frac":0,"review_priority":1,"review_note":null,"review_status":null,"has_mask":true},"geometry":{"type":"Polygon","coordinates":[[[28.7145678,47.1160046],[28.7145826,47.1164651],[28.713908,47.1164752],[28.7138932,47.1160147],[28.7145678,47.1160046]]]}},{"type":"Feature","id":265,"properties":{"tile":"siret3_r033_c021","status":"vineyard","n_rows":11,"n_canopies":72,"n_interrows":10,"n_waste":0,"veg_frac":0.797,"nodata_frac":0,"review_priority":1,"review_note":"vine patch in the top-right","review_status":"missed","has_mask":true},"geometry":{"type":"Polygon","coordinates":[[[28.7152425,47.1159945],[28.7152573,47.116455],[28.7145826,47.1164651],[28.7145678,47.1160046],[28.7152425,47.1159945]]]}},{"type":"Feature","id":266,"properties":{"tile":"siret3_r033_c022","status":"vineyard","n_rows":12,"n_canopies":119,"n_interrows":10,"n_waste":0,"veg_frac":0.397,"nodata_frac":0,"review_priority":1,"review_note":"tan-soil block rows partly mapped","review_status":"partial","has_mask":true},"geometry":{"type":"Polygon","coordinates":[[[28.7159171,47.1159843],[28.7159319,47.1164449],[28.7152573,47.116455],[28.7152425,47.1159945],[28.7159171,47.1159843]]]}},{"type":"Feature","id":267,"properties":{"tile":"siret3_r033_c023","status":"no_vineyard","n_rows":0,"n_canopies":0,"n_interrows":0,"n_waste":0,"veg_frac":0.775,"nodata_frac":0,"review_priority":1,"review_note":"vine rows at the top of the tile","review_status":"missed","has_mask":true},"geometry":{"type":"Polygon","coordinates":[[[28.7165917,47.1159742],[28.7166065,47.1164348],[28.7159319,47.1164449],[28.7159171,47.1159843],[28.7165917,47.1159742]]]}},{"type":"Feature","id":268,"properties":{"tile":"siret3_r033_c024","status":"no_vineyard","n_rows":0,"n_canopies":0,"n_interrows":0,"n_waste":0,"veg_frac":0.909,"nodata_frac":0,"review_priority":1,"review_note":null,"review_status":null,"has_mask":true},"geometry":{"type":"Polygon","coordinates":[[[28.7172663,47.1159641],[28.7172811,47.1164246],[28.7166065,47.1164348],[28.7165917,47.1159742],[28.7172663,47.1159641]]]}},{"type":"Feature","id":269,"properties":{"tile":"siret3_r033_c025","status":"no_vineyard","n_rows":0,"n_canopies":0,"n_interrows":0,"n_waste":0,"veg_frac":0.602,"nodata_frac":0,"review_priority":1,"review_note":null,"review_status":null,"has_mask":true},"geometry":{"type":"Polygon","coordinates":[[[28.7179409,47.115954],[28.7179558,47.1164145],[28.7172811,47.1164246],[28.7172663,47.1159641],[28.7179409,47.115954]]]}},{"type":"Feature","id":270,"properties":{"tile":"siret3_r033_c026","status":"no_vineyard","n_rows":0,"n_canopies":0,"n_interrows":0,"n_waste":0,"veg_frac":0.418,"nodata_frac":0,"review_priority":1,"review_note":null,"review_status":null,"has_mask":true},"geometry":{"type":"Polygon","coordinates":[[[28.7186155,47.1159439],[28.7186304,47.1164044],[28.7179558,47.1164145],[28.7179409,47.115954],[28.7186155,47.1159439]]]}},{"type":"Feature","id":271,"properties":{"tile":"siret3_r033_c027","status":"no_vineyard","n_rows":0,"n_canopies":0,"n_interrows":0,"n_waste":0,"veg_frac":0.668,"nodata_frac":0,"review_priority":1,"review_note":null,"review_status":null,"has_mask":true},"geometry":{"type":"Polygon","coordinates":[[[28.7192902,47.1159338],[28.719305,47.1163943],[28.7186304,47.1164044],[28.7186155,47.1159439],[28.7192902,47.1159338]]]}},{"type":"Feature","id":272,"properties":{"tile":"siret3_r033_c028","status":"no_vineyard","n_rows":0,"n_canopies":0,"n_interrows":0,"n_waste":0,"veg_frac":0.581,"nodata_frac":0,"review_priority":1,"review_note":null,"review_status":null,"has_mask":true},"geometry":{"type":"Polygon","coordinates":[[[28.7199648,47.1159236],[28.7199796,47.1163841],[28.719305,47.1163943],[28.7192902,47.1159338],[28.7199648,47.1159236]]]}},{"type":"Feature","id":273,"properties":{"tile":"siret3_r033_c029","status":"no_vineyard","n_rows":0,"n_canopies":0,"n_interrows":0,"n_waste":0,"veg_frac":0.693,"nodata_frac":0.175,"review_priority":1,"review_note":null,"review_status":null,"has_mask":true},"geometry":{"type":"Polygon","coordinates":[[[28.7206394,47.1159135],[28.7206542,47.116374],[28.7199796,47.1163841],[28.7199648,47.1159236],[28.7206394,47.1159135]]]}},{"type":"Feature","id":274,"properties":{"tile":"siret3_r033_c030","status":"no_vineyard","n_rows":0,"n_canopies":0,"n_interrows":0,"n_waste":0,"veg_frac":0.465,"nodata_frac":0.899,"review_priority":1,"review_note":null,"review_status":null,"has_mask":true},"geometry":{"type":"Polygon","coordinates":[[[28.721314,47.1159033],[28.7213289,47.1163639],[28.7206542,47.116374],[28.7206394,47.1159135],[28.721314,47.1159033]]]}},{"type":"Feature","id":275,"properties":{"tile":"siret3_r034_c019","status":"no_vineyard","n_rows":0,"n_canopies":0,"n_interrows":0,"n_waste":0,"veg_frac":0.862,"nodata_frac":0.537,"review_priority":1,"review_note":null,"review_status":null,"has_mask":true},"geometry":{"type":"Polygon","coordinates":[[[28.7138784,47.1155541],[28.7138932,47.1160147],[28.7132186,47.1160247],[28.7132038,47.1155642],[28.7138784,47.1155541]]]}},{"type":"Feature","id":276,"properties":{"tile":"siret3_r034_c020","status":"no_vineyard","n_rows":0,"n_canopies":0,"n_interrows":0,"n_waste":0,"veg_frac":0.901,"nodata_frac":0,"review_priority":1,"review_note":null,"review_status":null,"has_mask":true},"geometry":{"type":"Polygon","coordinates":[[[28.714553,47.115544],[28.7145678,47.1160046],[28.7138932,47.1160147],[28.7138784,47.1155541],[28.714553,47.115544]]]}},{"type":"Feature","id":277,"properties":{"tile":"siret3_r034_c021","status":"vineyard","n_rows":3,"n_canopies":10,"n_interrows":2,"n_waste":0,"veg_frac":0.921,"nodata_frac":0,"review_priority":1,"review_note":null,"review_status":null,"has_mask":true},"geometry":{"type":"Polygon","coordinates":[[[28.7152277,47.1155339],[28.7152425,47.1159945],[28.7145678,47.1160046],[28.714553,47.115544],[28.7152277,47.1155339]]]}},{"type":"Feature","id":278,"properties":{"tile":"siret3_r034_c022","status":"no_vineyard","n_rows":0,"n_canopies":0,"n_interrows":0,"n_waste":0,"veg_frac":0.703,"nodata_frac":0,"review_priority":1,"review_note":"left tan block partly mapped","review_status":"partial","has_mask":true},"geometry":{"type":"Polygon","coordinates":[[[28.7159023,47.1155238],[28.7159171,47.1159843],[28.7152425,47.1159945],[28.7152277,47.1155339],[28.7159023,47.1155238]]]}},{"type":"Feature","id":279,"properties":{"tile":"siret3_r034_c023","status":"no_vineyard","n_rows":0,"n_canopies":0,"n_interrows":0,"n_waste":0,"veg_frac":0.748,"nodata_frac":0,"review_priority":1,"review_note":null,"review_status":null,"has_mask":true},"geometry":{"type":"Polygon","coordinates":[[[28.7165769,47.1155137],[28.7165917,47.1159742],[28.7159171,47.1159843],[28.7159023,47.1155238],[28.7165769,47.1155137]]]}},{"type":"Feature","id":280,"properties":{"tile":"siret3_r034_c024","status":"no_vineyard","n_rows":0,"n_canopies":0,"n_interrows":0,"n_waste":0,"veg_frac":0.684,"nodata_frac":0,"review_priority":1,"review_note":null,"review_status":null,"has_mask":true},"geometry":{"type":"Polygon","coordinates":[[[28.7172515,47.1155036],[28.7172663,47.1159641],[28.7165917,47.1159742],[28.7165769,47.1155137],[28.7172515,47.1155036]]]}},{"type":"Feature","id":281,"properties":{"tile":"siret3_r034_c025","status":"vineyard","n_rows":4,"n_canopies":12,"n_interrows":3,"n_waste":0,"veg_frac":0.398,"nodata_frac":0,"review_priority":2,"review_note":"young vines on tan soil","review_status":"missed","has_mask":true},"geometry":{"type":"Polygon","coordinates":[[[28.7179261,47.1154935],[28.7179409,47.115954],[28.7172663,47.1159641],[28.7172515,47.1155036],[28.7179261,47.1154935]]]}},{"type":"Feature","id":282,"properties":{"tile":"siret3_r034_c026","status":"vineyard","n_rows":9,"n_canopies":28,"n_interrows":7,"n_waste":0,"veg_frac":0.237,"nodata_frac":0,"review_priority":1,"review_note":"young vines on tan soil around the two trees","review_status":"missed","has_mask":true},"geometry":{"type":"Polygon","coordinates":[[[28.7186007,47.1154834],[28.7186155,47.1159439],[28.7179409,47.115954],[28.7179261,47.1154935],[28.7186007,47.1154834]]]}},{"type":"Feature","id":283,"properties":{"tile":"siret3_r034_c027","status":"no_vineyard","n_rows":0,"n_canopies":0,"n_interrows":0,"n_waste":0,"veg_frac":0.63,"nodata_frac":0,"review_priority":1,"review_note":null,"review_status":null,"has_mask":true},"geometry":{"type":"Polygon","coordinates":[[[28.7192753,47.1154732],[28.7192902,47.1159338],[28.7186155,47.1159439],[28.7186007,47.1154834],[28.7192753,47.1154732]]]}},{"type":"Feature","id":284,"properties":{"tile":"siret3_r034_c028","status":"no_vineyard","n_rows":0,"n_canopies":0,"n_interrows":0,"n_waste":0,"veg_frac":0.836,"nodata_frac":0.119,"review_priority":1,"review_note":null,"review_status":null,"has_mask":true},"geometry":{"type":"Polygon","coordinates":[[[28.7199499,47.1154631],[28.7199648,47.1159236],[28.7192902,47.1159338],[28.7192753,47.1154732],[28.7199499,47.1154631]]]}},{"type":"Feature","id":285,"properties":{"tile":"siret3_r034_c029","status":"no_vineyard","n_rows":0,"n_canopies":0,"n_interrows":0,"n_waste":0,"veg_frac":0.909,"nodata_frac":0.84,"review_priority":1,"review_note":null,"review_status":null,"has_mask":true},"geometry":{"type":"Polygon","coordinates":[[[28.7206245,47.115453],[28.7206394,47.1159135],[28.7199648,47.1159236],[28.7199499,47.1154631],[28.7206245,47.115453]]]}},{"type":"Feature","id":286,"properties":{"tile":"siret3_r035_c020","status":"vineyard","n_rows":3,"n_canopies":9,"n_interrows":2,"n_waste":0,"veg_frac":0.757,"nodata_frac":0.429,"review_priority":1,"review_note":null,"review_status":null,"has_mask":true},"geometry":{"type":"Polygon","coordinates":[[[28.7145383,47.1150835],[28.714553,47.115544],[28.7138784,47.1155541],[28.7138636,47.1150936],[28.7145383,47.1150835]]]}},{"type":"Feature","id":287,"properties":{"tile":"siret3_r035_c021","status":"vineyard","n_rows":7,"n_canopies":72,"n_interrows":5,"n_waste":0,"veg_frac":0.641,"nodata_frac":0,"review_priority":2,"review_note":"vine rows in the top-right","review_status":"missed","has_mask":true},"geometry":{"type":"Polygon","coordinates":[[[28.7152129,47.1150734],[28.7152277,47.1155339],[28.714553,47.115544],[28.7145383,47.1150835],[28.7152129,47.1150734]]]}},{"type":"Feature","id":288,"properties":{"tile":"siret3_r035_c022","status":"vineyard","n_rows":17,"n_canopies":192,"n_interrows":13,"n_waste":0,"veg_frac":0.511,"nodata_frac":0,"review_priority":1,"review_note":null,"review_status":null,"has_mask":true},"geometry":{"type":"Polygon","coordinates":[[[28.7158875,47.1150633],[28.7159023,47.1155238],[28.7152277,47.1155339],[28.7152129,47.1150734],[28.7158875,47.1150633]]]}},{"type":"Feature","id":289,"properties":{"tile":"siret3_r035_c023","status":"vineyard","n_rows":3,"n_canopies":5,"n_interrows":1,"n_waste":0,"veg_frac":0.79,"nodata_frac":0,"review_priority":2,"review_note":null,"review_status":null,"has_mask":true},"geometry":{"type":"Polygon","coordinates":[[[28.7165621,47.1150532],[28.7165769,47.1155137],[28.7159023,47.1155238],[28.7158875,47.1150633],[28.7165621,47.1150532]]]}},{"type":"Feature","id":290,"properties":{"tile":"siret3_r035_c024","status":"vineyard","n_rows":3,"n_canopies":8,"n_interrows":2,"n_waste":0,"veg_frac":0.749,"nodata_frac":0,"review_priority":1,"review_note":"vine rows in the bottom-right corner","review_status":"missed","has_mask":true},"geometry":{"type":"Polygon","coordinates":[[[28.7172367,47.1150431],[28.7172515,47.1155036],[28.7165769,47.1155137],[28.7165621,47.1150532],[28.7172367,47.1150431]]]}},{"type":"Feature","id":291,"properties":{"tile":"siret3_r035_c025","status":"vineyard","n_rows":20,"n_canopies":196,"n_interrows":18,"n_waste":0,"veg_frac":0.375,"nodata_frac":0,"review_priority":1,"review_note":null,"review_status":null,"has_mask":true},"geometry":{"type":"Polygon","coordinates":[[[28.7179113,47.115033],[28.7179261,47.1154935],[28.7172515,47.1155036],[28.7172367,47.1150431],[28.7179113,47.115033]]]}},{"type":"Feature","id":292,"properties":{"tile":"siret3_r035_c026","status":"vineyard","n_rows":25,"n_canopies":198,"n_interrows":24,"n_waste":0,"veg_frac":0.37,"nodata_frac":0,"review_priority":1,"review_note":"bottom-left block with another orientation unmapped","review_status":"partial","has_mask":true},"geometry":{"type":"Polygon","coordinates":[[[28.7185859,47.1150228],[28.7186007,47.1154834],[28.7179261,47.1154935],[28.7179113,47.115033],[28.7185859,47.1150228]]]}},{"type":"Feature","id":293,"properties":{"tile":"siret3_r035_c027","status":"no_vineyard","n_rows":0,"n_canopies":0,"n_interrows":0,"n_waste":0,"veg_frac":0.706,"nodata_frac":0.086,"review_priority":1,"review_note":null,"review_status":null,"has_mask":true},"geometry":{"type":"Polygon","coordinates":[[[28.7192605,47.1150127],[28.7192753,47.1154732],[28.7186007,47.1154834],[28.7185859,47.1150228],[28.7192605,47.1150127]]]}},{"type":"Feature","id":294,"properties":{"tile":"siret3_r035_c028","status":"no_vineyard","n_rows":0,"n_canopies":0,"n_interrows":0,"n_waste":0,"veg_frac":0.461,"nodata_frac":0.804,"review_priority":1,"review_note":null,"review_status":null,"has_mask":true},"geometry":{"type":"Polygon","coordinates":[[[28.7199351,47.1150026],[28.7199499,47.1154631],[28.7192753,47.1154732],[28.7192605,47.1150127],[28.7199351,47.1150026]]]}},{"type":"Feature","id":295,"properties":{"tile":"siret3_r036_c021","status":"no_vineyard","n_rows":0,"n_canopies":0,"n_interrows":0,"n_waste":0,"veg_frac":0.687,"nodata_frac":0.321,"review_priority":1,"review_note":null,"review_status":null,"has_mask":true},"geometry":{"type":"Polygon","coordinates":[[[28.7151981,47.1146129],[28.7152129,47.1150734],[28.7145383,47.1150835],[28.7145235,47.114623],[28.7151981,47.1146129]]]}},{"type":"Feature","id":296,"properties":{"tile":"siret3_r036_c022","status":"vineyard","n_rows":5,"n_canopies":21,"n_interrows":4,"n_waste":0,"veg_frac":0.77,"nodata_frac":0,"review_priority":2,"review_note":"vine rows in the top-left corner","review_status":"missed","has_mask":true},"geometry":{"type":"Polygon","coordinates":[[[28.7158727,47.1146028],[28.7158875,47.1150633],[28.7152129,47.1150734],[28.7151981,47.1146129],[28.7158727,47.1146028]]]}},{"type":"Feature","id":297,"properties":{"tile":"siret3_r036_c023","status":"vineyard","n_rows":4,"n_canopies":15,"n_interrows":2,"n_waste":0,"veg_frac":0.692,"nodata_frac":0,"review_priority":1,"review_note":"vine rows in the bottom-right","review_status":"missed","has_mask":true},"geometry":{"type":"Polygon","coordinates":[[[28.7165473,47.1145927],[28.7165621,47.1150532],[28.7158875,47.1150633],[28.7158727,47.1146028],[28.7165473,47.1145927]]]}},{"type":"Feature","id":298,"properties":{"tile":"siret3_r036_c024","status":"vineyard","n_rows":15,"n_canopies":106,"n_interrows":11,"n_waste":0,"veg_frac":0.223,"nodata_frac":0,"review_priority":1,"review_note":"left half of the young-vine block unmapped","review_status":"partial","has_mask":true},"geometry":{"type":"Polygon","coordinates":[[[28.7172219,47.1145826],[28.7172367,47.1150431],[28.7165621,47.1150532],[28.7165473,47.1145927],[28.7172219,47.1145826]]]}},{"type":"Feature","id":299,"properties":{"tile":"siret3_r036_c025","status":"vineyard","n_rows":23,"n_canopies":120,"n_interrows":21,"n_waste":0,"veg_frac":0.634,"nodata_frac":0,"review_priority":1,"review_note":null,"review_status":null,"has_mask":true},"geometry":{"type":"Polygon","coordinates":[[[28.7178965,47.1145724],[28.7179113,47.115033],[28.7172367,47.1150431],[28.7172219,47.1145826],[28.7178965,47.1145724]]]}},{"type":"Feature","id":300,"properties":{"tile":"siret3_r036_c026","status":"vineyard","n_rows":13,"n_canopies":67,"n_interrows":11,"n_waste":0,"veg_frac":0.621,"nodata_frac":0.068,"review_priority":1,"review_note":null,"review_status":null,"has_mask":true},"geometry":{"type":"Polygon","coordinates":[[[28.718571,47.1145623],[28.7185859,47.1150228],[28.7179113,47.115033],[28.7178965,47.1145724],[28.718571,47.1145623]]]}},{"type":"Feature","id":301,"properties":{"tile":"siret3_r036_c027","status":"no_vineyard","n_rows":0,"n_canopies":0,"n_interrows":0,"n_waste":0,"veg_frac":0.242,"nodata_frac":0.757,"review_priority":1,"review_note":"vine rows on the left","review_status":"missed","has_mask":true},"geometry":{"type":"Polygon","coordinates":[[[28.7192456,47.1145522],[28.7192605,47.1150127],[28.7185859,47.1150228],[28.718571,47.1145623],[28.7192456,47.1145522]]]}},{"type":"Feature","id":302,"properties":{"tile":"siret3_r037_c022","status":"no_vineyard","n_rows":0,"n_canopies":0,"n_interrows":0,"n_waste":0,"veg_frac":0.68,"nodata_frac":0.159,"review_priority":1,"review_note":null,"review_status":null,"has_mask":true},"geometry":{"type":"Polygon","coordinates":[[[28.7158578,47.1141423],[28.7158727,47.1146028],[28.7151981,47.1146129],[28.7151833,47.1141524],[28.7158578,47.1141423]]]}},{"type":"Feature","id":303,"properties":{"tile":"siret3_r037_c023","status":"vineyard","n_rows":10,"n_canopies":83,"n_interrows":9,"n_waste":0,"veg_frac":0.377,"nodata_frac":0,"review_priority":1,"review_note":null,"review_status":null,"has_mask":true},"geometry":{"type":"Polygon","coordinates":[[[28.7165324,47.1141322],[28.7165473,47.1145927],[28.7158727,47.1146028],[28.7158578,47.1141423],[28.7165324,47.1141322]]]}},{"type":"Feature","id":304,"properties":{"tile":"siret3_r037_c024","status":"vineyard","n_rows":18,"n_canopies":127,"n_interrows":15,"n_waste":0,"veg_frac":0.491,"nodata_frac":0,"review_priority":2,"review_note":null,"review_status":null,"has_mask":true},"geometry":{"type":"Polygon","coordinates":[[[28.717207,47.114122],[28.7172219,47.1145826],[28.7165473,47.1145927],[28.7165324,47.1141322],[28.717207,47.114122]]]}},{"type":"Feature","id":305,"properties":{"tile":"siret3_r037_c025","status":"vineyard","n_rows":15,"n_canopies":146,"n_interrows":12,"n_waste":0,"veg_frac":0.628,"nodata_frac":0.004,"review_priority":1,"review_note":null,"review_status":null,"has_mask":true},"geometry":{"type":"Polygon","coordinates":[[[28.7178816,47.1141119],[28.7178965,47.1145724],[28.7172219,47.1145826],[28.717207,47.114122],[28.7178816,47.1141119]]]}},{"type":"Feature","id":306,"properties":{"tile":"siret3_r037_c026","status":"vineyard","n_rows":6,"n_canopies":13,"n_interrows":5,"n_waste":0,"veg_frac":0.717,"nodata_frac":0.657,"review_priority":2,"review_note":"vine rows along the top edge","review_status":"missed","has_mask":true},"geometry":{"type":"Polygon","coordinates":[[[28.7185562,47.1141018],[28.718571,47.1145623],[28.7178965,47.1145724],[28.7178816,47.1141119],[28.7185562,47.1141018]]]}},{"type":"Feature","id":307,"properties":{"tile":"siret3_r038_c022","status":"vineyard","n_rows":9,"n_canopies":53,"n_interrows":8,"n_waste":0,"veg_frac":0.271,"nodata_frac":0.857,"review_priority":1,"review_note":null,"review_status":null,"has_mask":true},"geometry":{"type":"Polygon","coordinates":[[[28.715843,47.1136817],[28.7158578,47.1141423],[28.7151833,47.1141524],[28.7151685,47.1136918],[28.715843,47.1136817]]]}},{"type":"Feature","id":308,"properties":{"tile":"siret3_r038_c023","status":"vineyard","n_rows":22,"n_canopies":343,"n_interrows":21,"n_waste":0,"veg_frac":0.104,"nodata_frac":0.061,"review_priority":1,"review_note":null,"review_status":null,"has_mask":true},"geometry":{"type":"Polygon","coordinates":[[[28.7165176,47.1136716],[28.7165324,47.1141322],[28.7158578,47.1141423],[28.715843,47.1136817],[28.7165176,47.1136716]]]}},{"type":"Feature","id":309,"properties":{"tile":"siret3_r038_c024","status":"vineyard","n_rows":17,"n_canopies":74,"n_interrows":17,"n_waste":0,"veg_frac":0.645,"nodata_frac":0.087,"review_priority":1,"review_note":"vine patch in the top-right unmapped","review_status":"partial","has_mask":true},"geometry":{"type":"Polygon","coordinates":[[[28.7171922,47.1136615],[28.717207,47.114122],[28.7165324,47.1141322],[28.7165176,47.1136716],[28.7171922,47.1136615]]]}},{"type":"Feature","id":310,"properties":{"tile":"siret3_r038_c025","status":"vineyard","n_rows":10,"n_canopies":25,"n_interrows":9,"n_waste":0,"veg_frac":0.659,"nodata_frac":0.667,"review_priority":1,"review_note":"only 1 row piece - rest of the vine area at the top unmapped","review_status":"partial","has_mask":true},"geometry":{"type":"Polygon","coordinates":[[[28.7178668,47.1136514],[28.7178816,47.1141119],[28.717207,47.114122],[28.7171922,47.1136615],[28.7178668,47.1136514]]]}},{"type":"Feature","id":311,"properties":{"tile":"siret3_r039_c023","status":"vineyard","n_rows":10,"n_canopies":42,"n_interrows":10,"n_waste":0,"veg_frac":0.249,"nodata_frac":0.835,"review_priority":1,"review_note":null,"review_status":null,"has_mask":true},"geometry":{"type":"Polygon","coordinates":[[[28.7165028,47.1132111],[28.7165176,47.1136716],[28.715843,47.1136817],[28.7158282,47.1132212],[28.7165028,47.1132111]]]}}]}