{"type":"FeatureCollection","name":"tiles","crs":{"type":"name","properties":{"name":"urn:ogc:def:crs:EPSG::32635"}},"features":[{"type":"Feature","properties":{"tile":"siret3_r005_c004","status":"no_vineyard","n_rows":0,"n_canopies":0,"n_interrows":0,"n_waste":0,"veg_frac":null,"nodata_frac":null,"review_priority":null,"review_note":null,"review_status":null,"has_mask":false},"geometry":{"type":"Polygon","coordinates":[[[629196.8,5220915.2],[629248,5220915.2],[629248,5220966.4],[629196.8,5220966.4],[629196.8,5220915.2]]]}},{"type":"Feature","properties":{"tile":"siret3_r006_c002","status":"no_vineyard","n_rows":0,"n_canopies":0,"n_interrows":0,"n_waste":0,"veg_frac":null,"nodata_frac":null,"review_priority":null,"review_note":null,"review_status":null,"has_mask":false},"geometry":{"type":"Polygon","coordinates":[[[629094.4,5220864],[629145.6,5220864],[629145.6,5220915.2],[629094.4,5220915.2],[629094.4,5220864]]]}},{"type":"Feature","properties":{"tile":"siret3_r006_c003","status":"no_vineyard","n_rows":0,"n_canopies":0,"n_interrows":0,"n_waste":0,"veg_frac":null,"nodata_frac":null,"review_priority":null,"review_note":null,"review_status":null,"has_mask":false},"geometry":{"type":"Polygon","coordinates":[[[629145.6,5220864],[629196.8,5220864],[629196.8,5220915.2],[629145.6,5220915.2],[629145.6,5220864]]]}},{"type":"Feature","properties":{"tile":"siret3_r006_c004","status":"no_vineyard","n_rows":0,"n_canopies":0,"n_interrows":0,"n_waste":0,"veg_frac":null,"nodata_frac":null,"review_priority":null,"review_note":null,"review_status":null,"has_mask":false},"geometry":{"type":"Polygon","coordinates":[[[629196.8,5220864],[629248,5220864],[629248,5220915.2],[629196.8,5220915.2],[629196.8,5220864]]]}},{"type":"Feature","properties":{"tile":"siret3_r007_c001","status":"no_vineyard","n_rows":0,"n_canopies":0,"n_interrows":0,"n_waste":0,"veg_frac":null,"nodata_frac":null,"review_priority":null,"review_note":null,"review_status":null,"has_mask":false},"geometry":{"type":"Polygon","coordinates":[[[629043.2,5220812.8],[629094.4,5220812.8],[629094.4,5220864],[629043.2,5220864],[629043.2,5220812.8]]]}},{"type":"Feature","properties":{"tile":"siret3_r007_c002","status":"no_vineyard","n_rows":0,"n_canopies":0,"n_interrows":0,"n_waste":0,"veg_frac":null,"nodata_frac":null,"review_priority":null,"review_note":null,"review_status":null,"has_mask":false},"geometry":{"type":"Polygon","coordinates":[[[629094.4,5220812.8],[629145.6,5220812.8],[629145.6,5220864],[629094.4,5220864],[629094.4,5220812.8]]]}},{"type":"Feature","properties":{"tile":"siret3_r007_c003","status":"no_vineyard","n_rows":0,"n_canopies":0,"n_interrows":0,"n_waste":0,"veg_frac":null,"nodata_frac":null,"review_priority":null,"review_note":null,"review_status":null,"has_mask":false},"geometry":{"type":"Polygon","coordinates":[[[629145.6,5220812.8],[629196.8,5220812.8],[629196.8,5220864],[629145.6,5220864],[629145.6,5220812.8]]]}},{"type":"Feature","properties":{"tile":"siret3_r007_c004","status":"no_vineyard","n_rows":0,"n_canopies":0,"n_interrows":0,"n_waste":0,"veg_frac":null,"nodata_frac":null,"review_priority":null,"review_note":null,"review_status":null,"has_mask":false},"geometry":{"type":"Polygon","coordinates":[[[629196.8,5220812.8],[629248,5220812.8],[629248,5220864],[629196.8,5220864],[629196.8,5220812.8]]]}},{"type":"Feature","properties":{"tile":"siret3_r008_c000","status":"no_vineyard","n_rows":0,"n_canopies":0,"n_interrows":0,"n_waste":0,"veg_frac":null,"nodata_frac":null,"review_priority":null,"review_note":null,"review_status":null,"has_mask":false},"geometry":{"type":"Polygon","coordinates":[[[628992,5220761.6],[629043.2,5220761.6],[629043.2,5220812.8],[628992,5220812.8],[628992,5220761.6]]]}},{"type":"Feature","properties":{"tile":"siret3_r008_c001","status":"no_vineyard","n_rows":0,"n_canopies":0,"n_interrows":0,"n_waste":0,"veg_frac":null,"nodata_frac":null,"review_priority":null,"review_note":null,"review_status":null,"has_mask":false},"geometry":{"type":"Polygon","coordinates":[[[629043.2,5220761.6],[629094.4,5220761.6],[629094.4,5220812.8],[629043.2,5220812.8],[629043.2,5220761.6]]]}},{"type":"Feature","properties":{"tile":"siret3_r008_c002","status":"no_vineyard","n_rows":0,"n_canopies":0,"n_interrows":0,"n_waste":0,"veg_frac":null,"nodata_frac":null,"review_priority":null,"review_note":null,"review_status":null,"has_mask":false},"geometry":{"type":"Polygon","coordinates":[[[629094.4,5220761.6],[629145.6,5220761.6],[629145.6,5220812.8],[629094.4,5220812.8],[629094.4,5220761.6]]]}},{"type":"Feature","properties":{"tile":"siret3_r008_c003","status":"no_vineyard","n_rows":0,"n_canopies":0,"n_interrows":0,"n_waste":0,"veg_frac":null,"nodata_frac":null,"review_priority":null,"review_note":null,"review_status":null,"has_mask":false},"geometry":{"type":"Polygon","coordinates":[[[629145.6,5220761.6],[629196.8,5220761.6],[629196.8,5220812.8],[629145.6,5220812.8],[629145.6,5220761.6]]]}},{"type":"Feature","properties":{"tile":"siret3_r008_c004","status":"no_vineyard","n_rows":0,"n_canopies":0,"n_interrows":0,"n_waste":0,"veg_frac":null,"nodata_frac":null,"review_priority":null,"review_note":null,"review_status":null,"has_mask":false},"geometry":{"type":"Polygon","coordinates":[[[629196.8,5220761.6],[629248,5220761.6],[629248,5220812.8],[629196.8,5220812.8],[629196.8,5220761.6]]]}},{"type":"Feature","properties":{"tile":"siret3_r008_c005","status":"no_vineyard","n_rows":0,"n_canopies":0,"n_interrows":0,"n_waste":0,"veg_frac":null,"nodata_frac":null,"review_priority":null,"review_note":null,"review_status":null,"has_mask":false},"geometry":{"type":"Polygon","coordinates":[[[629248,5220761.6],[629299.2,5220761.6],[629299.2,5220812.8],[629248,5220812.8],[629248,5220761.6]]]}},{"type":"Feature","properties":{"tile":"siret3_r009_c000","status":"no_vineyard","n_rows":0,"n_canopies":0,"n_interrows":0,"n_waste":0,"veg_frac":null,"nodata_frac":null,"review_priority":null,"review_note":null,"review_status":null,"has_mask":false},"geometry":{"type":"Polygon","coordinates":[[[628992,5220710.4],[629043.2,5220710.4],[629043.2,5220761.6],[628992,5220761.6],[628992,5220710.4]]]}},{"type":"Feature","properties":{"tile":"siret3_r009_c001","status":"no_vineyard","n_rows":0,"n_canopies":0,"n_interrows":0,"n_waste":0,"veg_frac":null,"nodata_frac":null,"review_priority":null,"review_note":null,"review_status":null,"has_mask":false},"geometry":{"type":"Polygon","coordinates":[[[629043.2,5220710.4],[629094.4,5220710.4],[629094.4,5220761.6],[629043.2,5220761.6],[629043.2,5220710.4]]]}},{"type":"Feature","properties":{"tile":"siret3_r009_c002","status":"no_vineyard","n_rows":0,"n_canopies":0,"n_interrows":0,"n_waste":0,"veg_frac":null,"nodata_frac":null,"review_priority":null,"review_note":null,"review_status":null,"has_mask":false},"geometry":{"type":"Polygon","coordinates":[[[629094.4,5220710.4],[629145.6,5220710.4],[629145.6,5220761.6],[629094.4,5220761.6],[629094.4,5220710.4]]]}},{"type":"Feature","properties":{"tile":"siret3_r009_c003","status":"no_vineyard","n_rows":0,"n_canopies":0,"n_interrows":0,"n_waste":0,"veg_frac":null,"nodata_frac":null,"review_priority":null,"review_note":null,"review_status":null,"has_mask":false},"geometry":{"type":"Polygon","coordinates":[[[629145.6,5220710.4],[629196.8,5220710.4],[629196.8,5220761.6],[629145.6,5220761.6],[629145.6,5220710.4]]]}},{"type":"Feature","properties":{"tile":"siret3_r009_c004","status":"no_vineyard","n_rows":0,"n_canopies":0,"n_interrows":0,"n_waste":0,"veg_frac":null,"nodata_frac":null,"review_priority":null,"review_note":null,"review_status":null,"has_mask":false},"geometry":{"type":"Polygon","coordinates":[[[629196.8,5220710.4],[629248,5220710.4],[629248,5220761.6],[629196.8,5220761.6],[629196.8,5220710.4]]]}},{"type":"Feature","properties":{"tile":"siret3_r009_c005","status":"no_vineyard","n_rows":0,"n_canopies":0,"n_interrows":0,"n_waste":0,"veg_frac":null,"nodata_frac":null,"review_priority":null,"review_note":null,"review_status":null,"has_mask":false},"geometry":{"type":"Polygon","coordinates":[[[629248,5220710.4],[629299.2,5220710.4],[629299.2,5220761.6],[629248,5220761.6],[629248,5220710.4]]]}},{"type":"Feature","properties":{"tile":"siret3_r009_c006","status":"no_vineyard","n_rows":0,"n_canopies":0,"n_interrows":0,"n_waste":0,"veg_frac":null,"nodata_frac":null,"review_priority":null,"review_note":null,"review_status":null,"has_mask":false},"geometry":{"type":"Polygon","coordinates":[[[629299.2,5220710.4],[629350.4,5220710.4],[629350.4,5220761.6],[629299.2,5220761.6],[629299.2,5220710.4]]]}},{"type":"Feature","properties":{"tile":"siret3_r010_c000","status":"no_vineyard","n_rows":0,"n_canopies":0,"n_interrows":0,"n_waste":0,"veg_frac":null,"nodata_frac":null,"review_priority":null,"review_note":null,"review_status":null,"has_mask":false},"geometry":{"type":"Polygon","coordinates":[[[628992,5220659.2],[629043.2,5220659.2],[629043.2,5220710.4],[628992,5220710.4],[628992,5220659.2]]]}},{"type":"Feature","properties":{"tile":"siret3_r010_c001","status":"no_vineyard","n_rows":0,"n_canopies":0,"n_interrows":0,"n_waste":0,"veg_frac":null,"nodata_frac":null,"review_priority":null,"review_note":null,"review_status":null,"has_mask":false},"geometry":{"type":"Polygon","coordinates":[[[629043.2,5220659.2],[629094.4,5220659.2],[629094.4,5220710.4],[629043.2,5220710.4],[629043.2,5220659.2]]]}},{"type":"Feature","properties":{"tile":"siret3_r010_c002","status":"no_vineyard","n_rows":0,"n_canopies":0,"n_interrows":0,"n_waste":0,"veg_frac":null,"nodata_frac":null,"review_priority":null,"review_note":null,"review_status":null,"has_mask":false},"geometry":{"type":"Polygon","coordinates":[[[629094.4,5220659.2],[629145.6,5220659.2],[629145.6,5220710.4],[629094.4,5220710.4],[629094.4,5220659.2]]]}},{"type":"Feature","properties":{"tile":"siret3_r010_c003","status":"no_vineyard","n_rows":0,"n_canopies":0,"n_interrows":0,"n_waste":0,"veg_frac":null,"nodata_frac":null,"review_priority":null,"review_note":null,"review_status":null,"has_mask":false},"geometry":{"type":"Polygon","coordinates":[[[629145.6,5220659.2],[629196.8,5220659.2],[629196.8,5220710.4],[629145.6,5220710.4],[629145.6,5220659.2]]]}},{"type":"Feature","properties":{"tile":"siret3_r010_c004","status":"no_vineyard","n_rows":0,"n_canopies":0,"n_interrows":0,"n_waste":0,"veg_frac":null,"nodata_frac":null,"review_priority":null,"review_note":null,"review_status":null,"has_mask":false},"geometry":{"type":"Polygon","coordinates":[[[629196.8,5220659.2],[629248,5220659.2],[629248,5220710.4],[629196.8,5220710.4],[629196.8,5220659.2]]]}},{"type":"Feature","properties":{"tile":"siret3_r010_c005","status":"no_vineyard","n_rows":0,"n_canopies":0,"n_interrows":0,"n_waste":0,"veg_frac":null,"nodata_frac":null,"review_priority":null,"review_note":null,"review_status":null,"has_mask":false},"geometry":{"type":"Polygon","coordinates":[[[629248,5220659.2],[629299.2,5220659.2],[629299.2,5220710.4],[629248,5220710.4],[629248,5220659.2]]]}},{"type":"Feature","properties":{"tile":"siret3_r010_c006","status":"no_vineyard","n_rows":0,"n_canopies":0,"n_interrows":0,"n_waste":0,"veg_frac":null,"nodata_frac":null,"review_priority":null,"review_note":null,"review_status":null,"has_mask":false},"geometry":{"type":"Polygon","coordinates":[[[629299.2,5220659.2],[629350.4,5220659.2],[629350.4,5220710.4],[629299.2,5220710.4],[629299.2,5220659.2]]]}},{"type":"Feature","properties":{"tile":"siret3_r011_c001","status":"no_vineyard","n_rows":0,"n_canopies":0,"n_interrows":0,"n_waste":0,"veg_frac":null,"nodata_frac":null,"review_priority":null,"review_note":null,"review_status":null,"has_mask":false},"geometry":{"type":"Polygon","coordinates":[[[629043.2,5220608],[629094.4,5220608],[629094.4,5220659.2],[629043.2,5220659.2],[629043.2,5220608]]]}},{"type":"Feature","properties":{"tile":"siret3_r011_c002","status":"no_vineyard","n_rows":0,"n_canopies":0,"n_interrows":0,"n_waste":0,"veg_frac":null,"nodata_frac":null,"review_priority":null,"review_note":null,"review_status":null,"has_mask":false},"geometry":{"type":"Polygon","coordinates":[[[629094.4,5220608],[629145.6,5220608],[629145.6,5220659.2],[629094.4,5220659.2],[629094.4,5220608]]]}},{"type":"Feature","properties":{"tile":"siret3_r011_c003","status":"no_vineyard","n_rows":0,"n_canopies":0,"n_interrows":0,"n_waste":0,"veg_frac":null,"nodata_frac":null,"review_priority":null,"review_note":null,"review_status":null,"has_mask":false},"geometry":{"type":"Polygon","coordinates":[[[629145.6,5220608],[629196.8,5220608],[629196.8,5220659.2],[629145.6,5220659.2],[629145.6,5220608]]]}},{"type":"Feature","properties":{"tile":"siret3_r011_c004","status":"no_vineyard","n_rows":0,"n_canopies":0,"n_interrows":0,"n_waste":0,"veg_frac":null,"nodata_frac":null,"review_priority":null,"review_note":null,"review_status":null,"has_mask":false},"geometry":{"type":"Polygon","coordinates":[[[629196.8,5220608],[629248,5220608],[629248,5220659.2],[629196.8,5220659.2],[629196.8,5220608]]]}},{"type":"Feature","properties":{"tile":"siret3_r011_c005","status":"no_vineyard","n_rows":0,"n_canopies":0,"n_interrows":0,"n_waste":0,"veg_frac":null,"nodata_frac":null,"review_priority":null,"review_note":null,"review_status":null,"has_mask":false},"geometry":{"type":"Polygon","coordinates":[[[629248,5220608],[629299.2,5220608],[629299.2,5220659.2],[629248,5220659.2],[629248,5220608]]]}},{"type":"Feature","properties":{"tile":"siret3_r011_c006","status":"no_vineyard","n_rows":0,"n_canopies":0,"n_interrows":0,"n_waste":0,"veg_frac":null,"nodata_frac":null,"review_priority":null,"review_note":null,"review_status":null,"has_mask":false},"geometry":{"type":"Polygon","coordinates":[[[629299.2,5220608],[629350.4,5220608],[629350.4,5220659.2],[629299.2,5220659.2],[629299.2,5220608]]]}},{"type":"Feature","properties":{"tile":"siret3_r011_c007","status":"no_vineyard","n_rows":0,"n_canopies":0,"n_interrows":0,"n_waste":0,"veg_frac":null,"nodata_frac":null,"review_priority":null,"review_note":null,"review_status":null,"has_mask":false},"geometry":{"type":"Polygon","coordinates":[[[629350.4,5220608],[629401.6,5220608],[629401.6,5220659.2],[629350.4,5220659.2],[629350.4,5220608]]]}},{"type":"Feature","properties":{"tile":"siret3_r011_c008","status":"no_vineyard","n_rows":0,"n_canopies":0,"n_interrows":0,"n_waste":0,"veg_frac":null,"nodata_frac":null,"review_priority":null,"review_note":null,"review_status":null,"has_mask":false},"geometry":{"type":"Polygon","coordinates":[[[629401.6,5220608],[629452.8,5220608],[629452.8,5220659.2],[629401.6,5220659.2],[629401.6,5220608]]]}},{"type":"Feature","properties":{"tile":"siret3_r012_c002","status":"no_vineyard","n_rows":0,"n_canopies":0,"n_interrows":0,"n_waste":0,"veg_frac":null,"nodata_frac":null,"review_priority":null,"review_note":null,"review_status":null,"has_mask":false},"geometry":{"type":"Polygon","coordinates":[[[629094.4,5220556.8],[629145.6,5220556.8],[629145.6,5220608],[629094.4,5220608],[629094.4,5220556.8]]]}},{"type":"Feature","properties":{"tile":"siret3_r012_c003","status":"no_vineyard","n_rows":0,"n_canopies":0,"n_interrows":0,"n_waste":0,"veg_frac":null,"nodata_frac":null,"review_priority":null,"review_note":null,"review_status":null,"has_mask":false},"geometry":{"type":"Polygon","coordinates":[[[629145.6,5220556.8],[629196.8,5220556.8],[629196.8,5220608],[629145.6,5220608],[629145.6,5220556.8]]]}},{"type":"Feature","properties":{"tile":"siret3_r012_c004","status":"no_vineyard","n_rows":0,"n_canopies":0,"n_interrows":0,"n_waste":0,"veg_frac":null,"nodata_frac":null,"review_priority":null,"review_note":null,"review_status":null,"has_mask":false},"geometry":{"type":"Polygon","coordinates":[[[629196.8,5220556.8],[629248,5220556.8],[629248,5220608],[629196.8,5220608],[629196.8,5220556.8]]]}},{"type":"Feature","properties":{"tile":"siret3_r012_c005","status":"no_vineyard","n_rows":0,"n_canopies":0,"n_interrows":0,"n_waste":0,"veg_frac":null,"nodata_frac":null,"review_priority":null,"review_note":null,"review_status":null,"has_mask":false},"geometry":{"type":"Polygon","coordinates":[[[629248,5220556.8],[629299.2,5220556.8],[629299.2,5220608],[629248,5220608],[629248,5220556.8]]]}},{"type":"Feature","properties":{"tile":"siret3_r012_c006","status":"no_vineyard","n_rows":0,"n_canopies":0,"n_interrows":0,"n_waste":0,"veg_frac":null,"nodata_frac":null,"review_priority":null,"review_note":null,"review_status":null,"has_mask":false},"geometry":{"type":"Polygon","coordinates":[[[629299.2,5220556.8],[629350.4,5220556.8],[629350.4,5220608],[629299.2,5220608],[629299.2,5220556.8]]]}},{"type":"Feature","properties":{"tile":"siret3_r012_c007","status":"no_vineyard","n_rows":0,"n_canopies":0,"n_interrows":0,"n_waste":0,"veg_frac":null,"nodata_frac":null,"review_priority":null,"review_note":null,"review_status":null,"has_mask":false},"geometry":{"type":"Polygon","coordinates":[[[629350.4,5220556.8],[629401.6,5220556.8],[629401.6,5220608],[629350.4,5220608],[629350.4,5220556.8]]]}},{"type":"Feature","properties":{"tile":"siret3_r012_c008","status":"no_vineyard","n_rows":0,"n_canopies":0,"n_interrows":0,"n_waste":0,"veg_frac":null,"nodata_frac":null,"review_priority":null,"review_note":null,"review_status":null,"has_mask":false},"geometry":{"type":"Polygon","coordinates":[[[629401.6,5220556.8],[629452.8,5220556.8],[629452.8,5220608],[629401.6,5220608],[629401.6,5220556.8]]]}},{"type":"Feature","properties":{"tile":"siret3_r012_c009","status":"no_vineyard","n_rows":0,"n_canopies":0,"n_interrows":0,"n_waste":0,"veg_frac":null,"nodata_frac":null,"review_priority":null,"review_note":null,"review_status":null,"has_mask":false},"geometry":{"type":"Polygon","coordinates":[[[629452.8,5220556.8],[629504,5220556.8],[629504,5220608],[629452.8,5220608],[629452.8,5220556.8]]]}},{"type":"Feature","properties":{"tile":"siret3_r013_c003","status":"no_vineyard","n_rows":0,"n_canopies":0,"n_interrows":0,"n_waste":0,"veg_frac":null,"nodata_frac":null,"review_priority":null,"review_note":null,"review_status":null,"has_mask":false},"geometry":{"type":"Polygon","coordinates":[[[629145.6,5220505.6],[629196.8,5220505.6],[629196.8,5220556.8],[629145.6,5220556.8],[629145.6,5220505.6]]]}},{"type":"Feature","properties":{"tile":"siret3_r013_c004","status":"no_vineyard","n_rows":0,"n_canopies":0,"n_interrows":0,"n_waste":0,"veg_frac":null,"nodata_frac":null,"review_priority":null,"review_note":null,"review_status":null,"has_mask":false},"geometry":{"type":"Polygon","coordinates":[[[629196.8,5220505.6],[629248,5220505.6],[629248,5220556.8],[629196.8,5220556.8],[629196.8,5220505.6]]]}},{"type":"Feature","properties":{"tile":"siret3_r013_c005","status":"no_vineyard","n_rows":0,"n_canopies":0,"n_interrows":0,"n_waste":0,"veg_frac":null,"nodata_frac":null,"review_priority":null,"review_note":null,"review_status":null,"has_mask":false},"geometry":{"type":"Polygon","coordinates":[[[629248,5220505.6],[629299.2,5220505.6],[629299.2,5220556.8],[629248,5220556.8],[629248,5220505.6]]]}},{"type":"Feature","properties":{"tile":"siret3_r013_c006","status":"no_vineyard","n_rows":0,"n_canopies":0,"n_interrows":0,"n_waste":0,"veg_frac":null,"nodata_frac":null,"review_priority":null,"review_note":null,"review_status":null,"has_mask":false},"geometry":{"type":"Polygon","coordinates":[[[629299.2,5220505.6],[629350.4,5220505.6],[629350.4,5220556.8],[629299.2,5220556.8],[629299.2,5220505.6]]]}},{"type":"Feature","properties":{"tile":"siret3_r013_c007","status":"no_vineyard","n_rows":0,"n_canopies":0,"n_interrows":0,"n_waste":0,"veg_frac":null,"nodata_frac":null,"review_priority":null,"review_note":null,"review_status":null,"has_mask":false},"geometry":{"type":"Polygon","coordinates":[[[629350.4,5220505.6],[629401.6,5220505.6],[629401.6,5220556.8],[629350.4,5220556.8],[629350.4,5220505.6]]]}},{"type":"Feature","properties":{"tile":"siret3_r013_c008","status":"no_vineyard","n_rows":0,"n_canopies":0,"n_interrows":0,"n_waste":0,"veg_frac":null,"nodata_frac":null,"review_priority":null,"review_note":null,"review_status":null,"has_mask":false},"geometry":{"type":"Polygon","coordinates":[[[629401.6,5220505.6],[629452.8,5220505.6],[629452.8,5220556.8],[629401.6,5220556.8],[629401.6,5220505.6]]]}},{"type":"Feature","properties":{"tile":"siret3_r013_c009","status":"no_vineyard","n_rows":0,"n_canopies":0,"n_interrows":0,"n_waste":0,"veg_frac":null,"nodata_frac":null,"review_priority":null,"review_note":null,"review_status":null,"has_mask":false},"geometry":{"type":"Polygon","coordinates":[[[629452.8,5220505.6],[629504,5220505.6],[629504,5220556.8],[629452.8,5220556.8],[629452.8,5220505.6]]]}},{"type":"Feature","properties":{"tile":"siret3_r014_c004","status":"no_vineyard","n_rows":0,"n_canopies":0,"n_interrows":0,"n_waste":0,"veg_frac":null,"nodata_frac":null,"review_priority":null,"review_note":null,"review_status":null,"has_mask":false},"geometry":{"type":"Polygon","coordinates":[[[629196.8,5220454.4],[629248,5220454.4],[629248,5220505.6],[629196.8,5220505.6],[629196.8,5220454.4]]]}},{"type":"Feature","properties":{"tile":"siret3_r014_c005","status":"no_vineyard","n_rows":0,"n_canopies":0,"n_interrows":0,"n_waste":0,"veg_frac":null,"nodata_frac":null,"review_priority":null,"review_note":null,"review_status":null,"has_mask":false},"geometry":{"type":"Polygon","coordinates":[[[629248,5220454.4],[629299.2,5220454.4],[629299.2,5220505.6],[629248,5220505.6],[629248,5220454.4]]]}},{"type":"Feature","properties":{"tile":"siret3_r014_c006","status":"no_vineyard","n_rows":0,"n_canopies":0,"n_interrows":0,"n_waste":0,"veg_frac":null,"nodata_frac":null,"review_priority":null,"review_note":null,"review_status":null,"has_mask":false},"geometry":{"type":"Polygon","coordinates":[[[629299.2,5220454.4],[629350.4,5220454.4],[629350.4,5220505.6],[629299.2,5220505.6],[629299.2,5220454.4]]]}},{"type":"Feature","properties":{"tile":"siret3_r014_c007","status":"no_vineyard","n_rows":0,"n_canopies":0,"n_interrows":0,"n_waste":0,"veg_frac":null,"nodata_frac":null,"review_priority":null,"review_note":null,"review_status":null,"has_mask":false},"geometry":{"type":"Polygon","coordinates":[[[629350.4,5220454.4],[629401.6,5220454.4],[629401.6,5220505.6],[629350.4,5220505.6],[629350.4,5220454.4]]]}},{"type":"Feature","properties":{"tile":"siret3_r014_c008","status":"no_vineyard","n_rows":0,"n_canopies":0,"n_interrows":0,"n_waste":0,"veg_frac":null,"nodata_frac":null,"review_priority":null,"review_note":null,"review_status":null,"has_mask":false},"geometry":{"type":"Polygon","coordinates":[[[629401.6,5220454.4],[629452.8,5220454.4],[629452.8,5220505.6],[629401.6,5220505.6],[629401.6,5220454.4]]]}},{"type":"Feature","properties":{"tile":"siret3_r014_c009","status":"no_vineyard","n_rows":0,"n_canopies":0,"n_interrows":0,"n_waste":0,"veg_frac":null,"nodata_frac":null,"review_priority":null,"review_note":null,"review_status":null,"has_mask":false},"geometry":{"type":"Polygon","coordinates":[[[629452.8,5220454.4],[629504,5220454.4],[629504,5220505.6],[629452.8,5220505.6],[629452.8,5220454.4]]]}},{"type":"Feature","properties":{"tile":"siret3_r014_c010","status":"no_vineyard","n_rows":0,"n_canopies":0,"n_interrows":0,"n_waste":0,"veg_frac":null,"nodata_frac":null,"review_priority":null,"review_note":null,"review_status":null,"has_mask":false},"geometry":{"type":"Polygon","coordinates":[[[629504,5220454.4],[629555.2,5220454.4],[629555.2,5220505.6],[629504,5220505.6],[629504,5220454.4]]]}},{"type":"Feature","properties":{"tile":"siret3_r015_c004","status":"no_vineyard","n_rows":0,"n_canopies":0,"n_interrows":0,"n_waste":0,"veg_frac":null,"nodata_frac":null,"review_priority":null,"review_note":null,"review_status":null,"has_mask":false},"geometry":{"type":"Polygon","coordinates":[[[629196.8,5220403.2],[629248,5220403.2],[629248,5220454.4],[629196.8,5220454.4],[629196.8,5220403.2]]]}},{"type":"Feature","properties":{"tile":"siret3_r015_c005","status":"no_vineyard","n_rows":0,"n_canopies":0,"n_interrows":0,"n_waste":0,"veg_frac":null,"nodata_frac":null,"review_priority":null,"review_note":null,"review_status":null,"has_mask":false},"geometry":{"type":"Polygon","coordinates":[[[629248,5220403.2],[629299.2,5220403.2],[629299.2,5220454.4],[629248,5220454.4],[629248,5220403.2]]]}},{"type":"Feature","properties":{"tile":"siret3_r015_c006","status":"no_vineyard","n_rows":0,"n_canopies":0,"n_interrows":0,"n_waste":0,"veg_frac":null,"nodata_frac":null,"review_priority":null,"review_note":null,"review_status":null,"has_mask":false},"geometry":{"type":"Polygon","coordinates":[[[629299.2,5220403.2],[629350.4,5220403.2],[629350.4,5220454.4],[629299.2,5220454.4],[629299.2,5220403.2]]]}},{"type":"Feature","properties":{"tile":"siret3_r015_c007","status":"no_vineyard","n_rows":0,"n_canopies":0,"n_interrows":0,"n_waste":0,"veg_frac":null,"nodata_frac":null,"review_priority":null,"review_note":null,"review_status":null,"has_mask":false},"geometry":{"type":"Polygon","coordinates":[[[629350.4,5220403.2],[629401.6,5220403.2],[629401.6,5220454.4],[629350.4,5220454.4],[629350.4,5220403.2]]]}},{"type":"Feature","properties":{"tile":"siret3_r015_c008","status":"no_vineyard","n_rows":0,"n_canopies":0,"n_interrows":0,"n_waste":0,"veg_frac":null,"nodata_frac":null,"review_priority":null,"review_note":null,"review_status":null,"has_mask":false},"geometry":{"type":"Polygon","coordinates":[[[629401.6,5220403.2],[629452.8,5220403.2],[629452.8,5220454.4],[629401.6,5220454.4],[629401.6,5220403.2]]]}},{"type":"Feature","properties":{"tile":"siret3_r015_c009","status":"no_vineyard","n_rows":0,"n_canopies":0,"n_interrows":0,"n_waste":0,"veg_frac":null,"nodata_frac":null,"review_priority":null,"review_note":null,"review_status":null,"has_mask":false},"geometry":{"type":"Polygon","coordinates":[[[629452.8,5220403.2],[629504,5220403.2],[629504,5220454.4],[629452.8,5220454.4],[629452.8,5220403.2]]]}},{"type":"Feature","properties":{"tile":"siret3_r015_c010","status":"no_vineyard","n_rows":0,"n_canopies":0,"n_interrows":0,"n_waste":0,"veg_frac":null,"nodata_frac":null,"review_priority":null,"review_note":null,"review_status":null,"has_mask":false},"geometry":{"type":"Polygon","coordinates":[[[629504,5220403.2],[629555.2,5220403.2],[629555.2,5220454.4],[629504,5220454.4],[629504,5220403.2]]]}},{"type":"Feature","properties":{"tile":"siret3_r015_c011","status":"no_vineyard","n_rows":0,"n_canopies":0,"n_interrows":0,"n_waste":0,"veg_frac":null,"nodata_frac":null,"review_priority":null,"review_note":null,"review_status":null,"has_mask":false},"geometry":{"type":"Polygon","coordinates":[[[629555.2,5220403.2],[629606.4,5220403.2],[629606.4,5220454.4],[629555.2,5220454.4],[629555.2,5220403.2]]]}},{"type":"Feature","properties":{"tile":"siret3_r016_c005","status":"no_vineyard","n_rows":0,"n_canopies":0,"n_interrows":0,"n_waste":0,"veg_frac":null,"nodata_frac":null,"review_priority":null,"review_note":null,"review_status":null,"has_mask":false},"geometry":{"type":"Polygon","coordinates":[[[629248,5220352],[629299.2,5220352],[629299.2,5220403.2],[629248,5220403.2],[629248,5220352]]]}},{"type":"Feature","properties":{"tile":"siret3_r016_c006","status":"no_vineyard","n_rows":0,"n_canopies":0,"n_interrows":0,"n_waste":0,"veg_frac":null,"nodata_frac":null,"review_priority":null,"review_note":null,"review_status":null,"has_mask":false},"geometry":{"type":"Polygon","coordinates":[[[629299.2,5220352],[629350.4,5220352],[629350.4,5220403.2],[629299.2,5220403.2],[629299.2,5220352]]]}},{"type":"Feature","properties":{"tile":"siret3_r016_c007","status":"no_vineyard","n_rows":0,"n_canopies":0,"n_interrows":0,"n_waste":0,"veg_frac":null,"nodata_frac":null,"review_priority":null,"review_note":null,"review_status":null,"has_mask":false},"geometry":{"type":"Polygon","coordinates":[[[629350.4,5220352],[629401.6,5220352],[629401.6,5220403.2],[629350.4,5220403.2],[629350.4,5220352]]]}},{"type":"Feature","properties":{"tile":"siret3_r016_c008","status":"no_vineyard","n_rows":0,"n_canopies":0,"n_interrows":0,"n_waste":0,"veg_frac":null,"nodata_frac":null,"review_priority":null,"review_note":null,"review_status":null,"has_mask":false},"geometry":{"type":"Polygon","coordinates":[[[629401.6,5220352],[629452.8,5220352],[629452.8,5220403.2],[629401.6,5220403.2],[629401.6,5220352]]]}},{"type":"Feature","properties":{"tile":"siret3_r016_c009","status":"no_vineyard","n_rows":0,"n_canopies":0,"n_interrows":0,"n_waste":0,"veg_frac":null,"nodata_frac":null,"review_priority":null,"review_note":null,"review_status":null,"has_mask":false},"geometry":{"type":"Polygon","coordinates":[[[629452.8,5220352],[629504,5220352],[629504,5220403.2],[629452.8,5220403.2],[629452.8,5220352]]]}},{"type":"Feature","properties":{"tile":"siret3_r016_c010","status":"no_vineyard","n_rows":0,"n_canopies":0,"n_interrows":0,"n_waste":0,"veg_frac":null,"nodata_frac":null,"review_priority":null,"review_note":null,"review_status":null,"has_mask":false},"geometry":{"type":"Polygon","coordinates":[[[629504,5220352],[629555.2,5220352],[629555.2,5220403.2],[629504,5220403.2],[629504,5220352]]]}},{"type":"Feature","properties":{"tile":"siret3_r016_c011","status":"no_vineyard","n_rows":0,"n_canopies":0,"n_interrows":0,"n_waste":0,"veg_frac":null,"nodata_frac":null,"review_priority":null,"review_note":null,"review_status":null,"has_mask":false},"geometry":{"type":"Polygon","coordinates":[[[629555.2,5220352],[629606.4,5220352],[629606.4,5220403.2],[629555.2,5220403.2],[629555.2,5220352]]]}},{"type":"Feature","properties":{"tile":"siret3_r017_c006","status":"no_vineyard","n_rows":0,"n_canopies":0,"n_interrows":0,"n_waste":0,"veg_frac":null,"nodata_frac":null,"review_priority":null,"review_note":null,"review_status":null,"has_mask":false},"geometry":{"type":"Polygon","coordinates":[[[629299.2,5220300.8],[629350.4,5220300.8],[629350.4,5220352],[629299.2,5220352],[629299.2,5220300.8]]]}},{"type":"Feature","properties":{"tile":"siret3_r017_c007","status":"no_vineyard","n_rows":0,"n_canopies":0,"n_interrows":0,"n_waste":0,"veg_frac":null,"nodata_frac":null,"review_priority":null,"review_note":null,"review_status":null,"has_mask":false},"geometry":{"type":"Polygon","coordinates":[[[629350.4,5220300.8],[629401.6,5220300.8],[629401.6,5220352],[629350.4,5220352],[629350.4,5220300.8]]]}},{"type":"Feature","properties":{"tile":"siret3_r017_c008","status":"no_vineyard","n_rows":0,"n_canopies":0,"n_interrows":0,"n_waste":0,"veg_frac":null,"nodata_frac":null,"review_priority":null,"review_note":null,"review_status":null,"has_mask":false},"geometry":{"type":"Polygon","coordinates":[[[629401.6,5220300.8],[629452.8,5220300.8],[629452.8,5220352],[629401.6,5220352],[629401.6,5220300.8]]]}},{"type":"Feature","properties":{"tile":"siret3_r017_c009","status":"no_vineyard","n_rows":0,"n_canopies":0,"n_interrows":0,"n_waste":0,"veg_frac":null,"nodata_frac":null,"review_priority":null,"review_note":null,"review_status":null,"has_mask":false},"geometry":{"type":"Polygon","coordinates":[[[629452.8,5220300.8],[629504,5220300.8],[629504,5220352],[629452.8,5220352],[629452.8,5220300.8]]]}},{"type":"Feature","properties":{"tile":"siret3_r017_c010","status":"no_vineyard","n_rows":0,"n_canopies":0,"n_interrows":0,"n_waste":0,"veg_frac":null,"nodata_frac":null,"review_priority":null,"review_note":null,"review_status":null,"has_mask":false},"geometry":{"type":"Polygon","coordinates":[[[629504,5220300.8],[629555.2,5220300.8],[629555.2,5220352],[629504,5220352],[629504,5220300.8]]]}},{"type":"Feature","properties":{"tile":"siret3_r017_c011","status":"no_vineyard","n_rows":0,"n_canopies":0,"n_interrows":0,"n_waste":0,"veg_frac":null,"nodata_frac":null,"review_priority":null,"review_note":null,"review_status":null,"has_mask":false},"geometry":{"type":"Polygon","coordinates":[[[629555.2,5220300.8],[629606.4,5220300.8],[629606.4,5220352],[629555.2,5220352],[629555.2,5220300.8]]]}},{"type":"Feature","properties":{"tile":"siret3_r017_c012","status":"no_vineyard","n_rows":0,"n_canopies":0,"n_interrows":0,"n_waste":0,"veg_frac":null,"nodata_frac":null,"review_priority":null,"review_note":null,"review_status":null,"has_mask":false},"geometry":{"type":"Polygon","coordinates":[[[629606.4,5220300.8],[629657.6,5220300.8],[629657.6,5220352],[629606.4,5220352],[629606.4,5220300.8]]]}},{"type":"Feature","properties":{"tile":"siret3_r018_c007","status":"no_vineyard","n_rows":0,"n_canopies":0,"n_interrows":0,"n_waste":0,"veg_frac":null,"nodata_frac":null,"review_priority":null,"review_note":null,"review_status":null,"has_mask":false},"geometry":{"type":"Polygon","coordinates":[[[629350.4,5220249.6],[629401.6,5220249.6],[629401.6,5220300.8],[629350.4,5220300.8],[629350.4,5220249.6]]]}},{"type":"Feature","properties":{"tile":"siret3_r018_c008","status":"no_vineyard","n_rows":0,"n_canopies":0,"n_interrows":0,"n_waste":0,"veg_frac":null,"nodata_frac":null,"review_priority":null,"review_note":null,"review_status":null,"has_mask":false},"geometry":{"type":"Polygon","coordinates":[[[629401.6,5220249.6],[629452.8,5220249.6],[629452.8,5220300.8],[629401.6,5220300.8],[629401.6,5220249.6]]]}},{"type":"Feature","properties":{"tile":"siret3_r018_c009","status":"no_vineyard","n_rows":0,"n_canopies":0,"n_interrows":0,"n_waste":0,"veg_frac":null,"nodata_frac":null,"review_priority":null,"review_note":null,"review_status":null,"has_mask":false},"geometry":{"type":"Polygon","coordinates":[[[629452.8,5220249.6],[629504,5220249.6],[629504,5220300.8],[629452.8,5220300.8],[629452.8,5220249.6]]]}},{"type":"Feature","properties":{"tile":"siret3_r018_c010","status":"vineyard","n_rows":2,"n_canopies":2,"n_interrows":1,"n_waste":0,"veg_frac":0.01,"nodata_frac":0,"review_priority":null,"review_note":null,"review_status":null,"has_mask":true},"geometry":{"type":"Polygon","coordinates":[[[629504,5220249.6],[629555.2,5220249.6],[629555.2,5220300.8],[629504,5220300.8],[629504,5220249.6]]]}},{"type":"Feature","properties":{"tile":"siret3_r018_c011","status":"vineyard","n_rows":2,"n_canopies":2,"n_interrows":3,"n_waste":1,"veg_frac":0.011,"nodata_frac":0,"review_priority":2,"review_note":"V02 continues east of the detected rows","review_status":"partial","has_mask":true},"geometry":{"type":"Polygon","coordinates":[[[629555.2,5220249.6],[629606.4,5220249.6],[629606.4,5220300.8],[629555.2,5220300.8],[629555.2,5220249.6]]]}},{"type":"Feature","properties":{"tile":"siret3_r018_c012","status":"no_vineyard","n_rows":0,"n_canopies":0,"n_interrows":0,"n_waste":0,"veg_frac":null,"nodata_frac":null,"review_priority":1,"review_note":"vineyard not detected","review_status":"missed","has_mask":false},"geometry":{"type":"Polygon","coordinates":[[[629606.4,5220249.6],[629657.6,5220249.6],[629657.6,5220300.8],[629606.4,5220300.8],[629606.4,5220249.6]]]}},{"type":"Feature","properties":{"tile":"siret3_r018_c013","status":"no_vineyard","n_rows":0,"n_canopies":0,"n_interrows":0,"n_waste":0,"veg_frac":null,"nodata_frac":null,"review_priority":null,"review_note":null,"review_status":null,"has_mask":false},"geometry":{"type":"Polygon","coordinates":[[[629657.6,5220249.6],[629708.8,5220249.6],[629708.8,5220300.8],[629657.6,5220300.8],[629657.6,5220249.6]]]}},{"type":"Feature","properties":{"tile":"siret3_r019_c008","status":"no_vineyard","n_rows":0,"n_canopies":0,"n_interrows":0,"n_waste":0,"veg_frac":null,"nodata_frac":null,"review_priority":null,"review_note":null,"review_status":null,"has_mask":false},"geometry":{"type":"Polygon","coordinates":[[[629401.6,5220198.4],[629452.8,5220198.4],[629452.8,5220249.6],[629401.6,5220249.6],[629401.6,5220198.4]]]}},{"type":"Feature","properties":{"tile":"siret3_r019_c009","status":"no_vineyard","n_rows":0,"n_canopies":0,"n_interrows":0,"n_waste":0,"veg_frac":null,"nodata_frac":null,"review_priority":null,"review_note":null,"review_status":null,"has_mask":false},"geometry":{"type":"Polygon","coordinates":[[[629452.8,5220198.4],[629504,5220198.4],[629504,5220249.6],[629452.8,5220249.6],[629452.8,5220198.4]]]}},{"type":"Feature","properties":{"tile":"siret3_r019_c010","status":"no_vineyard","n_rows":0,"n_canopies":0,"n_interrows":0,"n_waste":0,"veg_frac":null,"nodata_frac":null,"review_priority":null,"review_note":null,"review_status":null,"has_mask":false},"geometry":{"type":"Polygon","coordinates":[[[629504,5220198.4],[629555.2,5220198.4],[629555.2,5220249.6],[629504,5220249.6],[629504,5220198.4]]]}},{"type":"Feature","properties":{"tile":"siret3_r019_c011","status":"no_vineyard","n_rows":0,"n_canopies":0,"n_interrows":0,"n_waste":0,"veg_frac":null,"nodata_frac":null,"review_priority":null,"review_note":null,"review_status":null,"has_mask":false},"geometry":{"type":"Polygon","coordinates":[[[629555.2,5220198.4],[629606.4,5220198.4],[629606.4,5220249.6],[629555.2,5220249.6],[629555.2,5220198.4]]]}},{"type":"Feature","properties":{"tile":"siret3_r019_c012","status":"no_vineyard","n_rows":0,"n_canopies":0,"n_interrows":0,"n_waste":0,"veg_frac":null,"nodata_frac":null,"review_priority":null,"review_note":null,"review_status":null,"has_mask":false},"geometry":{"type":"Polygon","coordinates":[[[629606.4,5220198.4],[629657.6,5220198.4],[629657.6,5220249.6],[629606.4,5220249.6],[629606.4,5220198.4]]]}},{"type":"Feature","properties":{"tile":"siret3_r019_c013","status":"no_vineyard","n_rows":0,"n_canopies":0,"n_interrows":0,"n_waste":0,"veg_frac":null,"nodata_frac":null,"review_priority":null,"review_note":null,"review_status":null,"has_mask":false},"geometry":{"type":"Polygon","coordinates":[[[629657.6,5220198.4],[629708.8,5220198.4],[629708.8,5220249.6],[629657.6,5220249.6],[629657.6,5220198.4]]]}},{"type":"Feature","properties":{"tile":"siret3_r019_c014","status":"no_vineyard","n_rows":0,"n_canopies":0,"n_interrows":0,"n_waste":0,"veg_frac":null,"nodata_frac":null,"review_priority":null,"review_note":null,"review_status":null,"has_mask":false},"geometry":{"type":"Polygon","coordinates":[[[629708.8,5220198.4],[629760,5220198.4],[629760,5220249.6],[629708.8,5220249.6],[629708.8,5220198.4]]]}},{"type":"Feature","properties":{"tile":"siret3_r020_c008","status":"no_vineyard","n_rows":0,"n_canopies":0,"n_interrows":0,"n_waste":0,"veg_frac":null,"nodata_frac":null,"review_priority":null,"review_note":null,"review_status":null,"has_mask":false},"geometry":{"type":"Polygon","coordinates":[[[629401.6,5220147.2],[629452.8,5220147.2],[629452.8,5220198.4],[629401.6,5220198.4],[629401.6,5220147.2]]]}},{"type":"Feature","properties":{"tile":"siret3_r020_c009","status":"no_vineyard","n_rows":0,"n_canopies":0,"n_interrows":0,"n_waste":0,"veg_frac":null,"nodata_frac":null,"review_priority":null,"review_note":null,"review_status":null,"has_mask":false},"geometry":{"type":"Polygon","coordinates":[[[629452.8,5220147.2],[629504,5220147.2],[629504,5220198.4],[629452.8,5220198.4],[629452.8,5220147.2]]]}},{"type":"Feature","properties":{"tile":"siret3_r020_c010","status":"no_vineyard","n_rows":0,"n_canopies":0,"n_interrows":0,"n_waste":0,"veg_frac":null,"nodata_frac":null,"review_priority":null,"review_note":null,"review_status":null,"has_mask":false},"geometry":{"type":"Polygon","coordinates":[[[629504,5220147.2],[629555.2,5220147.2],[629555.2,5220198.4],[629504,5220198.4],[629504,5220147.2]]]}},{"type":"Feature","properties":{"tile":"siret3_r020_c011","status":"no_vineyard","n_rows":0,"n_canopies":0,"n_interrows":0,"n_waste":0,"veg_frac":null,"nodata_frac":null,"review_priority":null,"review_note":null,"review_status":null,"has_mask":false},"geometry":{"type":"Polygon","coordinates":[[[629555.2,5220147.2],[629606.4,5220147.2],[629606.4,5220198.4],[629555.2,5220198.4],[629555.2,5220147.2]]]}},{"type":"Feature","properties":{"tile":"siret3_r020_c012","status":"no_vineyard","n_rows":0,"n_canopies":0,"n_interrows":0,"n_waste":0,"veg_frac":null,"nodata_frac":null,"review_priority":null,"review_note":null,"review_status":null,"has_mask":false},"geometry":{"type":"Polygon","coordinates":[[[629606.4,5220147.2],[629657.6,5220147.2],[629657.6,5220198.4],[629606.4,5220198.4],[629606.4,5220147.2]]]}},{"type":"Feature","properties":{"tile":"siret3_r020_c013","status":"no_vineyard","n_rows":0,"n_canopies":0,"n_interrows":0,"n_waste":0,"veg_frac":null,"nodata_frac":null,"review_priority":null,"review_note":null,"review_status":null,"has_mask":false},"geometry":{"type":"Polygon","coordinates":[[[629657.6,5220147.2],[629708.8,5220147.2],[629708.8,5220198.4],[629657.6,5220198.4],[629657.6,5220147.2]]]}},{"type":"Feature","properties":{"tile":"siret3_r020_c014","status":"no_vineyard","n_rows":0,"n_canopies":0,"n_interrows":0,"n_waste":0,"veg_frac":null,"nodata_frac":null,"review_priority":null,"review_note":null,"review_status":null,"has_mask":false},"geometry":{"type":"Polygon","coordinates":[[[629708.8,5220147.2],[629760,5220147.2],[629760,5220198.4],[629708.8,5220198.4],[629708.8,5220147.2]]]}},{"type":"Feature","properties":{"tile":"siret3_r020_c015","status":"no_vineyard","n_rows":0,"n_canopies":0,"n_interrows":0,"n_waste":0,"veg_frac":null,"nodata_frac":null,"review_priority":null,"review_note":null,"review_status":null,"has_mask":false},"geometry":{"type":"Polygon","coordinates":[[[629760,5220147.2],[629811.2,5220147.2],[629811.2,5220198.4],[629760,5220198.4],[629760,5220147.2]]]}},{"type":"Feature","properties":{"tile":"siret3_r021_c009","status":"no_vineyard","n_rows":0,"n_canopies":0,"n_interrows":0,"n_waste":0,"veg_frac":null,"nodata_frac":null,"review_priority":null,"review_note":null,"review_status":null,"has_mask":false},"geometry":{"type":"Polygon","coordinates":[[[629452.8,5220096],[629504,5220096],[629504,5220147.2],[629452.8,5220147.2],[629452.8,5220096]]]}},{"type":"Feature","properties":{"tile":"siret3_r021_c010","status":"no_vineyard","n_rows":0,"n_canopies":0,"n_interrows":0,"n_waste":0,"veg_frac":null,"nodata_frac":null,"review_priority":null,"review_note":null,"review_status":null,"has_mask":false},"geometry":{"type":"Polygon","coordinates":[[[629504,5220096],[629555.2,5220096],[629555.2,5220147.2],[629504,5220147.2],[629504,5220096]]]}},{"type":"Feature","properties":{"tile":"siret3_r021_c011","status":"no_vineyard","n_rows":0,"n_canopies":0,"n_interrows":0,"n_waste":0,"veg_frac":null,"nodata_frac":null,"review_priority":null,"review_note":null,"review_status":null,"has_mask":false},"geometry":{"type":"Polygon","coordinates":[[[629555.2,5220096],[629606.4,5220096],[629606.4,5220147.2],[629555.2,5220147.2],[629555.2,5220096]]]}},{"type":"Feature","properties":{"tile":"siret3_r021_c012","status":"no_vineyard","n_rows":0,"n_canopies":0,"n_interrows":0,"n_waste":0,"veg_frac":null,"nodata_frac":null,"review_priority":null,"review_note":null,"review_status":null,"has_mask":false},"geometry":{"type":"Polygon","coordinates":[[[629606.4,5220096],[629657.6,5220096],[629657.6,5220147.2],[629606.4,5220147.2],[629606.4,5220096]]]}},{"type":"Feature","properties":{"tile":"siret3_r021_c013","status":"no_vineyard","n_rows":0,"n_canopies":0,"n_interrows":0,"n_waste":0,"veg_frac":null,"nodata_frac":null,"review_priority":null,"review_note":null,"review_status":null,"has_mask":false},"geometry":{"type":"Polygon","coordinates":[[[629657.6,5220096],[629708.8,5220096],[629708.8,5220147.2],[629657.6,5220147.2],[629657.6,5220096]]]}},{"type":"Feature","properties":{"tile":"siret3_r021_c014","status":"no_vineyard","n_rows":0,"n_canopies":0,"n_interrows":0,"n_waste":0,"veg_frac":null,"nodata_frac":null,"review_priority":null,"review_note":null,"review_status":null,"has_mask":false},"geometry":{"type":"Polygon","coordinates":[[[629708.8,5220096],[629760,5220096],[629760,5220147.2],[629708.8,5220147.2],[629708.8,5220096]]]}},{"type":"Feature","properties":{"tile":"siret3_r021_c015","status":"no_vineyard","n_rows":0,"n_canopies":0,"n_interrows":0,"n_waste":0,"veg_frac":null,"nodata_frac":null,"review_priority":null,"review_note":null,"review_status":null,"has_mask":false},"geometry":{"type":"Polygon","coordinates":[[[629760,5220096],[629811.2,5220096],[629811.2,5220147.2],[629760,5220147.2],[629760,5220096]]]}},{"type":"Feature","properties":{"tile":"siret3_r021_c016","status":"no_vineyard","n_rows":0,"n_canopies":0,"n_interrows":0,"n_waste":0,"veg_frac":null,"nodata_frac":null,"review_priority":null,"review_note":null,"review_status":null,"has_mask":false},"geometry":{"type":"Polygon","coordinates":[[[629811.2,5220096],[629862.4,5220096],[629862.4,5220147.2],[629811.2,5220147.2],[629811.2,5220096]]]}},{"type":"Feature","properties":{"tile":"siret3_r022_c010","status":"no_vineyard","n_rows":0,"n_canopies":0,"n_interrows":0,"n_waste":0,"veg_frac":null,"nodata_frac":null,"review_priority":null,"review_note":null,"review_status":null,"has_mask":false},"geometry":{"type":"Polygon","coordinates":[[[629504,5220044.8],[629555.2,5220044.8],[629555.2,5220096],[629504,5220096],[629504,5220044.8]]]}},{"type":"Feature","properties":{"tile":"siret3_r022_c011","status":"no_vineyard","n_rows":0,"n_canopies":0,"n_interrows":0,"n_waste":0,"veg_frac":null,"nodata_frac":null,"review_priority":null,"review_note":null,"review_status":null,"has_mask":false},"geometry":{"type":"Polygon","coordinates":[[[629555.2,5220044.8],[629606.4,5220044.8],[629606.4,5220096],[629555.2,5220096],[629555.2,5220044.8]]]}},{"type":"Feature","properties":{"tile":"siret3_r022_c012","status":"no_vineyard","n_rows":0,"n_canopies":0,"n_interrows":0,"n_waste":0,"veg_frac":null,"nodata_frac":null,"review_priority":null,"review_note":null,"review_status":null,"has_mask":false},"geometry":{"type":"Polygon","coordinates":[[[629606.4,5220044.8],[629657.6,5220044.8],[629657.6,5220096],[629606.4,5220096],[629606.4,5220044.8]]]}},{"type":"Feature","properties":{"tile":"siret3_r022_c013","status":"no_vineyard","n_rows":0,"n_canopies":0,"n_interrows":0,"n_waste":0,"veg_frac":null,"nodata_frac":null,"review_priority":null,"review_note":null,"review_status":null,"has_mask":false},"geometry":{"type":"Polygon","coordinates":[[[629657.6,5220044.8],[629708.8,5220044.8],[629708.8,5220096],[629657.6,5220096],[629657.6,5220044.8]]]}},{"type":"Feature","properties":{"tile":"siret3_r022_c014","status":"no_vineyard","n_rows":0,"n_canopies":0,"n_interrows":0,"n_waste":0,"veg_frac":null,"nodata_frac":null,"review_priority":null,"review_note":null,"review_status":null,"has_mask":false},"geometry":{"type":"Polygon","coordinates":[[[629708.8,5220044.8],[629760,5220044.8],[629760,5220096],[629708.8,5220096],[629708.8,5220044.8]]]}},{"type":"Feature","properties":{"tile":"siret3_r022_c015","status":"no_vineyard","n_rows":0,"n_canopies":0,"n_interrows":0,"n_waste":0,"veg_frac":null,"nodata_frac":null,"review_priority":null,"review_note":null,"review_status":null,"has_mask":false},"geometry":{"type":"Polygon","coordinates":[[[629760,5220044.8],[629811.2,5220044.8],[629811.2,5220096],[629760,5220096],[629760,5220044.8]]]}},{"type":"Feature","properties":{"tile":"siret3_r022_c016","status":"no_vineyard","n_rows":0,"n_canopies":0,"n_interrows":0,"n_waste":0,"veg_frac":null,"nodata_frac":null,"review_priority":null,"review_note":null,"review_status":null,"has_mask":false},"geometry":{"type":"Polygon","coordinates":[[[629811.2,5220044.8],[629862.4,5220044.8],[629862.4,5220096],[629811.2,5220096],[629811.2,5220044.8]]]}},{"type":"Feature","properties":{"tile":"siret3_r022_c017","status":"no_vineyard","n_rows":0,"n_canopies":0,"n_interrows":0,"n_waste":0,"veg_frac":null,"nodata_frac":null,"review_priority":null,"review_note":null,"review_status":null,"has_mask":false},"geometry":{"type":"Polygon","coordinates":[[[629862.4,5220044.8],[629913.6,5220044.8],[629913.6,5220096],[629862.4,5220096],[629862.4,5220044.8]]]}},{"type":"Feature","properties":{"tile":"siret3_r023_c010","status":"no_vineyard","n_rows":0,"n_canopies":0,"n_interrows":0,"n_waste":0,"veg_frac":null,"nodata_frac":null,"review_priority":null,"review_note":null,"review_status":null,"has_mask":false},"geometry":{"type":"Polygon","coordinates":[[[629504,5219993.6],[629555.2,5219993.6],[629555.2,5220044.8],[629504,5220044.8],[629504,5219993.6]]]}},{"type":"Feature","properties":{"tile":"siret3_r023_c011","status":"no_vineyard","n_rows":0,"n_canopies":0,"n_interrows":0,"n_waste":0,"veg_frac":null,"nodata_frac":null,"review_priority":null,"review_note":null,"review_status":null,"has_mask":false},"geometry":{"type":"Polygon","coordinates":[[[629555.2,5219993.6],[629606.4,5219993.6],[629606.4,5220044.8],[629555.2,5220044.8],[629555.2,5219993.6]]]}},{"type":"Feature","properties":{"tile":"siret3_r023_c012","status":"no_vineyard","n_rows":0,"n_canopies":0,"n_interrows":0,"n_waste":0,"veg_frac":null,"nodata_frac":null,"review_priority":null,"review_note":null,"review_status":null,"has_mask":false},"geometry":{"type":"Polygon","coordinates":[[[629606.4,5219993.6],[629657.6,5219993.6],[629657.6,5220044.8],[629606.4,5220044.8],[629606.4,5219993.6]]]}},{"type":"Feature","properties":{"tile":"siret3_r023_c013","status":"no_vineyard","n_rows":0,"n_canopies":0,"n_interrows":0,"n_waste":0,"veg_frac":null,"nodata_frac":null,"review_priority":null,"review_note":null,"review_status":null,"has_mask":false},"geometry":{"type":"Polygon","coordinates":[[[629657.6,5219993.6],[629708.8,5219993.6],[629708.8,5220044.8],[629657.6,5220044.8],[629657.6,5219993.6]]]}},{"type":"Feature","properties":{"tile":"siret3_r023_c014","status":"no_vineyard","n_rows":0,"n_canopies":0,"n_interrows":0,"n_waste":0,"veg_frac":null,"nodata_frac":null,"review_priority":null,"review_note":null,"review_status":null,"has_mask":false},"geometry":{"type":"Polygon","coordinates":[[[629708.8,5219993.6],[629760,5219993.6],[629760,5220044.8],[629708.8,5220044.8],[629708.8,5219993.6]]]}},{"type":"Feature","properties":{"tile":"siret3_r023_c015","status":"no_vineyard","n_rows":0,"n_canopies":0,"n_interrows":0,"n_waste":0,"veg_frac":null,"nodata_frac":null,"review_priority":null,"review_note":null,"review_status":null,"has_mask":false},"geometry":{"type":"Polygon","coordinates":[[[629760,5219993.6],[629811.2,5219993.6],[629811.2,5220044.8],[629760,5220044.8],[629760,5219993.6]]]}},{"type":"Feature","properties":{"tile":"siret3_r023_c016","status":"no_vineyard","n_rows":0,"n_canopies":0,"n_interrows":0,"n_waste":0,"veg_frac":null,"nodata_frac":null,"review_priority":null,"review_note":null,"review_status":null,"has_mask":false},"geometry":{"type":"Polygon","coordinates":[[[629811.2,5219993.6],[629862.4,5219993.6],[629862.4,5220044.8],[629811.2,5220044.8],[629811.2,5219993.6]]]}},{"type":"Feature","properties":{"tile":"siret3_r023_c017","status":"no_vineyard","n_rows":0,"n_canopies":0,"n_interrows":0,"n_waste":0,"veg_frac":null,"nodata_frac":null,"review_priority":null,"review_note":null,"review_status":null,"has_mask":false},"geometry":{"type":"Polygon","coordinates":[[[629862.4,5219993.6],[629913.6,5219993.6],[629913.6,5220044.8],[629862.4,5220044.8],[629862.4,5219993.6]]]}},{"type":"Feature","properties":{"tile":"siret3_r024_c011","status":"no_vineyard","n_rows":0,"n_canopies":0,"n_interrows":0,"n_waste":0,"veg_frac":null,"nodata_frac":null,"review_priority":null,"review_note":null,"review_status":null,"has_mask":false},"geometry":{"type":"Polygon","coordinates":[[[629555.2,5219942.4],[629606.4,5219942.4],[629606.4,5219993.6],[629555.2,5219993.6],[629555.2,5219942.4]]]}},{"type":"Feature","properties":{"tile":"siret3_r024_c012","status":"no_vineyard","n_rows":0,"n_canopies":0,"n_interrows":0,"n_waste":0,"veg_frac":null,"nodata_frac":null,"review_priority":null,"review_note":null,"review_status":null,"has_mask":false},"geometry":{"type":"Polygon","coordinates":[[[629606.4,5219942.4],[629657.6,5219942.4],[629657.6,5219993.6],[629606.4,5219993.6],[629606.4,5219942.4]]]}},{"type":"Feature","properties":{"tile":"siret3_r024_c013","status":"no_vineyard","n_rows":0,"n_canopies":0,"n_interrows":0,"n_waste":0,"veg_frac":null,"nodata_frac":null,"review_priority":null,"review_note":null,"review_status":null,"has_mask":false},"geometry":{"type":"Polygon","coordinates":[[[629657.6,5219942.4],[629708.8,5219942.4],[629708.8,5219993.6],[629657.6,5219993.6],[629657.6,5219942.4]]]}},{"type":"Feature","properties":{"tile":"siret3_r024_c014","status":"no_vineyard","n_rows":0,"n_canopies":0,"n_interrows":0,"n_waste":0,"veg_frac":null,"nodata_frac":null,"review_priority":null,"review_note":null,"review_status":null,"has_mask":false},"geometry":{"type":"Polygon","coordinates":[[[629708.8,5219942.4],[629760,5219942.4],[629760,5219993.6],[629708.8,5219993.6],[629708.8,5219942.4]]]}},{"type":"Feature","properties":{"tile":"siret3_r024_c015","status":"no_vineyard","n_rows":0,"n_canopies":0,"n_interrows":0,"n_waste":0,"veg_frac":null,"nodata_frac":null,"review_priority":null,"review_note":null,"review_status":null,"has_mask":false},"geometry":{"type":"Polygon","coordinates":[[[629760,5219942.4],[629811.2,5219942.4],[629811.2,5219993.6],[629760,5219993.6],[629760,5219942.4]]]}},{"type":"Feature","properties":{"tile":"siret3_r024_c016","status":"no_vineyard","n_rows":0,"n_canopies":0,"n_interrows":0,"n_waste":0,"veg_frac":null,"nodata_frac":null,"review_priority":null,"review_note":null,"review_status":null,"has_mask":false},"geometry":{"type":"Polygon","coordinates":[[[629811.2,5219942.4],[629862.4,5219942.4],[629862.4,5219993.6],[629811.2,5219993.6],[629811.2,5219942.4]]]}},{"type":"Feature","properties":{"tile":"siret3_r024_c017","status":"no_vineyard","n_rows":0,"n_canopies":0,"n_interrows":0,"n_waste":0,"veg_frac":null,"nodata_frac":null,"review_priority":null,"review_note":null,"review_status":null,"has_mask":false},"geometry":{"type":"Polygon","coordinates":[[[629862.4,5219942.4],[629913.6,5219942.4],[629913.6,5219993.6],[629862.4,5219993.6],[629862.4,5219942.4]]]}},{"type":"Feature","properties":{"tile":"siret3_r024_c018","status":"no_vineyard","n_rows":0,"n_canopies":0,"n_interrows":0,"n_waste":0,"veg_frac":null,"nodata_frac":null,"review_priority":null,"review_note":null,"review_status":null,"has_mask":false},"geometry":{"type":"Polygon","coordinates":[[[629913.6,5219942.4],[629964.8,5219942.4],[629964.8,5219993.6],[629913.6,5219993.6],[629913.6,5219942.4]]]}},{"type":"Feature","properties":{"tile":"siret3_r025_c012","status":"no_vineyard","n_rows":0,"n_canopies":0,"n_interrows":0,"n_waste":0,"veg_frac":null,"nodata_frac":null,"review_priority":null,"review_note":null,"review_status":null,"has_mask":false},"geometry":{"type":"Polygon","coordinates":[[[629606.4,5219891.2],[629657.6,5219891.2],[629657.6,5219942.4],[629606.4,5219942.4],[629606.4,5219891.2]]]}},{"type":"Feature","properties":{"tile":"siret3_r025_c013","status":"no_vineyard","n_rows":0,"n_canopies":0,"n_interrows":0,"n_waste":0,"veg_frac":null,"nodata_frac":null,"review_priority":null,"review_note":null,"review_status":null,"has_mask":false},"geometry":{"type":"Polygon","coordinates":[[[629657.6,5219891.2],[629708.8,5219891.2],[629708.8,5219942.4],[629657.6,5219942.4],[629657.6,5219891.2]]]}},{"type":"Feature","properties":{"tile":"siret3_r025_c014","status":"no_vineyard","n_rows":0,"n_canopies":0,"n_interrows":0,"n_waste":0,"veg_frac":null,"nodata_frac":null,"review_priority":null,"review_note":null,"review_status":null,"has_mask":false},"geometry":{"type":"Polygon","coordinates":[[[629708.8,5219891.2],[629760,5219891.2],[629760,5219942.4],[629708.8,5219942.4],[629708.8,5219891.2]]]}},{"type":"Feature","properties":{"tile":"siret3_r025_c015","status":"no_vineyard","n_rows":0,"n_canopies":0,"n_interrows":0,"n_waste":0,"veg_frac":null,"nodata_frac":null,"review_priority":null,"review_note":null,"review_status":null,"has_mask":false},"geometry":{"type":"Polygon","coordinates":[[[629760,5219891.2],[629811.2,5219891.2],[629811.2,5219942.4],[629760,5219942.4],[629760,5219891.2]]]}},{"type":"Feature","properties":{"tile":"siret3_r025_c016","status":"no_vineyard","n_rows":0,"n_canopies":0,"n_interrows":0,"n_waste":0,"veg_frac":null,"nodata_frac":null,"review_priority":null,"review_note":null,"review_status":null,"has_mask":false},"geometry":{"type":"Polygon","coordinates":[[[629811.2,5219891.2],[629862.4,5219891.2],[629862.4,5219942.4],[629811.2,5219942.4],[629811.2,5219891.2]]]}},{"type":"Feature","properties":{"tile":"siret3_r025_c017","status":"no_vineyard","n_rows":0,"n_canopies":0,"n_interrows":0,"n_waste":0,"veg_frac":null,"nodata_frac":null,"review_priority":null,"review_note":null,"review_status":null,"has_mask":false},"geometry":{"type":"Polygon","coordinates":[[[629862.4,5219891.2],[629913.6,5219891.2],[629913.6,5219942.4],[629862.4,5219942.4],[629862.4,5219891.2]]]}},{"type":"Feature","properties":{"tile":"siret3_r025_c018","status":"no_vineyard","n_rows":0,"n_canopies":0,"n_interrows":0,"n_waste":0,"veg_frac":null,"nodata_frac":null,"review_priority":null,"review_note":null,"review_status":null,"has_mask":false},"geometry":{"type":"Polygon","coordinates":[[[629913.6,5219891.2],[629964.8,5219891.2],[629964.8,5219942.4],[629913.6,5219942.4],[629913.6,5219891.2]]]}},{"type":"Feature","properties":{"tile":"siret3_r025_c019","status":"no_vineyard","n_rows":0,"n_canopies":0,"n_interrows":0,"n_waste":0,"veg_frac":null,"nodata_frac":null,"review_priority":null,"review_note":null,"review_status":null,"has_mask":false},"geometry":{"type":"Polygon","coordinates":[[[629964.8,5219891.2],[630016,5219891.2],[630016,5219942.4],[629964.8,5219942.4],[629964.8,5219891.2]]]}},{"type":"Feature","properties":{"tile":"siret3_r025_c031","status":"no_vineyard","n_rows":0,"n_canopies":0,"n_interrows":0,"n_waste":0,"veg_frac":null,"nodata_frac":null,"review_priority":null,"review_note":null,"review_status":null,"has_mask":false},"geometry":{"type":"Polygon","coordinates":[[[630579.2,5219891.2],[630630.4,5219891.2],[630630.4,5219942.4],[630579.2,5219942.4],[630579.2,5219891.2]]]}},{"type":"Feature","properties":{"tile":"siret3_r026_c013","status":"no_vineyard","n_rows":0,"n_canopies":0,"n_interrows":0,"n_waste":0,"veg_frac":null,"nodata_frac":null,"review_priority":null,"review_note":null,"review_status":null,"has_mask":false},"geometry":{"type":"Polygon","coordinates":[[[629657.6,5219840],[629708.8,5219840],[629708.8,5219891.2],[629657.6,5219891.2],[629657.6,5219840]]]}},{"type":"Feature","properties":{"tile":"siret3_r026_c014","status":"no_vineyard","n_rows":0,"n_canopies":0,"n_interrows":0,"n_waste":0,"veg_frac":null,"nodata_frac":null,"review_priority":null,"review_note":null,"review_status":null,"has_mask":false},"geometry":{"type":"Polygon","coordinates":[[[629708.8,5219840],[629760,5219840],[629760,5219891.2],[629708.8,5219891.2],[629708.8,5219840]]]}},{"type":"Feature","properties":{"tile":"siret3_r026_c015","status":"no_vineyard","n_rows":0,"n_canopies":0,"n_interrows":0,"n_waste":0,"veg_frac":null,"nodata_frac":null,"review_priority":null,"review_note":null,"review_status":null,"has_mask":false},"geometry":{"type":"Polygon","coordinates":[[[629760,5219840],[629811.2,5219840],[629811.2,5219891.2],[629760,5219891.2],[629760,5219840]]]}},{"type":"Feature","properties":{"tile":"siret3_r026_c016","status":"no_vineyard","n_rows":0,"n_canopies":0,"n_interrows":0,"n_waste":0,"veg_frac":null,"nodata_frac":null,"review_priority":null,"review_note":null,"review_status":null,"has_mask":false},"geometry":{"type":"Polygon","coordinates":[[[629811.2,5219840],[629862.4,5219840],[629862.4,5219891.2],[629811.2,5219891.2],[629811.2,5219840]]]}},{"type":"Feature","properties":{"tile":"siret3_r026_c017","status":"no_vineyard","n_rows":0,"n_canopies":0,"n_interrows":0,"n_waste":0,"veg_frac":null,"nodata_frac":null,"review_priority":null,"review_note":null,"review_status":null,"has_mask":false},"geometry":{"type":"Polygon","coordinates":[[[629862.4,5219840],[629913.6,5219840],[629913.6,5219891.2],[629862.4,5219891.2],[629862.4,5219840]]]}},{"type":"Feature","properties":{"tile":"siret3_r026_c018","status":"no_vineyard","n_rows":0,"n_canopies":0,"n_interrows":0,"n_waste":0,"veg_frac":null,"nodata_frac":null,"review_priority":null,"review_note":null,"review_status":null,"has_mask":false},"geometry":{"type":"Polygon","coordinates":[[[629913.6,5219840],[629964.8,5219840],[629964.8,5219891.2],[629913.6,5219891.2],[629913.6,5219840]]]}},{"type":"Feature","properties":{"tile":"siret3_r026_c019","status":"no_vineyard","n_rows":0,"n_canopies":0,"n_interrows":0,"n_waste":0,"veg_frac":null,"nodata_frac":null,"review_priority":null,"review_note":null,"review_status":null,"has_mask":false},"geometry":{"type":"Polygon","coordinates":[[[629964.8,5219840],[630016,5219840],[630016,5219891.2],[629964.8,5219891.2],[629964.8,5219840]]]}},{"type":"Feature","properties":{"tile":"siret3_r026_c020","status":"no_vineyard","n_rows":0,"n_canopies":0,"n_interrows":0,"n_waste":0,"veg_frac":null,"nodata_frac":null,"review_priority":null,"review_note":null,"review_status":null,"has_mask":false},"geometry":{"type":"Polygon","coordinates":[[[630016,5219840],[630067.2,5219840],[630067.2,5219891.2],[630016,5219891.2],[630016,5219840]]]}},{"type":"Feature","properties":{"tile":"siret3_r026_c021","status":"no_vineyard","n_rows":0,"n_canopies":0,"n_interrows":0,"n_waste":0,"veg_frac":null,"nodata_frac":null,"review_priority":null,"review_note":null,"review_status":null,"has_mask":false},"geometry":{"type":"Polygon","coordinates":[[[630067.2,5219840],[630118.4,5219840],[630118.4,5219891.2],[630067.2,5219891.2],[630067.2,5219840]]]}},{"type":"Feature","properties":{"tile":"siret3_r026_c022","status":"no_vineyard","n_rows":0,"n_canopies":0,"n_interrows":0,"n_waste":0,"veg_frac":null,"nodata_frac":null,"review_priority":null,"review_note":null,"review_status":null,"has_mask":false},"geometry":{"type":"Polygon","coordinates":[[[630118.4,5219840],[630169.6,5219840],[630169.6,5219891.2],[630118.4,5219891.2],[630118.4,5219840]]]}},{"type":"Feature","properties":{"tile":"siret3_r026_c029","status":"no_vineyard","n_rows":0,"n_canopies":0,"n_interrows":0,"n_waste":0,"veg_frac":null,"nodata_frac":null,"review_priority":null,"review_note":null,"review_status":null,"has_mask":false},"geometry":{"type":"Polygon","coordinates":[[[630476.8,5219840],[630528,5219840],[630528,5219891.2],[630476.8,5219891.2],[630476.8,5219840]]]}},{"type":"Feature","properties":{"tile":"siret3_r026_c030","status":"no_vineyard","n_rows":0,"n_canopies":0,"n_interrows":0,"n_waste":0,"veg_frac":null,"nodata_frac":null,"review_priority":null,"review_note":null,"review_status":null,"has_mask":false},"geometry":{"type":"Polygon","coordinates":[[[630528,5219840],[630579.2,5219840],[630579.2,5219891.2],[630528,5219891.2],[630528,5219840]]]}},{"type":"Feature","properties":{"tile":"siret3_r026_c031","status":"no_vineyard","n_rows":0,"n_canopies":0,"n_interrows":0,"n_waste":0,"veg_frac":null,"nodata_frac":null,"review_priority":null,"review_note":null,"review_status":null,"has_mask":false},"geometry":{"type":"Polygon","coordinates":[[[630579.2,5219840],[630630.4,5219840],[630630.4,5219891.2],[630579.2,5219891.2],[630579.2,5219840]]]}},{"type":"Feature","properties":{"tile":"siret3_r026_c032","status":"no_vineyard","n_rows":0,"n_canopies":0,"n_interrows":0,"n_waste":0,"veg_frac":null,"nodata_frac":null,"review_priority":null,"review_note":null,"review_status":null,"has_mask":false},"geometry":{"type":"Polygon","coordinates":[[[630630.4,5219840],[630681.6,5219840],[630681.6,5219891.2],[630630.4,5219891.2],[630630.4,5219840]]]}},{"type":"Feature","properties":{"tile":"siret3_r027_c013","status":"no_vineyard","n_rows":0,"n_canopies":0,"n_interrows":0,"n_waste":0,"veg_frac":null,"nodata_frac":null,"review_priority":null,"review_note":null,"review_status":null,"has_mask":false},"geometry":{"type":"Polygon","coordinates":[[[629657.6,5219788.8],[629708.8,5219788.8],[629708.8,5219840],[629657.6,5219840],[629657.6,5219788.8]]]}},{"type":"Feature","properties":{"tile":"siret3_r027_c014","status":"no_vineyard","n_rows":0,"n_canopies":0,"n_interrows":0,"n_waste":0,"veg_frac":null,"nodata_frac":null,"review_priority":null,"review_note":null,"review_status":null,"has_mask":false},"geometry":{"type":"Polygon","coordinates":[[[629708.8,5219788.8],[629760,5219788.8],[629760,5219840],[629708.8,5219840],[629708.8,5219788.8]]]}},{"type":"Feature","properties":{"tile":"siret3_r027_c015","status":"no_vineyard","n_rows":0,"n_canopies":0,"n_interrows":0,"n_waste":0,"veg_frac":null,"nodata_frac":null,"review_priority":null,"review_note":null,"review_status":null,"has_mask":false},"geometry":{"type":"Polygon","coordinates":[[[629760,5219788.8],[629811.2,5219788.8],[629811.2,5219840],[629760,5219840],[629760,5219788.8]]]}},{"type":"Feature","properties":{"tile":"siret3_r027_c016","status":"no_vineyard","n_rows":0,"n_canopies":0,"n_interrows":0,"n_waste":0,"veg_frac":null,"nodata_frac":null,"review_priority":null,"review_note":null,"review_status":null,"has_mask":false},"geometry":{"type":"Polygon","coordinates":[[[629811.2,5219788.8],[629862.4,5219788.8],[629862.4,5219840],[629811.2,5219840],[629811.2,5219788.8]]]}},{"type":"Feature","properties":{"tile":"siret3_r027_c017","status":"no_vineyard","n_rows":0,"n_canopies":0,"n_interrows":0,"n_waste":0,"veg_frac":null,"nodata_frac":null,"review_priority":null,"review_note":null,"review_status":null,"has_mask":false},"geometry":{"type":"Polygon","coordinates":[[[629862.4,5219788.8],[629913.6,5219788.8],[629913.6,5219840],[629862.4,5219840],[629862.4,5219788.8]]]}},{"type":"Feature","properties":{"tile":"siret3_r027_c018","status":"no_vineyard","n_rows":0,"n_canopies":0,"n_interrows":0,"n_waste":0,"veg_frac":null,"nodata_frac":null,"review_priority":null,"review_note":null,"review_status":null,"has_mask":false},"geometry":{"type":"Polygon","coordinates":[[[629913.6,5219788.8],[629964.8,5219788.8],[629964.8,5219840],[629913.6,5219840],[629913.6,5219788.8]]]}},{"type":"Feature","properties":{"tile":"siret3_r027_c019","status":"no_vineyard","n_rows":0,"n_canopies":0,"n_interrows":0,"n_waste":0,"veg_frac":null,"nodata_frac":null,"review_priority":null,"review_note":null,"review_status":null,"has_mask":false},"geometry":{"type":"Polygon","coordinates":[[[629964.8,5219788.8],[630016,5219788.8],[630016,5219840],[629964.8,5219840],[629964.8,5219788.8]]]}},{"type":"Feature","properties":{"tile":"siret3_r027_c020","status":"no_vineyard","n_rows":0,"n_canopies":0,"n_interrows":0,"n_waste":0,"veg_frac":null,"nodata_frac":null,"review_priority":null,"review_note":null,"review_status":null,"has_mask":false},"geometry":{"type":"Polygon","coordinates":[[[630016,5219788.8],[630067.2,5219788.8],[630067.2,5219840],[630016,5219840],[630016,5219788.8]]]}},{"type":"Feature","properties":{"tile":"siret3_r027_c021","status":"no_vineyard","n_rows":0,"n_canopies":0,"n_interrows":0,"n_waste":0,"veg_frac":null,"nodata_frac":null,"review_priority":null,"review_note":null,"review_status":null,"has_mask":false},"geometry":{"type":"Polygon","coordinates":[[[630067.2,5219788.8],[630118.4,5219788.8],[630118.4,5219840],[630067.2,5219840],[630067.2,5219788.8]]]}},{"type":"Feature","properties":{"tile":"siret3_r027_c022","status":"no_vineyard","n_rows":0,"n_canopies":0,"n_interrows":0,"n_waste":0,"veg_frac":null,"nodata_frac":null,"review_priority":null,"review_note":null,"review_status":null,"has_mask":false},"geometry":{"type":"Polygon","coordinates":[[[630118.4,5219788.8],[630169.6,5219788.8],[630169.6,5219840],[630118.4,5219840],[630118.4,5219788.8]]]}},{"type":"Feature","properties":{"tile":"siret3_r027_c023","status":"no_vineyard","n_rows":0,"n_canopies":0,"n_interrows":0,"n_waste":0,"veg_frac":null,"nodata_frac":null,"review_priority":null,"review_note":null,"review_status":null,"has_mask":false},"geometry":{"type":"Polygon","coordinates":[[[630169.6,5219788.8],[630220.8,5219788.8],[630220.8,5219840],[630169.6,5219840],[630169.6,5219788.8]]]}},{"type":"Feature","properties":{"tile":"siret3_r027_c024","status":"no_vineyard","n_rows":0,"n_canopies":0,"n_interrows":0,"n_waste":0,"veg_frac":null,"nodata_frac":null,"review_priority":null,"review_note":null,"review_status":null,"has_mask":false},"geometry":{"type":"Polygon","coordinates":[[[630220.8,5219788.8],[630272,5219788.8],[630272,5219840],[630220.8,5219840],[630220.8,5219788.8]]]}},{"type":"Feature","properties":{"tile":"siret3_r027_c025","status":"no_vineyard","n_rows":0,"n_canopies":0,"n_interrows":0,"n_waste":0,"veg_frac":null,"nodata_frac":null,"review_priority":null,"review_note":null,"review_status":null,"has_mask":false},"geometry":{"type":"Polygon","coordinates":[[[630272,5219788.8],[630323.2,5219788.8],[630323.2,5219840],[630272,5219840],[630272,5219788.8]]]}},{"type":"Feature","properties":{"tile":"siret3_r027_c026","status":"no_vineyard","n_rows":0,"n_canopies":0,"n_interrows":0,"n_waste":0,"veg_frac":null,"nodata_frac":null,"review_priority":null,"review_note":null,"review_status":null,"has_mask":false},"geometry":{"type":"Polygon","coordinates":[[[630323.2,5219788.8],[630374.4,5219788.8],[630374.4,5219840],[630323.2,5219840],[630323.2,5219788.8]]]}},{"type":"Feature","properties":{"tile":"siret3_r027_c027","status":"no_vineyard","n_rows":0,"n_canopies":0,"n_interrows":0,"n_waste":0,"veg_frac":null,"nodata_frac":null,"review_priority":null,"review_note":null,"review_status":null,"has_mask":false},"geometry":{"type":"Polygon","coordinates":[[[630374.4,5219788.8],[630425.6,5219788.8],[630425.6,5219840],[630374.4,5219840],[630374.4,5219788.8]]]}},{"type":"Feature","properties":{"tile":"siret3_r027_c029","status":"no_vineyard","n_rows":0,"n_canopies":0,"n_interrows":0,"n_waste":0,"veg_frac":null,"nodata_frac":null,"review_priority":null,"review_note":null,"review_status":null,"has_mask":false},"geometry":{"type":"Polygon","coordinates":[[[630476.8,5219788.8],[630528,5219788.8],[630528,5219840],[630476.8,5219840],[630476.8,5219788.8]]]}},{"type":"Feature","properties":{"tile":"siret3_r027_c030","status":"no_vineyard","n_rows":0,"n_canopies":0,"n_interrows":0,"n_waste":0,"veg_frac":null,"nodata_frac":null,"review_priority":null,"review_note":null,"review_status":null,"has_mask":false},"geometry":{"type":"Polygon","coordinates":[[[630528,5219788.8],[630579.2,5219788.8],[630579.2,5219840],[630528,5219840],[630528,5219788.8]]]}},{"type":"Feature","properties":{"tile":"siret3_r027_c031","status":"no_vineyard","n_rows":0,"n_canopies":0,"n_interrows":0,"n_waste":0,"veg_frac":null,"nodata_frac":null,"review_priority":null,"review_note":null,"review_status":null,"has_mask":false},"geometry":{"type":"Polygon","coordinates":[[[630579.2,5219788.8],[630630.4,5219788.8],[630630.4,5219840],[630579.2,5219840],[630579.2,5219788.8]]]}},{"type":"Feature","properties":{"tile":"siret3_r027_c032","status":"no_vineyard","n_rows":0,"n_canopies":0,"n_interrows":0,"n_waste":0,"veg_frac":null,"nodata_frac":null,"review_priority":null,"review_note":null,"review_status":null,"has_mask":false},"geometry":{"type":"Polygon","coordinates":[[[630630.4,5219788.8],[630681.6,5219788.8],[630681.6,5219840],[630630.4,5219840],[630630.4,5219788.8]]]}},{"type":"Feature","properties":{"tile":"siret3_r027_c033","status":"no_vineyard","n_rows":0,"n_canopies":0,"n_interrows":0,"n_waste":0,"veg_frac":null,"nodata_frac":null,"review_priority":null,"review_note":null,"review_status":null,"has_mask":false},"geometry":{"type":"Polygon","coordinates":[[[630681.6,5219788.8],[630732.8,5219788.8],[630732.8,5219840],[630681.6,5219840],[630681.6,5219788.8]]]}},{"type":"Feature","properties":{"tile":"siret3_r028_c014","status":"no_vineyard","n_rows":0,"n_canopies":0,"n_interrows":0,"n_waste":0,"veg_frac":null,"nodata_frac":null,"review_priority":null,"review_note":null,"review_status":null,"has_mask":false},"geometry":{"type":"Polygon","coordinates":[[[629708.8,5219737.6],[629760,5219737.6],[629760,5219788.8],[629708.8,5219788.8],[629708.8,5219737.6]]]}},{"type":"Feature","properties":{"tile":"siret3_r028_c015","status":"no_vineyard","n_rows":0,"n_canopies":0,"n_interrows":0,"n_waste":0,"veg_frac":null,"nodata_frac":null,"review_priority":null,"review_note":null,"review_status":null,"has_mask":false},"geometry":{"type":"Polygon","coordinates":[[[629760,5219737.6],[629811.2,5219737.6],[629811.2,5219788.8],[629760,5219788.8],[629760,5219737.6]]]}},{"type":"Feature","properties":{"tile":"siret3_r028_c016","status":"no_vineyard","n_rows":0,"n_canopies":0,"n_interrows":0,"n_waste":0,"veg_frac":null,"nodata_frac":null,"review_priority":null,"review_note":null,"review_status":null,"has_mask":false},"geometry":{"type":"Polygon","coordinates":[[[629811.2,5219737.6],[629862.4,5219737.6],[629862.4,5219788.8],[629811.2,5219788.8],[629811.2,5219737.6]]]}},{"type":"Feature","properties":{"tile":"siret3_r028_c017","status":"no_vineyard","n_rows":0,"n_canopies":0,"n_interrows":0,"n_waste":0,"veg_frac":null,"nodata_frac":null,"review_priority":null,"review_note":null,"review_status":null,"has_mask":false},"geometry":{"type":"Polygon","coordinates":[[[629862.4,5219737.6],[629913.6,5219737.6],[629913.6,5219788.8],[629862.4,5219788.8],[629862.4,5219737.6]]]}},{"type":"Feature","properties":{"tile":"siret3_r028_c018","status":"no_vineyard","n_rows":0,"n_canopies":0,"n_interrows":0,"n_waste":0,"veg_frac":null,"nodata_frac":null,"review_priority":null,"review_note":null,"review_status":null,"has_mask":false},"geometry":{"type":"Polygon","coordinates":[[[629913.6,5219737.6],[629964.8,5219737.6],[629964.8,5219788.8],[629913.6,5219788.8],[629913.6,5219737.6]]]}},{"type":"Feature","properties":{"tile":"siret3_r028_c019","status":"no_vineyard","n_rows":0,"n_canopies":0,"n_interrows":0,"n_waste":0,"veg_frac":null,"nodata_frac":null,"review_priority":null,"review_note":null,"review_status":null,"has_mask":false},"geometry":{"type":"Polygon","coordinates":[[[629964.8,5219737.6],[630016,5219737.6],[630016,5219788.8],[629964.8,5219788.8],[629964.8,5219737.6]]]}},{"type":"Feature","properties":{"tile":"siret3_r028_c020","status":"no_vineyard","n_rows":0,"n_canopies":0,"n_interrows":0,"n_waste":0,"veg_frac":null,"nodata_frac":null,"review_priority":null,"review_note":null,"review_status":null,"has_mask":false},"geometry":{"type":"Polygon","coordinates":[[[630016,5219737.6],[630067.2,5219737.6],[630067.2,5219788.8],[630016,5219788.8],[630016,5219737.6]]]}},{"type":"Feature","properties":{"tile":"siret3_r028_c021","status":"no_vineyard","n_rows":0,"n_canopies":0,"n_interrows":0,"n_waste":0,"veg_frac":null,"nodata_frac":null,"review_priority":null,"review_note":null,"review_status":null,"has_mask":false},"geometry":{"type":"Polygon","coordinates":[[[630067.2,5219737.6],[630118.4,5219737.6],[630118.4,5219788.8],[630067.2,5219788.8],[630067.2,5219737.6]]]}},{"type":"Feature","properties":{"tile":"siret3_r028_c022","status":"no_vineyard","n_rows":0,"n_canopies":0,"n_interrows":0,"n_waste":0,"veg_frac":null,"nodata_frac":null,"review_priority":null,"review_note":null,"review_status":null,"has_mask":false},"geometry":{"type":"Polygon","coordinates":[[[630118.4,5219737.6],[630169.6,5219737.6],[630169.6,5219788.8],[630118.4,5219788.8],[630118.4,5219737.6]]]}},{"type":"Feature","properties":{"tile":"siret3_r028_c023","status":"no_vineyard","n_rows":0,"n_canopies":0,"n_interrows":0,"n_waste":0,"veg_frac":null,"nodata_frac":null,"review_priority":null,"review_note":null,"review_status":null,"has_mask":false},"geometry":{"type":"Polygon","coordinates":[[[630169.6,5219737.6],[630220.8,5219737.6],[630220.8,5219788.8],[630169.6,5219788.8],[630169.6,5219737.6]]]}},{"type":"Feature","properties":{"tile":"siret3_r028_c024","status":"no_vineyard","n_rows":0,"n_canopies":0,"n_interrows":0,"n_waste":0,"veg_frac":null,"nodata_frac":null,"review_priority":null,"review_note":null,"review_status":null,"has_mask":false},"geometry":{"type":"Polygon","coordinates":[[[630220.8,5219737.6],[630272,5219737.6],[630272,5219788.8],[630220.8,5219788.8],[630220.8,5219737.6]]]}},{"type":"Feature","properties":{"tile":"siret3_r028_c025","status":"no_vineyard","n_rows":0,"n_canopies":0,"n_interrows":0,"n_waste":0,"veg_frac":null,"nodata_frac":null,"review_priority":null,"review_note":null,"review_status":null,"has_mask":false},"geometry":{"type":"Polygon","coordinates":[[[630272,5219737.6],[630323.2,5219737.6],[630323.2,5219788.8],[630272,5219788.8],[630272,5219737.6]]]}},{"type":"Feature","properties":{"tile":"siret3_r028_c026","status":"no_vineyard","n_rows":0,"n_canopies":0,"n_interrows":0,"n_waste":0,"veg_frac":null,"nodata_frac":null,"review_priority":null,"review_note":null,"review_status":null,"has_mask":false},"geometry":{"type":"Polygon","coordinates":[[[630323.2,5219737.6],[630374.4,5219737.6],[630374.4,5219788.8],[630323.2,5219788.8],[630323.2,5219737.6]]]}},{"type":"Feature","properties":{"tile":"siret3_r028_c027","status":"no_vineyard","n_rows":0,"n_canopies":0,"n_interrows":0,"n_waste":0,"veg_frac":null,"nodata_frac":null,"review_priority":null,"review_note":null,"review_status":null,"has_mask":false},"geometry":{"type":"Polygon","coordinates":[[[630374.4,5219737.6],[630425.6,5219737.6],[630425.6,5219788.8],[630374.4,5219788.8],[630374.4,5219737.6]]]}},{"type":"Feature","properties":{"tile":"siret3_r028_c028","status":"no_vineyard","n_rows":0,"n_canopies":0,"n_interrows":0,"n_waste":0,"veg_frac":null,"nodata_frac":null,"review_priority":null,"review_note":null,"review_status":null,"has_mask":false},"geometry":{"type":"Polygon","coordinates":[[[630425.6,5219737.6],[630476.8,5219737.6],[630476.8,5219788.8],[630425.6,5219788.8],[630425.6,5219737.6]]]}},{"type":"Feature","properties":{"tile":"siret3_r028_c029","status":"no_vineyard","n_rows":0,"n_canopies":0,"n_interrows":0,"n_waste":0,"veg_frac":null,"nodata_frac":null,"review_priority":null,"review_note":null,"review_status":null,"has_mask":false},"geometry":{"type":"Polygon","coordinates":[[[630476.8,5219737.6],[630528,5219737.6],[630528,5219788.8],[630476.8,5219788.8],[630476.8,5219737.6]]]}},{"type":"Feature","properties":{"tile":"siret3_r028_c030","status":"no_vineyard","n_rows":0,"n_canopies":0,"n_interrows":0,"n_waste":0,"veg_frac":null,"nodata_frac":null,"review_priority":null,"review_note":null,"review_status":null,"has_mask":false},"geometry":{"type":"Polygon","coordinates":[[[630528,5219737.6],[630579.2,5219737.6],[630579.2,5219788.8],[630528,5219788.8],[630528,5219737.6]]]}},{"type":"Feature","properties":{"tile":"siret3_r028_c031","status":"no_vineyard","n_rows":0,"n_canopies":0,"n_interrows":0,"n_waste":0,"veg_frac":null,"nodata_frac":null,"review_priority":null,"review_note":null,"review_status":null,"has_mask":false},"geometry":{"type":"Polygon","coordinates":[[[630579.2,5219737.6],[630630.4,5219737.6],[630630.4,5219788.8],[630579.2,5219788.8],[630579.2,5219737.6]]]}},{"type":"Feature","properties":{"tile":"siret3_r028_c032","status":"no_vineyard","n_rows":0,"n_canopies":0,"n_interrows":0,"n_waste":0,"veg_frac":null,"nodata_frac":null,"review_priority":null,"review_note":null,"review_status":null,"has_mask":false},"geometry":{"type":"Polygon","coordinates":[[[630630.4,5219737.6],[630681.6,5219737.6],[630681.6,5219788.8],[630630.4,5219788.8],[630630.4,5219737.6]]]}},{"type":"Feature","properties":{"tile":"siret3_r028_c033","status":"no_vineyard","n_rows":0,"n_canopies":0,"n_interrows":0,"n_waste":0,"veg_frac":null,"nodata_frac":null,"review_priority":null,"review_note":null,"review_status":null,"has_mask":false},"geometry":{"type":"Polygon","coordinates":[[[630681.6,5219737.6],[630732.8,5219737.6],[630732.8,5219788.8],[630681.6,5219788.8],[630681.6,5219737.6]]]}},{"type":"Feature","properties":{"tile":"siret3_r029_c015","status":"no_vineyard","n_rows":0,"n_canopies":0,"n_interrows":0,"n_waste":0,"veg_frac":null,"nodata_frac":null,"review_priority":null,"review_note":null,"review_status":null,"has_mask":false},"geometry":{"type":"Polygon","coordinates":[[[629760,5219686.4],[629811.2,5219686.4],[629811.2,5219737.6],[629760,5219737.6],[629760,5219686.4]]]}},{"type":"Feature","properties":{"tile":"siret3_r029_c016","status":"no_vineyard","n_rows":0,"n_canopies":0,"n_interrows":0,"n_waste":0,"veg_frac":null,"nodata_frac":null,"review_priority":null,"review_note":null,"review_status":null,"has_mask":false},"geometry":{"type":"Polygon","coordinates":[[[629811.2,5219686.4],[629862.4,5219686.4],[629862.4,5219737.6],[629811.2,5219737.6],[629811.2,5219686.4]]]}},{"type":"Feature","properties":{"tile":"siret3_r029_c017","status":"no_vineyard","n_rows":0,"n_canopies":0,"n_interrows":0,"n_waste":0,"veg_frac":null,"nodata_frac":null,"review_priority":null,"review_note":null,"review_status":null,"has_mask":false},"geometry":{"type":"Polygon","coordinates":[[[629862.4,5219686.4],[629913.6,5219686.4],[629913.6,5219737.6],[629862.4,5219737.6],[629862.4,5219686.4]]]}},{"type":"Feature","properties":{"tile":"siret3_r029_c018","status":"no_vineyard","n_rows":0,"n_canopies":0,"n_interrows":0,"n_waste":0,"veg_frac":null,"nodata_frac":null,"review_priority":null,"review_note":null,"review_status":null,"has_mask":false},"geometry":{"type":"Polygon","coordinates":[[[629913.6,5219686.4],[629964.8,5219686.4],[629964.8,5219737.6],[629913.6,5219737.6],[629913.6,5219686.4]]]}},{"type":"Feature","properties":{"tile":"siret3_r029_c019","status":"no_vineyard","n_rows":0,"n_canopies":0,"n_interrows":0,"n_waste":0,"veg_frac":null,"nodata_frac":null,"review_priority":null,"review_note":null,"review_status":null,"has_mask":false},"geometry":{"type":"Polygon","coordinates":[[[629964.8,5219686.4],[630016,5219686.4],[630016,5219737.6],[629964.8,5219737.6],[629964.8,5219686.4]]]}},{"type":"Feature","properties":{"tile":"siret3_r029_c020","status":"no_vineyard","n_rows":0,"n_canopies":0,"n_interrows":0,"n_waste":0,"veg_frac":null,"nodata_frac":null,"review_priority":null,"review_note":null,"review_status":null,"has_mask":false},"geometry":{"type":"Polygon","coordinates":[[[630016,5219686.4],[630067.2,5219686.4],[630067.2,5219737.6],[630016,5219737.6],[630016,5219686.4]]]}},{"type":"Feature","properties":{"tile":"siret3_r029_c021","status":"no_vineyard","n_rows":0,"n_canopies":0,"n_interrows":0,"n_waste":0,"veg_frac":null,"nodata_frac":null,"review_priority":null,"review_note":null,"review_status":null,"has_mask":false},"geometry":{"type":"Polygon","coordinates":[[[630067.2,5219686.4],[630118.4,5219686.4],[630118.4,5219737.6],[630067.2,5219737.6],[630067.2,5219686.4]]]}},{"type":"Feature","properties":{"tile":"siret3_r029_c022","status":"no_vineyard","n_rows":0,"n_canopies":0,"n_interrows":0,"n_waste":0,"veg_frac":null,"nodata_frac":null,"review_priority":null,"review_note":null,"review_status":null,"has_mask":false},"geometry":{"type":"Polygon","coordinates":[[[630118.4,5219686.4],[630169.6,5219686.4],[630169.6,5219737.6],[630118.4,5219737.6],[630118.4,5219686.4]]]}},{"type":"Feature","properties":{"tile":"siret3_r029_c023","status":"no_vineyard","n_rows":0,"n_canopies":0,"n_interrows":0,"n_waste":0,"veg_frac":null,"nodata_frac":null,"review_priority":null,"review_note":null,"review_status":null,"has_mask":false},"geometry":{"type":"Polygon","coordinates":[[[630169.6,5219686.4],[630220.8,5219686.4],[630220.8,5219737.6],[630169.6,5219737.6],[630169.6,5219686.4]]]}},{"type":"Feature","properties":{"tile":"siret3_r029_c024","status":"no_vineyard","n_rows":0,"n_canopies":0,"n_interrows":0,"n_waste":0,"veg_frac":null,"nodata_frac":null,"review_priority":null,"review_note":null,"review_status":null,"has_mask":false},"geometry":{"type":"Polygon","coordinates":[[[630220.8,5219686.4],[630272,5219686.4],[630272,5219737.6],[630220.8,5219737.6],[630220.8,5219686.4]]]}},{"type":"Feature","properties":{"tile":"siret3_r029_c025","status":"no_vineyard","n_rows":0,"n_canopies":0,"n_interrows":0,"n_waste":0,"veg_frac":null,"nodata_frac":null,"review_priority":null,"review_note":null,"review_status":null,"has_mask":false},"geometry":{"type":"Polygon","coordinates":[[[630272,5219686.4],[630323.2,5219686.4],[630323.2,5219737.6],[630272,5219737.6],[630272,5219686.4]]]}},{"type":"Feature","properties":{"tile":"siret3_r029_c026","status":"no_vineyard","n_rows":0,"n_canopies":0,"n_interrows":0,"n_waste":0,"veg_frac":null,"nodata_frac":null,"review_priority":null,"review_note":null,"review_status":null,"has_mask":false},"geometry":{"type":"Polygon","coordinates":[[[630323.2,5219686.4],[630374.4,5219686.4],[630374.4,5219737.6],[630323.2,5219737.6],[630323.2,5219686.4]]]}},{"type":"Feature","properties":{"tile":"siret3_r029_c027","status":"no_vineyard","n_rows":0,"n_canopies":0,"n_interrows":0,"n_waste":0,"veg_frac":null,"nodata_frac":null,"review_priority":null,"review_note":null,"review_status":null,"has_mask":false},"geometry":{"type":"Polygon","coordinates":[[[630374.4,5219686.4],[630425.6,5219686.4],[630425.6,5219737.6],[630374.4,5219737.6],[630374.4,5219686.4]]]}},{"type":"Feature","properties":{"tile":"siret3_r029_c028","status":"no_vineyard","n_rows":0,"n_canopies":0,"n_interrows":0,"n_waste":0,"veg_frac":null,"nodata_frac":null,"review_priority":null,"review_note":null,"review_status":null,"has_mask":false},"geometry":{"type":"Polygon","coordinates":[[[630425.6,5219686.4],[630476.8,5219686.4],[630476.8,5219737.6],[630425.6,5219737.6],[630425.6,5219686.4]]]}},{"type":"Feature","properties":{"tile":"siret3_r029_c029","status":"no_vineyard","n_rows":0,"n_canopies":0,"n_interrows":0,"n_waste":0,"veg_frac":null,"nodata_frac":null,"review_priority":null,"review_note":null,"review_status":null,"has_mask":false},"geometry":{"type":"Polygon","coordinates":[[[630476.8,5219686.4],[630528,5219686.4],[630528,5219737.6],[630476.8,5219737.6],[630476.8,5219686.4]]]}},{"type":"Feature","properties":{"tile":"siret3_r029_c030","status":"no_vineyard","n_rows":0,"n_canopies":0,"n_interrows":0,"n_waste":0,"veg_frac":null,"nodata_frac":null,"review_priority":null,"review_note":null,"review_status":null,"has_mask":false},"geometry":{"type":"Polygon","coordinates":[[[630528,5219686.4],[630579.2,5219686.4],[630579.2,5219737.6],[630528,5219737.6],[630528,5219686.4]]]}},{"type":"Feature","properties":{"tile":"siret3_r029_c031","status":"no_vineyard","n_rows":0,"n_canopies":0,"n_interrows":0,"n_waste":0,"veg_frac":null,"nodata_frac":null,"review_priority":null,"review_note":null,"review_status":null,"has_mask":false},"geometry":{"type":"Polygon","coordinates":[[[630579.2,5219686.4],[630630.4,5219686.4],[630630.4,5219737.6],[630579.2,5219737.6],[630579.2,5219686.4]]]}},{"type":"Feature","properties":{"tile":"siret3_r029_c032","status":"no_vineyard","n_rows":0,"n_canopies":0,"n_interrows":0,"n_waste":0,"veg_frac":null,"nodata_frac":null,"review_priority":null,"review_note":null,"review_status":null,"has_mask":false},"geometry":{"type":"Polygon","coordinates":[[[630630.4,5219686.4],[630681.6,5219686.4],[630681.6,5219737.6],[630630.4,5219737.6],[630630.4,5219686.4]]]}},{"type":"Feature","properties":{"tile":"siret3_r029_c033","status":"no_vineyard","n_rows":0,"n_canopies":0,"n_interrows":0,"n_waste":0,"veg_frac":null,"nodata_frac":null,"review_priority":null,"review_note":null,"review_status":null,"has_mask":false},"geometry":{"type":"Polygon","coordinates":[[[630681.6,5219686.4],[630732.8,5219686.4],[630732.8,5219737.6],[630681.6,5219737.6],[630681.6,5219686.4]]]}},{"type":"Feature","properties":{"tile":"siret3_r030_c016","status":"no_vineyard","n_rows":0,"n_canopies":0,"n_interrows":0,"n_waste":0,"veg_frac":null,"nodata_frac":null,"review_priority":null,"review_note":null,"review_status":null,"has_mask":false},"geometry":{"type":"Polygon","coordinates":[[[629811.2,5219635.2],[629862.4,5219635.2],[629862.4,5219686.4],[629811.2,5219686.4],[629811.2,5219635.2]]]}},{"type":"Feature","properties":{"tile":"siret3_r030_c017","status":"no_vineyard","n_rows":0,"n_canopies":0,"n_interrows":0,"n_waste":0,"veg_frac":null,"nodata_frac":null,"review_priority":null,"review_note":null,"review_status":null,"has_mask":false},"geometry":{"type":"Polygon","coordinates":[[[629862.4,5219635.2],[629913.6,5219635.2],[629913.6,5219686.4],[629862.4,5219686.4],[629862.4,5219635.2]]]}},{"type":"Feature","properties":{"tile":"siret3_r030_c018","status":"no_vineyard","n_rows":0,"n_canopies":0,"n_interrows":0,"n_waste":0,"veg_frac":null,"nodata_frac":null,"review_priority":null,"review_note":null,"review_status":null,"has_mask":false},"geometry":{"type":"Polygon","coordinates":[[[629913.6,5219635.2],[629964.8,5219635.2],[629964.8,5219686.4],[629913.6,5219686.4],[629913.6,5219635.2]]]}},{"type":"Feature","properties":{"tile":"siret3_r030_c019","status":"no_vineyard","n_rows":0,"n_canopies":0,"n_interrows":0,"n_waste":0,"veg_frac":null,"nodata_frac":null,"review_priority":null,"review_note":null,"review_status":null,"has_mask":false},"geometry":{"type":"Polygon","coordinates":[[[629964.8,5219635.2],[630016,5219635.2],[630016,5219686.4],[629964.8,5219686.4],[629964.8,5219635.2]]]}},{"type":"Feature","properties":{"tile":"siret3_r030_c020","status":"no_vineyard","n_rows":0,"n_canopies":0,"n_interrows":0,"n_waste":0,"veg_frac":null,"nodata_frac":null,"review_priority":null,"review_note":null,"review_status":null,"has_mask":false},"geometry":{"type":"Polygon","coordinates":[[[630016,5219635.2],[630067.2,5219635.2],[630067.2,5219686.4],[630016,5219686.4],[630016,5219635.2]]]}},{"type":"Feature","properties":{"tile":"siret3_r030_c021","status":"no_vineyard","n_rows":0,"n_canopies":0,"n_interrows":0,"n_waste":0,"veg_frac":null,"nodata_frac":null,"review_priority":null,"review_note":null,"review_status":null,"has_mask":false},"geometry":{"type":"Polygon","coordinates":[[[630067.2,5219635.2],[630118.4,5219635.2],[630118.4,5219686.4],[630067.2,5219686.4],[630067.2,5219635.2]]]}},{"type":"Feature","properties":{"tile":"siret3_r030_c022","status":"no_vineyard","n_rows":0,"n_canopies":0,"n_interrows":0,"n_waste":0,"veg_frac":null,"nodata_frac":null,"review_priority":null,"review_note":null,"review_status":null,"has_mask":false},"geometry":{"type":"Polygon","coordinates":[[[630118.4,5219635.2],[630169.6,5219635.2],[630169.6,5219686.4],[630118.4,5219686.4],[630118.4,5219635.2]]]}},{"type":"Feature","properties":{"tile":"siret3_r030_c023","status":"no_vineyard","n_rows":0,"n_canopies":0,"n_interrows":0,"n_waste":0,"veg_frac":null,"nodata_frac":null,"review_priority":null,"review_note":null,"review_status":null,"has_mask":false},"geometry":{"type":"Polygon","coordinates":[[[630169.6,5219635.2],[630220.8,5219635.2],[630220.8,5219686.4],[630169.6,5219686.4],[630169.6,5219635.2]]]}},{"type":"Feature","properties":{"tile":"siret3_r030_c024","status":"no_vineyard","n_rows":0,"n_canopies":0,"n_interrows":0,"n_waste":0,"veg_frac":null,"nodata_frac":null,"review_priority":null,"review_note":null,"review_status":null,"has_mask":false},"geometry":{"type":"Polygon","coordinates":[[[630220.8,5219635.2],[630272,5219635.2],[630272,5219686.4],[630220.8,5219686.4],[630220.8,5219635.2]]]}},{"type":"Feature","properties":{"tile":"siret3_r030_c025","status":"no_vineyard","n_rows":0,"n_canopies":0,"n_interrows":0,"n_waste":0,"veg_frac":null,"nodata_frac":null,"review_priority":null,"review_note":null,"review_status":null,"has_mask":false},"geometry":{"type":"Polygon","coordinates":[[[630272,5219635.2],[630323.2,5219635.2],[630323.2,5219686.4],[630272,5219686.4],[630272,5219635.2]]]}},{"type":"Feature","properties":{"tile":"siret3_r030_c026","status":"no_vineyard","n_rows":0,"n_canopies":0,"n_interrows":0,"n_waste":0,"veg_frac":null,"nodata_frac":null,"review_priority":null,"review_note":null,"review_status":null,"has_mask":false},"geometry":{"type":"Polygon","coordinates":[[[630323.2,5219635.2],[630374.4,5219635.2],[630374.4,5219686.4],[630323.2,5219686.4],[630323.2,5219635.2]]]}},{"type":"Feature","properties":{"tile":"siret3_r030_c027","status":"no_vineyard","n_rows":0,"n_canopies":0,"n_interrows":0,"n_waste":0,"veg_frac":null,"nodata_frac":null,"review_priority":null,"review_note":null,"review_status":null,"has_mask":false},"geometry":{"type":"Polygon","coordinates":[[[630374.4,5219635.2],[630425.6,5219635.2],[630425.6,5219686.4],[630374.4,5219686.4],[630374.4,5219635.2]]]}},{"type":"Feature","properties":{"tile":"siret3_r030_c028","status":"no_vineyard","n_rows":0,"n_canopies":0,"n_interrows":0,"n_waste":0,"veg_frac":null,"nodata_frac":null,"review_priority":null,"review_note":null,"review_status":null,"has_mask":false},"geometry":{"type":"Polygon","coordinates":[[[630425.6,5219635.2],[630476.8,5219635.2],[630476.8,5219686.4],[630425.6,5219686.4],[630425.6,5219635.2]]]}},{"type":"Feature","properties":{"tile":"siret3_r030_c029","status":"no_vineyard","n_rows":0,"n_canopies":0,"n_interrows":0,"n_waste":0,"veg_frac":null,"nodata_frac":null,"review_priority":null,"review_note":null,"review_status":null,"has_mask":false},"geometry":{"type":"Polygon","coordinates":[[[630476.8,5219635.2],[630528,5219635.2],[630528,5219686.4],[630476.8,5219686.4],[630476.8,5219635.2]]]}},{"type":"Feature","properties":{"tile":"siret3_r030_c030","status":"no_vineyard","n_rows":0,"n_canopies":0,"n_interrows":0,"n_waste":0,"veg_frac":null,"nodata_frac":null,"review_priority":null,"review_note":null,"review_status":null,"has_mask":false},"geometry":{"type":"Polygon","coordinates":[[[630528,5219635.2],[630579.2,5219635.2],[630579.2,5219686.4],[630528,5219686.4],[630528,5219635.2]]]}},{"type":"Feature","properties":{"tile":"siret3_r030_c031","status":"no_vineyard","n_rows":0,"n_canopies":0,"n_interrows":0,"n_waste":0,"veg_frac":null,"nodata_frac":null,"review_priority":null,"review_note":null,"review_status":null,"has_mask":false},"geometry":{"type":"Polygon","coordinates":[[[630579.2,5219635.2],[630630.4,5219635.2],[630630.4,5219686.4],[630579.2,5219686.4],[630579.2,5219635.2]]]}},{"type":"Feature","properties":{"tile":"siret3_r030_c032","status":"no_vineyard","n_rows":0,"n_canopies":0,"n_interrows":0,"n_waste":0,"veg_frac":null,"nodata_frac":null,"review_priority":null,"review_note":null,"review_status":null,"has_mask":false},"geometry":{"type":"Polygon","coordinates":[[[630630.4,5219635.2],[630681.6,5219635.2],[630681.6,5219686.4],[630630.4,5219686.4],[630630.4,5219635.2]]]}},{"type":"Feature","properties":{"tile":"siret3_r031_c017","status":"no_vineyard","n_rows":0,"n_canopies":0,"n_interrows":0,"n_waste":0,"veg_frac":null,"nodata_frac":null,"review_priority":null,"review_note":null,"review_status":null,"has_mask":false},"geometry":{"type":"Polygon","coordinates":[[[629862.4,5219584],[629913.6,5219584],[629913.6,5219635.2],[629862.4,5219635.2],[629862.4,5219584]]]}},{"type":"Feature","properties":{"tile":"siret3_r031_c018","status":"no_vineyard","n_rows":0,"n_canopies":0,"n_interrows":0,"n_waste":0,"veg_frac":null,"nodata_frac":null,"review_priority":null,"review_note":null,"review_status":null,"has_mask":false},"geometry":{"type":"Polygon","coordinates":[[[629913.6,5219584],[629964.8,5219584],[629964.8,5219635.2],[629913.6,5219635.2],[629913.6,5219584]]]}},{"type":"Feature","properties":{"tile":"siret3_r031_c019","status":"no_vineyard","n_rows":0,"n_canopies":0,"n_interrows":0,"n_waste":0,"veg_frac":null,"nodata_frac":null,"review_priority":null,"review_note":null,"review_status":null,"has_mask":false},"geometry":{"type":"Polygon","coordinates":[[[629964.8,5219584],[630016,5219584],[630016,5219635.2],[629964.8,5219635.2],[629964.8,5219584]]]}},{"type":"Feature","properties":{"tile":"siret3_r031_c020","status":"no_vineyard","n_rows":0,"n_canopies":0,"n_interrows":0,"n_waste":0,"veg_frac":null,"nodata_frac":null,"review_priority":null,"review_note":null,"review_status":null,"has_mask":false},"geometry":{"type":"Polygon","coordinates":[[[630016,5219584],[630067.2,5219584],[630067.2,5219635.2],[630016,5219635.2],[630016,5219584]]]}},{"type":"Feature","properties":{"tile":"siret3_r031_c021","status":"no_vineyard","n_rows":0,"n_canopies":0,"n_interrows":0,"n_waste":0,"veg_frac":null,"nodata_frac":null,"review_priority":null,"review_note":null,"review_status":null,"has_mask":false},"geometry":{"type":"Polygon","coordinates":[[[630067.2,5219584],[630118.4,5219584],[630118.4,5219635.2],[630067.2,5219635.2],[630067.2,5219584]]]}},{"type":"Feature","properties":{"tile":"siret3_r031_c022","status":"no_vineyard","n_rows":0,"n_canopies":0,"n_interrows":0,"n_waste":0,"veg_frac":null,"nodata_frac":null,"review_priority":null,"review_note":null,"review_status":null,"has_mask":false},"geometry":{"type":"Polygon","coordinates":[[[630118.4,5219584],[630169.6,5219584],[630169.6,5219635.2],[630118.4,5219635.2],[630118.4,5219584]]]}},{"type":"Feature","properties":{"tile":"siret3_r031_c023","status":"no_vineyard","n_rows":0,"n_canopies":0,"n_interrows":0,"n_waste":0,"veg_frac":null,"nodata_frac":null,"review_priority":null,"review_note":null,"review_status":null,"has_mask":false},"geometry":{"type":"Polygon","coordinates":[[[630169.6,5219584],[630220.8,5219584],[630220.8,5219635.2],[630169.6,5219635.2],[630169.6,5219584]]]}},{"type":"Feature","properties":{"tile":"siret3_r031_c024","status":"no_vineyard","n_rows":0,"n_canopies":0,"n_interrows":0,"n_waste":0,"veg_frac":null,"nodata_frac":null,"review_priority":null,"review_note":null,"review_status":null,"has_mask":false},"geometry":{"type":"Polygon","coordinates":[[[630220.8,5219584],[630272,5219584],[630272,5219635.2],[630220.8,5219635.2],[630220.8,5219584]]]}},{"type":"Feature","properties":{"tile":"siret3_r031_c025","status":"no_vineyard","n_rows":0,"n_canopies":0,"n_interrows":0,"n_waste":0,"veg_frac":null,"nodata_frac":null,"review_priority":null,"review_note":null,"review_status":null,"has_mask":false},"geometry":{"type":"Polygon","coordinates":[[[630272,5219584],[630323.2,5219584],[630323.2,5219635.2],[630272,5219635.2],[630272,5219584]]]}},{"type":"Feature","properties":{"tile":"siret3_r031_c026","status":"no_vineyard","n_rows":0,"n_canopies":0,"n_interrows":0,"n_waste":0,"veg_frac":null,"nodata_frac":null,"review_priority":null,"review_note":null,"review_status":null,"has_mask":false},"geometry":{"type":"Polygon","coordinates":[[[630323.2,5219584],[630374.4,5219584],[630374.4,5219635.2],[630323.2,5219635.2],[630323.2,5219584]]]}},{"type":"Feature","properties":{"tile":"siret3_r031_c027","status":"no_vineyard","n_rows":0,"n_canopies":0,"n_interrows":0,"n_waste":0,"veg_frac":null,"nodata_frac":null,"review_priority":null,"review_note":null,"review_status":null,"has_mask":false},"geometry":{"type":"Polygon","coordinates":[[[630374.4,5219584],[630425.6,5219584],[630425.6,5219635.2],[630374.4,5219635.2],[630374.4,5219584]]]}},{"type":"Feature","properties":{"tile":"siret3_r031_c028","status":"no_vineyard","n_rows":0,"n_canopies":0,"n_interrows":0,"n_waste":0,"veg_frac":null,"nodata_frac":null,"review_priority":null,"review_note":null,"review_status":null,"has_mask":false},"geometry":{"type":"Polygon","coordinates":[[[630425.6,5219584],[630476.8,5219584],[630476.8,5219635.2],[630425.6,5219635.2],[630425.6,5219584]]]}},{"type":"Feature","properties":{"tile":"siret3_r031_c029","status":"no_vineyard","n_rows":0,"n_canopies":0,"n_interrows":0,"n_waste":0,"veg_frac":null,"nodata_frac":null,"review_priority":null,"review_note":null,"review_status":null,"has_mask":false},"geometry":{"type":"Polygon","coordinates":[[[630476.8,5219584],[630528,5219584],[630528,5219635.2],[630476.8,5219635.2],[630476.8,5219584]]]}},{"type":"Feature","properties":{"tile":"siret3_r031_c030","status":"no_vineyard","n_rows":0,"n_canopies":0,"n_interrows":0,"n_waste":0,"veg_frac":null,"nodata_frac":null,"review_priority":null,"review_note":null,"review_status":null,"has_mask":false},"geometry":{"type":"Polygon","coordinates":[[[630528,5219584],[630579.2,5219584],[630579.2,5219635.2],[630528,5219635.2],[630528,5219584]]]}},{"type":"Feature","properties":{"tile":"siret3_r031_c031","status":"no_vineyard","n_rows":0,"n_canopies":0,"n_interrows":0,"n_waste":0,"veg_frac":null,"nodata_frac":null,"review_priority":null,"review_note":null,"review_status":null,"has_mask":false},"geometry":{"type":"Polygon","coordinates":[[[630579.2,5219584],[630630.4,5219584],[630630.4,5219635.2],[630579.2,5219635.2],[630579.2,5219584]]]}},{"type":"Feature","properties":{"tile":"siret3_r032_c018","status":"no_vineyard","n_rows":0,"n_canopies":0,"n_interrows":0,"n_waste":0,"veg_frac":null,"nodata_frac":null,"review_priority":null,"review_note":null,"review_status":null,"has_mask":false},"geometry":{"type":"Polygon","coordinates":[[[629913.6,5219532.8],[629964.8,5219532.8],[629964.8,5219584],[629913.6,5219584],[629913.6,5219532.8]]]}},{"type":"Feature","properties":{"tile":"siret3_r032_c019","status":"no_vineyard","n_rows":0,"n_canopies":0,"n_interrows":0,"n_waste":0,"veg_frac":null,"nodata_frac":null,"review_priority":null,"review_note":null,"review_status":null,"has_mask":false},"geometry":{"type":"Polygon","coordinates":[[[629964.8,5219532.8],[630016,5219532.8],[630016,5219584],[629964.8,5219584],[629964.8,5219532.8]]]}},{"type":"Feature","properties":{"tile":"siret3_r032_c020","status":"no_vineyard","n_rows":0,"n_canopies":0,"n_interrows":0,"n_waste":0,"veg_frac":null,"nodata_frac":null,"review_priority":null,"review_note":null,"review_status":null,"has_mask":false},"geometry":{"type":"Polygon","coordinates":[[[630016,5219532.8],[630067.2,5219532.8],[630067.2,5219584],[630016,5219584],[630016,5219532.8]]]}},{"type":"Feature","properties":{"tile":"siret3_r032_c021","status":"no_vineyard","n_rows":0,"n_canopies":0,"n_interrows":0,"n_waste":0,"veg_frac":null,"nodata_frac":null,"review_priority":null,"review_note":null,"review_status":null,"has_mask":false},"geometry":{"type":"Polygon","coordinates":[[[630067.2,5219532.8],[630118.4,5219532.8],[630118.4,5219584],[630067.2,5219584],[630067.2,5219532.8]]]}},{"type":"Feature","properties":{"tile":"siret3_r032_c022","status":"no_vineyard","n_rows":0,"n_canopies":0,"n_interrows":0,"n_waste":0,"veg_frac":null,"nodata_frac":null,"review_priority":null,"review_note":null,"review_status":null,"has_mask":false},"geometry":{"type":"Polygon","coordinates":[[[630118.4,5219532.8],[630169.6,5219532.8],[630169.6,5219584],[630118.4,5219584],[630118.4,5219532.8]]]}},{"type":"Feature","properties":{"tile":"siret3_r032_c023","status":"no_vineyard","n_rows":0,"n_canopies":0,"n_interrows":0,"n_waste":0,"veg_frac":null,"nodata_frac":null,"review_priority":null,"review_note":null,"review_status":null,"has_mask":false},"geometry":{"type":"Polygon","coordinates":[[[630169.6,5219532.8],[630220.8,5219532.8],[630220.8,5219584],[630169.6,5219584],[630169.6,5219532.8]]]}},{"type":"Feature","properties":{"tile":"siret3_r032_c024","status":"no_vineyard","n_rows":0,"n_canopies":0,"n_interrows":0,"n_waste":0,"veg_frac":null,"nodata_frac":null,"review_priority":null,"review_note":null,"review_status":null,"has_mask":false},"geometry":{"type":"Polygon","coordinates":[[[630220.8,5219532.8],[630272,5219532.8],[630272,5219584],[630220.8,5219584],[630220.8,5219532.8]]]}},{"type":"Feature","properties":{"tile":"siret3_r032_c025","status":"no_vineyard","n_rows":0,"n_canopies":0,"n_interrows":0,"n_waste":0,"veg_frac":null,"nodata_frac":null,"review_priority":null,"review_note":null,"review_status":null,"has_mask":false},"geometry":{"type":"Polygon","coordinates":[[[630272,5219532.8],[630323.2,5219532.8],[630323.2,5219584],[630272,5219584],[630272,5219532.8]]]}},{"type":"Feature","properties":{"tile":"siret3_r032_c026","status":"no_vineyard","n_rows":0,"n_canopies":0,"n_interrows":0,"n_waste":0,"veg_frac":null,"nodata_frac":null,"review_priority":null,"review_note":null,"review_status":null,"has_mask":false},"geometry":{"type":"Polygon","coordinates":[[[630323.2,5219532.8],[630374.4,5219532.8],[630374.4,5219584],[630323.2,5219584],[630323.2,5219532.8]]]}},{"type":"Feature","properties":{"tile":"siret3_r032_c027","status":"no_vineyard","n_rows":0,"n_canopies":0,"n_interrows":0,"n_waste":0,"veg_frac":null,"nodata_frac":null,"review_priority":null,"review_note":null,"review_status":null,"has_mask":false},"geometry":{"type":"Polygon","coordinates":[[[630374.4,5219532.8],[630425.6,5219532.8],[630425.6,5219584],[630374.4,5219584],[630374.4,5219532.8]]]}},{"type":"Feature","properties":{"tile":"siret3_r032_c028","status":"no_vineyard","n_rows":0,"n_canopies":0,"n_interrows":0,"n_waste":0,"veg_frac":null,"nodata_frac":null,"review_priority":null,"review_note":null,"review_status":null,"has_mask":false},"geometry":{"type":"Polygon","coordinates":[[[630425.6,5219532.8],[630476.8,5219532.8],[630476.8,5219584],[630425.6,5219584],[630425.6,5219532.8]]]}},{"type":"Feature","properties":{"tile":"siret3_r032_c029","status":"no_vineyard","n_rows":0,"n_canopies":0,"n_interrows":0,"n_waste":0,"veg_frac":null,"nodata_frac":null,"review_priority":null,"review_note":null,"review_status":null,"has_mask":false},"geometry":{"type":"Polygon","coordinates":[[[630476.8,5219532.8],[630528,5219532.8],[630528,5219584],[630476.8,5219584],[630476.8,5219532.8]]]}},{"type":"Feature","properties":{"tile":"siret3_r032_c030","status":"no_vineyard","n_rows":0,"n_canopies":0,"n_interrows":0,"n_waste":0,"veg_frac":null,"nodata_frac":null,"review_priority":null,"review_note":null,"review_status":null,"has_mask":false},"geometry":{"type":"Polygon","coordinates":[[[630528,5219532.8],[630579.2,5219532.8],[630579.2,5219584],[630528,5219584],[630528,5219532.8]]]}},{"type":"Feature","properties":{"tile":"siret3_r033_c018","status":"no_vineyard","n_rows":0,"n_canopies":0,"n_interrows":0,"n_waste":0,"veg_frac":null,"nodata_frac":null,"review_priority":null,"review_note":null,"review_status":null,"has_mask":false},"geometry":{"type":"Polygon","coordinates":[[[629913.6,5219481.6],[629964.8,5219481.6],[629964.8,5219532.8],[629913.6,5219532.8],[629913.6,5219481.6]]]}},{"type":"Feature","properties":{"tile":"siret3_r033_c019","status":"no_vineyard","n_rows":0,"n_canopies":0,"n_interrows":0,"n_waste":0,"veg_frac":null,"nodata_frac":null,"review_priority":null,"review_note":null,"review_status":null,"has_mask":false},"geometry":{"type":"Polygon","coordinates":[[[629964.8,5219481.6],[630016,5219481.6],[630016,5219532.8],[629964.8,5219532.8],[629964.8,5219481.6]]]}},{"type":"Feature","properties":{"tile":"siret3_r033_c020","status":"no_vineyard","n_rows":0,"n_canopies":0,"n_interrows":0,"n_waste":0,"veg_frac":null,"nodata_frac":null,"review_priority":null,"review_note":null,"review_status":null,"has_mask":false},"geometry":{"type":"Polygon","coordinates":[[[630016,5219481.6],[630067.2,5219481.6],[630067.2,5219532.8],[630016,5219532.8],[630016,5219481.6]]]}},{"type":"Feature","properties":{"tile":"siret3_r033_c021","status":"no_vineyard","n_rows":0,"n_canopies":0,"n_interrows":0,"n_waste":0,"veg_frac":null,"nodata_frac":null,"review_priority":null,"review_note":null,"review_status":null,"has_mask":false},"geometry":{"type":"Polygon","coordinates":[[[630067.2,5219481.6],[630118.4,5219481.6],[630118.4,5219532.8],[630067.2,5219532.8],[630067.2,5219481.6]]]}},{"type":"Feature","properties":{"tile":"siret3_r033_c022","status":"no_vineyard","n_rows":0,"n_canopies":0,"n_interrows":0,"n_waste":0,"veg_frac":null,"nodata_frac":null,"review_priority":null,"review_note":null,"review_status":null,"has_mask":false},"geometry":{"type":"Polygon","coordinates":[[[630118.4,5219481.6],[630169.6,5219481.6],[630169.6,5219532.8],[630118.4,5219532.8],[630118.4,5219481.6]]]}},{"type":"Feature","properties":{"tile":"siret3_r033_c023","status":"no_vineyard","n_rows":0,"n_canopies":0,"n_interrows":0,"n_waste":0,"veg_frac":null,"nodata_frac":null,"review_priority":null,"review_note":null,"review_status":null,"has_mask":false},"geometry":{"type":"Polygon","coordinates":[[[630169.6,5219481.6],[630220.8,5219481.6],[630220.8,5219532.8],[630169.6,5219532.8],[630169.6,5219481.6]]]}},{"type":"Feature","properties":{"tile":"siret3_r033_c024","status":"no_vineyard","n_rows":0,"n_canopies":0,"n_interrows":0,"n_waste":0,"veg_frac":null,"nodata_frac":null,"review_priority":null,"review_note":null,"review_status":null,"has_mask":false},"geometry":{"type":"Polygon","coordinates":[[[630220.8,5219481.6],[630272,5219481.6],[630272,5219532.8],[630220.8,5219532.8],[630220.8,5219481.6]]]}},{"type":"Feature","properties":{"tile":"siret3_r033_c025","status":"no_vineyard","n_rows":0,"n_canopies":0,"n_interrows":0,"n_waste":0,"veg_frac":null,"nodata_frac":null,"review_priority":null,"review_note":null,"review_status":null,"has_mask":false},"geometry":{"type":"Polygon","coordinates":[[[630272,5219481.6],[630323.2,5219481.6],[630323.2,5219532.8],[630272,5219532.8],[630272,5219481.6]]]}},{"type":"Feature","properties":{"tile":"siret3_r033_c026","status":"no_vineyard","n_rows":0,"n_canopies":0,"n_interrows":0,"n_waste":0,"veg_frac":null,"nodata_frac":null,"review_priority":null,"review_note":null,"review_status":null,"has_mask":false},"geometry":{"type":"Polygon","coordinates":[[[630323.2,5219481.6],[630374.4,5219481.6],[630374.4,5219532.8],[630323.2,5219532.8],[630323.2,5219481.6]]]}},{"type":"Feature","properties":{"tile":"siret3_r033_c027","status":"no_vineyard","n_rows":0,"n_canopies":0,"n_interrows":0,"n_waste":0,"veg_frac":null,"nodata_frac":null,"review_priority":null,"review_note":null,"review_status":null,"has_mask":false},"geometry":{"type":"Polygon","coordinates":[[[630374.4,5219481.6],[630425.6,5219481.6],[630425.6,5219532.8],[630374.4,5219532.8],[630374.4,5219481.6]]]}},{"type":"Feature","properties":{"tile":"siret3_r033_c028","status":"no_vineyard","n_rows":0,"n_canopies":0,"n_interrows":0,"n_waste":0,"veg_frac":null,"nodata_frac":null,"review_priority":null,"review_note":null,"review_status":null,"has_mask":false},"geometry":{"type":"Polygon","coordinates":[[[630425.6,5219481.6],[630476.8,5219481.6],[630476.8,5219532.8],[630425.6,5219532.8],[630425.6,5219481.6]]]}},{"type":"Feature","properties":{"tile":"siret3_r033_c029","status":"no_vineyard","n_rows":0,"n_canopies":0,"n_interrows":0,"n_waste":0,"veg_frac":null,"nodata_frac":null,"review_priority":null,"review_note":null,"review_status":null,"has_mask":false},"geometry":{"type":"Polygon","coordinates":[[[630476.8,5219481.6],[630528,5219481.6],[630528,5219532.8],[630476.8,5219532.8],[630476.8,5219481.6]]]}},{"type":"Feature","properties":{"tile":"siret3_r033_c030","status":"no_vineyard","n_rows":0,"n_canopies":0,"n_interrows":0,"n_waste":0,"veg_frac":null,"nodata_frac":null,"review_priority":null,"review_note":null,"review_status":null,"has_mask":false},"geometry":{"type":"Polygon","coordinates":[[[630528,5219481.6],[630579.2,5219481.6],[630579.2,5219532.8],[630528,5219532.8],[630528,5219481.6]]]}},{"type":"Feature","properties":{"tile":"siret3_r034_c019","status":"no_vineyard","n_rows":0,"n_canopies":0,"n_interrows":0,"n_waste":0,"veg_frac":null,"nodata_frac":null,"review_priority":null,"review_note":null,"review_status":null,"has_mask":false},"geometry":{"type":"Polygon","coordinates":[[[629964.8,5219430.4],[630016,5219430.4],[630016,5219481.6],[629964.8,5219481.6],[629964.8,5219430.4]]]}},{"type":"Feature","properties":{"tile":"siret3_r034_c020","status":"no_vineyard","n_rows":0,"n_canopies":0,"n_interrows":0,"n_waste":0,"veg_frac":null,"nodata_frac":null,"review_priority":null,"review_note":null,"review_status":null,"has_mask":false},"geometry":{"type":"Polygon","coordinates":[[[630016,5219430.4],[630067.2,5219430.4],[630067.2,5219481.6],[630016,5219481.6],[630016,5219430.4]]]}},{"type":"Feature","properties":{"tile":"siret3_r034_c021","status":"no_vineyard","n_rows":0,"n_canopies":0,"n_interrows":0,"n_waste":0,"veg_frac":null,"nodata_frac":null,"review_priority":null,"review_note":null,"review_status":null,"has_mask":false},"geometry":{"type":"Polygon","coordinates":[[[630067.2,5219430.4],[630118.4,5219430.4],[630118.4,5219481.6],[630067.2,5219481.6],[630067.2,5219430.4]]]}},{"type":"Feature","properties":{"tile":"siret3_r034_c022","status":"no_vineyard","n_rows":0,"n_canopies":0,"n_interrows":0,"n_waste":0,"veg_frac":null,"nodata_frac":null,"review_priority":null,"review_note":null,"review_status":null,"has_mask":false},"geometry":{"type":"Polygon","coordinates":[[[630118.4,5219430.4],[630169.6,5219430.4],[630169.6,5219481.6],[630118.4,5219481.6],[630118.4,5219430.4]]]}},{"type":"Feature","properties":{"tile":"siret3_r034_c023","status":"no_vineyard","n_rows":0,"n_canopies":0,"n_interrows":0,"n_waste":0,"veg_frac":null,"nodata_frac":null,"review_priority":null,"review_note":null,"review_status":null,"has_mask":false},"geometry":{"type":"Polygon","coordinates":[[[630169.6,5219430.4],[630220.8,5219430.4],[630220.8,5219481.6],[630169.6,5219481.6],[630169.6,5219430.4]]]}},{"type":"Feature","properties":{"tile":"siret3_r034_c024","status":"no_vineyard","n_rows":0,"n_canopies":0,"n_interrows":0,"n_waste":0,"veg_frac":null,"nodata_frac":null,"review_priority":null,"review_note":null,"review_status":null,"has_mask":false},"geometry":{"type":"Polygon","coordinates":[[[630220.8,5219430.4],[630272,5219430.4],[630272,5219481.6],[630220.8,5219481.6],[630220.8,5219430.4]]]}},{"type":"Feature","properties":{"tile":"siret3_r034_c025","status":"no_vineyard","n_rows":0,"n_canopies":0,"n_interrows":0,"n_waste":0,"veg_frac":null,"nodata_frac":null,"review_priority":null,"review_note":null,"review_status":null,"has_mask":false},"geometry":{"type":"Polygon","coordinates":[[[630272,5219430.4],[630323.2,5219430.4],[630323.2,5219481.6],[630272,5219481.6],[630272,5219430.4]]]}},{"type":"Feature","properties":{"tile":"siret3_r034_c026","status":"no_vineyard","n_rows":0,"n_canopies":0,"n_interrows":0,"n_waste":0,"veg_frac":null,"nodata_frac":null,"review_priority":null,"review_note":null,"review_status":null,"has_mask":false},"geometry":{"type":"Polygon","coordinates":[[[630323.2,5219430.4],[630374.4,5219430.4],[630374.4,5219481.6],[630323.2,5219481.6],[630323.2,5219430.4]]]}},{"type":"Feature","properties":{"tile":"siret3_r034_c027","status":"no_vineyard","n_rows":0,"n_canopies":0,"n_interrows":0,"n_waste":0,"veg_frac":null,"nodata_frac":null,"review_priority":null,"review_note":null,"review_status":null,"has_mask":false},"geometry":{"type":"Polygon","coordinates":[[[630374.4,5219430.4],[630425.6,5219430.4],[630425.6,5219481.6],[630374.4,5219481.6],[630374.4,5219430.4]]]}},{"type":"Feature","properties":{"tile":"siret3_r034_c028","status":"no_vineyard","n_rows":0,"n_canopies":0,"n_interrows":0,"n_waste":0,"veg_frac":null,"nodata_frac":null,"review_priority":null,"review_note":null,"review_status":null,"has_mask":false},"geometry":{"type":"Polygon","coordinates":[[[630425.6,5219430.4],[630476.8,5219430.4],[630476.8,5219481.6],[630425.6,5219481.6],[630425.6,5219430.4]]]}},{"type":"Feature","properties":{"tile":"siret3_r034_c029","status":"no_vineyard","n_rows":0,"n_canopies":0,"n_interrows":0,"n_waste":0,"veg_frac":null,"nodata_frac":null,"review_priority":null,"review_note":null,"review_status":null,"has_mask":false},"geometry":{"type":"Polygon","coordinates":[[[630476.8,5219430.4],[630528,5219430.4],[630528,5219481.6],[630476.8,5219481.6],[630476.8,5219430.4]]]}},{"type":"Feature","properties":{"tile":"siret3_r035_c020","status":"no_vineyard","n_rows":0,"n_canopies":0,"n_interrows":0,"n_waste":0,"veg_frac":null,"nodata_frac":null,"review_priority":null,"review_note":null,"review_status":null,"has_mask":false},"geometry":{"type":"Polygon","coordinates":[[[630016,5219379.2],[630067.2,5219379.2],[630067.2,5219430.4],[630016,5219430.4],[630016,5219379.2]]]}},{"type":"Feature","properties":{"tile":"siret3_r035_c021","status":"no_vineyard","n_rows":0,"n_canopies":0,"n_interrows":0,"n_waste":0,"veg_frac":null,"nodata_frac":null,"review_priority":null,"review_note":null,"review_status":null,"has_mask":false},"geometry":{"type":"Polygon","coordinates":[[[630067.2,5219379.2],[630118.4,5219379.2],[630118.4,5219430.4],[630067.2,5219430.4],[630067.2,5219379.2]]]}},{"type":"Feature","properties":{"tile":"siret3_r035_c022","status":"no_vineyard","n_rows":0,"n_canopies":0,"n_interrows":0,"n_waste":0,"veg_frac":null,"nodata_frac":null,"review_priority":null,"review_note":null,"review_status":null,"has_mask":false},"geometry":{"type":"Polygon","coordinates":[[[630118.4,5219379.2],[630169.6,5219379.2],[630169.6,5219430.4],[630118.4,5219430.4],[630118.4,5219379.2]]]}},{"type":"Feature","properties":{"tile":"siret3_r035_c023","status":"no_vineyard","n_rows":0,"n_canopies":0,"n_interrows":0,"n_waste":0,"veg_frac":null,"nodata_frac":null,"review_priority":null,"review_note":null,"review_status":null,"has_mask":false},"geometry":{"type":"Polygon","coordinates":[[[630169.6,5219379.2],[630220.8,5219379.2],[630220.8,5219430.4],[630169.6,5219430.4],[630169.6,5219379.2]]]}},{"type":"Feature","properties":{"tile":"siret3_r035_c024","status":"no_vineyard","n_rows":0,"n_canopies":0,"n_interrows":0,"n_waste":0,"veg_frac":null,"nodata_frac":null,"review_priority":null,"review_note":null,"review_status":null,"has_mask":false},"geometry":{"type":"Polygon","coordinates":[[[630220.8,5219379.2],[630272,5219379.2],[630272,5219430.4],[630220.8,5219430.4],[630220.8,5219379.2]]]}},{"type":"Feature","properties":{"tile":"siret3_r035_c025","status":"no_vineyard","n_rows":0,"n_canopies":0,"n_interrows":0,"n_waste":0,"veg_frac":null,"nodata_frac":null,"review_priority":null,"review_note":null,"review_status":null,"has_mask":false},"geometry":{"type":"Polygon","coordinates":[[[630272,5219379.2],[630323.2,5219379.2],[630323.2,5219430.4],[630272,5219430.4],[630272,5219379.2]]]}},{"type":"Feature","properties":{"tile":"siret3_r035_c026","status":"no_vineyard","n_rows":0,"n_canopies":0,"n_interrows":0,"n_waste":0,"veg_frac":null,"nodata_frac":null,"review_priority":null,"review_note":null,"review_status":null,"has_mask":false},"geometry":{"type":"Polygon","coordinates":[[[630323.2,5219379.2],[630374.4,5219379.2],[630374.4,5219430.4],[630323.2,5219430.4],[630323.2,5219379.2]]]}},{"type":"Feature","properties":{"tile":"siret3_r035_c027","status":"no_vineyard","n_rows":0,"n_canopies":0,"n_interrows":0,"n_waste":0,"veg_frac":null,"nodata_frac":null,"review_priority":null,"review_note":null,"review_status":null,"has_mask":false},"geometry":{"type":"Polygon","coordinates":[[[630374.4,5219379.2],[630425.6,5219379.2],[630425.6,5219430.4],[630374.4,5219430.4],[630374.4,5219379.2]]]}},{"type":"Feature","properties":{"tile":"siret3_r035_c028","status":"no_vineyard","n_rows":0,"n_canopies":0,"n_interrows":0,"n_waste":0,"veg_frac":null,"nodata_frac":null,"review_priority":null,"review_note":null,"review_status":null,"has_mask":false},"geometry":{"type":"Polygon","coordinates":[[[630425.6,5219379.2],[630476.8,5219379.2],[630476.8,5219430.4],[630425.6,5219430.4],[630425.6,5219379.2]]]}},{"type":"Feature","properties":{"tile":"siret3_r036_c021","status":"no_vineyard","n_rows":0,"n_canopies":0,"n_interrows":0,"n_waste":0,"veg_frac":null,"nodata_frac":null,"review_priority":null,"review_note":null,"review_status":null,"has_mask":false},"geometry":{"type":"Polygon","coordinates":[[[630067.2,5219328],[630118.4,5219328],[630118.4,5219379.2],[630067.2,5219379.2],[630067.2,5219328]]]}},{"type":"Feature","properties":{"tile":"siret3_r036_c022","status":"no_vineyard","n_rows":0,"n_canopies":0,"n_interrows":0,"n_waste":0,"veg_frac":null,"nodata_frac":null,"review_priority":null,"review_note":null,"review_status":null,"has_mask":false},"geometry":{"type":"Polygon","coordinates":[[[630118.4,5219328],[630169.6,5219328],[630169.6,5219379.2],[630118.4,5219379.2],[630118.4,5219328]]]}},{"type":"Feature","properties":{"tile":"siret3_r036_c023","status":"no_vineyard","n_rows":0,"n_canopies":0,"n_interrows":0,"n_waste":0,"veg_frac":null,"nodata_frac":null,"review_priority":null,"review_note":null,"review_status":null,"has_mask":false},"geometry":{"type":"Polygon","coordinates":[[[630169.6,5219328],[630220.8,5219328],[630220.8,5219379.2],[630169.6,5219379.2],[630169.6,5219328]]]}},{"type":"Feature","properties":{"tile":"siret3_r036_c024","status":"no_vineyard","n_rows":0,"n_canopies":0,"n_interrows":0,"n_waste":0,"veg_frac":null,"nodata_frac":null,"review_priority":null,"review_note":null,"review_status":null,"has_mask":false},"geometry":{"type":"Polygon","coordinates":[[[630220.8,5219328],[630272,5219328],[630272,5219379.2],[630220.8,5219379.2],[630220.8,5219328]]]}},{"type":"Feature","properties":{"tile":"siret3_r036_c025","status":"no_vineyard","n_rows":0,"n_canopies":0,"n_interrows":0,"n_waste":0,"veg_frac":null,"nodata_frac":null,"review_priority":null,"review_note":null,"review_status":null,"has_mask":false},"geometry":{"type":"Polygon","coordinates":[[[630272,5219328],[630323.2,5219328],[630323.2,5219379.2],[630272,5219379.2],[630272,5219328]]]}},{"type":"Feature","properties":{"tile":"siret3_r036_c026","status":"no_vineyard","n_rows":0,"n_canopies":0,"n_interrows":0,"n_waste":0,"veg_frac":null,"nodata_frac":null,"review_priority":null,"review_note":null,"review_status":null,"has_mask":false},"geometry":{"type":"Polygon","coordinates":[[[630323.2,5219328],[630374.4,5219328],[630374.4,5219379.2],[630323.2,5219379.2],[630323.2,5219328]]]}},{"type":"Feature","properties":{"tile":"siret3_r036_c027","status":"no_vineyard","n_rows":0,"n_canopies":0,"n_interrows":0,"n_waste":0,"veg_frac":null,"nodata_frac":null,"review_priority":null,"review_note":null,"review_status":null,"has_mask":false},"geometry":{"type":"Polygon","coordinates":[[[630374.4,5219328],[630425.6,5219328],[630425.6,5219379.2],[630374.4,5219379.2],[630374.4,5219328]]]}},{"type":"Feature","properties":{"tile":"siret3_r037_c022","status":"no_vineyard","n_rows":0,"n_canopies":0,"n_interrows":0,"n_waste":0,"veg_frac":null,"nodata_frac":null,"review_priority":null,"review_note":null,"review_status":null,"has_mask":false},"geometry":{"type":"Polygon","coordinates":[[[630118.4,5219276.8],[630169.6,5219276.8],[630169.6,5219328],[630118.4,5219328],[630118.4,5219276.8]]]}},{"type":"Feature","properties":{"tile":"siret3_r037_c023","status":"no_vineyard","n_rows":0,"n_canopies":0,"n_interrows":0,"n_waste":0,"veg_frac":null,"nodata_frac":null,"review_priority":null,"review_note":null,"review_status":null,"has_mask":false},"geometry":{"type":"Polygon","coordinates":[[[630169.6,5219276.8],[630220.8,5219276.8],[630220.8,5219328],[630169.6,5219328],[630169.6,5219276.8]]]}},{"type":"Feature","properties":{"tile":"siret3_r037_c024","status":"no_vineyard","n_rows":0,"n_canopies":0,"n_interrows":0,"n_waste":0,"veg_frac":null,"nodata_frac":null,"review_priority":null,"review_note":null,"review_status":null,"has_mask":false},"geometry":{"type":"Polygon","coordinates":[[[630220.8,5219276.8],[630272,5219276.8],[630272,5219328],[630220.8,5219328],[630220.8,5219276.8]]]}},{"type":"Feature","properties":{"tile":"siret3_r037_c025","status":"no_vineyard","n_rows":0,"n_canopies":0,"n_interrows":0,"n_waste":0,"veg_frac":null,"nodata_frac":null,"review_priority":null,"review_note":null,"review_status":null,"has_mask":false},"geometry":{"type":"Polygon","coordinates":[[[630272,5219276.8],[630323.2,5219276.8],[630323.2,5219328],[630272,5219328],[630272,5219276.8]]]}},{"type":"Feature","properties":{"tile":"siret3_r037_c026","status":"no_vineyard","n_rows":0,"n_canopies":0,"n_interrows":0,"n_waste":0,"veg_frac":null,"nodata_frac":null,"review_priority":null,"review_note":null,"review_status":null,"has_mask":false},"geometry":{"type":"Polygon","coordinates":[[[630323.2,5219276.8],[630374.4,5219276.8],[630374.4,5219328],[630323.2,5219328],[630323.2,5219276.8]]]}},{"type":"Feature","properties":{"tile":"siret3_r038_c022","status":"no_vineyard","n_rows":0,"n_canopies":0,"n_interrows":0,"n_waste":0,"veg_frac":null,"nodata_frac":null,"review_priority":null,"review_note":null,"review_status":null,"has_mask":false},"geometry":{"type":"Polygon","coordinates":[[[630118.4,5219225.6],[630169.6,5219225.6],[630169.6,5219276.8],[630118.4,5219276.8],[630118.4,5219225.6]]]}},{"type":"Feature","properties":{"tile":"siret3_r038_c023","status":"no_vineyard","n_rows":0,"n_canopies":0,"n_interrows":0,"n_waste":0,"veg_frac":null,"nodata_frac":null,"review_priority":null,"review_note":null,"review_status":null,"has_mask":false},"geometry":{"type":"Polygon","coordinates":[[[630169.6,5219225.6],[630220.8,5219225.6],[630220.8,5219276.8],[630169.6,5219276.8],[630169.6,5219225.6]]]}},{"type":"Feature","properties":{"tile":"siret3_r038_c024","status":"no_vineyard","n_rows":0,"n_canopies":0,"n_interrows":0,"n_waste":0,"veg_frac":null,"nodata_frac":null,"review_priority":null,"review_note":null,"review_status":null,"has_mask":false},"geometry":{"type":"Polygon","coordinates":[[[630220.8,5219225.6],[630272,5219225.6],[630272,5219276.8],[630220.8,5219276.8],[630220.8,5219225.6]]]}},{"type":"Feature","properties":{"tile":"siret3_r038_c025","status":"no_vineyard","n_rows":0,"n_canopies":0,"n_interrows":0,"n_waste":0,"veg_frac":null,"nodata_frac":null,"review_priority":null,"review_note":null,"review_status":null,"has_mask":false},"geometry":{"type":"Polygon","coordinates":[[[630272,5219225.6],[630323.2,5219225.6],[630323.2,5219276.8],[630272,5219276.8],[630272,5219225.6]]]}},{"type":"Feature","properties":{"tile":"siret3_r039_c023","status":"no_vineyard","n_rows":0,"n_canopies":0,"n_interrows":0,"n_waste":0,"veg_frac":null,"nodata_frac":null,"review_priority":null,"review_note":null,"review_status":null,"has_mask":false},"geometry":{"type":"Polygon","coordinates":[[[630169.6,5219174.4],[630220.8,5219174.4],[630220.8,5219225.6],[630169.6,5219225.6],[630169.6,5219174.4]]]}}]}